episode,step,time_s,u1_rpm,u2_rpm,u3_rpm,u4_rpm,du1_rpm,du2_rpm,du3_rpm,du4_rpm
1,0,0.0,5067.185424268246,9109.009504318237,9948.541224002838,7787.066102027893,0.0,0.0,0.0,0.0
1,1,0.01,5540.022850036621,8963.792622089386,9890.695810317993,8038.181364536285,472.8374257683754,-145.21688222885132,-57.84541368484497,251.11526250839233
1,2,0.02,6306.919604539871,8869.588077068329,9897.058308124542,8283.012509346008,766.8967545032501,-94.20454502105713,6.362497806549072,244.8311448097229
1,3,0.03,6913.941651582718,8741.112053394318,9923.485815525055,8486.685454845428,607.0220470428467,-128.47602367401123,26.427507400512695,203.67294549942017
1,4,0.04,7521.664500236511,8664.154708385468,9910.140931606293,8667.81860589981,607.7228486537933,-76.9573450088501,-13.344883918762207,181.13315105438232
1,5,0.05,7999.626994132996,8679.041862487793,9570.27405500412,8865.757286548615,477.9624938964844,14.88715410232544,-339.86687660217285,197.9386806488037
1,6,0.06,8403.378427028656,8711.782991886139,9143.33164691925,8967.147171497345,403.7514328956604,32.74112939834595,-426.9424080848694,101.38988494873047
1,7,0.07,8823.316991329193,8732.927739620209,8799.715042114258,9063.275158405304,419.9385643005371,21.144747734069824,-343.6166048049927,96.12798690795898
1,8,0.08,9209.553003311157,8755.901455879211,8486.94384098053,9149.341583251953,386.2360119819641,22.973716259002686,-312.771201133728,86.06642484664917
1,9,0.09,9528.783559799194,8802.465796470642,8310.542106628418,9222.225844860077,319.2305564880371,46.564340591430664,-176.40173435211182,72.88426160812378
1,10,0.1,9743.81536245346,8848.466873168945,8187.987506389618,9269.604980945587,215.03180265426636,46.00107669830322,-122.55460023880005,47.379136085510254
1,11,0.11,9890.450835227966,8896.211683750153,8123.156130313873,9289.149343967438,146.63547277450562,47.744810581207275,-64.83137607574463,19.544363021850586
1,12,0.12,9979.086220264435,8928.782939910889,8113.878667354584,9286.171793937683,88.6353850364685,32.571256160736084,-9.27746295928955,-2.9775500297546387
1,13,0.13,10000.0,8945.134580135345,8119.535148143768,9258.39900970459,20.913779735565186,16.351640224456787,5.65648078918457,-27.77278423309326
1,14,0.14,10000.0,8960.022330284119,8139.802515506744,9219.650328159332,0.0,14.887750148773193,20.267367362976074,-38.74868154525757
1,15,0.15,9995.759129524231,8976.683616638184,8177.999556064606,9180.674254894257,-4.240870475769043,16.66128635406494,38.19704055786133,-38.976073265075684
1,16,0.16,9975.625276565552,8999.677300453186,8229.308128356934,9149.577915668488,-20.1338529586792,22.99368381500244,51.30857229232788,-31.096339225769043
1,17,0.17,9931.12027645111,9019.598960876465,8287.297487258911,9114.110469818115,-44.50500011444092,19.92166042327881,57.98935890197754,-35.467445850372314
1,18,0.18,9858.814477920532,9042.019546031952,8354.9302816391,9073.366522789001,-72.30579853057861,22.42058515548706,67.63279438018799,-40.74394702911377
1,19,0.19,9746.031761169434,9060.095846652985,8426.714539527893,9045.757353305817,-112.78271675109863,18.076300621032715,71.78425788879395,-27.609169483184814
1,20,0.2,9593.469202518463,9067.022800445557,8499.67896938324,9022.438824176788,-152.56255865097046,6.9269537925720215,72.96442985534668,-23.31852912902832
1,21,0.21,9438.655078411102,9070.425927639008,8582.007884979248,9003.075659275055,-154.81412410736084,3.4031271934509277,82.3289155960083,-19.3631649017334
1,22,0.22,9323.188066482544,9086.938798427582,8711.533546447754,8986.612260341644,-115.46701192855835,16.51287078857422,129.52566146850586,-16.463398933410645
1,23,0.23,9196.231663227081,9084.36506986618,8820.546865463257,8968.856632709503,-126.95640325546265,-2.573728561401367,109.01331901550293,-17.755627632141113
1,24,0.24,9059.651494026184,9077.145457267761,8917.953670024872,8932.580649852753,-136.58016920089722,-7.2196125984191895,97.40680456161499,-36.27598285675049
1,25,0.25,8940.996527671814,9066.860377788544,8990.821540355682,8892.317712306976,-118.65496635437012,-10.28507947921753,72.86787033081055,-40.26293754577637
1,26,0.26,8873.792886734009,9052.356779575348,9017.958641052246,8856.147229671478,-67.20364093780518,-14.5035982131958,27.13710069656372,-36.17048263549805
1,27,0.27,8811.612129211426,9026.60220861435,9042.7565574646,8820.355534553528,-62.18075752258301,-25.754570960998535,24.797916412353516,-35.79169511795044
1,28,0.28,8759.28819179535,8991.49775505066,9054.662585258484,8788.968324661255,-52.32393741607666,-35.104453563690186,11.906027793884277,-31.38720989227295
1,29,0.29,8707.56983757019,8954.68920469284,9053.74825000763,8761.773109436035,-51.71835422515869,-36.8085503578186,-0.9143352508544922,-27.195215225219727
1,30,0.3,8660.807311534882,8918.311297893524,9036.495387554169,8740.13215303421,-46.76252603530884,-36.377906799316406,-17.252862453460693,-21.64095640182495
1,31,0.31,8619.998693466187,8876.555562019348,9014.202654361725,8722.395300865173,-40.80861806869507,-41.755735874176025,-22.292733192443848,-17.736852169036865
1,32,0.32,8579.18530702591,8849.778175354004,9008.518755435944,8703.362047672272,-40.8133864402771,-26.77738666534424,-5.68389892578125,-19.03325319290161
1,33,0.33,8543.280065059662,8825.460076332092,9002.827107906342,8685.848712921143,-35.90524196624756,-24.31809902191162,-5.691647529602051,-17.51333475112915
1,34,0.34,8515.322804450989,8802.514970302582,8993.276059627533,8670.61734199524,-27.957260608673096,-22.945106029510498,-9.551048278808594,-15.23137092590332
1,35,0.35000000000000003,8490.211963653564,8782.503604888916,8984.283804893494,8658.879101276398,-25.110840797424316,-20.01136541366577,-8.992254734039307,-11.738240718841553
1,36,0.36,8466.23957157135,8762.472569942474,8974.207639694214,8648.317754268646,-23.972392082214355,-20.03103494644165,-10.076165199279785,-10.561347007751465
1,37,0.37,8444.070219993591,8741.998374462128,8961.924016475677,8637.699782848358,-22.16935157775879,-20.47419548034668,-12.283623218536377,-10.617971420288086
1,38,0.38,8423.467576503754,8721.352219581604,8948.226273059845,8627.052009105682,-20.602643489837646,-20.64615488052368,-13.69774341583252,-10.647773742675781
1,39,0.39,8403.372764587402,8701.212406158447,8933.195769786835,8617.169559001923,-20.09481191635132,-20.13981342315674,-15.030503273010254,-9.882450103759766
1,40,0.4,8382.814824581146,8681.271374225616,8917.610347270966,8606.399595737457,-20.557940006256104,-19.94103193283081,-15.58542251586914,-10.769963264465332
1,41,0.41000000000000003,8360.982537269592,8661.768734455109,8901.20804309845,8594.619631767273,-21.832287311553955,-19.502639770507812,-16.40230417251587,-11.779963970184326
1,42,0.42,8339.555561542511,8642.390370368958,8884.109258651733,8582.233786582947,-21.4269757270813,-19.378364086151123,-17.09878444671631,-12.385845184326172
1,43,0.43,8318.63284111023,8623.215556144714,8866.086304187775,8569.53740119934,-20.922720432281494,-19.174814224243164,-18.02295446395874,-12.696385383605957
1,44,0.44,8297.90860414505,8604.583740234375,8849.599063396454,8556.620478630066,-20.724236965179443,-18.631815910339355,-16.4872407913208,-12.916922569274902
1,45,0.45,8276.782631874084,8585.707247257233,8833.903074264526,8543.533682823181,-21.125972270965576,-18.876492977142334,-15.69598913192749,-13.086795806884766
1,46,0.46,8257.156014442444,8567.21580028534,8819.156289100647,8530.365526676178,-19.626617431640625,-18.49144697189331,-14.746785163879395,-13.168156147003174
1,47,0.47000000000000003,8238.095045089722,8549.138903617859,8804.997503757477,8517.17233657837,-19.060969352722168,-18.07689666748047,-14.158785343170166,-13.193190097808838
1,48,0.48,8218.647539615631,8531.549572944641,8791.320323944092,8504.405617713928,-19.447505474090576,-17.589330673217773,-13.67717981338501,-12.766718864440918
1,49,0.49,8198.736608028412,8514.066636562347,8778.506517410278,8491.658568382263,-19.91093158721924,-17.4829363822937,-12.813806533813477,-12.747049331665039
1,50,0.5,8178.746402263641,8496.663868427277,8766.235709190369,8479.115664958954,-19.990205764770508,-17.4027681350708,-12.270808219909668,-12.542903423309326
1,51,0.51,8159.13051366806,8479.815125465393,8754.44620847702,8467.152714729309,-19.615888595581055,-16.848742961883545,-11.789500713348389,-11.962950229644775
1,52,0.52,8140.51479101181,8462.26304769516,8743.104934692383,8454.7820687294,-18.61572265625,-17.552077770233154,-11.341273784637451,-12.370645999908447
1,53,0.53,8122.609853744507,8445.085287094116,8732.907176017761,8442.060947418213,-17.904937267303467,-17.1777606010437,-10.197758674621582,-12.721121311187744
1,54,0.54,8104.875981807709,8428.429365158081,8722.79554605484,8428.799211978912,-17.733871936798096,-16.655921936035156,-10.111629962921143,-13.261735439300537
1,55,0.55,8087.195456027985,8412.276804447174,8712.420165538788,8414.919972419739,-17.68052577972412,-16.152560710906982,-10.375380516052246,-13.879239559173584
1,56,0.56,8069.572150707245,8395.930528640747,8701.647818088531,8400.572538375854,-17.623305320739746,-16.346275806427002,-10.772347450256348,-14.347434043884277
1,57,0.5700000000000001,8052.130043506622,8379.690945148468,8690.920174121857,8385.900855064392,-17.44210720062256,-16.239583492279053,-10.727643966674805,-14.671683311462402
1,58,0.58,8034.920692443848,8364.074230194092,8680.26226758957,8371.100723743439,-17.209351062774658,-15.61671495437622,-10.657906532287598,-14.80013132095337
1,59,0.59,8018.147051334381,8349.19810295105,8669.93397474289,8356.409072875977,-16.773641109466553,-14.876127243041992,-10.328292846679688,-14.691650867462158
1,60,0.6,8001.39993429184,8334.906697273254,8659.598231315613,8341.419994831085,-16.747117042541504,-14.29140567779541,-10.335743427276611,-14.989078044891357
1,61,0.61,7984.66831445694,8320.951461791992,8649.145662784576,8326.2500166893,-16.731619834899902,-13.955235481262207,-10.452568531036377,-15.169978141784668
1,62,0.62,7968.082427978516,8307.102024555206,8638.806343078613,8311.06424331665,-16.585886478424072,-13.849437236785889,-10.339319705963135,-15.185773372650146
1,63,0.63,7951.786518096924,8293.157517910004,8627.751767635345,8295.859098434448,-16.295909881591797,-13.944506645202637,-11.054575443267822,-15.205144882202148
1,64,0.64,7935.50968170166,8279.560506343842,8616.384863853455,8280.737698078156,-16.276836395263672,-13.59701156616211,-11.36690378189087,-15.121400356292725
1,65,0.65,7919.41910982132,8266.090154647827,8604.806959629059,8265.644013881683,-16.090571880340576,-13.470351696014404,-11.577904224395752,-15.093684196472168
1,66,0.66,7903.11336517334,8252.526223659515,8592.868447303772,8250.135481357574,-16.305744647979736,-13.563930988311768,-11.938512325286865,-15.508532524108887
1,67,0.67,7886.857390403748,8239.531517028809,8580.901324748993,8234.327137470245,-16.255974769592285,-12.994706630706787,-11.967122554779053,-15.808343887329102
1,68,0.68,7870.713770389557,8226.709067821503,8568.950891494751,8218.621611595154,-16.143620014190674,-12.822449207305908,-11.950433254241943,-15.705525875091553
1,69,0.6900000000000001,7854.721248149872,8214.094042778015,8556.90747499466,8203.155994415283,-15.992522239685059,-12.615025043487549,-12.043416500091553,-15.465617179870605
1,70,0.7000000000000001,7838.779985904694,8201.907575130463,8545.004725456238,8187.805414199829,-15.941262245178223,-12.18646764755249,-11.90274953842163,-15.350580215454102
1,71,0.71,7822.800576686859,8190.431892871857,8533.370196819305,8172.878324985504,-15.979409217834473,-11.475682258605957,-11.634528636932373,-14.927089214324951
1,72,0.72,7806.844413280487,8179.478049278259,8521.675169467926,8158.056437969208,-15.95616340637207,-10.953843593597412,-11.695027351379395,-14.821887016296387
1,73,0.73,7790.956199169159,8168.8448786735535,8509.905636310577,8143.387138843536,-15.888214111328125,-10.63317060470581,-11.769533157348633,-14.669299125671387
1,74,0.74,7775.450944900513,8158.077895641327,8497.94328212738,8128.9538741111755,-15.50525426864624,-10.766983032226562,-11.962354183197021,-14.43326473236084
1,75,0.75,7760.123014450073,8147.296905517578,8484.330475330353,8114.415109157562,-15.327930450439453,-10.78099012374878,-13.612806797027588,-14.538764953613281
1,76,0.76,7745.493948459625,8136.686086654663,8470.401167869568,8099.670708179474,-14.629065990447998,-10.610818862915039,-13.929307460784912,-14.744400978088379
1,77,0.77,7730.552852153778,8125.979900360107,8455.56527376175,8083.972632884979,-14.941096305847168,-10.706186294555664,-14.835894107818604,-15.698075294494629
1,78,0.78,7715.26575088501,8114.733994007111,8439.835608005524,8067.8752064704895,-15.28710126876831,-11.245906352996826,-15.729665756225586,-16.097426414489746
1,79,0.79,7699.671983718872,8102.849125862122,8423.726856708527,8052.386939525604,-15.593767166137695,-11.884868144989014,-16.10875129699707,-15.488266944885254
1,80,0.8,7683.845162391663,8090.730905532837,8406.799733638763,8037.147223949432,-15.826821327209473,-12.118220329284668,-16.927123069763184,-15.239715576171875
1,81,0.81,7668.430507183075,8078.936338424683,8389.388024806976,8022.458255290985,-15.414655208587646,-11.794567108154297,-17.41170883178711,-14.688968658447266
1,82,0.8200000000000001,7652.876079082489,8066.801130771637,8372.012376785278,8008.0923438072205,-15.554428100585938,-12.135207653045654,-17.375648021697998,-14.365911483764648
1,83,0.8300000000000001,7637.262940406799,8054.006993770599,8354.316353797913,7994.15796995163,-15.613138675689697,-12.794137001037598,-17.696022987365723,-13.93437385559082
1,84,0.84,7621.4247941970825,8040.2180552482605,8335.969746112823,7980.814874172211,-15.838146209716797,-13.788938522338867,-18.34660768508911,-13.343095779418945
1,85,0.85,7604.805827140808,8026.089668273926,8317.981660366058,7967.956066131592,-16.618967056274414,-14.128386974334717,-17.988085746765137,-12.858808040618896
1,86,0.86,7587.539851665497,8011.724352836609,8300.14556646347,7955.428659915924,-17.26597547531128,-14.365315437316895,-17.83609390258789,-12.527406215667725
1,87,0.87,7570.098042488098,7996.955513954163,8282.251358032227,7943.070828914642,-17.44180917739868,-14.768838882446289,-17.894208431243896,-12.357831001281738
1,88,0.88,7551.584839820862,7980.792224407196,8265.491724014282,7930.364608764648,-18.513202667236328,-16.163289546966553,-16.759634017944336,-12.706220149993896
1,89,0.89,7532.216012477875,7963.639497756958,8249.25422668457,7917.1112179756165,-19.36882734298706,-17.152726650238037,-16.237497329711914,-13.253390789031982
1,90,0.9,7511.414587497711,7945.985794067383,8233.367204666138,7903.614342212677,-20.801424980163574,-17.653703689575195,-15.887022018432617,-13.496875762939453
1,91,0.91,7490.020990371704,7929.273843765259,8220.437169075012,7890.213429927826,-21.39359712600708,-16.711950302124023,-12.930035591125488,-13.400912284851074
1,92,0.92,7469.2103266716,7910.521924495697,8208.469450473785,7878.944873809814,-20.81066370010376,-18.751919269561768,-11.967718601226807,-11.268556118011475
1,93,0.93,7449.929118156433,7890.514135360718,8197.146356105804,7867.975234985352,-19.281208515167236,-20.007789134979248,-11.323094367980957,-10.96963882446289
1,94,0.9400000000000001,7431.2567710876465,7868.740260601044,8187.053501605988,7857.745885848999,-18.67234706878662,-21.773874759674072,-10.092854499816895,-10.229349136352539
1,95,0.9500000000000001,7412.574142217636,7846.711277961731,8177.826404571533,7848.213315010071,-18.682628870010376,-22.028982639312744,-9.227097034454346,-9.532570838928223
1,96,0.96,7393.1171000003815,7822.445333003998,8168.3894991874695,7838.712632656097,-19.45704221725464,-24.265944957733154,-9.43690538406372,-9.500682353973389
1,97,0.97,7373.083978891373,7796.3292598724365,8158.489763736725,7829.256355762482,-20.03312110900879,-26.11607313156128,-9.899735450744629,-9.456276893615723
1,98,0.98,7353.553771972656,7770.622670650482,8149.113655090332,7819.902002811432,-19.53020691871643,-25.706589221954346,-9.376108646392822,-9.354352951049805
1,99,0.99,7333.48473906517,7745.302319526672,8139.989078044891,7810.636758804321,-20.069032907485962,-25.320351123809814,-9.124577045440674,-9.265244007110596
1,100,1.0,7315.831631422043,7721.429765224457,8131.377398967743,7801.142036914825,-17.65310764312744,-23.872554302215576,-8.611679077148438,-9.49472188949585
1,101,1.01,7300.631254911423,7699.50270652771,8123.910129070282,7792.140245437622,-15.200376510620117,-21.927058696746826,-7.4672698974609375,-9.00179147720337
1,102,1.02,7287.195771932602,7679.524123668671,8115.9308552742,7783.273756504059,-13.4354829788208,-19.978582859039307,-7.979273796081543,-8.866488933563232
1,103,1.03,7277.248799800873,7662.44649887085,8106.895387172699,7773.82493019104,-9.946972131729126,-17.077624797821045,-9.035468101501465,-9.448826313018799
1,104,1.04,7269.9350118637085,7649.0578055381775,8098.653256893158,7761.621475219727,-7.313787937164307,-13.38869333267212,-8.242130279541016,-12.203454971313477
1,105,1.05,7264.220267534256,7636.452317237854,8089.6857380867,7747.273743152618,-5.714744329452515,-12.605488300323486,-8.96751880645752,-14.347732067108154
1,106,1.06,7258.542031049728,7622.576057910919,8080.001175403595,7731.4019203186035,-5.678236484527588,-13.876259326934814,-9.684562683105469,-15.871822834014893
1,107,1.07,7257.060110569,7610.340416431427,8071.739375591278,7715.171575546265,-1.4819204807281494,-12.235641479492188,-8.261799812316895,-16.230344772338867
1,108,1.08,7258.191704750061,7599.098980426788,8062.834143638611,7698.189318180084,1.131594181060791,-11.241436004638672,-8.905231952667236,-16.98225736618042
1,109,1.09,7259.447425603867,7586.3683223724365,8053.319752216339,7681.611478328705,1.255720853805542,-12.730658054351807,-9.514391422271729,-16.577839851379395
1,110,1.1,7261.579483747482,7573.912739753723,8042.914867401123,7664.1228795051575,2.1320581436157227,-12.455582618713379,-10.404884815216064,-17.488598823547363
1,111,1.11,7264.860719442368,7562.332451343536,8031.719028949738,7645.5047726631165,3.281235694885254,-11.580288410186768,-11.195838451385498,-18.618106842041016
1,112,1.12,7268.555462360382,7552.092373371124,8019.91730928421,7625.608742237091,3.6947429180145264,-10.24007797241211,-11.801719665527344,-19.89603042602539
1,113,1.1300000000000001,7272.982746362686,7543.703615665436,8006.905019283295,7605.012655258179,4.427284002304077,-8.388757705688477,-13.012290000915527,-20.596086978912354
1,114,1.1400000000000001,7276.845276355743,7538.280487060547,7993.670403957367,7584.103047847748,3.862529993057251,-5.423128604888916,-13.234615325927734,-20.909607410430908
1,115,1.1500000000000001,7281.228303909302,7534.846663475037,7979.831695556641,7562.301456928253,4.38302755355835,-3.433823585510254,-13.838708400726318,-21.80159091949463
1,116,1.16,7286.777645349503,7532.391250133514,7965.238392353058,7538.947761058807,5.549341440200806,-2.455413341522217,-14.593303203582764,-23.3536958694458
1,117,1.17,7294.755429029465,7532.112002372742,7950.115501880646,7513.843774795532,7.977783679962158,-0.2792477607727051,-15.12289047241211,-25.103986263275146
1,118,1.18,7303.514629602432,7534.205317497253,7935.052216053009,7488.163262605667,8.75920057296753,2.0933151245117188,-15.063285827636719,-25.680512189865112
1,119,1.19,7313.262373209,7537.135183811188,7920.70746421814,7461.594194173813,9.747743606567383,2.929866313934326,-14.344751834869385,-26.569068431854248
1,120,1.2,7323.61376285553,7540.074586868286,7907.629609107971,7433.136999607086,10.351389646530151,2.9394030570983887,-13.077855110168457,-28.457194566726685
1,121,1.21,7333.628237247467,7543.792426586151,7895.569205284119,7404.773384332657,10.014474391937256,3.7178397178649902,-12.060403823852539,-28.36361527442932
1,122,1.22,7343.105524778366,7548.211514949799,7884.033918380737,7376.946061849594,9.477287530899048,4.419088363647461,-11.535286903381348,-27.827322483062744
1,123,1.23,7350.614219903946,7553.651332855225,7873.43829870224,7348.970025777817,7.508695125579834,5.439817905426025,-10.595619678497314,-27.976036071777344
1,124,1.24,7357.120364904404,7560.29486656189,7865.326106548309,7321.634739637375,6.506145000457764,6.643533706665039,-8.112192153930664,-27.335286140441895
1,125,1.25,7363.578230142593,7567.223608493805,7859.073579311371,7295.6545650959015,6.457865238189697,6.928741931915283,-6.252527236938477,-25.98017454147339
1,126,1.26,7371.238023042679,7574.6288895606995,7855.19540309906,7271.60707116127,7.659792900085449,7.405281066894531,-3.878176212310791,-24.047493934631348
1,127,1.27,7379.034161567688,7581.703960895538,7852.945327758789,7249.216735363007,7.796138525009155,7.075071334838867,-2.250075340270996,-22.39033579826355
1,128,1.28,7386.41694188118,7589.466869831085,7852.305769920349,7225.285768508911,7.382780313491821,7.762908935546875,-0.6395578384399414,-23.93096685409546
1,129,1.29,7392.517924308777,7597.759962081909,7854.028344154358,7201.327830553055,6.100982427597046,8.293092250823975,1.722574234008789,-23.957937955856323
1,130,1.3,7398.681789636612,7606.033384799957,7857.072949409485,7178.557813167572,6.163865327835083,8.273422718048096,3.044605255126953,-22.770017385482788
1,131,1.31,7405.300885438919,7615.286409854889,7858.398258686066,7156.2835574150085,6.619095802307129,9.25302505493164,1.3253092765808105,-22.274255752563477
1,132,1.32,7411.590665578842,7626.809179782867,7859.966456890106,7132.954001426697,6.289780139923096,11.522769927978516,1.5681982040405273,-23.329555988311768
1,133,1.33,7415.87907075882,7638.804018497467,7861.629128456116,7108.418792486191,4.288405179977417,11.99483871459961,1.6626715660095215,-24.53520894050598
1,134,1.34,7419.3693697452545,7649.989128112793,7863.35676908493,7084.297686815262,3.4902989864349365,11.185109615325928,1.7276406288146973,-24.121105670928955
1,135,1.35,7423.442006111145,7660.7465744018555,7864.848375320435,7061.77219748497,4.072636365890503,10.7574462890625,1.4916062355041504,-22.525489330291748
1,136,1.36,7429.390251636505,7669.0104603767395,7867.663204669952,7041.288465261459,5.948245525360107,8.263885974884033,2.8148293495178223,-20.483732223510742
1,137,1.37,7434.88609790802,7679.054439067841,7870.772182941437,7023.082673549652,5.495846271514893,10.043978691101074,3.108978271484375,-18.20579171180725
1,138,1.3800000000000001,7441.837042570114,7685.882747173309,7871.794700622559,7008.983492851257,6.950944662094116,6.82830810546875,1.0225176811218262,-14.099180698394775
1,139,1.3900000000000001,7447.860836982727,7688.578963279724,7868.693172931671,6994.88952755928,6.023794412612915,2.696216106414795,-3.101527690887451,-14.093965291976929
1,140,1.4000000000000001,7453.078180551529,7686.432301998138,7864.121496677399,6981.900185346603,5.21734356880188,-2.1466612815856934,-4.571676254272461,-12.989342212677002
1,141,1.41,7458.345144987106,7679.483890533447,7858.3478927612305,6972.949951887131,5.266964435577393,-6.948411464691162,-5.773603916168213,-8.950233459472656
1,142,1.42,7469.004541635513,7664.108574390411,7850.0911593437195,6966.707110404968,10.659396648406982,-15.375316143035889,-8.256733417510986,-6.242841482162476
1,143,1.43,7474.932819604874,7639.033198356628,7844.519913196564,6966.729313135147,5.928277969360352,-25.07537603378296,-5.571246147155762,0.022202730178833008
1,144,1.44,7479.185909032822,7607.941627502441,7838.261425495148,6979.703009128571,4.253089427947998,-31.09157085418701,-6.258487701416016,12.973695993423462
1,145,1.45,7478.199005126953,7564.017772674561,7837.321758270264,7010.5524361133575,-0.9869039058685303,-43.92385482788086,-0.9396672248840332,30.849426984786987
1,146,1.46,7471.621930599213,7514.510452747345,7834.1275453567505,7042.581588029861,-6.5770745277404785,-49.507319927215576,-3.1942129135131836,32.029151916503906
1,147,1.47,7472.370266914368,7466.217428445816,7827.521562576294,7075.620889663696,0.7483363151550293,-48.29302430152893,-6.605982780456543,33.03930163383484
1,148,1.48,7485.126256942749,7420.993447303772,7810.947895050049,7119.234949350357,12.755990028381348,-45.22398114204407,-16.573667526245117,43.61405968666077
1,149,1.49,7502.433359622955,7380.242347717285,7783.3738923072815,7175.295054912567,17.3071026802063,-40.751099586486816,-27.574002742767334,56.06010556221008
1,150,1.5,7527.267038822174,7323.115170001984,7743.919491767883,7248.594164848328,24.83367919921875,-57.127177715301514,-39.45440053939819,73.2991099357605
1,151,1.51,7559.348940849304,7252.0118951797485,7700.356245040894,7336.650639772415,32.08190202713013,-71.10327482223511,-43.563246726989746,88.05647492408752
1,152,1.52,7603.207230567932,7171.859592199326,7642.369270324707,7448.884397745132,43.85828971862793,-80.15230298042297,-57.98697471618652,112.23375797271729
1,153,1.53,7659.644186496735,7091.7922258377075,7581.107318401337,7577.698528766632,56.43695592880249,-80.06736636161804,-61.26195192337036,128.81413102149963
1,154,1.54,7717.339992523193,7028.663456439972,7527.883350849152,7699.889242649078,57.69580602645874,-63.128769397735596,-53.22396755218506,122.19071388244629
1,155,1.55,7759.81605052948,6963.10967206955,7477.5707721710205,7825.987637042999,42.47605800628662,-65.55378437042236,-50.3125786781311,126.0983943939209
1,156,1.56,7799.399793148041,6909.960508346558,7430.467903614044,7960.926294326782,39.58374261856079,-53.14916372299194,-47.10286855697632,134.93865728378296
1,157,1.57,7842.093706130981,6869.719177484512,7396.8952894210815,8086.473047733307,42.693912982940674,-40.24133086204529,-33.57261419296265,125.54675340652466
1,158,1.58,7892.008721828461,6829.2467296123505,7375.8383095264435,8217.101097106934,49.91501569747925,-40.472447872161865,-21.05697989463806,130.6280493736267
1,159,1.59,7942.627966403961,6808.671802282333,7366.511225700378,8335.660099983215,50.61924457550049,-20.57492733001709,-9.327083826065063,118.55900287628174
1,160,1.6,7977.407276630402,6796.405613422394,7375.161498785019,8429.00812625885,34.77931022644043,-12.266188859939575,8.650273084640503,93.34802627563477
1,161,1.61,7996.655702590942,6805.661618709564,7398.491650819778,8511.143326759338,19.24842596054077,9.25600528717041,23.33015203475952,82.13520050048828
1,162,1.62,8005.400002002716,6824.1579830646515,7448.527365922928,8595.157265663147,8.744299411773682,18.49636435508728,50.035715103149414,84.0139389038086
1,163,1.6300000000000001,7993.274033069611,6870.244741439819,7516.604363918304,8670.359551906586,-12.125968933105469,46.08675837516785,68.07699799537659,75.20228624343872
1,164,1.6400000000000001,7987.024784088135,6953.276693820953,7665.301859378815,8736.408054828644,-6.24924898147583,83.03195238113403,148.69749546051025,66.0485029220581
1,165,1.6500000000000001,8003.859221935272,7075.301557779312,7813.172936439514,8764.45084810257,16.83443784713745,122.02486395835876,147.87107706069946,28.04279327392578
1,166,1.6600000000000001,8074.680268764496,7219.003736972809,7982.409596443176,8806.679546833038,70.82104682922363,143.7021791934967,169.2366600036621,42.22869873046875
1,167,1.67,8063.25763463974,7423.927485942841,8174.352943897247,8810.240626335144,-11.42263412475586,204.92374897003174,191.94334745407104,3.561079502105713
1,168,1.68,7996.143698692322,7655.689120292664,8322.500586509705,8750.040233135223,-67.11393594741821,231.761634349823,148.14764261245728,-60.200393199920654
1,169,1.69,7935.5016350746155,7910.057902336121,8438.265323638916,8528.069853782654,-60.6420636177063,254.36878204345703,115.76473712921143,-221.97037935256958
1,170,1.7,7933.371663093567,8061.298429965973,8451.025485992432,8460.728824138641,-2.129971981048584,151.2405276298523,12.760162353515625,-67.34102964401245
1,171,1.71,7956.985533237457,8159.801065921783,8504.39965724945,8440.011143684387,23.61387014389038,98.50263595581055,53.37417125701904,-20.71768045425415
1,172,1.72,7968.2764410972595,8251.436948776245,8560.706079006195,8406.490087509155,11.290907859802246,91.63588285446167,56.306421756744385,-33.521056175231934
1,173,1.73,7958.2226276397705,8326.099216938019,8612.488806247711,8370.23377418518,-10.053813457489014,74.66226816177368,51.78272724151611,-36.25631332397461
1,174,1.74,7946.865558624268,8400.412201881409,8665.730655193329,8322.404325008392,-11.35706901550293,74.31298494338989,53.241848945617676,-47.82944917678833
1,175,1.75,7930.985391139984,8480.251133441925,8693.904280662537,8248.899579048157,-15.880167484283447,79.83893156051636,28.173625469207764,-73.5047459602356
1,176,1.76,7897.152006626129,8567.54183769226,8719.484508037567,8158.985078334808,-33.83338451385498,87.2907042503357,25.580227375030518,-89.91450071334839
1,177,1.77,7869.133949279785,8657.792210578918,8742.498457431793,8079.979121685028,-28.018057346343994,90.25037288665771,23.013949394226074,-79.00595664978027
1,178,1.78,7845.427095890045,8750.58799982071,8775.278925895691,8024.755120277405,-23.70685338973999,92.79578924179077,32.780468463897705,-55.22400140762329
1,179,1.79,7829.314470291138,8837.726712226868,8803.641498088837,7980.0039529800415,-16.11262559890747,87.13871240615845,28.362572193145752,-44.75116729736328
1,180,1.8,7816.554307937622,8922.212719917297,8828.590214252472,7944.955825805664,-12.760162353515625,84.48600769042969,24.948716163635254,-35.04812717437744
1,181,1.81,7813.394367694855,9014.349579811096,8856.101036071777,7908.235490322113,-3.159940242767334,92.13685989379883,27.51082181930542,-36.720335483551025
1,182,1.82,7819.083333015442,9098.163545131683,8883.441090583801,7868.202030658722,5.688965320587158,83.81396532058716,27.340054512023926,-40.03345966339111
1,183,1.83,7832.565009593964,9169.041514396667,8900.32410621643,7830.706536769867,13.481676578521729,70.87796926498413,16.883015632629395,-37.49549388885498
1,184,1.84,7858.986258506775,9220.961332321167,8906.508088111877,7795.913517475128,26.42124891281128,51.91981792449951,6.183981895446777,-34.79301929473877
1,185,1.85,7889.302670955658,9261.531829833984,8900.061845779419,7786.270081996918,30.316412448883057,40.57049751281738,-6.446242332458496,-9.64343547821045
1,186,1.86,7920.693755149841,9275.367558002472,8872.66755104065,7795.557677745819,31.39108419418335,13.835728168487549,-27.39429473876953,9.287595748901367
1,187,1.87,7955.990135669708,9248.23373556137,8835.698962211609,7817.027568817139,35.29638051986694,-27.133822441101074,-36.96858882904053,21.46989107131958
1,188,1.8800000000000001,8017.36444234848,9192.704856395721,8766.059279441833,7853.506505489349,61.37430667877197,-55.528879165649414,-69.63968276977539,36.47893667221069
1,189,1.8900000000000001,8098.973333835602,9127.852618694305,8679.180145263672,7892.557680606842,81.60889148712158,-64.85223770141602,-86.87913417816162,39.051175117492676
1,190,1.9000000000000001,8206.959962844849,9060.820043087006,8593.650162220001,7947.395145893097,107.98662900924683,-67.0325756072998,-85.52998304367065,54.83746528625488
1,191,1.9100000000000001,8302.450180053711,8976.502120494843,8488.726317882538,7988.223135471344,95.4902172088623,-84.31792259216309,-104.92384433746338,40.82798957824707
1,192,1.92,8416.926562786102,8828.337788581848,8286.241292953491,8025.537729263306,114.47638273239136,-148.16433191299438,-202.48502492904663,37.31459379196167
1,193,1.93,8584.453761577606,8626.163899898529,8015.135824680328,8096.951246261597,167.5271987915039,-202.1738886833191,-271.10546827316284,71.41351699829102
1,194,1.94,8732.161521911621,8428.176045417786,7764.1841769218445,8181.818723678589,147.7077603340149,-197.9878544807434,-250.9516477584839,84.86747741699219
1,195,1.95,8861.178755760193,8171.947002410889,7525.675296783447,8299.219906330109,129.01723384857178,-256.229043006897,-238.50888013839722,117.40118265151978
1,196,1.96,8993.97075176239,7942.490875720978,7292.283624410629,8417.407274246216,132.79199600219727,-229.4561266899109,-233.391672372818,118.18736791610718
1,197,1.97,9151.541590690613,7689.519226551056,7051.241546869278,8546.47010564804,157.57083892822266,-252.97164916992188,-241.04207754135132,129.06283140182495
1,198,1.98,9270.061552524567,7433.241903781891,6829.832345247269,8706.532716751099,118.51996183395386,-256.27732276916504,-221.40920162200928,160.06261110305786
1,199,1.99,9335.879385471344,7184.419333934784,6623.874008655548,8890.66070318222,65.81783294677734,-248.82256984710693,-205.95833659172058,184.12798643112183
1,200,2.0,9269.555509090424,6974.609196186066,6533.701121807098,9075.652956962585,-66.32387638092041,-209.81013774871826,-90.1728868484497,184.992253780365
1,201,2.0100000000000002,9089.85435962677,6783.380061388016,6589.418202638626,9211.483895778656,-179.70114946365356,-191.22913479804993,55.71708083152771,135.83093881607056
1,202,2.02,8882.827460765839,6642.7817940711975,6664.456725120544,9278.939366340637,-207.0268988609314,-140.59826731681824,75.03852248191833,67.4554705619812
1,203,2.0300000000000002,8706.02399110794,6527.487337589264,6754.335314035416,9281.217455863953,-176.80346965789795,-115.2944564819336,89.87858891487122,2.2780895233154297
1,204,2.04,8332.376778125763,6390.712112188339,7108.9328825473785,9113.225936889648,-373.64721298217773,-136.77522540092468,354.5975685119629,-167.9915189743042
1,205,2.05,6591.962277889252,6644.13258433342,8473.240733146667,8453.735411167145,-1740.4145002365112,253.42047214508057,1364.307850599289,-659.4905257225037
1,206,2.06,5630.672425031662,7961.094081401825,9389.106333255768,6885.613054037094,-961.2898528575897,1316.9614970684052,915.8656001091003,-1568.1223571300507
1,207,2.07,6858.9358031749725,8306.23596906662,8623.641431331635,6722.18382358551,1228.2633781433105,345.1418876647949,-765.4649019241333,-163.42923045158386
1,208,2.08,7323.6627876758575,7996.795177459717,8312.286138534546,7291.831523180008,464.726984500885,-309.4407916069031,-311.3552927970886,569.6476995944977
1,209,2.09,7447.55357503891,7887.0004415512085,8208.445608615875,7561.071217060089,123.89078736305237,-109.7947359085083,-103.84052991867065,269.2396938800812
1,210,2.1,7451.222836971283,7968.404591083527,8198.134899139404,7492.1417236328125,3.669261932373047,81.40414953231812,-10.310709476470947,-68.92949342727661
1,211,2.11,7474.588602781296,8028.37073802948,8172.636330127716,7432.040721178055,23.365765810012817,59.96614694595337,-25.498569011688232,-60.10100245475769
1,212,2.12,7523.721158504486,8077.059090137482,8101.306259632111,7410.4043841362,49.13255572319031,48.68835210800171,-71.33007049560547,-21.63633704185486
1,213,2.13,7576.494514942169,8079.923093318939,7998.590767383575,7445.200681686401,52.773356437683105,2.8640031814575195,-102.71549224853516,34.796297550201416
1,214,2.14,7630.191147327423,8045.26686668396,7868.165969848633,7528.496086597443,53.696632385253906,-34.65622663497925,-130.42479753494263,83.29540491104126
1,215,2.15,7686.578631401062,7984.43615436554,7752.682864665985,7614.69841003418,56.387484073638916,-60.83071231842041,-115.4831051826477,86.20232343673706
1,216,2.16,7733.790874481201,7921.549379825592,7690.299451351166,7692.97868013382,47.21224308013916,-62.88677453994751,-62.383413314819336,78.28027009963989
1,217,2.17,7751.169502735138,7884.696424007416,7676.637768745422,7751.45024061203,17.378628253936768,-36.85295581817627,-13.661682605743408,58.47156047821045
1,218,2.18,7773.960828781128,7848.7953543663025,7663.107812404633,7791.463732719421,22.79132604598999,-35.90106964111328,-13.529956340789795,40.01349210739136
1,219,2.19,7781.511545181274,7827.942967414856,7665.714919567108,7812.534272670746,7.550716400146484,-20.852386951446533,2.607107162475586,21.070539951324463
1,220,2.2,7785.512208938599,7805.879712104797,7666.269242763519,7834.409177303314,4.000663757324219,-22.063255310058594,0.5543231964111328,21.87490463256836
1,221,2.21,7789.59184885025,7780.20054101944,7661.96221113205,7854.369282722473,4.079639911651611,-25.679171085357666,-4.307031631469727,19.960105419158936
1,222,2.22,7792.053520679474,7766.774892807007,7659.5887541770935,7867.778241634369,2.461671829223633,-13.425648212432861,-2.3734569549560547,13.408958911895752
1,223,2.23,7796.422839164734,7755.367755889893,7660.380005836487,7878.686487674713,4.36931848526001,-11.407136917114258,0.7912516593933105,10.908246040344238
1,224,2.24,7798.27892780304,7745.833396911621,7664.408087730408,7886.147201061249,1.856088638305664,-9.534358978271484,4.028081893920898,7.4607133865356445
1,225,2.25,7796.947062015533,7738.761603832245,7671.670019626617,7890.186011791229,-1.3318657875061035,-7.071793079376221,7.261931896209717,4.038810729980469
1,226,2.2600000000000002,7793.372571468353,7734.518945217133,7681.116163730621,7890.408933162689,-3.574490547180176,-4.242658615112305,9.446144104003906,0.22292137145996094
1,227,2.27,7783.499360084534,7730.663418769836,7697.098255157471,7889.903485774994,-9.87321138381958,-3.8555264472961426,15.982091426849365,-0.5054473876953125
1,228,2.2800000000000002,7774.368226528168,7729.960680007935,7709.226012229919,7889.140248298645,-9.131133556365967,-0.7027387619018555,12.12775707244873,-0.763237476348877
1,229,2.29,7766.732573509216,7732.784152030945,7718.133926391602,7885.54847240448,-7.635653018951416,2.823472023010254,8.907914161682129,-3.591775894165039
1,230,2.3000000000000003,7762.152254581451,7737.787961959839,7721.726596355438,7879.193425178528,-4.580318927764893,5.003809928894043,3.59266996383667,-6.355047225952148
1,231,2.31,7762.249112129211,7742.48480796814,7722.357213497162,7869.078516960144,0.09685754776000977,4.696846008300781,0.6306171417236328,-10.114908218383789
1,232,2.32,7764.936089515686,7750.668227672577,7720.872461795807,7856.974005699158,2.6869773864746094,8.183419704437256,-1.4847517013549805,-12.104511260986328
1,233,2.33,7768.469750881195,7761.943638324738,7718.362808227539,7843.485474586487,3.533661365509033,11.275410652160645,-2.5096535682678223,-13.488531112670898
1,234,2.34,7773.480415344238,7778.089344501495,7714.841663837433,7831.113040447235,5.010664463043213,16.145706176757812,-3.521144390106201,-12.372434139251709
1,235,2.35,7780.052423477173,7798.921167850494,7710.674703121185,7818.9802169799805,6.57200813293457,20.831823348999023,-4.166960716247559,-12.132823467254639
1,236,2.36,7783.172428607941,7821.691036224365,7708.7995409965515,7802.958786487579,3.1200051307678223,22.76986837387085,-1.875162124633789,-16.021430492401123
1,237,2.37,7782.014310359955,7841.682434082031,7711.502313613892,7786.681056022644,-1.1581182479858398,19.991397857666016,2.702772617340088,-16.277730464935303
1,238,2.38,7777.873575687408,7858.814895153046,7718.183994293213,7772.353291511536,-4.140734672546387,17.132461071014404,6.681680679321289,-14.327764511108398
1,239,2.39,7772.744596004486,7873.597145080566,7726.63950920105,7759.538888931274,-5.128979682922363,14.782249927520752,8.455514907836914,-12.81440258026123
1,240,2.4,7766.643166542053,7884.6487402915955,7735.240459442139,7748.859822750092,-6.101429462432861,11.051595211029053,8.600950241088867,-10.679066181182861
1,241,2.41,7760.060429573059,7891.840934753418,7743.655145168304,7740.800380706787,-6.582736968994141,7.19219446182251,8.414685726165771,-8.059442043304443
1,242,2.42,7753.12066078186,7894.324362277985,7752.596735954285,7736.548185348511,-6.9397687911987305,2.4834275245666504,8.941590785980225,-4.252195358276367
1,243,2.43,7746.642529964447,7893.158793449402,7760.966122150421,7735.493183135986,-6.47813081741333,-1.1655688285827637,8.369386196136475,-1.055002212524414
1,244,2.44,7739.917933940887,7888.036072254181,7768.125236034393,7737.094461917877,-6.72459602355957,-5.122721195220947,7.159113883972168,1.6012787818908691
1,245,2.45,7733.747959136963,7879.606187343597,7774.083316326141,7740.640640258789,-6.1699748039245605,-8.429884910583496,5.958080291748047,3.5461783409118652
1,246,2.46,7727.829217910767,7868.999242782593,7779.128849506378,7746.804356575012,-5.918741226196289,-10.606944561004639,5.045533180236816,6.1637163162231445
1,247,2.47,7722.62841463089,7859.450280666351,7783.737778663635,7754.117548465729,-5.200803279876709,-9.548962116241455,4.60892915725708,7.313191890716553
1,248,2.48,7718.445956707001,7848.638296127319,7786.9561314582825,7762.22288608551,-4.18245792388916,-10.811984539031982,3.218352794647217,8.105337619781494
1,249,2.49,7714.758217334747,7838.824391365051,7790.400683879852,7770.9415555000305,-3.687739372253418,-9.813904762268066,3.444552421569824,8.718669414520264
1,250,2.5,7712.166607379913,7830.820977687836,7793.179750442505,7778.9753675460815,-2.5916099548339844,-8.003413677215576,2.779066562652588,8.033812046051025
1,251,2.5100000000000002,7710.1123332977295,7823.65083694458,7794.3673729896545,7787.024974822998,-2.054274082183838,-7.170140743255615,1.1876225471496582,8.049607276916504
1,252,2.52,7709.966003894806,7817.935645580292,7794.292569160461,7794.511318206787,-0.14632940292358398,-5.71519136428833,-0.07480382919311523,7.4863433837890625
1,253,2.5300000000000002,7711.166441440582,7813.303172588348,7793.109118938446,7801.018059253693,1.2004375457763672,-4.632472991943359,-1.1834502220153809,6.506741046905518
1,254,2.54,7713.88441324234,7810.618877410889,7790.659666061401,7806.510031223297,2.7179718017578125,-2.684295177459717,-2.4494528770446777,5.491971969604492
1,255,2.5500000000000003,7718.789875507355,7811.7746114730835,7784.89351272583,7812.959551811218,4.905462265014648,1.1557340621948242,-5.766153335571289,6.449520587921143
1,256,2.56,7725.042700767517,7815.930545330048,7777.597904205322,7818.4255957603455,6.2528252601623535,4.155933856964111,-7.2956085205078125,5.466043949127197
1,257,2.57,7732.210755348206,7822.389304637909,7769.704163074493,7822.753489017487,7.168054580688477,6.458759307861328,-7.893741130828857,4.327893257141113
1,258,2.58,7739.061713218689,7829.075753688812,7762.058079242706,7826.281785964966,6.850957870483398,6.68644905090332,-7.646083831787109,3.528296947479248
1,259,2.59,7746.390998363495,7836.51739358902,7754.381000995636,7828.668057918549,7.329285144805908,7.4416399002075195,-7.6770782470703125,2.3862719535827637
1,260,2.6,7753.182053565979,7844.86711025238,7746.618092060089,7830.429375171661,6.791055202484131,8.349716663360596,-7.762908935546875,1.761317253112793
1,261,2.61,7759.252488613129,7854.156494140625,7739.3534779548645,7831.218540668488,6.070435047149658,9.289383888244629,-7.264614105224609,0.7891654968261719
1,262,2.62,7764.979898929596,7863.6234998703,7732.584476470947,7830.654680728912,5.727410316467285,9.467005729675293,-6.769001483917236,-0.5638599395751953
1,263,2.63,7769.3164348602295,7873.049080371857,7726.652920246124,7829.245328903198,4.336535930633545,9.425580501556396,-5.931556224822998,-1.4093518257141113
1,264,2.64,7772.906422615051,7882.011532783508,7721.80050611496,7827.504277229309,3.5899877548217773,8.962452411651611,-4.852414131164551,-1.7410516738891602
1,265,2.65,7775.216102600098,7890.133559703827,7718.902826309204,7825.705707073212,2.3096799850463867,8.122026920318604,-2.8976798057556152,-1.798570156097412
1,266,2.66,7776.755690574646,7897.443771362305,7717.026472091675,7824.047803878784,1.5395879745483398,7.310211658477783,-1.8763542175292969,-1.6579031944274902
1,267,2.67,7777.453064918518,7903.473079204559,7715.553939342499,7822.3916888237,0.6973743438720703,6.029307842254639,-1.4725327491760254,-1.6561150550842285
1,268,2.68,7777.349054813385,7907.81557559967,7714.754045009613,7820.516526699066,-0.10401010513305664,4.342496395111084,-0.7998943328857422,-1.875162124633789
1,269,2.69,7777.031660079956,7910.54904460907,7714.708745479584,7818.571329116821,-0.3173947334289551,2.733469009399414,-0.045299530029296875,-1.945197582244873
1,270,2.7,7776.269912719727,7911.748588085175,7715.0386571884155,7816.702127456665,-0.7617473602294922,1.1995434761047363,0.3299117088317871,-1.86920166015625
1,271,2.71,7775.087952613831,7911.452949047089,7715.7387137413025,7815.075218677521,-1.181960105895996,-0.2956390380859375,0.7000565528869629,-1.626908779144287
1,272,2.72,7773.405015468597,7909.678518772125,7716.832160949707,7814.292013645172,-1.6829371452331543,-1.774430274963379,1.093447208404541,-0.7832050323486328
1,273,2.73,7771.565616130829,7906.368970870972,7718.043327331543,7813.787162303925,-1.8393993377685547,-3.3095479011535645,1.2111663818359375,-0.5048513412475586
1,274,2.74,7769.62012052536,7902.21244096756,7719.31916475296,7813.504338264465,-1.94549560546875,-4.156529903411865,1.2758374214172363,-0.2828240394592285
1,275,2.75,7767.382860183716,7897.531986236572,7720.797061920166,7813.520431518555,-2.237260341644287,-4.680454730987549,1.4778971672058105,0.01609325408935547
1,276,2.7600000000000002,7765.204906463623,7892.346084117889,7722.709774971008,7813.726365566254,-2.1779537200927734,-5.185902118682861,1.9127130508422852,0.2059340476989746
1,277,2.77,7763.288915157318,7886.741161346436,7724.61473941803,7813.8986229896545,-1.9159913063049316,-5.604922771453857,1.9049644470214844,0.1722574234008789
1,278,2.7800000000000002,7761.633992195129,7881.096303462982,7726.279497146606,7813.941538333893,-1.6549229621887207,-5.644857883453369,1.6647577285766602,0.04291534423828125
1,279,2.79,7760.258316993713,7875.699102878571,7727.558016777039,7813.837826251984,-1.3756752014160156,-5.397200584411621,1.278519630432129,-0.10371208190917969
1,280,2.8000000000000003,7759.045958518982,7870.551645755768,7728.44672203064,7813.575565814972,-1.2123584747314453,-5.147457122802734,0.8887052536010742,-0.26226043701171875
1,281,2.81,7758.200168609619,7865.935862064362,7728.7837862968445,7813.042998313904,-0.845789909362793,-4.61578369140625,0.337064266204834,-0.5325675010681152
1,282,2.82,7757.728397846222,7861.908674240112,7728.709876537323,7812.131941318512,-0.4717707633972168,-4.027187824249268,-0.07390975952148438,-0.9110569953918457
1,283,2.83,7757.596075534821,7858.463227748871,7728.302478790283,7811.062932014465,-0.1323223114013672,-3.445446491241455,-0.4073977470397949,-1.0690093040466309
1,284,2.84,7757.862508296967,7855.416834354401,7727.648317813873,7809.796333312988,0.2664327621459961,-3.046393394470215,-0.6541609764099121,-1.2665987014770508
1,285,2.85,7758.433520793915,7852.878272533417,7726.786732673645,7808.413505554199,0.5710124969482422,-2.5385618209838867,-0.8615851402282715,-1.3828277587890625
1,286,2.86,7759.279310703278,7850.742936134338,7725.798189640045,7806.89001083374,0.845789909362793,-2.135336399078369,-0.9885430335998535,-1.5234947204589844
1,287,2.87,7760.294675827026,7848.823964595795,7724.694609642029,7805.076837539673,1.0153651237487793,-1.9189715385437012,-1.1035799980163574,-1.8131732940673828
1,288,2.88,7761.431932449341,7847.212553024292,7723.397612571716,7803.117036819458,1.1372566223144531,-1.6114115715026855,-1.2969970703125,-1.9598007202148438
1,289,2.89,7762.677073478699,7845.81333398819,7722.015976905823,7801.027297973633,1.2451410293579102,-1.399219036102295,-1.3816356658935547,-2.0897388458251953
1,290,2.9,7764.06317949295,7844.530344009399,7720.6090092659,7798.81089925766,1.386106014251709,-1.2829899787902832,-1.4069676399230957,-2.2163987159729004
1,291,2.91,7765.5211091041565,7843.175232410431,7719.3284034729,7796.450555324554,1.4579296112060547,-1.3551115989685059,-1.2806057929992676,-2.3603439331054688
1,292,2.92,7766.99036359787,7841.679751873016,7718.19680929184,7793.973386287689,1.469254493713379,-1.4954805374145508,-1.131594181060791,-2.4771690368652344
1,293,2.93,7768.510580062866,7839.889228343964,7717.229723930359,7791.590690612793,1.520216464996338,-1.7905235290527344,-0.9670853614807129,-2.3826956748962402
1,294,2.94,7770.379185676575,7837.865650653839,7716.459929943085,7789.011001586914,1.868605613708496,-2.0235776901245117,-0.7697939872741699,-2.5796890258789062
1,295,2.95,7771.941423416138,7835.791707038879,7716.01140499115,7786.762416362762,1.5622377395629883,-2.073943614959717,-0.44852495193481445,-2.2485852241516113
1,296,2.96,7772.918939590454,7833.636105060577,7715.798914432526,7784.900963306427,0.9775161743164062,-2.155601978302002,-0.21249055862426758,-1.8614530563354492
1,297,2.97,7773.512899875641,7831.323742866516,7715.639770030975,7783.155143260956,0.5939602851867676,-2.3123621940612793,-0.15914440155029297,-1.7458200454711914
1,298,2.98,7773.946225643158,7828.766107559204,7715.587317943573,7781.503796577454,0.43332576751708984,-2.5576353073120117,-0.05245208740234375,-1.6513466835021973
1,299,2.99,7774.198651313782,7826.163172721863,7715.674042701721,7779.807448387146,0.2524256706237793,-2.6029348373413086,0.08672475814819336,-1.6963481903076172
1,300,3.0,7774.35302734375,7823.586165904999,7715.834975242615,7778.2392501831055,0.15437602996826172,-2.5770068168640137,0.1609325408935547,-1.5681982040405273
1,301,3.0100000000000002,7774.447798728943,7820.696234703064,7716.236710548401,7776.660621166229,0.0947713851928711,-2.8899312019348145,0.4017353057861328,-1.5786290168762207
1,302,3.02,7774.449586868286,7817.796170711517,7717.00382232666,7775.262892246246,0.0017881393432617188,-2.900063991546631,0.7671117782592773,-1.3977289199829102
1,303,3.0300000000000002,7774.349749088287,7814.8457407951355,7717.978954315186,7774.033844470978,-0.0998377799987793,-2.950429916381836,0.9751319885253906,-1.2290477752685547
1,304,3.04,7774.0660309791565,7812.035977840424,7719.144225120544,7773.105204105377,-0.2837181091308594,-2.809762954711914,1.1652708053588867,-0.9286403656005859
1,305,3.0500000000000003,7773.9158272743225,7809.157967567444,7720.201015472412,7772.229015827179,-0.15020370483398438,-2.8780102729797363,1.0567903518676758,-0.8761882781982422
1,306,3.06,7773.9110589027405,7806.239724159241,7721.143960952759,7771.495282649994,-0.00476837158203125,-2.918243408203125,0.9429454803466797,-0.7337331771850586
1,307,3.0700000000000003,7773.918807506561,7803.272902965546,7722.109258174896,7770.805656909943,0.007748603820800781,-2.9668211936950684,0.9652972221374512,-0.6896257400512695
1,308,3.08,7773.948609828949,7800.286710262299,7723.082005977631,7770.145237445831,0.029802322387695312,-2.9861927032470703,0.972747802734375,-0.6604194641113281
1,309,3.09,7774.20848608017,7797.622382640839,7724.052369594574,7769.485712051392,0.2598762512207031,-2.664327621459961,0.9703636169433594,-0.6595253944396973
1,310,3.1,7774.48296546936,7794.980406761169,7724.8623967170715,7768.889963626862,0.27447938919067383,-2.6419758796691895,0.8100271224975586,-0.5957484245300293
1,311,3.11,7774.7854590415955,7792.359888553619,7725.664973258972,7768.300473690033,0.3024935722351074,-2.620518207550049,0.8025765419006348,-0.5894899368286133
1,312,3.12,7775.232195854187,7789.85857963562,7726.508378982544,7767.721712589264,0.44673681259155273,-2.5013089179992676,0.8434057235717773,-0.578761100769043
1,313,3.13,7775.586545467377,7787.424921989441,7727.361619472504,7767.239809036255,0.35434961318969727,-2.433657646179199,0.8532404899597168,-0.4819035530090332
1,314,3.14,7775.811553001404,7784.874737262726,7728.454768657684,7766.933739185333,0.2250075340270996,-2.550184726715088,1.093149185180664,-0.30606985092163086
1,315,3.15,7775.949239730835,7782.248556613922,7729.729115962982,7766.75820350647,0.13768672943115234,-2.626180648803711,1.2743473052978516,-0.1755356788635254
1,316,3.16,7776.132822036743,7779.625654220581,7730.913162231445,7766.432166099548,0.18358230590820312,-2.6229023933410645,1.1840462684631348,-0.3260374069213867
1,317,3.17,7776.519358158112,7777.144908905029,7731.987237930298,7766.152322292328,0.3865361213684082,-2.480745315551758,1.074075698852539,-0.279843807220459
1,318,3.18,7776.950001716614,7774.771153926849,7733.003497123718,7765.841782093048,0.43064355850219727,-2.3737549781799316,1.0162591934204102,-0.31054019927978516
1,319,3.19,7777.354121208191,7772.4480628967285,7733.973562717438,7765.481770038605,0.40411949157714844,-2.3230910301208496,0.9700655937194824,-0.3600120544433594
1,320,3.2,7777.692973613739,7770.207226276398,7734.92306470871,7765.108644962311,0.3388524055480957,-2.2408366203308105,0.9495019912719727,-0.3731250762939453
1,321,3.21,7777.956128120422,7768.062055110931,7735.863924026489,7764.73194360733,0.2631545066833496,-2.1451711654663086,0.940859317779541,-0.37670135498046875
1,322,3.22,7778.418958187103,7766.038775444031,7736.796140670776,7764.486074447632,0.4628300666809082,-2.0232796669006348,0.9322166442871094,-0.24586915969848633
1,323,3.23,7778.7140011787415,7764.09775018692,7737.6314997673035,7764.12308216095,0.2950429916381836,-1.9410252571105957,0.8353590965270996,-0.3629922866821289
1,324,3.24,7778.941988945007,7762.258350849152,7738.447189331055,7763.674855232239,0.22798776626586914,-1.8393993377685547,0.8156895637512207,-0.4482269287109375
1,325,3.25,7779.132425785065,7760.516405105591,7739.2637729644775,7763.171494007111,0.19043684005737305,-1.741945743560791,0.8165836334228516,-0.5033612251281738
1,326,3.2600000000000002,7779.277861118317,7758.865654468536,7740.079760551453,7762.619256973267,0.14543533325195312,-1.6507506370544434,0.8159875869750977,-0.5522370338439941
1,327,3.27,7779.369354248047,7757.296860218048,7740.895450115204,7762.026488780975,0.09149312973022461,-1.5687942504882812,0.8156895637512207,-0.5927681922912598
1,328,3.2800000000000002,7779.4599533081055,7755.841910839081,7741.69921875,7761.422693729401,0.09059906005859375,-1.4549493789672852,0.8037686347961426,-0.603795051574707
1,329,3.29,7779.5156836509705,7754.488885402679,7742.528021335602,7760.81919670105,0.055730342864990234,-1.3530254364013672,0.8288025856018066,-0.6034970283508301
1,330,3.3000000000000003,7779.234051704407,7753.100395202637,7743.421792984009,7760.274410247803,-0.2816319465637207,-1.3884902000427246,0.8937716484069824,-0.5447864532470703
1,331,3.31,7778.880298137665,7751.763463020325,7744.376361370087,7759.730815887451,-0.35375356674194336,-1.3369321823120117,0.9545683860778809,-0.5435943603515625
1,332,3.3200000000000003,7778.424024581909,7750.268876552582,7745.420336723328,7759.338319301605,-0.45627355575561523,-1.49458646774292,1.0439753532409668,-0.39249658584594727
1,333,3.33,7777.765691280365,7748.771905899048,7746.071219444275,7759.232521057129,-0.6583333015441895,-1.4969706535339355,0.6508827209472656,-0.10579824447631836
1,334,3.34,7777.067124843597,7747.352123260498,7746.560871601105,7759.269177913666,-0.6985664367675781,-1.4197826385498047,0.489652156829834,0.036656856536865234
1,335,3.35,7776.3631939888,7746.05929851532,7747.125029563904,7759.233117103577,-0.7039308547973633,-1.2928247451782227,0.5641579627990723,-0.03606081008911133
1,336,3.36,7775.775194168091,7744.981050491333,7747.704982757568,7759.26947593689,-0.5879998207092285,-1.0782480239868164,0.5799531936645508,0.03635883331298828
1,337,3.37,7775.214910507202,7743.934094905853,7748.290300369263,7759.386897087097,-0.5602836608886719,-1.0469555854797363,0.5853176116943359,0.11742115020751953
1,338,3.38,7774.698436260223,7742.955386638641,7748.8186955451965,7759.464681148529,-0.5164742469787598,-0.9787082672119141,0.5283951759338379,0.07778406143188477
1,339,3.39,7774.137854576111,7742.171287536621,7749.318480491638,7759.528458118439,-0.5605816841125488,-0.7840991020202637,0.4997849464416504,0.06377696990966797
1,340,3.4,7773.565351963043,7741.4870262146,7749.8215436935425,7759.541571140289,-0.572502613067627,-0.6842613220214844,0.5030632019042969,0.013113021850585938
1,341,3.41,7772.964239120483,7740.793824195862,7750.396728515625,7759.505212306976,-0.6011128425598145,-0.693202018737793,0.5751848220825195,-0.03635883331298828
1,342,3.42,7772.408127784729,7740.197777748108,7750.959694385529,7759.40477848053,-0.5561113357543945,-0.5960464477539062,0.5629658699035645,-0.1004338264465332
1,343,3.43,7771.921157836914,7739.6005392074585,7751.632928848267,7759.297788143158,-0.4869699478149414,-0.5972385406494141,0.6732344627380371,-0.10699033737182617
1,344,3.44,7771.407663822174,7738.930881023407,7752.35116481781,7759.054601192474,-0.5134940147399902,-0.6696581840515137,0.718235969543457,-0.24318695068359375
1,345,3.45,7770.813405513763,7738.325297832489,7752.978205680847,7758.767008781433,-0.5942583084106445,-0.6055831909179688,0.6270408630371094,-0.28759241104125977
1,346,3.46,7770.2295780181885,7737.821340560913,7753.547132015228,7758.4221959114075,-0.5838274955749512,-0.5039572715759277,0.5689263343811035,-0.34481287002563477
1,347,3.47,7769.210040569305,7737.016379833221,7754.504978656769,7758.263945579529,-1.0195374488830566,-0.8049607276916504,0.9578466415405273,-0.1582503318786621
1,348,3.48,7768.041491508484,7736.158072948456,7755.570411682129,7758.159637451172,-1.1685490608215332,-0.858306884765625,1.0654330253601074,-0.1043081283569336
1,349,3.49,7767.048180103302,7735.521197319031,7756.457626819611,7757.95191526413,-0.9933114051818848,-0.6368756294250488,0.8872151374816895,-0.20772218704223633
1,350,3.5,7766.315639019012,7735.103070735931,7757.163345813751,7757.558524608612,-0.7325410842895508,-0.41812658309936523,0.705718994140625,-0.3933906555175781
1,351,3.5100000000000002,7765.749096870422,7734.909355640411,7757.689952850342,7757.069766521454,-0.5665421485900879,-0.19371509552001953,0.5266070365905762,-0.4887580871582031
1,352,3.52,7765.339016914368,7734.910249710083,7758.0612897872925,7756.485044956207,-0.4100799560546875,0.0008940696716308594,0.3713369369506836,-0.584721565246582
1,353,3.5300000000000002,7765.061855316162,7735.072672367096,7758.3047747612,7755.821347236633,-0.2771615982055664,0.16242265701293945,0.2434849739074707,-0.6636977195739746
1,354,3.54,7764.882445335388,7735.361158847809,7758.453786373138,7755.106091499329,-0.17940998077392578,0.2884864807128906,0.14901161193847656,-0.7152557373046875
1,355,3.5500000000000003,7764.766216278076,7735.7253432273865,7758.5479617118835,7754.361629486084,-0.11622905731201172,0.3641843795776367,0.09417533874511719,-0.7444620132446289
1,356,3.56,7764.6854519844055,7736.138701438904,7758.592665195465,7753.612101078033,-0.0807642936706543,0.413358211517334,0.04470348358154297,-0.7495284080505371
1,357,3.5700000000000003,7764.616906642914,7736.550867557526,7758.64452123642,7752.875089645386,-0.06854534149169922,0.41216611862182617,0.051856040954589844,-0.7370114326477051
1,358,3.58,7764.548361301422,7736.928164958954,7758.760750293732,7752.173542976379,-0.06854534149169922,0.37729740142822266,0.11622905731201172,-0.7015466690063477
1,359,3.59,7764.44673538208,7737.239897251129,7758.926153182983,7751.520872116089,-0.10162591934204102,0.31173229217529297,0.16540288925170898,-0.6526708602905273
1,360,3.6,7764.296531677246,7737.469971179962,7759.136855602264,7750.931084156036,-0.15020370483398438,0.2300739288330078,0.21070241928100586,-0.5897879600524902
1,361,3.61,7764.126658439636,7737.618386745453,7759.393155574799,7750.41401386261,-0.16987323760986328,0.14841556549072266,0.2562999725341797,-0.5170702934265137
1,362,3.62,7763.918340206146,7737.675309181213,7759.715914726257,7749.968469142914,-0.20831823348999023,0.05692243576049805,0.32275915145874023,-0.4455447196960449
1,363,3.63,7763.665616512299,7737.640142440796,7760.099470615387,7749.5986223220825,-0.25272369384765625,-0.03516674041748047,0.38355588912963867,-0.36984682083129883
1,364,3.64,7763.358950614929,7737.5006675720215,7760.528922080994,7749.3298053741455,-0.30666589736938477,-0.13947486877441406,0.42945146560668945,-0.2688169479370117
1,365,3.65,7763.117253780365,7737.293243408203,7761.001884937286,7749.081254005432,-0.24169683456420898,-0.20742416381835938,0.4729628562927246,-0.2485513687133789
1,366,3.66,7762.899398803711,7737.037539482117,7761.496305465698,7748.872637748718,-0.21785497665405273,-0.2557039260864258,0.49442052841186523,-0.2086162567138672
1,367,3.67,7762.728929519653,7736.813426017761,7761.969864368439,7748.6854791641235,-0.1704692840576172,-0.22411346435546875,0.4735589027404785,-0.18715858459472656
1,368,3.68,7762.545943260193,7736.550867557526,7762.455940246582,7748.550474643707,-0.18298625946044922,-0.2625584602355957,0.48607587814331055,-0.13500452041625977
1,369,3.69,7762.356698513031,7736.262083053589,7762.937545776367,7748.458683490753,-0.18924474716186523,-0.2887845039367676,0.48160552978515625,-0.09179115295410156
1,370,3.7,7762.165367603302,7735.947072505951,7763.426303863525,7748.408615589142,-0.1913309097290039,-0.31501054763793945,0.4887580871582031,-0.050067901611328125
1,371,3.71,7761.979401111603,7735.618054866791,7763.910889625549,7748.3925223350525,-0.18596649169921875,-0.32901763916015625,0.4845857620239258,-0.01609325408935547
1,372,3.72,7761.812210083008,7735.305726528168,7764.362692832947,7748.392820358276,-0.1671910285949707,-0.3123283386230469,0.45180320739746094,0.0002980232238769531
1,373,3.73,7761.671841144562,7735.019624233246,7764.77575302124,7748.400270938873,-0.14036893844604492,-0.286102294921875,0.41306018829345703,0.007450580596923828
1,374,3.74,7761.5416049957275,7734.765708446503,7765.169143676758,7748.429179191589,-0.13023614883422852,-0.25391578674316406,0.3933906555175781,0.028908252716064453
1,375,3.75,7761.407196521759,7734.547555446625,7765.5622363090515,7748.491168022156,-0.13440847396850586,-0.2181529998779297,0.39309263229370117,0.06198883056640625
1,376,3.7600000000000002,7761.308550834656,7734.377384185791,7765.90496301651,7748.538255691528,-0.09864568710327148,-0.17017126083374023,0.3427267074584961,0.047087669372558594
1,377,3.77,7761.2462639808655,7734.2575788497925,7766.197919845581,7748.566567897797,-0.0622868537902832,-0.11980533599853516,0.2929568290710449,0.028312206268310547
1,378,3.7800000000000002,7761.2051367759705,7734.207212924957,7766.421139240265,7748.583555221558,-0.04112720489501953,-0.05036592483520508,0.2232193946838379,0.016987323760986328
1,379,3.79,7761.1976861953735,7734.210193157196,7766.6133642196655,7748.577892780304,-0.007450580596923828,0.0029802322387695312,0.19222497940063477,-0.005662441253662109
1,380,3.8000000000000003,7761.21586561203,7734.2599630355835,7766.779661178589,7748.550176620483,0.01817941665649414,0.04976987838745117,0.16629695892333984,-0.02771615982055664
1,381,3.81,7761.2510323524475,7734.343409538269,7766.926288604736,7748.5015988349915,0.03516674041748047,0.08344650268554688,0.14662742614746094,-0.04857778549194336
1,382,3.8200000000000003,7761.294841766357,7734.454572200775,7767.060995101929,7748.43692779541,0.04380941390991211,0.11116266250610352,0.1347064971923828,-0.06467103958129883
1,383,3.83,7761.343717575073,7734.586000442505,7767.192721366882,7748.3609318733215,0.04887580871582031,0.13142824172973633,0.13172626495361328,-0.07599592208862305
1,384,3.84,7761.404514312744,7734.729647636414,7767.327427864075,7748.2834458351135,0.06079673767089844,0.1436471939086914,0.1347064971923828,-0.07748603820800781
1,385,3.85,7761.468291282654,7734.881639480591,7767.4800157547,7748.216390609741,0.06377696990966797,0.1519918441772461,0.152587890625,-0.06705522537231445
1,386,3.86,7761.5222334861755,7735.037207603455,7767.6427364349365,7748.149037361145,0.053942203521728516,0.15556812286376953,0.1627206802368164,-0.0673532485961914
1,387,3.87,7761.560380458832,7735.186517238617,7767.822444438934,7748.084664344788,0.03814697265625,0.14930963516235352,0.17970800399780273,-0.06437301635742188
1,388,3.88,7761.579155921936,7735.326588153839,7768.021523952484,7748.022973537445,0.018775463104248047,0.14007091522216797,0.1990795135498047,-0.0616908073425293
1,389,3.89,7761.586308479309,7735.467851161957,7768.229842185974,7747.966349124908,0.007152557373046875,0.14126300811767578,0.20831823348999023,-0.056624412536621094
1,390,3.9,7761.581540107727,7735.608220100403,7768.446207046509,7747.914493083954,-0.00476837158203125,0.14036893844604492,0.21636486053466797,-0.051856040954589844
1,391,3.91,7761.582434177399,7735.757827758789,7768.698036670685,7747.881710529327,0.0008940696716308594,0.14960765838623047,0.2518296241760254,-0.032782554626464844
1,392,3.92,7761.540710926056,7735.872268676758,7768.947780132294,7747.9106187820435,-0.04172325134277344,0.11444091796875,0.24974346160888672,0.028908252716064453
1,393,3.93,7761.497497558594,7735.998332500458,7769.193053245544,7747.942507266998,-0.0432133674621582,0.12606382369995117,0.24527311325073242,0.031888484954833984
1,394,3.94,7761.458456516266,7736.137807369232,7769.429087638855,7747.976779937744,-0.03904104232788086,0.13947486877441406,0.23603439331054688,0.03427267074584961
1,395,3.95,7761.428356170654,7736.301124095917,7769.647538661957,7748.006880283356,-0.030100345611572266,0.1633167266845703,0.21845102310180664,0.030100345611572266
1,396,3.96,7761.38961315155,7736.467123031616,7769.818305969238,7748.025953769684,-0.038743019104003906,0.1659989356994629,0.17076730728149414,0.019073486328125
1,397,3.97,7761.4012360572815,7736.615836620331,7769.975066184998,7747.993767261505,0.011622905731201172,0.1487135887145996,0.15676021575927734,-0.03218650817871094
1,398,3.98,7761.4229917526245,7736.786603927612,7770.115435123444,7747.957706451416,0.021755695343017578,0.17076730728149414,0.14036893844604492,-0.03606081008911133
1,399,3.99,7761.45339012146,7736.985981464386,7770.238220691681,7747.9201555252075,0.03039836883544922,0.19937753677368164,0.12278556823730469,-0.037550926208496094
1,400,4.0,7761.491239070892,7737.210392951965,7770.346403121948,7747.881710529327,0.03784894943237305,0.2244114875793457,0.10818243026733398,-0.03844499588012695
1,401,4.01,7761.533558368683,7737.456262111664,7770.441472530365,7747.843563556671,0.042319297790527344,0.24586915969848633,0.09506940841674805,-0.03814697265625
1,402,4.0200000000000005,7761.57021522522,7737.706005573273,7770.5347537994385,7747.8086948394775,0.036656856536865234,0.24974346160888672,0.09328126907348633,-0.034868717193603516
1,403,4.03,7761.468291282654,7737.749218940735,7770.862579345703,7747.936248779297,-0.10192394256591797,0.0432133674621582,0.32782554626464844,0.12755393981933594
1,404,4.04,7761.371731758118,7737.809419631958,7771.1644768714905,7748.075425624847,-0.09655952453613281,0.06020069122314453,0.3018975257873535,0.1391768455505371
1,405,4.05,7761.303782463074,7737.888395786285,7771.422564983368,7748.225927352905,-0.06794929504394531,0.07897615432739258,0.2580881118774414,0.15050172805786133
1,406,4.0600000000000005,7761.312127113342,7738.016247749329,7771.628499031067,7748.320996761322,0.008344650268554688,0.1278519630432129,0.2059340476989746,0.09506940841674805
1,407,4.07,7761.204242706299,7738.078534603119,7771.91162109375,7748.469114303589,-0.10788440704345703,0.0622868537902832,0.28312206268310547,0.1481175422668457
1,408,4.08,7760.66392660141,7737.84726858139,7772.476673126221,7748.799026012421,-0.540316104888916,-0.23126602172851562,0.5650520324707031,0.3299117088317871
1,409,4.09,7760.104835033417,7737.712562084198,7772.984802722931,7749.1602301597595,-0.5590915679931641,-0.1347064971923828,0.5081295967102051,0.3612041473388672
1,410,4.1,7759.582698345184,7737.6788854599,7773.405313491821,7749.500870704651,-0.5221366882324219,-0.0336766242980957,0.42051076889038086,0.3406405448913574
1,411,4.11,7759.1171860694885,7737.76113986969,7773.717045783997,7749.801874160767,-0.4655122756958008,0.08225440979003906,0.31173229217529297,0.30100345611572266
1,412,4.12,7758.722603321075,7737.967967987061,7773.914337158203,7750.049829483032,-0.39458274841308594,0.20682811737060547,0.19729137420654297,0.247955322265625
1,413,4.13,7758.4391832351685,7738.3092045784,7773.98020029068,7750.2283453941345,-0.2834200859069824,0.34123659133911133,0.06586313247680664,0.17851591110229492
1,414,4.14,7758.291065692902,7738.75504732132,7773.973047733307,7750.386893749237,-0.1481175422668457,0.4458427429199219,-0.007152557373046875,0.15854835510253906
1,415,4.15,7758.25709104538,7739.2518520355225,7773.962318897247,7750.522494316101,-0.033974647521972656,0.49680471420288086,-0.010728836059570312,0.13560056686401367
1,416,4.16,7758.2937479019165,7739.850878715515,7773.847579956055,7750.603258609772,0.036656856536865234,0.5990266799926758,-0.11473894119262695,0.0807642936706543
1,417,4.17,7758.360803127289,7740.515768527985,7773.638665676117,7750.652134418488,0.06705522537231445,0.6648898124694824,-0.20891427993774414,0.04887580871582031
1,418,4.18,7758.455574512482,7741.157710552216,7773.3635902404785,7750.729620456696,0.0947713851928711,0.641942024230957,-0.27507543563842773,0.07748603820800781
1,419,4.19,7758.592367172241,7741.859257221222,7773.019075393677,7750.770449638367,0.13679265975952148,0.7015466690063477,-0.3445148468017578,0.04082918167114258
1,420,4.2,7758.761942386627,7742.606401443481,7772.6149559021,7750.776708126068,0.16957521438598633,0.7471442222595215,-0.40411949157714844,0.006258487701416016
1,421,4.21,7758.961021900177,7743.394672870636,7772.177159786224,7750.768065452576,0.1990795135498047,0.788271427154541,-0.43779611587524414,-0.00864267349243164
1,422,4.22,7759.199738502502,7744.225561618805,7771.750390529633,7750.787734985352,0.23871660232543945,0.8308887481689453,-0.4267692565917969,0.019669532775878906
1,423,4.23,7759.42325592041,7745.064198970795,7771.274447441101,7750.768661499023,0.22351741790771484,0.8386373519897461,-0.47594308853149414,-0.019073486328125
1,424,4.24,7759.627103805542,7745.891809463501,7770.776152610779,7750.729918479919,0.20384788513183594,0.8276104927062988,-0.4982948303222656,-0.038743019104003906
1,425,4.25,7759.809195995331,7746.685445308685,7770.276963710785,7750.6884932518005,0.18209218978881836,0.7936358451843262,-0.4991888999938965,-0.041425228118896484
1,426,4.26,7759.961187839508,7747.435569763184,7769.783735275269,7750.653326511383,0.1519918441772461,0.750124454498291,-0.4932284355163574,-0.03516674041748047
1,427,4.2700000000000005,7760.019600391388,7748.138308525085,7769.300639629364,7750.654518604279,0.05841255187988281,0.7027387619018555,-0.483095645904541,0.0011920928955078125
1,428,4.28,7760.018110275269,7748.7897872924805,7768.828570842743,7750.683426856995,-0.0014901161193847656,0.6514787673950195,-0.47206878662109375,0.028908252716064453
1,429,4.29,7759.984135627747,7749.378979206085,7768.375277519226,7750.729918479919,-0.033974647521972656,0.5891919136047363,-0.4532933235168457,0.04649162292480469
1,430,4.3,7759.9188685417175,7749.904692173004,7767.940163612366,7750.797271728516,-0.06526708602905273,0.5257129669189453,-0.43511390686035156,0.0673532485961914
1,431,4.3100000000000005,7759.825587272644,7750.370800495148,7767.5193548202515,7750.884890556335,-0.09328126907348633,0.4661083221435547,-0.4208087921142578,0.08761882781982422
1,432,4.32,7759.707868099213,7750.779688358307,7767.111659049988,7750.993371009827,-0.11771917343139648,0.4088878631591797,-0.4076957702636719,0.10848045349121094
1,433,4.33,7759.575247764587,7751.138806343079,7766.677439212799,7751.11585855484,-0.13262033462524414,0.3591179847717285,-0.4342198371887207,0.12248754501342773
1,434,4.34,7759.429216384888,7751.454710960388,7766.247093677521,7751.253545284271,-0.14603137969970703,0.3159046173095703,-0.4303455352783203,0.13768672943115234
1,435,4.3500000000000005,7759.26947593689,7751.7300844192505,7765.822112560272,7751.404643058777,-0.15974044799804688,0.2753734588623047,-0.42498111724853516,0.15109777450561523
1,436,4.36,7759.104371070862,7751.975655555725,7765.396535396576,7751.563489437103,-0.16510486602783203,0.24557113647460938,-0.42557716369628906,0.15884637832641602
1,437,4.37,7758.935391902924,7752.197682857513,7764.964997768402,7751.7253160476685,-0.16897916793823242,0.22202730178833008,-0.4315376281738281,0.16182661056518555
1,438,4.38,7758.765518665314,7752.401828765869,7764.527499675751,7751.886546611786,-0.16987323760986328,0.2041459083557129,-0.4374980926513672,0.16123056411743164
1,439,4.39,7758.600115776062,7752.596437931061,7764.079868793488,7752.041816711426,-0.16540288925170898,0.1946091651916504,-0.4476308822631836,0.15527009963989258
1,440,4.4,7758.44007730484,7752.78627872467,7763.620615005493,7752.186357975006,-0.16003847122192383,0.18984079360961914,-0.45925378799438477,0.14454126358032227
1,441,4.41,7758.287489414215,7752.978503704071,7763.147950172424,7752.31659412384,-0.152587890625,0.19222497940063477,-0.47266483306884766,0.13023614883422852
1,442,4.42,7758.141756057739,7753.174901008606,7762.660384178162,7752.427756786346,-0.14573335647583008,0.1963973045349121,-0.4875659942626953,0.11116266250610352
1,443,4.43,7758.00347328186,7753.3844113349915,7762.167155742645,7752.5195479393005,-0.13828277587890625,0.20951032638549805,-0.4932284355163574,0.09179115295410156
1,444,4.44,7757.8675746917725,7753.605544567108,7761.668860912323,7752.591371536255,-0.13589859008789062,0.22113323211669922,-0.4982948303222656,0.0718235969543457
1,445,4.45,7757.741808891296,7753.837406635284,7761.15745306015,7752.638459205627,-0.12576580047607422,0.23186206817626953,-0.5114078521728516,0.047087669372558594
1,446,4.46,7757.6228976249695,7754.0770173072815,7760.636210441589,7752.662301063538,-0.1189112663269043,0.2396106719970703,-0.521242618560791,0.02384185791015625
1,447,4.47,7757.511734962463,7754.326164722443,7760.1078152656555,7752.663195133209,-0.11116266250610352,0.2491474151611328,-0.5283951759338379,0.0008940696716308594
1,448,4.48,7757.405042648315,7754.58037853241,7759.575545787811,7752.642035484314,-0.10669231414794922,0.254213809967041,-0.5322694778442383,-0.021159648895263672
1,449,4.49,7757.302224636078,7754.838168621063,7759.040892124176,7752.600014209747,-0.10281801223754883,0.25779008865356445,-0.5346536636352539,-0.04202127456665039
1,450,4.5,7757.20089673996,7755.096554756165,7758.506536483765,7752.540111541748,-0.10132789611816406,0.25838613510131836,-0.534355640411377,-0.05990266799926758
1,451,4.51,7757.098078727722,7755.350768566132,7757.979929447174,7752.463817596436,-0.10281801223754883,0.254213809967041,-0.5266070365905762,-0.0762939453125
1,452,4.5200000000000005,7756.993472576141,7755.594849586487,7757.459580898285,7752.374708652496,-0.10460615158081055,0.2440810203552246,-0.5203485488891602,-0.08910894393920898
1,453,4.53,7756.88499212265,7755.829393863678,7756.949663162231,7752.276062965393,-0.10848045349121094,0.2345442771911621,-0.5099177360534668,-0.09864568710327148
1,454,4.54,7756.772339344025,7756.053507328033,7756.450176239014,7752.170264720917,-0.11265277862548828,0.22411346435546875,-0.49948692321777344,-0.10579824447631836
1,455,4.55,7756.653428077698,7756.262421607971,7755.96410036087,7752.059698104858,-0.1189112663269043,0.20891427993774414,-0.48607587814331055,-0.11056661605834961
1,456,4.5600000000000005,7756.530344486237,7756.443917751312,7755.487859249115,7751.953899860382,-0.12308359146118164,0.18149614334106445,-0.4762411117553711,-0.10579824447631836
1,457,4.57,7756.40606880188,7756.569981575012,7754.994034767151,7751.894891262054,-0.12427568435668945,0.12606382369995117,-0.49382448196411133,-0.05900859832763672
1,458,4.58,7756.244838237762,7756.6757798194885,7754.482328891754,7751.850187778473,-0.16123056411743164,0.10579824447631836,-0.5117058753967285,-0.04470348358154297
1,459,4.59,7756.074368953705,7756.768465042114,7753.991484642029,7751.794457435608,-0.1704692840576172,0.09268522262573242,-0.4908442497253418,-0.055730342864990234
1,460,4.6000000000000005,7755.905985832214,7756.848335266113,7753.521800041199,7751.732170581818,-0.16838312149047852,0.07987022399902344,-0.4696846008300781,-0.0622868537902832
1,461,4.61,7755.7373046875,7756.917476654053,7753.071486949921,7751.664519309998,-0.16868114471435547,0.06914138793945312,-0.45031309127807617,-0.06765127182006836
1,462,4.62,7755.570411682129,7756.978273391724,7752.63637304306,7751.590013504028,-0.16689300537109375,0.06079673767089844,-0.43511390686035156,-0.07450580596923828
1,463,4.63,7755.397260189056,7757.004499435425,7752.227187156677,7751.50865316391,-0.17315149307250977,0.026226043701171875,-0.40918588638305664,-0.0813603401184082
1,464,4.64,7755.232751369476,7757.018506526947,7751.847207546234,7751.416265964508,-0.16450881958007812,0.014007091522216797,-0.37997961044311523,-0.09238719940185547
1,465,4.65,7755.070626735687,7757.027745246887,7751.481533050537,7751.319706439972,-0.1621246337890625,0.009238719940185547,-0.3656744956970215,-0.09655952453613281
1,466,4.66,7754.908204078674,7757.047712802887,7751.11198425293,7751.222848892212,-0.16242265701293945,0.01996755599975586,-0.3695487976074219,-0.09685754776000977
1,467,4.67,7754.746973514557,7757.073938846588,7750.746011734009,7751.122713088989,-0.16123056411743164,0.026226043701171875,-0.36597251892089844,-0.10013580322265625
1,468,4.68,7754.592299461365,7757.09867477417,7750.391066074371,7751.015424728394,-0.15467405319213867,0.02473592758178711,-0.35494565963745117,-0.10728836059570312
1,469,4.69,7754.442989826202,7757.121026515961,7750.047445297241,7750.901877880096,-0.14930963516235352,0.022351741790771484,-0.34362077713012695,-0.11354684829711914
1,470,4.7,7754.300534725189,7757.141590118408,7749.713659286499,7750.782668590546,-0.1424551010131836,0.020563602447509766,-0.3337860107421875,-0.11920928955078125
1,471,4.71,7754.164934158325,7757.161557674408,7749.391198158264,7750.657498836517,-0.13560056686401367,0.01996755599975586,-0.3224611282348633,-0.1251697540283203
1,472,4.72,7754.027545452118,7757.18092918396,7749.088108539581,7750.53083896637,-0.1373887062072754,0.019371509552001953,-0.30308961868286133,-0.12665987014770508
1,473,4.73,7753.895223140717,7757.193446159363,7748.79664182663,7750.398814678192,-0.1323223114013672,0.012516975402832031,-0.29146671295166016,-0.13202428817749023
1,474,4.74,7753.767371177673,7757.2014927864075,7748.516798019409,7750.265002250671,-0.1278519630432129,0.008046627044677734,-0.279843807220459,-0.13381242752075195
1,475,4.75,7753.643095493317,7757.203280925751,7748.24857711792,7750.129997730255,-0.12427568435668945,0.0017881393432617188,-0.2682209014892578,-0.13500452041625977
1,476,4.76,7753.521800041199,7757.196426391602,7747.991681098938,7749.993801116943,-0.12129545211791992,-0.006854534149169922,-0.2568960189819336,-0.13619661331176758
1,477,4.7700000000000005,7753.404974937439,7757.183313369751,7747.746109962463,7749.858200550079,-0.11682510375976562,-0.013113021850585938,-0.24557113647460938,-0.13560056686401367
1,478,4.78,7753.2923221588135,7757.1627497673035,7747.51216173172,7749.722599983215,-0.11265277862548828,-0.020563602447509766,-0.2339482307434082,-0.13560056686401367
1,479,4.79,7753.175497055054,7757.129669189453,7747.2785115242,7749.58461523056,-0.11682510375976562,-0.0330805778503418,-0.23365020751953125,-0.1379847526550293
1,480,4.8,7753.05837392807,7757.081687450409,7747.050821781158,7749.4460344314575,-0.11712312698364258,-0.04798173904418945,-0.2276897430419922,-0.1385807991027832
1,481,4.8100000000000005,7752.944827079773,7757.028043270111,7746.836543083191,7749.309539794922,-0.11354684829711914,-0.05364418029785156,-0.2142786979675293,-0.13649463653564453
1,482,4.82,7752.833962440491,7756.962776184082,7746.635973453522,7749.176323413849,-0.11086463928222656,-0.06526708602905273,-0.20056962966918945,-0.13321638107299805
1,483,4.83,7752.726972103119,7756.891250610352,7746.447026729584,7749.046683311462,-0.10699033737182617,-0.07152557373046875,-0.18894672393798828,-0.1296401023864746
1,484,4.84,7752.622365951538,7756.809294223785,7746.271789073944,7748.920321464539,-0.10460615158081055,-0.08195638656616211,-0.17523765563964844,-0.12636184692382812
1,485,4.8500000000000005,7752.522230148315,7756.721377372742,7746.106386184692,7748.796343803406,-0.10013580322265625,-0.08791685104370117,-0.16540288925170898,-0.1239776611328125
1,486,4.86,7752.425968647003,7756.62362575531,7745.9535002708435,7748.675346374512,-0.09626150131225586,-0.09775161743164062,-0.15288591384887695,-0.12099742889404297
1,487,4.87,7752.331495285034,7756.5184235572815,7745.810747146606,7748.55762720108,-0.09447336196899414,-0.10520219802856445,-0.14275312423706055,-0.11771917343139648
1,488,4.88,7752.241790294647,7756.407856941223,7745.67723274231,7748.442888259888,-0.08970499038696289,-0.11056661605834961,-0.133514404296875,-0.11473894119262695
1,489,4.89,7752.145528793335,7756.294906139374,7745.556533336639,7748.345732688904,-0.09626150131225586,-0.11295080184936523,-0.12069940567016602,-0.09715557098388672
1,490,4.9,7752.045691013336,7756.180167198181,7745.446264743805,7748.263776302338,-0.0998377799987793,-0.11473894119262695,-0.11026859283447266,-0.08195638656616211
1,491,4.91,7751.949429512024,7756.057977676392,7745.344936847687,7748.183310031891,-0.09626150131225586,-0.12218952178955078,-0.10132789611816406,-0.08046627044677734
1,492,4.92,7751.860320568085,7755.934000015259,7745.2486753463745,7748.100161552429,-0.08910894393920898,-0.1239776611328125,-0.09626150131225586,-0.08314847946166992
1,493,4.93,7751.775681972504,7755.805253982544,7745.158970355988,7748.017311096191,-0.08463859558105469,-0.12874603271484375,-0.08970499038696289,-0.08285045623779297
1,494,4.94,7751.697599887848,7755.67501783371,7745.073437690735,7747.932970523834,-0.07808208465576172,-0.13023614883422852,-0.08553266525268555,-0.08434057235717773
1,495,4.95,7751.625776290894,7755.544185638428,7744.994163513184,7747.847139835358,-0.0718235969543457,-0.13083219528198242,-0.07927417755126953,-0.0858306884765625
1,496,4.96,7751.55782699585,7755.410373210907,7744.920253753662,7747.759819030762,-0.06794929504394531,-0.13381242752075195,-0.07390975952148438,-0.08732080459594727
1,497,4.97,7751.493752002716,7755.275368690491,7744.8514103889465,7747.670114040375,-0.06407499313354492,-0.13500452041625977,-0.06884336471557617,-0.08970499038696289
1,498,4.98,7751.434147357941,7755.138278007507,7744.789123535156,7747.578918933868,-0.059604644775390625,-0.13709068298339844,-0.0622868537902832,-0.09119510650634766
1,499,4.99,7751.378118991852,7755.0008893013,7744.730710983276,7747.484743595123,-0.05602836608886719,-0.1373887062072754,-0.05841255187988281,-0.09417533874511719
1,500,5.0,7751.325964927673,7754.8545598983765,7744.655609130859,7747.410535812378,-0.0521540641784668,-0.14632940292358398,-0.07510185241699219,-0.07420778274536133
1,501,5.01,7751.275599002838,7754.700481891632,7744.579613208771,7747.345268726349,-0.05036592483520508,-0.15407800674438477,-0.07599592208862305,-0.06526708602905273
1,502,5.0200000000000005,7751.230299472809,7754.546403884888,7744.509279727936,7747.278213500977,-0.045299530029296875,-0.15407800674438477,-0.07033348083496094,-0.06705522537231445
1,503,5.03,7751.185894012451,7754.388153553009,7744.446396827698,7747.208774089813,-0.044405460357666016,-0.1582503318786621,-0.06288290023803711,-0.06943941116333008
1,504,5.04,7751.139998435974,7754.225730895996,7744.394242763519,7747.138142585754,-0.04589557647705078,-0.16242265701293945,-0.0521540641784668,-0.07063150405883789
1,505,5.05,7751.0955929756165,7754.0624141693115,7744.348645210266,7747.066020965576,-0.044405460357666016,-0.1633167266845703,-0.04559755325317383,-0.07212162017822266
1,506,5.0600000000000005,7751.0493993759155,7753.896117210388,7744.3113923072815,7746.991217136383,-0.046193599700927734,-0.16629695892333984,-0.03725290298461914,-0.07480382919311523
1,507,5.07,7751.003205776215,7753.727734088898,7744.283974170685,7746.914029121399,-0.046193599700927734,-0.16838312149047852,-0.027418136596679688,-0.07718801498413086
1,508,5.08,7750.953435897827,7753.556668758392,7744.264602661133,7746.835947036743,-0.04976987838745117,-0.1710653305053711,-0.019371509552001953,-0.07808208465576172
1,509,5.09,7750.902473926544,7753.3844113349915,7744.2532777786255,7746.7551827430725,-0.050961971282958984,-0.1722574234008789,-0.011324882507324219,-0.0807642936706543
1,510,5.1000000000000005,7750.84912776947,7753.210067749023,7744.25208568573,7746.674120426178,-0.05334615707397461,-0.17434358596801758,-0.0011920928955078125,-0.08106231689453125
1,511,5.11,7750.79220533371,7753.032445907593,7744.2580461502075,7746.591567993164,-0.05692243576049805,-0.17762184143066406,0.0059604644775390625,-0.08255243301391602
1,512,5.12,7750.732600688934,7752.8539299964905,7744.274139404297,7746.50901556015,-0.059604644775390625,-0.17851591110229492,0.01609325408935547,-0.08255243301391602
1,513,5.13,7750.668227672577,7752.673923969269,7744.297981262207,7746.424973011017,-0.06437301635742188,-0.1800060272216797,0.02384185791015625,-0.08404254913330078
1,514,5.14,7750.602066516876,7752.492427825928,7744.330167770386,7746.342122554779,-0.0661611557006836,-0.18149614334106445,0.03218650817871094,-0.08285045623779297
1,515,5.15,7750.517129898071,7752.311825752258,7744.368016719818,7746.251225471497,-0.08493661880493164,-0.1806020736694336,0.03784894943237305,-0.0908970832824707
1,516,5.16,7750.422954559326,7752.130031585693,7744.4127202034,7746.157944202423,-0.09417533874511719,-0.1817941665649414,0.04470348358154297,-0.09328126907348633
1,517,5.17,7750.327885150909,7751.948535442352,7744.465470314026,7746.066749095917,-0.09506940841674805,-0.18149614334106445,0.0527501106262207,-0.09119510650634766
1,518,5.18,7750.2235770225525,7751.756906509399,7744.535803794861,7745.976746082306,-0.1043081283569336,-0.19162893295288086,0.07033348083496094,-0.09000301361083984
1,519,5.19,7750.101685523987,7751.54709815979,7744.619250297546,7745.887339115143,-0.12189149856567383,-0.209808349609375,0.08344650268554688,-0.08940696716308594
1,520,5.2,7749.980390071869,7751.3387799263,7744.708061218262,7745.802402496338,-0.12129545211791992,-0.20831823348999023,0.08881092071533203,-0.08493661880493164
1,521,5.21,7749.862372875214,7751.133739948273,7744.797468185425,7745.719850063324,-0.11801719665527344,-0.20503997802734375,0.08940696716308594,-0.08255243301391602
1,522,5.22,7749.744653701782,7750.9331703186035,7744.885683059692,7745.639085769653,-0.11771917343139648,-0.20056962966918945,0.08821487426757812,-0.0807642936706543
1,523,5.23,7749.633193016052,7750.73915719986,7744.973003864288,7745.559513568878,-0.11146068572998047,-0.19401311874389648,0.08732080459594727,-0.07957220077514648
1,524,5.24,7749.525606632233,7750.549018383026,7745.058238506317,7745.482623577118,-0.10758638381958008,-0.1901388168334961,0.0852346420288086,-0.0768899917602539
1,525,5.25,7749.4218945503235,7750.366032123566,7745.139896869659,7745.405733585358,-0.10371208190917969,-0.18298625946044922,0.08165836334228516,-0.0768899917602539
1,526,5.26,7749.323844909668,7750.187814235687,7745.22066116333,7745.331227779388,-0.09804964065551758,-0.17821788787841797,0.0807642936706543,-0.07450580596923828
1,527,5.2700000000000005,7749.232351779938,7750.016748905182,7745.2972531318665,7745.256423950195,-0.09149312973022461,-0.1710653305053711,0.07659196853637695,-0.07480382919311523
1,528,5.28,7749.1432428359985,7749.847769737244,7745.364308357239,7745.179533958435,-0.08910894393920898,-0.16897916793823242,0.06705522537231445,-0.0768899917602539
1,529,5.29,7749.053537845612,7749.6784925460815,7745.4254031181335,7745.103240013123,-0.08970499038696289,-0.16927719116210938,0.06109476089477539,-0.0762939453125
1,530,5.3,7748.970687389374,7749.515771865845,7745.482921600342,7745.02694606781,-0.08285045623779297,-0.1627206802368164,0.05751848220825195,-0.0762939453125
1,531,5.3100000000000005,7748.890221118927,7749.355137348175,7745.541930198669,7744.954228401184,-0.08046627044677734,-0.16063451766967773,0.05900859832763672,-0.07271766662597656
1,532,5.32,7748.813629150391,7749.195694923401,7745.599448680878,7744.881212711334,-0.07659196853637695,-0.15944242477416992,0.05751848220825195,-0.07301568984985352
1,533,5.33,7748.739719390869,7749.040722846985,7745.656073093414,7744.810879230499,-0.07390975952148438,-0.15497207641601562,0.056624412536621094,-0.07033348083496094
1,534,5.34,7748.668491840363,7748.884558677673,7745.714485645294,7744.7450160980225,-0.0712275505065918,-0.15616416931152344,0.05841255187988281,-0.06586313247680664
1,535,5.3500000000000005,7748.599350452423,7748.730778694153,7745.771110057831,7744.680345058441,-0.06914138793945312,-0.1537799835205078,0.056624412536621094,-0.06467103958129883
1,536,5.36,7748.531401157379,7748.576104640961,7745.830714702606,7744.619250297546,-0.06794929504394531,-0.15467405319213867,0.059604644775390625,-0.06109476089477539
1,537,5.37,7748.464345932007,7748.421132564545,7745.889723300934,7744.560241699219,-0.06705522537231445,-0.15497207641601562,0.05900859832763672,-0.05900859832763672
1,538,5.38,7748.39848279953,7748.265564441681,7745.952308177948,7744.5051074028015,-0.06586313247680664,-0.15556812286376953,0.06258487701416016,-0.05513429641723633
1,539,5.39,7748.333811759949,7748.111188411713,7746.016085147858,7744.453549385071,-0.06467103958129883,-0.15437602996826172,0.06377696990966797,-0.05155801773071289
1,540,5.4,7748.26854467392,7747.954428195953,7746.080160140991,7744.404971599579,-0.06526708602905273,-0.15676021575927734,0.06407499313354492,-0.04857778549194336
1,541,5.41,7748.204469680786,7747.798562049866,7746.145129203796,7744.35967206955,-0.06407499313354492,-0.15586614608764648,0.06496906280517578,-0.045299530029296875
1,542,5.42,7748.141288757324,7747.641205787659,7746.211290359497,7744.317054748535,-0.06318092346191406,-0.15735626220703125,0.0661611557006836,-0.0426173210144043
1,543,5.43,7748.079001903534,7747.48682975769,7746.278941631317,7744.276225566864,-0.0622868537902832,-0.15437602996826172,0.06765127182006836,-0.04082918167114258
1,544,5.44,7748.017609119415,7747.332155704498,7746.346890926361,7744.239270687103,-0.061392784118652344,-0.15467405319213867,0.06794929504394531,-0.03695487976074219
1,545,5.45,7747.9565143585205,7747.177183628082,7746.415734291077,7744.2046999931335,-0.06109476089477539,-0.15497207641601562,0.06884336471557617,-0.03457069396972656
1,546,5.46,7747.897207736969,7747.025191783905,7746.484577655792,7744.172215461731,-0.05930662155151367,-0.1519918441772461,0.06884336471557617,-0.03248453140258789
1,547,5.47,7747.837007045746,7746.8737959861755,7746.554911136627,7744.142413139343,-0.06020069122314453,-0.1513957977294922,0.07033348083496094,-0.029802322387695312
1,548,5.48,7747.778296470642,7746.725082397461,7746.624648571014,7744.114100933075,-0.058710575103759766,-0.1487135887145996,0.06973743438720703,-0.028312206268310547
1,549,5.49,7747.721970081329,7746.579349040985,7746.693789958954,7744.086980819702,-0.05632638931274414,-0.14573335647583008,0.06914138793945312,-0.027120113372802734
1,550,5.5,7747.666239738464,7746.436297893524,7746.764123439789,7744.0619468688965,-0.055730342864990234,-0.1430511474609375,0.07033348083496094,-0.025033950805664062
1,551,5.51,7747.6125955581665,7746.295928955078,7746.832370758057,7744.037806987762,-0.05364418029785156,-0.14036893844604492,0.06824731826782227,-0.024139881134033203
1,552,5.5200000000000005,7747.55984544754,7746.159732341766,7746.902108192444,7744.015455245972,-0.0527501106262207,-0.13619661331176758,0.06973743438720703,-0.022351741790771484
1,553,5.53,7747.507691383362,7746.025621891022,7746.972143650055,7743.9945936203,-0.0521540641784668,-0.1341104507446289,0.07003545761108398,-0.02086162567138672
1,554,5.54,7747.45911359787,7745.896875858307,7747.040688991547,7743.975222110748,-0.04857778549194336,-0.12874603271484375,0.06854534149169922,-0.019371509552001953
1,555,5.55,7747.410237789154,7745.769917964935,7747.108340263367,7743.956744670868,-0.04887580871582031,-0.12695789337158203,0.06765127182006836,-0.018477439880371094
1,556,5.5600000000000005,7747.36225605011,7745.647728443146,7747.176289558411,7743.939459323883,-0.04798173904418945,-0.12218952178955078,0.06794929504394531,-0.01728534698486328
1,557,5.57,7747.315466403961,7745.527625083923,7747.246026992798,7743.924558162689,-0.04678964614868164,-0.12010335922241211,0.06973743438720703,-0.014901161193847656
1,558,5.58,7747.2710609436035,7745.411396026611,7747.312784194946,7743.9093589782715,-0.044405460357666016,-0.11622905731201172,0.0667572021484375,-0.01519918441772461
1,559,5.59,7747.226655483246,7745.298147201538,7747.382819652557,7743.898332118988,-0.044405460357666016,-0.11324882507324219,0.07003545761108398,-0.011026859283447266
1,560,5.6000000000000005,7747.183442115784,7745.187878608704,7747.451066970825,7743.887901306152,-0.0432133674621582,-0.11026859283447266,0.06824731826782227,-0.01043081283569336
1,561,5.61,7747.139632701874,7745.080888271332,7747.519314289093,7743.87925863266,-0.04380941390991211,-0.10699033737182617,0.06824731826782227,-0.00864267349243164
1,562,5.62,7747.097611427307,7744.975686073303,7747.588157653809,7743.872404098511,-0.04202127456665039,-0.10520219802856445,0.06884336471557617,-0.006854534149169922
1,563,5.63,7747.0579743385315,7744.875252246857,7747.655808925629,7743.867337703705,-0.039637088775634766,-0.1004338264465332,0.06765127182006836,-0.005066394805908203
1,564,5.64,7747.018337249756,7744.778394699097,7747.72435426712,7743.865549564362,-0.039637088775634766,-0.09685754776000977,0.06854534149169922,-0.0017881393432617188
1,565,5.65,7746.9804883003235,7744.684815406799,7747.791111469269,7743.863165378571,-0.03784894943237305,-0.09357929229736328,0.0667572021484375,-0.002384185791015625
1,566,5.66,7746.941447257996,7744.591534137726,7747.860550880432,7743.865847587585,-0.03904104232788086,-0.09328126907348633,0.06943941116333008,0.002682209014892578
1,567,5.67,7746.904492378235,7744.501829147339,7747.929096221924,7743.869125843048,-0.03695487976074219,-0.08970499038696289,0.06854534149169922,0.0032782554626464844
1,568,5.68,7746.868133544922,7744.417190551758,7747.99644947052,7743.875086307526,-0.03635883331298828,-0.08463859558105469,0.0673532485961914,0.0059604644775390625
1,569,5.69,7746.8326687812805,7744.332849979401,7748.064696788788,7743.883728981018,-0.03546476364135742,-0.08434057235717773,0.06824731826782227,0.00864267349243164
1,570,5.7,7746.798098087311,7744.2532777786255,7748.131453990936,7743.892967700958,-0.03457069396972656,-0.07957220077514648,0.0667572021484375,0.009238719940185547
1,571,5.71,7746.764421463013,7744.176089763641,7748.1988072395325,7743.905782699585,-0.0336766242980957,-0.07718801498413086,0.0673532485961914,0.012814998626708984
1,572,5.72,7746.732831001282,7744.10218000412,7748.265266418457,7743.920087814331,-0.03159046173095703,-0.07390975952148438,0.06645917892456055,0.01430511474609375
1,573,5.73,7746.701538562775,7744.031250476837,7748.33083152771,7743.937373161316,-0.03129243850708008,-0.07092952728271484,0.06556510925292969,0.01728534698486328
1,574,5.74,7746.671736240387,7743.963599205017,7748.396098613739,7743.95614862442,-0.029802322387695312,-0.06765127182006836,0.06526708602905273,0.018775463104248047
1,575,5.75,7746.643424034119,7743.8995242118835,7748.458981513977,7743.97611618042,-0.028312206268310547,-0.06407499313354492,0.06288290023803711,0.01996755599975586
1,576,5.76,7746.616005897522,7743.838727474213,7748.523056507111,7744.000554084778,-0.027418136596679688,-0.06079673767089844,0.06407499313354492,0.024437904357910156
1,577,5.7700000000000005,7746.590077877045,7743.781507015228,7748.584747314453,7744.024395942688,-0.025928020477294922,-0.057220458984375,0.0616908073425293,0.02384185791015625
1,578,5.78,7746.565639972687,7743.728160858154,7748.6452460289,7744.0497279167175,-0.024437904357910156,-0.05334615707397461,0.060498714447021484,0.025331974029541016
1,579,5.79,7746.542990207672,7743.678092956543,7748.706340789795,7744.0789341926575,-0.022649765014648438,-0.050067901611328125,0.06109476089477539,0.029206275939941406
1,580,5.8,7746.522426605225,7743.63100528717,7748.763859272003,7744.109034538269,-0.020563602447509766,-0.047087669372558594,0.05751848220825195,0.030100345611572266
1,581,5.8100000000000005,7746.502161026001,7743.587791919708,7748.820781707764,7744.140326976776,-0.020265579223632812,-0.0432133674621582,0.05692243576049805,0.03129243850708008
1,582,5.82,7746.4839816093445,7743.548154830933,7748.875916004181,7744.1734075546265,-0.01817941665649414,-0.039637088775634766,0.05513429641723633,0.0330805778503418
1,583,5.83,7746.467590332031,7743.513286113739,7748.929560184479,7744.206488132477,-0.016391277313232422,-0.034868717193603516,0.05364418029785156,0.0330805778503418
1,584,5.84,7746.453583240509,7743.482887744904,7748.981714248657,7744.242548942566,-0.014007091522216797,-0.03039836883544922,0.0521540641784668,0.03606081008911133
1,585,5.8500000000000005,7746.438384056091,7743.453681468964,7749.03267621994,7744.279503822327,-0.01519918441772461,-0.029206275939941406,0.050961971282958984,0.03695487976074219
1,586,5.86,7746.42676115036,7743.4298396110535,7749.081254005432,7744.317054748535,-0.011622905731201172,-0.02384185791015625,0.04857778549194336,0.037550926208496094
1,587,5.87,7746.416330337524,7743.408381938934,7749.128043651581,7744.356095790863,-0.01043081283569336,-0.021457672119140625,0.04678964614868164,0.03904104232788086
1,588,5.88,7746.40679359436,7743.3910965919495,7749.173641204834,7744.396328926086,-0.0095367431640625,-0.01728534698486328,0.04559755325317383,0.04023313522338867
1,589,5.89,7746.397256851196,7743.374705314636,7749.218642711639,7744.438052177429,-0.0095367431640625,-0.016391277313232422,0.04500150680541992,0.04172325134277344
1,590,5.9,7746.391594409943,7743.366360664368,7749.258577823639,7744.4788813591,-0.005662441253662109,-0.008344650268554688,0.03993511199951172,0.04082918167114258
1,591,5.91,7746.385633945465,7743.3571219444275,7749.299108982086,7744.522392749786,-0.0059604644775390625,-0.009238719940185547,0.040531158447265625,0.043511390686035156
1,592,5.92,7746.381461620331,7743.353247642517,7749.33785200119,7744.567096233368,-0.004172325134277344,-0.0038743019104003906,0.038743019104003906,0.04470348358154297
1,593,5.93,7746.377885341644,7743.3523535728455,7749.372720718384,7744.611203670502,-0.0035762786865234375,-0.0008940696716308594,0.034868717193603516,0.04410743713378906
1,594,5.94,7746.375799179077,7743.353843688965,7749.407589435577,7744.657099246979,-0.002086162567138672,0.0014901161193847656,0.034868717193603516,0.04589557647705078
1,595,5.95,7746.374309062958,7743.358314037323,7749.440968036652,7744.704484939575,-0.0014901161193847656,0.004470348358154297,0.03337860107421875,0.04738569259643555
1,596,5.96,7746.374607086182,7743.366658687592,7749.471068382263,7744.751572608948,0.0002980232238769531,0.008344650268554688,0.030100345611572266,0.047087669372558594
1,597,5.97,7746.375501155853,7743.3764934539795,7749.4993805885315,7744.799256324768,0.0008940696716308594,0.009834766387939453,0.028312206268310547,0.0476837158203125
1,598,5.98,7746.3772892951965,7743.391692638397,7749.524116516113,7744.846045970917,0.0017881393432617188,0.01519918441772461,0.02473592758178711,0.04678964614868164
1,599,5.99,7746.379375457764,7743.405699729919,7749.550342559814,7744.895815849304,0.002086162567138672,0.014007091522216797,0.026226043701171875,0.04976987838745117
1,600,6.0,7746.383249759674,7743.424773216248,7749.572992324829,7744.945585727692,0.0038743019104003906,0.019073486328125,0.022649765014648438,0.04976987838745117
1,601,6.01,7746.386826038361,7743.446826934814,7749.592065811157,7744.994759559631,0.0035762786865234375,0.02205371856689453,0.019073486328125,0.049173831939697266
1,602,6.0200000000000005,7746.39219045639,7743.469476699829,7749.610543251038,7745.044529438019,0.005364418029785156,0.022649765014648438,0.018477439880371094,0.04976987838745117
1,603,6.03,7746.398746967316,7743.496000766754,7749.626934528351,7745.095789432526,0.006556510925292969,0.026524066925048828,0.016391277313232422,0.05125999450683594
1,604,6.04,7746.404409408569,7743.522226810455,7749.64302778244,7745.145857334137,0.005662441253662109,0.026226043701171875,0.01609325408935547,0.050067901611328125
1,605,6.05,7746.4112639427185,7743.54875087738,7749.656140804291,7745.1953291893005,0.006854534149169922,0.026524066925048828,0.013113021850585938,0.04947185516357422
1,606,6.0600000000000005,7746.418118476868,7743.580043315887,7749.66686964035,7745.2462911605835,0.006854534149169922,0.03129243850708008,0.010728836059570312,0.050961971282958984
1,607,6.07,7746.425271034241,7743.613421916962,7749.675512313843,7745.296657085419,0.007152557373046875,0.03337860107421875,0.00864267349243164,0.05036592483520508
1,608,6.08,7746.434211730957,7743.64709854126,7749.68296289444,7745.3479170799255,0.008940696716308594,0.0336766242980957,0.007450580596923828,0.05125999450683594
1,609,6.09,7746.444344520569,7743.684947490692,7749.68683719635,7745.398283004761,0.010132789611816406,0.03784894943237305,0.0038743019104003906,0.05036592483520508
1,610,6.1000000000000005,7746.453881263733,7743.723690509796,7749.688029289246,7745.44894695282,0.0095367431640625,0.038743019104003906,0.0011920928955078125,0.05066394805908203
1,611,6.11,7746.4622259140015,7743.763625621796,7749.688029289246,7745.499908924103,0.008344650268554688,0.03993511199951172,0.0,0.050961971282958984
1,612,6.12,7746.472358703613,7743.807733058929,7749.685645103455,7745.549380779266,0.010132789611816406,0.04410743713378906,-0.002384185791015625,0.04947185516357422
1,613,6.13,7746.4839816093445,7743.851542472839,7749.679982662201,7745.599448680878,0.011622905731201172,0.04380941390991211,-0.005662441253662109,0.050067901611328125
1,614,6.140000000000001,7746.493816375732,7743.89773607254,7749.674320220947,7745.649516582489,0.009834766387939453,0.046193599700927734,-0.005662441253662109,0.050067901611328125
1,615,6.15,7746.5057373046875,7743.9457178115845,7749.664783477783,7745.698094367981,0.011920928955078125,0.04798173904418945,-0.0095367431640625,0.04857778549194336
1,616,6.16,7746.515274047852,7743.993401527405,7749.654054641724,7745.748460292816,0.0095367431640625,0.0476837158203125,-0.010728836059570312,0.05036592483520508
1,617,6.17,7746.526002883911,7744.043469429016,7749.640345573425,7745.7961440086365,0.010728836059570312,0.050067901611328125,-0.013709068298339844,0.0476837158203125
1,618,6.18,7746.537923812866,7744.0959215164185,7749.625146389008,7745.844721794128,0.011920928955078125,0.05245208740234375,-0.01519918441772461,0.04857778549194336
1,619,6.19,7746.548056602478,7744.1465854644775,7749.608755111694,7745.892703533173,0.010132789611816406,0.05066394805908203,-0.016391277313232422,0.04798173904418945
1,620,6.2,7746.557891368866,7744.198441505432,7749.591171741486,7745.940685272217,0.009834766387939453,0.051856040954589844,-0.017583370208740234,0.04798173904418945
1,621,6.21,7746.5686202049255,7744.252383708954,7749.570906162262,7745.987772941589,0.010728836059570312,0.053942203521728516,-0.020265579223632812,0.047087669372558594
1,622,6.22,7746.579051017761,7744.306027889252,7749.549448490143,7746.03545665741,0.01043081283569336,0.05364418029785156,-0.021457672119140625,0.0476837158203125
1,623,6.23,7746.590077877045,7744.362056255341,7749.5235204696655,7746.080756187439,0.011026859283447266,0.05602836608886719,-0.025928020477294922,0.045299530029296875
1,624,6.24,7746.599912643433,7744.417488574982,7749.498188495636,7746.126353740692,0.009834766387939453,0.05543231964111328,-0.025331974029541016,0.04559755325317383
1,625,6.25,7746.608257293701,7744.472622871399,7749.470472335815,7746.172249317169,0.008344650268554688,0.05513429641723633,-0.02771615982055664,0.04589557647705078
1,626,6.26,7746.618092060089,7744.527757167816,7749.443054199219,7746.216654777527,0.009834766387939453,0.05513429641723633,-0.027418136596679688,0.044405460357666016
1,627,6.2700000000000005,7746.628224849701,7744.585871696472,7749.41086769104,7746.260464191437,0.010132789611816406,0.05811452865600586,-0.03218650817871094,0.04380941390991211
1,628,6.28,7746.6365694999695,7744.641304016113,7749.379277229309,7746.304571628571,0.008344650268554688,0.05543231964111328,-0.03159046173095703,0.04410743713378906
1,629,6.29,7746.64431810379,7744.6988224983215,7749.346494674683,7746.346890926361,0.007748603820800781,0.05751848220825195,-0.032782554626464844,0.042319297790527344
1,630,6.3,7746.652662754059,7744.756042957306,7749.309837818146,7746.38831615448,0.008344650268554688,0.057220458984375,-0.036656856536865234,0.041425228118896484
1,631,6.3100000000000005,7746.660113334656,7744.8126673698425,7749.273777008057,7746.430039405823,0.007450580596923828,0.056624412536621094,-0.03606081008911133,0.04172325134277344
1,632,6.32,7746.667265892029,7744.870483875275,7749.234437942505,7746.469974517822,0.007152557373046875,0.057816505432128906,-0.03933906555175781,0.03993511199951172
1,633,6.33,7746.67352437973,7744.928002357483,7749.1942048072815,7746.509313583374,0.006258487701416016,0.05751848220825195,-0.04023313522338867,0.03933906555175781
1,634,6.34,7746.6800808906555,7744.9846267700195,7749.152779579163,7746.547758579254,0.006556510925292969,0.056624412536621094,-0.041425228118896484,0.03844499588012695
1,635,6.3500000000000005,7746.686041355133,7745.0427412986755,7749.110460281372,7746.585309505463,0.0059604644775390625,0.05811452865600586,-0.042319297790527344,0.037550926208496094
1,636,6.36,7746.692001819611,7745.099365711212,7749.066650867462,7746.621668338776,0.0059604644775390625,0.056624412536621094,-0.04380941390991211,0.03635883331298828
1,637,6.37,7746.6970682144165,7745.155394077301,7749.020755290985,7746.658027172089,0.005066394805908203,0.05602836608886719,-0.04589557647705078,0.03635883331298828
1,638,6.38,7746.700644493103,7745.21142244339,7748.970985412598,7746.694087982178,0.0035762786865234375,0.05602836608886719,-0.04976987838745117,0.03606081008911133
1,639,6.390000000000001,7746.703624725342,7745.267450809479,7748.921811580658,7746.7286586761475,0.0029802322387695312,0.05602836608886719,-0.049173831939697266,0.03457069396972656
1,640,6.4,7746.7080950737,7745.3237771987915,7748.870849609375,7746.762633323669,0.004470348358154297,0.05632638931274414,-0.050961971282958984,0.033974647521972656
1,641,6.41,7746.711075305939,7745.378315448761,7748.819589614868,7746.795415878296,0.0029802322387695312,0.05453824996948242,-0.05125999450683594,0.032782554626464844
1,642,6.42,7746.712863445282,7745.433449745178,7748.768329620361,7746.826708316803,0.0017881393432617188,0.05513429641723633,-0.05125999450683594,0.03129243850708008
1,643,6.43,7746.7140555381775,7745.487093925476,7748.715579509735,7746.856212615967,0.0011920928955078125,0.05364418029785156,-0.0527501106262207,0.02950429916381836
1,644,6.44,7746.714949607849,7745.538949966431,7748.664021492004,7746.886610984802,0.0008940696716308594,0.051856040954589844,-0.05155801773071289,0.03039836883544922
1,645,6.45,7746.715247631073,7745.593190193176,7748.610079288483,7746.914029121399,0.0002980232238769531,0.05424022674560547,-0.053942203521728516,0.027418136596679688
1,646,6.46,7746.713757514954,7745.6435561180115,7748.557329177856,7746.9417452812195,-0.0014901161193847656,0.05036592483520508,-0.0527501106262207,0.02771615982055664
1,647,6.47,7746.71196937561,7745.694816112518,7748.502790927887,7746.967077255249,-0.0017881393432617188,0.05125999450683594,-0.05453824996948242,0.025331974029541016
1,648,6.48,7746.707797050476,7745.74339389801,7748.449146747589,7746.992707252502,-0.004172325134277344,0.04857778549194336,-0.05364418029785156,0.02562999725341797
1,649,6.49,7746.706008911133,7745.792269706726,7748.396396636963,7747.017443180084,-0.0017881393432617188,0.04887580871582031,-0.0527501106262207,0.02473592758178711
1,650,6.5,7746.701240539551,7745.841145515442,7748.341858386993,7747.040390968323,-0.00476837158203125,0.04887580871582031,-0.05453824996948242,0.02294778823852539
1,651,6.51,7746.69736623764,7745.890319347382,7748.2858300209045,7747.061848640442,-0.0038743019104003906,0.049173831939697266,-0.05602836608886719,0.021457672119140625
1,652,6.5200000000000005,7746.692895889282,7745.936810970306,7748.231589794159,7747.082412242889,-0.004470348358154297,0.04649162292480469,-0.05424022674560547,0.020563602447509766
1,653,6.53,7746.686637401581,7745.983600616455,7748.177051544189,7747.102081775665,-0.006258487701416016,0.04678964614868164,-0.05453824996948242,0.019669532775878906
1,654,6.54,7746.680378913879,7746.029198169708,7748.120725154877,7747.119963169098,-0.006258487701416016,0.04559755325317383,-0.05632638931274414,0.017881393432617188
1,655,6.55,7746.674120426178,7746.074199676514,7748.0655908584595,7747.137248516083,-0.006258487701416016,0.04500150680541992,-0.05513429641723633,0.01728534698486328
1,656,6.5600000000000005,7746.665775775909,7746.119201183319,7748.009562492371,7747.153639793396,-0.008344650268554688,0.04500150680541992,-0.05602836608886719,0.016391277313232422
1,657,6.57,7746.658623218536,7746.16152048111,7747.955024242401,7747.169733047485,-0.007152557373046875,0.042319297790527344,-0.05453824996948242,0.01609325408935547
1,658,6.58,7746.649980545044,7746.203541755676,7747.899889945984,7747.184038162231,-0.00864267349243164,0.04202127456665039,-0.05513429641723633,0.01430511474609375
1,659,6.59,7746.640741825104,7746.244966983795,7747.844159603119,7747.196555137634,-0.009238719940185547,0.041425228118896484,-0.055730342864990234,0.012516975402832031
1,660,6.6000000000000005,7746.631503105164,7746.28609418869,7747.7893233299255,7747.209668159485,-0.009238719940185547,0.04112720489501953,-0.054836273193359375,0.013113021850585938
1,661,6.61,7746.621370315552,7746.325433254242,7747.734189033508,7747.220993041992,-0.010132789611816406,0.03933906555175781,-0.05513429641723633,0.011324882507324219
1,662,6.62,7746.610343456268,7746.363878250122,7747.679650783539,7747.231721878052,-0.011026859283447266,0.03844499588012695,-0.05453824996948242,0.010728836059570312
1,663,6.63,7746.599912643433,7746.401429176331,7747.624218463898,7747.240960597992,-0.01043081283569336,0.037550926208496094,-0.05543231964111328,0.009238719940185547
1,664,6.640000000000001,7746.589779853821,7746.437788009644,7747.5714683532715,7747.249901294708,-0.010132789611816406,0.03635883331298828,-0.0527501106262207,0.008940696716308594
1,665,6.65,7746.577560901642,7746.47444486618,7747.516930103302,7747.257649898529,-0.012218952178955078,0.036656856536865234,-0.05453824996948242,0.007748603820800781
1,666,6.66,7746.565639972687,7746.509611606598,7747.464179992676,7747.264802455902,-0.011920928955078125,0.03516674041748047,-0.0527501106262207,0.007152557373046875
1,667,6.67,7746.554613113403,7746.544778347015,7747.40993976593,7747.269868850708,-0.011026859283447266,0.03516674041748047,-0.05424022674560547,0.005066394805908203
1,668,6.68,7746.5420961380005,7746.5784549713135,7747.355997562408,7747.274935245514,-0.012516975402832031,0.0336766242980957,-0.053942203521728516,0.005066394805908203
1,669,6.69,7746.529281139374,7746.609449386597,7747.305333614349,7747.280299663544,-0.012814998626708984,0.030994415283203125,-0.05066394805908203,0.005364418029785156
1,670,6.7,7746.516466140747,7746.64044380188,7747.252583503723,7747.282981872559,-0.012814998626708984,0.030994415283203125,-0.0527501106262207,0.002682209014892578
1,671,6.71,7746.50365114212,7746.671438217163,7747.202813625336,7747.286856174469,-0.012814998626708984,0.030994415283203125,-0.04976987838745117,0.0038743019104003906
1,672,6.72,7746.489942073822,7746.700942516327,7747.151851654053,7747.288942337036,-0.013709068298339844,0.02950429916381836,-0.050961971282958984,0.002086162567138672
1,673,6.73,7746.476531028748,7746.7286586761475,7747.1014857292175,7747.290730476379,-0.01341104507446289,0.02771615982055664,-0.05036592483520508,0.0017881393432617188
1,674,6.74,7746.463119983673,7746.756672859192,7747.05171585083,7747.291326522827,-0.01341104507446289,0.028014183044433594,-0.04976987838745117,0.0005960464477539062
1,675,6.75,7746.449708938599,7746.783792972565,7747.001945972443,7747.291028499603,-0.01341104507446289,0.027120113372802734,-0.04976987838745117,-0.0002980232238769531
1,676,6.76,7746.435105800629,7746.809124946594,7746.95485830307,7747.290730476379,-0.014603137969970703,0.025331974029541016,-0.047087669372558594,-0.0002980232238769531
1,677,6.7700000000000005,7746.42139673233,7746.833264827728,7746.908068656921,7747.2904324531555,-0.013709068298339844,0.024139881134033203,-0.04678964614868164,-0.0002980232238769531
1,678,6.78,7746.40828371048,7746.856510639191,7746.861279010773,7747.288942337036,-0.013113021850585938,0.023245811462402344,-0.04678964614868164,-0.0014901161193847656
1,679,6.79,7746.395170688629,7746.880948543549,7746.8156814575195,7747.286558151245,-0.013113021850585938,0.024437904357910156,-0.04559755325317383,-0.002384185791015625
1,680,6.8,7746.381461620331,7746.902406215668,7746.770679950714,7747.2832798957825,-0.013709068298339844,0.021457672119140625,-0.04500150680541992,-0.0032782554626464844
1,681,6.8100000000000005,7746.367156505585,7746.922969818115,7746.726870536804,7747.2808957099915,-0.01430511474609375,0.020563602447509766,-0.04380941390991211,-0.002384185791015625
1,682,6.82,7746.35374546051,7746.942341327667,7746.683061122894,7747.279405593872,-0.01341104507446289,0.019371509552001953,-0.04380941390991211,-0.0014901161193847656
1,683,6.83,7746.34063243866,7746.9611167907715,7746.639847755432,7747.27463722229,-0.013113021850585938,0.018775463104248047,-0.0432133674621582,-0.00476837158203125
1,684,6.84,7746.328115463257,7746.979296207428,7746.598124504089,7747.27076292038,-0.012516975402832031,0.01817941665649414,-0.04172325134277344,-0.0038743019104003906
1,685,6.8500000000000005,7746.313810348511,7746.995687484741,7746.557891368866,7747.266888618469,-0.01430511474609375,0.016391277313232422,-0.04023313522338867,-0.0038743019104003906
1,686,6.86,7746.301293373108,7747.011780738831,7746.517062187195,7747.263014316559,-0.012516975402832031,0.01609325408935547,-0.04082918167114258,-0.0038743019104003906
1,687,6.87,7746.289372444153,7747.026979923248,7746.478021144867,7747.258543968201,-0.011920928955078125,0.01519918441772461,-0.03904104232788086,-0.004470348358154297
1,688,6.88,7746.27685546875,7747.040688991547,7746.439576148987,7747.253477573395,-0.012516975402832031,0.013709068298339844,-0.03844499588012695,-0.005066394805908203
1,689,6.890000000000001,7746.266424655914,7747.0555901527405,7746.398448944092,7747.248113155365,-0.01043081283569336,0.014901161193847656,-0.04112720489501953,-0.005364418029785156
1,690,6.9,7746.254503726959,7747.066915035248,7746.361196041107,7747.242152690887,-0.011920928955078125,0.011324882507324219,-0.03725290298461914,-0.0059604644775390625
1,691,6.91,7746.243476867676,7747.078835964203,7746.32453918457,7747.235894203186,-0.011026859283447266,0.011920928955078125,-0.036656856536865234,-0.006258487701416016
1,692,6.92,7746.233642101288,7747.091054916382,7746.287882328033,7747.230529785156,-0.009834766387939453,0.012218952178955078,-0.036656856536865234,-0.005364418029785156
1,693,6.93,7746.223211288452,7747.0991015434265,7746.253609657288,7747.22546339035,-0.01043081283569336,0.008046627044677734,-0.03427267074584961,-0.005066394805908203
1,694,6.94,7746.213972568512,7747.108936309814,7746.2175488471985,7747.218608856201,-0.009238719940185547,0.009834766387939453,-0.03606081008911133,-0.006854534149169922
1,695,6.95,7746.204733848572,7747.116982936859,7746.183276176453,7747.2105622291565,-0.009238719940185547,0.008046627044677734,-0.03427267074584961,-0.008046627044677734
1,696,6.96,7746.197581291199,7747.125923633575,7746.1495995521545,7747.20311164856,-0.007152557373046875,0.008940696716308594,-0.0336766242980957,-0.007450580596923828
1,697,6.97,7746.188938617706,7747.132778167725,7746.117413043976,7747.195661067963,-0.00864267349243164,0.006854534149169922,-0.03218650817871094,-0.007450580596923828
1,698,6.98,7746.182978153229,7747.140526771545,7746.085524559021,7747.188210487366,-0.0059604644775390625,0.007748603820800781,-0.031888484954833984,-0.007450580596923828
1,699,6.99,7746.173739433289,7747.143507003784,7746.056318283081,7747.179567813873,-0.009238719940185547,0.0029802322387695312,-0.029206275939941406,-0.00864267349243164
1,700,7.0,7746.167480945587,7747.149467468262,7746.025919914246,7747.170925140381,-0.006258487701416016,0.0059604644775390625,-0.03039836883544922,-0.00864267349243164
1,701,7.01,7746.160924434662,7747.153341770172,7745.99552154541,7747.161388397217,-0.006556510925292969,0.0038743019104003906,-0.03039836883544922,-0.0095367431640625
1,702,7.0200000000000005,7746.151983737946,7747.155725955963,7745.964229106903,7747.150659561157,-0.008940696716308594,0.002384185791015625,-0.03129243850708008,-0.010728836059570312
1,703,7.03,7746.143937110901,7747.156322002411,7745.934724807739,7747.139930725098,-0.008046627044677734,0.0005960464477539062,-0.02950429916381836,-0.010728836059570312
1,704,7.04,7746.13618850708,7747.156023979187,7745.905220508575,7747.129201889038,-0.007748603820800781,-0.0002980232238769531,-0.02950429916381836,-0.010728836059570312
1,705,7.05,7746.127545833588,7747.155725955963,7745.877504348755,7747.117578983307,-0.00864267349243164,-0.0002980232238769531,-0.02771615982055664,-0.011622905731201172
1,706,7.0600000000000005,7746.120989322662,7747.154235839844,7745.852470397949,7747.106552124023,-0.006556510925292969,-0.0014901161193847656,-0.025033950805664062,-0.011026859283447266
1,707,7.07,7746.114134788513,7747.152745723724,7745.827734470367,7747.094035148621,-0.006854534149169922,-0.0014901161193847656,-0.02473592758178711,-0.012516975402832031
1,708,7.08,7746.107578277588,7747.149765491486,7745.803594589233,7747.080624103546,-0.006556510925292969,-0.0029802322387695312,-0.024139881134033203,-0.01341104507446289
1,709,7.09,7746.099829673767,7747.144401073456,7745.783627033234,7747.069299221039,-0.007748603820800781,-0.005364418029785156,-0.01996755599975586,-0.011324882507324219
1,710,7.1000000000000005,7746.092975139618,7747.13933467865,7745.763063430786,7747.056484222412,-0.006854534149169922,-0.005066394805908203,-0.020563602447509766,-0.012814998626708984
1,711,7.11,7746.087610721588,7747.135162353516,7745.743691921234,7747.044265270233,-0.005364418029785156,-0.004172325134277344,-0.019371509552001953,-0.012218952178955078
1,712,7.12,7746.081054210663,7747.13009595871,7745.72491645813,7747.030556201935,-0.006556510925292969,-0.005066394805908203,-0.018775463104248047,-0.013709068298339844
1,713,7.13,7746.07390165329,7747.123241424561,7745.709121227264,7747.01863527298,-0.007152557373046875,-0.006854534149169922,-0.015795230865478516,-0.011920928955078125
1,714,7.140000000000001,7746.06853723526,7747.1160888671875,7745.692729949951,7747.005224227905,-0.005364418029785156,-0.007152557373046875,-0.016391277313232422,-0.01341104507446289
1,715,7.15,7746.0625767707825,7747.109532356262,7745.678424835205,7746.992707252502,-0.0059604644775390625,-0.006556510925292969,-0.01430511474609375,-0.012516975402832031
1,716,7.16,7746.056020259857,7747.1014857292175,7745.664417743683,7746.978998184204,-0.006556510925292969,-0.008046627044677734,-0.014007091522216797,-0.013709068298339844
1,717,7.17,7746.051549911499,7747.0943331718445,7745.65190076828,7746.96558713913,-0.004470348358154297,-0.007152557373046875,-0.012516975402832031,-0.01341104507446289
1,718,7.18,7746.0455894470215,7747.085690498352,7745.639979839325,7746.952474117279,-0.0059604644775390625,-0.00864267349243164,-0.011920928955078125,-0.013113021850585938
1,719,7.19,7746.041119098663,7747.077941894531,7745.629251003265,7746.939063072205,-0.004470348358154297,-0.007748603820800781,-0.010728836059570312,-0.01341104507446289
1,720,7.2,7746.037244796753,7747.069895267487,7745.619118213654,7746.92565202713,-0.0038743019104003906,-0.008046627044677734,-0.010132789611816406,-0.01341104507446289
1,721,7.21,7746.0333704948425,7747.060060501099,7745.610177516937,7746.9125390052795,-0.0038743019104003906,-0.009834766387939453,-0.008940696716308594,-0.013113021850585938
1,722,7.22,7746.028006076813,7747.050821781158,7745.603024959564,7746.898829936981,-0.005364418029785156,-0.009238719940185547,-0.007152557373046875,-0.013709068298339844
1,723,7.23,7746.02472782135,7747.042179107666,7745.595276355743,7746.884822845459,-0.0032782554626464844,-0.00864267349243164,-0.007748603820800781,-0.014007091522216797
1,724,7.24,7746.020555496216,7747.031450271606,7745.588719844818,7746.871709823608,-0.004172325134277344,-0.010728836059570312,-0.006556510925292969,-0.013113021850585938
1,725,7.25,7746.017873287201,7747.021317481995,7745.583057403564,7746.858298778534,-0.002682209014892578,-0.010132789611816406,-0.005662441253662109,-0.01341104507446289
1,726,7.26,7746.013700962067,7747.010588645935,7745.579779148102,7746.845185756683,-0.004172325134277344,-0.010728836059570312,-0.0032782554626464844,-0.013113021850585938
1,727,7.2700000000000005,7746.01012468338,7746.99866771698,7745.577394962311,7746.832072734833,-0.0035762786865234375,-0.011920928955078125,-0.002384185791015625,-0.013113021850585938
1,728,7.28,7746.006548404694,7746.987342834473,7745.574116706848,7746.818661689758,-0.0035762786865234375,-0.011324882507324219,-0.0032782554626464844,-0.01341104507446289
1,729,7.29,7746.0044622421265,7746.976315975189,7745.572030544281,7746.805250644684,-0.002086162567138672,-0.011026859283447266,-0.002086162567138672,-0.01341104507446289
1,730,7.3,7746.00088596344,7746.9635009765625,7745.572030544281,7746.793031692505,-0.0035762786865234375,-0.012814998626708984,0.0,-0.012218952178955078
1,731,7.3100000000000005,7745.998203754425,7746.950685977936,7745.572030544281,7746.780514717102,-0.002682209014892578,-0.012814998626708984,0.0,-0.012516975402832031
1,732,7.32,7745.9970116615295,7746.9393610954285,7745.572328567505,7746.767103672028,-0.0011920928955078125,-0.011324882507324219,0.0002980232238769531,-0.01341104507446289
1,733,7.33,7745.994329452515,7746.926546096802,7745.5732226371765,7746.754288673401,-0.002682209014892578,-0.012814998626708984,0.0008940696716308594,-0.012814998626708984
1,734,7.34,7745.991945266724,7746.912837028503,7745.576500892639,7746.742963790894,-0.002384185791015625,-0.013709068298339844,0.0032782554626464844,-0.011324882507324219
1,735,7.3500000000000005,7745.99015712738,7746.900022029877,7745.57888507843,7746.730744838715,-0.0017881393432617188,-0.012814998626708984,0.002384185791015625,-0.012218952178955078
1,736,7.36,7745.988965034485,7746.886610984802,7745.582759380341,7746.7188239097595,-0.0011920928955078125,-0.01341104507446289,0.0038743019104003906,-0.011920928955078125
1,737,7.37,7745.987176895142,7746.873199939728,7745.588421821594,7746.706902980804,-0.0017881393432617188,-0.01341104507446289,0.005662441253662109,-0.011920928955078125
1,738,7.38,7745.98628282547,7746.859490871429,7745.591998100281,7746.695876121521,-0.0008940696716308594,-0.013709068298339844,0.0035762786865234375,-0.011026859283447266
1,739,7.390000000000001,7745.984196662903,7746.846079826355,7745.59885263443,7746.683955192566,-0.002086162567138672,-0.01341104507446289,0.006854534149169922,-0.011920928955078125
1,740,7.4,7745.983898639679,7746.832072734833,7745.60421705246,7746.671438217163,-0.0002980232238769531,-0.014007091522216797,0.005364418029785156,-0.012516975402832031
1,741,7.41,7745.98240852356,7746.817767620087,7745.610475540161,7746.66041135788,-0.0014901161193847656,-0.01430511474609375,0.006258487701416016,-0.011026859283447266
1,742,7.42,7745.981812477112,7746.804058551788,7745.618522167206,7746.64968252182,-0.0005960464477539062,-0.013709068298339844,0.008046627044677734,-0.010728836059570312
1,743,7.43,7745.980620384216,7746.790945529938,7745.625972747803,7746.638059616089,-0.0011920928955078125,-0.013113021850585938,0.007450580596923828,-0.011622905731201172
1,744,7.44,7745.980620384216,7746.77574634552,7745.634019374847,7746.6267347335815,0.0,-0.01519918441772461,0.008046627044677734,-0.011324882507324219
1,745,7.45,7745.980620384216,7746.762335300446,7745.642960071564,7746.616005897522,0.0,-0.01341104507446289,0.008940696716308594,-0.010728836059570312
1,746,7.46,7745.979726314545,7746.747434139252,7745.651304721832,7746.6049790382385,-0.0008940696716308594,-0.014901161193847656,0.008344650268554688,-0.011026859283447266
1,747,7.47,7745.979130268097,7746.732532978058,7745.66262960434,7746.595740318298,-0.0005960464477539062,-0.014901161193847656,0.011324882507324219,-0.009238719940185547
1,748,7.48,7745.978832244873,7746.7188239097595,7745.673954486847,7746.586203575134,-0.0002980232238769531,-0.013709068298339844,0.011324882507324219,-0.0095367431640625
1,749,7.49,7745.980024337769,7746.705412864685,7745.683193206787,7746.5760707855225,0.0011920928955078125,-0.01341104507446289,0.009238719940185547,-0.010132789611816406
1,750,7.5,7745.980322360992,7746.691107749939,7745.694816112518,7746.565937995911,0.0002980232238769531,-0.01430511474609375,0.011622905731201172,-0.010132789611816406
1,751,7.51,7745.981216430664,7746.677994728088,7745.70494890213,7746.556103229523,0.0008940696716308594,-0.013113021850585938,0.010132789611816406,-0.009834766387939453
1,752,7.5200000000000005,7745.981514453888,7746.662795543671,7745.717167854309,7746.545970439911,0.0002980232238769531,-0.01519918441772461,0.012218952178955078,-0.010132789611816406
1,753,7.53,7745.98240852356,7746.650874614716,7745.729088783264,7746.537029743195,0.0008940696716308594,-0.011920928955078125,0.011920928955078125,-0.008940696716308594
1,754,7.54,7745.98240852356,7746.635377407074,7745.74339389801,7746.529281139374,0.0,-0.015497207641601562,0.01430511474609375,-0.007748603820800781
1,755,7.55,7745.984494686127,7746.622264385223,7745.755314826965,7746.520042419434,0.002086162567138672,-0.013113021850585938,0.011920928955078125,-0.009238719940185547
1,756,7.5600000000000005,7745.984792709351,7746.609747409821,7745.767831802368,7746.510803699493,0.0002980232238769531,-0.012516975402832031,0.012516975402832031,-0.009238719940185547
1,757,7.57,7745.98628282547,7746.595740318298,7745.782732963562,7746.503055095673,0.0014901161193847656,-0.014007091522216797,0.014901161193847656,-0.007748603820800781
1,758,7.58,7745.986878871918,7746.58203125,7745.7961440086365,7746.49441242218,0.0005960464477539062,-0.013709068298339844,0.01341104507446289,-0.00864267349243164
1,759,7.59,7745.988368988037,7746.569514274597,7745.809853076935,7746.486663818359,0.0014901161193847656,-0.012516975402832031,0.013709068298339844,-0.007748603820800781
1,760,7.6000000000000005,7745.990455150604,7746.556997299194,7745.824158191681,7746.479213237762,0.002086162567138672,-0.012516975402832031,0.01430511474609375,-0.007450580596923828
1,761,7.61,7745.991945266724,7746.542990207672,7745.839059352875,7746.472060680389,0.0014901161193847656,-0.014007091522216797,0.014901161193847656,-0.007152557373046875
1,762,7.62,7745.994329452515,7746.531665325165,7745.85485458374,7746.46520614624,0.002384185791015625,-0.011324882507324219,0.015795230865478516,-0.006854534149169922
1,763,7.63,7745.996117591858,7746.519148349762,7745.868563652039,7746.457755565643,0.0017881393432617188,-0.012516975402832031,0.013709068298339844,-0.007450580596923828
1,764,7.640000000000001,7745.998203754425,7746.507525444031,7745.8831667900085,7746.451199054718,0.002086162567138672,-0.011622905731201172,0.014603137969970703,-0.006556510925292969
1,765,7.65,7746.000587940216,7746.495306491852,7745.89866399765,7746.445536613464,0.002384185791015625,-0.012218952178955078,0.015497207641601562,-0.005662441253662109
1,766,7.66,7746.00088596344,7746.4815974235535,7745.915353298187,7746.439576148987,0.0002980232238769531,-0.013709068298339844,0.016689300537109375,-0.0059604644775390625
1,767,7.67,7746.004164218903,7746.471166610718,7745.9293603897095,7746.4330196380615,0.0032782554626464844,-0.01043081283569336,0.014007091522216797,-0.006556510925292969
1,768,7.68,7746.007442474365,7746.460139751434,7745.945453643799,7746.427655220032,0.0032782554626464844,-0.011026859283447266,0.01609325408935547,-0.005364418029785156
1,769,7.69,7746.009826660156,7746.448814868927,7745.961546897888,7746.422290802002,0.002384185791015625,-0.011324882507324219,0.01609325408935547,-0.005364418029785156
1,770,7.7,7746.011912822723,7746.437788009644,7745.978832244873,7746.41752243042,0.002086162567138672,-0.011026859283447266,0.01728534698486328,-0.00476837158203125
1,771,7.71,7746.014893054962,7746.426463127136,7745.9946274757385,7746.412754058838,0.0029802322387695312,-0.011324882507324219,0.015795230865478516,-0.00476837158203125
1,772,7.72,7746.018469333649,7746.416330337524,7746.009528636932,7746.40828371048,0.0035762786865234375,-0.010132789611816406,0.014901161193847656,-0.004470348358154297
1,773,7.73,7746.021449565887,7746.405601501465,7746.025323867798,7746.403217315674,0.0029802322387695312,-0.010728836059570312,0.015795230865478516,-0.005066394805908203
1,774,7.74,7746.024429798126,7746.3966608047485,7746.0432052612305,7746.399939060211,0.0029802322387695312,-0.008940696716308594,0.017881393432617188,-0.0032782554626464844
1,775,7.75,7746.028006076813,7746.385931968689,7746.058702468872,7746.3966608047485,0.0035762786865234375,-0.010728836059570312,0.015497207641601562,-0.0032782554626464844
1,776,7.76,7746.030688285828,7746.37758731842,7746.074497699738,7746.393382549286,0.002682209014892578,-0.008344650268554688,0.015795230865478516,-0.0032782554626464844
1,777,7.7700000000000005,7746.034264564514,7746.367454528809,7746.091187000275,7746.3895082473755,0.0035762786865234375,-0.010132789611816406,0.016689300537109375,-0.0038743019104003906
1,778,7.78,7746.037840843201,7746.35910987854,7746.108770370483,7746.387422084808,0.0035762786865234375,-0.008344650268554688,0.017583370208740234,-0.002086162567138672
1,779,7.79,7746.040523052216,7746.348679065704,7746.125161647797,7746.385335922241,0.002682209014892578,-0.01043081283569336,0.016391277313232422,-0.002086162567138672
1,780,7.8,7746.04469537735,7746.3409304618835,7746.140360832214,7746.38295173645,0.004172325134277344,-0.007748603820800781,0.01519918441772461,-0.002384185791015625
1,781,7.8100000000000005,7746.047675609589,7746.331989765167,7746.158242225647,7746.381163597107,0.0029802322387695312,-0.008940696716308594,0.017881393432617188,-0.0017881393432617188
1,782,7.82,7746.050953865051,7746.32453918457,7746.174931526184,7746.379673480988,0.0032782554626464844,-0.007450580596923828,0.016689300537109375,-0.0014901161193847656
1,783,7.83,7746.056020259857,7746.316492557526,7746.191024780273,7746.37758731842,0.005066394805908203,-0.008046627044677734,0.01609325408935547,-0.002086162567138672
1,784,7.84,7746.059596538544,7746.309340000153,7746.208906173706,7746.376991271973,0.0035762786865234375,-0.007152557373046875,0.017881393432617188,-0.0005960464477539062
1,785,7.8500000000000005,7746.062874794006,7746.301591396332,7746.226489543915,7746.376693248749,0.0032782554626464844,-0.007748603820800781,0.017583370208740234,-0.0002980232238769531
1,786,7.86,7746.067047119141,7746.29533290863,7746.24228477478,7746.376097202301,0.004172325134277344,-0.006258487701416016,0.015795230865478516,-0.0005960464477539062
1,787,7.87,7746.071815490723,7746.288776397705,7746.259570121765,7746.376097202301,0.00476837158203125,-0.006556510925292969,0.01728534698486328,0.0
1,788,7.88,7746.076285839081,7746.283710002899,7746.274471282959,7746.3749051094055,0.004470348358154297,-0.005066394805908203,0.014901161193847656,-0.0011920928955078125
1,789,7.890000000000001,7746.0795640945435,7746.276557445526,7746.291160583496,7746.375501155853,0.0032782554626464844,-0.007152557373046875,0.016689300537109375,0.0005960464477539062
1,790,7.9,7746.0843324661255,7746.271193027496,7746.308147907257,7746.376395225525,0.00476837158203125,-0.005364418029785156,0.016987323760986328,0.0008940696716308594
1,791,7.91,7746.087908744812,7746.265530586243,7746.32602930069,7746.3772892951965,0.0035762786865234375,-0.005662441253662109,0.017881393432617188,0.0008940696716308594
1,792,7.92,7746.092975139618,7746.260762214661,7746.342420578003,7746.378779411316,0.005066394805908203,-0.00476837158203125,0.016391277313232422,0.0014901161193847656
1,793,7.930000000000001,7746.096849441528,7746.255099773407,7746.35910987854,7746.380269527435,0.0038743019104003906,-0.005662441253662109,0.016689300537109375,0.0014901161193847656
1,794,7.94,7746.101915836334,7746.251821517944,7746.376097202301,7746.382355690002,0.005066394805908203,-0.0032782554626464844,0.016987323760986328,0.002086162567138672
1,795,7.95,7746.107876300812,7746.24764919281,7746.393084526062,7746.38444185257,0.0059604644775390625,-0.004172325134277344,0.016987323760986328,0.002086162567138672
1,796,7.96,7746.111154556274,7746.2440729141235,7746.40828371048,7746.386528015137,0.0032782554626464844,-0.0035762786865234375,0.01519918441772461,0.002086162567138672
1,797,7.97,7746.117413043976,7746.241390705109,7746.424973011017,7746.389806270599,0.006258487701416016,-0.002682209014892578,0.016689300537109375,0.0032782554626464844
1,798,7.98,7746.12158536911,7746.238112449646,7746.44136428833,7746.392488479614,0.004172325134277344,-0.0032782554626464844,0.016391277313232422,0.002682209014892578
1,799,7.99,7746.12694978714,7746.235430240631,7746.4559674263,7746.395468711853,0.005364418029785156,-0.002682209014892578,0.014603137969970703,0.0029802322387695312
1,800,8.0,7746.13231420517,7746.233344078064,7746.473252773285,7746.399343013763,0.005364418029785156,-0.002086162567138672,0.01728534698486328,0.0038743019104003906
1,801,8.01,7746.1376786231995,7746.230661869049,7746.489346027374,7746.403813362122,0.005364418029785156,-0.002682209014892578,0.01609325408935547,0.004470348358154297
1,802,8.02,7746.143639087677,7746.22917175293,7746.50365114212,7746.407091617584,0.0059604644775390625,-0.0014901161193847656,0.01430511474609375,0.0032782554626464844
1,803,8.03,7746.149301528931,7746.228575706482,7746.519148349762,7746.411859989166,0.005662441253662109,-0.0005960464477539062,0.015497207641601562,0.00476837158203125
1,804,8.040000000000001,7746.155261993408,7746.227085590363,7746.534049510956,7746.416628360748,0.0059604644775390625,-0.0014901161193847656,0.014901161193847656,0.00476837158203125
1,805,8.05,7746.162116527557,7746.227085590363,7746.548652648926,7746.42139673233,0.006854534149169922,0.0,0.014603137969970703,0.00476837158203125
1,806,8.06,7746.167480945587,7746.226191520691,7746.562957763672,7746.426165103912,0.005364418029785156,-0.0008940696716308594,0.01430511474609375,0.00476837158203125
1,807,8.07,7746.175229549408,7746.22768163681,7746.577262878418,7746.43212556839,0.007748603820800781,0.0014901161193847656,0.01430511474609375,0.0059604644775390625
1,808,8.08,7746.181488037109,7746.22917175293,7746.589183807373,7746.436297893524,0.006258487701416016,0.0014901161193847656,0.011920928955078125,0.004172325134277344
1,809,8.09,7746.187448501587,7746.227979660034,7746.604084968567,7746.4428544044495,0.0059604644775390625,-0.0011920928955078125,0.014901161193847656,0.006556510925292969
1,810,8.1,7746.194899082184,7746.229469776154,7746.616899967194,7746.448516845703,0.007450580596923828,0.0014901161193847656,0.012814998626708984,0.005662441253662109
1,811,8.11,7746.201753616333,7746.230661869049,7746.630907058716,7746.455073356628,0.006854534149169922,0.0011920928955078125,0.014007091522216797,0.006556510925292969
1,812,8.120000000000001,7746.209502220154,7746.23304605484,7746.642529964447,7746.460735797882,0.007748603820800781,0.002384185791015625,0.011622905731201172,0.005662441253662109
1,813,8.13,7746.216952800751,7746.235728263855,7746.654450893402,7746.467292308807,0.007450580596923828,0.002682209014892578,0.011920928955078125,0.006556510925292969
1,814,8.14,7746.224105358124,7746.237218379974,7746.666371822357,7746.474742889404,0.007152557373046875,0.0014901161193847656,0.011920928955078125,0.007450580596923828
1,815,8.15,7746.232450008392,7746.23841047287,7746.678292751312,7746.482193470001,0.008344650268554688,0.0011920928955078125,0.011920928955078125,0.007450580596923828
1,816,8.16,7746.240496635437,7746.242582798004,7746.688723564148,7746.48904800415,0.008046627044677734,0.004172325134277344,0.01043081283569336,0.006854534149169922
1,817,8.17,7746.248543262482,7746.245265007019,7746.700346469879,7746.4959025383,0.008046627044677734,0.002682209014892578,0.011622905731201172,0.006854534149169922
1,818,8.18,7746.255695819855,7746.248245239258,7746.711373329163,7746.503949165344,0.007152557373046875,0.0029802322387695312,0.011026859283447266,0.008046627044677734
1,819,8.19,7746.265232563019,7746.25301361084,7746.719717979431,7746.511697769165,0.0095367431640625,0.00476837158203125,0.008344650268554688,0.007748603820800781
1,820,8.2,7746.272385120392,7746.254801750183,7746.730148792267,7746.518850326538,0.007152557373046875,0.0017881393432617188,0.01043081283569336,0.007152557373046875
1,821,8.21,7746.28221988678,7746.260464191437,7746.739089488983,7746.525704860687,0.009834766387939453,0.005662441253662109,0.008940696716308594,0.006854534149169922
1,822,8.22,7746.2902665138245,7746.264338493347,7746.748626232147,7746.534049510956,0.008046627044677734,0.0038743019104003906,0.0095367431640625,0.008344650268554688
1,823,8.23,7746.298611164093,7746.267914772034,7746.756076812744,7746.542394161224,0.008344650268554688,0.0035762786865234375,0.007450580596923828,0.008344650268554688
1,824,8.24,7746.306657791138,7746.272385120392,7746.765315532684,7746.550738811493,0.008046627044677734,0.004470348358154297,0.009238719940185547,0.008344650268554688
1,825,8.25,7746.31530046463,7746.277153491974,7746.772766113281,7746.558785438538,0.00864267349243164,0.00476837158203125,0.007450580596923828,0.008046627044677734
1,826,8.26,7746.323943138123,7746.282517910004,7746.780216693878,7746.56742811203,0.00864267349243164,0.005364418029785156,0.007450580596923828,0.00864267349243164
1,827,8.27,7746.332287788391,7746.286392211914,7746.788859367371,7746.5760707855225,0.008344650268554688,0.0038743019104003906,0.00864267349243164,0.00864267349243164
1,828,8.28,7746.342122554779,7746.292352676392,7746.795415878296,7746.584117412567,0.009834766387939453,0.0059604644775390625,0.006556510925292969,0.008046627044677734
1,829,8.290000000000001,7746.349573135376,7746.2974190711975,7746.80107831955,7746.592462062836,0.007450580596923828,0.005066394805908203,0.005662441253662109,0.008344650268554688
1,830,8.3,7746.360003948212,7746.303975582123,7746.806442737579,7746.599018573761,0.01043081283569336,0.006556510925292969,0.005364418029785156,0.006556510925292969
1,831,8.31,7746.3677525520325,7746.307849884033,7746.8132972717285,7746.609449386597,0.007748603820800781,0.0038743019104003906,0.006854534149169922,0.01043081283569336
1,832,8.32,7746.376097202301,7746.314108371735,7746.818065643311,7746.6171979904175,0.008344650268554688,0.006258487701416016,0.00476837158203125,0.007748603820800781
1,833,8.33,7746.385931968689,7746.320068836212,7746.823728084564,7746.625244617462,0.009834766387939453,0.0059604644775390625,0.005662441253662109,0.008046627044677734
1,834,8.34,7746.394574642181,7746.325731277466,7746.827304363251,7746.633291244507,0.00864267349243164,0.005662441253662109,0.0035762786865234375,0.008046627044677734
1,835,8.35,7746.402323246002,7746.330797672272,7746.832966804504,7746.641933917999,0.007748603820800781,0.005066394805908203,0.005662441253662109,0.00864267349243164
1,836,8.36,7746.411561965942,7746.337652206421,7746.837437152863,7746.650278568268,0.009238719940185547,0.006854534149169922,0.004470348358154297,0.008344650268554688
1,837,8.370000000000001,7746.419608592987,7746.343314647675,7746.841013431549,7746.658623218536,0.008046627044677734,0.005662441253662109,0.0035762786865234375,0.008344650268554688
1,838,8.38,7746.428847312927,7746.350467205048,7746.844589710236,7746.667265892029,0.009238719940185547,0.007152557373046875,0.0035762786865234375,0.00864267349243164
1,839,8.39,7746.437788009644,7746.356129646301,7746.848165988922,7746.674716472626,0.008940696716308594,0.005662441253662109,0.0035762786865234375,0.007450580596923828
1,840,8.4,7746.446430683136,7746.36298418045,7746.850550174713,7746.683955192566,0.00864267349243164,0.006854534149169922,0.002384185791015625,0.009238719940185547
1,841,8.41,7746.453881263733,7746.36834859848,7746.853828430176,7746.691703796387,0.007450580596923828,0.005364418029785156,0.0032782554626464844,0.007748603820800781
1,842,8.42,7746.462821960449,7746.3749051094055,7746.856212615967,7746.700048446655,0.008940696716308594,0.006556510925292969,0.002384185791015625,0.008344650268554688
1,843,8.43,7746.470272541046,7746.381461620331,7746.858298778534,7746.707797050476,0.007450580596923828,0.006556510925292969,0.002086162567138672,0.007748603820800781
1,844,8.44,7746.478915214539,7746.388018131256,7746.860384941101,7746.715545654297,0.00864267349243164,0.006556510925292969,0.002086162567138672,0.007748603820800781
1,845,8.45,7746.486067771912,7746.39368057251,7746.860384941101,7746.723294258118,0.007152557373046875,0.005662441253662109,0.0,0.007748603820800781
1,846,8.46,7746.494710445404,7746.402025222778,7746.861577033997,7746.730446815491,0.00864267349243164,0.008344650268554688,0.0011920928955078125,0.007152557373046875
1,847,8.47,7746.503055095673,7746.40828371048,7746.863961219788,7746.738791465759,0.008344650268554688,0.006258487701416016,0.002384185791015625,0.008344650268554688
1,848,8.48,7746.5105056762695,7746.4160323143005,7746.863961219788,7746.745347976685,0.007450580596923828,0.007748603820800781,0.0,0.006556510925292969
1,849,8.49,7746.51825428009,7746.421694755554,7746.865153312683,7746.753692626953,0.007748603820800781,0.005662441253662109,0.0011920928955078125,0.008344650268554688
1,850,8.5,7746.526598930359,7746.428847312927,7746.863663196564,7746.759653091431,0.008344650268554688,0.007152557373046875,-0.0014901161193847656,0.0059604644775390625
1,851,8.51,7746.533751487732,7746.435701847076,7746.862769126892,7746.766209602356,0.007152557373046875,0.006854534149169922,-0.0008940696716308594,0.006556510925292969
1,852,8.52,7746.541202068329,7746.443152427673,7746.863961219788,7746.773362159729,0.007450580596923828,0.007450580596923828,0.0011920928955078125,0.007152557373046875
1,853,8.53,7746.548056602478,7746.450304985046,7746.862471103668,7746.77962064743,0.006854534149169922,0.007152557373046875,-0.0014901161193847656,0.006258487701416016
1,854,8.540000000000001,7746.556103229523,7746.456265449524,7746.8642592430115,7746.78647518158,0.008046627044677734,0.0059604644775390625,0.0017881393432617188,0.006854534149169922
1,855,8.55,7746.562659740448,7746.463119983673,7746.861577033997,7746.793031692505,0.006556510925292969,0.006854534149169922,-0.002682209014892578,0.006556510925292969
1,856,8.56,7746.570110321045,7746.469974517822,7746.860980987549,7746.800184249878,0.007450580596923828,0.006854534149169922,-0.0005960464477539062,0.007152557373046875
1,857,8.57,7746.5760707855225,7746.476531028748,7746.859788894653,7746.8061447143555,0.0059604644775390625,0.006556510925292969,-0.0011920928955078125,0.0059604644775390625
1,858,8.58,7746.582627296448,7746.483087539673,7746.858596801758,7746.811807155609,0.006556510925292969,0.006556510925292969,-0.0011920928955078125,0.005662441253662109
1,859,8.59,7746.5879917144775,7746.489346027374,7746.856808662415,7746.818661689758,0.005364418029785156,0.006258487701416016,-0.0017881393432617188,0.006854534149169922
1,860,8.6,7746.595144271851,7746.496796607971,7746.855318546295,7746.824026107788,0.007152557373046875,0.007450580596923828,-0.0014901161193847656,0.005364418029785156
1,861,8.61,7746.600806713104,7746.50365114212,7746.852934360504,7746.829092502594,0.005662441253662109,0.006854534149169922,-0.002384185791015625,0.005066394805908203
1,862,8.620000000000001,7746.607661247253,7746.509611606598,7746.851146221161,7746.834456920624,0.006854534149169922,0.0059604644775390625,-0.0017881393432617188,0.005364418029785156
1,863,8.63,7746.613621711731,7746.517360210419,7746.848464012146,7746.840417385101,0.0059604644775390625,0.007748603820800781,-0.002682209014892578,0.0059604644775390625
1,864,8.64,7746.6195821762085,7746.523916721344,7746.846079826355,7746.845185756683,0.0059604644775390625,0.006556510925292969,-0.002384185791015625,0.00476837158203125
1,865,8.65,7746.625244617462,7746.5298771858215,7746.845185756683,7746.850550174713,0.005662441253662109,0.0059604644775390625,-0.0008940696716308594,0.005364418029785156
1,866,8.66,7746.630311012268,7746.536135673523,7746.841609477997,7746.855318546295,0.005066394805908203,0.006258487701416016,-0.0035762786865234375,0.00476837158203125
1,867,8.67,7746.635377407074,7746.542394161224,7746.839225292206,7746.859490871429,0.005066394805908203,0.006258487701416016,-0.002384185791015625,0.004172325134277344
1,868,8.68,7746.641635894775,7746.549844741821,7746.835649013519,7746.863961219788,0.006258487701416016,0.007450580596923828,-0.0035762786865234375,0.004470348358154297
1,869,8.69,7746.647298336029,7746.556103229523,7746.831476688385,7746.867835521698,0.005662441253662109,0.006258487701416016,-0.004172325134277344,0.0038743019104003906
1,870,8.700000000000001,7746.650874614716,7746.562361717224,7746.829688549042,7746.872901916504,0.0035762786865234375,0.006258487701416016,-0.0017881393432617188,0.005066394805908203
1,871,8.71,7746.656835079193,7746.5686202049255,7746.8255162239075,7746.875882148743,0.0059604644775390625,0.006258487701416016,-0.004172325134277344,0.0029802322387695312
1,872,8.72,7746.661007404327,7746.573686599731,7746.822535991669,7746.880054473877,0.004172325134277344,0.005066394805908203,-0.0029802322387695312,0.004172325134277344
1,873,8.73,7746.665477752686,7746.580243110657,7746.81955575943,7746.884226799011,0.004470348358154297,0.006556510925292969,-0.0029802322387695312,0.004172325134277344
1,874,8.74,7746.66965007782,7746.586203575134,7746.817171573639,7746.8883991241455,0.004172325134277344,0.0059604644775390625,-0.002384185791015625,0.004172325134277344
1,875,8.75,7746.673822402954,7746.593654155731,7746.811807155609,7746.89108133316,0.004172325134277344,0.007450580596923828,-0.005364418029785156,0.002682209014892578
1,876,8.76,7746.678292751312,7746.598422527313,7746.80882692337,7746.894061565399,0.004470348358154297,0.00476837158203125,-0.0029802322387695312,0.0029802322387695312
1,877,8.77,7746.681869029999,7746.604681015015,7746.804356575012,7746.897041797638,0.0035762786865234375,0.006258487701416016,-0.004470348358154297,0.0029802322387695312
1,878,8.78,7746.686637401581,7746.611535549164,7746.799886226654,7746.899425983429,0.00476837158203125,0.006854534149169922,-0.004470348358154297,0.002384185791015625
1,879,8.790000000000001,7746.690511703491,7746.616899967194,7746.7963099479675,7746.901512145996,0.0038743019104003906,0.005364418029785156,-0.0035762786865234375,0.002086162567138672
1,880,8.8,7746.694087982178,7746.622860431671,7746.793329715729,7746.904492378235,0.0035762786865234375,0.0059604644775390625,-0.0029802322387695312,0.0029802322387695312
1,881,8.81,7746.697664260864,7746.628522872925,7746.788859367371,7746.906280517578,0.0035762786865234375,0.005662441253662109,-0.004470348358154297,0.0017881393432617188
1,882,8.82,7746.699750423431,7746.6341853141785,7746.784389019012,7746.909558773041,0.002086162567138672,0.005662441253662109,-0.004470348358154297,0.0032782554626464844
1,883,8.83,7746.705114841461,7746.639549732208,7746.781408786774,7746.910750865936,0.005364418029785156,0.005364418029785156,-0.0029802322387695312,0.0011920928955078125
1,884,8.84,7746.7080950737,7746.644914150238,7746.776342391968,7746.913135051727,0.0029802322387695312,0.005364418029785156,-0.005066394805908203,0.002384185791015625
1,885,8.85,7746.710777282715,7746.650874614716,7746.77187204361,7746.914625167847,0.002682209014892578,0.0059604644775390625,-0.004470348358154297,0.0014901161193847656
1,886,8.86,7746.712565422058,7746.655642986298,7746.767997741699,7746.915519237518,0.0017881393432617188,0.00476837158203125,-0.0038743019104003906,0.0008940696716308594
1,887,8.870000000000001,7746.716141700745,7746.661305427551,7746.764719486237,7746.917009353638,0.0035762786865234375,0.005662441253662109,-0.0032782554626464844,0.0014901161193847656
1,888,8.88,7746.718227863312,7746.666371822357,7746.760547161102,7746.917307376862,0.002086162567138672,0.005066394805908203,-0.004172325134277344,0.0002980232238769531
1,889,8.89,7746.7212080955505,7746.670842170715,7746.756672859192,7746.919095516205,0.0029802322387695312,0.004470348358154297,-0.0038743019104003906,0.0017881393432617188
1,890,8.9,7746.721804141998,7746.675908565521,7746.753692626953,7746.9202876091,0.0005960464477539062,0.005066394805908203,-0.0029802322387695312,0.0011920928955078125
1,891,8.91,7746.724188327789,7746.680378913879,7746.748328208923,7746.920585632324,0.002384185791015625,0.004470348358154297,-0.005364418029785156,0.0002980232238769531
1,892,8.92,7746.72657251358,7746.685147285461,7746.745347976685,7746.9223737716675,0.002384185791015625,0.00476837158203125,-0.0029802322387695312,0.0017881393432617188
1,893,8.93,7746.7280626297,7746.689319610596,7746.741771697998,7746.922671794891,0.0014901161193847656,0.004172325134277344,-0.0035762786865234375,0.0002980232238769531
1,894,8.94,7746.730446815491,7746.6946840286255,7746.736705303192,7746.922671794891,0.002384185791015625,0.005364418029785156,-0.005066394805908203,0.0
1,895,8.950000000000001,7746.732234954834,7746.69885635376,7746.7334270477295,7746.923565864563,0.0017881393432617188,0.004172325134277344,-0.0032782554626464844,0.0008940696716308594
1,896,8.96,7746.732532978058,7746.702432632446,7746.729254722595,7746.922969818115,0.0002980232238769531,0.0035762786865234375,-0.004172325134277344,-0.0005960464477539062
1,897,8.97,7746.735215187073,7746.707201004028,7746.726274490356,7746.922969818115,0.002682209014892578,0.00476837158203125,-0.0029802322387695312,0.0
1,898,8.98,7746.737003326416,7746.712267398834,7746.7212080955505,7746.922969818115,0.0017881393432617188,0.005066394805908203,-0.005066394805908203,0.0
1,899,8.99,7746.73730134964,7746.715247631073,7746.718227863312,7746.922969818115,0.0002980232238769531,0.0029802322387695312,-0.0029802322387695312,0.0
1,900,9.0,7746.7381954193115,7746.719717979431,7746.71345949173,7746.922671794891,0.0008940696716308594,0.004470348358154297,-0.00476837158203125,-0.0002980232238769531
1,901,9.01,7746.739983558655,7746.723294258118,7746.711373329163,7746.922969818115,0.0017881393432617188,0.0035762786865234375,-0.002086162567138672,0.0002980232238769531
1,902,9.02,7746.7405796051025,7746.726274490356,7746.707499027252,7746.9223737716675,0.0005960464477539062,0.0029802322387695312,-0.0038743019104003906,-0.0005960464477539062
1,903,9.03,7746.742069721222,7746.730446815491,7746.703624725342,7746.920883655548,0.0014901161193847656,0.004172325134277344,-0.0038743019104003906,-0.0014901161193847656
1,904,9.040000000000001,7746.743261814117,7746.735513210297,7746.699154376984,7746.9202876091,0.0011920928955078125,0.005066394805908203,-0.004470348358154297,-0.0005960464477539062
1,905,9.05,7746.743857860565,7746.739089488983,7746.694982051849,7746.918499469757,0.0005960464477539062,0.0035762786865234375,-0.004172325134277344,-0.0017881393432617188
1,906,9.06,7746.744155883789,7746.742069721222,7746.692597866058,7746.918499469757,0.0002980232238769531,0.0029802322387695312,-0.002384185791015625,0.0
1,907,9.07,7746.744155883789,7746.745347976685,7746.690511703491,7746.917605400085,0.0,0.0032782554626464844,-0.002086162567138672,-0.0008940696716308594
1,908,9.08,7746.745944023132,7746.7504143714905,7746.686637401581,7746.915519237518,0.0017881393432617188,0.005066394805908203,-0.0038743019104003906,-0.002086162567138672
1,909,9.09,7746.745049953461,7746.752500534058,7746.6824650764465,7746.914625167847,-0.0008940696716308594,0.002086162567138672,-0.004172325134277344,-0.0008940696716308594
1,910,9.1,7746.745944023132,7746.756374835968,7746.678590774536,7746.912837028503,0.0008940696716308594,0.0038743019104003906,-0.0038743019104003906,-0.0017881393432617188
1,911,9.11,7746.746838092804,7746.759355068207,7746.674418449402,7746.910750865936,0.0008940696716308594,0.0029802322387695312,-0.004172325134277344,-0.002086162567138672
1,912,9.120000000000001,7746.747136116028,7746.762931346893,7746.673226356506,7746.908962726593,0.0002980232238769531,0.0035762786865234375,-0.0011920928955078125,-0.0017881393432617188
1,913,9.13,7746.74654006958,7746.764421463013,7746.66965007782,7746.9077706336975,-0.0005960464477539062,0.0014901161193847656,-0.0035762786865234375,-0.0011920928955078125
1,914,9.14,7746.74654006958,7746.767699718475,7746.667265892029,7746.906578540802,0.0,0.0032782554626464844,-0.002384185791015625,-0.0011920928955078125
1,915,9.15,7746.746838092804,7746.770083904266,7746.663987636566,7746.904790401459,0.0002980232238769531,0.002384185791015625,-0.0032782554626464844,-0.0017881393432617188
1,916,9.16,7746.747136116028,7746.772468090057,7746.661901473999,7746.903598308563,0.0002980232238769531,0.002384185791015625,-0.002086162567138672,-0.0011920928955078125
1,917,9.17,7746.745944023132,7746.775150299072,7746.658623218536,7746.901214122772,-0.0011920928955078125,0.002682209014892578,-0.0032782554626464844,-0.002384185791015625
1,918,9.18,7746.745645999908,7746.777236461639,7746.656239032745,7746.900022029877,-0.0002980232238769531,0.002086162567138672,-0.002384185791015625,-0.0011920928955078125
1,919,9.19,7746.745645999908,7746.778428554535,7746.654450893402,7746.898233890533,0.0,0.0011920928955078125,-0.0017881393432617188,-0.0017881393432617188
1,920,9.200000000000001,7746.745049953461,7746.780812740326,7746.650278568268,7746.896147727966,-0.0005960464477539062,0.002384185791015625,-0.004172325134277344,-0.002086162567138672
1,921,9.21,7746.746242046356,7746.783792972565,7746.647894382477,7746.894061565399,0.0011920928955078125,0.0029802322387695312,-0.002384185791015625,-0.002086162567138672
1,922,9.22,7746.745049953461,7746.785581111908,7746.646404266357,7746.891379356384,-0.0011920928955078125,0.0017881393432617188,-0.0014901161193847656,-0.002682209014892578
1,923,9.23,7746.743857860565,7746.785581111908,7746.645510196686,7746.890187263489,-0.0011920928955078125,0.0,-0.0008940696716308594,-0.0011920928955078125
1,924,9.24,7746.742963790894,7746.788263320923,7746.642529964447,7746.8883991241455,-0.0008940696716308594,0.002682209014892578,-0.0029802322387695312,-0.0017881393432617188
1,925,9.25,7746.74266576767,7746.790051460266,7746.6413378715515,7746.8860149383545,-0.0002980232238769531,0.0017881393432617188,-0.0011920928955078125,-0.002384185791015625
1,926,9.26,7746.742963790894,7746.792435646057,7746.636867523193,7746.883034706116,0.0002980232238769531,0.002384185791015625,-0.004470348358154297,-0.0029802322387695312
1,927,9.27,7746.742367744446,7746.793329715729,7746.635973453522,7746.880948543549,-0.0005960464477539062,0.0008940696716308594,-0.0008940696716308594,-0.002086162567138672
1,928,9.28,7746.740877628326,7746.7939257621765,7746.633887290955,7746.878564357758,-0.0014901161193847656,0.0005960464477539062,-0.002086162567138672,-0.002384185791015625
1,929,9.290000000000001,7746.7405796051025,7746.794521808624,7746.632397174835,7746.876776218414,-0.0002980232238769531,0.0005960464477539062,-0.0014901161193847656,-0.0017881393432617188
1,930,9.3,7746.740877628326,7746.797502040863,7746.630907058716,7746.874094009399,0.0002980232238769531,0.0029802322387695312,-0.0014901161193847656,-0.002682209014892578
1,931,9.31,7746.7405796051025,7746.798098087311,7746.628820896149,7746.8714118003845,-0.0002980232238769531,0.0005960464477539062,-0.002086162567138672,-0.002682209014892578
1,932,9.32,7746.739685535431,7746.79958820343,7746.627032756805,7746.8690276145935,-0.0008940696716308594,0.0014901161193847656,-0.0017881393432617188,-0.002384185791015625
1,933,9.33,7746.737897396088,7746.799290180206,7746.626138687134,7746.866941452026,-0.0017881393432617188,-0.0002980232238769531,-0.0008940696716308594,-0.002086162567138672
1,934,9.34,7746.739089488983,7746.801674365997,7746.623456478119,7746.863663196564,0.0011920928955078125,0.002384185791015625,-0.002682209014892578,-0.0032782554626464844
1,935,9.35,7746.73730134964,7746.801674365997,7746.623158454895,7746.861577033997,-0.0017881393432617188,0.0,-0.0002980232238769531,-0.002086162567138672
1,936,9.36,7746.7358112335205,7746.802866458893,7746.620178222656,7746.858298778534,-0.0014901161193847656,0.0011920928955078125,-0.0029802322387695312,-0.0032782554626464844
1,937,9.370000000000001,7746.7358112335205,7746.802866458893,7746.619880199432,7746.856808662415,0.0,0.0,-0.0002980232238769531,-0.0014901161193847656
1,938,9.38,7746.734917163849,7746.803164482117,7746.618688106537,7746.853828430176,-0.0008940696716308594,0.0002980232238769531,-0.0011920928955078125,-0.0029802322387695312
1,939,9.39,7746.733725070953,7746.803760528564,7746.618092060089,7746.851444244385,-0.0011920928955078125,0.0005960464477539062,-0.0005960464477539062,-0.002384185791015625
1,940,9.4,7746.732831001282,7746.804356575012,7746.616303920746,7746.849358081818,-0.0008940696716308594,0.0005960464477539062,-0.0017881393432617188,-0.002086162567138672
1,941,9.41,7746.731638908386,7746.804356575012,7746.61511182785,7746.846079826355,-0.0011920928955078125,0.0,-0.0011920928955078125,-0.0032782554626464844
1,942,9.42,7746.731638908386,7746.804356575012,7746.614217758179,7746.844291687012,0.0,0.0,-0.0008940696716308594,-0.0017881393432617188
1,943,9.43,7746.7310428619385,7746.804356575012,7746.612727642059,7746.841311454773,-0.0005960464477539062,0.0,-0.0014901161193847656,-0.0029802322387695312
1,944,9.44,7746.729552745819,7746.803462505341,7746.612727642059,7746.838927268982,-0.0014901161193847656,-0.0008940696716308594,0.0,-0.002384185791015625
1,945,9.450000000000001,7746.729552745819,7746.804654598236,7746.611535549164,7746.835649013519,0.0,0.0011920928955078125,-0.0011920928955078125,-0.0032782554626464844
1,946,9.46,7746.7286586761475,7746.805548667908,7746.610641479492,7746.8326687812805,-0.0008940696716308594,0.0008940696716308594,-0.0008940696716308594,-0.0029802322387695312
1,947,9.47,7746.727466583252,7746.803462505341,7746.611535549164,7746.831178665161,-0.0011920928955078125,-0.002086162567138672,0.0008940696716308594,-0.0014901161193847656
1,948,9.48,7746.726870536804,7746.80495262146,7746.609151363373,7746.827602386475,-0.0005960464477539062,0.0014901161193847656,-0.002384185791015625,-0.0035762786865234375
1,949,9.49,7746.724784374237,7746.803164482117,7746.609747409821,7746.825218200684,-0.002086162567138672,-0.0017881393432617188,0.0005960464477539062,-0.002384185791015625
1,950,9.5,7746.724784374237,7746.804058551788,7746.608555316925,7746.822237968445,0.0,0.0008940696716308594,-0.0011920928955078125,-0.0029802322387695312
1,951,9.51,7746.723592281342,7746.802866458893,7746.607959270477,7746.819853782654,-0.0011920928955078125,-0.0011920928955078125,-0.0005960464477539062,-0.002384185791015625
1,952,9.52,7746.722102165222,7746.801972389221,7746.607959270477,7746.817767620087,-0.0014901161193847656,-0.0008940696716308594,0.0,-0.002086162567138672
1,953,9.53,7746.720314025879,7746.79958820343,7746.609449386597,7746.8156814575195,-0.0017881393432617188,-0.002384185791015625,0.0014901161193847656,-0.002086162567138672
1,954,9.540000000000001,7746.720314025879,7746.800482273102,7746.606767177582,7746.811807155609,0.0,0.0008940696716308594,-0.002682209014892578,-0.0038743019104003906
1,955,9.55,7746.7188239097595,7746.798098087311,7746.607661247253,7746.810019016266,-0.0014901161193847656,-0.002384185791015625,0.0008940696716308594,-0.0017881393432617188
1,956,9.56,7746.717929840088,7746.798098087311,7746.6073632240295,7746.807336807251,-0.0008940696716308594,0.0,-0.0002980232238769531,-0.002682209014892578
1,957,9.57,7746.717035770416,7746.796607971191,7746.607959270477,7746.805250644684,-0.0008940696716308594,-0.0014901161193847656,0.0005960464477539062,-0.002086162567138672
1,958,9.58,7746.716141700745,7746.7963099479675,7746.607661247253,7746.802270412445,-0.0008940696716308594,-0.0002980232238769531,-0.0002980232238769531,-0.0029802322387695312
1,959,9.59,7746.714949607849,7746.794819831848,7746.608257293701,7746.799886226654,-0.0011920928955078125,-0.0014901161193847656,0.0005960464477539062,-0.002384185791015625
1,960,9.6,7746.714949607849,7746.794521808624,7746.608257293701,7746.797204017639,0.0,-0.0002980232238769531,0.0,-0.002682209014892578
1,961,9.61,7746.713757514954,7746.793329715729,7746.608555316925,7746.795415878296,-0.0011920928955078125,-0.0011920928955078125,0.0002980232238769531,-0.0017881393432617188
1,962,9.620000000000001,7746.713161468506,7746.793329715729,7746.606469154358,7746.791243553162,-0.0005960464477539062,0.0,-0.002086162567138672,-0.004172325134277344
1,963,9.63,7746.712267398834,7746.792733669281,7746.606171131134,7746.789455413818,-0.0008940696716308594,-0.0005960464477539062,-0.0002980232238769531,-0.0017881393432617188
1,964,9.64,7746.711373329163,7746.79034948349,7746.607661247253,7746.7867732048035,-0.0008940696716308594,-0.002384185791015625,0.0014901161193847656,-0.002682209014892578
1,965,9.65,7746.710777282715,7746.789753437042,7746.607065200806,7746.784090995789,-0.0005960464477539062,-0.0005960464477539062,-0.0005960464477539062,-0.002682209014892578
1,966,9.66,7746.709585189819,7746.787667274475,7746.607065200806,7746.78111076355,-0.0011920928955078125,-0.002086162567138672,0.0,-0.0029802322387695312
1,967,9.67,7746.708989143372,7746.785879135132,7746.607661247253,7746.778428554535,-0.0005960464477539062,-0.0017881393432617188,0.0005960464477539062,-0.002682209014892578
1,968,9.68,7746.706306934357,7746.784389019012,7746.609747409821,7746.777236461639,-0.002682209014892578,-0.0014901161193847656,0.002086162567138672,-0.0011920928955078125
1,969,9.69,7746.705412864685,7746.782302856445,7746.609151363373,7746.773660182953,-0.0008940696716308594,-0.002086162567138672,-0.0005960464477539062,-0.0035762786865234375
1,970,9.700000000000001,7746.704816818237,7746.780812740326,7746.610045433044,7746.771574020386,-0.0005960464477539062,-0.0014901161193847656,0.0008940696716308594,-0.002086162567138672
1,971,9.71,7746.703624725342,7746.778726577759,7746.610641479492,7746.768891811371,-0.0011920928955078125,-0.002086162567138672,0.0005960464477539062,-0.002682209014892578
1,972,9.72,7746.702432632446,7746.776640415192,7746.611535549164,7746.767699718475,-0.0011920928955078125,-0.002086162567138672,0.0008940696716308594,-0.0011920928955078125
1,973,9.73,7746.700942516327,7746.775150299072,7746.611535549164,7746.764123439789,-0.0014901161193847656,-0.0014901161193847656,0.0,-0.0035762786865234375
1,974,9.74,7746.700644493103,7746.774256229401,7746.611833572388,7746.761739253998,-0.0002980232238769531,-0.0008940696716308594,0.0002980232238769531,-0.002384185791015625
1,975,9.75,7746.6994524002075,7746.77187204361,7746.612727642059,7746.759355068207,-0.0011920928955078125,-0.002384185791015625,0.0008940696716308594,-0.002384185791015625
1,976,9.76,7746.698558330536,7746.770083904266,7746.613621711731,7746.756970882416,-0.0008940696716308594,-0.0017881393432617188,0.0008940696716308594,-0.002384185791015625
1,977,9.77,7746.6970682144165,7746.7674016952515,7746.614515781403,7746.755480766296,-0.0014901161193847656,-0.002682209014892578,0.0008940696716308594,-0.0014901161193847656
1,978,9.78,7746.695578098297,7746.76501750946,7746.61511182785,7746.752500534058,-0.0014901161193847656,-0.002384185791015625,0.0005960464477539062,-0.0029802322387695312
1,979,9.790000000000001,7746.694982051849,7746.763229370117,7746.615409851074,7746.750712394714,-0.0005960464477539062,-0.0017881393432617188,0.0002980232238769531,-0.0017881393432617188
1,980,9.8,7746.69349193573,7746.76114320755,7746.617496013641,7746.748924255371,-0.0014901161193847656,-0.002086162567138672,0.002086162567138672,-0.0017881393432617188
1,981,9.81,7746.6922998428345,7746.759057044983,7746.617496013641,7746.747136116028,-0.0011920928955078125,-0.002086162567138672,0.0,-0.0017881393432617188
1,982,9.82,7746.690809726715,7746.7575669288635,7746.618092060089,7746.744453907013,-0.0014901161193847656,-0.0014901161193847656,0.0005960464477539062,-0.002682209014892578
1,983,9.83,7746.691405773163,7746.756374835968,7746.6171979904175,7746.741473674774,0.0005960464477539062,-0.0011920928955078125,-0.0008940696716308594,-0.0029802322387695312
1,984,9.84,7746.690511703491,7746.753692626953,7746.618688106537,7746.740281581879,-0.0008940696716308594,-0.002682209014892578,0.0014901161193847656,-0.0011920928955078125
1,985,9.85,7746.688723564148,7746.752202510834,7746.62047624588,7746.737599372864,-0.0017881393432617188,-0.0014901161193847656,0.0017881393432617188,-0.002682209014892578
1,986,9.86,7746.6881275177,7746.750116348267,7746.620774269104,7746.735215187073,-0.0005960464477539062,-0.002086162567138672,0.0002980232238769531,-0.002384185791015625
1,987,9.870000000000001,7746.687531471252,7746.748626232147,7746.619880199432,7746.732831001282,-0.0005960464477539062,-0.0014901161193847656,-0.0008940696716308594,-0.002384185791015625
1,988,9.88,7746.686935424805,7746.745645999908,7746.621072292328,7746.7310428619385,-0.0005960464477539062,-0.0029802322387695312,0.0011920928955078125,-0.0017881393432617188
1,989,9.89,7746.684551239014,7746.743261814117,7746.622860431671,7746.728360652924,-0.002384185791015625,-0.002384185791015625,0.0017881393432617188,-0.002682209014892578
1,990,9.9,7746.684849262238,7746.74266576767,7746.6219663619995,7746.725976467133,0.0002980232238769531,-0.0005960464477539062,-0.0008940696716308594,-0.002384185791015625
1,991,9.91,7746.683359146118,7746.739685535431,7746.623754501343,7746.724784374237,-0.0014901161193847656,-0.0029802322387695312,0.0017881393432617188,-0.0011920928955078125
1,992,9.92,7746.683061122894,7746.737599372864,7746.623158454895,7746.722400188446,-0.0002980232238769531,-0.002086162567138672,-0.0005960464477539062,-0.002384185791015625
1,993,9.93,7746.681571006775,7746.734917163849,7746.625244617462,7746.720612049103,-0.0014901161193847656,-0.002682209014892578,0.002086162567138672,-0.0017881393432617188
1,994,9.94,7746.680378913879,7746.733129024506,7746.625542640686,7746.717929840088,-0.0011920928955078125,-0.0017881393432617188,0.0002980232238769531,-0.002682209014892578
1,995,9.950000000000001,7746.67888879776,7746.729850769043,7746.6267347335815,7746.716141700745,-0.0014901161193847656,-0.0032782554626464844,0.0011920928955078125,-0.0017881393432617188
1,996,9.96,7746.678292751312,7746.728956699371,7746.626436710358,7746.714353561401,-0.0005960464477539062,-0.0008940696716308594,-0.0002980232238769531,-0.0017881393432617188
1,997,9.97,7746.6776967048645,7746.726870536804,7746.627032756805,7746.71196937561,-0.0005960464477539062,-0.002086162567138672,0.0005960464477539062,-0.002384185791015625
1,998,9.98,7746.676206588745,7746.723294258118,7746.628224849701,7746.710479259491,-0.0014901161193847656,-0.0035762786865234375,0.0011920928955078125,-0.0014901161193847656
1,999,9.99,7746.674120426178,7746.721506118774,7746.628820896149,7746.7092871665955,-0.002086162567138672,-0.0017881393432617188,0.0005960464477539062,-0.0011920928955078125
1,1000,10.0,7746.674418449402,7746.720016002655,7746.629118919373,7746.705710887909,0.0002980232238769531,-0.0014901161193847656,0.0002980232238769531,-0.0035762786865234375
1,1001,10.01,7746.67352437973,7746.717631816864,7746.630311012268,7746.70422077179,-0.0008940696716308594,-0.002384185791015625,0.0011920928955078125,-0.0014901161193847656
1,1002,10.02,7746.671736240387,7746.7140555381775,7746.632397174835,7746.703922748566,-0.0017881393432617188,-0.0035762786865234375,0.002086162567138672,-0.0002980232238769531
1,1003,10.03,7746.6705441474915,7746.711373329163,7746.632099151611,7746.702134609222,-0.0011920928955078125,-0.002682209014892578,-0.0002980232238769531,-0.0017881393432617188
1,1004,10.040000000000001,7746.669054031372,7746.709883213043,7746.633291244507,7746.700644493103,-0.0014901161193847656,-0.0014901161193847656,0.0011920928955078125,-0.0014901161193847656
1,1005,10.05,7746.668756008148,7746.707201004028,7746.632993221283,7746.698260307312,-0.0002980232238769531,-0.002682209014892578,-0.0002980232238769531,-0.002384185791015625
1,1006,10.06,7746.6681599617,7746.705114841461,7746.63507938385,7746.696770191193,-0.0005960464477539062,-0.002086162567138672,0.002086162567138672,-0.0014901161193847656
1,1007,10.07,7746.666073799133,7746.703028678894,7746.634483337402,7746.6946840286255,-0.002086162567138672,-0.002086162567138672,-0.0005960464477539062,-0.002086162567138672
1,1008,10.08,7746.666371822357,7746.700942516327,7746.634781360626,7746.694087982178,0.0002980232238769531,-0.002086162567138672,0.0002980232238769531,-0.0005960464477539062
1,1009,10.09,7746.665775775909,7746.697962284088,7746.635377407074,7746.691703796387,-0.0005960464477539062,-0.0029802322387695312,0.0005960464477539062,-0.002384185791015625
1,1010,10.1,7746.665179729462,7746.697962284088,7746.63507938385,7746.6899156570435,-0.0005960464477539062,0.0,-0.0002980232238769531,-0.0017881393432617188
1,1011,10.11,7746.663987636566,7746.696174144745,7746.63507938385,7746.687829494476,-0.0011920928955078125,-0.0017881393432617188,0.0,-0.002086162567138672
1,1012,10.120000000000001,7746.663987636566,7746.694087982178,7746.636867523193,7746.686339378357,0.0,-0.002086162567138672,0.0017881393432617188,-0.0014901161193847656
1,1013,10.13,7746.661901473999,7746.691405773163,7746.638059616089,7746.685445308685,-0.002086162567138672,-0.002682209014892578,0.0011920928955078125,-0.0008940696716308594
1,1014,10.14,7746.662497520447,7746.6899156570435,7746.6365694999695,7746.6824650764465,0.0005960464477539062,-0.0014901161193847656,-0.0014901161193847656,-0.0029802322387695312
1,1015,10.15,7746.661603450775,7746.6881275177,7746.637761592865,7746.681272983551,-0.0008940696716308594,-0.0017881393432617188,0.0011920928955078125,-0.0011920928955078125
1,1016,10.16,7746.661007404327,7746.686339378357,7746.636867523193,7746.67888879776,-0.0005960464477539062,-0.0017881393432617188,-0.0008940696716308594,-0.002384185791015625
1,1017,10.17,7746.659815311432,7746.685147285461,7746.637463569641,7746.677100658417,-0.0011920928955078125,-0.0011920928955078125,0.0005960464477539062,-0.0017881393432617188
1,1018,10.18,7746.6583251953125,7746.6824650764465,7746.639847755432,7746.677100658417,-0.0014901161193847656,-0.002682209014892578,0.002384185791015625,0.0
1,1019,10.19,7746.658623218536,7746.681869029999,7746.6389536857605,7746.673822402954,0.0002980232238769531,-0.0005960464477539062,-0.0008940696716308594,-0.0032782554626464844
1,1020,10.200000000000001,7746.656835079193,7746.680378913879,7746.639549732208,7746.6729283332825,-0.0017881393432617188,-0.0014901161193847656,0.0005960464477539062,-0.0008940696716308594
1,1021,10.21,7746.656537055969,7746.677994728088,7746.64044380188,7746.671438217163,-0.0002980232238769531,-0.002384185791015625,0.0008940696716308594,-0.0014901161193847656
1,1022,10.22,7746.655344963074,7746.676802635193,7746.640741825104,7746.669054031372,-0.0011920928955078125,-0.0011920928955078125,0.0002980232238769531,-0.002384185791015625
1,1023,10.23,7746.6559410095215,7746.676206588745,7746.641039848328,7746.667563915253,0.0005960464477539062,-0.0005960464477539062,0.0002980232238769531,-0.0014901161193847656
1,1024,10.24,7746.654152870178,7746.67352437973,7746.642231941223,7746.666967868805,-0.0017881393432617188,-0.002682209014892578,0.0011920928955078125,-0.0005960464477539062
1,1025,10.25,7746.6535568237305,7746.672034263611,7746.642231941223,7746.665477752686,-0.0005960464477539062,-0.0014901161193847656,0.0,-0.0014901161193847656
1,1026,10.26,7746.652662754059,7746.670842170715,7746.642231941223,7746.663987636566,-0.0008940696716308594,-0.0011920928955078125,0.0,-0.0014901161193847656
1,1027,10.27,7746.652364730835,7746.668756008148,7746.642827987671,7746.661603450775,-0.0002980232238769531,-0.002086162567138672,0.0005960464477539062,-0.002384185791015625
1,1028,10.28,7746.650874614716,7746.667563915253,7746.642827987671,7746.66041135788,-0.0014901161193847656,-0.0011920928955078125,0.0,-0.0011920928955078125
1,1029,10.290000000000001,7746.648788452148,7746.664881706238,7746.645212173462,7746.659815311432,-0.002086162567138672,-0.002682209014892578,0.002384185791015625,-0.0005960464477539062
1,1030,10.3,7746.648490428925,7746.662795543671,7746.645510196686,7746.6583251953125,-0.0002980232238769531,-0.002086162567138672,0.0002980232238769531,-0.0014901161193847656
1,1031,10.31,7746.647000312805,7746.661305427551,7746.646404266357,7746.657133102417,-0.0014901161193847656,-0.0014901161193847656,0.0008940696716308594,-0.0011920928955078125
1,1032,10.32,7746.646702289581,7746.659219264984,7746.646404266357,7746.656239032745,-0.0002980232238769531,-0.002086162567138672,0.0,-0.0008940696716308594
1,1033,10.33,7746.64580821991,7746.659219264984,7746.647298336029,7746.65504693985,-0.0008940696716308594,0.0,0.0008940696716308594,-0.0011920928955078125
1,1034,10.34,7746.644616127014,7746.656835079193,7746.648490428925,7746.654450893402,-0.0011920928955078125,-0.002384185791015625,0.0011920928955078125,-0.0005960464477539062
1,1035,10.35,7746.64431810379,7746.656835079193,7746.647894382477,7746.652960777283,-0.0002980232238769531,0.0,-0.0005960464477539062,-0.0014901161193847656
1,1036,10.36,7746.6437220573425,7746.65504693985,7746.648490428925,7746.651768684387,-0.0005960464477539062,-0.0017881393432617188,0.0005960464477539062,-0.0011920928955078125
1,1037,10.370000000000001,7746.644020080566,7746.654152870178,7746.649980545044,7746.650874614716,0.0002980232238769531,-0.0008940696716308594,0.0014901161193847656,-0.0008940696716308594
1,1038,10.38,7746.643126010895,7746.652364730835,7746.649980545044,7746.649980545044,-0.0008940696716308594,-0.0017881393432617188,0.0,-0.0008940696716308594
1,1039,10.39,7746.642231941223,7746.651172637939,7746.651172637939,7746.64968252182,-0.0008940696716308594,-0.0011920928955078125,0.0011920928955078125,-0.0002980232238769531
1,1040,10.4,7746.641039848328,7746.64968252182,7746.651470661163,7746.648788452148,-0.0011920928955078125,-0.0014901161193847656,0.0002980232238769531,-0.0008940696716308594
1,1041,10.41,7746.640741825104,7746.648788452148,7746.651470661163,7746.648192405701,-0.0002980232238769531,-0.0008940696716308594,0.0,-0.0005960464477539062
1,1042,10.42,7746.640145778656,7746.647298336029,7746.652662754059,7746.648192405701,-0.0005960464477539062,-0.0014901161193847656,0.0011920928955078125,0.0
1,1043,10.43,7746.640741825104,7746.647000312805,7746.653258800507,7746.64580821991,0.0005960464477539062,-0.0002980232238769531,0.0005960464477539062,-0.002384185791015625
1,1044,10.44,7746.640145778656,7746.6461062431335,7746.653258800507,7746.645510196686,-0.0005960464477539062,-0.0008940696716308594,0.0,-0.0002980232238769531
1,1045,10.450000000000001,7746.639549732208,7746.644914150238,7746.653258800507,7746.645510196686,-0.0005960464477539062,-0.0011920928955078125,0.0,0.0
1,1046,10.46,7746.638357639313,7746.6437220573425,7746.654748916626,7746.645510196686,-0.0011920928955078125,-0.0011920928955078125,0.0014901161193847656,0.0
1,1047,10.47,7746.639251708984,7746.642827987671,7746.652662754059,7746.643424034119,0.0008940696716308594,-0.0008940696716308594,-0.002086162567138672,-0.002086162567138672
1,1048,10.48,7746.637761592865,7746.642231941223,7746.6535568237305,7746.643424034119,-0.0014901161193847656,-0.0005960464477539062,0.0008940696716308594,0.0
1,1049,10.49,7746.638059616089,7746.6413378715515,7746.653854846954,7746.642529964447,0.0002980232238769531,-0.0008940696716308594,0.0002980232238769531,-0.0008940696716308594
1,1050,10.5,7746.637463569641,7746.639847755432,7746.654450893402,7746.642231941223,-0.0005960464477539062,-0.0014901161193847656,0.0005960464477539062,-0.0002980232238769531
1,1051,10.51,7746.637761592865,7746.639847755432,7746.653854846954,7746.6413378715515,0.0002980232238769531,0.0,-0.0005960464477539062,-0.0008940696716308594
1,1052,10.52,7746.6365694999695,7746.638655662537,7746.655344963074,7746.641635894775,-0.0011920928955078125,-0.0011920928955078125,0.0014901161193847656,0.0002980232238769531
1,1053,10.53,7746.637165546417,7746.638059616089,7746.654450893402,7746.64044380188,0.0005960464477539062,-0.0005960464477539062,-0.0008940696716308594,-0.0011920928955078125
1,1054,10.540000000000001,7746.6365694999695,7746.637761592865,7746.654152870178,7746.640741825104,-0.0005960464477539062,-0.0002980232238769531,-0.0002980232238769531,0.0002980232238769531
1,1055,10.55,7746.63507938385,7746.635973453522,7746.655344963074,7746.640145778656,-0.0014901161193847656,-0.0017881393432617188,0.0011920928955078125,-0.0005960464477539062
1,1056,10.56,7746.6341853141785,7746.6341853141785,7746.6559410095215,7746.640145778656,-0.0008940696716308594,-0.0017881393432617188,0.0005960464477539062,0.0
1,1057,10.57,7746.634781360626,7746.6341853141785,7746.65504693985,7746.6389536857605,0.0005960464477539062,0.0,-0.0008940696716308594,-0.0011920928955078125
1,1058,10.58,7746.634483337402,7746.633291244507,7746.656835079193,7746.6389536857605,-0.0002980232238769531,-0.0008940696716308594,0.0017881393432617188,0.0
1,1059,10.59,7746.6341853141785,7746.633589267731,7746.655642986298,7746.6389536857605,-0.0002980232238769531,0.0002980232238769531,-0.0011920928955078125,0.0
1,1060,10.6,7746.6341853141785,7746.632099151611,7746.6559410095215,7746.6389536857605,0.0,-0.0014901161193847656,0.0002980232238769531,0.0
1,1061,10.61,7746.633887290955,7746.631801128387,7746.656537055969,7746.6389536857605,-0.0002980232238769531,-0.0002980232238769531,0.0005960464477539062,0.0
1,1062,10.620000000000001,7746.633589267731,7746.630311012268,7746.655642986298,7746.638059616089,-0.0002980232238769531,-0.0014901161193847656,-0.0008940696716308594,-0.0008940696716308594
1,1063,10.63,7746.633291244507,7746.62971496582,7746.656239032745,7746.638059616089,-0.0002980232238769531,-0.0005960464477539062,0.0005960464477539062,0.0
1,1064,10.64,7746.632993221283,7746.629416942596,7746.655642986298,7746.638059616089,-0.0002980232238769531,-0.0002980232238769531,-0.0005960464477539062,0.0
1,1065,10.65,7746.6341853141785,7746.630012989044,7746.655344963074,7746.637463569641,0.0011920928955078125,0.0005960464477539062,-0.0002980232238769531,-0.0005960464477539062
1,1066,10.66,7746.632695198059,7746.628224849701,7746.6559410095215,7746.637761592865,-0.0014901161193847656,-0.0017881393432617188,0.0005960464477539062,0.0002980232238769531
1,1067,10.67,7746.633291244507,7746.628224849701,7746.655642986298,7746.637463569641,0.0005960464477539062,0.0,-0.0002980232238769531,-0.0002980232238769531
1,1068,10.68,7746.633291244507,7746.627628803253,7746.653854846954,7746.636271476746,0.0,-0.0005960464477539062,-0.0017881393432617188,-0.0011920928955078125
1,1069,10.69,7746.632397174835,7746.627032756805,7746.654152870178,7746.6365694999695,-0.0008940696716308594,-0.0005960464477539062,0.0002980232238769531,0.0002980232238769531
1,1070,10.700000000000001,7746.632397174835,7746.626138687134,7746.654152870178,7746.636867523193,0.0,-0.0008940696716308594,0.0,0.0002980232238769531
1,1071,10.71,7746.632397174835,7746.62584066391,7746.653258800507,7746.6365694999695,0.0,-0.0002980232238769531,-0.0008940696716308594,-0.0002980232238769531
1,1072,10.72,7746.631801128387,7746.62584066391,7746.653854846954,7746.636271476746,-0.0005960464477539062,0.0,0.0005960464477539062,-0.0002980232238769531
1,1073,10.73,7746.633291244507,7746.625542640686,7746.652960777283,7746.6365694999695,0.0014901161193847656,-0.0002980232238769531,-0.0008940696716308594,0.0002980232238769531
1,1074,10.74,7746.633291244507,7746.62584066391,7746.652960777283,7746.635973453522,0.0,0.0002980232238769531,0.0,-0.0005960464477539062
1,1075,10.75,7746.631801128387,7746.625244617462,7746.653258800507,7746.636271476746,-0.0014901161193847656,-0.0005960464477539062,0.0002980232238769531,0.0002980232238769531
1,1076,10.76,7746.630907058716,7746.623456478119,7746.652364730835,7746.635675430298,-0.0008940696716308594,-0.0017881393432617188,-0.0008940696716308594,-0.0005960464477539062
1,1077,10.77,7746.63120508194,7746.623158454895,7746.651470661163,7746.634781360626,0.0002980232238769531,-0.0002980232238769531,-0.0008940696716308594,-0.0008940696716308594
1,1078,10.78,7746.63120508194,7746.622264385223,7746.651768684387,7746.635377407074,0.0,-0.0008940696716308594,0.0002980232238769531,0.0005960464477539062
1,1079,10.790000000000001,7746.631503105164,7746.622860431671,7746.651470661163,7746.635377407074,0.0002980232238769531,0.0005960464477539062,-0.0002980232238769531,0.0
1,1080,10.8,7746.63120508194,7746.622860431671,7746.650874614716,7746.63507938385,-0.0002980232238769531,0.0,-0.0005960464477539062,-0.0002980232238769531
1,1081,10.81,7746.63120508194,7746.622562408447,7746.651172637939,7746.635377407074,0.0,-0.0002980232238769531,0.0002980232238769531,0.0002980232238769531
1,1082,10.82,7746.631503105164,7746.621668338776,7746.650874614716,7746.635377407074,0.0002980232238769531,-0.0008940696716308594,-0.0002980232238769531,0.0
1,1083,10.83,7746.632099151611,7746.622562408447,7746.649980545044,7746.63507938385,0.0005960464477539062,0.0008940696716308594,-0.0008940696716308594,-0.0002980232238769531
1,1084,10.84,7746.630907058716,7746.622264385223,7746.649980545044,7746.634781360626,-0.0011920928955078125,-0.0002980232238769531,0.0,-0.0002980232238769531
1,1085,10.85,7746.630609035492,7746.621370315552,7746.648192405701,7746.6341853141785,-0.0002980232238769531,-0.0008940696716308594,-0.0017881393432617188,-0.0005960464477539062
1,1086,10.86,7746.630907058716,7746.621370315552,7746.648490428925,7746.633887290955,0.0002980232238769531,0.0,0.0002980232238769531,-0.0002980232238769531
1,1087,10.870000000000001,7746.630012989044,7746.62047624588,7746.648192405701,7746.634781360626,-0.0008940696716308594,-0.0008940696716308594,-0.0002980232238769531,0.0008940696716308594
1,1088,10.88,7746.630012989044,7746.620774269104,7746.647596359253,7746.634483337402,0.0,0.0002980232238769531,-0.0005960464477539062,-0.0002980232238769531
1,1089,10.89,7746.630012989044,7746.62047624588,7746.647298336029,7746.6341853141785,0.0,-0.0002980232238769531,-0.0002980232238769531,-0.0002980232238769531
1,1090,10.9,7746.630311012268,7746.621370315552,7746.646702289581,7746.633887290955,0.0002980232238769531,0.0008940696716308594,-0.0005960464477539062,-0.0002980232238769531
1,1091,10.91,7746.630907058716,7746.621072292328,7746.645212173462,7746.633291244507,0.0005960464477539062,-0.0002980232238769531,-0.0014901161193847656,-0.0005960464477539062
1,1092,10.92,7746.630609035492,7746.620178222656,7746.64580821991,7746.634781360626,-0.0002980232238769531,-0.0008940696716308594,0.0005960464477539062,0.0014901161193847656
1,1093,10.93,7746.630012989044,7746.62047624588,7746.645212173462,7746.633589267731,-0.0005960464477539062,0.0002980232238769531,-0.0005960464477539062,-0.0011920928955078125
1,1094,10.94,7746.630609035492,7746.618986129761,7746.645212173462,7746.633887290955,0.0005960464477539062,-0.0014901161193847656,0.0,0.0002980232238769531
1,1095,10.950000000000001,7746.630311012268,7746.619284152985,7746.64431810379,7746.633887290955,-0.0002980232238769531,0.0002980232238769531,-0.0008940696716308594,0.0
1,1096,10.96,7746.62971496582,7746.620178222656,7746.6437220573425,7746.633291244507,-0.0005960464477539062,0.0008940696716308594,-0.0005960464477539062,-0.0005960464477539062
1,1097,10.97,7746.630012989044,7746.6195821762085,7746.643424034119,7746.633291244507,0.0002980232238769531,-0.0005960464477539062,-0.0002980232238769531,0.0
1,1098,10.98,7746.630012989044,7746.619880199432,7746.642529964447,7746.632993221283,0.0,0.0002980232238769531,-0.0008940696716308594,-0.0002980232238769531
1,1099,10.99,7746.628522872925,7746.618390083313,7746.642827987671,7746.633589267731,-0.0014901161193847656,-0.0014901161193847656,0.0002980232238769531,0.0005960464477539062
1,1100,11.0,7746.630012989044,7746.6195821762085,7746.641933917999,7746.633291244507,0.0014901161193847656,0.0011920928955078125,-0.0008940696716308594,-0.0002980232238769531
1,1101,11.01,7746.628522872925,7746.618986129761,7746.639847755432,7746.632695198059,-0.0014901161193847656,-0.0005960464477539062,-0.002086162567138672,-0.0005960464477539062
1,1102,11.02,7746.629118919373,7746.618688106537,7746.639549732208,7746.632099151611,0.0005960464477539062,-0.0002980232238769531,-0.0002980232238769531,-0.0005960464477539062
1,1103,11.03,7746.628224849701,7746.617496013641,7746.639251708984,7746.632695198059,-0.0008940696716308594,-0.0011920928955078125,-0.0002980232238769531,0.0005960464477539062
1,1104,11.040000000000001,7746.629118919373,7746.618390083313,7746.637761592865,7746.632099151611,0.0008940696716308594,0.0008940696716308594,-0.0014901161193847656,-0.0005960464477539062
1,1105,11.05,7746.628522872925,7746.618688106537,7746.637761592865,7746.632397174835,-0.0005960464477539062,0.0002980232238769531,0.0,0.0002980232238769531
1,1106,11.06,7746.628224849701,7746.618092060089,7746.637761592865,7746.632397174835,-0.0002980232238769531,-0.0005960464477539062,0.0,0.0
1,1107,11.07,7746.628224849701,7746.618092060089,7746.6365694999695,7746.632099151611,0.0,0.0,-0.0011920928955078125,-0.0002980232238769531
1,1108,11.08,7746.627628803253,7746.617794036865,7746.636271476746,7746.632397174835,-0.0005960464477539062,-0.0002980232238769531,-0.0002980232238769531,0.0002980232238769531
1,1109,11.09,7746.628522872925,7746.618390083313,7746.634781360626,7746.632397174835,0.0008940696716308594,0.0005960464477539062,-0.0014901161193847656,0.0
1,1110,11.1,7746.628224849701,7746.617794036865,7746.63507938385,7746.631801128387,-0.0002980232238769531,-0.0005960464477539062,0.0002980232238769531,-0.0005960464477539062
1,1111,11.11,7746.627926826477,7746.617794036865,7746.635973453522,7746.632099151611,-0.0002980232238769531,0.0,0.0008940696716308594,0.0002980232238769531
1,1112,11.120000000000001,7746.628224849701,7746.618092060089,7746.634781360626,7746.632695198059,0.0002980232238769531,0.0002980232238769531,-0.0011920928955078125,0.0005960464477539062
1,1113,11.13,7746.628224849701,7746.618390083313,7746.633589267731,7746.63120508194,0.0,0.0002980232238769531,-0.0011920928955078125,-0.0014901161193847656
1,1114,11.14,7746.627926826477,7746.617496013641,7746.634483337402,7746.631801128387,-0.0002980232238769531,-0.0008940696716308594,0.0008940696716308594,0.0005960464477539062
1,1115,11.15,7746.628224849701,7746.618092060089,7746.631801128387,7746.631503105164,0.0002980232238769531,0.0005960464477539062,-0.002682209014892578,-0.0002980232238769531
1,1116,11.16,7746.627628803253,7746.617496013641,7746.632397174835,7746.630907058716,-0.0005960464477539062,-0.0005960464477539062,0.0005960464477539062,-0.0005960464477539062
1,1117,11.17,7746.627628803253,7746.61660194397,7746.631801128387,7746.630907058716,0.0,-0.0008940696716308594,-0.0005960464477539062,0.0
1,1118,11.18,7746.627032756805,7746.617496013641,7746.630012989044,7746.630311012268,-0.0005960464477539062,0.0008940696716308594,-0.0017881393432617188,-0.0005960464477539062
1,1119,11.19,7746.627032756805,7746.617496013641,7746.630609035492,7746.630311012268,0.0,0.0,0.0005960464477539062,0.0
1,1120,11.200000000000001,7746.627330780029,7746.617496013641,7746.629416942596,7746.630609035492,0.0002980232238769531,0.0,-0.0011920928955078125,0.0002980232238769531
1,1121,11.21,7746.6267347335815,7746.616303920746,7746.62971496582,7746.630609035492,-0.0005960464477539062,-0.0011920928955078125,0.0002980232238769531,0.0
1,1122,11.22,7746.627032756805,7746.618688106537,7746.627926826477,7746.629416942596,0.0002980232238769531,0.002384185791015625,-0.0017881393432617188,-0.0011920928955078125
1,1123,11.23,7746.627032756805,7746.617496013641,7746.627032756805,7746.62971496582,0.0,-0.0011920928955078125,-0.0008940696716308594,0.0002980232238769531
1,1124,11.24,7746.626138687134,7746.618092060089,7746.626436710358,7746.629416942596,-0.0008940696716308594,0.0005960464477539062,-0.0005960464477539062,-0.0002980232238769531
1,1125,11.25,7746.626138687134,7746.618092060089,7746.626436710358,7746.628820896149,0.0,0.0,0.0,-0.0005960464477539062
1,1126,11.26,7746.62584066391,7746.617496013641,7746.627628803253,7746.630012989044,-0.0002980232238769531,-0.0005960464477539062,0.0011920928955078125,0.0011920928955078125
1,1127,11.27,7746.625542640686,7746.617496013641,7746.6267347335815,7746.629416942596,-0.0002980232238769531,0.0,-0.0008940696716308594,-0.0005960464477539062
1,1128,11.28,7746.626138687134,7746.618092060089,7746.624946594238,7746.627628803253,0.0005960464477539062,0.0005960464477539062,-0.0017881393432617188,-0.0017881393432617188
1,1129,11.290000000000001,7746.62584066391,7746.618390083313,7746.624052524567,7746.628224849701,-0.0002980232238769531,0.0002980232238769531,-0.0008940696716308594,0.0005960464477539062
1,1130,11.3,7746.626138687134,7746.618092060089,7746.623754501343,7746.627628803253,0.0002980232238769531,-0.0002980232238769531,-0.0002980232238769531,-0.0005960464477539062
1,1131,11.31,7746.625542640686,7746.617496013641,7746.623456478119,7746.627330780029,-0.0005960464477539062,-0.0005960464477539062,-0.0002980232238769531,-0.0002980232238769531
1,1132,11.32,7746.624946594238,7746.618092060089,7746.6219663619995,7746.627330780029,-0.0005960464477539062,0.0005960464477539062,-0.0014901161193847656,0.0
1,1133,11.33,7746.624946594238,7746.618092060089,7746.622562408447,7746.6267347335815,0.0,0.0,0.0005960464477539062,-0.0005960464477539062
1,1134,11.34,7746.625542640686,7746.6171979904175,7746.623158454895,7746.627330780029,0.0005960464477539062,-0.0008940696716308594,0.0005960464477539062,0.0005960464477539062
1,1135,11.35,7746.624648571014,7746.617496013641,7746.622562408447,7746.627032756805,-0.0008940696716308594,0.0002980232238769531,-0.0005960464477539062,-0.0002980232238769531
1,1136,11.36,7746.624648571014,7746.617496013641,7746.621072292328,7746.627032756805,0.0,0.0,-0.0014901161193847656,0.0
1,1137,11.370000000000001,7746.6243505477905,7746.61660194397,7746.621370315552,7746.627330780029,-0.0002980232238769531,-0.0008940696716308594,0.0002980232238769531,0.0002980232238769531
1,1138,11.38,7746.624648571014,7746.617496013641,7746.6195821762085,7746.625542640686,0.0002980232238769531,0.0008940696716308594,-0.0017881393432617188,-0.0017881393432617188
1,1139,11.39,7746.623754501343,7746.6171979904175,7746.619880199432,7746.625542640686,-0.0008940696716308594,-0.0002980232238769531,0.0002980232238769531,0.0
1,1140,11.4,7746.624946594238,7746.617496013641,7746.6195821762085,7746.625542640686,0.0011920928955078125,0.0002980232238769531,-0.0002980232238769531,0.0
1,1141,11.41,7746.624052524567,7746.616303920746,7746.618986129761,7746.62584066391,-0.0008940696716308594,-0.0011920928955078125,-0.0005960464477539062,0.0002980232238769531
1,1142,11.42,7746.624052524567,7746.617496013641,7746.618390083313,7746.625542640686,0.0,0.0011920928955078125,-0.0005960464477539062,-0.0002980232238769531
1,1143,11.43,7746.623456478119,7746.616303920746,7746.618390083313,7746.625244617462,-0.0005960464477539062,-0.0011920928955078125,0.0,-0.0002980232238769531
1,1144,11.44,7746.623754501343,7746.61660194397,7746.616899967194,7746.624648571014,0.0002980232238769531,0.0002980232238769531,-0.0014901161193847656,-0.0005960464477539062
1,1145,11.450000000000001,7746.624052524567,7746.617496013641,7746.617794036865,7746.624648571014,0.0002980232238769531,0.0008940696716308594,0.0008940696716308594,0.0
1,1146,11.46,7746.623754501343,7746.617794036865,7746.616005897522,7746.6243505477905,-0.0002980232238769531,0.0002980232238769531,-0.0017881393432617188,-0.0002980232238769531
1,1147,11.47,7746.623456478119,7746.617794036865,7746.616005897522,7746.624052524567,-0.0002980232238769531,0.0,0.0,-0.0002980232238769531
1,1148,11.48,7746.622562408447,7746.6171979904175,7746.615707874298,7746.624052524567,-0.0008940696716308594,-0.0005960464477539062,-0.0002980232238769531,0.0
1,1149,11.49,7746.624052524567,7746.617496013641,7746.615707874298,7746.623158454895,0.0014901161193847656,0.0002980232238769531,0.0,-0.0008940696716308594
1,1150,11.5,7746.623754501343,7746.617496013641,7746.61511182785,7746.623158454895,-0.0002980232238769531,0.0,-0.0005960464477539062,0.0
1,1151,11.51,7746.622860431671,7746.617496013641,7746.6148138046265,7746.622562408447,-0.0008940696716308594,0.0,-0.0002980232238769531,-0.0005960464477539062
1,1152,11.52,7746.622264385223,7746.617496013641,7746.613621711731,7746.6219663619995,-0.0005960464477539062,0.0,-0.0011920928955078125,-0.0005960464477539062
1,1153,11.53,7746.622562408447,7746.616005897522,7746.615707874298,7746.623158454895,0.0002980232238769531,-0.0014901161193847656,0.002086162567138672,0.0011920928955078125
1,1154,11.540000000000001,7746.622264385223,7746.616899967194,7746.614515781403,7746.622562408447,-0.0002980232238769531,0.0008940696716308594,-0.0011920928955078125,-0.0005960464477539062
1,1155,11.55,7746.622264385223,7746.616899967194,7746.614217758179,7746.6219663619995,0.0,0.0,-0.0002980232238769531,-0.0005960464477539062
1,1156,11.56,7746.622860431671,7746.61660194397,7746.613025665283,7746.621370315552,0.0005960464477539062,-0.0002980232238769531,-0.0011920928955078125,-0.0005960464477539062
1,1157,11.57,7746.6219663619995,7746.61660194397,7746.613323688507,7746.621668338776,-0.0008940696716308594,0.0,0.0002980232238769531,0.0002980232238769531
1,1158,11.58,7746.622264385223,7746.616899967194,7746.613025665283,7746.621370315552,0.0002980232238769531,0.0002980232238769531,-0.0002980232238769531,-0.0002980232238769531
1,1159,11.59,7746.621668338776,7746.616005897522,7746.612727642059,7746.621072292328,-0.0005960464477539062,-0.0008940696716308594,-0.0002980232238769531,-0.0002980232238769531
1,1160,11.6,7746.621370315552,7746.615707874298,7746.614217758179,7746.6219663619995,-0.0002980232238769531,-0.0002980232238769531,0.0014901161193847656,0.0008940696716308594
1,1161,11.61,7746.621668338776,7746.616005897522,7746.614515781403,7746.620774269104,0.0002980232238769531,0.0002980232238769531,0.0002980232238769531,-0.0011920928955078125
1,1162,11.620000000000001,7746.621072292328,7746.615409851074,7746.613025665283,7746.620178222656,-0.0005960464477539062,-0.0005960464477539062,-0.0014901161193847656,-0.0005960464477539062
1,1163,11.63,7746.622264385223,7746.616005897522,7746.611535549164,7746.619284152985,0.0011920928955078125,0.0005960464477539062,-0.0014901161193847656,-0.0008940696716308594
1,1164,11.64,7746.622264385223,7746.616303920746,7746.612131595612,7746.619880199432,0.0,0.0002980232238769531,0.0005960464477539062,0.0005960464477539062
1,1165,11.65,7746.621668338776,7746.6171979904175,7746.610939502716,7746.618986129761,-0.0005960464477539062,0.0008940696716308594,-0.0011920928955078125,-0.0008940696716308594
1,1166,11.66,7746.620774269104,7746.615409851074,7746.612429618835,7746.619880199432,-0.0008940696716308594,-0.0017881393432617188,0.0014901161193847656,0.0008940696716308594
1,1167,11.67,7746.621370315552,7746.615409851074,7746.612429618835,7746.6195821762085,0.0005960464477539062,0.0,0.0,-0.0002980232238769531
1,1168,11.68,7746.621072292328,7746.615707874298,7746.611535549164,7746.618688106537,-0.0002980232238769531,0.0002980232238769531,-0.0008940696716308594,-0.0008940696716308594
1,1169,11.69,7746.620774269104,7746.615707874298,7746.610641479492,7746.617794036865,-0.0002980232238769531,0.0,-0.0008940696716308594,-0.0008940696716308594
1,1170,11.700000000000001,7746.621668338776,7746.616899967194,7746.610939502716,7746.617496013641,0.0008940696716308594,0.0011920928955078125,0.0002980232238769531,-0.0002980232238769531
1,1171,11.71,7746.6195821762085,7746.614217758179,7746.612429618835,7746.618390083313,-0.002086162567138672,-0.002682209014892578,0.0014901161193847656,0.0008940696716308594
1,1172,11.72,7746.619880199432,7746.614515781403,7746.61123752594,7746.617794036865,0.0002980232238769531,0.0002980232238769531,-0.0011920928955078125,-0.0005960464477539062
1,1173,11.73,7746.62047624588,7746.615409851074,7746.611535549164,7746.617794036865,0.0005960464477539062,0.0008940696716308594,0.0002980232238769531,0.0
1,1174,11.74,7746.621072292328,7746.61511182785,7746.610343456268,7746.6171979904175,0.0005960464477539062,-0.0002980232238769531,-0.0011920928955078125,-0.0005960464477539062
1,1175,11.75,7746.621072292328,7746.615707874298,7746.610343456268,7746.6171979904175,0.0,0.0005960464477539062,0.0,0.0
1,1176,11.76,7746.62047624588,7746.6148138046265,7746.610939502716,7746.617496013641,-0.0005960464477539062,-0.0008940696716308594,0.0005960464477539062,0.0002980232238769531
1,1177,11.77,7746.619880199432,7746.615409851074,7746.609747409821,7746.616303920746,-0.0005960464477539062,0.0005960464477539062,-0.0011920928955078125,-0.0011920928955078125
1,1178,11.78,7746.620178222656,7746.615409851074,7746.610641479492,7746.616303920746,0.0002980232238769531,0.0,0.0008940696716308594,0.0
1,1179,11.790000000000001,7746.62047624588,7746.61511182785,7746.610045433044,7746.616005897522,0.0002980232238769531,-0.0002980232238769531,-0.0005960464477539062,-0.0002980232238769531
1,1180,11.8,7746.6195821762085,7746.614515781403,7746.609449386597,7746.6148138046265,-0.0008940696716308594,-0.0005960464477539062,-0.0005960464477539062,-0.0011920928955078125
1,1181,11.81,7746.618390083313,7746.614515781403,7746.611833572388,7746.61660194397,-0.0011920928955078125,0.0,0.002384185791015625,0.0017881393432617188
1,1182,11.82,7746.619284152985,7746.614217758179,7746.610045433044,7746.61511182785,0.0008940696716308594,-0.0002980232238769531,-0.0017881393432617188,-0.0014901161193847656
1,1183,11.83,7746.619284152985,7746.6148138046265,7746.609747409821,7746.615707874298,0.0,0.0005960464477539062,-0.0002980232238769531,0.0005960464477539062
1,1184,11.84,7746.618986129761,7746.6148138046265,7746.610045433044,7746.614515781403,-0.0002980232238769531,0.0,0.0002980232238769531,-0.0011920928955078125
1,1185,11.85,7746.619284152985,7746.613919734955,7746.609747409821,7746.6148138046265,0.0002980232238769531,-0.0008940696716308594,-0.0002980232238769531,0.0002980232238769531
1,1186,11.86,7746.618390083313,7746.613323688507,7746.610343456268,7746.614515781403,-0.0008940696716308594,-0.0005960464477539062,0.0005960464477539062,-0.0002980232238769531
1,1187,11.870000000000001,7746.618688106537,7746.614217758179,7746.609449386597,7746.614515781403,0.0002980232238769531,0.0008940696716308594,-0.0008940696716308594,0.0
1,1188,11.88,7746.618986129761,7746.613323688507,7746.610939502716,7746.614515781403,0.0002980232238769531,-0.0008940696716308594,0.0014901161193847656,0.0
1,1189,11.89,7746.618986129761,7746.613621711731,7746.610641479492,7746.613919734955,0.0,0.0002980232238769531,-0.0002980232238769531,-0.0005960464477539062
1,1190,11.9,7746.6195821762085,7746.614515781403,7746.609747409821,7746.613621711731,0.0005960464477539062,0.0008940696716308594,-0.0008940696716308594,-0.0002980232238769531
1,1191,11.91,7746.618390083313,7746.611833572388,7746.61123752594,7746.614217758179,-0.0011920928955078125,-0.002682209014892578,0.0014901161193847656,0.0005960464477539062
1,1192,11.92,7746.618986129761,7746.613323688507,7746.610641479492,7746.613919734955,0.0005960464477539062,0.0014901161193847656,-0.0005960464477539062,-0.0002980232238769531
1,1193,11.93,7746.618390083313,7746.613621711731,7746.610641479492,7746.613621711731,-0.0005960464477539062,0.0002980232238769531,0.0,-0.0002980232238769531
1,1194,11.94,7746.617496013641,7746.612727642059,7746.610045433044,7746.612429618835,-0.0008940696716308594,-0.0008940696716308594,-0.0005960464477539062,-0.0011920928955078125
1,1195,11.950000000000001,7746.618688106537,7746.613323688507,7746.609747409821,7746.612727642059,0.0011920928955078125,0.0005960464477539062,-0.0002980232238769531,0.0002980232238769531
1,1196,11.96,7746.616899967194,7746.61123752594,7746.611833572388,7746.613621711731,-0.0017881393432617188,-0.002086162567138672,0.002086162567138672,0.0008940696716308594
1,1197,11.97,7746.618092060089,7746.612131595612,7746.611535549164,7746.613323688507,0.0011920928955078125,0.0008940696716308594,-0.0002980232238769531,-0.0002980232238769531
1,1198,11.98,7746.617496013641,7746.611833572388,7746.610641479492,7746.613025665283,-0.0005960464477539062,-0.0002980232238769531,-0.0008940696716308594,-0.0002980232238769531
1,1199,11.99,7746.618092060089,7746.611535549164,7746.610939502716,7746.612429618835,0.0005960464477539062,-0.0002980232238769531,0.0002980232238769531,-0.0005960464477539062
1,1200,12.0,7746.618092060089,7746.612429618835,7746.610343456268,7746.610939502716,0.0,0.0008940696716308594,-0.0005960464477539062,-0.0014901161193847656
1,1201,12.01,7746.618688106537,7746.613025665283,7746.610045433044,7746.611833572388,0.0005960464477539062,0.0005960464477539062,-0.0002980232238769531,0.0008940696716308594
1,1202,12.02,7746.617794036865,7746.612131595612,7746.610939502716,7746.61123752594,-0.0008940696716308594,-0.0008940696716308594,0.0008940696716308594,-0.0005960464477539062
1,1203,12.030000000000001,7746.617794036865,7746.611535549164,7746.612727642059,7746.612131595612,0.0,-0.0005960464477539062,0.0017881393432617188,0.0008940696716308594
1,1204,12.040000000000001,7746.61660194397,7746.61123752594,7746.611833572388,7746.611833572388,-0.0011920928955078125,-0.0002980232238769531,-0.0008940696716308594,-0.0002980232238769531
1,1205,12.05,7746.617794036865,7746.612131595612,7746.611535549164,7746.61123752594,0.0011920928955078125,0.0008940696716308594,-0.0002980232238769531,-0.0005960464477539062
1,1206,12.06,7746.617794036865,7746.612131595612,7746.611535549164,7746.610939502716,0.0,0.0,0.0,-0.0002980232238769531
1,1207,12.07,7746.617496013641,7746.611535549164,7746.612429618835,7746.61123752594,-0.0002980232238769531,-0.0005960464477539062,0.0008940696716308594,0.0002980232238769531
1,1208,12.08,7746.617496013641,7746.612429618835,7746.611535549164,7746.610641479492,0.0,0.0008940696716308594,-0.0008940696716308594,-0.0005960464477539062
1,1209,12.09,7746.617794036865,7746.612131595612,7746.611833572388,7746.610939502716,0.0002980232238769531,-0.0002980232238769531,0.0002980232238769531,0.0002980232238769531
1,1210,12.1,7746.616899967194,7746.610045433044,7746.613323688507,7746.61123752594,-0.0008940696716308594,-0.002086162567138672,0.0014901161193847656,0.0002980232238769531
1,1211,12.11,7746.61660194397,7746.610045433044,7746.613621711731,7746.611535549164,-0.0002980232238769531,0.0,0.0002980232238769531,0.0002980232238769531
1,1212,12.120000000000001,7746.616303920746,7746.610343456268,7746.612429618835,7746.610939502716,-0.0002980232238769531,0.0002980232238769531,-0.0011920928955078125,-0.0005960464477539062
1,1213,12.13,7746.616899967194,7746.610045433044,7746.613621711731,7746.61123752594,0.0005960464477539062,-0.0002980232238769531,0.0011920928955078125,0.0002980232238769531
1,1214,12.14,7746.616899967194,7746.610045433044,7746.613621711731,7746.610641479492,0.0,0.0,0.0,-0.0005960464477539062
1,1215,12.15,7746.616899967194,7746.610641479492,7746.613919734955,7746.610641479492,0.0,0.0005960464477539062,0.0002980232238769531,0.0
1,1216,12.16,7746.61660194397,7746.610343456268,7746.613919734955,7746.610939502716,-0.0002980232238769531,-0.0002980232238769531,0.0,0.0002980232238769531
1,1217,12.17,7746.616899967194,7746.610343456268,7746.613025665283,7746.610641479492,0.0002980232238769531,0.0,-0.0008940696716308594,-0.0002980232238769531
1,1218,12.18,7746.617794036865,7746.610641479492,7746.613025665283,7746.609747409821,0.0008940696716308594,0.0002980232238769531,0.0,-0.0008940696716308594
1,1219,12.19,7746.61660194397,7746.610343456268,7746.613025665283,7746.609449386597,-0.0011920928955078125,-0.0002980232238769531,0.0,-0.0002980232238769531
1,1220,12.200000000000001,7746.617794036865,7746.610641479492,7746.613621711731,7746.609449386597,0.0011920928955078125,0.0002980232238769531,0.0005960464477539062,0.0
1,1221,12.21,7746.616303920746,7746.609449386597,7746.613025665283,7746.609449386597,-0.0014901161193847656,-0.0011920928955078125,-0.0005960464477539062,0.0
1,1222,12.22,7746.617496013641,7746.609747409821,7746.613323688507,7746.609449386597,0.0011920928955078125,0.0002980232238769531,0.0002980232238769531,0.0
1,1223,12.23,7746.61660194397,7746.610045433044,7746.614217758179,7746.609747409821,-0.0008940696716308594,0.0002980232238769531,0.0008940696716308594,0.0002980232238769531
1,1224,12.24,7746.61660194397,7746.609747409821,7746.613621711731,7746.609151363373,0.0,-0.0002980232238769531,-0.0005960464477539062,-0.0005960464477539062
1,1225,12.25,7746.617496013641,7746.610045433044,7746.6148138046265,7746.609151363373,0.0008940696716308594,0.0002980232238769531,0.0011920928955078125,0.0
1,1226,12.26,7746.61660194397,7746.609747409821,7746.613919734955,7746.609151363373,-0.0008940696716308594,-0.0002980232238769531,-0.0008940696716308594,0.0
1,1227,12.27,7746.616303920746,7746.609449386597,7746.614515781403,7746.609449386597,-0.0002980232238769531,-0.0002980232238769531,0.0005960464477539062,0.0002980232238769531
1,1228,12.280000000000001,7746.616005897522,7746.608853340149,7746.614515781403,7746.609151363373,-0.0002980232238769531,-0.0005960464477539062,0.0,-0.0002980232238769531
1,1229,12.290000000000001,7746.615707874298,7746.609151363373,7746.615707874298,7746.609747409821,-0.0002980232238769531,0.0002980232238769531,0.0011920928955078125,0.0005960464477539062
1,1230,12.3,7746.616005897522,7746.608853340149,7746.615707874298,7746.609747409821,0.0002980232238769531,-0.0002980232238769531,0.0,0.0
1,1231,12.31,7746.615409851074,7746.608257293701,7746.616005897522,7746.609747409821,-0.0005960464477539062,-0.0005960464477539062,0.0002980232238769531,0.0
1,1232,12.32,7746.616303920746,7746.608853340149,7746.615707874298,7746.609747409821,0.0008940696716308594,0.0005960464477539062,-0.0002980232238769531,0.0
1,1233,12.33,7746.61511182785,7746.6073632240295,7746.615707874298,7746.609747409821,-0.0011920928955078125,-0.0014901161193847656,0.0,0.0
1,1234,12.34,7746.615409851074,7746.607959270477,7746.616303920746,7746.609747409821,0.0002980232238769531,0.0005960464477539062,0.0005960464477539062,0.0
1,1235,12.35,7746.615409851074,7746.608257293701,7746.617496013641,7746.610939502716,0.0,0.0002980232238769531,0.0011920928955078125,0.0011920928955078125
1,1236,12.36,7746.615409851074,7746.608555316925,7746.61660194397,7746.609449386597,0.0,0.0002980232238769531,-0.0008940696716308594,-0.0014901161193847656
1,1237,12.370000000000001,7746.616005897522,7746.608853340149,7746.616899967194,7746.609449386597,0.0005960464477539062,0.0002980232238769531,0.0002980232238769531,0.0
1,1238,12.38,7746.616005897522,7746.608257293701,7746.617794036865,7746.610641479492,0.0,-0.0005960464477539062,0.0008940696716308594,0.0011920928955078125
1,1239,12.39,7746.615409851074,7746.606767177582,7746.6171979904175,7746.609449386597,-0.0005960464477539062,-0.0014901161193847656,-0.0005960464477539062,-0.0011920928955078125
1,1240,12.4,7746.615409851074,7746.607661247253,7746.618092060089,7746.610343456268,0.0,0.0008940696716308594,0.0008940696716308594,0.0008940696716308594
1,1241,12.41,7746.615409851074,7746.607065200806,7746.618092060089,7746.609449386597,0.0,-0.0005960464477539062,0.0,-0.0008940696716308594
1,1242,12.42,7746.615707874298,7746.607661247253,7746.618390083313,7746.609449386597,0.0002980232238769531,0.0005960464477539062,0.0002980232238769531,0.0
1,1243,12.43,7746.616005897522,7746.608555316925,7746.618092060089,7746.609747409821,0.0002980232238769531,0.0008940696716308594,-0.0002980232238769531,0.0002980232238769531
1,1244,12.44,7746.61511182785,7746.607959270477,7746.617496013641,7746.609747409821,-0.0008940696716308594,-0.0005960464477539062,-0.0005960464477539062,0.0
1,1245,12.450000000000001,7746.615409851074,7746.608555316925,7746.617496013641,7746.609449386597,0.0002980232238769531,0.0005960464477539062,0.0,-0.0002980232238769531
1,1246,12.46,7746.616005897522,7746.608555316925,7746.618092060089,7746.610045433044,0.0005960464477539062,0.0,0.0005960464477539062,0.0005960464477539062
1,1247,12.47,7746.616303920746,7746.608555316925,7746.616005897522,7746.608555316925,0.0002980232238769531,0.0,-0.002086162567138672,-0.0014901161193847656
1,1248,12.48,7746.616005897522,7746.607959270477,7746.617496013641,7746.609747409821,-0.0002980232238769531,-0.0005960464477539062,0.0014901161193847656,0.0011920928955078125
1,1249,12.49,7746.616005897522,7746.608555316925,7746.618092060089,7746.609449386597,0.0,0.0005960464477539062,0.0005960464477539062,-0.0002980232238769531
1,1250,12.5,7746.615409851074,7746.607959270477,7746.618092060089,7746.609151363373,-0.0005960464477539062,-0.0005960464477539062,0.0,-0.0002980232238769531
1,1251,12.51,7746.616303920746,7746.608257293701,7746.618390083313,7746.609449386597,0.0008940696716308594,0.0002980232238769531,0.0002980232238769531,0.0002980232238769531
1,1252,12.52,7746.615409851074,7746.608257293701,7746.618688106537,7746.610343456268,-0.0008940696716308594,0.0,0.0002980232238769531,0.0008940696716308594
1,1253,12.530000000000001,7746.6148138046265,7746.6073632240295,7746.618986129761,7746.610343456268,-0.0005960464477539062,-0.0008940696716308594,0.0002980232238769531,0.0
1,1254,12.540000000000001,7746.61511182785,7746.607065200806,7746.6195821762085,7746.609747409821,0.0002980232238769531,-0.0002980232238769531,0.0005960464477539062,-0.0005960464477539062
1,1255,12.55,7746.616303920746,7746.609449386597,7746.618390083313,7746.609449386597,0.0011920928955078125,0.002384185791015625,-0.0011920928955078125,-0.0002980232238769531
1,1256,12.56,7746.61660194397,7746.608555316925,7746.618986129761,7746.609747409821,0.0002980232238769531,-0.0008940696716308594,0.0005960464477539062,0.0002980232238769531
1,1257,12.57,7746.616005897522,7746.6073632240295,7746.618390083313,7746.610343456268,-0.0005960464477539062,-0.0011920928955078125,-0.0005960464477539062,0.0005960464477539062
1,1258,12.58,7746.616303920746,7746.6073632240295,7746.619880199432,7746.610641479492,0.0002980232238769531,0.0,0.0014901161193847656,0.0002980232238769531
1,1259,12.59,7746.616005897522,7746.608257293701,7746.619880199432,7746.61123752594,-0.0002980232238769531,0.0008940696716308594,0.0,0.0005960464477539062
1,1260,12.6,7746.615707874298,7746.606767177582,7746.6195821762085,7746.610939502716,-0.0002980232238769531,-0.0014901161193847656,-0.0002980232238769531,-0.0002980232238769531
1,1261,12.61,7746.61511182785,7746.606469154358,7746.619880199432,7746.611535549164,-0.0005960464477539062,-0.0002980232238769531,0.0002980232238769531,0.0005960464477539062
1,1262,12.620000000000001,7746.616005897522,7746.607959270477,7746.618986129761,7746.610641479492,0.0008940696716308594,0.0014901161193847656,-0.0008940696716308594,-0.0008940696716308594
1,1263,12.63,7746.616303920746,7746.607661247253,7746.619284152985,7746.61123752594,0.0002980232238769531,-0.0002980232238769531,0.0002980232238769531,0.0005960464477539062
1,1264,12.64,7746.615409851074,7746.607661247253,7746.6195821762085,7746.610939502716,-0.0008940696716308594,0.0,0.0002980232238769531,-0.0002980232238769531
1,1265,12.65,7746.616005897522,7746.6073632240295,7746.618986129761,7746.61123752594,0.0005960464477539062,-0.0002980232238769531,-0.0005960464477539062,0.0002980232238769531
1,1266,12.66,7746.616303920746,7746.6073632240295,7746.62047624588,7746.611535549164,0.0002980232238769531,0.0,0.0014901161193847656,0.0002980232238769531
1,1267,12.67,7746.616005897522,7746.607959270477,7746.618390083313,7746.610343456268,-0.0002980232238769531,0.0005960464477539062,-0.002086162567138672,-0.0011920928955078125
1,1268,12.68,7746.616005897522,7746.607661247253,7746.6195821762085,7746.610641479492,0.0,-0.0002980232238769531,0.0011920928955078125,0.0002980232238769531
1,1269,12.69,7746.61660194397,7746.608555316925,7746.6195821762085,7746.610939502716,0.0005960464477539062,0.0008940696716308594,0.0,0.0002980232238769531
1,1270,12.700000000000001,7746.615707874298,7746.607959270477,7746.620774269104,7746.611833572388,-0.0008940696716308594,-0.0005960464477539062,0.0011920928955078125,0.0008940696716308594
1,1271,12.71,7746.615409851074,7746.606469154358,7746.621072292328,7746.611535549164,-0.0002980232238769531,-0.0014901161193847656,0.0002980232238769531,-0.0002980232238769531
1,1272,12.72,7746.615409851074,7746.6073632240295,7746.621668338776,7746.612131595612,0.0,0.0008940696716308594,0.0005960464477539062,0.0005960464477539062
1,1273,12.73,7746.615707874298,7746.608555316925,7746.62047624588,7746.61123752594,0.0002980232238769531,0.0011920928955078125,-0.0011920928955078125,-0.0008940696716308594
1,1274,12.74,7746.616005897522,7746.607959270477,7746.621668338776,7746.611833572388,0.0002980232238769531,-0.0005960464477539062,0.0011920928955078125,0.0005960464477539062
1,1275,12.75,7746.615409851074,7746.607661247253,7746.620774269104,7746.612131595612,-0.0005960464477539062,-0.0002980232238769531,-0.0008940696716308594,0.0002980232238769531
1,1276,12.76,7746.615409851074,7746.607661247253,7746.621072292328,7746.612131595612,0.0,0.0,0.0002980232238769531,0.0
1,1277,12.77,7746.616303920746,7746.608853340149,7746.620178222656,7746.611535549164,0.0008940696716308594,0.0011920928955078125,-0.0008940696716308594,-0.0005960464477539062
1,1278,12.780000000000001,7746.616005897522,7746.608257293701,7746.621072292328,7746.612429618835,-0.0002980232238769531,-0.0005960464477539062,0.0008940696716308594,0.0008940696716308594
1,1279,12.790000000000001,7746.615707874298,7746.608555316925,7746.62047624588,7746.612429618835,-0.0002980232238769531,0.0002980232238769531,-0.0005960464477539062,0.0
1,1280,12.8,7746.615409851074,7746.608555316925,7746.620774269104,7746.612429618835,-0.0002980232238769531,0.0,0.0002980232238769531,0.0
1,1281,12.81,7746.616005897522,7746.608555316925,7746.621370315552,7746.612131595612,0.0005960464477539062,0.0,0.0005960464477539062,-0.0002980232238769531
1,1282,12.82,7746.61660194397,7746.609151363373,7746.621370315552,7746.612131595612,0.0005960464477539062,0.0005960464477539062,0.0,0.0
1,1283,12.83,7746.616303920746,7746.609151363373,7746.621370315552,7746.613025665283,-0.0002980232238769531,0.0,0.0,0.0008940696716308594
1,1284,12.84,7746.616005897522,7746.607661247253,7746.621668338776,7746.613621711731,-0.0002980232238769531,-0.0014901161193847656,0.0002980232238769531,0.0005960464477539062
1,1285,12.85,7746.615707874298,7746.607959270477,7746.621668338776,7746.613919734955,-0.0002980232238769531,0.0002980232238769531,0.0,0.0002980232238769531
1,1286,12.86,7746.615409851074,7746.608257293701,7746.623158454895,7746.613919734955,-0.0002980232238769531,0.0002980232238769531,0.0014901161193847656,0.0
1,1287,12.870000000000001,7746.616303920746,7746.608853340149,7746.621072292328,7746.613323688507,0.0008940696716308594,0.0005960464477539062,-0.002086162567138672,-0.0005960464477539062
1,1288,12.88,7746.616303920746,7746.608555316925,7746.622562408447,7746.614217758179,0.0,-0.0002980232238769531,0.0014901161193847656,0.0008940696716308594
1,1289,12.89,7746.616005897522,7746.608257293701,7746.621370315552,7746.613919734955,-0.0002980232238769531,-0.0002980232238769531,-0.0011920928955078125,-0.0002980232238769531
1,1290,12.9,7746.616303920746,7746.607661247253,7746.621668338776,7746.614515781403,0.0002980232238769531,-0.0005960464477539062,0.0002980232238769531,0.0005960464477539062
1,1291,12.91,7746.616005897522,7746.607661247253,7746.621668338776,7746.614515781403,-0.0002980232238769531,0.0,0.0,0.0
1,1292,12.92,7746.61660194397,7746.609151363373,7746.621370315552,7746.614515781403,0.0005960464477539062,0.0014901161193847656,-0.0002980232238769531,0.0
1,1293,12.93,7746.617496013641,7746.609747409821,7746.621370315552,7746.614515781403,0.0008940696716308594,0.0005960464477539062,0.0,0.0
1,1294,12.94,7746.616303920746,7746.608853340149,7746.620774269104,7746.614217758179,-0.0011920928955078125,-0.0008940696716308594,-0.0005960464477539062,-0.0002980232238769531
1,1295,12.950000000000001,7746.61660194397,7746.608555316925,7746.621668338776,7746.6148138046265,0.0002980232238769531,-0.0002980232238769531,0.0008940696716308594,0.0005960464477539062
1,1296,12.96,7746.61660194397,7746.610045433044,7746.619880199432,7746.613919734955,0.0,0.0014901161193847656,-0.0017881393432617188,-0.0008940696716308594
1,1297,12.97,7746.61660194397,7746.609747409821,7746.621072292328,7746.614515781403,0.0,-0.0002980232238769531,0.0011920928955078125,0.0005960464477539062
1,1298,12.98,7746.617496013641,7746.610343456268,7746.620774269104,7746.614515781403,0.0008940696716308594,0.0005960464477539062,-0.0002980232238769531,0.0
1,1299,12.99,7746.617496013641,7746.610343456268,7746.621072292328,7746.6148138046265,0.0,0.0,0.0002980232238769531,0.0002980232238769531
1,1300,13.0,7746.616899967194,7746.610045433044,7746.62047624588,7746.614515781403,-0.0005960464477539062,-0.0002980232238769531,-0.0005960464477539062,-0.0002980232238769531
1,1301,13.01,7746.617794036865,7746.61123752594,7746.620178222656,7746.614515781403,0.0008940696716308594,0.0011920928955078125,-0.0002980232238769531,0.0
1,1302,13.02,7746.617496013641,7746.610641479492,7746.62047624588,7746.61511182785,-0.0002980232238769531,-0.0005960464477539062,0.0002980232238769531,0.0005960464477539062
1,1303,13.030000000000001,7746.6171979904175,7746.610343456268,7746.621370315552,7746.615409851074,-0.0002980232238769531,-0.0002980232238769531,0.0008940696716308594,0.0002980232238769531
1,1304,13.040000000000001,7746.617496013641,7746.610045433044,7746.621668338776,7746.615707874298,0.0002980232238769531,-0.0002980232238769531,0.0002980232238769531,0.0002980232238769531
1,1305,13.05,7746.61660194397,7746.610045433044,7746.622264385223,7746.616005897522,-0.0008940696716308594,0.0,0.0005960464477539062,0.0002980232238769531
1,1306,13.06,7746.617794036865,7746.611833572388,7746.621072292328,7746.615409851074,0.0011920928955078125,0.0017881393432617188,-0.0011920928955078125,-0.0005960464477539062
1,1307,13.07,7746.616303920746,7746.610343456268,7746.621072292328,7746.616005897522,-0.0014901161193847656,-0.0014901161193847656,0.0,0.0005960464477539062
1,1308,13.08,7746.616303920746,7746.609747409821,7746.621668338776,7746.616303920746,0.0,-0.0005960464477539062,0.0005960464477539062,0.0002980232238769531
1,1309,13.09,7746.616303920746,7746.610343456268,7746.621668338776,7746.616303920746,0.0,0.0005960464477539062,0.0,0.0
1,1310,13.1,7746.61660194397,7746.610045433044,7746.622860431671,7746.61660194397,0.0002980232238769531,-0.0002980232238769531,0.0011920928955078125,0.0002980232238769531
1,1311,13.11,7746.617496013641,7746.610343456268,7746.621370315552,7746.616005897522,0.0008940696716308594,0.0002980232238769531,-0.0014901161193847656,-0.0005960464477539062
1,1312,13.120000000000001,7746.617794036865,7746.611535549164,7746.621072292328,7746.616303920746,0.0002980232238769531,0.0011920928955078125,-0.0002980232238769531,0.0002980232238769531
1,1313,13.13,7746.617794036865,7746.61123752594,7746.621668338776,7746.617496013641,0.0,-0.0002980232238769531,0.0005960464477539062,0.0011920928955078125
1,1314,13.14,7746.617496013641,7746.611535549164,7746.621668338776,7746.6171979904175,-0.0002980232238769531,0.0002980232238769531,0.0,-0.0002980232238769531
1,1315,13.15,7746.61660194397,7746.610045433044,7746.6219663619995,7746.617496013641,-0.0008940696716308594,-0.0014901161193847656,0.0002980232238769531,0.0002980232238769531
1,1316,13.16,7746.617794036865,7746.612131595612,7746.619880199432,7746.616303920746,0.0011920928955078125,0.002086162567138672,-0.002086162567138672,-0.0011920928955078125
1,1317,13.17,7746.618390083313,7746.612131595612,7746.620178222656,7746.61660194397,0.0005960464477539062,0.0,0.0002980232238769531,0.0002980232238769531
1,1318,13.18,7746.617496013641,7746.611833572388,7746.62047624588,7746.6171979904175,-0.0008940696716308594,-0.0002980232238769531,0.0002980232238769531,0.0005960464477539062
1,1319,13.19,7746.617794036865,7746.611833572388,7746.62047624588,7746.617496013641,0.0002980232238769531,0.0,0.0,0.0002980232238769531
1,1320,13.200000000000001,7746.617794036865,7746.612727642059,7746.62047624588,7746.616899967194,0.0,0.0008940696716308594,0.0,-0.0005960464477539062
1,1321,13.21,7746.618092060089,7746.611535549164,7746.621072292328,7746.617496013641,0.0002980232238769531,-0.0011920928955078125,0.0005960464477539062,0.0005960464477539062
1,1322,13.22,7746.618986129761,7746.612727642059,7746.619880199432,7746.6171979904175,0.0008940696716308594,0.0011920928955078125,-0.0011920928955078125,-0.0002980232238769531
1,1323,13.23,7746.618092060089,7746.613025665283,7746.62047624588,7746.6171979904175,-0.0008940696716308594,0.0002980232238769531,0.0005960464477539062,0.0
1,1324,13.24,7746.6171979904175,7746.611535549164,7746.620178222656,7746.6171979904175,-0.0008940696716308594,-0.0014901161193847656,-0.0002980232238769531,0.0
1,1325,13.25,7746.6171979904175,7746.612131595612,7746.62047624588,7746.6171979904175,0.0,0.0005960464477539062,0.0002980232238769531,0.0
1,1326,13.26,7746.6171979904175,7746.611833572388,7746.621072292328,7746.617794036865,0.0,-0.0002980232238769531,0.0005960464477539062,0.0005960464477539062
1,1327,13.27,7746.61660194397,7746.611833572388,7746.621072292328,7746.617794036865,-0.0005960464477539062,0.0,0.0,0.0
1,1328,13.280000000000001,7746.618390083313,7746.613025665283,7746.619880199432,7746.6171979904175,0.0017881393432617188,0.0011920928955078125,-0.0011920928955078125,-0.0005960464477539062
1,1329,13.290000000000001,7746.618092060089,7746.612727642059,7746.620178222656,7746.617496013641,-0.0002980232238769531,-0.0002980232238769531,0.0002980232238769531,0.0002980232238769531
1,1330,13.3,7746.618390083313,7746.612727642059,7746.619880199432,7746.617794036865,0.0002980232238769531,0.0,-0.0002980232238769531,0.0002980232238769531
1,1331,13.31,7746.618092060089,7746.612429618835,7746.62047624588,7746.617794036865,-0.0002980232238769531,-0.0002980232238769531,0.0005960464477539062,0.0
1,1332,13.32,7746.618092060089,7746.612429618835,7746.620774269104,7746.618986129761,0.0,0.0,0.0002980232238769531,0.0011920928955078125
1,1333,13.33,7746.618390083313,7746.613025665283,7746.62047624588,7746.618390083313,0.0002980232238769531,0.0005960464477539062,-0.0002980232238769531,-0.0005960464477539062
1,1334,13.34,7746.619284152985,7746.614515781403,7746.6195821762085,7746.617794036865,0.0008940696716308594,0.0014901161193847656,-0.0008940696716308594,-0.0005960464477539062
1,1335,13.35,7746.618390083313,7746.613323688507,7746.618688106537,7746.618092060089,-0.0008940696716308594,-0.0011920928955078125,-0.0008940696716308594,0.0002980232238769531
1,1336,13.36,7746.617794036865,7746.613025665283,7746.618986129761,7746.617496013641,-0.0005960464477539062,-0.0002980232238769531,0.0002980232238769531,-0.0005960464477539062
1,1337,13.370000000000001,7746.617794036865,7746.613621711731,7746.6195821762085,7746.618092060089,0.0,0.0005960464477539062,0.0005960464477539062,0.0005960464477539062
1,1338,13.38,7746.618688106537,7746.614515781403,7746.618688106537,7746.617794036865,0.0008940696716308594,0.0008940696716308594,-0.0008940696716308594,-0.0002980232238769531
1,1339,13.39,7746.618390083313,7746.614515781403,7746.618986129761,7746.617794036865,-0.0002980232238769531,0.0,0.0002980232238769531,0.0
1,1340,13.4,7746.617496013641,7746.614515781403,7746.6195821762085,7746.618390083313,-0.0008940696716308594,0.0,0.0005960464477539062,0.0005960464477539062
1,1341,13.41,7746.617794036865,7746.614515781403,7746.619880199432,7746.618688106537,0.0002980232238769531,0.0,0.0002980232238769531,0.0002980232238769531
1,1342,13.42,7746.618390083313,7746.615409851074,7746.618390083313,7746.617496013641,0.0005960464477539062,0.0008940696716308594,-0.0014901161193847656,-0.0011920928955078125
1,1343,13.43,7746.618986129761,7746.6148138046265,7746.618688106537,7746.617794036865,0.0005960464477539062,-0.0005960464477539062,0.0002980232238769531,0.0002980232238769531
1,1344,13.44,7746.618986129761,7746.6148138046265,7746.618688106537,7746.618092060089,0.0,0.0,0.0,0.0002980232238769531
1,1345,13.450000000000001,7746.618390083313,7746.614217758179,7746.620178222656,7746.618688106537,-0.0005960464477539062,-0.0005960464477539062,0.0014901161193847656,0.0005960464477539062
1,1346,13.46,7746.618390083313,7746.614217758179,7746.620178222656,7746.618986129761,0.0,0.0,0.0,0.0002980232238769531
1,1347,13.47,7746.617794036865,7746.614217758179,7746.620178222656,7746.618986129761,-0.0005960464477539062,0.0,0.0,0.0
1,1348,13.48,7746.618390083313,7746.614515781403,7746.62047624588,7746.6195821762085,0.0005960464477539062,0.0002980232238769531,0.0002980232238769531,0.0005960464477539062
1,1349,13.49,7746.618390083313,7746.615409851074,7746.6195821762085,7746.618986129761,0.0,0.0008940696716308594,-0.0008940696716308594,-0.0005960464477539062
1,1350,13.5,7746.616899967194,7746.614515781403,7746.618390083313,7746.619284152985,-0.0014901161193847656,-0.0008940696716308594,-0.0011920928955078125,0.0002980232238769531
1,1351,13.51,7746.617794036865,7746.614515781403,7746.618688106537,7746.618986129761,0.0008940696716308594,0.0,0.0002980232238769531,-0.0002980232238769531
1,1352,13.52,7746.618092060089,7746.615707874298,7746.617496013641,7746.618688106537,0.0002980232238769531,0.0011920928955078125,-0.0011920928955078125,-0.0002980232238769531
1,1353,13.530000000000001,7746.618390083313,7746.615409851074,7746.617794036865,7746.618688106537,0.0002980232238769531,-0.0002980232238769531,0.0002980232238769531,0.0
1,1354,13.540000000000001,7746.618390083313,7746.61660194397,7746.617496013641,7746.617794036865,0.0,0.0011920928955078125,-0.0002980232238769531,-0.0008940696716308594
1,1355,13.55,7746.618092060089,7746.616303920746,7746.617496013641,7746.618688106537,-0.0002980232238769531,-0.0002980232238769531,0.0,0.0008940696716308594
1,1356,13.56,7746.618390083313,7746.616303920746,7746.618390083313,7746.618688106537,0.0002980232238769531,0.0,0.0008940696716308594,0.0
1,1357,13.57,7746.618092060089,7746.616899967194,7746.618390083313,7746.618390083313,-0.0002980232238769531,0.0005960464477539062,0.0,-0.0002980232238769531
1,1358,13.58,7746.617794036865,7746.615707874298,7746.618986129761,7746.618688106537,-0.0002980232238769531,-0.0011920928955078125,0.0005960464477539062,0.0002980232238769531
1,1359,13.59,7746.617794036865,7746.616005897522,7746.618390083313,7746.618688106537,0.0,0.0002980232238769531,-0.0005960464477539062,0.0
1,1360,13.6,7746.618092060089,7746.615707874298,7746.618390083313,7746.618688106537,0.0002980232238769531,-0.0002980232238769531,0.0,0.0
1,1361,13.61,7746.618092060089,7746.615707874298,7746.618688106537,7746.619284152985,0.0,0.0,0.0002980232238769531,0.0005960464477539062
1,1362,13.620000000000001,7746.618092060089,7746.616303920746,7746.618688106537,7746.618688106537,0.0,0.0005960464477539062,0.0,-0.0005960464477539062
1,1363,13.63,7746.617794036865,7746.616005897522,7746.618986129761,7746.618986129761,-0.0002980232238769531,-0.0002980232238769531,0.0002980232238769531,0.0002980232238769531
1,1364,13.64,7746.617794036865,7746.616005897522,7746.6195821762085,7746.618986129761,0.0,0.0,0.0005960464477539062,0.0
1,1365,13.65,7746.618390083313,7746.616899967194,7746.617496013641,7746.618092060089,0.0005960464477539062,0.0008940696716308594,-0.002086162567138672,-0.0008940696716308594
1,1366,13.66,7746.618390083313,7746.61660194397,7746.618092060089,7746.618688106537,0.0,-0.0002980232238769531,0.0005960464477539062,0.0005960464477539062
1,1367,13.67,7746.618092060089,7746.61660194397,7746.618092060089,7746.619284152985,-0.0002980232238769531,0.0,0.0,0.0005960464477539062
1,1368,13.68,7746.618390083313,7746.616303920746,7746.618390083313,7746.619284152985,0.0002980232238769531,-0.0002980232238769531,0.0002980232238769531,0.0
1,1369,13.69,7746.618092060089,7746.616005897522,7746.618390083313,7746.619284152985,-0.0002980232238769531,-0.0002980232238769531,0.0,0.0
1,1370,13.700000000000001,7746.618092060089,7746.61660194397,7746.618092060089,7746.619284152985,0.0,0.0005960464477539062,-0.0002980232238769531,0.0
1,1371,13.71,7746.617496013641,7746.616005897522,7746.617496013641,7746.618688106537,-0.0005960464477539062,-0.0005960464477539062,-0.0005960464477539062,-0.0005960464477539062
1,1372,13.72,7746.618092060089,7746.616303920746,7746.61660194397,7746.618390083313,0.0005960464477539062,0.0002980232238769531,-0.0008940696716308594,-0.0002980232238769531
1,1373,13.73,7746.618092060089,7746.616303920746,7746.616899967194,7746.618390083313,0.0,0.0,0.0002980232238769531,0.0
1,1374,13.74,7746.617794036865,7746.61660194397,7746.616005897522,7746.618688106537,-0.0002980232238769531,0.0002980232238769531,-0.0008940696716308594,0.0002980232238769531
1,1375,13.75,7746.618092060089,7746.61660194397,7746.6171979904175,7746.618390083313,0.0002980232238769531,0.0,0.0011920928955078125,-0.0002980232238769531
1,1376,13.76,7746.617794036865,7746.6171979904175,7746.617794036865,7746.618986129761,-0.0002980232238769531,0.0005960464477539062,0.0005960464477539062,0.0005960464477539062
1,1377,13.77,7746.617496013641,7746.616303920746,7746.617496013641,7746.618688106537,-0.0002980232238769531,-0.0008940696716308594,-0.0002980232238769531,-0.0002980232238769531
1,1378,13.780000000000001,7746.617794036865,7746.616303920746,7746.617794036865,7746.618688106537,0.0002980232238769531,0.0,0.0002980232238769531,0.0
1,1379,13.790000000000001,7746.617794036865,7746.616005897522,7746.618092060089,7746.618986129761,0.0,-0.0002980232238769531,0.0002980232238769531,0.0002980232238769531
1,1380,13.8,7746.617794036865,7746.616005897522,7746.618092060089,7746.618986129761,0.0,0.0,0.0,0.0
1,1381,13.81,7746.617794036865,7746.616303920746,7746.6171979904175,7746.618688106537,0.0,0.0002980232238769531,-0.0008940696716308594,-0.0002980232238769531
1,1382,13.82,7746.617794036865,7746.61660194397,7746.617496013641,7746.618688106537,0.0,0.0002980232238769531,0.0002980232238769531,0.0
1,1383,13.83,7746.617496013641,7746.616899967194,7746.617496013641,7746.618688106537,-0.0002980232238769531,0.0002980232238769531,0.0,0.0
1,1384,13.84,7746.617794036865,7746.6171979904175,7746.6171979904175,7746.618986129761,0.0002980232238769531,0.0002980232238769531,-0.0002980232238769531,0.0002980232238769531
1,1385,13.85,7746.618092060089,7746.617794036865,7746.6171979904175,7746.618390083313,0.0002980232238769531,0.0005960464477539062,0.0,-0.0005960464477539062
1,1386,13.86,7746.618092060089,7746.617496013641,7746.6171979904175,7746.618688106537,0.0,-0.0002980232238769531,0.0,0.0002980232238769531
1,1387,13.870000000000001,7746.618092060089,7746.617794036865,7746.6171979904175,7746.618688106537,0.0,0.0002980232238769531,0.0,0.0
1,1388,13.88,7746.617496013641,7746.618092060089,7746.616899967194,7746.619284152985,-0.0005960464477539062,0.0002980232238769531,-0.0002980232238769531,0.0005960464477539062
1,1389,13.89,7746.617496013641,7746.617496013641,7746.616899967194,7746.618986129761,0.0,-0.0005960464477539062,0.0,-0.0002980232238769531
1,1390,13.9,7746.617794036865,7746.617496013641,7746.616899967194,7746.618986129761,0.0002980232238769531,0.0,0.0,0.0
1,1391,13.91,7746.617794036865,7746.618390083313,7746.6171979904175,7746.618688106537,0.0,0.0008940696716308594,0.0002980232238769531,-0.0002980232238769531
1,1392,13.92,7746.617794036865,7746.618092060089,7746.6171979904175,7746.618688106537,0.0,-0.0002980232238769531,0.0,0.0
1,1393,13.93,7746.617794036865,7746.618092060089,7746.616899967194,7746.618390083313,0.0,0.0,-0.0002980232238769531,-0.0002980232238769531
1,1394,13.94,7746.6171979904175,7746.618390083313,7746.6171979904175,7746.618688106537,-0.0005960464477539062,0.0002980232238769531,0.0002980232238769531,0.0002980232238769531
1,1395,13.950000000000001,7746.6171979904175,7746.618390083313,7746.6171979904175,7746.618688106537,0.0,0.0,0.0,0.0
1,1396,13.96,7746.617496013641,7746.618092060089,7746.617496013641,7746.618688106537,0.0002980232238769531,-0.0002980232238769531,0.0002980232238769531,0.0
1,1397,13.97,7746.617794036865,7746.618390083313,7746.616899967194,7746.618688106537,0.0002980232238769531,0.0002980232238769531,-0.0005960464477539062,0.0
1,1398,13.98,7746.617794036865,7746.618390083313,7746.616899967194,7746.618688106537,0.0,0.0,0.0,0.0
1,1399,13.99,7746.618092060089,7746.618390083313,7746.616303920746,7746.618688106537,0.0002980232238769531,0.0,-0.0005960464477539062,0.0
1,1400,14.0,7746.618390083313,7746.618390083313,7746.615707874298,7746.618390083313,0.0002980232238769531,0.0,-0.0005960464477539062,-0.0002980232238769531
1,1401,14.01,7746.618092060089,7746.617794036865,7746.616005897522,7746.618688106537,-0.0002980232238769531,-0.0005960464477539062,0.0002980232238769531,0.0002980232238769531
1,1402,14.02,7746.618092060089,7746.618390083313,7746.61660194397,7746.618688106537,0.0,0.0005960464477539062,0.0005960464477539062,0.0
1,1403,14.030000000000001,7746.618390083313,7746.618390083313,7746.616303920746,7746.618688106537,0.0002980232238769531,0.0,-0.0002980232238769531,0.0
1,1404,14.040000000000001,7746.618390083313,7746.618390083313,7746.616303920746,7746.618688106537,0.0,0.0,0.0,0.0
1,1405,14.05,7746.618092060089,7746.618688106537,7746.616303920746,7746.618688106537,-0.0002980232238769531,0.0002980232238769531,0.0,0.0
1,1406,14.06,7746.618688106537,7746.618688106537,7746.616303920746,7746.618390083313,0.0005960464477539062,0.0,0.0,-0.0002980232238769531
1,1407,14.07,7746.617794036865,7746.616899967194,7746.615707874298,7746.617496013641,-0.0008940696716308594,-0.0017881393432617188,-0.0005960464477539062,-0.0008940696716308594
1,1408,14.08,7746.617794036865,7746.616899967194,7746.615409851074,7746.617794036865,0.0,0.0,-0.0002980232238769531,0.0002980232238769531
1,1409,14.09,7746.617496013641,7746.616899967194,7746.615707874298,7746.618688106537,-0.0002980232238769531,0.0,0.0002980232238769531,0.0008940696716308594
1,1410,14.1,7746.617794036865,7746.618092060089,7746.615707874298,7746.617496013641,0.0002980232238769531,0.0011920928955078125,0.0,-0.0011920928955078125
1,1411,14.11,7746.616899967194,7746.6171979904175,7746.616303920746,7746.618092060089,-0.0008940696716308594,-0.0008940696716308594,0.0005960464477539062,0.0005960464477539062
1,1412,14.120000000000001,7746.61660194397,7746.617496013641,7746.616899967194,7746.617794036865,-0.0002980232238769531,0.0002980232238769531,0.0005960464477539062,-0.0002980232238769531
1,1413,14.13,7746.616303920746,7746.617496013641,7746.616303920746,7746.618092060089,-0.0002980232238769531,0.0,-0.0005960464477539062,0.0002980232238769531
1,1414,14.14,7746.616005897522,7746.617496013641,7746.616303920746,7746.618390083313,-0.0002980232238769531,0.0,0.0,0.0002980232238769531
1,1415,14.15,7746.616005897522,7746.617496013641,7746.616005897522,7746.618390083313,0.0,0.0,-0.0002980232238769531,0.0
1,1416,14.16,7746.616303920746,7746.617794036865,7746.615707874298,7746.618390083313,0.0002980232238769531,0.0002980232238769531,-0.0002980232238769531,0.0
1,1417,14.17,7746.616303920746,7746.617794036865,7746.615707874298,7746.617794036865,0.0,0.0,0.0,-0.0005960464477539062
1,1418,14.18,7746.61660194397,7746.618092060089,7746.616005897522,7746.617794036865,0.0002980232238769531,0.0002980232238769531,0.0002980232238769531,0.0
1,1419,14.19,7746.61660194397,7746.617794036865,7746.61660194397,7746.617794036865,0.0,-0.0002980232238769531,0.0005960464477539062,0.0
1,1420,14.200000000000001,7746.61660194397,7746.617794036865,7746.61660194397,7746.617794036865,0.0,0.0,0.0,0.0
1,1421,14.21,7746.61660194397,7746.618092060089,7746.61660194397,7746.618390083313,0.0,0.0002980232238769531,0.0,0.0005960464477539062
1,1422,14.22,7746.61660194397,7746.618092060089,7746.61660194397,7746.618390083313,0.0,0.0,0.0,0.0
1,1423,14.23,7746.61660194397,7746.617496013641,7746.616005897522,7746.617794036865,0.0,-0.0005960464477539062,-0.0005960464477539062,-0.0005960464477539062
1,1424,14.24,7746.61660194397,7746.6171979904175,7746.6171979904175,7746.618688106537,0.0,-0.0002980232238769531,0.0011920928955078125,0.0008940696716308594
1,1425,14.25,7746.61660194397,7746.6171979904175,7746.6171979904175,7746.618688106537,0.0,0.0,0.0,0.0
1,1426,14.26,7746.6171979904175,7746.617496013641,7746.61660194397,7746.618688106537,0.0005960464477539062,0.0002980232238769531,-0.0005960464477539062,0.0
1,1427,14.27,7746.6171979904175,7746.617496013641,7746.616005897522,7746.618688106537,0.0,0.0,-0.0005960464477539062,0.0
1,1428,14.280000000000001,7746.617496013641,7746.617794036865,7746.616005897522,7746.618688106537,0.0002980232238769531,0.0002980232238769531,0.0,0.0
1,1429,14.290000000000001,7746.617496013641,7746.617496013641,7746.616303920746,7746.618390083313,0.0,-0.0002980232238769531,0.0002980232238769531,-0.0002980232238769531
1,1430,14.3,7746.617794036865,7746.617794036865,7746.616005897522,7746.618390083313,0.0002980232238769531,0.0002980232238769531,-0.0002980232238769531,0.0
1,1431,14.31,7746.617794036865,7746.617794036865,7746.616005897522,7746.618390083313,0.0,0.0,0.0,0.0
1,1432,14.32,7746.618092060089,7746.618390083313,7746.616005897522,7746.618390083313,0.0002980232238769531,0.0005960464477539062,0.0,0.0
1,1433,14.33,7746.618390083313,7746.618390083313,7746.616303920746,7746.617794036865,0.0002980232238769531,0.0,0.0002980232238769531,-0.0005960464477539062
1,1434,14.34,7746.617794036865,7746.618092060089,7746.616303920746,7746.618092060089,-0.0005960464477539062,-0.0002980232238769531,0.0,0.0002980232238769531
1,1435,14.35,7746.617496013641,7746.616303920746,7746.617496013641,7746.618092060089,-0.0002980232238769531,-0.0017881393432617188,0.0011920928955078125,0.0
1,1436,14.36,7746.617496013641,7746.616899967194,7746.6171979904175,7746.617794036865,0.0,0.0005960464477539062,-0.0002980232238769531,-0.0002980232238769531
1,1437,14.370000000000001,7746.617496013641,7746.616303920746,7746.6171979904175,7746.617794036865,0.0,-0.0005960464477539062,0.0,0.0
1,1438,14.38,7746.617496013641,7746.61660194397,7746.6171979904175,7746.618390083313,0.0,0.0002980232238769531,0.0,0.0005960464477539062
1,1439,14.39,7746.617496013641,7746.616899967194,7746.6171979904175,7746.618688106537,0.0,0.0002980232238769531,0.0,0.0002980232238769531
1,1440,14.4,7746.617496013641,7746.616899967194,7746.6171979904175,7746.618390083313,0.0,0.0,0.0,-0.0002980232238769531
1,1441,14.41,7746.617794036865,7746.61660194397,7746.6171979904175,7746.618688106537,0.0002980232238769531,-0.0002980232238769531,0.0,0.0002980232238769531
1,1442,14.42,7746.617496013641,7746.617496013641,7746.616899967194,7746.618092060089,-0.0002980232238769531,0.0008940696716308594,-0.0002980232238769531,-0.0005960464477539062
1,1443,14.43,7746.616899967194,7746.616899967194,7746.617496013641,7746.617794036865,-0.0005960464477539062,-0.0005960464477539062,0.0005960464477539062,-0.0002980232238769531
1,1444,14.44,7746.61660194397,7746.618092060089,7746.6171979904175,7746.617794036865,-0.0002980232238769531,0.0011920928955078125,-0.0002980232238769531,0.0
1,1445,14.450000000000001,7746.617496013641,7746.618092060089,7746.616899967194,7746.617496013641,0.0008940696716308594,0.0,-0.0002980232238769531,-0.0002980232238769531
1,1446,14.46,7746.6171979904175,7746.618092060089,7746.6171979904175,7746.617496013641,-0.0002980232238769531,0.0,0.0002980232238769531,0.0
1,1447,14.47,7746.617794036865,7746.619284152985,7746.614515781403,7746.616899967194,0.0005960464477539062,0.0011920928955078125,-0.002682209014892578,-0.0005960464477539062
1,1448,14.48,7746.617794036865,7746.618986129761,7746.615409851074,7746.6171979904175,0.0,-0.0002980232238769531,0.0008940696716308594,0.0002980232238769531
1,1449,14.49,7746.618092060089,7746.618986129761,7746.615707874298,7746.616303920746,0.0002980232238769531,0.0,0.0002980232238769531,-0.0008940696716308594
1,1450,14.5,7746.618092060089,7746.619284152985,7746.616005897522,7746.61660194397,0.0,0.0002980232238769531,0.0002980232238769531,0.0002980232238769531
1,1451,14.51,7746.617794036865,7746.618688106537,7746.6171979904175,7746.616899967194,-0.0002980232238769531,-0.0005960464477539062,0.0011920928955078125,0.0002980232238769531
1,1452,14.52,7746.617794036865,7746.618390083313,7746.616899967194,7746.6171979904175,0.0,-0.0002980232238769531,-0.0002980232238769531,0.0002980232238769531
1,1453,14.530000000000001,7746.617496013641,7746.617794036865,7746.616899967194,7746.6171979904175,-0.0002980232238769531,-0.0005960464477539062,0.0,0.0
1,1454,14.540000000000001,7746.616899967194,7746.617496013641,7746.617496013641,7746.617496013641,-0.0005960464477539062,-0.0002980232238769531,0.0005960464477539062,0.0002980232238769531
1,1455,14.55,7746.616899967194,7746.617496013641,7746.617496013641,7746.617496013641,0.0,0.0,0.0,0.0
1,1456,14.56,7746.616899967194,7746.617496013641,7746.617496013641,7746.617794036865,0.0,0.0,0.0,0.0002980232238769531
1,1457,14.57,7746.616899967194,7746.617496013641,7746.617496013641,7746.617794036865,0.0,0.0,0.0,0.0
1,1458,14.58,7746.6171979904175,7746.616303920746,7746.618688106537,7746.618092060089,0.0002980232238769531,-0.0011920928955078125,0.0011920928955078125,0.0002980232238769531
1,1459,14.59,7746.616899967194,7746.616303920746,7746.618688106537,7746.618390083313,-0.0002980232238769531,0.0,0.0,0.0002980232238769531
1,1460,14.6,7746.616005897522,7746.615707874298,7746.617496013641,7746.617794036865,-0.0008940696716308594,-0.0005960464477539062,-0.0011920928955078125,-0.0005960464477539062
1,1461,14.61,7746.616303920746,7746.616303920746,7746.617496013641,7746.617794036865,0.0002980232238769531,0.0005960464477539062,0.0,0.0
1,1462,14.620000000000001,7746.615707874298,7746.61660194397,7746.617496013641,7746.617794036865,-0.0005960464477539062,0.0002980232238769531,0.0,0.0
1,1463,14.63,7746.616303920746,7746.616303920746,7746.6171979904175,7746.617794036865,0.0005960464477539062,-0.0002980232238769531,-0.0002980232238769531,0.0
1,1464,14.64,7746.6171979904175,7746.61660194397,7746.6171979904175,7746.617794036865,0.0008940696716308594,0.0002980232238769531,0.0,0.0
1,1465,14.65,7746.61660194397,7746.616899967194,7746.6171979904175,7746.617794036865,-0.0005960464477539062,0.0002980232238769531,0.0,0.0
1,1466,14.66,7746.61660194397,7746.616899967194,7746.6171979904175,7746.617794036865,0.0,0.0,0.0,0.0
1,1467,14.67,7746.61660194397,7746.61660194397,7746.6171979904175,7746.6171979904175,0.0,-0.0002980232238769531,0.0,-0.0005960464477539062
1,1468,14.68,7746.61660194397,7746.61660194397,7746.6171979904175,7746.6171979904175,0.0,0.0,0.0,0.0
1,1469,14.69,7746.616303920746,7746.616303920746,7746.617794036865,7746.617794036865,-0.0002980232238769531,-0.0002980232238769531,0.0005960464477539062,0.0005960464477539062
1,1470,14.700000000000001,7746.616303920746,7746.616303920746,7746.617794036865,7746.617794036865,0.0,0.0,0.0,0.0
1,1471,14.71,7746.616303920746,7746.616303920746,7746.617794036865,7746.617794036865,0.0,0.0,0.0,0.0
1,1472,14.72,7746.61660194397,7746.61660194397,7746.617496013641,7746.617794036865,0.0002980232238769531,0.0002980232238769531,-0.0002980232238769531,0.0
1,1473,14.73,7746.616899967194,7746.618092060089,7746.61660194397,7746.617496013641,0.0002980232238769531,0.0014901161193847656,-0.0008940696716308594,-0.0002980232238769531
1,1474,14.74,7746.616899967194,7746.617794036865,7746.616899967194,7746.617496013641,0.0,-0.0002980232238769531,0.0002980232238769531,0.0
1,1475,14.75,7746.616899967194,7746.6171979904175,7746.6171979904175,7746.617794036865,0.0,-0.0005960464477539062,0.0002980232238769531,0.0002980232238769531
1,1476,14.76,7746.616899967194,7746.6171979904175,7746.6171979904175,7746.617794036865,0.0,0.0,0.0,0.0
1,1477,14.77,7746.61660194397,7746.6171979904175,7746.617496013641,7746.617794036865,-0.0002980232238769531,0.0,0.0002980232238769531,0.0
1,1478,14.780000000000001,7746.616899967194,7746.6171979904175,7746.6171979904175,7746.617794036865,0.0002980232238769531,0.0,-0.0002980232238769531,0.0
1,1479,14.790000000000001,7746.61660194397,7746.6171979904175,7746.617496013641,7746.617794036865,-0.0002980232238769531,0.0,0.0002980232238769531,0.0
1,1480,14.8,7746.61660194397,7746.616899967194,7746.6171979904175,7746.617794036865,0.0,-0.0002980232238769531,-0.0002980232238769531,0.0
1,1481,14.81,7746.61660194397,7746.617794036865,7746.618092060089,7746.617496013641,0.0,0.0008940696716308594,0.0008940696716308594,-0.0002980232238769531
1,1482,14.82,7746.616899967194,7746.6171979904175,7746.617794036865,7746.618092060089,0.0002980232238769531,-0.0005960464477539062,-0.0002980232238769531,0.0005960464477539062
1,1483,14.83,7746.61660194397,7746.6171979904175,7746.617794036865,7746.617794036865,-0.0002980232238769531,0.0,0.0,-0.0002980232238769531
1,1484,14.84,7746.61660194397,7746.6171979904175,7746.617496013641,7746.618092060089,0.0,0.0,-0.0002980232238769531,0.0002980232238769531
1,1485,14.85,7746.616899967194,7746.6171979904175,7746.617794036865,7746.618092060089,0.0002980232238769531,0.0,0.0002980232238769531,0.0
1,1486,14.86,7746.616899967194,7746.6171979904175,7746.617496013641,7746.617794036865,0.0,0.0,-0.0002980232238769531,-0.0002980232238769531
1,1487,14.870000000000001,7746.61660194397,7746.6171979904175,7746.617794036865,7746.618092060089,-0.0002980232238769531,0.0,0.0002980232238769531,0.0002980232238769531
1,1488,14.88,7746.616899967194,7746.617496013641,7746.6171979904175,7746.617496013641,0.0002980232238769531,0.0002980232238769531,-0.0005960464477539062,-0.0005960464477539062
1,1489,14.89,7746.617496013641,7746.6171979904175,7746.617496013641,7746.618092060089,0.0005960464477539062,-0.0002980232238769531,0.0002980232238769531,0.0005960464477539062
1,1490,14.9,7746.617496013641,7746.617496013641,7746.617794036865,7746.617794036865,0.0,0.0002980232238769531,0.0002980232238769531,-0.0002980232238769531
1,1491,14.91,7746.617794036865,7746.618390083313,7746.6171979904175,7746.6171979904175,0.0002980232238769531,0.0008940696716308594,-0.0005960464477539062,-0.0005960464477539062
1,1492,14.92,7746.617794036865,7746.618390083313,7746.617496013641,7746.617794036865,0.0,0.0,0.0002980232238769531,0.0005960464477539062
1,1493,14.93,7746.6171979904175,7746.617794036865,7746.618092060089,7746.617794036865,-0.0005960464477539062,-0.0005960464477539062,0.0005960464477539062,0.0
1,1494,14.94,7746.6171979904175,7746.618092060089,7746.617496013641,7746.617496013641,0.0,0.0002980232238769531,-0.0005960464477539062,-0.0002980232238769531
1,1495,14.950000000000001,7746.6171979904175,7746.617794036865,7746.617794036865,7746.617496013641,0.0,-0.0002980232238769531,0.0002980232238769531,0.0
1,1496,14.96,7746.616899967194,7746.618092060089,7746.617794036865,7746.617496013641,-0.0002980232238769531,0.0002980232238769531,0.0,0.0
1,1497,14.97,7746.616899967194,7746.618092060089,7746.617794036865,7746.617496013641,0.0,0.0,0.0,0.0
1,1498,14.98,7746.617794036865,7746.617496013641,7746.617496013641,7746.617496013641,0.0008940696716308594,-0.0005960464477539062,-0.0002980232238769531,0.0
1,1499,14.99,7746.617496013641,7746.618092060089,7746.617794036865,7746.618092060089,-0.0002980232238769531,0.0005960464477539062,0.0002980232238769531,0.0005960464477539062
1,1500,15.0,7746.617794036865,7746.617496013641,7746.617496013641,7746.617496013641,0.0002980232238769531,-0.0005960464477539062,-0.0002980232238769531,-0.0005960464477539062
1,1501,15.01,7746.617794036865,7746.618092060089,7746.617794036865,7746.617794036865,0.0,0.0005960464477539062,0.0002980232238769531,0.0002980232238769531
1,1502,15.02,7746.6171979904175,7746.617496013641,7746.618092060089,7746.617794036865,-0.0005960464477539062,-0.0005960464477539062,0.0002980232238769531,0.0
1,1503,15.030000000000001,7746.616899967194,7746.617794036865,7746.617496013641,7746.618092060089,-0.0002980232238769531,0.0002980232238769531,-0.0005960464477539062,0.0002980232238769531
1,1504,15.040000000000001,7746.616303920746,7746.616303920746,7746.618390083313,7746.618688106537,-0.0005960464477539062,-0.0014901161193847656,0.0008940696716308594,0.0005960464477539062
1,1505,15.05,7746.616303920746,7746.616303920746,7746.618390083313,7746.618688106537,0.0,0.0,0.0,0.0
1,1506,15.06,7746.617794036865,7746.616899967194,7746.618092060089,7746.618390083313,0.0014901161193847656,0.0005960464477539062,-0.0002980232238769531,-0.0002980232238769531
1,1507,15.07,7746.617496013641,7746.6171979904175,7746.617794036865,7746.618390083313,-0.0002980232238769531,0.0002980232238769531,-0.0002980232238769531,0.0
1,1508,15.08,7746.617496013641,7746.6171979904175,7746.617794036865,7746.618390083313,0.0,0.0,0.0,0.0
1,1509,15.09,7746.617496013641,7746.6171979904175,7746.617794036865,7746.618390083313,0.0,0.0,0.0,0.0
1,1510,15.1,7746.6171979904175,7746.6171979904175,7746.617794036865,7746.618390083313,-0.0002980232238769531,0.0,0.0,0.0
1,1511,15.11,7746.617496013641,7746.617496013641,7746.618092060089,7746.618092060089,0.0002980232238769531,0.0002980232238769531,0.0002980232238769531,-0.0002980232238769531
1,1512,15.120000000000001,7746.617496013641,7746.617496013641,7746.618092060089,7746.617794036865,0.0,0.0,0.0,-0.0002980232238769531
1,1513,15.13,7746.617496013641,7746.617496013641,7746.617794036865,7746.617794036865,0.0,0.0,-0.0002980232238769531,0.0
1,1514,15.14,7746.617794036865,7746.618092060089,7746.616303920746,7746.6171979904175,0.0002980232238769531,0.0005960464477539062,-0.0014901161193847656,-0.0005960464477539062
1,1515,15.15,7746.618092060089,7746.618390083313,7746.61660194397,7746.616899967194,0.0002980232238769531,0.0002980232238769531,0.0002980232238769531,-0.0002980232238769531
1,1516,15.16,7746.617794036865,7746.618390083313,7746.616899967194,7746.616899967194,-0.0002980232238769531,0.0,0.0002980232238769531,0.0
1,1517,15.17,7746.618092060089,7746.618390083313,7746.616899967194,7746.6171979904175,0.0002980232238769531,0.0,0.0,0.0002980232238769531
1,1518,15.18,7746.618092060089,7746.618390083313,7746.616899967194,7746.616899967194,0.0,0.0,0.0,-0.0002980232238769531
1,1519,15.19,7746.617794036865,7746.617794036865,7746.616899967194,7746.616899967194,-0.0002980232238769531,-0.0005960464477539062,0.0,0.0
1,1520,15.200000000000001,7746.617794036865,7746.617794036865,7746.616899967194,7746.616899967194,0.0,0.0,0.0,0.0
1,1521,15.21,7746.6171979904175,7746.616899967194,7746.618390083313,7746.617794036865,-0.0005960464477539062,-0.0008940696716308594,0.0014901161193847656,0.0008940696716308594
1,1522,15.22,7746.6171979904175,7746.616899967194,7746.618688106537,7746.617496013641,0.0,0.0,0.0002980232238769531,-0.0002980232238769531
1,1523,15.23,7746.6171979904175,7746.617496013641,7746.618390083313,7746.617496013641,0.0,0.0005960464477539062,-0.0002980232238769531,0.0
1,1524,15.24,7746.6171979904175,7746.617496013641,7746.618688106537,7746.617496013641,0.0,0.0,0.0002980232238769531,0.0
1,1525,15.25,7746.617496013641,7746.617496013641,7746.618390083313,7746.617496013641,0.0002980232238769531,0.0,-0.0002980232238769531,0.0
1,1526,15.26,7746.617496013641,7746.6171979904175,7746.618092060089,7746.617496013641,0.0,-0.0002980232238769531,-0.0002980232238769531,0.0
1,1527,15.27,7746.616899967194,7746.61660194397,7746.618092060089,7746.617496013641,-0.0005960464477539062,-0.0005960464477539062,0.0,0.0
1,1528,15.280000000000001,7746.616899967194,7746.61660194397,7746.618092060089,7746.617496013641,0.0,0.0,0.0,0.0
1,1529,15.290000000000001,7746.616899967194,7746.61660194397,7746.618092060089,7746.617496013641,0.0,0.0,0.0,0.0
1,1530,15.3,7746.616899967194,7746.617496013641,7746.618390083313,7746.617794036865,0.0,0.0008940696716308594,0.0002980232238769531,0.0002980232238769531
1,1531,15.31,7746.616303920746,7746.616899967194,7746.618390083313,7746.617794036865,-0.0005960464477539062,-0.0005960464477539062,0.0,0.0
1,1532,15.32,7746.61660194397,7746.61660194397,7746.618390083313,7746.618688106537,0.0002980232238769531,-0.0002980232238769531,0.0,0.0008940696716308594
1,1533,15.33,7746.61660194397,7746.61660194397,7746.618390083313,7746.618390083313,0.0,0.0,0.0,-0.0002980232238769531
1,1534,15.34,7746.61660194397,7746.61660194397,7746.618390083313,7746.618390083313,0.0,0.0,0.0,0.0
1,1535,15.35,7746.616899967194,7746.616303920746,7746.618390083313,7746.618390083313,0.0002980232238769531,-0.0002980232238769531,0.0,0.0
1,1536,15.36,7746.616899967194,7746.616303920746,7746.618390083313,7746.618390083313,0.0,0.0,0.0,0.0
1,1537,15.370000000000001,7746.617794036865,7746.617794036865,7746.617794036865,7746.618390083313,0.0008940696716308594,0.0014901161193847656,-0.0005960464477539062,0.0
1,1538,15.38,7746.617794036865,7746.617496013641,7746.617794036865,7746.618390083313,0.0,-0.0002980232238769531,0.0,0.0
1,1539,15.39,7746.618092060089,7746.617496013641,7746.617794036865,7746.617794036865,0.0002980232238769531,0.0,0.0,-0.0005960464477539062
1,1540,15.4,7746.617496013641,7746.617794036865,7746.618390083313,7746.618390083313,-0.0005960464477539062,0.0002980232238769531,0.0005960464477539062,0.0005960464477539062
1,1541,15.41,7746.617496013641,7746.617794036865,7746.618390083313,7746.618390083313,0.0,0.0,0.0,0.0
1,1542,15.42,7746.617794036865,7746.6171979904175,7746.618390083313,7746.618390083313,0.0002980232238769531,-0.0005960464477539062,0.0,0.0
1,1543,15.43,7746.618092060089,7746.618390083313,7746.616899967194,7746.618092060089,0.0002980232238769531,0.0011920928955078125,-0.0014901161193847656,-0.0002980232238769531
1,1544,15.44,7746.618390083313,7746.618688106537,7746.6171979904175,7746.617794036865,0.0002980232238769531,0.0002980232238769531,0.0002980232238769531,-0.0002980232238769531
1,1545,15.450000000000001,7746.618390083313,7746.618688106537,7746.617496013641,7746.617794036865,0.0,0.0,0.0002980232238769531,0.0
1,1546,15.46,7746.618390083313,7746.618688106537,7746.6171979904175,7746.617496013641,0.0,0.0,-0.0002980232238769531,-0.0002980232238769531
1,1547,15.47,7746.618390083313,7746.618390083313,7746.617496013641,7746.617794036865,0.0,-0.0002980232238769531,0.0002980232238769531,0.0002980232238769531
1,1548,15.48,7746.617794036865,7746.617496013641,7746.617794036865,7746.617794036865,-0.0005960464477539062,-0.0008940696716308594,0.0002980232238769531,0.0
1,1549,15.49,7746.617794036865,7746.617496013641,7746.617794036865,7746.617794036865,0.0,0.0,0.0,0.0
1,1550,15.5,7746.617794036865,7746.617496013641,7746.618390083313,7746.617794036865,0.0,0.0,0.0005960464477539062,0.0
1,1551,15.51,7746.617794036865,7746.617496013641,7746.618390083313,7746.617794036865,0.0,0.0,0.0,0.0
1,1552,15.52,7746.617794036865,7746.617794036865,7746.617794036865,7746.617496013641,0.0,0.0002980232238769531,-0.0005960464477539062,-0.0002980232238769531
1,1553,15.530000000000001,7746.617794036865,7746.617794036865,7746.618092060089,7746.617794036865,0.0,0.0,0.0002980232238769531,0.0002980232238769531
1,1554,15.540000000000001,7746.617794036865,7746.617794036865,7746.617794036865,7746.617794036865,0.0,0.0,-0.0002980232238769531,0.0
1,1555,15.55,7746.617496013641,7746.617496013641,7746.618390083313,7746.617794036865,-0.0002980232238769531,-0.0002980232238769531,0.0005960464477539062,0.0
1,1556,15.56,7746.617496013641,7746.617496013641,7746.618390083313,7746.617794036865,0.0,0.0,0.0,0.0
1,1557,15.57,7746.617794036865,7746.617794036865,7746.618092060089,7746.618688106537,0.0002980232238769531,0.0002980232238769531,-0.0002980232238769531,0.0008940696716308594
1,1558,15.58,7746.617496013641,7746.617496013641,7746.618390083313,7746.618688106537,-0.0002980232238769531,-0.0002980232238769531,0.0002980232238769531,0.0
1,1559,15.59,7746.617496013641,7746.617496013641,7746.618390083313,7746.618688106537,0.0,0.0,0.0,0.0
1,1560,15.6,7746.617794036865,7746.617496013641,7746.618092060089,7746.618688106537,0.0002980232238769531,0.0,-0.0002980232238769531,0.0
1,1561,15.610000000000001,7746.617794036865,7746.617496013641,7746.618092060089,7746.618688106537,0.0,0.0,0.0,0.0
1,1562,15.620000000000001,7746.6171979904175,7746.617496013641,7746.618092060089,7746.618688106537,-0.0005960464477539062,0.0,0.0,0.0
1,1563,15.63,7746.6171979904175,7746.617496013641,7746.618092060089,7746.618688106537,0.0,0.0,0.0,0.0
1,1564,15.64,7746.617496013641,7746.617794036865,7746.618390083313,7746.618390083313,0.0002980232238769531,0.0002980232238769531,0.0002980232238769531,-0.0002980232238769531
1,1565,15.65,7746.618092060089,7746.618390083313,7746.6171979904175,7746.618390083313,0.0005960464477539062,0.0005960464477539062,-0.0011920928955078125,0.0
1,1566,15.66,7746.618092060089,7746.618092060089,7746.617496013641,7746.617794036865,0.0,-0.0002980232238769531,0.0002980232238769531,-0.0005960464477539062
1,1567,15.67,7746.618390083313,7746.618688106537,7746.617496013641,7746.617794036865,0.0002980232238769531,0.0005960464477539062,0.0,0.0
1,1568,15.68,7746.618390083313,7746.618390083313,7746.617496013641,7746.617794036865,0.0,-0.0002980232238769531,0.0,0.0
1,1569,15.69,7746.618092060089,7746.618390083313,7746.617496013641,7746.617496013641,-0.0002980232238769531,0.0,0.0,-0.0002980232238769531
1,1570,15.700000000000001,7746.618092060089,7746.618092060089,7746.6171979904175,7746.617496013641,0.0,-0.0002980232238769531,-0.0002980232238769531,0.0
1,1571,15.71,7746.618390083313,7746.618390083313,7746.617794036865,7746.617496013641,0.0002980232238769531,0.0002980232238769531,0.0005960464477539062,0.0
1,1572,15.72,7746.617794036865,7746.618688106537,7746.617496013641,7746.617496013641,-0.0005960464477539062,0.0002980232238769531,-0.0002980232238769531,0.0
1,1573,15.73,7746.617496013641,7746.617496013641,7746.618092060089,7746.617794036865,-0.0002980232238769531,-0.0011920928955078125,0.0005960464477539062,0.0002980232238769531
1,1574,15.74,7746.617496013641,7746.617794036865,7746.618390083313,7746.618688106537,0.0,0.0002980232238769531,0.0002980232238769531,0.0008940696716308594
1,1575,15.75,7746.617496013641,7746.617794036865,7746.617794036865,7746.617496013641,0.0,0.0,-0.0005960464477539062,-0.0011920928955078125
1,1576,15.76,7746.617496013641,7746.617794036865,7746.618092060089,7746.617794036865,0.0,0.0,0.0002980232238769531,0.0002980232238769531
1,1577,15.77,7746.617496013641,7746.6171979904175,7746.617794036865,7746.618092060089,0.0,-0.0005960464477539062,-0.0002980232238769531,0.0002980232238769531
1,1578,15.780000000000001,7746.617496013641,7746.617496013641,7746.618092060089,7746.618092060089,0.0,0.0002980232238769531,0.0002980232238769531,0.0
1,1579,15.790000000000001,7746.617496013641,7746.617496013641,7746.618092060089,7746.618092060089,0.0,0.0,0.0,0.0
1,1580,15.8,7746.617496013641,7746.617794036865,7746.618092060089,7746.618092060089,0.0,0.0002980232238769531,0.0,0.0
1,1581,15.81,7746.617496013641,7746.617794036865,7746.618092060089,7746.618092060089,0.0,0.0,0.0,0.0
1,1582,15.82,7746.617496013641,7746.617794036865,7746.618092060089,7746.618092060089,0.0,0.0,0.0,0.0
1,1583,15.83,7746.617496013641,7746.617794036865,7746.618092060089,7746.618092060089,0.0,0.0,0.0,0.0
1,1584,15.84,7746.617496013641,7746.617794036865,7746.618092060089,7746.618092060089,0.0,0.0,0.0,0.0
1,1585,15.85,7746.617794036865,7746.617794036865,7746.618092060089,7746.617794036865,0.0002980232238769531,0.0,0.0,-0.0002980232238769531
1,1586,15.860000000000001,7746.618390083313,7746.618390083313,7746.617496013641,7746.617496013641,0.0005960464477539062,0.0005960464477539062,-0.0005960464477539062,-0.0002980232238769531
1,1587,15.870000000000001,7746.618390083313,7746.618092060089,7746.617496013641,7746.617794036865,0.0,-0.0002980232238769531,0.0,0.0002980232238769531
1,1588,15.88,7746.618390083313,7746.617794036865,7746.6171979904175,7746.618390083313,0.0,-0.0002980232238769531,-0.0002980232238769531,0.0005960464477539062
1,1589,15.89,7746.618390083313,7746.617794036865,7746.617496013641,7746.618390083313,0.0,0.0,0.0002980232238769531,0.0
1,1590,15.9,7746.618092060089,7746.618092060089,7746.617496013641,7746.617496013641,-0.0002980232238769531,0.0002980232238769531,0.0,-0.0008940696716308594
1,1591,15.91,7746.618092060089,7746.618092060089,7746.617496013641,7746.617496013641,0.0,0.0,0.0,0.0
1,1592,15.92,7746.617794036865,7746.618092060089,7746.618092060089,7746.617496013641,-0.0002980232238769531,0.0,0.0005960464477539062,0.0
1,1593,15.93,7746.617794036865,7746.618688106537,7746.616005897522,7746.6171979904175,0.0,0.0005960464477539062,-0.002086162567138672,-0.0002980232238769531
1,1594,15.94,7746.617794036865,7746.618986129761,7746.616899967194,7746.6171979904175,0.0,0.0002980232238769531,0.0008940696716308594,0.0
1,1595,15.950000000000001,7746.617794036865,7746.618390083313,7746.6171979904175,7746.6171979904175,0.0,-0.0005960464477539062,0.0002980232238769531,0.0
1,1596,15.96,7746.617794036865,7746.618390083313,7746.617496013641,7746.6171979904175,0.0,0.0,0.0002980232238769531,0.0
1,1597,15.97,7746.618092060089,7746.617794036865,7746.616899967194,7746.616899967194,0.0002980232238769531,-0.0005960464477539062,-0.0005960464477539062,-0.0002980232238769531
1,1598,15.98,7746.6171979904175,7746.617496013641,7746.617496013641,7746.618092060089,-0.0008940696716308594,-0.0002980232238769531,0.0005960464477539062,0.0011920928955078125
1,1599,15.99,7746.617794036865,7746.617496013641,7746.617794036865,7746.617794036865,0.0005960464477539062,0.0,0.0002980232238769531,-0.0002980232238769531
1,1600,16.0,7746.617794036865,7746.617496013641,7746.617794036865,7746.617794036865,0.0,0.0,0.0,0.0
1,1601,16.01,7746.617794036865,7746.617496013641,7746.617794036865,7746.617794036865,0.0,0.0,0.0,0.0
1,1602,16.02,7746.617496013641,7746.617496013641,7746.618092060089,7746.617496013641,-0.0002980232238769531,0.0,0.0002980232238769531,-0.0002980232238769531
1,1603,16.03,7746.6171979904175,7746.616899967194,7746.618092060089,7746.618092060089,-0.0002980232238769531,-0.0005960464477539062,0.0,0.0005960464477539062
1,1604,16.04,7746.6171979904175,7746.616899967194,7746.618092060089,7746.618092060089,0.0,0.0,0.0,0.0
1,1605,16.05,7746.6171979904175,7746.616899967194,7746.618092060089,7746.618092060089,0.0,0.0,0.0,0.0
1,1606,16.06,7746.6171979904175,7746.616899967194,7746.617496013641,7746.618092060089,0.0,0.0,-0.0005960464477539062,0.0
1,1607,16.07,7746.617496013641,7746.617496013641,7746.618092060089,7746.617794036865,0.0002980232238769531,0.0005960464477539062,0.0005960464477539062,-0.0002980232238769531
1,1608,16.080000000000002,7746.617496013641,7746.616899967194,7746.617496013641,7746.617496013641,0.0,-0.0005960464477539062,-0.0005960464477539062,-0.0002980232238769531
1,1609,16.09,7746.6171979904175,7746.616899967194,7746.618092060089,7746.617794036865,-0.0002980232238769531,0.0,0.0005960464477539062,0.0002980232238769531
1,1610,16.1,7746.617496013641,7746.61660194397,7746.618092060089,7746.618688106537,0.0002980232238769531,-0.0002980232238769531,0.0,0.0008940696716308594
1,1611,16.11,7746.617496013641,7746.616303920746,7746.618092060089,7746.617794036865,0.0,-0.0002980232238769531,0.0,-0.0008940696716308594
1,1612,16.12,7746.617794036865,7746.617794036865,7746.617794036865,7746.617496013641,0.0002980232238769531,0.0014901161193847656,-0.0002980232238769531,-0.0002980232238769531
1,1613,16.13,7746.617794036865,7746.618092060089,7746.617794036865,7746.617496013641,0.0,0.0002980232238769531,0.0,0.0
1,1614,16.14,7746.617794036865,7746.618092060089,7746.617794036865,7746.617496013641,0.0,0.0,0.0,0.0
1,1615,16.15,7746.617794036865,7746.617794036865,7746.616899967194,7746.617496013641,0.0,-0.0002980232238769531,-0.0008940696716308594,0.0
1,1616,16.16,7746.617794036865,7746.617496013641,7746.617496013641,7746.617794036865,0.0,-0.0002980232238769531,0.0005960464477539062,0.0002980232238769531
1,1617,16.17,7746.617794036865,7746.617794036865,7746.618092060089,7746.617794036865,0.0,0.0002980232238769531,0.0005960464477539062,0.0
1,1618,16.18,7746.617794036865,7746.617496013641,7746.617496013641,7746.617794036865,0.0,-0.0002980232238769531,-0.0005960464477539062,0.0
1,1619,16.19,7746.617794036865,7746.617794036865,7746.618092060089,7746.617794036865,0.0,0.0002980232238769531,0.0005960464477539062,0.0
1,1620,16.2,7746.617794036865,7746.617496013641,7746.617496013641,7746.617794036865,0.0,-0.0002980232238769531,-0.0005960464477539062,0.0
1,1621,16.21,7746.617794036865,7746.617794036865,7746.618092060089,7746.617794036865,0.0,0.0002980232238769531,0.0005960464477539062,0.0
1,1622,16.22,7746.617794036865,7746.6171979904175,7746.618092060089,7746.618092060089,0.0,-0.0005960464477539062,0.0,0.0002980232238769531
1,1623,16.23,7746.617496013641,7746.617496013641,7746.617794036865,7746.618688106537,-0.0002980232238769531,0.0002980232238769531,-0.0002980232238769531,0.0005960464477539062
1,1624,16.240000000000002,7746.617794036865,7746.6171979904175,7746.617794036865,7746.618390083313,0.0002980232238769531,-0.0002980232238769531,0.0,-0.0002980232238769531
1,1625,16.25,7746.617794036865,7746.6171979904175,7746.617794036865,7746.618390083313,0.0,0.0,0.0,0.0
1,1626,16.26,7746.617794036865,7746.618688106537,7746.61660194397,7746.618390083313,0.0,0.0014901161193847656,-0.0011920928955078125,0.0
1,1627,16.27,7746.618390083313,7746.618390083313,7746.616899967194,7746.617794036865,0.0005960464477539062,-0.0002980232238769531,0.0002980232238769531,-0.0005960464477539062
1,1628,16.28,7746.618092060089,7746.618390083313,7746.616899967194,7746.617794036865,-0.0002980232238769531,0.0,0.0,0.0
1,1629,16.29,7746.618092060089,7746.618390083313,7746.61660194397,7746.617794036865,0.0,0.0,-0.0002980232238769531,0.0
1,1630,16.3,7746.618092060089,7746.618688106537,7746.61660194397,7746.617496013641,0.0,0.0002980232238769531,0.0,-0.0002980232238769531
1,1631,16.31,7746.618092060089,7746.618688106537,7746.61660194397,7746.617496013641,0.0,0.0,0.0,0.0
1,1632,16.32,7746.617794036865,7746.617794036865,7746.617496013641,7746.617794036865,-0.0002980232238769531,-0.0008940696716308594,0.0008940696716308594,0.0002980232238769531
1,1633,16.330000000000002,7746.618092060089,7746.617794036865,7746.617794036865,7746.617794036865,0.0002980232238769531,0.0,0.0002980232238769531,0.0
1,1634,16.34,7746.618092060089,7746.617794036865,7746.617794036865,7746.617794036865,0.0,0.0,0.0,0.0
1,1635,16.35,7746.618092060089,7746.617794036865,7746.617794036865,7746.617794036865,0.0,0.0,0.0,0.0
1,1636,16.36,7746.618092060089,7746.617794036865,7746.617794036865,7746.617794036865,0.0,0.0,0.0,0.0
1,1637,16.37,7746.618092060089,7746.617794036865,7746.617794036865,7746.617794036865,0.0,0.0,0.0,0.0
1,1638,16.38,7746.617794036865,7746.617794036865,7746.617794036865,7746.617496013641,-0.0002980232238769531,0.0,0.0,-0.0002980232238769531
1,1639,16.39,7746.617794036865,7746.617496013641,7746.6171979904175,7746.617794036865,0.0,-0.0002980232238769531,-0.0005960464477539062,0.0002980232238769531
1,1640,16.4,7746.617496013641,7746.618390083313,7746.617496013641,7746.6171979904175,-0.0002980232238769531,0.0008940696716308594,0.0002980232238769531,-0.0005960464477539062
1,1641,16.41,7746.617496013641,7746.617794036865,7746.618092060089,7746.617496013641,0.0,-0.0005960464477539062,0.0005960464477539062,0.0002980232238769531
1,1642,16.42,7746.617496013641,7746.617794036865,7746.618688106537,7746.617794036865,0.0,0.0,0.0005960464477539062,0.0002980232238769531
1,1643,16.43,7746.617496013641,7746.617794036865,7746.618688106537,7746.617794036865,0.0,0.0,0.0,0.0
1,1644,16.44,7746.61660194397,7746.618092060089,7746.618092060089,7746.617794036865,-0.0008940696716308594,0.0002980232238769531,-0.0005960464477539062,0.0
1,1645,16.45,7746.617496013641,7746.617794036865,7746.618390083313,7746.618092060089,0.0008940696716308594,-0.0002980232238769531,0.0002980232238769531,0.0002980232238769531
1,1646,16.46,7746.617496013641,7746.6171979904175,7746.618390083313,7746.618688106537,0.0,-0.0005960464477539062,0.0,0.0005960464477539062
1,1647,16.47,7746.617496013641,7746.617496013641,7746.618390083313,7746.618390083313,0.0,0.0002980232238769531,0.0,-0.0002980232238769531
1,1648,16.48,7746.617496013641,7746.617496013641,7746.618390083313,7746.618390083313,0.0,0.0,0.0,0.0
1,1649,16.490000000000002,7746.616899967194,7746.616303920746,7746.620178222656,7746.618986129761,-0.0005960464477539062,-0.0011920928955078125,0.0017881393432617188,0.0005960464477539062
1,1650,16.5,7746.616303920746,7746.616899967194,7746.618092060089,7746.618688106537,-0.0005960464477539062,0.0005960464477539062,-0.002086162567138672,-0.0002980232238769531
1,1651,16.51,7746.616303920746,7746.61660194397,7746.618986129761,7746.618688106537,0.0,-0.0002980232238769531,0.0008940696716308594,0.0
1,1652,16.52,7746.61660194397,7746.6171979904175,7746.618390083313,7746.618688106537,0.0002980232238769531,0.0005960464477539062,-0.0005960464477539062,0.0
1,1653,16.53,7746.617794036865,7746.618092060089,7746.618092060089,7746.618390083313,0.0011920928955078125,0.0008940696716308594,-0.0002980232238769531,-0.0002980232238769531
1,1654,16.54,7746.617496013641,7746.618092060089,7746.618390083313,7746.618390083313,-0.0002980232238769531,0.0,0.0002980232238769531,0.0
1,1655,16.55,7746.618092060089,7746.618688106537,7746.617496013641,7746.618390083313,0.0005960464477539062,0.0005960464477539062,-0.0008940696716308594,0.0
1,1656,16.56,7746.618092060089,7746.618688106537,7746.617496013641,7746.617794036865,0.0,0.0,0.0,-0.0005960464477539062
1,1657,16.57,7746.618092060089,7746.618688106537,7746.617496013641,7746.617496013641,0.0,0.0,0.0,-0.0002980232238769531
1,1658,16.580000000000002,7746.617794036865,7746.618688106537,7746.6171979904175,7746.6171979904175,-0.0002980232238769531,0.0,-0.0002980232238769531,-0.0002980232238769531
1,1659,16.59,7746.618092060089,7746.618986129761,7746.616899967194,7746.6171979904175,0.0002980232238769531,0.0002980232238769531,-0.0002980232238769531,0.0
1,1660,16.6,7746.618092060089,7746.618986129761,7746.6171979904175,7746.6171979904175,0.0,0.0,0.0002980232238769531,0.0
1,1661,16.61,7746.618390083313,7746.618986129761,7746.6171979904175,7746.617496013641,0.0002980232238769531,0.0,0.0,0.0002980232238769531
1,1662,16.62,7746.618092060089,7746.618986129761,7746.6171979904175,7746.6171979904175,-0.0002980232238769531,0.0,0.0,-0.0002980232238769531
1,1663,16.63,7746.618092060089,7746.618986129761,7746.616899967194,7746.6171979904175,0.0,0.0,-0.0002980232238769531,0.0
1,1664,16.64,7746.618390083313,7746.618986129761,7746.61660194397,7746.617496013641,0.0002980232238769531,0.0,-0.0002980232238769531,0.0002980232238769531
1,1665,16.65,7746.618390083313,7746.618986129761,7746.61660194397,7746.617496013641,0.0,0.0,0.0,0.0
1,1666,16.66,7746.618390083313,7746.618986129761,7746.61660194397,7746.617496013641,0.0,0.0,0.0,0.0
1,1667,16.67,7746.618092060089,7746.618688106537,7746.6171979904175,7746.617496013641,-0.0002980232238769531,-0.0002980232238769531,0.0005960464477539062,0.0
1,1668,16.68,7746.618092060089,7746.618688106537,7746.6171979904175,7746.617496013641,0.0,0.0,0.0,0.0
1,1669,16.69,7746.618092060089,7746.618688106537,7746.616899967194,7746.617496013641,0.0,0.0,-0.0002980232238769531,0.0
1,1670,16.7,7746.618092060089,7746.618390083313,7746.616303920746,7746.617496013641,0.0,-0.0002980232238769531,-0.0005960464477539062,0.0
1,1671,16.71,7746.617794036865,7746.617794036865,7746.6171979904175,7746.617496013641,-0.0002980232238769531,-0.0005960464477539062,0.0008940696716308594,0.0
1,1672,16.72,7746.617794036865,7746.617794036865,7746.6171979904175,7746.617794036865,0.0,0.0,0.0,0.0002980232238769531
1,1673,16.73,7746.617794036865,7746.617794036865,7746.6171979904175,7746.617794036865,0.0,0.0,0.0,0.0
1,1674,16.740000000000002,7746.618092060089,7746.618092060089,7746.617496013641,7746.617794036865,0.0002980232238769531,0.0002980232238769531,0.0002980232238769531,0.0
1,1675,16.75,7746.617496013641,7746.61660194397,7746.618390083313,7746.618688106537,-0.0005960464477539062,-0.0014901161193847656,0.0008940696716308594,0.0008940696716308594
1,1676,16.76,7746.6171979904175,7746.6171979904175,7746.618092060089,7746.618688106537,-0.0002980232238769531,0.0005960464477539062,-0.0002980232238769531,0.0
1,1677,16.77,7746.617496013641,7746.6171979904175,7746.6171979904175,7746.618390083313,0.0002980232238769531,0.0,-0.0008940696716308594,-0.0002980232238769531
1,1678,16.78,7746.617496013641,7746.617496013641,7746.617496013641,7746.617794036865,0.0,0.0002980232238769531,0.0002980232238769531,-0.0005960464477539062
1,1679,16.79,7746.617794036865,7746.6171979904175,7746.617794036865,7746.618092060089,0.0002980232238769531,-0.0002980232238769531,0.0002980232238769531,0.0002980232238769531
1,1680,16.8,7746.617794036865,7746.6171979904175,7746.617794036865,7746.618092060089,0.0,0.0,0.0,0.0
1,1681,16.81,7746.617794036865,7746.6171979904175,7746.617794036865,7746.618092060089,0.0,0.0,0.0,0.0
1,1682,16.82,7746.618092060089,7746.6171979904175,7746.617794036865,7746.618092060089,0.0002980232238769531,0.0,0.0,0.0
1,1683,16.830000000000002,7746.618092060089,7746.6171979904175,7746.617794036865,7746.618092060089,0.0,0.0,0.0,0.0
1,1684,16.84,7746.617794036865,7746.617496013641,7746.6171979904175,7746.618390083313,-0.0002980232238769531,0.0002980232238769531,-0.0005960464477539062,0.0002980232238769531
1,1685,16.85,7746.618986129761,7746.618092060089,7746.61660194397,7746.618390083313,0.0011920928955078125,0.0005960464477539062,-0.0005960464477539062,0.0
1,1686,16.86,7746.618390083313,7746.618092060089,7746.61660194397,7746.617496013641,-0.0005960464477539062,0.0,0.0,-0.0008940696716308594
1,1687,16.87,7746.618092060089,7746.618688106537,7746.61660194397,7746.617794036865,-0.0002980232238769531,0.0005960464477539062,0.0,0.0002980232238769531
1,1688,16.88,7746.617794036865,7746.618390083313,7746.61660194397,7746.6171979904175,-0.0002980232238769531,-0.0002980232238769531,0.0,-0.0005960464477539062
1,1689,16.89,7746.617794036865,7746.617496013641,7746.617496013641,7746.617794036865,0.0,-0.0008940696716308594,0.0008940696716308594,0.0005960464477539062
1,1690,16.9,7746.617794036865,7746.617496013641,7746.617496013641,7746.617496013641,0.0,0.0,0.0,-0.0002980232238769531
1,1691,16.91,7746.617496013641,7746.6171979904175,7746.617496013641,7746.6171979904175,-0.0002980232238769531,-0.0002980232238769531,0.0,-0.0002980232238769531
1,1692,16.92,7746.617794036865,7746.617496013641,7746.618092060089,7746.617496013641,0.0002980232238769531,0.0002980232238769531,0.0005960464477539062,0.0002980232238769531
1,1693,16.93,7746.617496013641,7746.617496013641,7746.618092060089,7746.617496013641,-0.0002980232238769531,0.0,0.0,0.0
1,1694,16.94,7746.617496013641,7746.617496013641,7746.617496013641,7746.617496013641,0.0,0.0,-0.0005960464477539062,0.0
1,1695,16.95,7746.618092060089,7746.617794036865,7746.617496013641,7746.617496013641,0.0005960464477539062,0.0002980232238769531,0.0,0.0
1,1696,16.96,7746.618092060089,7746.618092060089,7746.617496013641,7746.6171979904175,0.0,0.0002980232238769531,0.0,-0.0002980232238769531
1,1697,16.97,7746.618390083313,7746.618092060089,7746.617496013641,7746.617496013641,0.0002980232238769531,0.0,0.0,0.0002980232238769531
1,1698,16.98,7746.618390083313,7746.618092060089,7746.617496013641,7746.617496013641,0.0,0.0,0.0,0.0
1,1699,16.990000000000002,7746.618092060089,7746.618092060089,7746.617496013641,7746.617496013641,-0.0002980232238769531,0.0,0.0,0.0
1,1700,17.0,7746.618092060089,7746.618092060089,7746.617496013641,7746.617496013641,0.0,0.0,0.0,0.0
1,1701,17.01,7746.617496013641,7746.616303920746,7746.618390083313,7746.617496013641,-0.0005960464477539062,-0.0017881393432617188,0.0008940696716308594,0.0
1,1702,17.02,7746.617794036865,7746.61660194397,7746.618390083313,7746.617496013641,0.0002980232238769531,0.0002980232238769531,0.0,0.0
1,1703,17.03,7746.617794036865,7746.6171979904175,7746.618390083313,7746.617794036865,0.0,0.0005960464477539062,0.0,0.0002980232238769531
1,1704,17.04,7746.617794036865,7746.61660194397,7746.618390083313,7746.617794036865,0.0,-0.0005960464477539062,0.0,0.0
1,1705,17.05,7746.617496013641,7746.616899967194,7746.618390083313,7746.617496013641,-0.0002980232238769531,0.0002980232238769531,0.0,-0.0002980232238769531
1,1706,17.06,7746.617496013641,7746.61660194397,7746.618390083313,7746.617496013641,0.0,-0.0002980232238769531,0.0,0.0
1,1707,17.07,7746.6171979904175,7746.61660194397,7746.618390083313,7746.617496013641,-0.0002980232238769531,0.0,0.0,0.0
1,1708,17.080000000000002,7746.617794036865,7746.616303920746,7746.618092060089,7746.618092060089,0.0005960464477539062,-0.0002980232238769531,-0.0002980232238769531,0.0005960464477539062
1,1709,17.09,7746.617794036865,7746.616303920746,7746.618092060089,7746.618092060089,0.0,0.0,0.0,0.0
1,1710,17.1,7746.617496013641,7746.616303920746,7746.618092060089,7746.618092060089,-0.0002980232238769531,0.0,0.0,0.0
1,1711,17.11,7746.617496013641,7746.616303920746,7746.618390083313,7746.618092060089,0.0,0.0,0.0002980232238769531,0.0
1,1712,17.12,7746.618092060089,7746.618092060089,7746.617496013641,7746.617496013641,0.0005960464477539062,0.0017881393432617188,-0.0008940696716308594,-0.0005960464477539062
1,1713,17.13,7746.618092060089,7746.618092060089,7746.617496013641,7746.617496013641,0.0,0.0,0.0,0.0
1,1714,17.14,7746.618092060089,7746.618092060089,7746.617496013641,7746.617496013641,0.0,0.0,0.0,0.0
1,1715,17.150000000000002,7746.617794036865,7746.618092060089,7746.617496013641,7746.617496013641,-0.0002980232238769531,0.0,0.0,0.0
1,1716,17.16,7746.618092060089,7746.617794036865,7746.617496013641,7746.617496013641,0.0002980232238769531,-0.0002980232238769531,0.0,0.0
1,1717,17.17,7746.617794036865,7746.618092060089,7746.617496013641,7746.617496013641,-0.0002980232238769531,0.0002980232238769531,0.0,0.0
1,1718,17.18,7746.617794036865,7746.618092060089,7746.617496013641,7746.617496013641,0.0,0.0,0.0,0.0
1,1719,17.19,7746.617794036865,7746.618092060089,7746.617496013641,7746.617496013641,0.0,0.0,0.0,0.0
1,1720,17.2,7746.617794036865,7746.618092060089,7746.617496013641,7746.617496013641,0.0,0.0,0.0,0.0
1,1721,17.21,7746.617496013641,7746.616303920746,7746.618688106537,7746.618092060089,-0.0002980232238769531,-0.0017881393432617188,0.0011920928955078125,0.0005960464477539062
1,1722,17.22,7746.617794036865,7746.616303920746,7746.618688106537,7746.617794036865,0.0002980232238769531,0.0,0.0,-0.0002980232238769531
1,1723,17.23,7746.617496013641,7746.615707874298,7746.618390083313,7746.618092060089,-0.0002980232238769531,-0.0005960464477539062,-0.0002980232238769531,0.0002980232238769531
1,1724,17.240000000000002,7746.61660194397,7746.616303920746,7746.618390083313,7746.618092060089,-0.0008940696716308594,0.0005960464477539062,0.0,0.0
1,1725,17.25,7746.61660194397,7746.616303920746,7746.618390083313,7746.618092060089,0.0,0.0,0.0,0.0
1,1726,17.26,7746.617496013641,7746.617496013641,7746.618092060089,7746.617794036865,0.0008940696716308594,0.0011920928955078125,-0.0002980232238769531,-0.0002980232238769531
1,1727,17.27,7746.617496013641,7746.617496013641,7746.618092060089,7746.617496013641,0.0,0.0,0.0,-0.0002980232238769531
1,1728,17.28,7746.617496013641,7746.617496013641,7746.618092060089,7746.617496013641,0.0,0.0,0.0,0.0
1,1729,17.29,7746.617496013641,7746.617496013641,7746.618092060089,7746.617496013641,0.0,0.0,0.0,0.0
1,1730,17.3,7746.61660194397,7746.617496013641,7746.617496013641,7746.6171979904175,-0.0008940696716308594,0.0,-0.0005960464477539062,-0.0002980232238769531
1,1731,17.31,7746.61660194397,7746.6171979904175,7746.6171979904175,7746.617496013641,0.0,-0.0002980232238769531,-0.0002980232238769531,0.0002980232238769531
1,1732,17.32,7746.61660194397,7746.6171979904175,7746.6171979904175,7746.617496013641,0.0,0.0,0.0,0.0
1,1733,17.330000000000002,7746.617496013641,7746.6171979904175,7746.616899967194,7746.617496013641,0.0008940696716308594,0.0,-0.0002980232238769531,0.0
1,1734,17.34,7746.617496013641,7746.6171979904175,7746.616899967194,7746.617496013641,0.0,0.0,0.0,0.0
1,1735,17.35,7746.617794036865,7746.618688106537,7746.61660194397,7746.6171979904175,0.0002980232238769531,0.0014901161193847656,-0.0002980232238769531,-0.0002980232238769531
1,1736,17.36,7746.618092060089,7746.618092060089,7746.61660194397,7746.6171979904175,0.0002980232238769531,-0.0005960464477539062,0.0,0.0
1,1737,17.37,7746.617794036865,7746.618092060089,7746.61660194397,7746.616899967194,-0.0002980232238769531,0.0,0.0,-0.0002980232238769531
1,1738,17.38,7746.617794036865,7746.618092060089,7746.61660194397,7746.616899967194,0.0,0.0,0.0,0.0
1,1739,17.39,7746.617496013641,7746.617794036865,7746.617496013641,7746.6171979904175,-0.0002980232238769531,-0.0002980232238769531,0.0008940696716308594,0.0002980232238769531
1,1740,17.400000000000002,7746.6171979904175,7746.617496013641,7746.617496013641,7746.6171979904175,-0.0002980232238769531,-0.0002980232238769531,0.0,0.0
1,1741,17.41,7746.6171979904175,7746.617496013641,7746.617496013641,7746.6171979904175,0.0,0.0,0.0,0.0
1,1742,17.42,7746.6171979904175,7746.617496013641,7746.6171979904175,7746.6171979904175,0.0,0.0,-0.0002980232238769531,0.0
1,1743,17.43,7746.6171979904175,7746.617496013641,7746.6171979904175,7746.6171979904175,0.0,0.0,0.0,0.0
1,1744,17.44,7746.617496013641,7746.617496013641,7746.6171979904175,7746.617794036865,0.0002980232238769531,0.0,0.0,0.0005960464477539062
1,1745,17.45,7746.617496013641,7746.617794036865,7746.6171979904175,7746.617794036865,0.0,0.0002980232238769531,0.0,0.0
1,1746,17.46,7746.617496013641,7746.617794036865,7746.6171979904175,7746.6171979904175,0.0,0.0,0.0,-0.0005960464477539062
1,1747,17.47,7746.617496013641,7746.617794036865,7746.6171979904175,7746.6171979904175,0.0,0.0,0.0,0.0
1,1748,17.48,7746.617496013641,7746.617794036865,7746.6171979904175,7746.6171979904175,0.0,0.0,0.0,0.0
1,1749,17.490000000000002,7746.616303920746,7746.615707874298,7746.618688106537,7746.617496013641,-0.0011920928955078125,-0.002086162567138672,0.0014901161193847656,0.0002980232238769531
1,1750,17.5,7746.616005897522,7746.615707874298,7746.618688106537,7746.617794036865,-0.0002980232238769531,0.0,0.0,0.0002980232238769531
1,1751,17.51,7746.61660194397,7746.615707874298,7746.618092060089,7746.618092060089,0.0005960464477539062,0.0,-0.0005960464477539062,0.0002980232238769531
1,1752,17.52,7746.617794036865,7746.616899967194,7746.617496013641,7746.617794036865,0.0011920928955078125,0.0011920928955078125,-0.0005960464477539062,-0.0002980232238769531
1,1753,17.53,7746.617794036865,7746.616899967194,7746.6171979904175,7746.617794036865,0.0,0.0,-0.0002980232238769531,0.0
1,1754,17.54,7746.617794036865,7746.616899967194,7746.6171979904175,7746.617794036865,0.0,0.0,0.0,0.0
1,1755,17.55,7746.617496013641,7746.616899967194,7746.6171979904175,7746.617794036865,-0.0002980232238769531,0.0,0.0,0.0
1,1756,17.56,7746.6171979904175,7746.61660194397,7746.6171979904175,7746.618688106537,-0.0002980232238769531,-0.0002980232238769531,0.0,0.0008940696716308594
1,1757,17.57,7746.6171979904175,7746.616899967194,7746.6171979904175,7746.618390083313,0.0,0.0002980232238769531,0.0,-0.0002980232238769531
1,1758,17.580000000000002,7746.617496013641,7746.616899967194,7746.617496013641,7746.617496013641,0.0002980232238769531,0.0,0.0002980232238769531,-0.0008940696716308594
1,1759,17.59,7746.6171979904175,7746.616899967194,7746.617496013641,7746.617794036865,-0.0002980232238769531,0.0,0.0,0.0002980232238769531
1,1760,17.6,7746.6171979904175,7746.616899967194,7746.617496013641,7746.617794036865,0.0,0.0,0.0,0.0
1,1761,17.61,7746.6171979904175,7746.616899967194,7746.617496013641,7746.617794036865,0.0,0.0,0.0,0.0
1,1762,17.62,7746.6171979904175,7746.616899967194,7746.617496013641,7746.617794036865,0.0,0.0,0.0,0.0
1,1763,17.63,7746.618986129761,7746.618390083313,7746.6171979904175,7746.618092060089,0.0017881393432617188,0.0014901161193847656,-0.0002980232238769531,0.0002980232238769531
1,1764,17.64,7746.618688106537,7746.618390083313,7746.617794036865,7746.6171979904175,-0.0002980232238769531,0.0,0.0005960464477539062,-0.0008940696716308594
1,1765,17.650000000000002,7746.618390083313,7746.618390083313,7746.617794036865,7746.6171979904175,-0.0002980232238769531,0.0,0.0,0.0
1,1766,17.66,7746.618390083313,7746.617794036865,7746.618688106537,7746.617794036865,0.0,-0.0005960464477539062,0.0008940696716308594,0.0005960464477539062
1,1767,17.67,7746.618092060089,7746.617496013641,7746.618390083313,7746.617496013641,-0.0002980232238769531,-0.0002980232238769531,-0.0002980232238769531,-0.0002980232238769531
1,1768,17.68,7746.618092060089,7746.617496013641,7746.618390083313,7746.617496013641,0.0,0.0,0.0,0.0
1,1769,17.69,7746.618986129761,7746.618688106537,7746.616899967194,7746.616899967194,0.0008940696716308594,0.0011920928955078125,-0.0014901161193847656,-0.0005960464477539062
1,1770,17.7,7746.618688106537,7746.618390083313,7746.6171979904175,7746.616899967194,-0.0002980232238769531,-0.0002980232238769531,0.0002980232238769531,0.0
1,1771,17.71,7746.618688106537,7746.618688106537,7746.6171979904175,7746.6171979904175,0.0,0.0002980232238769531,0.0,0.0002980232238769531
1,1772,17.72,7746.618688106537,7746.618688106537,7746.616899967194,7746.6171979904175,0.0,0.0,-0.0002980232238769531,0.0
1,1773,17.73,7746.618688106537,7746.618688106537,7746.616899967194,7746.6171979904175,0.0,0.0,0.0,0.0
1,1774,17.740000000000002,7746.618390083313,7746.618092060089,7746.618092060089,7746.616899967194,-0.0002980232238769531,-0.0005960464477539062,0.0011920928955078125,-0.0002980232238769531
1,1775,17.75,7746.618390083313,7746.618390083313,7746.617496013641,7746.617496013641,0.0,0.0002980232238769531,-0.0005960464477539062,0.0005960464477539062
1,1776,17.76,7746.618390083313,7746.617794036865,7746.617496013641,7746.6171979904175,0.0,-0.0005960464477539062,0.0,-0.0002980232238769531
1,1777,17.77,7746.618092060089,7746.6171979904175,7746.618390083313,7746.617496013641,-0.0002980232238769531,-0.0005960464477539062,0.0008940696716308594,0.0002980232238769531
1,1778,17.78,7746.618092060089,7746.616899967194,7746.618390083313,7746.617794036865,0.0,-0.0002980232238769531,0.0,0.0002980232238769531
1,1779,17.79,7746.618092060089,7746.616899967194,7746.618390083313,7746.617794036865,0.0,0.0,0.0,0.0
1,1780,17.8,7746.617794036865,7746.616899967194,7746.618390083313,7746.617794036865,-0.0002980232238769531,0.0,0.0,0.0
1,1781,17.81,7746.616899967194,7746.615707874298,7746.618986129761,7746.618688106537,-0.0008940696716308594,-0.0011920928955078125,0.0005960464477539062,0.0008940696716308594
1,1782,17.82,7746.616899967194,7746.616303920746,7746.618688106537,7746.618688106537,0.0,0.0005960464477539062,-0.0002980232238769531,0.0
1,1783,17.830000000000002,7746.616899967194,7746.616303920746,7746.618390083313,7746.618688106537,0.0,0.0,-0.0002980232238769531,0.0
1,1784,17.84,7746.616899967194,7746.615707874298,7746.618986129761,7746.618986129761,0.0,-0.0005960464477539062,0.0005960464477539062,0.0002980232238769531
1,1785,17.85,7746.61660194397,7746.615707874298,7746.617794036865,7746.618390083313,-0.0002980232238769531,0.0,-0.0011920928955078125,-0.0005960464477539062
1,1786,17.86,7746.616303920746,7746.616005897522,7746.618092060089,7746.617794036865,-0.0002980232238769531,0.0002980232238769531,0.0002980232238769531,-0.0005960464477539062
1,1787,17.87,7746.61660194397,7746.615409851074,7746.618092060089,7746.618390083313,0.0002980232238769531,-0.0005960464477539062,0.0,0.0005960464477539062
1,1788,17.88,7746.61660194397,7746.615707874298,7746.618390083313,7746.618390083313,0.0,0.0002980232238769531,0.0002980232238769531,0.0
1,1789,17.89,7746.61660194397,7746.61660194397,7746.617794036865,7746.618390083313,0.0,0.0008940696716308594,-0.0005960464477539062,0.0
1,1790,17.900000000000002,7746.616899967194,7746.61660194397,7746.618092060089,7746.617794036865,0.0002980232238769531,0.0,0.0002980232238769531,-0.0005960464477539062
1,1791,17.91,7746.61660194397,7746.61660194397,7746.618390083313,7746.617794036865,-0.0002980232238769531,0.0,0.0002980232238769531,0.0
1,1792,17.92,7746.6171979904175,7746.617496013641,7746.617496013641,7746.617496013641,0.0005960464477539062,0.0008940696716308594,-0.0008940696716308594,-0.0002980232238769531
1,1793,17.93,7746.617496013641,7746.6171979904175,7746.617794036865,7746.617794036865,0.0002980232238769531,-0.0002980232238769531,0.0002980232238769531,0.0002980232238769531
1,1794,17.94,7746.617794036865,7746.617496013641,7746.617496013641,7746.617794036865,0.0002980232238769531,0.0002980232238769531,-0.0002980232238769531,0.0
1,1795,17.95,7746.617794036865,7746.618092060089,7746.616899967194,7746.6171979904175,0.0,0.0005960464477539062,-0.0005960464477539062,-0.0005960464477539062
1,1796,17.96,7746.618390083313,7746.619284152985,7746.618390083313,7746.6171979904175,0.0005960464477539062,0.0011920928955078125,0.0014901161193847656,0.0
1,1797,17.97,7746.618688106537,7746.619284152985,7746.618390083313,7746.6171979904175,0.0002980232238769531,0.0,0.0,0.0
1,1798,17.98,7746.618390083313,7746.619284152985,7746.617794036865,7746.616899967194,-0.0002980232238769531,0.0,-0.0005960464477539062,-0.0002980232238769531
1,1799,17.990000000000002,7746.618688106537,7746.618986129761,7746.618092060089,7746.61660194397,0.0002980232238769531,-0.0002980232238769531,0.0002980232238769531,-0.0002980232238769531
1,1800,18.0,7746.618390083313,7746.6195821762085,7746.617794036865,7746.61660194397,-0.0002980232238769531,0.0005960464477539062,-0.0002980232238769531,0.0
1,1801,18.01,7746.618390083313,7746.618688106537,7746.618092060089,7746.6171979904175,0.0,-0.0008940696716308594,0.0002980232238769531,0.0005960464477539062
1,1802,18.02,7746.618390083313,7746.618390083313,7746.618092060089,7746.617794036865,0.0,-0.0002980232238769531,0.0,0.0005960464477539062
1,1803,18.03,7746.618092060089,7746.618688106537,7746.618092060089,7746.617496013641,-0.0002980232238769531,0.0002980232238769531,0.0,-0.0002980232238769531
1,1804,18.04,7746.618390083313,7746.618092060089,7746.617794036865,7746.617496013641,0.0002980232238769531,-0.0005960464477539062,-0.0002980232238769531,0.0
1,1805,18.05,7746.617496013641,7746.617496013641,7746.618390083313,7746.617794036865,-0.0008940696716308594,-0.0005960464477539062,0.0005960464477539062,0.0002980232238769531
1,1806,18.06,7746.617496013641,7746.617496013641,7746.618390083313,7746.617794036865,0.0,0.0,0.0,0.0
1,1807,18.07,7746.617794036865,7746.618092060089,7746.618390083313,7746.618092060089,0.0002980232238769531,0.0005960464477539062,0.0,0.0002980232238769531
1,1808,18.080000000000002,7746.617794036865,7746.618092060089,7746.618390083313,7746.618390083313,0.0,0.0,0.0,0.0002980232238769531
1,1809,18.09,7746.617496013641,7746.617496013641,7746.618390083313,7746.618688106537,-0.0002980232238769531,-0.0005960464477539062,0.0,0.0002980232238769531
1,1810,18.1,7746.6171979904175,7746.618092060089,7746.618390083313,7746.618390083313,-0.0002980232238769531,0.0005960464477539062,0.0,-0.0002980232238769531
1,1811,18.11,7746.617794036865,7746.618092060089,7746.618688106537,7746.618986129761,0.0005960464477539062,0.0,0.0002980232238769531,0.0005960464477539062
1,1812,18.12,7746.618092060089,7746.617496013641,7746.618092060089,7746.618390083313,0.0002980232238769531,-0.0005960464477539062,-0.0005960464477539062,-0.0005960464477539062
1,1813,18.13,7746.618688106537,7746.618390083313,7746.617496013641,7746.618390083313,0.0005960464477539062,0.0008940696716308594,-0.0005960464477539062,0.0
1,1814,18.14,7746.618688106537,7746.618390083313,7746.617496013641,7746.618390083313,0.0,0.0,0.0,0.0
1,1815,18.150000000000002,7746.618688106537,7746.618390083313,7746.617496013641,7746.618390083313,0.0,0.0,0.0,0.0
1,1816,18.16,7746.618092060089,7746.618390083313,7746.617496013641,7746.618390083313,-0.0005960464477539062,0.0,0.0,0.0
1,1817,18.17,7746.618390083313,7746.618390083313,7746.617794036865,7746.618390083313,0.0002980232238769531,0.0,0.0002980232238769531,0.0
1,1818,18.18,7746.618390083313,7746.618390083313,7746.617794036865,7746.618390083313,0.0,0.0,0.0,0.0
1,1819,18.19,7746.618688106537,7746.618092060089,7746.617496013641,7746.618390083313,0.0002980232238769531,-0.0002980232238769531,-0.0002980232238769531,0.0
1,1820,18.2,7746.618688106537,7746.618092060089,7746.617496013641,7746.618390083313,0.0,0.0,0.0,0.0
1,1821,18.21,7746.618688106537,7746.618092060089,7746.617496013641,7746.618390083313,0.0,0.0,0.0,0.0
1,1822,18.22,7746.618390083313,7746.618390083313,7746.617496013641,7746.6171979904175,-0.0002980232238769531,0.0002980232238769531,0.0,-0.0011920928955078125
1,1823,18.23,7746.618092060089,7746.618390083313,7746.617794036865,7746.617496013641,-0.0002980232238769531,0.0,0.0002980232238769531,0.0002980232238769531
1,1824,18.240000000000002,7746.617794036865,7746.617496013641,7746.618390083313,7746.618092060089,-0.0002980232238769531,-0.0008940696716308594,0.0005960464477539062,0.0005960464477539062
1,1825,18.25,7746.617496013641,7746.6171979904175,7746.618390083313,7746.618688106537,-0.0002980232238769531,-0.0002980232238769531,0.0,0.0005960464477539062
1,1826,18.26,7746.617794036865,7746.617496013641,7746.618390083313,7746.618688106537,0.0002980232238769531,0.0002980232238769531,0.0,0.0
1,1827,18.27,7746.617794036865,7746.616899967194,7746.618092060089,7746.618688106537,0.0,-0.0005960464477539062,-0.0002980232238769531,0.0
1,1828,18.28,7746.617496013641,7746.6171979904175,7746.618390083313,7746.618986129761,-0.0002980232238769531,0.0002980232238769531,0.0002980232238769531,0.0002980232238769531
1,1829,18.29,7746.618092060089,7746.618092060089,7746.618092060089,7746.618390083313,0.0005960464477539062,0.0008940696716308594,-0.0002980232238769531,-0.0005960464477539062
1,1830,18.3,7746.618092060089,7746.618092060089,7746.618092060089,7746.617794036865,0.0,0.0,0.0,-0.0005960464477539062
1,1831,18.31,7746.618092060089,7746.618390083313,7746.617794036865,7746.617794036865,0.0,0.0002980232238769531,-0.0002980232238769531,0.0
1,1832,18.32,7746.618092060089,7746.618390083313,7746.617794036865,7746.617794036865,0.0,0.0,0.0,0.0
1,1833,18.330000000000002,7746.618092060089,7746.618390083313,7746.617794036865,7746.617794036865,0.0,0.0,0.0,0.0
1,1834,18.34,7746.618390083313,7746.618390083313,7746.617794036865,7746.617794036865,0.0002980232238769531,0.0,0.0,0.0
1,1835,18.35,7746.6171979904175,7746.617496013641,7746.618986129761,7746.618390083313,-0.0011920928955078125,-0.0008940696716308594,0.0011920928955078125,0.0005960464477539062
1,1836,18.36,7746.616899967194,7746.617794036865,7746.618688106537,7746.618986129761,-0.0002980232238769531,0.0002980232238769531,-0.0002980232238769531,0.0005960464477539062
1,1837,18.37,7746.616303920746,7746.6171979904175,7746.618092060089,7746.618688106537,-0.0005960464477539062,-0.0005960464477539062,-0.0005960464477539062,-0.0002980232238769531
1,1838,18.38,7746.617496013641,7746.618092060089,7746.618092060089,7746.618390083313,0.0011920928955078125,0.0008940696716308594,0.0,-0.0002980232238769531
1,1839,18.39,7746.617794036865,7746.618092060089,7746.618092060089,7746.618390083313,0.0002980232238769531,0.0,0.0,0.0
1,1840,18.400000000000002,7746.617794036865,7746.618092060089,7746.616899967194,7746.617794036865,0.0,0.0,-0.0011920928955078125,-0.0005960464477539062
1,1841,18.41,7746.617794036865,7746.618092060089,7746.618092060089,7746.617794036865,0.0,0.0,0.0011920928955078125,0.0
1,1842,18.42,7746.617794036865,7746.618092060089,7746.618092060089,7746.617794036865,0.0,0.0,0.0,0.0
1,1843,18.43,7746.618092060089,7746.618986129761,7746.6171979904175,7746.617794036865,0.0002980232238769531,0.0008940696716308594,-0.0008940696716308594,0.0
1,1844,18.44,7746.618092060089,7746.618986129761,7746.617794036865,7746.617496013641,0.0,0.0,0.0005960464477539062,-0.0002980232238769531
1,1845,18.45,7746.618390083313,7746.618986129761,7746.6171979904175,7746.6171979904175,0.0002980232238769531,0.0,-0.0005960464477539062,-0.0002980232238769531
1,1846,18.46,7746.618986129761,7746.6195821762085,7746.616899967194,7746.6171979904175,0.0005960464477539062,0.0005960464477539062,-0.0002980232238769531,0.0
1,1847,18.47,7746.618390083313,7746.618986129761,7746.616899967194,7746.6171979904175,-0.0005960464477539062,-0.0005960464477539062,0.0,0.0
1,1848,18.48,7746.618092060089,7746.618390083313,7746.617496013641,7746.617794036865,-0.0002980232238769531,-0.0005960464477539062,0.0005960464477539062,0.0005960464477539062
1,1849,18.490000000000002,7746.618092060089,7746.618390083313,7746.6171979904175,7746.617496013641,0.0,0.0,-0.0002980232238769531,-0.0002980232238769531
1,1850,18.5,7746.618390083313,7746.618390083313,7746.6171979904175,7746.617794036865,0.0002980232238769531,0.0,0.0,0.0002980232238769531
1,1851,18.51,7746.618092060089,7746.618092060089,7746.616899967194,7746.617496013641,-0.0002980232238769531,-0.0002980232238769531,-0.0002980232238769531,-0.0002980232238769531
1,1852,18.52,7746.618092060089,7746.618390083313,7746.616899967194,7746.617794036865,0.0,0.0002980232238769531,0.0,0.0002980232238769531
1,1853,18.53,7746.618092060089,7746.618688106537,7746.616899967194,7746.617496013641,0.0,0.0002980232238769531,0.0,-0.0002980232238769531
1,1854,18.54,7746.617496013641,7746.617496013641,7746.617496013641,7746.618390083313,-0.0005960464477539062,-0.0011920928955078125,0.0005960464477539062,0.0008940696716308594
1,1855,18.55,7746.617794036865,7746.617794036865,7746.617496013641,7746.618688106537,0.0002980232238769531,0.0002980232238769531,0.0,0.0002980232238769531
1,1856,18.56,7746.618688106537,7746.618390083313,7746.616899967194,7746.617496013641,0.0008940696716308594,0.0005960464477539062,-0.0005960464477539062,-0.0011920928955078125
1,1857,18.57,7746.618688106537,7746.618092060089,7746.6171979904175,7746.617794036865,0.0,-0.0002980232238769531,0.0002980232238769531,0.0002980232238769531
1,1858,18.580000000000002,7746.618092060089,7746.618390083313,7746.6171979904175,7746.617794036865,-0.0005960464477539062,0.0002980232238769531,0.0,0.0
1,1859,18.59,7746.618390083313,7746.618688106537,7746.61660194397,7746.617794036865,0.0002980232238769531,0.0002980232238769531,-0.0005960464477539062,0.0
1,1860,18.6,7746.618390083313,7746.618688106537,7746.61660194397,7746.617794036865,0.0,0.0,0.0,0.0
1,1861,18.61,7746.617496013641,7746.617794036865,7746.618092060089,7746.618092060089,-0.0008940696716308594,-0.0008940696716308594,0.0014901161193847656,0.0002980232238769531
1,1862,18.62,7746.617794036865,7746.618092060089,7746.6171979904175,7746.618092060089,0.0002980232238769531,0.0002980232238769531,-0.0008940696716308594,0.0
1,1863,18.63,7746.617794036865,7746.618092060089,7746.6171979904175,7746.618092060089,0.0,0.0,0.0,0.0
1,1864,18.64,7746.617794036865,7746.618092060089,7746.6171979904175,7746.618092060089,0.0,0.0,0.0,0.0
1,1865,18.650000000000002,7746.617794036865,7746.618092060089,7746.6171979904175,7746.618092060089,0.0,0.0,0.0,0.0
1,1866,18.66,7746.617794036865,7746.618092060089,7746.6171979904175,7746.618092060089,0.0,0.0,0.0,0.0
1,1867,18.67,7746.617794036865,7746.617794036865,7746.616899967194,7746.618092060089,0.0,-0.0002980232238769531,-0.0002980232238769531,0.0
1,1868,18.68,7746.617496013641,7746.617496013641,7746.617496013641,7746.618092060089,-0.0002980232238769531,-0.0002980232238769531,0.0005960464477539062,0.0
1,1869,18.69,7746.617496013641,7746.6171979904175,7746.617496013641,7746.618688106537,0.0,-0.0002980232238769531,0.0,0.0005960464477539062
1,1870,18.7,7746.6171979904175,7746.61660194397,7746.618092060089,7746.618986129761,-0.0002980232238769531,-0.0005960464477539062,0.0005960464477539062,0.0002980232238769531
1,1871,18.71,7746.617794036865,7746.616899967194,7746.617496013641,7746.618688106537,0.0005960464477539062,0.0002980232238769531,-0.0005960464477539062,-0.0002980232238769531
1,1872,18.72,7746.617794036865,7746.616899967194,7746.617496013641,7746.618688106537,0.0,0.0,0.0,0.0
1,1873,18.73,7746.617794036865,7746.616899967194,7746.617496013641,7746.618688106537,0.0,0.0,0.0,0.0
1,1874,18.740000000000002,7746.618092060089,7746.617496013641,7746.617496013641,7746.618390083313,0.0002980232238769531,0.0005960464477539062,0.0,-0.0002980232238769531
1,1875,18.75,7746.617794036865,7746.618688106537,7746.617496013641,7746.618688106537,-0.0002980232238769531,0.0011920928955078125,0.0,0.0002980232238769531
1,1876,18.76,7746.617794036865,7746.618092060089,7746.617496013641,7746.618092060089,0.0,-0.0005960464477539062,0.0,-0.0005960464477539062
1,1877,18.77,7746.618092060089,7746.617794036865,7746.6171979904175,7746.618092060089,0.0002980232238769531,-0.0002980232238769531,-0.0002980232238769531,0.0
1,1878,18.78,7746.618092060089,7746.617794036865,7746.6171979904175,7746.618092060089,0.0,0.0,0.0,0.0
1,1879,18.79,7746.618390083313,7746.617496013641,7746.6171979904175,7746.617794036865,0.0002980232238769531,-0.0002980232238769531,0.0,-0.0002980232238769531
1,1880,18.8,7746.618390083313,7746.618092060089,7746.6171979904175,7746.616899967194,0.0,0.0005960464477539062,0.0,-0.0008940696716308594
1,1881,18.81,7746.618092060089,7746.617496013641,7746.617496013641,7746.617496013641,-0.0002980232238769531,-0.0005960464477539062,0.0002980232238769531,0.0005960464477539062
1,1882,18.82,7746.617794036865,7746.617496013641,7746.617794036865,7746.6171979904175,-0.0002980232238769531,0.0,0.0002980232238769531,-0.0002980232238769531
1,1883,18.830000000000002,7746.618092060089,7746.618092060089,7746.617496013641,7746.617496013641,0.0002980232238769531,0.0005960464477539062,-0.0002980232238769531,0.0002980232238769531
1,1884,18.84,7746.618092060089,7746.618092060089,7746.6171979904175,7746.6171979904175,0.0,0.0,-0.0002980232238769531,-0.0002980232238769531
1,1885,18.85,7746.618092060089,7746.618092060089,7746.6171979904175,7746.617496013641,0.0,0.0,0.0,0.0002980232238769531
1,1886,18.86,7746.617496013641,7746.616899967194,7746.618390083313,7746.6171979904175,-0.0005960464477539062,-0.0011920928955078125,0.0011920928955078125,-0.0002980232238769531
1,1887,18.87,7746.617496013641,7746.61660194397,7746.618688106537,7746.617794036865,0.0,-0.0002980232238769531,0.0002980232238769531,0.0005960464477539062
1,1888,18.88,7746.6171979904175,7746.616899967194,7746.618390083313,7746.617794036865,-0.0002980232238769531,0.0002980232238769531,-0.0002980232238769531,0.0
1,1889,18.89,7746.6171979904175,7746.616899967194,7746.618390083313,7746.617496013641,0.0,0.0,0.0,-0.0002980232238769531
1,1890,18.900000000000002,7746.6171979904175,7746.6171979904175,7746.618390083313,7746.617794036865,0.0,0.0002980232238769531,0.0,0.0002980232238769531
1,1891,18.91,7746.6171979904175,7746.6171979904175,7746.618390083313,7746.617794036865,0.0,0.0,0.0,0.0
1,1892,18.92,7746.6171979904175,7746.6171979904175,7746.618390083313,7746.617794036865,0.0,0.0,0.0,0.0
1,1893,18.93,7746.617496013641,7746.61660194397,7746.617496013641,7746.617794036865,0.0002980232238769531,-0.0005960464477539062,-0.0008940696716308594,0.0
1,1894,18.94,7746.617496013641,7746.616899967194,7746.618092060089,7746.617794036865,0.0,0.0002980232238769531,0.0005960464477539062,0.0
1,1895,18.95,7746.617496013641,7746.618092060089,7746.617496013641,7746.617496013641,0.0,0.0011920928955078125,-0.0005960464477539062,-0.0002980232238769531
1,1896,18.96,7746.617496013641,7746.618092060089,7746.617496013641,7746.617496013641,0.0,0.0,0.0,0.0
1,1897,18.97,7746.617496013641,7746.617794036865,7746.617496013641,7746.617496013641,0.0,-0.0002980232238769531,0.0,0.0
1,1898,18.98,7746.617496013641,7746.617794036865,7746.617496013641,7746.617496013641,0.0,0.0,0.0,0.0
1,1899,18.990000000000002,7746.617794036865,7746.6171979904175,7746.618092060089,7746.617496013641,0.0002980232238769531,-0.0005960464477539062,0.0005960464477539062,0.0
1,1900,19.0,7746.617496013641,7746.617496013641,7746.618092060089,7746.617496013641,-0.0002980232238769531,0.0002980232238769531,0.0,0.0
1,1901,19.01,7746.617496013641,7746.617496013641,7746.618092060089,7746.617496013641,0.0,0.0,0.0,0.0
1,1902,19.02,7746.617496013641,7746.617496013641,7746.617496013641,7746.618092060089,0.0,0.0,-0.0005960464477539062,0.0005960464477539062
1,1903,19.03,7746.617496013641,7746.617794036865,7746.617496013641,7746.618092060089,0.0,0.0002980232238769531,0.0,0.0
1,1904,19.04,7746.617496013641,7746.617794036865,7746.617496013641,7746.618092060089,0.0,0.0,0.0,0.0
1,1905,19.05,7746.617496013641,7746.616899967194,7746.618092060089,7746.618092060089,0.0,-0.0008940696716308594,0.0005960464477539062,0.0
1,1906,19.06,7746.617496013641,7746.6171979904175,7746.617496013641,7746.617794036865,0.0,0.0002980232238769531,-0.0005960464477539062,-0.0002980232238769531
1,1907,19.07,7746.617496013641,7746.6171979904175,7746.617496013641,7746.617794036865,0.0,0.0,0.0,0.0
1,1908,19.080000000000002,7746.617496013641,7746.6171979904175,7746.617496013641,7746.617794036865,0.0,0.0,0.0,0.0
1,1909,19.09,7746.617496013641,7746.617496013641,7746.617496013641,7746.617794036865,0.0,0.0002980232238769531,0.0,0.0
1,1910,19.1,7746.617794036865,7746.617496013641,7746.617496013641,7746.617794036865,0.0002980232238769531,0.0,0.0,0.0
1,1911,19.11,7746.617496013641,7746.617794036865,7746.618092060089,7746.617794036865,-0.0002980232238769531,0.0002980232238769531,0.0005960464477539062,0.0
1,1912,19.12,7746.6171979904175,7746.617794036865,7746.618092060089,7746.618092060089,-0.0002980232238769531,0.0,0.0,0.0002980232238769531
1,1913,19.13,7746.6171979904175,7746.617496013641,7746.618092060089,7746.617496013641,0.0,-0.0002980232238769531,0.0,-0.0005960464477539062
1,1914,19.14,7746.6171979904175,7746.617794036865,7746.618092060089,7746.618092060089,0.0,0.0002980232238769531,0.0,0.0005960464477539062
1,1915,19.150000000000002,7746.6171979904175,7746.6171979904175,7746.617496013641,7746.617794036865,0.0,-0.0005960464477539062,-0.0005960464477539062,-0.0002980232238769531
1,1916,19.16,7746.6171979904175,7746.617496013641,7746.618092060089,7746.617496013641,0.0,0.0002980232238769531,0.0005960464477539062,-0.0002980232238769531
1,1917,19.17,7746.618390083313,7746.618986129761,7746.616899967194,7746.6171979904175,0.0011920928955078125,0.0014901161193847656,-0.0011920928955078125,-0.0002980232238769531
1,1918,19.18,7746.617794036865,7746.618986129761,7746.6171979904175,7746.6171979904175,-0.0005960464477539062,0.0,0.0002980232238769531,0.0
1,1919,19.19,7746.617794036865,7746.618688106537,7746.616899967194,7746.616899967194,0.0,-0.0002980232238769531,-0.0002980232238769531,-0.0002980232238769531
1,1920,19.2,7746.617794036865,7746.618092060089,7746.617496013641,7746.6171979904175,0.0,-0.0005960464477539062,0.0005960464477539062,0.0002980232238769531
1,1921,19.21,7746.617496013641,7746.618092060089,7746.618092060089,7746.6171979904175,-0.0002980232238769531,0.0,0.0005960464477539062,0.0
1,1922,19.22,7746.617496013641,7746.618092060089,7746.618092060089,7746.6171979904175,0.0,0.0,0.0,0.0
1,1923,19.23,7746.617794036865,7746.617496013641,7746.617496013641,7746.6171979904175,0.0002980232238769531,-0.0005960464477539062,-0.0005960464477539062,0.0
1,1924,19.240000000000002,7746.617794036865,7746.617794036865,7746.618092060089,7746.617496013641,0.0,0.0002980232238769531,0.0005960464477539062,0.0002980232238769531
1,1925,19.25,7746.617794036865,7746.617794036865,7746.618092060089,7746.617496013641,0.0,0.0,0.0,0.0
1,1926,19.26,7746.617794036865,7746.617794036865,7746.618092060089,7746.617794036865,0.0,0.0,0.0,0.0002980232238769531
1,1927,19.27,7746.617794036865,7746.617794036865,7746.618092060089,7746.617794036865,0.0,0.0,0.0,0.0
1,1928,19.28,7746.617794036865,7746.617794036865,7746.618092060089,7746.617794036865,0.0,0.0,0.0,0.0
1,1929,19.29,7746.617794036865,7746.617794036865,7746.618092060089,7746.617496013641,0.0,0.0,0.0,-0.0002980232238769531
1,1930,19.3,7746.617794036865,7746.617794036865,7746.6171979904175,7746.617496013641,0.0,0.0,-0.0008940696716308594,0.0
1,1931,19.31,7746.617794036865,7746.617794036865,7746.617794036865,7746.618092060089,0.0,0.0,0.0005960464477539062,0.0005960464477539062
1,1932,19.32,7746.617794036865,7746.616005897522,7746.618688106537,7746.618688106537,0.0,-0.0017881393432617188,0.0008940696716308594,0.0005960464477539062
1,1933,19.330000000000002,7746.617794036865,7746.616005897522,7746.618688106537,7746.618390083313,0.0,0.0,0.0,-0.0002980232238769531
1,1934,19.34,7746.618092060089,7746.6171979904175,7746.618092060089,7746.618390083313,0.0002980232238769531,0.0011920928955078125,-0.0005960464477539062,0.0
1,1935,19.35,7746.618390083313,7746.617794036865,7746.617794036865,7746.617496013641,0.0002980232238769531,0.0005960464477539062,-0.0002980232238769531,-0.0008940696716308594
1,1936,19.36,7746.618092060089,7746.617794036865,7746.617794036865,7746.617794036865,-0.0002980232238769531,0.0,0.0,0.0002980232238769531
1,1937,19.37,7746.618390083313,7746.618390083313,7746.61660194397,7746.6171979904175,0.0002980232238769531,0.0005960464477539062,-0.0011920928955078125,-0.0005960464477539062
1,1938,19.38,7746.618390083313,7746.618092060089,7746.616005897522,7746.6171979904175,0.0,-0.0002980232238769531,-0.0005960464477539062,0.0
1,1939,19.39,7746.618390083313,7746.618092060089,7746.615707874298,7746.6171979904175,0.0,0.0,-0.0002980232238769531,0.0
1,1940,19.400000000000002,7746.618986129761,7746.617496013641,7746.617496013641,7746.6171979904175,0.0005960464477539062,-0.0005960464477539062,0.0017881393432617188,0.0
1,1941,19.41,7746.618986129761,7746.6171979904175,7746.6171979904175,7746.6171979904175,0.0,-0.0002980232238769531,-0.0002980232238769531,0.0
1,1942,19.42,7746.618986129761,7746.617794036865,7746.617496013641,7746.617496013641,0.0,0.0005960464477539062,0.0002980232238769531,0.0002980232238769531
1,1943,19.43,7746.618092060089,7746.618092060089,7746.6171979904175,7746.617496013641,-0.0008940696716308594,0.0002980232238769531,-0.0002980232238769531,0.0
1,1944,19.44,7746.618092060089,7746.618092060089,7746.6171979904175,7746.617496013641,0.0,0.0,0.0,0.0
1,1945,19.45,7746.618092060089,7746.616899967194,7746.618390083313,7746.6171979904175,0.0,-0.0011920928955078125,0.0011920928955078125,-0.0002980232238769531
1,1946,19.46,7746.617794036865,7746.61660194397,7746.618390083313,7746.617496013641,-0.0002980232238769531,-0.0002980232238769531,0.0,0.0002980232238769531
1,1947,19.47,7746.618092060089,7746.616005897522,7746.618390083313,7746.6171979904175,0.0002980232238769531,-0.0005960464477539062,0.0,-0.0002980232238769531
1,1948,19.48,7746.617794036865,7746.616303920746,7746.618688106537,7746.617496013641,-0.0002980232238769531,0.0002980232238769531,0.0002980232238769531,0.0002980232238769531
1,1949,19.490000000000002,7746.617496013641,7746.61660194397,7746.618688106537,7746.617794036865,-0.0002980232238769531,0.0002980232238769531,0.0,0.0002980232238769531
1,1950,19.5,7746.6171979904175,7746.616303920746,7746.618986129761,7746.618390083313,-0.0002980232238769531,-0.0002980232238769531,0.0002980232238769531,0.0005960464477539062
1,1951,19.51,7746.616303920746,7746.616303920746,7746.618390083313,7746.617496013641,-0.0008940696716308594,0.0,-0.0005960464477539062,-0.0008940696716308594
1,1952,19.52,7746.61660194397,7746.616005897522,7746.618390083313,7746.617496013641,0.0002980232238769531,-0.0002980232238769531,0.0,0.0
1,1953,19.53,7746.616005897522,7746.616303920746,7746.618688106537,7746.617794036865,-0.0005960464477539062,0.0002980232238769531,0.0002980232238769531,0.0002980232238769531
1,1954,19.54,7746.616303920746,7746.61660194397,7746.618688106537,7746.617794036865,0.0002980232238769531,0.0002980232238769531,0.0,0.0
1,1955,19.55,7746.616303920746,7746.61660194397,7746.618688106537,7746.617794036865,0.0,0.0,0.0,0.0
1,1956,19.56,7746.616303920746,7746.61660194397,7746.618688106537,7746.617794036865,0.0,0.0,0.0,0.0
1,1957,19.57,7746.616005897522,7746.61660194397,7746.618390083313,7746.617794036865,-0.0002980232238769531,0.0,-0.0002980232238769531,0.0
1,1958,19.580000000000002,7746.616005897522,7746.616899967194,7746.618092060089,7746.617496013641,0.0,0.0002980232238769531,-0.0002980232238769531,-0.0002980232238769531
1,1959,19.59,7746.616303920746,7746.61660194397,7746.618390083313,7746.617496013641,0.0002980232238769531,-0.0002980232238769531,0.0002980232238769531,0.0
1,1960,19.6,7746.616899967194,7746.617496013641,7746.618390083313,7746.616899967194,0.0005960464477539062,0.0008940696716308594,0.0,-0.0005960464477539062
1,1961,19.61,7746.6171979904175,7746.618092060089,7746.617794036865,7746.6171979904175,0.0002980232238769531,0.0005960464477539062,-0.0005960464477539062,0.0002980232238769531
1,1962,19.62,7746.61660194397,7746.617794036865,7746.618390083313,7746.616899967194,-0.0005960464477539062,-0.0002980232238769531,0.0005960464477539062,-0.0002980232238769531
1,1963,19.63,7746.61660194397,7746.617794036865,7746.618390083313,7746.616899967194,0.0,0.0,0.0,0.0
1,1964,19.64,7746.617794036865,7746.618390083313,7746.616899967194,7746.616899967194,0.0011920928955078125,0.0005960464477539062,-0.0014901161193847656,0.0
1,1965,19.650000000000002,7746.617496013641,7746.617496013641,7746.618092060089,7746.61660194397,-0.0002980232238769531,-0.0008940696716308594,0.0011920928955078125,-0.0002980232238769531
1,1966,19.66,7746.617496013641,7746.618092060089,7746.6171979904175,7746.61660194397,0.0,0.0005960464477539062,-0.0008940696716308594,0.0
1,1967,19.67,7746.6171979904175,7746.618390083313,7746.617496013641,7746.61660194397,-0.0002980232238769531,0.0002980232238769531,0.0002980232238769531,0.0
1,1968,19.68,7746.617496013641,7746.618092060089,7746.618092060089,7746.6171979904175,0.0002980232238769531,-0.0002980232238769531,0.0005960464477539062,0.0005960464477539062
1,1969,19.69,7746.617496013641,7746.618092060089,7746.618092060089,7746.6171979904175,0.0,0.0,0.0,0.0
1,1970,19.7,7746.6171979904175,7746.617794036865,7746.617496013641,7746.6171979904175,-0.0002980232238769531,-0.0002980232238769531,-0.0005960464477539062,0.0
1,1971,19.71,7746.617794036865,7746.618688106537,7746.618390083313,7746.617794036865,0.0005960464477539062,0.0008940696716308594,0.0008940696716308594,0.0005960464477539062
1,1972,19.72,7746.618390083313,7746.618986129761,7746.617496013641,7746.617794036865,0.0005960464477539062,0.0002980232238769531,-0.0008940696716308594,0.0
1,1973,19.73,7746.618986129761,7746.619284152985,7746.618092060089,7746.6171979904175,0.0005960464477539062,0.0002980232238769531,0.0005960464477539062,-0.0005960464477539062
1,1974,19.740000000000002,7746.618092060089,7746.618092060089,7746.618390083313,7746.617496013641,-0.0008940696716308594,-0.0011920928955078125,0.0002980232238769531,0.0002980232238769531
1,1975,19.75,7746.618092060089,7746.618092060089,7746.618390083313,7746.617496013641,0.0,0.0,0.0,0.0
1,1976,19.76,7746.618390083313,7746.618390083313,7746.618092060089,7746.617794036865,0.0002980232238769531,0.0002980232238769531,-0.0002980232238769531,0.0002980232238769531
1,1977,19.77,7746.618390083313,7746.618390083313,7746.618092060089,7746.617794036865,0.0,0.0,0.0,0.0
1,1978,19.78,7746.618390083313,7746.618688106537,7746.617794036865,7746.617794036865,0.0,0.0002980232238769531,-0.0002980232238769531,0.0
1,1979,19.79,7746.618390083313,7746.618688106537,7746.617794036865,7746.617794036865,0.0,0.0,0.0,0.0
1,1980,19.8,7746.618390083313,7746.618688106537,7746.618092060089,7746.617496013641,0.0,0.0,0.0002980232238769531,-0.0002980232238769531
1,1981,19.81,7746.618390083313,7746.618390083313,7746.618390083313,7746.617794036865,0.0,-0.0002980232238769531,0.0002980232238769531,0.0002980232238769531
1,1982,19.82,7746.617794036865,7746.618688106537,7746.617794036865,7746.617496013641,-0.0005960464477539062,0.0002980232238769531,-0.0005960464477539062,-0.0002980232238769531
1,1983,19.830000000000002,7746.618092060089,7746.618688106537,7746.617496013641,7746.617496013641,0.0002980232238769531,0.0,-0.0002980232238769531,0.0
1,1984,19.84,7746.617496013641,7746.618390083313,7746.618390083313,7746.618390083313,-0.0005960464477539062,-0.0002980232238769531,0.0008940696716308594,0.0008940696716308594
1,1985,19.85,7746.617496013641,7746.618390083313,7746.618092060089,7746.618688106537,0.0,0.0,-0.0002980232238769531,0.0002980232238769531
1,1986,19.86,7746.617496013641,7746.618390083313,7746.618092060089,7746.618688106537,0.0,0.0,0.0,0.0
1,1987,19.87,7746.618390083313,7746.618092060089,7746.617794036865,7746.618390083313,0.0008940696716308594,-0.0002980232238769531,-0.0002980232238769531,-0.0002980232238769531
1,1988,19.88,7746.618390083313,7746.618092060089,7746.617794036865,7746.618390083313,0.0,0.0,0.0,0.0
1,1989,19.89,7746.618390083313,7746.618092060089,7746.617794036865,7746.618390083313,0.0,0.0,0.0,0.0
1,1990,19.900000000000002,7746.618092060089,7746.617496013641,7746.617794036865,7746.618688106537,-0.0002980232238769531,-0.0005960464477539062,0.0,0.0002980232238769531
1,1991,19.91,7746.618092060089,7746.618092060089,7746.618092060089,7746.618688106537,0.0,0.0005960464477539062,0.0002980232238769531,0.0
1,1992,19.92,7746.617794036865,7746.616303920746,7746.618688106537,7746.619880199432,-0.0002980232238769531,-0.0017881393432617188,0.0005960464477539062,0.0011920928955078125
1,1993,19.93,7746.617794036865,7746.616303920746,7746.618688106537,7746.619880199432,0.0,0.0,0.0,0.0
1,1994,19.94,7746.617794036865,7746.61660194397,7746.618688106537,7746.619284152985,0.0,0.0002980232238769531,0.0,-0.0005960464477539062
1,1995,19.95,7746.617794036865,7746.616899967194,7746.618390083313,7746.619880199432,0.0,0.0002980232238769531,-0.0002980232238769531,0.0005960464477539062
1,1996,19.96,7746.618390083313,7746.617496013641,7746.618390083313,7746.618986129761,0.0005960464477539062,0.0005960464477539062,0.0,-0.0008940696716308594
1,1997,19.97,7746.618390083313,7746.617496013641,7746.617794036865,7746.619284152985,0.0,0.0,-0.0005960464477539062,0.0002980232238769531
1,1998,19.98,7746.618390083313,7746.617496013641,7746.617496013641,7746.618986129761,0.0,0.0,-0.0002980232238769531,-0.0002980232238769531
1,1999,19.990000000000002,7746.618688106537,7746.618390083313,7746.6171979904175,7746.618688106537,0.0002980232238769531,0.0008940696716308594,-0.0002980232238769531,-0.0002980232238769531
