episode,step,time_s,u1_rpm,u2_rpm,u3_rpm,u4_rpm,du1_rpm,du2_rpm,du3_rpm,du4_rpm
1,0,0.0,5000.0,9476.273655891418,10000.0,7825.386822223663,0.0,0.0,0.0,0.0
1,1,0.015,5391.504280269146,9264.789819717407,9989.109933376312,7870.659232139587,391.50428026914597,-211.48383617401123,-10.890066623687744,45.27240991592407
1,2,0.03,5946.645811200142,9353.43474149704,10000.0,8130.849599838257,555.1415309309959,88.64492177963257,10.890066623687744,260.19036769866943
1,3,0.045,6733.9737713336945,9172.962009906769,10000.0,8430.644571781158,787.3279601335526,-180.472731590271,0.0,299.7949719429016
1,4,0.06,7616.152763366699,9080.475270748138,10000.0,8730.077147483826,882.1789920330048,-92.48673915863037,0.0,299.43257570266724
1,5,0.075,8491.729497909546,8949.108719825745,9537.418484687805,8970.126211643219,875.5767345428467,-131.3665509223938,-462.5815153121948,240.0490641593933
1,6,0.09,9401.061832904816,8863.010108470917,8969.945013523102,9446.901381015778,909.3323349952698,-86.09861135482788,-567.4734711647034,476.7751693725586
1,7,0.105,10000.0,8773.803114891052,8471.51666879654,9739.759862422943,598.9381670951843,-89.2069935798645,-498.4283447265625,292.8584814071655
1,8,0.12,10000.0,8651.593029499054,7715.856730937958,9921.566545963287,0.0,-122.21008539199829,-755.6599378585815,181.80668354034424
1,9,0.135,10000.0,8592.894077301025,7232.379168272018,9958.579242229462,0.0,-58.698952198028564,-483.47756266593933,37.012696266174316
1,10,0.15,10000.0,8591.91119670868,7035.408020019531,9988.332092761993,0.0,-0.9828805923461914,-196.97114825248718,29.75285053253174
1,11,0.16499999999999998,10000.0,8627.735376358032,6923.613995313644,9940.226376056671,0.0,35.82417964935303,-111.79402470588684,-48.105716705322266
1,12,0.18,10000.0,8742.468655109406,6926.585137844086,9889.127612113953,0.0,114.73327875137329,2.971142530441284,-51.098763942718506
1,13,0.195,10000.0,8885.850012302399,7031.913697719574,9766.430854797363,0.0,143.38135719299316,105.32855987548828,-122.69675731658936
1,14,0.21,10000.0,9026.295840740204,7307.80690908432,9499.713480472565,0.0,140.44582843780518,275.8932113647461,-266.7173743247986
1,15,0.22499999999999998,10000.0,9052.587151527405,7714.2733335494995,9175.156950950623,0.0,26.291310787200928,406.46642446517944,-324.55652952194214
1,16,0.24,9960.423409938812,9139.812886714935,8115.309774875641,8977.5750041008,-39.576590061187744,87.22573518753052,401.03644132614136,-197.581946849823
1,17,0.255,9931.01716041565,9144.372642040253,8374.96042251587,8811.225891113281,-29.406249523162842,4.559755325317383,259.65064764022827,-166.3491129875183
1,18,0.27,9874.399602413177,9209.185540676117,8784.972131252289,8695.647120475769,-56.617558002471924,64.81289863586426,410.0117087364197,-115.5787706375122
1,19,0.285,9734.80075597763,9354.75379228592,9281.434416770935,8641.23910665512,-139.59884643554688,145.56825160980225,496.46228551864624,-54.40801382064819
1,20,0.3,9391.827881336212,9488.66993188858,9720.061421394348,8606.111407279968,-342.97287464141846,133.91613960266113,438.6270046234131,-35.12769937515259
1,21,0.315,8995.35983800888,9613.66593837738,9997.642040252686,8701.845407485962,-396.46804332733154,124.99600648880005,277.5806188583374,95.73400020599365
1,22,0.32999999999999996,8634.679913520813,9679.288864135742,10000.0,8758.32200050354,-360.6799244880676,65.62292575836182,2.357959747314453,56.476593017578125
1,23,0.345,8339.74689245224,9693.739414215088,10000.0,8855.361342430115,-294.933021068573,14.450550079345703,0.0,97.0393419265747
1,24,0.36,8222.4240899086,9656.41438961029,10000.0,8898.980915546417,-117.32280254364014,-37.32502460479736,0.0,43.61957311630249
1,25,0.375,8207.87250995636,9569.447338581085,10000.0,8915.150761604309,-14.55157995223999,-86.96705102920532,0.0,16.169846057891846
1,26,0.39,8222.795724868774,9500.382244586945,10000.0,8929.154872894287,14.92321491241455,-69.06509399414062,0.0,14.004111289978027
1,27,0.40499999999999997,8258.667886257172,9392.054677009583,10000.0,8925.212919712067,35.87216138839722,-108.32756757736206,0.0,-3.941953182220459
1,28,0.42,8336.098194122314,9300.557076931,10000.0,8912.142813205719,77.43030786514282,-91.49760007858276,0.0,-13.070106506347656
1,29,0.435,8408.357501029968,9211.491346359253,10000.0,8907.12857246399,72.25930690765381,-89.06573057174683,0.0,-5.014240741729736
1,30,0.44999999999999996,8442.753851413727,9140.552580356598,9999.67336654663,8907.792866230011,34.396350383758545,-70.93876600265503,-0.3266334533691406,0.6642937660217285
1,31,0.46499999999999997,8554.144203662872,9048.099517822266,9959.233403205872,8901.16423368454,111.39035224914551,-92.45306253433228,-40.43996334075928,-6.628632545471191
1,32,0.48,8639.891743659973,8954.700529575348,9878.56239080429,8900.943100452423,85.74753999710083,-93.39898824691772,-80.67101240158081,-0.22113323211669922
1,33,0.495,8687.265813350677,8876.815438270569,9785.785675048828,8890.612423419952,47.374069690704346,-77.88509130477905,-92.77671575546265,-10.330677032470703
1,34,0.51,8714.83862400055,8815.386593341827,9667.53751039505,8842.57435798645,27.572810649871826,-61.428844928741455,-118.24816465377808,-48.0380654335022
1,35,0.525,8721.261620521545,8770.566582679749,9583.041965961456,8794.609606266022,6.422996520996094,-44.82001066207886,-84.49554443359375,-47.96475172042847
1,36,0.54,8703.677356243134,8721.037805080414,9497.186839580536,8743.07632446289,-17.584264278411865,-49.52877759933472,-85.85512638092041,-51.5332818031311
1,37,0.5549999999999999,8681.96815252304,8678.461015224457,9413.083791732788,8693.383932113647,-21.709203720092773,-42.57678985595703,-84.1030478477478,-49.692392349243164
1,38,0.57,8654.598891735077,8636.360764503479,9341.253638267517,8647.023439407349,-27.369260787963867,-42.10025072097778,-71.830153465271,-46.36049270629883
1,39,0.585,8638.348281383514,8591.338396072388,9278.733432292938,8589.4376039505,-16.2506103515625,-45.02236843109131,-62.52020597457886,-57.585835456848145
1,40,0.6,8604.466021060944,8552.66273021698,9223.68973493576,8530.860245227814,-33.8822603225708,-38.675665855407715,-55.043697357177734,-58.57735872268677
1,41,0.615,8566.228151321411,8528.770208358765,9175.162315368652,8471.780717372894,-38.23786973953247,-23.892521858215332,-48.527419567108154,-59.079527854919434
1,42,0.63,8522.75550365448,8504.335880279541,9128.993153572083,8413.271009922028,-43.47264766693115,-24.434328079223633,-46.169161796569824,-58.5097074508667
1,43,0.645,8477.30278968811,8483.233153820038,9085.303544998169,8352.79792547226,-45.45271396636963,-21.102726459503174,-43.689608573913574,-60.473084449768066
1,44,0.6599999999999999,8436.87504529953,8456.801176071167,9031.126201152802,8301.725089550018,-40.42774438858032,-26.43197774887085,-54.17734384536743,-51.07283592224121
1,45,0.6749999999999999,8398.76264333725,8434.14694070816,8984.287679195404,8249.205946922302,-38.11240196228027,-22.654235363006592,-46.83852195739746,-52.519142627716064
1,46,0.69,8358.873128890991,8413.392007350922,8943.863809108734,8197.720348834991,-39.889514446258545,-20.75493335723877,-40.42387008666992,-51.48559808731079
1,47,0.705,8317.908346652985,8391.87890291214,8906.038999557495,8150.738179683685,-40.96478223800659,-21.51310443878174,-37.824809551239014,-46.98216915130615
1,48,0.72,8274.763822555542,8368.212282657623,8868.95090341568,8097.552061080933,-43.14452409744263,-23.6666202545166,-37.088096141815186,-53.186118602752686
1,49,0.735,8237.968683242798,8353.323936462402,8836.250901222229,8054.889142513275,-36.79513931274414,-14.888346195220947,-32.70000219345093,-42.66291856765747
1,50,0.75,8202.958703041077,8337.06110715866,8803.129196166992,8014.51563835144,-35.00998020172119,-16.262829303741455,-33.121705055236816,-40.37350416183472
1,51,0.765,8169.092237949371,8320.226669311523,8771.257400512695,7975.046634674072,-33.86646509170532,-16.83443784713745,-31.871795654296875,-39.469003677368164
1,52,0.78,8133.461475372314,8303.534090518951,8741.59187078476,7936.740815639496,-35.630762577056885,-16.69257879257202,-29.66552972793579,-38.305819034576416
1,53,0.7949999999999999,8099.317848682404,8288.014531135559,8713.764250278473,7906.947433948517,-34.14362668991089,-15.519559383392334,-27.82762050628662,-29.793381690979004
1,54,0.8099999999999999,8067.831099033356,8272.291123867035,8687.63953447342,7878.957092761993,-31.48674964904785,-15.72340726852417,-26.12471580505371,-27.990341186523438
1,55,0.825,8036.89569234848,8257.933259010315,8661.59588098526,7850.975394248962,-30.93540668487549,-14.35786485671997,-26.04365348815918,-27.981698513031006
1,56,0.84,8007.368743419647,8243.837654590607,8637.804687023163,7827.045917510986,-29.526948928833008,-14.095604419708252,-23.791193962097168,-23.929476737976074
1,57,0.855,7979.898452758789,8227.461576461792,8614.56423997879,7807.534337043762,-27.470290660858154,-16.376078128814697,-23.24044704437256,-19.51158046722412
1,58,0.87,7955.132722854614,8211.902379989624,8591.552078723907,7792.324423789978,-24.765729904174805,-15.559196472167969,-23.012161254882812,-15.20991325378418
1,59,0.885,7932.799756526947,8196.19357585907,8570.190370082855,7779.4864773750305,-22.332966327667236,-15.7088041305542,-21.361708641052246,-12.83794641494751
1,60,0.8999999999999999,7911.081314086914,8175.860345363617,8546.894192695618,7770.45875787735,-21.71844244003296,-20.33323049545288,-23.29617738723755,-9.027719497680664
1,61,0.9149999999999999,7892.808020114899,8159.139156341553,8522.844910621643,7762.704491615295,-18.27329397201538,-16.72118902206421,-24.04928207397461,-7.754266262054443
1,62,0.9299999999999999,7876.27249956131,8140.1243805885315,8501.527309417725,7756.290137767792,-16.535520553588867,-19.01477575302124,-21.317601203918457,-6.414353847503662
1,63,0.945,7861.947417259216,8122.082054615021,8477.264642715454,7752.578854560852,-14.325082302093506,-18.042325973510742,-24.262666702270508,-3.7112832069396973
1,64,0.96,7846.643924713135,8103.041350841522,8458.710610866547,7753.287255764008,-15.303492546081543,-19.040703773498535,-18.55403184890747,0.7084012031555176
1,65,0.975,7835.992872714996,8084.010481834412,8433.798253536224,7755.500674247742,-10.651051998138428,-19.030869007110596,-24.912357330322266,2.213418483734131
1,66,0.99,7827.147841453552,8072.554767131805,8415.70109128952,7758.989036083221,-8.845031261444092,-11.455714702606201,-18.0971622467041,3.4883618354797363
1,67,1.005,7821.325063705444,8062.731325626373,8404.484391212463,7766.889929771423,-5.82277774810791,-9.823441505432129,-11.216700077056885,7.900893688201904
1,68,1.02,7814.846932888031,8049.549460411072,8396.19666337967,7773.576378822327,-6.47813081741333,-13.181865215301514,-8.28772783279419,6.68644905090332
1,69,1.035,7810.187637805939,8038.939535617828,8391.577005386353,7779.756486415863,-4.659295082092285,-10.609924793243408,-4.61965799331665,6.180107593536377
1,70,1.05,7808.288633823395,8032.2229862213135,8389.967381954193,7788.656651973724,-1.8990039825439453,-6.716549396514893,-1.6096234321594238,8.900165557861328
1,71,1.065,7807.667553424835,8027.7493596076965,8393.998444080353,7801.14084482193,-0.6210803985595703,-4.473626613616943,4.031062126159668,12.484192848205566
1,72,1.08,7804.5231103897095,8020.989298820496,8394.408822059631,7822.249531745911,-3.1444430351257324,-6.760060787200928,0.41037797927856445,21.108686923980713
1,73,1.095,7802.356481552124,8014.233708381653,8399.273753166199,7844.9806571006775,-2.166628837585449,-6.755590438842773,4.864931106567383,22.731125354766846
1,74,1.1099999999999999,7795.225083827972,8012.506663799286,8410.679996013641,7874.623537063599,-7.131397724151611,-1.7270445823669434,11.406242847442627,29.642879962921143
1,75,1.125,7785.058319568634,8010.261952877045,8429.512679576874,7899.920046329498,-10.166764259338379,-2.244710922241211,18.832683563232422,25.296509265899658
1,76,1.14,7776.345610618591,8011.178374290466,8448.96376132965,7924.572825431824,-8.712708950042725,0.9164214134216309,19.4510817527771,24.65277910232544
1,77,1.155,7757.799923419952,8014.236688613892,8479.346632957458,7944.235801696777,-18.545687198638916,3.058314323425293,30.382871627807617,19.662976264953613
1,78,1.17,7729.41917181015,8018.48828792572,8517.37380027771,7957.753241062164,-28.380751609802246,4.251599311828613,38.027167320251465,13.517439365386963
1,79,1.185,7691.113650798798,8019.38533782959,8563.834428787231,7968.699038028717,-38.30552101135254,0.8970499038696289,46.460628509521484,10.945796966552734
1,80,1.2,7650.268077850342,8022.465109825134,8603.871464729309,7976.044416427612,-40.84557294845581,3.0797719955444336,40.03703594207764,7.345378398895264
1,81,1.2149999999999999,7612.555921077728,8016.355931758881,8652.84651517868,7976.067960262299,-37.712156772613525,-6.109178066253662,48.97505044937134,0.023543834686279297
1,82,1.23,7564.461231231689,8018.929660320282,8696.403801441193,7970.067858695984,-48.09468984603882,2.573728561401367,43.55728626251221,-6.000101566314697
1,83,1.2449999999999999,7504.471242427826,8025.578558444977,8745.984733104706,7962.330281734467,-59.989988803863525,6.648898124694824,49.580931663513184,-7.737576961517334
1,84,1.26,7443.358451128006,8029.4665694236755,8798.853754997253,7952.301800251007,-61.112791299819946,3.8880109786987305,52.86902189254761,-10.028481483459473
1,85,1.275,7383.652478456497,8030.170202255249,8841.62038564682,7931.469082832336,-59.70597267150879,0.7036328315734863,42.76663064956665,-20.832717418670654
1,86,1.29,7315.792888402939,8021.301329135895,8877.590298652649,7915.090918540955,-67.85959005355835,-8.868873119354248,35.96991300582886,-16.378164291381836
1,87,1.305,7252.389192581177,8003.567755222321,8909.070193767548,7895.4508900642395,-63.403695821762085,-17.73357391357422,31.47989511489868,-19.640028476715088
1,88,1.3199999999999998,7198.0661153793335,7969.341278076172,8906.420171260834,7878.4820437431335,-54.32307720184326,-34.22647714614868,-2.650022506713867,-16.968846321105957
1,89,1.335,7156.155556440353,7939.458787441254,8872.9989528656,7832.754552364349,-41.9105589389801,-29.882490634918213,-33.421218395233154,-45.72749137878418
1,90,1.3499999999999999,7129.099369049072,7906.582057476044,8826.426565647125,7791.124880313873,-27.056187391281128,-32.87672996520996,-46.57238721847534,-41.629672050476074
1,91,1.365,7112.807780504227,7879.473268985748,8757.846355438232,7747.703194618225,-16.29158854484558,-27.10878849029541,-68.58021020889282,-43.42168569564819
1,92,1.38,7130.156457424164,7836.765646934509,8622.69639968872,7708.515524864197,17.348676919937134,-42.707622051239014,-135.14995574951172,-39.18766975402832
1,93,1.395,7176.724225282669,7785.370051860809,8454.941213130951,7699.368596076965,46.56776785850525,-51.39559507369995,-167.75518655776978,-9.146928787231445
1,94,1.41,7277.987152338028,7722.926735877991,8225.649297237396,7627.617716789246,101.26292705535889,-62.4433159828186,-229.2919158935547,-71.75087928771973
1,95,1.425,7407.619804143906,7627.218663692474,7931.4446449279785,7537.999451160431,129.63265180587769,-95.70807218551636,-294.2046523094177,-89.6182656288147
1,96,1.44,7645.492255687714,7521.263957023621,7577.7482986450195,7491.645663976669,237.87245154380798,-105.95470666885376,-353.696346282959,-46.3537871837616
1,97,1.4549999999999998,7876.932322978973,7419.789880514145,7218.38042140007,7491.988241672516,231.44006729125977,-101.47407650947571,-359.36787724494934,0.3425776958465576
1,98,1.47,8145.22922039032,7300.941348075867,6910.163760185242,7475.764751434326,268.29689741134644,-118.8485324382782,-308.2166612148285,-16.223490238189697
1,99,1.4849999999999999,8444.330990314484,7214.578986167908,6612.917929887772,7510.482370853424,299.1017699241638,-86.36236190795898,-297.2458302974701,34.7176194190979
1,100,1.5,8807.991445064545,7069.133371114731,6279.362887144089,7527.98318862915,363.66045475006104,-145.44561505317688,-333.55504274368286,17.50081777572632
1,101,1.515,9114.322364330292,6961.130499839783,6024.228408932686,7600.703537464142,306.33091926574707,-108.00287127494812,-255.1344782114029,72.72034883499146
1,102,1.53,9428.919851779938,6873.726546764374,5799.818113446236,7689.5672082901,314.597487449646,-87.40395307540894,-224.4102954864502,88.86367082595825
1,103,1.545,9575.678408145905,6861.005425453186,5757.983550429344,7752.634286880493,146.7585563659668,-12.721121311187744,-41.83456301689148,63.067078590393066
1,104,1.56,9605.533480644226,6898.593306541443,5882.425084710121,7832.767367362976,29.855072498321533,37.587881088256836,124.44153428077698,80.13308048248291
1,105,1.575,9598.920047283173,6953.128278255463,5875.28221309185,7907.337546348572,-6.613433361053467,54.534971714019775,-7.142871618270874,74.5701789855957
1,106,1.5899999999999999,9693.36211681366,7021.473050117493,5835.456922650337,7991.966009140015,94.44206953048706,68.34477186203003,-39.82529044151306,84.62846279144287
1,107,1.605,9121.153056621552,7109.962701797485,6768.620610237122,7878.055274486542,-572.2090601921082,88.48965167999268,933.1636875867844,-113.9107346534729
1,108,1.6199999999999999,7887.207269668579,7776.590287685394,8483.600318431854,8056.189119815826,-1233.9457869529724,666.6275858879089,1714.9797081947327,178.13384532928467
1,109,1.635,6343.632191419601,8680.108785629272,9968.366622924805,8030.663430690765,-1543.5750782489777,903.5184979438782,1484.7663044929504,-25.525689125061035
1,110,1.65,5000.0,9425.688087940216,9998.746812343597,7329.525500535965,-1343.6321914196014,745.5793023109436,30.380189418792725,-701.1379301548004
1,111,1.665,5000.0,9321.158230304718,9794.294834136963,6499.181389808655,0.0,-104.52985763549805,-204.45197820663452,-830.3441107273102
1,112,1.68,5026.132091879845,9363.908171653748,10000.0,6195.262596011162,26.132091879844666,42.74994134902954,205.7051658630371,-303.918793797493
1,113,1.6949999999999998,5040.333922952414,10000.0,10000.0,6403.381526470184,14.201831072568893,636.0918283462524,0.0,208.11893045902252
1,114,1.71,5716.483294963837,9662.469923496246,9633.118510246277,6566.485911607742,676.1493720114231,-337.53007650375366,-366.88148975372314,163.10438513755798
1,115,1.7249999999999999,7526.702284812927,7576.218247413635,8920.632302761078,7650.003135204315,1810.2189898490906,-2086.251676082611,-712.486207485199,1083.5172235965729
1,116,1.74,9484.265744686127,6115.509793162346,7905.130088329315,9167.949557304382,1957.5634598731995,-1460.7084542512894,-1015.5022144317627,1517.9464221000671
1,117,1.755,10000.0,5425.7116466760635,6216.794028878212,10000.0,515.7342553138733,-689.7981464862823,-1688.3360594511032,832.0504426956177
1,118,1.77,10000.0,5000.0,5034.660589881241,10000.0,0.0,-425.71164667606354,-1182.1334389969707,0.0
1,119,1.785,10000.0,5000.0,5417.879708111286,10000.0,0.0,0.0,383.21911823004484,0.0
1,120,1.7999999999999998,9699.780344963074,5156.3480868935585,5316.0689398646355,9860.469400882721,-300.21965503692627,156.3480868935585,-101.8107682466507,-139.53059911727905
1,121,1.815,8590.92265367508,5631.046146154404,5226.901154965162,9696.592092514038,-1108.8576912879944,474.6980592608452,-89.16778489947319,-163.87730836868286
1,122,1.8299999999999998,9061.403572559357,8070.427775382996,6456.6269516944885,8216.37749671936,470.48091888427734,2439.381629228592,1229.7257967293262,-1480.2145957946777
1,123,1.845,9523.854553699493,9220.432937145233,6813.206821680069,6770.45613527298,462.4509811401367,1150.0051617622375,356.57986998558044,-1445.9213614463806
1,124,1.8599999999999999,9348.204135894775,10000.0,8666.663467884064,5819.319859147072,-175.65041780471802,779.5670628547668,1853.4566462039948,-951.1362761259079
1,125,1.875,8653.909862041473,9980.508685112,9571.318626403809,5320.042483508587,-694.294273853302,-19.49131488800049,904.6551585197449,-499.27737563848495
1,126,1.89,7756.759822368622,10000.0,9486.306309700012,5092.011634260416,-897.1500396728516,19.49131488800049,-85.01231670379639,-228.03084924817085
1,127,1.905,6903.150230646133,10000.0,9504.396319389343,5320.466756820679,-853.6095917224884,0.0,18.090009689331055,228.45512256026268
1,128,1.92,6287.335604429245,10000.0,9660.797417163849,6048.995405435562,-615.8146262168884,0.0,156.40109777450562,728.5286486148834
1,129,1.9349999999999998,6411.210000514984,9470.992088317871,9423.140287399292,6820.874661207199,123.87439608573914,-529.0079116821289,-237.65712976455688,771.879255771637
1,130,1.95,6514.484882354736,8020.578324794769,9377.855956554413,7586.816251277924,103.2748818397522,-1450.4137635231018,-45.28433084487915,765.9415900707245
1,131,1.9649999999999999,6921.345293521881,5818.321257829666,9455.532133579254,9373.611509799957,406.8604111671448,-2202.257066965103,77.67617702484131,1786.7952585220337
1,132,1.98,7711.164951324463,5000.0,9357.610642910004,10000.0,789.8196578025818,-818.3212578296661,-97.92149066925049,626.3884902000427
1,133,1.9949999999999999,8156.060576438904,5000.0,8905.095756053925,10000.0,444.8956251144409,0.0,-452.5148868560791,0.0
1,134,2.01,7485.376745462418,5000.0,8156.294524669647,10000.0,-670.6838309764862,0.0,-748.8012313842773,0.0
1,135,2.025,7312.392592430115,5000.0,7982.015907764435,9956.378638744354,-172.98415303230286,0.0,-174.2786169052124,-43.62136125564575
1,136,2.04,7247.0612823963165,5058.429539203644,7749.262154102325,9873.36277961731,-65.33131003379822,58.4295392036438,-232.75375366210938,-83.01585912704468
1,137,2.0549999999999997,7753.216326236725,5691.138654947281,7422.103583812714,9886.995553970337,506.1550438404083,632.7091157436371,-327.1585702896118,13.632774353027344
1,138,2.07,8334.985971450806,6905.7998061180115,7241.246700286865,9485.218226909637,581.7696452140808,1214.6611511707306,-180.8568835258484,-401.77732706069946
1,139,2.085,8652.569949626923,8704.257011413574,7282.008528709412,8538.59692811966,317.58397817611694,1798.4572052955627,40.76182842254639,-946.621298789978
1,140,2.1,9000.490307807922,9828.429222106934,7394.76665854454,7495.92512845993,347.92035818099976,1124.1722106933594,112.75812983512878,-1042.671799659729
1,141,2.1149999999999998,9135.754406452179,10000.0,7641.946375370026,6409.540623426437,135.2640986442566,171.5707778930664,247.17971682548523,-1086.384505033493
1,142,2.13,9177.323877811432,9893.870055675507,7779.268026351929,5796.582102775574,41.56947135925293,-106.12994432449341,137.32165098190308,-612.9585206508636
1,143,2.145,9108.25490951538,9933.846890926361,7737.240791320801,5572.098419070244,-69.06896829605103,39.97683525085449,-42.02723503112793,-224.4836837053299
1,144,2.16,8960.941135883331,9951.227605342865,7678.669095039368,5413.806401193142,-147.31377363204956,17.380714416503906,-58.571696281433105,-158.2920178771019
1,145,2.175,8975.770175457,10000.0,7690.375447273254,5459.787733852863,14.829039573669434,48.77239465713501,11.706352233886719,45.981332659721375
1,146,2.19,8795.191049575806,10000.0,7629.823386669159,5709.71354842186,-180.57912588119507,0.0,-60.55206060409546,249.92581456899643
1,147,2.205,8678.255081176758,10000.0,7520.894408226013,6296.533644199371,-116.93596839904785,0.0,-108.92897844314575,586.8200957775116
1,148,2.2199999999999998,8490.636348724365,10000.0,7576.939761638641,6804.316490888596,-187.61873245239258,0.0,56.045353412628174,507.78284668922424
1,149,2.235,8278.867304325104,10000.0,7882.090210914612,7234.198302030563,-211.76904439926147,0.0,305.15044927597046,429.8818111419678
1,150,2.25,8125.2628564834595,10000.0,8211.219608783722,7661.745846271515,-153.6044478416443,0.0,329.1293978691101,427.54754424095154
1,151,2.265,7917.940318584442,9453.71687412262,8606.902062892914,8436.344861984253,-207.32253789901733,-546.2831258773804,395.6824541091919,774.599015712738
1,152,2.28,7707.698345184326,8200.409412384033,8950.783908367157,9148.483872413635,-210.24197340011597,-1253.3074617385864,343.88184547424316,712.1390104293823
1,153,2.295,7497.7728724479675,6811.9654059410095,9191.71541929245,9771.358370780945,-209.92547273635864,-1388.4440064430237,240.93151092529297,622.8744983673096
1,154,2.31,7266.9680416584015,6490.894705057144,9242.352545261383,9888.96906375885,-230.80483078956604,-321.07070088386536,50.637125968933105,117.61069297790527
1,155,2.3249999999999997,6939.972341060638,6693.433523178101,8893.29731464386,9797.38563299179,-326.99570059776306,202.53881812095642,-349.0552306175232,-91.58343076705933
1,156,2.34,6865.057796239853,6623.762100934982,8786.547780036926,9874.257445335388,-74.91454482078552,-69.67142224311829,-106.7495346069336,76.87181234359741
1,157,2.355,6858.881860971451,6435.922682285309,8665.90291261673,9998.919665813446,-6.1759352684021,-187.83941864967346,-120.64486742019653,124.66222047805786
1,158,2.37,6792.532205581665,6246.884688735008,8422.578275203705,10000.0,-66.34965538978577,-189.0379935503006,-243.3246374130249,1.080334186553955
1,159,2.385,6835.810989141464,6266.676336526871,8197.478950023651,9831.575155258179,43.278783559799194,19.791647791862488,-225.0993251800537,-168.4248447418213
1,160,2.4,6907.527148723602,6270.8136439323425,8055.63360452652,9641.183614730835,71.71615958213806,4.137307405471802,-141.84534549713135,-190.39154052734375
1,161,2.415,7110.025882720947,6282.064169645309,7693.6376094818115,9219.909310340881,202.49873399734497,11.250525712966919,-361.99599504470825,-421.2743043899536
1,162,2.4299999999999997,7623.898983001709,6656.630784273148,7254.541218280792,8305.212259292603,513.8731002807617,374.56661462783813,-439.0963912010193,-914.6970510482788
1,163,2.445,8245.653212070465,7815.3786063194275,6801.500767469406,7006.579488515854,621.7542290687561,1158.74782204628,-453.0404508113861,-1298.6327707767487
1,164,2.46,8950.987756252289,9610.087275505066,6503.819227218628,5719.374790787697,705.3345441818237,1794.7086691856384,-297.6815402507782,-1287.204697728157
1,165,2.475,9168.209433555603,10000.0,6744.789779186249,5403.117276728153,217.2216773033142,389.9127244949341,240.97055196762085,-316.2575140595436
1,166,2.4899999999999998,9452.051520347595,9770.165085792542,6428.822576999664,5289.464890956879,283.8420867919922,-229.8349142074585,-315.9672021865845,-113.65238577127457
1,167,2.505,8980.671465396881,10000.0,6183.852180838585,5084.478426724672,-471.3800549507141,229.8349142074585,-244.9703961610794,-204.98646423220634
1,168,2.52,8826.652467250824,10000.0,5900.870561599731,5717.95828640461,-154.01899814605713,0.0,-282.98161923885345,633.4798596799374
1,169,2.5349999999999997,8810.067474842072,9793.963134288788,6048.260107636452,6211.569234728813,-16.58499240875244,-206.03686571121216,147.38954603672028,493.6109483242035
1,170,2.55,8330.521285533905,8999.147117137909,6867.059171199799,6764.086037874222,-479.5461893081665,-794.8160171508789,818.7990635633469,552.5168031454086
1,171,2.565,7587.643265724182,7735.118865966797,7578.209042549133,8004.4302344322205,-742.8780198097229,-1264.028251171112,711.1498713493347,1240.3441965579987
1,172,2.58,6869.896352291107,5829.587876796722,8816.254734992981,9350.501596927643,-717.746913433075,-1905.5309891700745,1238.0456924438477,1346.0713624954224
1,173,2.5949999999999998,6318.588852882385,5000.0,9623.596668243408,9947.306215763092,-551.3074994087219,-829.5878767967224,807.3419332504272,596.8046188354492
1,174,2.61,6108.816042542458,5030.067078769207,9673.47264289856,10000.0,-209.77281033992767,30.067078769207,49.87597465515137,52.69378423690796
1,175,2.625,5843.393504619598,5000.0,9517.703354358673,10000.0,-265.4225379228592,-30.067078769207,-155.76928853988647,0.0
1,176,2.6399999999999997,5807.460471987724,5088.247265666723,9515.902400016785,9858.95723104477,-35.933032631874084,88.24726566672325,-1.8009543418884277,-141.0427689552307
1,177,2.655,5844.495669007301,5386.769659817219,9486.714601516724,9687.359035015106,37.035197019577026,298.52239415049553,-29.187798500061035,-171.5981960296631
1,178,2.67,6411.791890859604,5754.682868719101,9177.346527576447,9547.30212688446,567.2962218523026,367.9132089018822,-309.3680739402771,-140.05690813064575
1,179,2.685,7126.209437847137,6902.371942996979,8546.985387802124,8857.55181312561,714.4175469875336,1147.6890742778778,-630.3611397743225,-689.7503137588501
1,180,2.6999999999999997,8043.337762355804,8249.452114105225,7800.249755382538,7628.744542598724,917.128324508667,1347.0801711082458,-746.7356324195862,-1228.807270526886
1,181,2.715,9303.410947322845,9661.713540554047,7080.921530723572,6050.029546022415,1260.073184967041,1412.261426448822,-719.3282246589661,-1578.7149965763092
1,182,2.73,10000.0,10000.0,6498.843729496002,5301.9904717803,696.5890526771545,338.28645944595337,-582.0778012275696,-748.039074242115
1,183,2.745,10000.0,9917.277693748474,6341.813653707504,5255.8839321136475,0.0,-82.72230625152588,-157.03007578849792,-46.10653966665268
1,184,2.76,9955.539107322693,10000.0,5971.316993236542,5114.679476246238,-44.46089267730713,82.72230625152588,-370.4966604709625,-141.2044558674097
1,185,2.775,9787.44626045227,10000.0,5696.911662817001,5469.0781608223915,-168.09284687042236,0.0,-274.4053304195404,354.39868457615376
1,186,2.79,9670.086801052094,9965.555965900421,5683.900341391563,5992.1954572200775,-117.359459400177,-34.44403409957886,-13.011321425437927,523.117296397686
1,187,2.8049999999999997,9553.549885749817,9761.950671672821,5735.900774598122,6406.867206096649,-116.53691530227661,-203.6052942276001,52.00043320655823,414.67174887657166
1,188,2.82,9119.957387447357,9231.295883655548,6209.558844566345,6867.684423923492,-433.5924983024597,-530.654788017273,473.6580699682236,460.81721782684326
1,189,2.835,8470.253944396973,8428.301215171814,7125.46706199646,7941.323816776276,-649.7034430503845,-802.9946684837341,915.9082174301147,1073.6393928527832
1,190,2.85,7663.99472951889,7077.915221452713,8058.048486709595,9004.680812358856,-806.2592148780823,-1350.385993719101,932.5814247131348,1063.3569955825806
1,191,2.8649999999999998,6551.56672000885,5435.105264186859,9357.05691576004,9946.101605892181,-1112.4280095100403,-1642.8099572658539,1299.0084290504456,941.4207935333252
1,192,2.88,5701.230391860008,5000.0,10000.0,9974.012076854706,-850.3363281488419,-435.10526418685913,642.9430842399597,27.910470962524414
1,193,2.895,5424.063429236412,5019.994108006358,10000.0,9981.726706027985,-277.1669626235962,19.994108006358147,0.0,7.714629173278809
1,194,2.9099999999999997,5230.502597987652,5120.6553261727095,10000.0,9821.84648513794,-193.56083124876022,100.66121816635132,0.0,-159.88022089004517
1,195,2.925,5354.694873094559,5529.009886085987,10000.0,9687.241017818451,124.19227510690689,408.3545599132776,0.0,-134.60546731948853
1,196,2.94,5401.346981525421,5753.2550394535065,9851.622879505157,9299.094676971436,46.65210843086243,224.24515336751938,-148.37712049484253,-388.1463408470154
1,197,2.955,6088.648363947868,6621.081382036209,9772.029221057892,8976.437449455261,687.3013824224472,867.8263425827026,-79.59365844726562,-322.6572275161743
1,198,2.9699999999999998,6637.931019067764,7888.408005237579,9091.774821281433,8268.141150474548,549.2826551198959,1267.3266232013702,-680.2543997764587,-708.2962989807129
1,199,2.985,7818.440198898315,8986.136615276337,8067.37095117569,6872.40332365036,1180.5091798305511,1097.7286100387573,-1024.4038701057434,-1395.7378268241882
1,200,3.0,9299.218952655792,9841.052293777466,6897.505968809128,5751.180872321129,1480.7787537574768,854.9156785011292,-1169.864982366562,-1121.2224513292313
1,201,3.0149999999999997,10000.0,10000.0,5912.855342030525,5427.886582911015,700.7810473442078,158.94770622253418,-984.6506267786026,-323.2942894101143
1,202,3.03,10000.0,9963.205456733704,5209.704916924238,5531.504228711128,0.0,-36.79454326629639,-703.150425106287,103.61764580011368
1,203,3.045,10000.0,9901.966452598572,5111.619867384434,5733.598247170448,0.0,-61.239004135131836,-98.08504953980446,202.09401845932007
1,204,3.06,10000.0,9940.20402431488,5062.006246298552,6043.237894773483,0.0,38.237571716308594,-49.61362108588219,309.639647603035
1,205,3.0749999999999997,9918.017089366913,9855.591356754303,5000.0,6505.552530288696,-81.98291063308716,-84.61266756057739,-62.00624629855156,462.314635515213
1,206,3.09,9983.614087104797,9494.332671165466,5294.169466942549,7162.111401557922,65.59699773788452,-361.25868558883667,294.16946694254875,656.5588712692261
1,207,3.105,9461.11410856247,8748.211860656738,6171.07056081295,7865.317761898041,-522.4999785423279,-746.120810508728,876.9010938704014,703.2063603401184
1,208,3.12,8521.100878715515,7651.2667536735535,7239.39910531044,8940.544128417969,-940.0132298469543,-1096.9451069831848,1068.32854449749,1075.226366519928
1,209,3.135,7229.861319065094,6314.37286734581,8634.834587574005,9757.557213306427,-1291.2395596504211,-1336.8938863277435,1395.435482263565,817.0130848884583
1,210,3.15,5700.196027755737,5074.187908321619,9877.20638513565,10000.0,-1529.6652913093567,-1240.184959024191,1242.3717975616455,242.442786693573
1,211,3.165,5049.2785684764385,5000.0,10000.0,9963.733851909637,-650.9174592792988,-74.18790832161903,122.79361486434937,-36.26614809036255
1,212,3.1799999999999997,5000.0,5142.981745302677,10000.0,9832.166731357574,-49.27856847643852,142.98174530267715,0.0,-131.567120552063
1,213,3.195,5000.0,5556.509159505367,10000.0,9645.19590139389,0.0,413.5274142026901,0.0,-186.97082996368408
1,214,3.21,5192.683469504118,6362.508535385132,10000.0,9449.650645256042,192.68346950411797,805.9993758797646,0.0,-195.5452561378479
1,215,3.225,5652.188062667847,6979.001760482788,9903.700053691864,8752.866685390472,459.5045931637287,616.4932250976562,-96.29994630813599,-696.7839598655701
1,216,3.2399999999999998,6319.633424282074,8322.772085666656,9541.006088256836,7986.07736825943,667.4453616142273,1343.7703251838684,-362.6939654350281,-766.7893171310425
1,217,3.255,7202.847898006439,9228.380024433136,8661.017417907715,6668.4383153915405,883.2144737243652,905.6079387664795,-879.9886703491211,-1317.6390528678894
1,218,3.27,8361.063301563263,9822.514653205872,7745.347619056702,5598.294250667095,1158.2154035568237,594.1346287727356,-915.6697988510132,-1070.1440647244453
1,219,3.2849999999999997,9599.936604499817,10000.0,6942.19172000885,5423.020534217358,1238.873302936554,177.48534679412842,-803.1558990478516,-175.27371644973755
1,220,3.3,10000.0,10000.0,5955.732762813568,5702.750533819199,400.0633955001831,0.0,-986.458957195282,279.729999601841
1,221,3.315,10000.0,10000.0,5298.640802502632,6065.321564674377,0.0,0.0,-657.091960310936,362.57103085517883
1,222,3.33,10000.0,9576.038718223572,5301.290657371283,6520.089656114578,0.0,-423.9612817764282,2.6498548686504364,454.7680914402008
1,223,3.3449999999999998,9684.574007987976,9369.70829963684,5176.251530647278,7083.861082792282,-315.4259920120239,-206.33041858673096,-125.03912672400475,563.7714266777039
1,224,3.36,10000.0,9014.852046966553,5318.744629621506,7418.95392537117,315.4259920120239,-354.8562526702881,142.4930989742279,335.09284257888794
1,225,3.375,9639.41901922226,8184.502124786377,5818.025022745132,8398.35673570633,-360.5809807777405,-830.3499221801758,499.2803931236267,979.4028103351593
1,226,3.3899999999999997,8907.406032085419,6881.3456594944,6621.329039335251,9241.150915622711,-732.0129871368408,-1303.156465291977,803.3040165901184,842.7941799163818
1,227,3.405,7604.027092456818,5694.844126701355,7725.351452827454,9731.057584285736,-1303.378939628601,-1186.501532793045,1104.0224134922028,489.9066686630249
1,228,3.42,5906.164646148682,5000.0,8980.671167373657,10000.0,-1697.862446308136,-694.844126701355,1255.3197145462036,268.9424157142639
1,229,3.435,5079.03229445219,5000.0,9930.574595928192,9983.581602573395,-827.1323516964912,0.0,949.9034285545349,-16.418397426605225
1,230,3.4499999999999997,5000.0,5186.561644077301,10000.0,9801.446497440338,-79.0322944521904,186.56164407730103,69.42540407180786,-182.13510513305664
1,231,3.465,5054.603065364063,5766.3411647081375,10000.0,9794.486463069916,54.603065364062786,579.7795206308365,0.0,-6.960034370422363
1,232,3.48,5249.675624072552,6690.899282693863,10000.0,9394.911527633667,195.07255870848894,924.5581179857254,0.0,-399.5749354362488
1,233,3.4949999999999997,5677.514374256134,8130.364120006561,9921.472072601318,8308.011889457703,427.8387501835823,1439.4648373126984,-78.52792739868164,-1086.8996381759644
1,234,3.51,6632.182151079178,9180.57918548584,9310.289025306702,7095.50604224205,954.6677768230438,1050.2150654792786,-611.1830472946167,-1212.5058472156525
1,235,3.525,7507.635056972504,9692.116677761078,8393.249809741974,5841.737911105156,875.4529058933258,511.53749227523804,-917.0392155647278,-1253.7681311368942
1,236,3.54,8792.808055877686,10000.0,7602.452337741852,5322.953313589096,1285.1729989051819,307.8833222389221,-790.7974720001221,-518.7845975160599
1,237,3.5549999999999997,9628.199338912964,10000.0,6915.713548660278,5387.083627283573,835.3912830352783,0.0,-686.7387890815735,64.13031369447708
1,238,3.57,9980.467557907104,10000.0,5920.339077711105,5742.676258087158,352.2682189941406,0.0,-995.374470949173,355.59263080358505
1,239,3.585,9993.574917316437,9866.490364074707,5552.8149753808975,6321.880519390106,13.107359409332275,-133.50963592529297,-367.5241023302078,579.204261302948
1,240,3.5999999999999996,9954.316318035126,9524.896144866943,5408.70513767004,6854.829639196396,-39.258599281311035,-341.5942192077637,-144.1098377108574,532.9491198062897
1,241,3.6149999999999998,9790.02833366394,9263.311922550201,5397.614166140556,7290.718853473663,-164.2879843711853,-261.58422231674194,-11.090971529483795,435.88921427726746
1,242,3.63,9857.84262418747,8719.926476478577,5544.581450521946,7826.480269432068,67.81429052352905,-543.3854460716248,146.96728438138962,535.7614159584045
1,243,3.645,9584.883749485016,7640.770375728607,6025.486513972282,8798.387050628662,-272.9588747024536,-1079.1561007499695,480.90506345033646,971.9067811965942
1,244,3.6599999999999997,8843.45918893814,6322.553902864456,6727.591454982758,9465.111196041107,-741.424560546875,-1318.216472864151,702.1049410104752,666.7241454124451
1,245,3.675,7361.630499362946,5337.2034430503845,7702.230513095856,9844.664633274078,-1481.8286895751953,-985.3504598140717,974.6390581130981,379.5534372329712
1,246,3.69,5829.3479681015015,5000.0,8842.485547065735,10000.0,-1532.282531261444,-337.2034430503845,1140.2550339698792,155.33536672592163
1,247,3.705,5176.956355571747,5000.0,9849.858283996582,9956.474006175995,-652.3916125297546,0.0,1007.3727369308472,-43.52599382400513
1,248,3.7199999999999998,5000.0,5271.615032106638,10000.0,9744.679033756256,-176.95635557174683,271.61503210663795,150.14171600341797,-211.79497241973877
1,249,3.735,5180.680714547634,6031.064614653587,10000.0,9616.41550064087,180.68071454763412,759.4495825469494,0.0,-128.26353311538696
1,250,3.75,5441.096723079681,7164.095640182495,10000.0,8959.224820137024,260.4160085320473,1133.0310255289078,0.0,-657.1906805038452
1,251,3.7649999999999997,5872.233211994171,8416.737616062164,9770.46012878418,7908.632159233093,431.13648891448975,1252.6419758796692,-229.5398712158203,-1050.5926609039307
1,252,3.78,6795.615255832672,9325.364828109741,8979.64209318161,6456.312835216522,923.382043838501,908.6272120475769,-790.8180356025696,-1452.319324016571
1,253,3.795,7798.380553722382,9783.838987350464,8203.139305114746,5450.126864016056,1002.7652978897095,458.47415924072266,-776.502788066864,-1006.1859712004662
1,254,3.81,8841.333389282227,10000.0,7672.740519046783,5275.497678667307,1042.952835559845,216.16101264953613,-530.3987860679626,-174.62918534874916
1,255,3.8249999999999997,9427.769482135773,10000.0,6833.050101995468,5338.9643877744675,586.4360928535461,0.0,-839.6904170513153,63.46670910716057
1,256,3.84,9791.02909564972,10000.0,5990.9942001104355,5807.990208268166,363.25961351394653,0.0,-842.0559018850327,469.0258204936981
1,257,3.855,9664.537012577057,9876.251816749573,5705.357789993286,6389.944851398468,-126.49208307266235,-123.74818325042725,-285.63641011714935,581.9546431303024
1,258,3.8699999999999997,9470.089673995972,9643.01198720932,5586.89821511507,6952.139735221863,-194.4473385810852,-233.23982954025269,-118.45957487821579,562.1948838233948
1,259,3.885,9654.81847524643,9271.860122680664,5646.304711699486,7319.458723068237,184.72880125045776,-371.151864528656,59.406496584415436,367.3189878463745
1,260,3.9,9678.990840911865,8510.511219501495,5715.378597378731,8113.855421543121,24.17236566543579,-761.3489031791687,69.073885679245,794.396698474884
1,261,3.915,9343.256056308746,7155.993580818176,6256.258487701416,9195.818305015564,-335.7347846031189,-1354.517638683319,540.8798903226852,1081.9628834724426
1,262,3.9299999999999997,8600.008487701416,5703.351870179176,6889.281123876572,9720.854759216309,-743.2475686073303,-1452.641710639,633.0226361751556,525.0364542007446
1,263,3.945,7124.353498220444,5000.0,7606.104016304016,9955.278933048248,-1475.6549894809723,-703.3518701791763,716.8228924274445,234.4241738319397
1,264,3.96,6166.907474398613,5000.0,8433.563709259033,10000.0,-957.4460238218307,0.0,827.4596929550171,44.72106695175171
1,265,3.9749999999999996,5687.053352594376,5000.0,9364.863932132721,9872.67941236496,-479.85412180423737,0.0,931.3002228736877,-127.32058763504028
1,266,3.9899999999999998,5503.951944410801,5244.385451078415,9648.953974246979,9776.844084262848,-183.10140818357468,244.38545107841492,284.0900421142578,-95.83532810211182
1,267,4.005,5693.860575556755,6090.449169278145,9672.487378120422,9547.66869544983,189.90863114595413,846.0637181997299,23.533403873443604,-229.1753888130188
1,268,4.02,5891.384556889534,7293.747216463089,9911.97407245636,8777.267336845398,197.52398133277893,1203.2980471849442,239.4866943359375,-770.4013586044312
1,269,4.035,5913.53178024292,8579.373061656952,9780.26956319809,7834.72865819931,22.147223353385925,1285.625845193863,-131.70450925827026,-942.5386786460876
1,270,4.05,6587.1283411979675,9389.12719488144,9120.597541332245,6197.09424674511,673.5965609550476,809.7541332244873,-659.6720218658447,-1637.6344114542007
1,271,4.0649999999999995,7433.875203132629,9824.691116809845,8436.963856220245,5294.986329972744,846.7468619346619,435.56392192840576,-683.6336851119995,-902.1079167723656
1,272,4.08,8155.202269554138,10000.0,8152.710199356079,5177.221819758415,721.3270664215088,175.30888319015503,-284.25365686416626,-117.76451021432877
1,273,4.095,8587.783873081207,10000.0,7431.65522813797,5227.792412042618,432.5816035270691,0.0,-721.0549712181091,50.570592284202576
1,274,4.109999999999999,9024.306535720825,10000.0,6599.8974442481995,5653.604343533516,436.5226626396179,0.0,-831.7577838897705,425.81193149089813
1,275,4.125,9249.083399772644,10000.0,6142.151355743408,6241.516470909119,224.77686405181885,0.0,-457.74608850479126,587.9121273756027
1,276,4.14,9136.480391025543,9734.192192554474,6072.016581892967,6786.2579226493835,-112.60300874710083,-265.8078074455261,-70.13477385044098,544.7414517402649
1,277,4.155,9345.689713954926,9237.058758735657,6265.390515327454,7144.631445407867,209.20932292938232,-497.13343381881714,193.3739334344864,358.3735227584839
1,278,4.17,9427.593648433685,8377.933204174042,6186.593621969223,8131.271004676819,81.90393447875977,-859.125554561615,-78.79689335823059,986.6395592689514
1,279,4.185,9488.744139671326,7058.479189872742,6317.972838878632,9221.149384975433,61.15049123764038,-1319.4540143013,131.37921690940857,1089.8783802986145
1,280,4.2,9108.715653419495,5620.941706001759,6657.247543334961,9919.970631599426,-380.02848625183105,-1437.5374838709831,339.27470445632935,698.8212466239929
1,281,4.215,8174.203038215637,5000.0,6751.5020072460175,9918.985366821289,-934.5126152038574,-620.9417060017586,94.25446391105652,-0.985264778137207
1,282,4.2299999999999995,7732.397615909576,5084.903370589018,6604.3393313884735,9930.198788642883,-441.8054223060608,84.90337058901787,-147.16267585754395,11.213421821594238
1,283,4.245,7173.839807510376,5101.4448422938585,7009.862512350082,9769.455790519714,-558.5578083992004,16.54147170484066,405.5231809616089,-160.74299812316895
1,284,4.26,6891.566216945648,5457.7383026480675,7774.870693683624,9791.503250598907,-282.2735905647278,356.29346035420895,765.0081813335419,22.047460079193115
1,285,4.2749999999999995,6518.036276102066,6096.7303812503815,8507.44217634201,9864.128232002258,-373.52994084358215,638.992078602314,732.5714826583862,72.62498140335083
1,286,4.29,6094.853952527046,6822.498440742493,9411.335289478302,9399.679601192474,-423.18232357501984,725.7680594921112,903.8931131362915,-464.44863080978394
1,287,4.305,5714.684277772903,8124.259412288666,9760.070443153381,8575.306832790375,-380.16967475414276,1301.760971546173,348.73515367507935,-824.3727684020996
1,288,4.32,5498.2418566942215,9315.28627872467,9958.557188510895,7309.87548828125,-216.44242107868195,1191.0268664360046,198.48674535751343,-1265.4313445091248
1,289,4.335,5620.024167001247,9751.402735710144,9956.453740596771,6131.095960736275,121.78231030702591,436.11645698547363,-2.103447914123535,-1178.7795275449753
1,290,4.35,5914.272665977478,9848.056435585022,9691.134095191956,5493.998602032661,294.2484989762306,96.65369987487793,-265.3196454048157,-637.0973587036133
1,291,4.365,6158.015057444572,10000.0,9566.392004489899,5532.954782247543,243.74239146709442,151.94356441497803,-124.74209070205688,38.9561802148819
1,292,4.38,6651.750802993774,10000.0,9140.150845050812,5593.649409711361,493.73574554920197,0.0,-426.2411594390869,60.694627463817596
1,293,4.395,7224.840074777603,10000.0,8327.240943908691,5905.109196901321,573.0892717838287,0.0,-812.9099011421204,311.4597871899605
1,294,4.41,8652.42213010788,10000.0,7416.73469543457,6244.554594159126,1427.5820553302765,0.0,-910.5062484741211,339.44539725780487
1,295,4.425,10000.0,9886.951446533203,6148.389503359795,6609.6387803554535,1347.5778698921204,-113.04855346679688,-1268.3451920747757,365.0841861963272
1,296,4.4399999999999995,10000.0,9337.168037891388,5349.117890000343,7435.412555932999,0.0,-549.7834086418152,-799.2716133594513,825.7737755775452
1,297,4.455,10000.0,8022.968173027039,5371.121242642403,8334.628641605377,0.0,-1314.1998648643494,22.003352642059326,899.2160856723785
1,298,4.47,10000.0,6845.113188028336,5256.006699055433,9256.432056427002,0.0,-1177.854984998703,-115.11454358696938,921.8034148216248
1,299,4.484999999999999,10000.0,5856.419429183006,5201.286803930998,9956.095218658447,0.0,-988.6937588453293,-54.719895124435425,699.6631622314453
1,300,4.5,9834.915101528168,5462.748184800148,5224.279519170523,9881.517589092255,-165.08489847183228,-393.6712443828583,22.99271523952484,-74.57762956619263
1,301,4.515,9637.64637708664,5682.404413819313,5298.3650751411915,9763.808250427246,-197.26872444152832,219.65622901916504,74.08555597066879,-117.70933866500854
1,302,4.53,9351.287484169006,6243.147328495979,6193.60938668251,9694.488048553467,-286.35889291763306,560.7429146766663,895.2443115413189,-69.3202018737793
1,303,4.545,8376.960754394531,6057.4739426374435,6743.070483207703,9536.512196063995,-974.3267297744751,-185.67338585853577,549.4610965251923,-157.97585248947144
1,304,4.56,7236.6902232170105,6075.632721185684,7738.85041475296,9698.605835437775,-1140.2705311775208,18.15877854824066,995.7799315452576,162.0936393737793
1,305,4.575,5920.745879411697,6685.150265693665,9312.923848628998,9562.606811523438,-1315.944343805313,609.5175445079803,1574.0734338760376,-135.99902391433716
1,306,4.59,5000.0,7755.947113037109,9890.382289886475,8735.504150390625,-920.7458794116974,1070.7968473434448,577.4584412574768,-827.1026611328125
1,307,4.6049999999999995,5000.0,8540.22592306137,9862.41728067398,7904.037833213806,0.0,784.2788100242615,-27.965009212493896,-831.4663171768188
1,308,4.62,5028.428679797798,9365.845620632172,10000.0,6920.386403799057,28.428679797798395,825.6196975708008,137.5827193260193,-983.6514294147491
1,309,4.635,5000.0,9486.384391784668,10000.0,6353.881359100342,-28.428679797798395,120.53877115249634,0.0,-566.5050446987152
1,310,4.6499999999999995,5053.1305372715,9774.515330791473,10000.0,6295.862048864365,53.130537271499634,288.1309390068054,0.0,-58.01931023597717
1,311,4.665,5333.041250705719,9863.939881324768,10000.0,6130.219846963882,279.91071343421936,89.42455053329468,0.0,-165.64220190048218
1,312,4.68,5851.137191057205,9960.269331932068,9784.09320116043,6267.438977956772,518.0959403514862,96.3294506072998,-215.9067988395691,137.2191309928894
1,313,4.694999999999999,6356.107145547867,10000.0,9473.277926445007,6324.704438447952,504.9699544906616,39.73066806793213,-310.8152747154236,57.26546049118042
1,314,4.71,7146.250009536743,9918.746948242188,9049.935042858124,6381.731629371643,790.1428639888763,-81.2530517578125,-423.34288358688354,57.027190923690796
1,315,4.725,8464.63918685913,9516.984820365906,8249.288201332092,6681.941598653793,1318.3891773223877,-401.76212787628174,-800.6468415260315,300.20996928215027
1,316,4.74,9958.189725875854,8633.277416229248,7059.222459793091,7588.028907775879,1493.5505390167236,-883.7074041366577,-1190.0657415390015,906.0873091220856
1,317,4.755,10000.0,7489.60867524147,5408.962666988373,8971.428871154785,41.81027412414551,-1143.6687409877777,-1650.259792804718,1383.3999633789062
1,318,4.77,10000.0,6150.552183389664,5261.240359395742,9884.550273418427,0.0,-1339.0564918518066,-147.7223075926304,913.1214022636414
1,319,4.785,10000.0,5352.152064442635,5045.870267786086,10000.0,0.0,-798.4001189470291,-215.3700916096568,115.44972658157349
1,320,4.8,10000.0,5260.708779096603,5346.299409866333,9953.719973564148,0.0,-91.44328534603119,300.4291420802474,-46.28002643585205
1,321,4.8149999999999995,9993.267953395844,5608.954541385174,5250.020902603865,9606.79441690445,-6.732046604156494,348.2457622885704,-96.27850726246834,-346.9255566596985
1,322,4.83,9706.809222698212,6179.880797863007,5176.0185696184635,9559.380114078522,-286.45873069763184,570.9262564778328,-74.00233298540115,-47.414302825927734
1,323,4.845,9307.746887207031,7522.97580242157,6385.778784751892,9127.798974514008,-399.0623354911804,1343.0950045585632,1209.7602151334286,-431.58113956451416
1,324,4.859999999999999,10000.0,7319.003045558929,6397.388428449631,8247.689306735992,692.2531127929688,-203.97275686264038,11.609643697738647,-880.1096677780151
1,325,4.875,9026.45617723465,7868.1230545043945,7883.0307722091675,7656.629383563995,-973.5438227653503,549.1200089454651,1485.6423437595367,-591.0599231719971
1,326,4.89,7695.529758930206,8670.723140239716,9247.649908065796,6828.4279108047485,-1330.9264183044434,802.600085735321,1364.6191358566284,-828.2014727592468
1,327,4.905,6570.367068052292,9769.156873226166,9987.66005039215,6017.3071175813675,-1125.1626908779144,1098.4337329864502,740.010142326355,-811.120793223381
1,328,4.92,5993.157401680946,9727.946817874908,10000.0,5710.335001349449,-577.2096663713455,-41.210055351257324,12.339949607849121,-306.97211623191833
1,329,4.935,5479.348562657833,9677.57910490036,10000.0,5654.71775829792,-513.8088390231133,-50.36771297454834,0.0,-55.61724305152893
1,330,4.95,5437.578149139881,9760.185480117798,10000.0,5945.546478033066,-41.770413517951965,82.60637521743774,0.0,290.82871973514557
1,331,4.965,5591.782778501511,9632.355272769928,10000.0,6278.442889451981,154.2046293616295,-127.83020734786987,0.0,332.8964114189148
1,332,4.9799999999999995,5924.533382058144,8612.028360366821,9778.285324573517,6483.4679663181305,332.750603556633,-1020.3269124031067,-221.71467542648315,205.0250768661499
1,333,4.995,6642.236411571503,6556.029915809631,9549.523293972015,7829.110622406006,717.7030295133591,-2055.99844455719,-228.76203060150146,1345.6426560878754
1,334,5.01,8072.096109390259,5150.027275085449,9399.368464946747,9706.377983093262,1429.859697818756,-1406.0026407241821,-150.15482902526855,1877.2673606872559
1,335,5.0249999999999995,9396.713972091675,5000.0,8487.41590976715,10000.0,1324.617862701416,-150.02727508544922,-911.952555179596,293.6220169067383
1,336,5.04,9869.89289522171,5000.0,6659.940034151077,10000.0,473.1789231300354,0.0,-1827.4758756160736,0.0
1,337,5.055,9757.447838783264,5000.0,5974.724963307381,10000.0,-112.44505643844604,0.0,-685.2150708436966,0.0
1,338,5.069999999999999,8833.335638046265,5066.584958694875,6002.520471811295,9911.11010313034,-924.1122007369995,66.58495869487524,27.79550850391388,-88.88989686965942
1,339,5.085,8393.629789352417,5468.924418091774,5756.072923541069,9584.48350429535,-439.70584869384766,402.33945939689875,-246.44754827022552,-326.62659883499146
1,340,5.1,8754.174709320068,7642.904818058014,6169.717386364937,8609.353303909302,360.54491996765137,2173.98039996624,413.6444628238678,-975.1302003860474
1,341,5.115,8952.389657497406,9416.93663597107,6747.927367687225,7027.606666088104,198.21494817733765,1774.0318179130554,578.2099813222885,-1581.7466378211975
1,342,5.13,8375.77909231186,10000.0,8149.551451206207,5941.739082336426,-576.6105651855469,583.0633640289307,1401.624083518982,-1085.8675837516785
1,343,5.145,7663.823068141937,9866.909384727478,8923.63578081131,5266.940388828516,-711.9560241699219,-133.09061527252197,774.0843296051025,-674.7986935079098
1,344,5.16,7649.150490760803,9840.332865715027,8620.111346244812,5112.199932336807,-14.672577381134033,-26.576519012451172,-303.5244345664978,-154.74045649170876
1,345,5.175,7678.783535957336,9954.215586185455,8600.035011768341,5059.223743155599,29.633045196533203,113.88272047042847,-20.076334476470947,-52.97618918120861
1,346,5.1899999999999995,7290.197014808655,9972.793161869049,8420.58539390564,5340.430922806263,-388.58652114868164,18.57757568359375,-179.44961786270142,281.20717965066433
1,347,5.205,7235.531955957413,10000.0,8427.253663539886,5932.097285985947,-54.665058851242065,27.206838130950928,6.668269634246826,591.6663631796837
1,348,5.22,7357.164770364761,9892.008602619171,8406.8101644516,6250.959783792496,121.63281440734863,-107.99139738082886,-20.443499088287354,318.8624978065491
1,349,5.234999999999999,7479.022443294525,9166.736006736755,8447.300791740417,6707.445532083511,121.8576729297638,-725.2725958824158,40.49062728881836,456.4857482910156
1,350,5.25,7641.5470242500305,7017.9583132267,8750.008344650269,8367.15191602707,162.52458095550537,-2148.7776935100555,302.7075529098511,1659.7063839435577
1,351,5.265,8086.4837765693665,5241.949278861284,8932.370245456696,9836.579859256744,444.93675231933594,-1776.0090343654156,182.361900806427,1469.4279432296753
1,352,5.279999999999999,8043.43044757843,5000.0,8467.369675636292,9921.639263629913,-43.05332899093628,-241.94927886128426,-465.00056982040405,85.05940437316895
1,353,5.295,7505.956590175629,5151.319419965148,7698.219418525696,10000.0,-537.4738574028015,151.31941996514797,-769.1502571105957,78.36073637008667
1,354,5.31,7260.591685771942,5000.0,7857.369482517242,9950.58536529541,-245.36490440368652,-151.31941996514797,159.15006399154663,-49.414634704589844
1,355,5.325,7348.345965147018,5190.711207687855,7743.756473064423,9771.022200584412,87.7542793750763,190.71120768785477,-113.61300945281982,-179.56316471099854
1,356,5.34,7058.803886175156,5303.492899984121,7405.0866067409515,9758.436381816864,-289.5420789718628,112.78169229626656,-338.66986632347107,-12.585818767547607
1,357,5.3549999999999995,7791.9334173202515,6262.604743242264,7307.459264993668,9488.963782787323,733.1295311450958,959.1118432581425,-97.62734174728394,-269.472599029541
1,358,5.37,8043.661117553711,7369.946539402008,7398.289442062378,8765.20723104477,251.72770023345947,1107.3417961597443,90.83017706871033,-723.7565517425537
1,359,5.385,8213.65624666214,8900.525867938995,7525.21276473999,7565.646469593048,169.99512910842896,1530.5793285369873,126.9233226776123,-1199.5607614517212
1,360,5.3999999999999995,8307.69956111908,10000.0,7884.461581707001,6071.665659546852,94.0433144569397,1099.4741320610046,359.2488169670105,-1493.980810046196
1,361,5.415,8282.14406967163,10000.0,8173.741102218628,5476.749055087566,-25.55549144744873,0.0,289.2795205116272,-594.9166044592857
1,362,5.43,8356.204628944397,9830.889999866486,7825.056314468384,5316.963493824005,74.06055927276611,-169.1100001335144,-348.68478775024414,-159.78556126356125
1,363,5.444999999999999,8195.383250713348,10000.0,7508.46654176712,5115.256290882826,-160.82137823104858,169.1100001335144,-316.5897727012634,-201.70720294117928
1,364,5.46,8089.50662612915,10000.0,7272.522151470184,5240.654684603214,-105.876624584198,0.0,-235.94439029693604,125.39839372038841
1,365,5.475,7952.997088432312,10000.0,7192.265093326569,5725.356414914131,-136.50953769683838,0.0,-80.25705814361572,484.7017303109169
1,366,5.49,8143.7042355537415,10000.0,7167.647033929825,6184.288859367371,190.70714712142944,0.0,-24.618059396743774,458.93244445323944
1,367,5.505,8299.013078212738,9481.702744960785,7427.817285060883,6398.571580648422,155.30884265899658,-518.2972550392151,260.17025113105774,214.28272128105164
1,368,5.52,8370.491564273834,8147.903084754944,8055.996298789978,7978.125512599945,71.47848606109619,-1333.799660205841,628.1790137290955,1579.5539319515228
1,369,5.535,8613.464534282684,6077.781096100807,8436.235189437866,9411.397278308868,242.9729700088501,-2070.1219886541367,380.2388906478882,1433.2717657089233
1,370,5.55,8512.55178451538,5000.0,8574.943244457245,9952.92603969574,-100.91274976730347,-1077.7810961008072,138.70805501937866,541.5287613868713
1,371,5.5649999999999995,7740.253806114197,5000.0,7794.557213783264,10000.0,-772.2979784011841,0.0,-780.3860306739807,47.073960304260254
1,372,5.58,7282.21520781517,5047.492738813162,7871.249616146088,9986.956119537354,-458.0385982990265,47.49273881316185,76.69240236282349,-13.043880462646484
1,373,5.595,7113.275080919266,5000.0,7907.404899597168,9790.211915969849,-168.94012689590454,-47.49273881316185,36.15528345108032,-196.74420356750488
1,374,5.609999999999999,7158.496826887131,5573.878176510334,7794.164419174194,9809.431731700897,45.22174596786499,573.878176510334,-113.24048042297363,19.219815731048584
1,375,5.625,7050.20546913147,5670.593827962875,7820.798456668854,9918.21438074112,-108.29135775566101,96.71565145254135,26.634037494659424,108.78264904022217
1,376,5.64,7265.588045120239,6115.288808941841,7941.2806034088135,9682.140946388245,215.38257598876953,444.69498097896576,120.48214673995972,-236.07343435287476
1,377,5.654999999999999,7339.838594198227,7462.252378463745,8484.588265419006,9196.601808071136,74.25054907798767,1346.963569521904,543.3076620101929,-485.53913831710815
1,378,5.67,7255.469709634781,9080.81203699112,8506.47658109665,7747.669219970703,-84.36888456344604,1618.5596585273743,21.888315677642822,-1448.9325881004333
1,379,5.685,7515.980899333954,10000.0,8624.329566955566,5879.22491133213,260.511189699173,919.1879630088806,117.85298585891724,-1868.4443086385727
1,380,5.7,7806.330025196075,9931.948781013489,8296.301066875458,5195.546951144934,290.3491258621216,-68.05121898651123,-328.02850008010864,-683.6779601871967
1,381,5.715,7605.98748922348,9844.183623790741,8187.125623226166,5173.784755170345,-200.34253597259521,-87.7651572227478,-109.17544364929199,-21.762195974588394
1,382,5.7299999999999995,7417.297214269638,10000.0,7881.601452827454,5004.554410697892,-188.69027495384216,155.81637620925903,-305.52417039871216,-169.230344472453
1,383,5.745,7380.732744932175,10000.0,7550.392746925354,5182.3159120976925,-36.56446933746338,0.0,-331.2087059020996,177.76150139980018
1,384,5.76,7397.4379897117615,10000.0,7559.605538845062,5655.889213085175,16.705244779586792,0.0,9.212791919708252,473.57330098748207
1,385,5.7749999999999995,7901.593744754791,10000.0,7593.173980712891,6179.702952504158,504.1557550430298,0.0,33.56844186782837,523.8137394189835
1,386,5.79,8466.905355453491,9560.332596302032,7563.4172558784485,6528.584212064743,565.3116106987,-439.66740369796753,-29.75672483444214,348.881259560585
1,387,5.805,8914.156258106232,7931.492924690247,7644.734680652618,7906.66401386261,447.2509026527405,-1628.839671611786,81.31742477416992,1378.0798017978668
1,388,5.819999999999999,9377.886354923248,6167.571172118187,7632.259428501129,9413.917362689972,463.7300968170166,-1763.9217525720596,-12.475252151489258,1507.253348827362
1,389,5.835,9204.335808753967,5000.0,7800.637781620026,9969.907701015472,-173.550546169281,-1167.571172118187,168.37835311889648,555.9903383255005
1,390,5.85,8521.25883102417,5000.0,6930.448859930038,10000.0,-683.0769777297974,0.0,-870.1889216899872,30.092298984527588
1,391,5.865,8111.088871955872,5268.840994685888,6937.7268850803375,9862.237870693207,-410.16995906829834,268.8409946858883,7.278025150299072,-137.7621293067932
1,392,5.88,7911.981046199799,5272.243581712246,7097.063064575195,9771.955609321594,-199.107825756073,3.4025870263576508,159.3361794948578,-90.28226137161255
1,393,5.895,7967.36478805542,5789.625868201256,6923.114955425262,9844.027757644653,55.38374185562134,517.3822864890099,-173.94810914993286,72.07214832305908
1,394,5.91,7724.030911922455,6000.452488660812,7044.721692800522,10000.0,-243.3338761329651,210.82662045955658,121.6067373752594,155.97224235534668
1,395,5.925,7677.197158336639,6436.593979597092,7521.820664405823,9690.516293048859,-46.83375358581543,436.1414909362793,477.0989716053009,-309.48370695114136
1,396,5.9399999999999995,7254.5599937438965,7990.722358226776,8455.443680286407,9243.602454662323,-422.6371645927429,1554.1283786296844,933.6230158805847,-446.91383838653564
1,397,5.955,6871.730834245682,9358.550012111664,8979.310691356659,8061.4131689071655,-382.8291594982147,1367.8276538848877,523.8670110702515,-1182.1892857551575
1,398,5.97,6800.844520330429,9898.070096969604,9391.319155693054,6423.69881272316,-70.88631391525269,539.5200848579407,412.00846433639526,-1637.7143561840057
1,399,5.984999999999999,6798.843890428543,9856.061935424805,9190.10043144226,5434.883311390877,-2.0006299018859863,-42.008161544799805,-201.21872425079346,-988.815501332283
1,400,6.0,6419.137418270111,9879.755079746246,9080.104231834412,5168.487094342709,-379.706472158432,23.69314432144165,-109.99619960784912,-266.3962170481682
1,401,6.015,6255.238205194473,10000.0,9016.656279563904,5225.073434412479,-163.89921307563782,120.24492025375366,-63.44795227050781,56.58634006977081
1,402,6.029999999999999,6364.118158817291,10000.0,8948.535323143005,5705.388560891151,108.879953622818,0.0,-68.12095642089844,480.315126478672
1,403,6.045,6519.6506679058075,10000.0,8822.247385978699,5979.536175727844,155.53250908851624,0.0,-126.28793716430664,274.1476148366928
1,404,6.06,7567.941248416901,9951.129257678986,8541.494011878967,6088.109835982323,1048.2905805110931,-48.870742321014404,-280.75337409973145,108.57366025447845
1,405,6.075,9066.05064868927,8011.689782142639,7579.180896282196,7452.720403671265,1498.1094002723694,-1939.4394755363464,-962.3131155967712,1364.610567688942
1,406,6.09,10000.0,6102.399230003357,6637.61243224144,9256.116151809692,933.94935131073,-1909.2905521392822,-941.5684640407562,1803.3957481384277
1,407,6.1049999999999995,10000.0,5003.4260377287865,5922.121480107307,9981.503188610077,0.0,-1098.9731922745705,-715.4909521341324,725.3870368003845
1,408,6.12,9935.940504074097,5000.0,5490.849278867245,10000.0,-64.05949592590332,-3.4260377287864685,-431.2722012400627,18.496811389923096
1,409,6.135,9473.942816257477,5355.232581496239,5661.804676055908,9794.55053806305,-461.9976878166199,355.2325814962387,170.95539718866348,-205.44946193695068
1,410,6.1499999999999995,9082.455933094025,6391.73299074173,5457.555837929249,9623.96502494812,-391.48688316345215,1036.500409245491,-204.2488381266594,-170.5855131149292
1,411,6.165,8525.557219982147,7225.491553544998,6301.31870508194,9540.460705757141,-556.8987131118774,833.7585628032684,843.7628671526909,-83.504319190979
1,412,6.18,8900.243937969208,6956.1295211315155,6764.561980962753,8566.298186779022,374.68671798706055,-269.36203241348267,463.2432758808136,-974.1625189781189
1,413,6.194999999999999,7629.461884498596,7686.928808689117,7856.025695800781,8270.72024345398,-1270.7820534706116,730.7992875576019,1091.463714838028,-295.5779433250427
1,414,6.21,6129.730045795441,9155.994951725006,9613.182246685028,7198.990434408188,-1499.7318387031555,1469.0661430358887,1757.1565508842468,-1071.7298090457916
1,415,6.225,5454.9673572182655,9929.261803627014,10000.0,5911.996811628342,-674.7626885771751,773.266851902008,386.8177533149719,-1286.9936227798462
1,416,6.24,5284.987408667803,9716.583490371704,9939.915537834167,5630.170628428459,-169.97994855046272,-212.67831325531006,-60.08446216583252,-281.8261831998825
1,417,6.255,5207.0073410868645,9914.131164550781,10000.0,5599.7030809521675,-77.98006758093834,197.54767417907715,60.08446216583252,-30.467547476291656
1,418,6.27,5283.864606171846,10000.0,10000.0,6067.1015828847885,76.85726508498192,85.86883544921875,0.0,467.398501932621
1,419,6.285,5753.433629870415,9446.139335632324,9597.784876823425,6249.759495258331,469.56902369856834,-553.8606643676758,-402.2151231765747,182.65791237354279
1,420,6.3,7417.279630899429,6672.543287277222,8894.129693508148,8072.4236369133,1663.8460010290146,-2773.5960483551025,-703.6551833152771,1822.6641416549683
1,421,6.3149999999999995,9580.59012889862,5254.52371686697,7790.676653385162,9747.011661529541,2163.3104979991913,-1418.0195704102516,-1103.4530401229858,1674.5880246162415
1,422,6.33,10000.0,5000.0,6098.821684718132,10000.0,419.4098711013794,-254.52371686697006,-1691.8549686670303,252.98833847045898
1,423,6.345,10000.0,5000.0,5000.0,10000.0,0.0,0.0,-1098.821684718132,0.0
1,424,6.359999999999999,9987.260699272156,5000.0,5639.2136961221695,10000.0,-12.739300727844238,0.0,639.2136961221695,0.0
1,425,6.375,8008.413910865784,5396.152697503567,5000.0,9786.937236785889,-1978.846788406372,396.15269750356674,-639.2136961221695,-213.06276321411133
1,426,6.39,7876.1544823646545,7596.948742866516,6131.697595119476,8985.593914985657,-132.25942850112915,2200.7960453629494,1131.6975951194763,-801.3433218002319
1,427,6.404999999999999,9565.679430961609,8734.171390533447,6455.146968364716,7537.953555583954,1689.5249485969543,1137.2226476669312,323.44937324523926,-1447.6403594017029
1,428,6.42,8876.30969285965,10000.0,8049.939572811127,6479.8276126384735,-689.3697381019592,1265.8286094665527,1594.7926044464111,-1058.1259429454803
1,429,6.435,8106.044232845306,9958.173334598541,9215.449690818787,5596.601143479347,-770.2654600143433,-41.82666540145874,1165.51011800766,-883.2264691591263
1,430,6.45,7628.904283046722,9843.476116657257,9134.597182273865,5311.696715652943,-477.139949798584,-114.69721794128418,-80.85250854492188,-284.90442782640457
1,431,6.465,7411.486953496933,10000.0,8860.05312204361,5301.545672118664,-217.41732954978943,156.52388334274292,-274.5440602302551,-10.15104353427887
1,432,6.4799999999999995,6833.844184875488,10000.0,8830.634653568268,5718.239173293114,-577.6427686214447,0.0,-29.418468475341797,416.6935011744499
1,433,6.495,6831.015050411224,10000.0,8844.082057476044,6237.592101097107,-2.829134464263916,0.0,13.447403907775879,519.3529278039932
1,434,6.51,7079.171985387802,9403.655529022217,8660.431504249573,6681.419014930725,248.15693497657776,-596.3444709777832,-183.65055322647095,443.82691383361816
1,435,6.5249999999999995,7232.218831777573,7436.8976056575775,8745.108842849731,7895.9721326828,153.0468463897705,-1966.7579233646393,84.67733860015869,1214.5531177520752
1,436,6.54,7763.321399688721,5361.83625459671,8829.987943172455,9808.396995067596,531.1025679111481,-2075.0613510608673,84.87910032272339,1912.4248623847961
1,437,6.555,8133.473098278046,5000.0,8370.583653450012,9988.847076892853,370.15169858932495,-361.8362545967102,-459.4042897224426,180.45008182525635
1,438,6.569999999999999,7977.52320766449,5011.4023592323065,7462.153285741806,10000.0,-155.9498906135559,11.40235923230648,-908.4303677082062,11.152923107147217
1,439,6.585,7209.162563085556,5000.0,7523.98282289505,10000.0,-768.3606445789337,-11.40235923230648,61.82953715324402,0.0
1,440,6.6,7119.312733411789,5326.127037405968,7513.26322555542,9721.510410308838,-89.84982967376709,326.1270374059677,-10.719597339630127,-278.4895896911621
1,441,6.614999999999999,7331.4425349235535,5650.5537033081055,7177.232652902603,9864.270687103271,212.12980151176453,324.42666590213776,-336.0305726528168,142.7602767944336
1,442,6.63,7991.191148757935,6722.382754087448,7519.233524799347,9509.226977825165,659.7486138343811,1071.8290507793427,342.0008718967438,-355.0437092781067
1,443,6.645,8016.204535961151,8720.180690288544,7792.781293392181,8677.067458629608,25.013387203216553,1997.7979362010956,273.5477685928345,-832.1595191955566
1,444,6.66,8142.658472061157,9886.65521144867,8070.365488529205,7144.705355167389,126.4539361000061,1166.4745211601257,277.5841951370239,-1532.3621034622192
1,445,6.675,8250.3542304039,10000.0,8428.846001625061,5916.616544127464,107.69575834274292,113.34478855133057,358.4805130958557,-1228.0888110399246
1,446,6.6899999999999995,8242.80470609665,9888.797104358673,8268.79471540451,5464.70120549202,-7.549524307250977,-111.2028956413269,-160.05128622055054,-451.91533863544464
1,447,6.705,8045.722246170044,9919.496178627014,7939.786911010742,5305.12111261487,-197.08245992660522,30.699074268341064,-329.0078043937683,-159.58009287714958
1,448,6.72,8043.164610862732,9974.831640720367,7584.832012653351,5225.9633131325245,-2.5576353073120117,55.33546209335327,-354.95489835739136,-79.15779948234558
1,449,6.734999999999999,8018.779456615448,10000.0,7487.705200910568,5525.914281606674,-24.385154247283936,25.16835927963257,-97.12681174278259,299.9509684741497
1,450,6.75,7961.518466472626,10000.0,7380.460798740387,6140.779182314873,-57.260990142822266,0.0,-107.24440217018127,614.8649007081985
1,451,6.765,8079.779744148254,10000.0,7431.753426790237,6542.233526706696,118.26127767562866,0.0,51.292628049850464,401.4543443918228
1,452,6.779999999999999,8275.911509990692,9647.85784482956,7565.220296382904,6732.379794120789,196.13176584243774,-352.1421551704407,133.46686959266663,190.14626741409302
1,453,6.795,8430.364429950714,8469.899892807007,7928.142249584198,8075.354099273682,154.45291996002197,-1177.9579520225525,362.92195320129395,1342.974305152893
1,454,6.81,8663.968443870544,6543.1927144527435,8209.953010082245,9357.990324497223,233.60401391983032,-1926.7071783542633,281.8107604980469,1282.6362252235413
1,455,6.825,8562.816679477692,5000.0,8330.336511135101,9955.224692821503,-101.15176439285278,-1543.1927144527435,120.38350105285645,597.2343683242798
1,456,6.84,7870.59485912323,5000.0,7658.217251300812,9978.042542934418,-692.2218203544617,0.0,-672.1192598342896,22.81785011291504
1,457,6.8549999999999995,7479.237616062164,5261.026341468096,7515.667080879211,9904.356300830841,-391.3572430610657,261.0263414680958,-142.55017042160034,-73.68624210357666
1,458,6.87,7388.380020856857,5110.486792400479,7660.018503665924,9788.376986980438,-90.857595205307,-150.53954906761646,144.35142278671265,-115.97931385040283
1,459,6.885,7384.404540061951,5732.121095061302,7543.446719646454,9787.143766880035,-3.975480794906616,621.6343026608229,-116.57178401947021,-1.233220100402832
1,460,6.8999999999999995,7281.950265169144,5730.733871459961,7409.327030181885,9907.918274402618,-102.454274892807,-1.3872236013412476,-134.1196894645691,120.77450752258301
1,461,6.915,7513.069212436676,6349.7209548950195,7604.058682918549,9581.489264965057,231.11894726753235,618.9870834350586,194.73165273666382,-326.42900943756104
1,462,6.93,7595.011293888092,7947.507798671722,8259.742558002472,8936.505615711212,81.94208145141602,1597.7868437767029,655.6838750839233,-644.9836492538452
1,463,6.944999999999999,7484.631538391113,9478.337168693542,8480.978310108185,7379.7255754470825,-110.37975549697876,1530.82937002182,221.2357521057129,-1556.7800402641296
1,464,6.96,7678.650915622711,10000.0,8732.61958360672,5607.482902705669,194.0193772315979,521.6628313064575,251.64127349853516,-1772.2426727414131
1,465,6.975,7508.897483348846,9961.57705783844,8463.552594184875,5270.201042294502,-169.75343227386475,-38.42294216156006,-269.0669894218445,-337.28186041116714
1,466,6.989999999999999,7255.474925041199,9834.632575511932,8176.710605621338,5119.407642632723,-253.4225583076477,-126.94448232650757,-286.8419885635376,-150.7933996617794
1,467,7.005,7093.539535999298,10000.0,7878.2665729522705,5114.403795450926,-161.93538904190063,165.36742448806763,-298.4440326690674,-5.003847181797028
1,468,7.02,7238.247245550156,10000.0,7690.667808055878,5360.472835600376,144.70770955085754,0.0,-187.59876489639282,246.0690401494503
1,469,7.035,7321.794629096985,10000.0,7669.621109962463,5904.05099093914,83.54738354682922,0.0,-21.046698093414307,543.5781553387642
1,470,7.05,8226.322829723358,9786.738157272339,7677.604556083679,6261.546909809113,904.5282006263733,-213.26184272766113,7.98344612121582,357.49591886997223
1,471,7.0649999999999995,8777.53347158432,7971.280813217163,7603.35236787796,7700.488567352295,551.2106418609619,-1815.4573440551758,-74.252188205719,1438.9416575431824
1,472,7.08,9324.180781841278,6099.3631184101105,7521.935403347015,9277.278780937195,546.647310256958,-1871.9176948070526,-81.41696453094482,1576.7902135849
1,473,7.095,9408.036768436432,5000.0,7597.979009151459,9982.130229473114,83.85598659515381,-1099.3631184101105,76.04360580444336,704.8514485359192
1,474,7.109999999999999,8883.440494537354,5000.0,6831.5571546554565,9998.173415660858,-524.5962738990784,0.0,-766.4218544960022,16.04318618774414
1,475,7.125,8239.869773387909,5235.951207578182,6726.747006177902,9898.971021175385,-643.5707211494446,235.95120757818222,-104.81014847755432,-99.20239448547363
1,476,7.14,8082.563877105713,5286.462903022766,6940.298080444336,9756.225645542145,-157.30589628219604,50.51169544458389,213.55107426643372,-142.74537563323975
1,477,7.154999999999999,8096.496760845184,5815.680027008057,6645.448058843613,9830.024242401123,13.932883739471436,529.2171239852905,-294.85002160072327,73.79859685897827
1,478,7.17,7907.532155513763,6045.503616333008,6840.939074754715,9983.499646186829,-188.9646053314209,229.82358932495117,195.4910159111023,153.47540378570557
1,479,7.185,7898.0594873428345,6780.7358503341675,7417.905777692795,9445.911347866058,-9.472668170928955,735.2322340011597,576.9667029380798,-537.5882983207703
1,480,7.199999999999999,7411.4128947258,8481.704890727997,8374.479711055756,8815.942406654358,-486.6465926170349,1700.9690403938293,956.5739333629608,-629.9689412117004
1,481,7.215,6985.5475425720215,9738.056063652039,9088.090360164642,7386.006116867065,-425.8653521537781,1256.3511729240417,713.6106491088867,-1429.9362897872925
1,482,7.2299999999999995,6941.743940114975,10000.0,9405.874907970428,5958.546698093414,-43.80360245704651,261.9439363479614,317.78454780578613,-1427.4594187736511
1,483,7.245,6686.375141143799,9789.28804397583,9197.780787944794,5377.746894955635,-255.36879897117615,-210.71195602416992,-208.09412002563477,-580.7998031377792
1,484,7.26,6246.008574962616,9924.04580116272,9118.117690086365,5179.007165133953,-440.36656618118286,134.75775718688965,-79.66309785842896,-198.73972982168198
1,485,7.2749999999999995,6255.035847425461,10000.0,8953.322172164917,5346.832387149334,9.027272462844849,75.95419883728027,-164.79551792144775,167.82522201538086
1,486,7.29,6214.347258210182,10000.0,9021.543264389038,5871.507748961449,-40.688589215278625,0.0,68.2210922241211,524.6753618121147
1,487,7.305,6533.825099468231,9996.927380561829,8813.0784034729,5821.346417069435,319.477841258049,-3.0726194381713867,-208.4648609161377,-50.16133189201355
1,488,7.319999999999999,8076.070547103882,8506.61963224411,8159.031867980957,6753.516793251038,1542.2454476356506,-1490.3077483177185,-654.0465354919434,932.1703761816025
1,489,7.335,9641.05874300003,6367.405205965042,7314.757704734802,8796.564936637878,1564.9881958961487,-2139.214426279068,-844.2741632461548,2043.0481433868408
1,490,7.35,10000.0,5284.259393811226,6410.903036594391,9901.165068149567,358.9412569999695,-1083.1458121538162,-903.8546681404114,1104.6001315116882
1,491,7.364999999999999,10000.0,5000.0,5404.8629477620125,9918.509125709534,0.0,-284.2593938112259,-1006.0400888323784,17.34405755996704
1,492,7.38,9716.053903102875,5163.328647613525,5741.380751132965,9981.300234794617,-283.94609689712524,163.3286476135254,336.5178033709526,62.79110908508301
1,493,7.395,8681.516349315643,6035.331562161446,5403.85439991951,9666.630923748016,-1034.5375537872314,872.0029145479202,-337.5263512134552,-314.66931104660034
1,494,7.41,8596.700429916382,6817.2091245651245,6014.510840177536,9520.74110507965,-84.81591939926147,781.8775624036789,610.6564402580261,-145.88981866836548
1,495,7.425,8848.46180677414,6825.958490371704,6388.592571020126,8625.386655330658,251.76137685775757,8.74936580657959,374.08173084259033,-895.3544497489929
1,496,7.4399999999999995,7933.233082294464,7862.653136253357,7755.268812179565,8384.72604751587,-915.2287244796753,1036.6946458816528,1366.676241159439,-240.66060781478882
1,497,7.455,6546.336859464645,9230.226874351501,9475.748836994171,7281.360626220703,-1386.8962228298187,1367.5737380981445,1720.4800248146057,-1103.365421295166
1,498,7.47,5849.064439535141,10000.0,9991.332590579987,5863.949209451675,-697.2724199295044,769.7731256484985,515.5837535858154,-1417.4114167690277
1,499,7.484999999999999,5600.454248487949,9789.75236415863,9835.287630558014,5504.064857959747,-248.61019104719162,-210.24763584136963,-156.04496002197266,-359.8843514919281
1,500,7.5,5427.625440061092,9932.381212711334,9889.732897281647,5427.646338939667,-172.828808426857,142.62884855270386,54.44526672363281,-76.41851902008057
1,501,7.515,5424.343422055244,10000.0,10000.0,5885.866656899452,-3.282018005847931,67.61878728866577,110.26710271835327,458.22031795978546
1,502,7.529999999999999,5808.84724855423,9737.748205661774,9597.05263376236,6024.128943681717,384.5038264989853,-262.2517943382263,-402.9473662376404,138.2622867822647
1,503,7.545,7334.117740392685,7374.6514320373535,8768.826425075531,7377.505451440811,1525.2704918384552,-2363.09677362442,-828.2262086868286,1353.3765077590942
1,504,7.56,9485.31836271286,5553.412586450577,7769.279181957245,9434.722065925598,2151.200622320175,-1821.2388455867767,-999.5472431182861,2057.216614484787
1,505,7.574999999999999,10000.0,5000.0,6025.630384683609,10000.0,514.6816372871399,-553.4125864505768,-1743.6487972736359,565.2779340744019
1,506,7.59,10000.0,5000.0,5000.0,10000.0,0.0,0.0,-1025.630384683609,0.0
1,507,7.6049999999999995,9888.648986816406,5000.0,5686.974748969078,10000.0,-111.35101318359375,0.0,686.9747489690781,0.0
1,508,7.62,8046.061098575592,5417.395532131195,5000.0,9667.61201620102,-1842.5878882408142,417.39553213119507,-686.9747489690781,-332.3879837989807
1,509,7.635,7567.084431648254,7641.50857925415,6189.071089029312,9202.106297016144,-478.97666692733765,2224.1130471229553,1189.0710890293121,-465.5057191848755
1,510,7.6499999999999995,9385.839104652405,8292.395174503326,6500.024497509003,7694.9140429496765,1818.7546730041504,650.886595249176,310.95340847969055,-1507.1922540664673
1,511,7.665,8412.45174407959,9839.31988477707,8332.813680171967,6781.031936407089,-973.3873605728149,1546.9247102737427,1832.7891826629639,-913.8821065425873
1,512,7.68,7633.327543735504,10000.0,9604.392647743225,5733.092352747917,-779.1242003440857,160.6801152229309,1271.5789675712585,-1047.939583659172
1,513,7.694999999999999,6945.621073246002,9894.038140773773,9481.450319290161,5508.6372792720795,-687.706470489502,-105.9618592262268,-122.94232845306396,-224.4550734758377
1,514,7.71,6454.891413450241,9917.452335357666,9110.685586929321,5493.674129247665,-490.7296597957611,23.414194583892822,-370.76473236083984,-14.963150024414062
1,515,7.725,5972.474217414856,10000.0,9000.831842422485,5784.8478853702545,-482.41719603538513,82.54766464233398,-109.85374450683594,291.1737561225891
1,516,7.739999999999999,6429.816037416458,9974.538385868073,8833.034038543701,6108.495593070984,457.3418200016022,-25.46161413192749,-167.79780387878418,323.64770770072937
1,517,7.755,6886.352002620697,7976.4124751091,8802.616894245148,7175.140380859375,456.5359652042389,-1998.1259107589722,-30.417144298553467,1066.644787788391
1,518,7.77,7890.411615371704,5598.438270390034,8552.300930023193,9415.345191955566,1004.0596127510071,-2377.9742047190666,-250.31596422195435,2240.2048110961914
1,519,7.785,9007.420241832733,5000.0,8055.436909198761,10000.0,1117.008626461029,-598.4382703900337,-496.8640208244324,584.6548080444336
1,520,7.8,9469.992518424988,5000.0,6380.376368761063,9998.260736465454,462.57227659225464,0.0,-1675.0605404376984,-1.7392635345458984
1,521,7.8149999999999995,8764.168620109558,5000.0,6269.7213888168335,10000.0,-705.8238983154297,0.0,-110.65497994422913,1.7392635345458984
1,522,7.83,7818.329036235809,5490.919835865498,6248.851642012596,9764.238893985748,-945.8395838737488,490.9198358654976,-20.869746804237366,-235.7611060142517
1,523,7.845,7984.234094619751,5970.30483186245,6192.044019699097,9821.990132331848,165.90505838394165,479.38499599695206,-56.80762231349945,57.75123834609985
1,524,7.859999999999999,8100.582957267761,7585.469484329224,6879.15176153183,9367.010593414307,116.34886264801025,1615.164652466774,687.1077418327332,-454.9795389175415
1,525,7.875,8014.363944530487,9453.778862953186,7968.296706676483,7980.394959449768,-86.21901273727417,1868.3093786239624,1089.1449451446533,-1386.6156339645386
1,526,7.89,7523.916661739349,10000.0,9069.375097751617,6664.27418589592,-490.4472827911377,546.221137046814,1101.0783910751343,-1316.1207735538483
1,527,7.904999999999999,7251.53312087059,9905.184805393219,9279.63525056839,5667.51591861248,-272.38354086875916,-94.815194606781,210.26015281677246,-996.7582672834396
1,528,7.92,6996.300965547562,9838.832020759583,9101.865291595459,5363.223738968372,-255.23215532302856,-66.35278463363647,-177.7699589729309,-304.2921796441078
1,529,7.935,6675.7480800151825,9952.821135520935,8865.483701229095,5276.887584477663,-320.55288553237915,113.98911476135254,-236.38159036636353,-86.3361544907093
1,530,7.949999999999999,6608.713269233704,10000.0,8626.638352870941,5629.805326461792,-67.03481078147888,47.17886447906494,-238.8453483581543,352.91774198412895
1,531,7.965,6588.0924463272095,10000.0,8782.683908939362,6045.890301465988,-20.62082290649414,0.0,156.0455560684204,416.08497500419617
1,532,7.9799999999999995,7053.1585812568665,9852.30952501297,8531.9784283638,6108.663007616997,465.066134929657,-147.69047498703003,-250.70548057556152,62.772706151008606
1,533,7.995,8102.805614471436,7511.583864688873,8274.725079536438,7867.596745491028,1049.647033214569,-2340.7256603240967,-257.25334882736206,1758.933737874031
1,534,8.01,9225.625395774841,5546.3857203722,7989.770770072937,9681.387543678284,1122.8197813034058,-1965.1981443166733,-284.954309463501,1813.7907981872559
1,535,8.025,9881.631731987,5000.0,7202.484458684921,9966.18539094925,656.0063362121582,-546.3857203722,-787.2863113880157,284.7978472709656
1,536,8.04,9703.992903232574,5000.0,6071.572527289391,10000.0,-177.63882875442505,0.0,-1130.9119313955307,33.81460905075073
1,537,8.055,8898.046612739563,5188.86111676693,6351.1113822460175,9911.06003522873,-805.9462904930115,188.86111676692963,279.5388549566269,-88.93996477127075
1,538,8.07,8209.041357040405,5875.140875577927,5999.972969293594,9475.362598896027,-689.0052556991577,686.279758810997,-351.1384129524231,-435.69743633270264
1,539,8.084999999999999,8225.802779197693,7319.140583276749,6369.7367906570435,9550.912976264954,16.761422157287598,1443.999707698822,369.7638213634491,75.550377368927
1,540,8.1,8616.434037685394,7803.067266941071,6750.917434692383,8333.9262008667,390.6312584877014,483.9266836643219,381.18064403533936,-1216.9867753982544
1,541,8.115,7683.165371417999,9112.684726715088,8229.30932044983,7321.329712867737,-933.268666267395,1309.6174597740173,1478.3918857574463,-1012.5964879989624
1,542,8.129999999999999,6782.414615154266,10000.0,9678.855836391449,5788.087993860245,-900.7507562637329,887.3152732849121,1449.5465159416199,-1533.241719007492
1,543,8.145,6349.593102931976,9991.273283958435,9442.16251373291,5438.259989023209,-432.82151222229004,-8.726716041564941,-236.69332265853882,-349.82800483703613
1,544,8.16,6008.966416120529,9853.651821613312,8980.931639671326,5388.779118657112,-340.62668681144714,-137.6214623451233,-461.2308740615845,-49.4808703660965
1,545,8.174999999999999,5743.116065859795,10000.0,9045.592844486237,5606.370009481907,-265.85035026073456,146.34817838668823,64.66120481491089,217.59089082479477
1,546,8.19,6224.511563777924,10000.0,9100.113213062286,5928.802490234375,481.39549791812897,0.0,54.520368576049805,322.4324807524681
1,547,8.205,7361.209541559219,8459.07747745514,8596.42744064331,6832.5275182724,1136.6979777812958,-1540.9225225448608,-503.68577241897583,903.7250280380249
1,548,8.219999999999999,8933.586180210114,5930.660218000412,8047.485649585724,9148.277044296265,1572.3766386508942,-2528.417259454727,-548.9417910575867,2315.7495260238647
1,549,8.235,10000.0,5000.0,7214.382886886597,10000.0,1066.4138197898865,-930.660218000412,-833.1027626991272,851.7229557037354
1,550,8.25,10000.0,5000.0,5691.109523177147,9885.362684726715,0.0,0.0,-1523.2733637094498,-114.63731527328491
1,551,8.265,9663.552939891815,5029.948805458844,5915.804952383041,10000.0,-336.4470601081848,29.948805458843708,224.69542920589447,114.63731527328491
1,552,8.28,8146.573901176453,5712.101981043816,5664.899125695229,9670.738577842712,-1516.9790387153625,682.1531755849719,-250.9058266878128,-329.2614221572876
1,553,8.295,8032.286167144775,6919.008493423462,6073.485165834427,9559.199810028076,-114.28773403167725,1206.9065123796463,408.5860401391983,-111.53876781463623
1,554,8.31,8868.353366851807,7516.174912452698,6381.5173506736755,8419.020473957062,836.0671997070312,597.1664190292358,308.03218483924866,-1140.1793360710144
1,555,8.325,7819.556295871735,9148.47880601883,8159.679472446442,7586.219608783722,-1048.797070980072,1632.3038935661316,1778.162121772766,-832.8008651733398
1,556,8.34,6984.589546918869,10000.0,9618.173837661743,6212.170645594597,-834.9667489528656,851.5211939811707,1458.4943652153015,-1374.048963189125
1,557,8.355,6480.943709611893,10000.0,9679.555594921112,5416.952893137932,-503.6458373069763,0.0,61.3817572593689,-795.217752456665
1,558,8.37,5992.753654718399,9731.654524803162,9319.344162940979,5410.571061074734,-488.19005489349365,-268.3454751968384,-360.21143198013306,-6.38183206319809
1,559,8.385,5742.432847619057,10000.0,9357.658922672272,5437.273122370243,-250.32080709934235,268.3454751968384,38.314759731292725,26.70206129550934
1,560,8.4,6048.788502812386,10000.0,9338.209927082062,5914.969816803932,306.35565519332886,0.0,-19.44899559020996,477.6966944336891
1,561,8.415,6495.508104562759,9183.019995689392,8927.006125450134,6141.137480735779,446.71960175037384,-816.9800043106079,-411.2038016319275,226.16766393184662
1,562,8.43,8199.519217014313,6145.636439323425,8229.79599237442,8862.459361553192,1704.0111124515533,-3037.383556365967,-697.2101330757141,2721.3218808174133
1,563,8.445,9934.928715229034,5020.298557356,7549.072802066803,9984.531104564667,1735.4094982147217,-1125.3378819674253,-680.7231903076172,1122.0717430114746
1,564,8.459999999999999,10000.0,5000.0,5905.538201332092,9848.860800266266,65.07128477096558,-20.298557355999947,-1643.5346007347107,-135.67030429840088
1,565,8.475,9830.874800682068,5000.0,5622.0632418990135,10000.0,-169.12519931793213,0.0,-283.47495943307877,151.13919973373413
1,566,8.49,8392.151892185211,5302.030891180038,5719.651281833649,9816.665649414062,-1438.7229084968567,302.03089118003845,97.58803993463516,-183.3343505859375
1,567,8.504999999999999,7909.0815782547,5830.672085285187,5503.044985234737,9367.142617702484,-483.0703139305115,528.6411941051483,-216.60629659891129,-449.52303171157837
1,568,8.52,8025.56574344635,8520.922362804413,6837.51106262207,8538.680076599121,116.48416519165039,2690.250277519226,1334.466077387333,-828.462541103363
1,569,8.535,8098.041415214539,9809.83316898346,8097.41884469986,6700.974702835083,72.47567176818848,1288.9108061790466,1259.9077820777893,-1837.705373764038
1,570,8.549999999999999,7394.718676805496,10000.0,9730.473756790161,5613.581761717796,-703.3227384090424,190.16683101654053,1633.0549120903015,-1087.3929411172867
1,571,8.565,6576.451361179352,9898.21881055832,9315.5038356781,5751.586332917213,-818.2673156261444,-101.78118944168091,-414.96992111206055,138.00457119941711
1,572,8.58,6191.055029630661,9962.62401342392,8797.127306461334,5495.8634078502655,-385.3963315486908,64.40520286560059,-518.3765292167664,-255.72292506694794
1,573,8.594999999999999,5834.991633892059,10000.0,8565.084338188171,5694.7024166584015,-356.0633957386017,37.37598657608032,-232.04296827316284,198.839008808136
1,574,8.61,6278.3631682395935,10000.0,8812.786042690277,6279.203146696091,443.3715343475342,0.0,247.7017045021057,584.5007300376892
1,575,8.625,7247.769981622696,7073.248028755188,8577.147424221039,8130.3781270980835,969.4068133831024,-2926.751971244812,-235.63861846923828,1851.1749804019928
1,576,8.64,8642.963767051697,5213.412530720234,8337.199985980988,9878.524243831635,1395.1937854290009,-1859.835498034954,-239.94743824005127,1748.146116733551
1,577,8.655,9823.528528213501,5000.0,7155.391573905945,10000.0,1180.5647611618042,-213.41253072023392,-1181.8084120750427,121.47575616836548
1,578,8.67,9676.100611686707,5000.0,5742.475837469101,10000.0,-147.42791652679443,0.0,-1412.9157364368439,0.0
1,579,8.685,8631.96074962616,5000.0,6235.037595033646,9972.947835922241,-1044.1398620605469,0.0,492.5617575645447,-27.05216407775879
1,580,8.7,7470.991313457489,5358.000621199608,5579.031556844711,9458.34755897522,-1160.9694361686707,358.00062119960785,-656.0060381889343,-514.6002769470215
1,581,8.715,7373.057007789612,8483.519554138184,7105.024456977844,8873.731195926666,-97.9343056678772,3125.5189329385757,1525.992900133133,-584.6163630485535
1,582,8.73,7668.958306312561,9894.082248210907,7994.357049465179,7044.408321380615,295.9012985229492,1410.5626940727234,889.3325924873352,-1829.322874546051
1,583,8.745,7491.808086633682,10000.0,9505.181908607483,5654.326826334,-177.15021967887878,105.91775178909302,1510.8248591423035,-1390.0814950466156
1,584,8.76,6979.627907276154,9918.900430202484,9131.79725408554,5694.791823625565,-512.1801793575287,-81.09956979751587,-373.38465452194214,40.46499729156494
1,585,8.775,6735.668480396271,9968.47152709961,8554.938733577728,5574.2741748690605,-243.9594268798828,49.571096897125244,-576.8585205078125,-120.51764875650406
1,586,8.79,6266.039460897446,10000.0,8235.780000686646,5665.691047906876,-469.6290194988251,31.528472900390625,-319.15873289108276,91.4168730378151
1,587,8.805,6532.485783100128,10000.0,8534.117341041565,6211.4956974983215,266.4463222026825,0.0,298.33734035491943,545.8046495914459
1,588,8.82,7358.933389186859,7235.62017083168,8317.691087722778,7962.033748626709,826.447606086731,-2764.3798291683197,-216.42625331878662,1750.5380511283875
1,589,8.834999999999999,8693.917393684387,5281.256251037121,8071.908056735992,9870.904386043549,1334.984004497528,-1954.3639197945595,-245.7830309867859,1908.8706374168396
1,590,8.85,9763.464331626892,5000.0,6795.372664928436,10000.0,1069.5469379425049,-281.2562510371208,-1276.5353918075562,129.09561395645142
1,591,8.865,9543.235301971436,5000.0,6001.5009343624115,10000.0,-220.22902965545654,0.0,-793.8717305660248,0.0
1,592,8.879999999999999,8525.578379631042,5047.281822189689,6364.44017291069,10000.0,-1017.6569223403931,47.28182218968868,362.9392385482788,0.0
1,593,8.895,7375.893741846085,5292.247701436281,5624.759122729301,9254.319071769714,-1149.6846377849579,244.96587924659252,-739.6810501813889,-745.6809282302856
1,594,8.91,7103.998363018036,8990.506529808044,7539.000511169434,8282.769918441772,-271.8953788280487,3698.2588283717632,1914.2413884401321,-971.5491533279419
1,595,8.924999999999999,7459.5800042152405,10000.0,8619.56387758255,6389.551758766174,355.5816411972046,1009.4934701919556,1080.5633664131165,-1893.2181596755981
1,596,8.94,7152.058184146881,10000.0,9526.592791080475,5696.174427866936,-307.5218200683594,0.0,907.0289134979248,-693.3773308992386
1,597,8.955,6831.4023315906525,10000.0,9107.662439346313,5625.428706407547,-320.65585255622864,0.0,-418.9303517341614,-70.74572145938873
1,598,8.969999999999999,6720.812022686005,9989.183247089386,8744.327425956726,5416.477248072624,-110.59030890464783,-10.816752910614014,-363.3350133895874,-208.9514583349228
1,599,8.985,6293.08357834816,10000.0,8414.856493473053,5692.737400531769,-427.72844433784485,10.816752910614014,-329.4709324836731,276.2601524591446
1,600,9.0,6918.459534645081,9753.744900226593,8481.753468513489,6400.900632143021,625.3759562969208,-246.25509977340698,66.89697504043579,708.1632316112518
1,601,9.014999999999999,8148.040473461151,6396.108865737915,8090.9183621406555,8840.623199939728,1229.5809388160706,-3357.636034488678,-390.83510637283325,2439.722567796707
1,602,9.03,9403.75953912735,5000.0,7722.9368686676025,10000.0,1255.7190656661987,-1396.108865737915,-367.981493473053,1159.3768000602722
1,603,9.045,9798.964858055115,5000.0,6224.953085184097,9864.345490932465,395.2053189277649,0.0,-1497.9837834835052,-135.6545090675354
1,604,9.06,9650.32160282135,5166.788585484028,5968.0380672216415,10000.0,-148.64325523376465,166.78858548402786,-256.91501796245575,135.6545090675354
1,605,9.075,8269.608318805695,5461.909249424934,6019.571423530579,9826.765060424805,-1380.7132840156555,295.1206639409065,51.53335630893707,-173.2349395751953
1,606,9.09,7825.1636028289795,5870.271846652031,5699.688121676445,9383.24898481369,-444.4447159767151,408.36259722709656,-319.8833018541336,-443.5160756111145
1,607,9.105,7720.3139662742615,8783.011436462402,7316.417396068573,8311.113715171814,-104.84963655471802,2912.7395898103714,1616.729274392128,-1072.1352696418762
1,608,9.12,7875.509262084961,10000.0,8778.067231178284,6235.814690589905,155.19529581069946,1216.9885635375977,1461.6498351097107,-2075.299024581909
1,609,9.135,7022.9388773441315,10000.0,9730.488061904907,5596.4575707912445,-852.5703847408295,0.0,952.4208307266235,-639.3571197986603
1,610,9.15,6505.212634801865,9972.16910123825,9268.578290939331,5566.127747297287,-517.7262425422668,-27.830898761749268,-461.9097709655762,-30.32982349395752
1,611,9.165,6255.7463347911835,9983.289241790771,9021.254479885101,5352.771878242493,-249.46630001068115,11.120140552520752,-247.32381105422974,-213.3558690547943
1,612,9.18,6017.340645194054,10000.0,8961.006104946136,5704.321041703224,-238.40568959712982,16.710758209228516,-60.248374938964844,351.5491634607315
1,613,9.195,6619.883179664612,10000.0,9024.456441402435,6114.986762404442,602.5425344705582,0.0,63.45033645629883,410.66572070121765
1,614,9.209999999999999,7870.353162288666,6832.908242940903,8423.203229904175,8255.610466003418,1250.469982624054,-3167.0917570590973,-601.2532114982605,2140.623703598976
1,615,9.225,9393.789768218994,5132.353426888585,8140.421211719513,9929.11547422409,1523.4366059303284,-1700.5548160523176,-282.78201818466187,1673.5050082206726
1,616,9.24,10000.0,5000.0,6831.335425376892,9973.314106464386,606.2102317810059,-132.3534268885851,-1309.0857863426208,44.19863224029541
1,617,9.254999999999999,9849.22468662262,5000.0,5738.246887922287,10000.0,-150.77531337738037,0.0,-1093.088537454605,26.685893535614014
1,618,9.27,8832.916617393494,5000.0,6006.144285202026,9857.78123140335,-1016.308069229126,0.0,267.8973972797394,-142.21876859664917
1,619,9.285,7785.9243750572205,5370.774902403355,5449.92458075285,9262.34096288681,-1046.9922423362732,370.77490240335464,-556.2197044491768,-595.4402685165405
1,620,9.299999999999999,7396.906912326813,8783.694505691528,7226.025760173798,8477.023541927338,-389.0174627304077,3412.9196032881737,1776.101179420948,-785.3174209594727
1,621,9.315,7929.284572601318,9951.178133487701,8198.079764842987,6639.284640550613,532.3776602745056,1167.483627796173,972.0540046691895,-1837.7389013767242
1,622,9.33,7447.02085852623,10000.0,9678.248167037964,5524.157397449017,-482.2637140750885,48.821866512298584,1480.1684021949768,-1115.1272431015968
1,623,9.344999999999999,6754.807829856873,9844.268560409546,9122.69651889801,5802.714303135872,-692.2130286693573,-155.7314395904541,-555.5516481399536,278.5569056868553
1,624,9.36,6568.145453929901,10000.0,8613.074123859406,5626.046732068062,-186.66237592697144,155.7314395904541,-509.62239503860474,-176.66757106781006
1,625,9.375,6247.280016541481,10000.0,8313.412964344025,5657.59003162384,-320.8654373884201,0.0,-299.66115951538086,31.543299555778503
1,626,9.389999999999999,6556.112915277481,9933.076202869415,8552.759885787964,6448.716074228287,308.83289873600006,-66.92379713058472,239.3469214439392,791.1260426044464
1,627,9.405,7715.9371972084045,6562.681794166565,8193.817138671875,8682.429492473602,1159.8242819309235,-3370.3944087028503,-358.94274711608887,2233.7134182453156
1,628,9.42,9112.13755607605,5017.384570091963,8025.645911693573,9998.748004436493,1396.2003588676453,-1545.2972240746021,-168.171226978302,1316.3185119628906
1,629,9.435,9825.567901134491,5000.0,6410.452723503113,9916.783571243286,713.4303450584412,-17.384570091962814,-1615.1931881904602,-81.96443319320679
1,630,9.45,9612.506628036499,5087.4982587993145,5971.003249287605,10000.0,-213.06127309799194,87.4982587993145,-439.4494742155075,83.21642875671387
1,631,9.465,8380.823731422424,5356.609337031841,6166.208013892174,9942.756295204163,-1231.6828966140747,269.1110782325268,195.20476460456848,-57.2437047958374
1,632,9.48,7624.858915805817,5476.262345910072,5707.834362983704,9317.62844324112,-755.9648156166077,119.65300887823105,-458.37365090847015,-625.1278519630432
1,633,9.495,7387.880086898804,9055.341482162476,7621.416449546814,8035.658299922943,-236.97882890701294,3579.0791362524033,1913.5820865631104,-1281.9701433181763
1,634,9.51,7589.736878871918,10000.0,8953.180313110352,6000.061482191086,201.856791973114,944.6585178375244,1331.7638635635376,-2035.5968177318573
1,635,9.525,6968.27232837677,10000.0,9528.463780879974,5659.217461943626,-621.4645504951477,0.0,575.2834677696228,-340.8440202474594
1,636,9.54,6660.989820957184,10000.0,9115.646779537201,5572.591610252857,-307.2825074195862,0.0,-412.81700134277344,-86.6258516907692
1,637,9.555,6436.371356248856,10000.0,8969.744443893433,5407.523289322853,-224.61846470832825,0.0,-145.9023356437683,-165.06832093000412
1,638,9.57,6169.209405779839,10000.0,8877.136707305908,5754.443630576134,-267.16195046901703,0.0,-92.60773658752441,346.92034125328064
1,639,9.584999999999999,6831.969767808914,9889.332950115204,8927.46239900589,6279.437243938446,662.7603620290756,-110.66704988479614,50.32569169998169,524.9936133623123
1,640,9.6,8100.874722003937,6631.795614957809,8324.31823015213,8509.283065795898,1268.9049541950226,-3257.5373351573944,-603.1441688537598,2229.8458218574524
1,641,9.615,9469.987154006958,5048.786895349622,8137.400150299072,9961.471855640411,1369.1124320030212,-1583.0087196081877,-186.91807985305786,1452.188789844513
1,642,9.629999999999999,10000.0,5000.0,6746.050268411636,9945.590496063232,530.012845993042,-48.78689534962177,-1391.349881887436,-15.881359577178955
1,643,9.645,9763.848185539246,5000.0,5889.72270488739,10000.0,-236.1518144607544,0.0,-856.3275635242462,54.40950393676758
1,644,9.66,8593.54943037033,5131.033454090357,6115.896478295326,9869.546890258789,-1170.2987551689148,131.03345409035683,226.1737734079361,-130.45310974121094
1,645,9.674999999999999,7906.967103481293,5485.163256525993,5610.547475516796,9385.590553283691,-686.5823268890381,354.1298024356365,-505.3490027785301,-483.95633697509766
1,646,9.69,7453.586608171463,8554.503321647644,7205.767333507538,8669.230937957764,-453.3804953098297,3069.3400651216507,1595.2198579907417,-716.3596153259277
1,647,9.705,7799.220085144043,9899.604618549347,8273.177444934845,6709.305047988892,345.63347697257996,1345.1012969017029,1067.4101114273071,-1959.925889968872
1,648,9.719999999999999,7307.492196559906,10000.0,9712.037146091461,5494.295284152031,-491.72788858413696,100.39538145065308,1438.8597011566162,-1215.0097638368607
1,649,9.735,6669.8117554187775,9838.404953479767,9144.43701505661,5765.043795108795,-637.6804411411285,-161.59504652023315,-567.6001310348511,270.7485109567642
1,650,9.75,6464.367359876633,10000.0,8683.60847234726,5597.5184962153435,-205.44439554214478,161.59504652023315,-460.8285427093506,-167.5252988934517
1,651,9.764999999999999,6163.896396756172,10000.0,8513.804972171783,5685.0772351026535,-300.4709631204605,0.0,-169.80350017547607,87.55873888731003
1,652,9.78,6476.9792556762695,10000.0,8746.64157629013,6295.855939388275,313.08285892009735,0.0,232.83660411834717,610.7787042856216
1,653,9.795,7648.478448390961,6838.252544403076,8273.53447675705,8412.767946720123,1171.4991927146912,-3161.747455596924,-473.10709953308105,2116.912007331848
1,654,9.81,9068.847596645355,5130.751905962825,8124.606907367706,9930.260479450226,1420.3691482543945,-1707.5006384402514,-148.92756938934326,1517.4925327301025
1,655,9.825,9891.973435878754,5000.0,6677.467077970505,9948.321282863617,823.1258392333984,-130.75190596282482,-1447.1398293972015,18.060803413391113
1,656,9.84,9706.622064113617,5015.931157395244,5879.358276724815,10000.0,-185.35137176513672,15.931157395243645,-798.1088012456894,51.67871713638306
1,657,9.855,8545.480072498322,5180.587749928236,6194.373592734337,9931.930005550385,-1161.1419916152954,164.65659253299236,315.0153160095215,-68.06999444961548
1,658,9.87,7607.971429824829,5266.559757292271,5558.117106556892,9256.591200828552,-937.5086426734924,85.97200736403465,-636.2564861774445,-675.3388047218323
1,659,9.885,7174.865752458572,8982.615768909454,7586.499750614166,8068.235814571381,-433.1056773662567,3716.0560116171837,2028.3826440572739,-1188.3553862571716
1,660,9.9,7541.739046573639,10000.0,8755.069077014923,6107.771024107933,366.8732941150665,1017.3842310905457,1168.5693264007568,-1960.4647904634476
1,661,9.915,7098.192125558853,10000.0,9519.05608177185,5625.914186239243,-443.54692101478577,0.0,763.9870047569275,-481.8568378686905
1,662,9.93,6711.137443780899,9985.409677028656,8955.256640911102,5741.158127784729,-387.0546817779541,-14.590322971343994,-563.7994408607483,115.24394154548645
1,663,9.945,6603.814363479614,10000.0,8740.764260292053,5453.578643500805,-107.32308030128479,14.590322971343994,-214.49238061904907,-287.5794842839241
1,664,9.959999999999999,6259.966790676117,10000.0,8328.50992679596,5682.313516736031,-343.8475728034973,0.0,-412.25433349609375,228.73487323522568
1,665,9.975,6883.301883935928,9476.522207260132,8566.443622112274,6560.144871473312,623.3350932598114,-523.4777927398682,237.9336953163147,877.8313547372818
1,666,9.99,8160.259127616882,6159.036308526993,8137.901127338409,8988.98035287857,1276.957243680954,-3317.485898733139,-428.54249477386475,2428.835481405258
1,667,10.004999999999999,9417.159259319305,5000.0,7822.026014328003,10000.0,1256.900131702423,-1159.0363085269928,-315.8751130104065,1011.0196471214294
1,668,10.02,9821.982383728027,5000.0,6240.759566426277,9907.80919790268,404.8231244087219,0.0,-1581.2664479017258,-92.19080209732056
1,669,10.035,9579.71215248108,5000.0,6065.59731066227,10000.0,-242.27023124694824,0.0,-175.16225576400757,92.19080209732056
1,670,10.049999999999999,8219.997882843018,5484.078787267208,6132.148131728172,9844.172894954681,-1359.7142696380615,484.0787872672081,66.55082106590271,-155.8271050453186
1,671,10.065,7838.816344738007,5890.306159853935,5872.466415166855,9473.071098327637,-381.181538105011,406.22737258672714,-259.68171656131744,-371.1017966270447
1,672,10.08,7804.485857486725,8638.67998123169,7292.646169662476,8333.028256893158,-34.33048725128174,2748.373821377754,1420.1797544956207,-1140.0428414344788
1,673,10.094999999999999,7761.527895927429,10000.0,8759.613037109375,6243.13622713089,-42.957961559295654,1361.3200187683105,1466.9668674468994,-2089.892029762268
1,674,10.11,6970.456093549728,10000.0,9695.47152519226,5580.698102712631,-791.0718023777008,0.0,935.8584880828857,-662.4381244182587
1,675,10.125,6495.436877012253,9978.14804315567,9239.391386508942,5563.220717012882,-475.0192165374756,-21.851956844329834,-456.0801386833191,-17.477385699748993
1,676,10.139999999999999,6230.749040842056,9971.881806850433,9068.81719827652,5344.011150300503,-264.68783617019653,-6.266236305236816,-170.57418823242188,-219.20956671237946
1,677,10.155,5977.690443396568,10000.0,8999.157845973969,5701.328217983246,-253.05859744548798,28.11819314956665,-69.65935230255127,357.3170676827431
1,678,10.17,6571.224629878998,10000.0,9059.409499168396,6079.942435026169,593.5341864824295,0.0,60.25165319442749,378.614217042923
1,679,10.185,7803.086340427399,7059.482038021088,8462.943732738495,7962.760627269745,1231.8617105484009,-2940.5179619789124,-596.4657664299011,1882.818192243576
1,680,10.2,9287.942945957184,5243.993978947401,8244.652450084686,9819.624423980713,1484.8566055297852,-1815.4880590736866,-218.2912826538086,1856.863796710968
1,681,10.215,10000.0,5000.0,7061.474919319153,10000.0,712.0570540428162,-243.99397894740105,-1183.1775307655334,180.3755760192871
1,682,10.23,9881.658256053925,5000.0,5768.666937947273,10000.0,-118.34174394607544,0.0,-1292.8079813718796,0.0
1,683,10.245,9067.843854427338,5000.0,6115.4066026210785,9908.691048622131,-813.8144016265869,0.0,346.73966467380524,-91.30895137786865
1,684,10.26,7812.038958072662,5342.2147780656815,5511.558838188648,9284.944236278534,-1255.8048963546753,342.21477806568146,-603.8477644324303,-623.7468123435974
1,685,10.275,7358.063161373138,8552.016615867615,7059.94576215744,8668.493628501892,-453.9757966995239,3209.8018378019333,1548.386923968792,-616.4506077766418
1,686,10.29,7970.3933000564575,9686.793982982635,7786.80682182312,6732.5446009635925,612.3301386833191,1134.7773671150208,726.8610596656799,-1935.9490275382996
1,687,10.305,7581.638991832733,10000.0,9594.703912734985,5431.70403689146,-388.75430822372437,313.2060170173645,1807.8970909118652,-1300.840564072132
1,688,10.32,6906.611770391464,9614.149034023285,9091.046452522278,5934.869647026062,-675.0272214412689,-385.8509659767151,-503.6574602127075,503.1656101346016
1,689,10.334999999999999,6683.893650770187,9555.798470973969,8416.667580604553,6063.767448067665,-222.71811962127686,-58.350563049316406,-674.3788719177246,128.8978010416031
1,690,10.35,6343.874037265778,10000.0,8365.19718170166,5744.33445930481,-340.0196135044098,444.2015290260315,-51.470398902893066,-319.43298876285553
1,691,10.365,6425.799578428268,10000.0,8235.403597354889,6306.481957435608,81.92554116249084,0.0,-129.79358434677124,562.1474981307983
1,692,10.379999999999999,7369.273155927658,7438.616305589676,8132.280707359314,7939.824759960175,943.4735774993896,-2561.383694410324,-103.12288999557495,1633.3428025245667
1,693,10.395,8682.04414844513,5229.9003303050995,8008.052408695221,9888.27794790268,1312.7709925174713,-2208.7159752845764,-124.22829866409302,1948.4531879425049
1,694,10.41,9709.029495716095,5000.0,6666.669845581055,10000.0,1026.9853472709656,-229.9003303050995,-1341.3825631141663,111.72205209732056
1,695,10.424999999999999,9554.783999919891,5004.8107374459505,6044.43795979023,10000.0,-154.2454957962036,4.810737445950508,-622.2318857908249,0.0
1,696,10.44,8591.327965259552,5054.630399681628,6377.882212400436,10000.0,-963.4560346603394,49.81966223567724,333.4442526102066,0.0
1,697,10.455,7457.479238510132,5259.745139628649,5683.165863156319,9262.824058532715,-1133.8487267494202,205.114739947021,-694.7163492441177,-737.1759414672852
1,698,10.469999999999999,7138.688117265701,8952.175676822662,7665.053606033325,8123.55101108551,-318.79112124443054,3692.4305371940136,1981.8877428770065,-1139.2730474472046
1,699,10.485,7430.501580238342,10000.0,8824.959695339203,6141.187101602554,291.813462972641,1047.8243231773376,1159.9060893058777,-1982.363909482956
1,700,10.5,7124.129682779312,10000.0,9500.236511230469,5689.1830265522,-306.37189745903015,0.0,675.2768158912659,-452.004075050354
1,701,10.514999999999999,6811.729967594147,10000.0,9031.782150268555,5692.706927657127,-312.3997151851654,0.0,-468.45436096191406,3.523901104927063
1,702,10.53,6614.858955144882,10000.0,8941.691815853119,5457.932390272617,-196.87101244926453,0.0,-90.09033441543579,-234.77453738451004
1,703,10.545,6272.654831409454,10000.0,8546.360731124878,5729.963704943657,-342.20412373542786,0.0,-395.33108472824097,272.0313146710396
1,704,10.559999999999999,6897.718459367752,9329.304695129395,8557.279109954834,6519.9123322963715,625.0636279582977,-670.6953048706055,10.918378829956055,789.9486273527145
1,705,10.575,8248.78454208374,6092.58346259594,8132.682144641876,8998.296558856964,1351.0660827159882,-3236.721232533455,-424.59696531295776,2478.3842265605927
1,706,10.59,9522.085785865784,5000.0,7729.174196720123,10000.0,1273.3012437820435,-1092.5834625959396,-403.50794792175293,1001.7034411430359
1,707,10.605,9887.873232364655,5000.0,6088.428348302841,9926.189184188843,365.78744649887085,0.0,-1640.745848417282,-73.81081581115723
1,708,10.62,9628.644287586212,5000.0,5963.816121220589,10000.0,-259.2289447784424,0.0,-124.6122270822525,73.81081581115723
1,709,10.635,8201.35772228241,5430.389977991581,5941.900983452797,9784.867465496063,-1427.2865653038025,430.38997799158096,-21.915137767791748,-215.13253450393677
1,710,10.65,7779.9853682518005,6143.936738371849,5864.0434592962265,9437.813460826874,-421.37235403060913,713.5467603802681,-77.85752415657043,-347.05400466918945
1,711,10.665,8103.519380092621,8687.090277671814,7157.433032989502,8183.037638664246,323.5340118408203,2543.153539299965,1293.3895736932755,-1254.7758221626282
1,712,10.68,7947.341203689575,10000.0,8778.703808784485,6169.301345944405,-156.17817640304565,1312.909722328186,1621.270775794983,-2013.736292719841
1,713,10.695,6996.562033891678,10000.0,9713.588953018188,5644.47782933712,-950.7791697978973,0.0,934.8851442337036,-524.8235166072845
1,714,10.709999999999999,6456.577628850937,9964.18297290802,9284.274876117706,5520.571507513523,-539.984405040741,-35.81702709197998,-429.3140769004822,-123.90632182359695
1,715,10.725,6212.673932313919,9968.891739845276,9130.604863166809,5360.925905406475,-243.90369653701782,4.708766937255859,-153.67001295089722,-159.64560210704803
1,716,10.74,5968.264862895012,10000.0,9117.578566074371,5717.040300369263,-244.40906941890717,31.10826015472412,-13.026297092437744,356.1143949627876
1,717,10.754999999999999,6510.4250609874725,9934.2280626297,9084.917604923248,6029.257029294968,542.1601980924606,-65.7719373703003,-32.66096115112305,312.21672892570496
1,718,10.77,7673.0141043663025,7119.686007499695,8576.4679312706,7790.361642837524,1162.58904337883,-2814.542055130005,-508.4496736526489,1761.1046135425568
1,719,10.785,9175.374209880829,5255.32390922308,8350.528478622437,9802.213609218597,1502.3601055145264,-1864.3620982766151,-225.93945264816284,2011.851966381073
1,720,10.799999999999999,10000.0,5000.0,7245.487570762634,10000.0,824.6257901191711,-255.32390922307968,-1105.0409078598022,197.7863907814026
1,721,10.815,9935.426414012909,5000.0,5796.639025211334,10000.0,-64.57358598709106,0.0,-1448.8485455513,0.0
1,722,10.83,9243.03948879242,5000.0,6133.366674184799,9945.958852767944,-692.3869252204895,0.0,336.72764897346497,-54.041147232055664
1,723,10.844999999999999,7852.080762386322,5407.686084508896,5538.06509822607,9336.608350276947,-1390.9587264060974,407.6860845088959,-595.3015759587288,-609.3505024909973
1,724,10.86,7455.831915140152,8364.453911781311,6925.78911781311,8871.482014656067,-396.24884724617004,2956.767827272415,1387.72401958704,-465.1263356208801
1,725,10.875,8140.208125114441,9489.217102527618,7546.532154083252,6958.757042884827,684.3762099742889,1124.7631907463074,620.7430362701416,-1912.7249717712402
1,726,10.889999999999999,7690.992951393127,10000.0,9446.654319763184,5590.985491871834,-449.2151737213135,510.7828974723816,1900.1221656799316,-1367.7715510129929
1,727,10.905,6956.212818622589,9803.867042064667,9270.630776882172,5783.623084425926,-734.7801327705383,-196.13295793533325,-176.02354288101196,192.6375925540924
1,728,10.92,6570.999473333359,9651.421904563904,8558.826744556427,5983.798056840897,-385.21334528923035,-152.44513750076294,-711.8040323257446,200.1749724149704
1,729,10.934999999999999,6202.503144741058,10000.0,8490.37617444992,5628.52218747139,-368.4963285923004,348.5780954360962,-68.45057010650635,-355.27586936950684
1,730,10.95,6366.086006164551,10000.0,8375.385403633118,6113.006472587585,163.58286142349243,0.0,-114.99077081680298,484.4842851161957
1,731,10.965,7200.627326965332,7969.726324081421,8312.017023563385,7407.579720020294,834.5413208007812,-2030.273675918579,-63.368380069732666,1294.5732474327087
1,732,10.98,8473.771512508392,5448.789969086647,8119.1447377204895,9686.232209205627,1273.1441855430603,-2520.936354994774,-192.8722858428955,2278.6524891853333
1,733,10.995,9694.396257400513,5000.0,7215.839475393295,10000.0,1220.6247448921204,-448.78996908664703,-903.3052623271942,313.76779079437256
1,734,11.01,9661.730527877808,5000.0,5807.380676269531,10000.0,-32.66572952270508,0.0,-1408.458799123764,0.0
1,735,11.025,8975.106179714203,5000.0,6380.327194929123,10000.0,-686.6243481636047,0.0,572.9465186595917,0.0
1,736,11.04,7498.847842216492,5221.094787120819,5629.165172576904,9276.96943283081,-1476.2583374977112,221.0947871208191,-751.1620223522186,-723.0305671691895
1,737,11.055,7044.962495565414,8557.992279529572,7398.983687162399,8651.890754699707,-453.88534665107727,3336.8974924087524,1769.818514585495,-625.0786781311035
1,738,11.07,7564.848363399506,9976.158738136292,8369.352221488953,6823.8188326358795,519.8858678340912,1418.16645860672,970.3685343265533,-1828.0719220638275
1,739,11.084999999999999,7380.558997392654,10000.0,9714.658260345459,5592.266172170639,-184.2893660068512,23.841261863708496,1345.3060388565063,-1231.5526604652405
1,740,11.1,6947.488039731979,9724.53236579895,9135.87599992752,5920.206233859062,-433.07095766067505,-275.4676342010498,-578.7822604179382,327.94006168842316
1,741,11.115,6794.930100440979,9956.475794315338,8693.453073501587,5834.044367074966,-152.55793929100037,231.94342851638794,-442.42292642593384,-86.16186678409576
1,742,11.129999999999999,6352.4821400642395,10000.0,8328.93431186676,5753.582417964935,-442.4479603767395,43.524205684661865,-364.51876163482666,-80.46194911003113
1,743,11.145,6474.9932289123535,9465.889036655426,8399.914801120758,6696.23002409935,122.51108884811401,-534.110963344574,70.9804892539978,942.6476061344147
1,744,11.16,7801.857888698578,6096.573695540428,8025.153875350952,8990.751802921295,1326.8646597862244,-3369.315341114998,-374.7609257698059,2294.521778821945
1,745,11.174999999999999,9278.034269809723,5000.0,7645.511329174042,10000.0,1476.176381111145,-1096.5736955404282,-379.6425461769104,1009.2481970787048
1,746,11.19,9812.81578540802,5000.0,5892.781466245651,9892.67647266388,534.7815155982971,0.0,-1752.7298629283905,-107.3235273361206
1,747,11.205,9566.287398338318,5078.923236578703,5981.256812810898,10000.0,-246.52838706970215,78.92323657870293,88.47534656524658,107.3235273361206
1,748,11.219999999999999,8097.459673881531,5439.107269048691,5927.812829613686,9736.617803573608,-1468.827724456787,360.18403246998787,-53.44398319721222,-263.3821964263916
1,749,11.235,7364.7186160087585,6571.023613214493,6219.794228672981,9217.565059661865,-732.7410578727722,1131.916344165802,291.98139905929565,-519.0527439117432
1,750,11.25,8397.233188152313,9052.8205037117,7364.758551120758,7678.585350513458,1032.5145721435547,2481.7968904972076,1144.9643224477768,-1538.979709148407
1,751,11.264999999999999,7794.102430343628,10000.0,9166.868329048157,5929.901748895645,-603.1307578086853,947.1794962882996,1802.1097779273987,-1748.683601617813
1,752,11.28,6949.895620346069,10000.0,9582.732617855072,5671.240389347076,-844.2068099975586,0.0,415.8642888069153,-258.6613595485687
1,753,11.295,6514.958739280701,9965.143203735352,9278.673529624939,5429.899133741856,-434.93688106536865,-34.85679626464844,-304.05908823013306,-241.3412556052208
1,754,11.309999999999999,6323.618143796921,10000.0,9132.36528635025,5414.254255592823,-191.3405954837799,34.85679626464844,-146.30824327468872,-15.644878149032593
1,755,11.325,6144.657731056213,10000.0,9213.533401489258,5793.624445796013,-178.9604127407074,0.0,81.16811513900757,379.37019020318985
1,756,11.34,6645.828485488892,9854.903817176819,9042.764902114868,6047.674790024757,501.1707544326782,-145.09618282318115,-170.76849937438965,254.0503442287445
1,757,11.355,7841.80223941803,7000.026702880859,8531.011044979095,8042.693734169006,1195.9737539291382,-2854.8771142959595,-511.7538571357727,1995.018944144249
1,758,11.37,9226.04650259018,5219.689831137657,8409.217596054077,9839.03706073761,1384.2442631721497,-1780.3368717432022,-121.79344892501831,1796.3433265686035
1,759,11.385,10000.0,5000.0,7278.949469327927,10000.0,773.9534974098206,-219.68983113765717,-1130.2681267261505,160.96293926239014
1,760,11.4,9893.29844713211,5000.0,5964.495316147804,10000.0,-106.7015528678894,0.0,-1314.4541531801224,0.0
1,761,11.415,9096.677303314209,5000.0,6266.032457351685,9945.718050003052,-796.6211438179016,0.0,301.5371412038803,-54.28194999694824
1,762,11.43,7948.144376277924,5449.094176292419,5714.193508028984,9373.747408390045,-1148.5329270362854,449.09417629241943,-551.8389493227005,-571.9706416130066
1,763,11.445,7645.217478275299,8122.424781322479,6788.207590579987,9001.432359218597,-302.9268980026245,2673.33060503006,1074.0140825510025,-372.31504917144775
1,764,11.459999999999999,8227.81890630722,9250.887036323547,7332.686483860016,6986.5065813064575,582.6014280319214,1128.4622550010681,544.4788932800293,-2014.92577791214
1,765,11.475,7683.297395706177,10000.0,9284.138679504395,5629.311203956604,-544.5215106010437,749.1129636764526,1951.4521956443787,-1357.1953773498535
1,766,11.49,6968.391835689545,9753.662645816803,9263.7300491333,5762.0009779930115,-714.9055600166321,-246.33735418319702,-20.40863037109375,132.68977403640747
1,767,11.504999999999999,6582.8341245651245,9344.62994337082,8435.810506343842,6166.567504405975,-385.55771112442017,-409.0327024459839,-827.9195427894592,404.56652641296387
1,768,11.52,6419.393271207809,10000.0,8373.888432979584,5852.957516908646,-163.44085335731506,655.3700566291809,-61.92207336425781,-313.6099874973297
1,769,11.535,6325.505077838898,10000.0,7826.284170150757,5973.602160811424,-93.88819336891174,0.0,-547.6042628288269,120.64464390277863
1,770,11.549999999999999,6915.790438652039,8843.11854839325,8381.178081035614,7108.379155397415,590.2853608131409,-1156.8814516067505,554.8939108848572,1134.776994585991
1,771,11.565,8086.332678794861,5806.959792971611,8159.9360704422,9425.358176231384,1170.5422401428223,-3036.1587554216385,-221.2420105934143,2316.979020833969
1,772,11.58,9375.779330730438,5000.0,7633.402347564697,10000.0,1289.4466519355774,-806.959792971611,-526.5337228775024,574.6418237686157
1,773,11.594999999999999,9663.156867027283,5000.0,6082.635745406151,10000.0,287.3775362968445,0.0,-1550.7666021585464,0.0
1,774,11.61,9104.4282913208,5000.0,6411.493867635727,10000.0,-558.7285757064819,0.0,328.8581222295761,0.0
1,775,11.625,7596.442699432373,5410.034842789173,5901.191905140877,9472.853541374207,-1507.9855918884277,410.0348427891731,-510.30196249485016,-527.1464586257935
1,776,11.639999999999999,7312.425076961517,7747.763097286224,7003.311514854431,9067.250192165375,-284.0176224708557,2337.7282544970512,1102.1196097135544,-405.6033492088318
1,777,11.655,7919.719517230988,9478.492140769958,7801.7255663871765,7357.340157032013,607.2944402694702,1730.7290434837341,798.4140515327454,-1709.9100351333618
1,778,11.67,7552.934288978577,10000.0,9543.902277946472,5728.890225291252,-366.7852282524109,521.5078592300415,1742.1767115592957,-1628.4499317407608
1,779,11.684999999999999,7098.245322704315,9737.682044506073,9281.009435653687,5729.87973690033,-454.6889662742615,-262.317955493927,-262.89284229278564,0.9895116090774536
1,780,11.7,6732.690185308456,9646.451771259308,8553.38841676712,5917.39185154438,-365.55513739585876,-91.23027324676514,-727.6210188865662,187.5121146440506
1,781,11.715,6375.844031572342,10000.0,8627.641201019287,5609.448105096817,-356.8461537361145,353.54822874069214,74.25278425216675,-307.94374644756317
1,782,11.73,6368.478983640671,10000.0,8518.617451190948,6023.951172828674,-7.365047931671143,0.0,-109.02374982833862,414.5030677318573
1,783,11.745,7136.059105396271,8274.861872196198,8370.79405784607,7077.321857213974,767.5801217556,-1725.1381278038025,-147.82339334487915,1053.3706843852997
1,784,11.76,8490.13477563858,5651.168972253799,8117.212951183319,9505.723714828491,1354.0756702423096,-2623.692899942398,-253.58110666275024,2428.401857614517
1,785,11.775,9667.408168315887,5000.0,7337.342649698257,10000.0,1177.2733926773071,-651.1689722537994,-779.8703014850616,494.2762851715088
1,786,11.79,9712.157249450684,5000.0,5834.333673119545,10000.0,44.74908113479614,0.0,-1503.0089765787125,0.0
1,787,11.805,9167.008399963379,5000.0,6316.440403461456,10000.0,-545.1488494873047,0.0,482.1067303419113,0.0
1,788,11.82,7592.15921163559,5255.364831537008,5664.858743548393,9291.278719902039,-1574.8491883277893,255.36483153700829,-651.581659913063,-708.7212800979614
1,789,11.834999999999999,7152.459472417831,8281.460106372833,7109.170705080032,8773.078322410583,-439.6997392177582,3026.095274835825,1444.311961531639,-518.2003974914551
1,790,11.85,7767.115533351898,9700.164794921875,7987.895309925079,6802.626997232437,614.6560609340668,1418.7046885490417,878.724604845047,-1970.4513251781464
1,791,11.865,7499.01756644249,10000.0,9702.502489089966,5428.323671221733,-268.09796690940857,299.835205078125,1714.6071791648865,-1374.303326010704
1,792,11.879999999999999,7022.309303283691,9362.492859363556,9051.70351266861,6049.181818962097,-476.7082631587982,-637.5071406364441,-650.7989764213562,620.8581477403641
1,793,11.895,6883.5994601249695,9181.346595287323,8408.98334980011,6194.983944296837,-138.70984315872192,-181.1462640762329,-642.7201628684998,145.80212533473969
1,794,11.91,6647.923588752747,9851.551055908203,8458.820879459381,5951.355621218681,-235.6758713722229,670.2044606208801,49.83752965927124,-243.62832307815552
1,795,11.924999999999999,6523.393392562866,9928.615689277649,8183.143734931946,6329.626441001892,-124.53019618988037,77.0646333694458,-275.6771445274353,378.27081978321075
1,796,11.94,7343.321889638901,7701.364755630493,7978.34038734436,7793.062329292297,819.9284970760345,-2227.2509336471558,-204.80334758758545,1463.4358882904053
1,797,11.955,8773.080110549927,5354.351587593555,7868.11500787735,9854.424595832825,1429.758220911026,-2347.0131680369377,-110.2253794670105,2061.3622665405273
1,798,11.969999999999999,9742.995202541351,5000.0,6490.978896617889,10000.0,969.9150919914246,-354.35158759355545,-1377.1361112594604,145.5754041671753
1,799,11.985,9509.88918542862,5000.0,6146.623268723488,10000.0,-233.10601711273193,0.0,-344.35562789440155,0.0
1,800,12.0,8596.337735652924,5231.166090816259,6412.71248459816,10000.0,-913.5514497756958,231.16609081625938,266.08921587467194,0.0
1,801,12.014999999999999,7445.619702339172,5232.561230659485,5695.652365684509,9134.6874833107,-1150.7180333137512,1.3951398432254791,-717.0601189136505,-865.3125166893005
1,802,12.03,6995.38990855217,9121.435284614563,7878.353595733643,7612.72519826889,-450.22979378700256,3888.874053955078,2182.7012300491333,-1521.962285041809
1,803,12.045,7376.592010259628,10000.0,9107.37544298172,5510.111078619957,381.2021017074585,878.564715385437,1229.0218472480774,-2102.6141196489334
1,804,12.059999999999999,6969.213038682938,9886.09105348587,9279.011189937592,5866.4654940366745,-407.3789715766907,-113.90894651412964,171.63574695587158,356.35441541671753
1,805,12.075,6857.26523399353,10000.0,8692.30180978775,5734.80062186718,-111.94780468940735,113.90894651412964,-586.7093801498413,-131.66487216949463
1,806,12.09,6716.631054878235,10000.0,8897.283971309662,5485.548824071884,-140.6341791152954,0.0,204.98216152191162,-249.25179779529572
1,807,12.105,6435.109525918961,10000.0,8597.16922044754,5814.874619245529,-281.5215289592743,0.0,-300.1147508621216,329.325795173645
1,808,12.12,7177.7090430259705,9212.451875209808,8573.436439037323,6566.165238618851,742.5995171070099,-787.5481247901917,-23.732781410217285,751.2906193733215
1,809,12.135,8471.28838300705,6155.300810933113,8207.51667022705,8914.530277252197,1293.579339981079,-3057.1510642766953,-365.9197688102722,2348.3650386333466
1,810,12.15,9541.224837303162,5000.0,7720.174789428711,9997.03735113144,1069.936454296112,-1155.300810933113,-487.34188079833984,1082.507073879242
1,811,12.165,9828.442931175232,5000.0,6189.319118857384,9951.120615005493,287.2180938720703,0.0,-1530.8556705713272,-45.916736125946045
1,812,12.18,9572.407305240631,5000.0,6043.025031685829,10000.0,-256.03562593460083,0.0,-146.29408717155457,48.879384994506836
1,813,12.195,8183.259665966034,5504.239909350872,6010.449603199959,9732.390940189362,-1389.1476392745972,504.23990935087204,-32.57542848587036,-267.6090598106384
1,814,12.209999999999999,7959.49786901474,6261.9854509830475,6010.590642690659,9523.69213104248,-223.76179695129395,757.7455416321754,0.14103949069976807,-208.6988091468811
1,815,12.225,8235.063552856445,8132.862150669098,6966.891884803772,8417.34379529953,275.5656838417053,1870.8766996860504,956.3012421131134,-1106.3483357429504
1,816,12.24,7882.448434829712,9888.7500166893,8594.423234462738,6635.325700044632,-352.6151180267334,1755.8878660202026,1627.531349658966,-1782.018095254898
1,817,12.254999999999999,7092.51195192337,10000.0,9802.967607975006,5677.571520209312,-789.9364829063416,111.24998331069946,1208.544373512268,-957.7541798353195
1,818,12.27,6539.8553013801575,9921.855032444,9437.306821346283,5533.9240655303,-552.6566505432129,-78.14496755599976,-365.66078662872314,-143.6474546790123
1,819,12.285,6155.838072299957,9913.48683834076,9260.602295398712,5349.631942808628,-384.0172290802002,-8.368194103240967,-176.7045259475708,-184.29212272167206
1,820,12.299999999999999,5926.557928323746,10000.0,9353.324472904205,5648.191794753075,-229.28014397621155,86.51316165924072,92.72217750549316,298.55985194444656
1,821,12.315,6323.380321264267,9889.73617553711,9222.529530525208,5910.418927669525,396.82239294052124,-110.26382446289062,-130.7949423789978,262.2271329164505
1,822,12.33,7400.312125682831,7773.1654047966,8728.02883386612,7011.34592294693,1076.9318044185638,-2116.570770740509,-494.50069665908813,1100.9269952774048
1,823,12.344999999999999,9038.508236408234,5555.373951792717,8318.603932857513,9400.925934314728,1638.1961107254028,-2217.7914530038834,-409.42490100860596,2389.580011367798
1,824,12.36,10000.0,5000.0,7384.671121835709,10000.0,961.4917635917664,-555.373951792717,-933.9328110218048,599.0740656852722
1,825,12.375,10000.0,5000.0,5760.901942849159,10000.0,0.0,0.0,-1623.7691789865494,0.0
1,826,12.389999999999999,9680.522084236145,5000.0,6022.888347506523,10000.0,-319.477915763855,0.0,261.9864046573639,0.0
1,827,12.405,8191.884756088257,5575.4440277814865,5625.4469603300095,9511.338472366333,-1488.6373281478882,575.4440277814865,-397.4413871765137,-488.661527633667
1,828,12.42,7828.556597232819,7408.54024887085,6368.876248598099,9340.515434741974,-363.32815885543823,1833.096221089363,743.4292882680893,-170.82303762435913
1,829,12.434999999999999,9051.91421508789,8178.463876247406,6692.001521587372,7811.965346336365,1223.357617855072,769.9236273765564,323.12527298927307,-1528.5500884056091
1,830,12.45,7896.873354911804,9727.837145328522,8608.349859714508,6787.272393703461,-1155.0408601760864,1549.3732690811157,1916.3483381271362,-1024.692952632904
1,831,12.465,7028.905153274536,10000.0,9758.541584014893,5642.238929867744,-867.9682016372681,272.16285467147827,1150.1917243003845,-1145.0334638357162
1,832,12.48,6476.385146379471,9843.801259994507,9309.864342212677,5592.308454215527,-552.5200068950653,-156.19874000549316,-448.6772418022156,-49.930475652217865
1,833,12.495,6072.1272230148315,9956.457018852234,9141.280353069305,5442.132763564587,-404.2579233646393,112.65575885772705,-168.58398914337158,-150.17569065093994
1,834,12.51,5898.08352291584,10000.0,9054.657518863678,5686.149522662163,-174.0437000989914,43.54298114776611,-86.62283420562744,244.01675909757614
1,835,12.525,6349.694132804871,9974.146485328674,9053.93272638321,6032.662093639374,451.61060988903046,-25.853514671325684,-0.72479248046875,346.512570977211
1,836,12.54,7460.052818059921,7240.868359804153,8596.114218235016,7573.96787405014,1110.3586852550507,-2733.278125524521,-457.81850814819336,1541.3057804107666
1,837,12.555,8933.112621307373,5312.092825770378,8343.841135501862,9676.009714603424,1473.0598032474518,-1928.7755340337753,-252.2730827331543,2102.0418405532837
1,838,12.57,10000.0,5000.0,7385.186702013016,10000.0,1066.887378692627,-312.0928257703781,-958.6544334888458,323.9902853965759
1,839,12.584999999999999,9953.874945640564,5000.0,5798.915773630142,10000.0,-46.125054359436035,0.0,-1586.2709283828735,0.0
1,840,12.6,9258.868098258972,5000.0,6229.843497276306,10000.0,-695.0068473815918,0.0,430.92772364616394,0.0
1,841,12.615,7958.886027336121,5532.149635255337,5657.225772738457,9467.805922031403,-1299.9820709228516,532.1496352553368,-572.6177245378494,-532.1940779685974
1,842,12.629999999999999,7580.7178020477295,7816.794812679291,6698.460578918457,9163.18267583847,-378.1682252883911,2284.645177423954,1041.2348061800003,-304.62324619293213
1,843,12.645,8250.640630722046,9060.536921024323,7256.08766078949,7257.52055644989,669.9228286743164,1243.7421083450317,557.6270818710327,-1905.6621193885803
1,844,12.66,7654.212713241577,10000.0,9219.276309013367,5888.416096568108,-596.4279174804688,939.4630789756775,1963.188648223877,-1369.1044598817825
1,845,12.674999999999999,6989.604532718658,9896.260499954224,9371.498227119446,5688.170939683914,-664.6081805229187,-103.73950004577637,152.2219181060791,-200.24515688419342
1,846,12.69,6524.8797833919525,9507.600367069244,8572.153747081757,6054.425165057182,-464.72474932670593,-388.66013288497925,-799.3444800376892,366.2542253732681
1,847,12.705,6211.016401648521,10000.0,8501.512110233307,5705.07138967514,-313.8633817434311,492.3996329307556,-70.6416368484497,-349.35377538204193
1,848,12.719999999999999,6182.572990655899,10000.0,8009.931445121765,5989.0589863061905,-28.443410992622375,0.0,-491.58066511154175,283.9875966310501
1,849,12.735,6792.026460170746,8891.560137271881,8533.872961997986,6918.8423454761505,609.4534695148468,-1108.439862728119,523.9415168762207,929.78335916996
1,850,12.75,7881.325483322144,5870.715156197548,8184.4910979270935,9241.04630947113,1089.2990231513977,-3020.844981074333,-349.38186407089233,2322.20396399498
1,851,12.764999999999999,9151.946902275085,5000.0,7823.99594783783,10000.0,1270.621418952942,-870.7151561975479,-360.4951500892639,758.9536905288696
1,852,12.78,9691.769778728485,5000.0,6177.218779921532,10000.0,539.8228764533997,0.0,-1646.777167916298,0.0
1,853,12.795,9154.337644577026,5000.0,6276.559084653854,10000.0,-537.4321341514587,0.0,99.34030473232269,0.0
1,854,12.809999999999999,7830.475568771362,5554.76751178503,6089.627593755722,9786.557257175446,-1323.862075805664,554.7675117850304,-186.93149089813232,-213.44274282455444
1,855,12.825,7646.417021751404,6517.275720834732,6431.787014007568,9535.422027111053,-184.0585470199585,962.5082090497017,342.1594202518463,-251.1352300643921
1,856,12.84,8244.101107120514,8528.944849967957,7329.154312610626,8414.76857662201,597.6840853691101,2011.6691291332245,897.3672986030579,-1120.6534504890442
1,857,12.854999999999999,7637.13151216507,9972.516298294067,8896.102011203766,6801.830381155014,-606.9695949554443,1443.5714483261108,1566.9476985931396,-1612.9381954669952
1,858,12.87,7125.901430845261,10000.0,9605.752825737,5657.648220658302,-511.23008131980896,27.483701705932617,709.6508145332336,-1144.1821604967117
1,859,12.885,6762.377470731735,9901.752471923828,9285.60733795166,5450.297929346561,-363.5239601135254,-98.24752807617188,-320.14548778533936,-207.35029131174088
1,860,12.9,6337.679177522659,9950.895309448242,9106.452465057373,5325.062237679958,-424.6982932090759,49.14283752441406,-179.1548728942871,-125.23569166660309
1,861,12.915,6043.605729937553,10000.0,9055.620431900024,5657.6066464185715,-294.0734475851059,49.10469055175781,-50.83203315734863,332.54440873861313
1,862,12.93,6438.065320253372,9923.184514045715,9020.225405693054,5884.71882045269,394.4595903158188,-76.81548595428467,-35.395026206970215,227.11217403411865
1,863,12.945,7401.107996702194,8034.581542015076,8562.453389167786,6915.869414806366,963.042676448822,-1888.6029720306396,-457.77201652526855,1031.1505943536758
1,864,12.959999999999999,8728.709816932678,5768.726244568825,8332.362174987793,9214.474856853485,1327.601820230484,-2265.855297446251,-230.09121417999268,2298.605442047119
1,865,12.975,9887.907207012177,5000.0,7516.04825258255,10000.0,1159.1973900794983,-768.7262445688248,-816.3139224052429,785.5251431465149
1,866,12.99,9959.90127325058,5000.0,6002.278253436089,9981.314837932587,71.99406623840332,0.0,-1513.7699991464615,-18.68516206741333
1,867,13.004999999999999,9552.637338638306,5000.0,6095.65868973732,9983.261525630951,-407.26393461227417,0.0,93.38043630123138,1.9466876983642578
1,868,13.02,8259.673118591309,5757.033452391624,5938.3875876665115,9565.033912658691,-1292.964220046997,757.0334523916245,-157.2711020708084,-418.2276129722595
1,869,13.035,8262.512385845184,6704.806387424469,6090.314537286758,9458.853006362915,2.8392672538757324,947.7729350328445,151.9269496202469,-106.18090629577637
1,870,13.049999999999999,8801.273703575134,7133.018672466278,6266.060918569565,8313.368558883667,538.76131772995,428.2122850418091,175.7463812828064,-1145.484447479248
1,871,13.065,7896.484434604645,8875.760734081268,7920.185029506683,7624.432444572449,-904.7892689704895,1742.7420616149902,1654.1241109371185,-688.9361143112183
1,872,13.08,7098.114192485809,9993.51441860199,9478.052854537964,6295.280009508133,-798.3702421188354,1117.7536845207214,1557.8678250312805,-1329.1524350643158
1,873,13.094999999999999,6529.737263917923,10000.0,9675.0608086586,5453.056655824184,-568.3769285678864,6.485581398010254,197.007954120636,-842.2233536839485
1,874,13.11,6126.9137263298035,9752.724766731262,9178.51209640503,5376.6001388430595,-402.8235375881195,-247.2752332687378,-496.54871225357056,-76.45651698112488
1,875,13.125,5942.121222615242,10000.0,9054.217338562012,5286.6723947227,-184.79250371456146,247.2752332687378,-124.29475784301758,-89.92774412035942
1,876,13.139999999999999,6029.872074723244,10000.0,9121.64181470871,5723.938345909119,87.75085210800171,0.0,67.424476146698,437.26595118641853
1,877,13.155,6539.658904075623,9896.641075611115,8929.501473903656,5898.810774087906,509.78682935237885,-103.3589243888855,-192.1403408050537,174.87242817878723
1,878,13.17,8063.285350799561,7133.9792013168335,8219.547271728516,7797.046601772308,1523.626446723938,-2762.661874294281,-709.9542021751404,1898.2358276844025
1,879,13.184999999999999,9685.836434364319,5393.127426505089,7727.6647090911865,9609.900414943695,1622.5510835647583,-1740.8517748117447,-491.8825626373291,1812.8538131713867
1,880,13.2,10000.0,5000.0,6624.424904584885,9943.970441818237,314.16356563568115,-393.1274265050888,-1103.2398045063019,334.07002687454224
1,881,13.215,9883.01157951355,5000.0,5642.990320920944,10000.0,-116.9884204864502,0.0,-981.4345836639404,56.029558181762695
1,882,13.229999999999999,9150.613844394684,5000.0,6089.363023638725,9903.455674648285,-732.397735118866,0.0,446.37270271778107,-96.54432535171509
1,883,13.245,8099.609613418579,5487.797185778618,5540.868602693081,9253.853559494019,-1051.0042309761047,487.79718577861786,-548.4944209456444,-649.6021151542664
1,884,13.26,7580.123543739319,8233.146965503693,6769.973039627075,8988.947570323944,-519.4860696792603,2745.3497797250748,1229.1044369339943,-264.90598917007446
1,885,13.275,8152.78172492981,9002.479314804077,7351.863533258438,6992.719918489456,572.6581811904907,769.3323493003845,581.8904936313629,-1996.227651834488
1,886,13.29,7496.263086795807,10000.0,9472.690522670746,5613.488592207432,-656.5186381340027,997.5206851959229,2120.8269894123077,-1379.2313262820244
1,887,13.305,6964.1949236392975,9303.011298179626,9297.496974468231,6001.439318060875,-532.0681631565094,-696.9887018203735,-175.19354820251465,387.95072585344315
1,888,13.32,6780.076622962952,8422.906696796417,8353.462815284729,6856.9618463516235,-184.11830067634583,-880.1046013832092,-944.0341591835022,855.5225282907486
1,889,13.334999999999999,6781.852841377258,9002.282619476318,8266.568183898926,6829.115152359009,1.7762184143066406,579.3759226799011,-86.89463138580322,-27.846693992614746
1,890,13.35,6735.135614871979,9286.075234413147,7757.755815982819,7252.129018306732,-46.71722650527954,283.7926149368286,-508.8123679161072,423.0138659477234
1,891,13.365,7253.007590770721,8957.203924655914,7827.65120267868,8139.422535896301,517.8719758987427,-328.87130975723267,69.89538669586182,887.2935175895691
1,892,13.379999999999999,8292.612135410309,7049.820423126221,7529.262900352478,9184.560775756836,1039.6045446395874,-1907.3835015296936,-298.3883023262024,1045.1382398605347
1,893,13.395,8868.12537908554,5000.0,6964.854151010513,10000.0,575.5132436752319,-2049.8204231262207,-564.4087493419647,815.4392242431641
1,894,13.41,8602.208197116852,5000.0,6880.811154842377,9748.237431049347,-265.91718196868896,0.0,-84.0429961681366,-251.76256895065308
1,895,13.424999999999999,8019.23006772995,5780.723541975021,7160.892933607101,9645.216166973114,-582.9781293869019,780.7235419750214,280.08177876472473,-103.02126407623291
1,896,13.44,6951.693892478943,5250.2671256661415,6449.392884969711,8992.516994476318,-1067.536175251007,-530.4564163088799,-711.5000486373901,-652.6991724967957
1,897,13.455,6762.537956237793,8973.75375032425,8182.762265205383,7119.789719581604,-189.1559362411499,3723.4866246581078,1733.369380235672,-1872.7272748947144
1,898,13.469999999999999,7287.238389253616,10000.0,8955.895006656647,5114.036723971367,524.7004330158234,1026.2462496757507,773.1327414512634,-2005.7529956102371
1,899,13.485,7177.726030349731,9871.893227100372,8876.573145389557,5807.676985859871,-109.51235890388489,-128.10677289962769,-79.32186126708984,693.640261888504
1,900,13.5,7155.81938624382,10000.0,8560.166358947754,5454.622507095337,-21.906644105911255,128.10677289962769,-316.406786441803,-353.054478764534
1,901,13.514999999999999,6691.256612539291,10000.0,8324.340283870697,5504.639782011509,-464.5627737045288,0.0,-235.82607507705688,50.01727491617203
1,902,13.53,6777.288019657135,10000.0,8675.132989883423,5826.270654797554,86.03140711784363,0.0,350.79270601272583,321.6308727860451
1,903,13.545,7618.9762353897095,9365.4865026474,8357.740938663483,6520.616859197617,841.6882157325745,-634.5134973526001,-317.3920512199402,694.3462044000626
1,904,13.559999999999999,8679.125010967255,6879.002749919891,8099.361062049866,8543.716073036194,1060.1487755775452,-2486.4837527275085,-258.37987661361694,2023.0992138385773
1,905,13.575,9412.639141082764,5216.003060340881,7794.290781021118,9795.839190483093,733.514130115509,-1662.99968957901,-305.07028102874756,1252.1231174468994
1,906,13.59,9509.215354919434,5000.0,6725.892424583435,9878.3677816391,96.57621383666992,-216.00306034088135,-1068.398356437683,82.52859115600586
1,907,13.604999999999999,9102.541506290436,5082.654040306807,6261.185109615326,9998.427927494049,-406.6738486289978,82.65404030680656,-464.70731496810913,120.06014585494995
1,908,13.62,8285.439610481262,5397.371016442776,6512.230932712555,9834.126234054565,-817.1018958091736,314.71697613596916,251.045823097229,-164.30169343948364
1,909,13.635,8275.219798088074,5834.3543112277985,6116.899698972702,9579.261243343353,-10.219812393188477,436.98329478502274,-395.3312337398529,-254.86499071121216
1,910,13.65,8015.051484107971,6853.851526975632,6657.804101705551,9457.189440727234,-260.16831398010254,1019.4972157478333,540.9044027328491,-122.07180261611938
1,911,13.665,8117.532134056091,8301.23782157898,7632.0680975914,8150.9339809417725,102.48064994812012,1447.3862946033478,974.263995885849,-1306.2554597854614
1,912,13.68,7395.987510681152,9705.920815467834,9041.709005832672,6689.309924840927,-721.544623374939,1404.682993888855,1409.640908241272,-1461.6240561008453
1,913,13.695,6927.169859409332,10000.0,9676.396250724792,5314.807184040546,-468.81765127182007,294.0791845321655,634.6872448921204,-1374.5027408003807
1,914,13.709999999999999,6506.454050540924,9755.816757678986,9010.050296783447,5696.848034858704,-420.7158088684082,-244.1832423210144,-666.3459539413452,382.0408508181572
1,915,13.725,6125.304251909256,10000.0,8785.552978515625,5273.85339140892,-381.1497986316681,244.1832423210144,-224.49731826782227,-422.9946434497833
1,916,13.74,5887.134745717049,10000.0,8666.751980781555,5632.889643311501,-238.16950619220734,0.0,-118.80099773406982,359.03625190258026
1,917,13.754999999999999,6364.575624465942,10000.0,8824.40835237503,5972.559824585915,477.44087874889374,0.0,157.65637159347534,339.67018127441406
1,918,13.77,7787.40257024765,6884.124875068665,8329.313695430756,8033.066391944885,1422.8269457817078,-3115.8751249313354,-495.0946569442749,2060.5065673589706
1,919,13.785,9310.83858013153,5233.134422451258,7946.480810642242,9777.585566043854,1523.4360098838806,-1650.9904526174068,-382.8328847885132,1744.5191740989685
1,920,13.799999999999999,10000.0,5000.0,6700.622141361237,9967.354834079742,689.1614198684692,-233.1344224512577,-1245.8586692810059,189.76926803588867
1,921,13.815,9834.143817424774,5000.0,5577.386952936649,10000.0,-165.85618257522583,0.0,-1123.2351884245872,32.64516592025757
1,922,13.83,8916.484117507935,5000.0,5985.582992434502,9865.923821926117,-917.6596999168396,0.0,408.1960394978523,-134.07617807388306
1,923,13.844999999999999,7711.414396762848,5234.432741999626,5387.893542647362,9173.476994037628,-1205.0697207450867,234.43274199962616,-597.6894497871399,-692.4468278884888
1,924,13.86,7424.618750810623,8774.126470088959,7195.585668087006,8350.020945072174,-286.79564595222473,3539.6937280893326,1807.6921254396439,-823.4560489654541
1,925,13.875,7898.493707180023,9910.897314548492,8079.751431941986,6425.548046827316,473.8749563694,1136.7708444595337,884.1657638549805,-1924.4728982448578
1,926,13.889999999999999,7531.347274780273,10000.0,9614.335298538208,5489.305108785629,-367.14643239974976,89.10268545150757,1534.583866596222,-936.242938041687
1,927,13.905,6817.9769814014435,9528.882801532745,8972.778022289276,6134.6374452114105,-713.37029337883,-471.11719846725464,-641.5572762489319,645.3323364257812
1,928,13.92,6714.092046022415,9720.353782176971,8370.460867881775,5954.2471915483475,-103.88493537902832,191.47098064422607,-602.3171544075012,-180.39025366306305
1,929,13.934999999999999,6302.120238542557,10000.0,8213.28580379486,5803.2601326704025,-411.9718074798584,279.64621782302856,-157.17506408691406,-150.98705887794495
1,930,13.95,6424.936354160309,9708.830118179321,8233.117461204529,6719.256490468979,122.81611561775208,-291.1698818206787,19.83165740966797,915.9963577985764
1,931,13.965,7591.502666473389,6437.991559505463,8112.101256847382,8664.166927337646,1166.5663123130798,-3270.8385586738586,-121.01620435714722,1944.9104368686676
1,932,13.979999999999999,8987.686932086945,5000.0,7808.3401918411255,10000.0,1396.184265613556,-1437.9915595054626,-303.7610650062561,1335.8330726623535
1,933,13.995,9757.433831691742,5000.0,6105.578690767288,9954.7678232193,769.7468996047974,0.0,-1702.7615010738373,-45.232176780700684
1,934,14.01,9517.068266868591,5076.9629795104265,5995.5791383981705,10000.0,-240.36556482315063,76.96297951042652,-109.99955236911774,45.232176780700684
1,935,14.025,8273.065686225891,5435.0510612130165,6170.864254236221,9978.068768978119,-1244.0025806427002,358.08808170259,175.28511583805084,-21.931231021881104
1,936,14.04,7491.250932216644,5757.738649845123,5982.956141233444,9403.318166732788,-781.8147540092468,322.6875886321068,-187.9081130027771,-574.7506022453308
1,937,14.055,7716.324329376221,9149.924218654633,7631.54923915863,7906.402051448822,225.07339715957642,3392.1855688095093,1648.5930979251862,-1496.916115283966
1,938,14.07,7653.287649154663,10000.0,9065.40960073471,5835.955440998077,-63.03668022155762,850.0757813453674,1433.8603615760803,-2070.4466104507446
1,939,14.084999999999999,6918.583065271378,10000.0,9534.164369106293,5695.305839180946,-734.7045838832855,0.0,468.75476837158203,-140.64960181713104
1,940,14.1,6475.901901721954,9982.572495937347,9327.27962732315,5392.821356654167,-442.6811635494232,-17.427504062652588,-206.8847417831421,-302.4844825267792
1,941,14.115,6313.904970884323,10000.0,9157.241880893707,5382.760837674141,-161.99693083763123,17.427504062652588,-170.03774642944336,-10.060518980026245
1,942,14.129999999999999,6080.1877826452255,10000.0,9284.190237522125,5817.939043045044,-233.7171882390976,0.0,126.94835662841797,435.178205370903
1,943,14.145,6487.771570682526,9802.412390708923,9093.948900699615,5944.900959730148,407.5837880373001,-197.58760929107666,-190.24133682250977,126.96191668510437
1,944,14.16,7784.954309463501,7008.4066689014435,8594.28495168686,7909.238040447235,1297.1827387809753,-2794.00572180748,-499.66394901275635,1964.3370807170868
1,945,14.174999999999999,9425.73457956314,5244.794823229313,8214.654326438904,9869.745969772339,1640.78027009964,-1763.6118456721306,-379.6306252479553,1960.5079293251038
1,946,14.19,10000.0,5000.0,6943.943947553635,10000.0,574.2654204368591,-244.7948232293129,-1270.7103788852692,130.25403022766113
1,947,14.205,9886.785745620728,5000.0,5608.573220670223,10000.0,-113.21425437927246,0.0,-1335.3707268834114,0.0
1,948,14.219999999999999,9111.400842666626,5000.0,5958.860963582993,9870.858192443848,-775.3849029541016,0.0,350.2877429127693,-129.14180755615234
1,949,14.235,7752.667665481567,5334.1203182935715,5383.580178022385,9188.974499702454,-1358.7331771850586,334.1203182935715,-575.2807855606079,-681.883692741394
1,950,14.25,7394.053786993027,8825.570344924927,7197.142541408539,8520.44016122818,-358.61387848854065,3491.4500266313553,1813.5623633861542,-668.5343384742737
1,951,14.264999999999999,8122.265636920929,9870.420396327972,7982.67126083374,6804.095357656479,728.2118499279022,1044.8500514030457,785.5287194252014,-1716.344803571701
1,952,14.28,7734.892964363098,10000.0,9664.243757724762,5578.974187374115,-387.3726725578308,129.5796036720276,1681.5724968910217,-1225.121170282364
1,953,14.295,6930.899024009705,9851.129055023193,9242.908656597137,5808.75962972641,-803.9939403533936,-148.87094497680664,-421.3351011276245,229.78544235229492
1,954,14.309999999999999,6609.3601286411285,9959.26320552826,8634.782433509827,5805.8009296655655,-321.53889536857605,108.13415050506592,-608.1262230873108,-2.9587000608444214
1,955,14.325,6189.72472846508,10000.0,8354.784846305847,5640.3473019599915,-419.6354001760483,40.73679447174072,-279.9975872039795,-165.45362770557404
1,956,14.34,6478.348821401596,9939.99868631363,8481.521308422089,6528.538316488266,288.6240929365158,-60.00131368637085,126.73646211624146,888.1910145282745
1,957,14.354999999999999,7629.048228263855,6562.4260902404785,8199.217319488525,8745.306730270386,1150.699406862259,-3377.5725960731506,-282.30398893356323,2216.7684137821198
1,958,14.37,9069.136083126068,5017.642918974161,8046.522736549377,10000.0,1440.0878548622131,-1544.7831712663174,-152.69458293914795,1254.6932697296143
1,959,14.385,9790.588915348053,5000.0,6383.131593465805,9907.469153404236,721.4528322219849,-17.642918974161148,-1663.3911430835724,-92.53084659576416
1,960,14.399999999999999,9597.697854042053,5123.513573780656,5995.41112780571,10000.0,-192.89106130599976,123.51357378065586,-387.7204656600952,92.53084659576416
1,961,14.415,8337.333500385284,5408.363044261932,6187.740340828896,9951.71457529068,-1260.3643536567688,284.8494704812765,192.32921302318573,-48.28542470932007
1,962,14.43,7586.422562599182,5589.960627257824,5805.299207568169,9355.57633638382,-750.9109377861023,181.59758299589157,-382.44113326072693,-596.1382389068604
1,963,14.445,7505.858242511749,9132.981598377228,7634.936273097992,8048.063218593597,-80.56432008743286,3543.020971119404,1829.6370655298233,-1307.5131177902222
1,964,14.459999999999999,7688.140571117401,10000.0,8998.678624629974,6006.913855671883,182.28232860565186,867.0184016227722,1363.7423515319824,-2041.1493629217148
1,965,14.475,6999.268680810928,10000.0,9543.953239917755,5691.709071397781,-688.8718903064728,0.0,545.2746152877808,-315.20478427410126
1,966,14.49,6657.15292096138,10000.0,9196.40064239502,5539.559572935104,-342.11575984954834,0.0,-347.5525975227356,-152.149498462677
1,967,14.504999999999999,6439.14982676506,9988.636076450348,9055.04286289215,5426.32918804884,-218.00309419631958,-11.3639235496521,-141.35777950286865,-113.2303848862648
1,968,14.52,6147.171929478645,10000.0,9093.749523162842,5828.183963894844,-291.9778972864151,11.3639235496521,38.70666027069092,401.8547758460045
1,969,14.535,6792.500466108322,10000.0,9034.684300422668,6208.625361323357,645.3285366296768,0.0,-59.06522274017334,380.4413974285126
1,970,14.549999999999999,8028.372228145599,6875.553280115128,8404.23732995987,8371.030390262604,1235.8717620372772,-3124.4467198848724,-630.4469704627991,2162.405028939247
1,971,14.565,9494.507908821106,5162.964463233948,8195.292949676514,9964.424073696136,1466.1356806755066,-1712.5888168811798,-208.9443802833557,1593.3936834335327
1,972,14.58,10000.0,5000.0,6861.316561698914,9953.625202178955,505.49209117889404,-162.96446323394775,-1333.9763879776,-10.798871517181396
1,973,14.594999999999999,9835.088849067688,5001.054629683495,5821.748897433281,10000.0,-164.911150932312,1.0546296834945679,-1039.5676642656326,46.37479782104492
1,974,14.61,8760.841488838196,5034.691644832492,6062.132567167282,9875.48679113388,-1074.2473602294922,33.63701514899731,240.38366973400116,-124.51320886611938
1,975,14.625,7811.526358127594,5429.512783885002,5555.113404989243,9316.847622394562,-949.3151307106018,394.82113905251026,-507.01916217803955,-558.6391687393188
1,976,14.639999999999999,7407.329827547073,8748.485743999481,7213.7559950351715,8602.465093135834,-404.19653058052063,3318.972960114479,1658.642590045929,-714.382529258728
1,977,14.655,7914.449870586395,9924.32713508606,8206.179440021515,6769.555509090424,507.1200430393219,1175.8413910865784,992.4234449863434,-1832.9095840454102
1,978,14.67,7442.01272726059,10000.0,9694.275259971619,5519.3910375237465,-472.43714332580566,75.67286491394043,1488.0958199501038,-1250.164471566677
1,979,14.684999999999999,6736.6136610507965,9832.075536251068,9122.508466243744,5798.807442188263,-705.3990662097931,-167.92446374893188,-571.7667937278748,279.41640466451645
1,980,14.7,6519.613415002823,10000.0,8627.64298915863,5713.459253311157,-217.00024604797363,167.92446374893188,-494.8654770851135,-85.34818887710571
1,981,14.715,6235.9718978405,10000.0,8435.71662902832,5745.594650506973,-283.641517162323,0.0,-191.92636013031006,32.13539719581604
1,982,14.729999999999999,6527.483761310577,10000.0,8653.14394235611,6481.751650571823,291.5118634700775,0.0,217.4273133277893,736.1570000648499
1,983,14.745,7662.214934825897,6663.694083690643,8230.56161403656,8729.44712638855,1134.7311735153198,-3336.3059163093567,-422.58232831954956,2247.6954758167267
1,984,14.76,9109.11649465561,5066.189644858241,8103.318810462952,10000.0,1446.901559829712,-1597.5044388324022,-127.2428035736084,1270.5528736114502
1,985,14.774999999999999,9827.256500720978,5000.0,6509.810239076614,9888.282418251038,718.1400060653687,-66.18964485824108,-1593.5085713863373,-111.7175817489624
1,986,14.79,9617.517292499542,5088.502075523138,5978.191941976547,10000.0,-209.73920822143555,88.50207552313805,-531.6182971000671,111.7175817489624
1,987,14.805,8354.522287845612,5362.500995397568,6205.540150403976,9941.577017307281,-1262.9950046539307,273.9989198744297,227.3482084274292,-58.422982692718506
1,988,14.82,7587.531805038452,5495.786778628826,5729.61613535881,9329.036474227905,-766.9904828071594,133.2857832312584,-475.924015045166,-612.5405430793762
1,989,14.834999999999999,7405.561059713364,9045.571386814117,7574.36066865921,8086.086809635162,-181.9707453250885,3549.7846081852913,1844.7445333003998,-1242.949664592743
1,990,14.85,7651.744782924652,10000.0,8869.546055793762,6041.533648967743,246.18372321128845,954.4286131858826,1295.185387134552,-2044.5531606674194
1,991,14.865,7045.833021402359,10000.0,9525.683224201202,5655.602663755417,-605.9117615222931,0.0,656.1371684074402,-385.93098521232605
1,992,14.879999999999999,6689.841449260712,10000.0,9051.478505134583,5608.702041208744,-355.99157214164734,0.0,-474.2047190666199,-46.90062254667282
1,993,14.895,6498.105973005295,9995.850920677185,8871.151804924011,5412.719063460827,-191.73547625541687,-4.149079322814941,-180.3267002105713,-195.98297774791718
1,994,14.91,6196.252703666687,10000.0,8728.034794330597,5764.731988310814,-301.8532693386078,4.149079322814941,-143.1170105934143,352.01292484998703
1,995,14.924999999999999,6892.492175102234,9926.606118679047,8843.752443790436,6347.775459289551,696.2394714355469,-73.39388132095337,115.71764945983887,583.0434709787369
1,996,14.94,8094.649910926819,6644.780188798904,8288.25443983078,8635.62136888504,1202.157735824585,-3281.825929880142,-555.4980039596558,2287.8459095954895
1,997,14.955,9408.523738384247,5057.594459503889,8116.326034069061,9995.197057723999,1313.873827457428,-1587.1857292950153,-171.92840576171875,1359.5756888389587
1,998,14.969999999999999,9910.809397697449,5000.0,6715.333461761475,9900.524616241455,502.2856593132019,-57.594459503889084,-1400.9925723075867,-94.67244148254395
1,999,14.985,9710.899591445923,5046.9727627933025,5948.393866419792,10000.0,-199.90980625152588,46.972762793302536,-766.9395953416824,99.47538375854492
1,1000,15.0,8497.56121635437,5250.228755176067,6169.524788856506,9864.58271741867,-1213.3383750915527,203.25599238276482,221.13092243671417,-135.41728258132935
1,1001,15.014999999999999,7912.237048149109,5564.174987375736,5678.371861577034,9410.114884376526,-585.3241682052612,313.9462321996689,-491.15292727947235,-454.4678330421448
1,1002,15.03,7520.284354686737,8487.909734249115,7175.675481557846,8736.704885959625,-391.9526934623718,2923.7347468733788,1497.303619980812,-673.4099984169006
1,1003,15.045,7820.660471916199,9914.779365062714,8297.803699970245,6722.208261489868,300.37611722946167,1426.8696308135986,1122.1282184123993,-2014.496624469757
1,1004,15.059999999999999,7327.990382909775,10000.0,9709.624350070953,5496.744066476822,-492.67008900642395,85.22063493728638,1411.820650100708,-1225.4641950130463
1,1005,15.075,6696.809232234955,9849.841892719269,9150.296747684479,5746.598169207573,-631.18115067482,-150.1581072807312,-559.3276023864746,249.85410273075104
1,1006,15.09,6468.06538105011,10000.0,8691.527843475342,5570.334643125534,-228.74385118484497,150.1581072807312,-458.76890420913696,-176.26352608203888
1,1007,15.104999999999999,6174.481064081192,10000.0,8549.023270606995,5690.839737653732,-293.58431696891785,0.0,-142.50457286834717,120.50509452819824
1,1008,15.12,6484.173983335495,10000.0,8783.341646194458,6233.190968632698,309.692919254303,0.0,234.31837558746338,542.3512309789658
1,1009,15.135,7662.113606929779,7005.221396684647,8301.352560520172,8289.318680763245,1177.939623594284,-2994.7786033153534,-481.9890856742859,2056.1277121305466
1,1010,15.149999999999999,9060.031175613403,5205.013267695904,8126.649856567383,9904.067516326904,1397.9175686836243,-1800.2081289887428,-174.7027039527893,1614.7488355636597
1,1011,15.165,9920.287728309631,5000.0,6763.192564249039,9974.566102027893,860.256552696228,-205.01326769590378,-1363.4572923183441,70.49858570098877
1,1012,15.18,9741.819202899933,5000.0,5842.2500640153885,10000.0,-178.4685254096985,0.0,-920.9425002336502,25.433897972106934
1,1013,15.195,8594.091832637787,5174.682755023241,6181.9858103990555,9916.794002056122,-1147.727370262146,174.68275502324104,339.735746383667,-83.20599794387817
1,1014,15.209999999999999,7608.919143676758,5267.67598465085,5528.506748378277,9234.027862548828,-985.172688961029,92.99322962760925,-653.4790620207787,-682.7661395072937
1,1015,15.225,7178.089022636414,8973.468542098999,7539.567053318024,8114.595711231232,-430.83012104034424,3705.7925574481487,2011.0603049397469,-1119.4321513175964
1,1016,15.24,7594.94811296463,10000.0,8680.724501609802,6169.619634747505,416.85909032821655,1026.531457901001,1141.1574482917786,-1944.9760764837265
1,1017,15.254999999999999,7163.646966218948,10000.0,9527.995884418488,5620.460957288742,-431.30114674568176,0.0,847.2713828086853,-549.1586774587631
1,1018,15.27,6728.194952011108,9925.268292427063,8903.485536575317,5838.220715522766,-435.45201420783997,-74.73170757293701,-624.5103478431702,217.75975823402405
1,1019,15.285,6682.109385728836,10000.0,8625.373244285583,5517.993904650211,-46.08556628227234,74.73170757293701,-278.1122922897339,-320.2268108725548
1,1020,15.299999999999999,6312.888860702515,10000.0,8153.735995292664,5685.975030064583,-369.2205250263214,0.0,-471.6372489929199,167.9811254143715
1,1021,15.315,6823.992431163788,9408.57321023941,8432.382047176361,6692.408472299576,511.1035704612732,-591.4267897605896,278.6460518836975,1006.433442234993
1,1022,15.33,8121.9446659088135,6054.526939988136,8118.270933628082,9144.054055213928,1297.9522347450256,-3354.046270251274,-314.1111135482788,2451.6455829143524
1,1023,15.344999999999999,9410.137236118317,5000.0,7718.203067779541,10000.0,1288.1925702095032,-1054.5269399881363,-400.06786584854126,855.9459447860718
1,1024,15.36,9767.891466617584,5000.0,6086.558476090431,9881.213903427124,357.7542304992676,0.0,-1631.6445916891098,-118.78609657287598
1,1025,15.375,9533.076286315918,5036.3705214113,6092.137843370438,10000.0,-234.81518030166626,36.370521411299706,5.579367280006409,118.78609657287598
1,1026,15.389999999999999,8102.310299873352,5580.282509326935,6050.492823123932,9786.34089231491,-1430.765986442566,543.9119879156351,-41.64502024650574,-213.6591076850891
1,1027,15.405,7692.175209522247,6338.780373334885,6089.780032634735,9471.001327037811,-410.13509035110474,758.4978640079498,39.28720951080322,-315.3395652770996
1,1028,15.42,8214.848339557648,8700.540363788605,7200.581580400467,8223.254680633545,522.6731300354004,2361.75999045372,1110.8015477657318,-1247.7466464042664
1,1029,15.434999999999999,7780.829668045044,10000.0,8893.040418624878,6268.842071294785,-434.01867151260376,1299.4596362113953,1692.458838224411,-1954.4126093387604
1,1030,15.45,6907.608658075333,10000.0,9680.51940202713,5672.532021999359,-873.2210099697113,0.0,787.4789834022522,-596.3100492954254
1,1031,15.465,6442.835032939911,9971.831142902374,9328.503906726837,5499.015524983406,-464.77362513542175,-28.168857097625732,-352.01549530029297,-173.51649701595306
1,1032,15.479999999999999,6176.418960094452,9976.471960544586,9197.731912136078,5386.8429362773895,-266.416072845459,4.640817642211914,-130.77199459075928,-112.17258870601654
1,1033,15.495,5939.81146812439,10000.0,9235.681593418121,5769.030973315239,-236.60749197006226,23.52803945541382,37.94968128204346,382.1880370378494
1,1034,15.51,6485.268920660019,9966.009557247162,9147.83775806427,6039.50597345829,545.4574525356293,-33.990442752838135,-87.84383535385132,270.47500014305115
1,1035,15.524999999999999,7723.648250102997,7118.3595061302185,8577.43114233017,7869.17507648468,1238.379329442978,-2847.6500511169434,-570.4066157341003,1829.66910302639
1,1036,15.54,9304.444789886475,5296.988226473331,8310.627043247223,9801.25516653061,1580.7965397834778,-1821.371279656887,-266.8040990829468,1932.080090045929
1,1037,15.555,10000.0,5000.0,7183.18834900856,10000.0,695.5552101135254,-296.98822647333145,-1127.4386942386627,198.74483346939087
1,1038,15.57,9935.546219348907,5000.0,5775.66884458065,10000.0,-64.45378065109253,0.0,-1407.5195044279099,0.0
1,1039,15.584999999999999,9292.953908443451,5000.0,6122.9244619607925,9946.829080581665,-642.5923109054565,0.0,347.2556173801422,-53.17091941833496
1,1040,15.6,7846.333086490631,5353.731699287891,5530.139058828354,9309.967160224915,-1446.6208219528198,353.7316992878914,-592.7854031324387,-636.8619203567505
1,1041,15.615,7408.677190542221,8457.00979232788,6922.233402729034,8776.450157165527,-437.65589594841003,3103.2780930399895,1392.0943439006805,-533.5170030593872
1,1042,15.629999999999999,8167.398571968079,9489.031434059143,7477.8299033641815,6851.800382137299,758.7213814258575,1032.0216417312622,555.5965006351471,-1924.6497750282288
1,1043,15.645,7714.008688926697,10000.0,9436.06048822403,5509.979985654354,-453.38988304138184,510.96856594085693,1958.230584859848,-1341.8203964829445
1,1044,15.66,6991.603225469589,9677.829444408417,9211.318492889404,5850.736424326897,-722.4054634571075,-322.17055559158325,-224.74199533462524,340.7564386725426
1,1045,15.674999999999999,6655.159592628479,9337.365925312042,8402.262330055237,6180.130615830421,-336.44363284111023,-340.4635190963745,-809.0561628341675,329.3941915035248
1,1046,15.69,6388.129442930222,10000.0,8349.382281303406,5812.206864356995,-267.03014969825745,662.6340746879578,-52.880048751831055,-367.9237514734268
1,1047,15.705,6402.295529842377,10000.0,7901.879847049713,6111.64428293705,14.166086912155151,0.0,-447.5024342536926,299.43741858005524
1,1048,15.719999999999999,7157.323658466339,8133.7374448776245,8139.365315437317,7507.805824279785,755.0281286239624,-1866.2625551223755,237.48546838760376,1396.1615413427353
1,1049,15.735,8403.944969177246,5467.174723744392,8018.000423908234,9757.454991340637,1246.621310710907,-2666.562721133232,-121.36489152908325,2249.649167060852
1,1050,15.75,9614.152312278748,5000.0,7047.3964512348175,10000.0,1210.2073431015015,-467.1747237443924,-970.6039726734161,242.5450086593628
1,1051,15.764999999999999,9493.169784545898,5000.0,6142.697259783745,10000.0,-120.98252773284912,0.0,-904.6991914510727,0.0
1,1052,15.78,8660.205602645874,5000.0,6597.258746623993,10000.0,-832.9641819000244,0.0,454.5614868402481,0.0
1,1053,15.795,7310.8696937561035,5210.335366427898,5781.176760792732,9199.14960861206,-1349.3359088897705,210.3353664278984,-816.0819858312607,-800.8503913879395
1,1054,15.809999999999999,7060.621976852417,8721.430897712708,7555.141448974609,8439.611792564392,-250.24771690368652,3511.095531284809,1773.9646881818771,-759.5378160476685
1,1055,15.825,7438.935935497284,10000.0,8556.861877441406,6519.997119903564,378.31395864486694,1278.5691022872925,1001.7204284667969,-1919.6146726608276
1,1056,15.84,7341.311573982239,10000.0,9552.355110645294,5667.089447379112,-97.62436151504517,0.0,995.4932332038879,-852.9076725244522
1,1057,15.854999999999999,7017.756849527359,9885.506331920624,9049.534499645233,5864.328369498253,-323.55472445487976,-114.49366807937622,-502.82061100006104,197.23892211914062
1,1058,15.87,6864.647716283798,10000.0,8816.104233264923,5646.588429808617,-153.1091332435608,114.49366807937622,-233.43026638031006,-217.73993968963623
1,1059,15.885,6344.179809093475,9871.27274274826,8234.029710292816,5679.466649889946,-520.4679071903229,-128.7272572517395,-582.0745229721069,32.878220081329346
1,1060,15.899999999999999,6706.089228391647,9064.72533941269,8282.63133764267,6751.567870378494,361.909419298172,-806.5474033355713,48.601627349853516,1072.1012204885483
1,1061,15.915,8092.157542705536,5918.681025505066,7958.147823810577,9178.739488124847,1386.0683143138885,-3146.0443139076233,-324.4835138320923,2427.171617746353
1,1062,15.93,9524.495601654053,5000.0,7445.509284734726,10000.0,1432.3380589485168,-918.6810255050659,-512.6385390758514,821.2605118751526
1,1063,15.945,9806.649386882782,5000.0,5705.049112439156,9944.251477718353,282.15378522872925,0.0,-1740.4601722955704,-55.74852228164673
1,1064,15.959999999999999,9568.583071231842,5103.8664393126965,6082.617864012718,10000.0,-238.06631565093994,103.86643931269646,377.5687515735626,55.74852228164673
1,1065,15.975,7839.97505903244,5397.457145154476,5702.068582177162,9506.978690624237,-1728.6080121994019,293.5907058417797,-380.54928183555603,-493.02130937576294
1,1066,15.99,7124.174535274506,7668.457925319672,6817.852556705475,9064.409732818604,-715.8005237579346,2271.0007801651955,1115.7839745283127,-442.56895780563354
1,1067,16.005,8316.95944070816,9272.891879081726,7741.310298442841,7524.569630622864,1192.7849054336548,1604.4339537620544,923.4577417373657,-1539.8401021957397
1,1068,16.02,7598.983943462372,10000.0,9561.710953712463,6164.528653025627,-717.9754972457886,727.1081209182739,1820.4006552696228,-1360.0409775972366
1,1069,16.035,6990.158557891846,10000.0,9677.883982658386,5572.1912160515785,-608.8253855705261,0.0,116.17302894592285,-592.3374369740486
1,1070,16.05,6476.624011993408,9854.237735271454,9200.516045093536,5551.224574446678,-513.5345458984375,-145.76226472854614,-477.36793756484985,-20.96664160490036
1,1071,16.064999999999998,6055.226773023605,10000.0,9113.678336143494,5455.464236438274,-421.39723896980286,145.76226472854614,-86.83770895004272,-95.76033800840378
1,1072,16.08,6220.490634441376,10000.0,9146.49099111557,5922.098830342293,165.26386141777039,0.0,32.812654972076416,466.6345939040184
1,1073,16.095,7147.616446018219,8680.707216262817,8638.018369674683,6612.96933889389,927.1258115768433,-1319.2927837371826,-508.47262144088745,690.8705085515976
1,1074,16.11,8494.143187999725,5882.285609841347,8318.7735080719,9059.025645256042,1346.5267419815063,-2798.4216064214706,-319.2448616027832,2446.056306362152
1,1075,16.125,9772.052764892578,5000.0,7712.051272392273,10000.0,1277.9095768928528,-882.2856098413467,-606.7222356796265,940.9743547439575
1,1076,16.14,10000.0,5000.0,6120.576336979866,9969.050884246826,227.94723510742188,0.0,-1591.474935412407,-30.949115753173828
1,1077,16.155,9700.091481208801,5000.0,5987.947434186935,10000.0,-299.90851879119873,0.0,-132.6289027929306,30.949115753173828
1,1078,16.169999999999998,8264.787793159485,5534.087531268597,5888.482108712196,9725.684225559235,-1435.3036880493164,534.0875312685966,-99.46532547473907,-274.3157744407654
1,1079,16.185,8014.322221279144,6299.276947975159,5886.720344424248,9492.117762565613,-250.46557188034058,765.189416706562,-1.7617642879486084,-233.56646299362183
1,1080,16.2,8459.639847278595,8105.146586894989,6652.796119451523,8328.67294549942,445.3176259994507,1805.8696389198303,766.0757750272751,-1163.4448170661926
1,1081,16.215,8038.793206214905,9839.09547328949,8242.172300815582,6709.083914756775,-420.8466410636902,1733.9488863945007,1589.3761813640594,-1619.5890307426453
1,1082,16.23,7249.630391597748,10000.0,9651.381373405457,5750.992298126221,-789.162814617157,160.90452671051025,1409.2090725898743,-958.0916166305542
1,1083,16.245,6645.60467004776,9963.368773460388,9418.816268444061,5489.786192774773,-604.0257215499878,-36.631226539611816,-232.56510496139526,-261.20610535144806
1,1084,16.259999999999998,6256.55397772789,9873.016774654388,9160.317778587341,5345.505885779858,-389.05069231987,-90.35199880599976,-258.49848985671997,-144.280306994915
1,1085,16.275,5998.971164226532,10000.0,9140.364825725555,5583.8460847735405,-257.58281350135803,126.98322534561157,-19.95295286178589,238.34019899368286
1,1086,16.29,6373.035758733749,10000.0,9125.487208366394,5920.34824192524,374.0645945072174,0.0,-14.877617359161377,336.50215715169907
1,1087,16.305,7129.070162773132,8374.621272087097,8715.656697750092,6693.391650915146,756.0344040393829,-1625.3787279129028,-409.8305106163025,773.0434089899063
1,1088,16.32,8491.990268230438,5818.385258316994,8463.331758975983,9095.125794410706,1362.920105457306,-2556.2360137701035,-252.3249387741089,2401.7341434955597
1,1089,16.335,9778.911769390106,5000.0,7854.501008987427,10000.0,1286.921501159668,-818.3852583169937,-608.8307499885559,904.8742055892944
1,1090,16.349999999999998,10000.0,5000.0,6258.527934551239,9985.52680015564,221.0882306098938,0.0,-1595.9730744361877,-14.473199844360352
1,1091,16.365,9646.852910518646,5000.0,6048.99175465107,10000.0,-353.14708948135376,0.0,-209.53617990016937,14.473199844360352
1,1092,16.38,8393.775224685669,5664.28154706955,6092.941015958786,9788.439869880676,-1253.0776858329773,664.2815470695496,43.94926130771637,-211.56013011932373
1,1093,16.395,8260.532915592194,5916.471630334854,5857.182815670967,9590.265154838562,-133.24230909347534,252.19008326530457,-235.7582002878189,-198.17471504211426
1,1094,16.41,8055.729866027832,7669.765651226044,6670.2549159526825,8720.646798610687,-204.80304956436157,1753.2940208911896,813.0721002817154,-869.6183562278748
1,1095,16.425,8002.590537071228,9496.922492980957,7851.693332195282,7122.86502122879,-53.139328956604004,1827.1568417549133,1181.4384162425995,-1597.781777381897
1,1096,16.439999999999998,7342.415153980255,10000.0,9501.035809516907,5854.390189051628,-660.1753830909729,503.07750701904297,1649.3424773216248,-1268.4748321771622
1,1097,16.455,6704.389601945877,10000.0,9477.009177207947,5446.058623492718,-638.025552034378,0.0,-24.02663230895996,-408.33156555891037
1,1098,16.47,6222.217753529549,9837.250411510468,9054.330587387085,5316.396169364452,-482.17184841632843,-162.74958848953247,-422.6785898208618,-129.66245412826538
1,1099,16.485,5906.491130590439,10000.0,8948.018252849579,5387.411341071129,-315.7266229391098,162.74958848953247,-106.3123345375061,71.01517170667648
1,1100,16.5,6234.039142727852,10000.0,9081.544280052185,5873.032957315445,327.548012137413,0.0,133.5260272026062,485.6216162443161
1,1101,16.515,6797.788590192795,9157.925248146057,8699.463307857513,6229.417026042938,563.7494474649429,-842.0747518539429,-382.08097219467163,356.3840687274933
1,1102,16.53,8181.176483631134,6253.400295972824,8384.023308753967,8698.77576828003,1383.3878934383392,-2904.524952173233,-315.43999910354614,2469.358742237091
1,1103,16.544999999999998,9606.982469558716,5000.0,7954.443991184235,9913.23322057724,1425.8059859275818,-1253.400295972824,-429.57931756973267,1214.4574522972107
1,1104,16.56,10000.0,5000.0,6430.802047252655,9920.953512191772,393.0175304412842,0.0,-1523.6419439315796,7.720291614532471
1,1105,16.575,9761.934876441956,5000.0,5848.358273506165,10000.0,-238.06512355804443,0.0,-582.4437737464905,79.04648780822754
1,1106,16.59,8520.01667022705,5304.744318127632,6085.273027420044,9859.221875667572,-1241.9182062149048,304.74431812763214,236.9147539138794,-140.77812433242798
1,1107,16.605,8097.332715988159,5542.587712407112,5616.923049092293,9413.076341152191,-422.6839542388916,237.84339427947998,-468.34997832775116,-446.14553451538086
1,1108,16.62,7635.113000869751,8131.896555423737,6958.501040935516,8772.188127040863,-462.2197151184082,2589.3088430166245,1341.5779918432236,-640.8882141113281
1,1109,16.634999999999998,7826.130986213684,9572.459757328033,7959.0195417404175,6820.643395185471,191.0179853439331,1440.5632019042969,1000.5185008049011,-1951.5447318553925
1,1110,16.65,7349.000573158264,10000.0,9658.614099025726,5521.257482469082,-477.1304130554199,427.54024267196655,1699.5945572853088,-1299.3859127163887
1,1111,16.665,6706.118583679199,9793.907701969147,9173.390567302704,5792.64797270298,-642.8819894790649,-206.09229803085327,-485.22353172302246,271.39049023389816
1,1112,16.68,6446.666866540909,9875.26148557663,8525.841236114502,5694.311335682869,-259.4517171382904,81.35378360748291,-647.5493311882019,-98.33663702011108
1,1113,16.695,6028.885096311569,10000.0,8513.093292713165,5611.380897462368,-417.7817702293396,124.73851442337036,-12.74794340133667,-82.93043822050095
1,1114,16.71,6234.323084354401,10000.0,8564.378321170807,6144.776865839958,205.43798804283142,0.0,51.2850284576416,533.3959683775902
1,1115,16.724999999999998,7213.399410247803,7702.1366357803345,8412.131369113922,7508.353888988495,979.0763258934021,-2297.8633642196655,-152.24695205688477,1363.5770231485367
1,1116,16.74,8525.36678314209,5426.421202719212,8160.078525543213,9652.94361114502,1311.967372894287,-2275.715433061123,-252.05284357070923,2144.5897221565247
1,1117,16.755,9765.135943889618,5000.0,7168.3065593242645,10000.0,1239.769160747528,-426.4212027192116,-991.7719662189484,347.05638885498047
1,1118,16.77,9679.951667785645,5000.0,5692.665874958038,10000.0,-85.18427610397339,0.0,-1475.6406843662262,0.0
1,1119,16.785,8913.98400068283,5000.0,6322.397291660309,10000.0,-765.9676671028137,0.0,629.7314167022705,0.0
1,1120,16.8,7496.937066316605,5260.573513805866,5588.434189558029,9332.273602485657,-1417.0469343662262,260.57351380586624,-733.9631021022797,-667.7263975143433
1,1121,16.814999999999998,7134.014815092087,8429.068326950073,7176.406979560852,8734.545111656189,-362.9222512245178,3168.494813144207,1587.9727900028229,-597.7284908294678
1,1122,16.83,7574.383020401001,9854.63410615921,8136.3168358802795,6807.404309511185,440.3682053089142,1425.565779209137,959.9098563194275,-1927.1408021450043
1,1123,16.845,7378.176599740982,10000.0,9648.70035648346,5518.9720168709755,-196.20642066001892,145.3658938407898,1512.38352060318,-1288.4322926402092
1,1124,16.86,6928.383409976959,9535.96830368042,9008.67074728012,6041.139289736748,-449.7931897640228,-464.0316963195801,-640.0296092033386,522.1672728657722
1,1125,16.875,6831.884682178497,9718.550145626068,8424.124419689178,5977.522060275078,-96.49872779846191,182.5818419456482,-584.5463275909424,-63.61722946166992
1,1126,16.89,6477.597206830978,10000.0,8262.493908405304,5845.634713768959,-354.2874753475189,281.4498543739319,-161.6305112838745,-131.88734650611877
1,1127,16.905,6438.814997673035,9850.65221786499,8225.148320198059,6575.574278831482,-38.782209157943726,-149.34778213500977,-37.34558820724487,729.9395650625229
1,1128,16.919999999999998,7461.609095335007,6698.193997144699,8044.483363628387,8434.744477272034,1022.794097661972,-3152.458220720291,-180.66495656967163,1859.1701984405518
1,1129,16.935,8886.287808418274,5017.022509127855,7778.182625770569,10000.0,1424.6787130832672,-1681.1714880168438,-266.3007378578186,1565.2555227279663
1,1130,16.95,9737.606048583984,5000.0,6216.843500733376,9991.413056850433,851.3182401657104,-17.0225091278553,-1561.3391250371933,-8.58694314956665
1,1131,16.965,9476.817846298218,5056.583755649626,6038.4295880794525,10000.0,-260.7882022857666,56.583755649626255,-178.41391265392303,8.58694314956665
1,1132,16.98,8318.364918231964,5430.554449558258,6240.165457129478,9965.969026088715,-1158.4529280662537,373.9706939086318,201.73586905002594,-34.0309739112854
1,1133,16.995,7491.160184144974,5566.778294742107,5828.951075673103,9276.270270347595,-827.2047340869904,136.22384518384933,-411.2143814563751,-689.6987557411194
1,1134,17.009999999999998,7469.88520026207,9145.78527212143,7658.959627151489,7698.19438457489,-21.274983882904053,3579.006977379322,1830.008551478386,-1578.075885772705
1,1135,17.025,7513.8795375823975,10000.0,9047.882854938507,5593.754313886166,43.99433732032776,854.2147278785706,1388.9232277870178,-2104.4400706887245
1,1136,17.04,6849.245727062225,9991.551339626312,9394.79798078537,5737.780034542084,-664.6338105201721,-8.448660373687744,346.9151258468628,144.02572065591812
1,1137,17.055,6578.180491924286,10000.0,9004.954397678375,5432.991348206997,-271.06523513793945,8.448660373687744,-389.84358310699463,-304.7886863350868
1,1138,17.07,6405.689120292664,10000.0,8873.407244682312,5358.9508309960365,-172.49137163162231,0.0,-131.54715299606323,-74.04051721096039
1,1139,17.085,6191.635429859161,10000.0,8877.104818820953,5798.790976405144,-214.0536904335022,0.0,3.6975741386413574,439.8401454091072
1,1140,17.099999999999998,6903.365850448608,9798.324704170227,8859.027326107025,6175.090670585632,711.730420589447,-201.67529582977295,-18.077492713928223,376.2996941804886
1,1141,17.115,8099.760711193085,6751.2838542461395,8361.35357618332,8310.270011425018,1196.3948607444763,-3047.0408499240875,-497.67374992370605,2135.179340839386
1,1142,17.13,9383.395612239838,5106.019144877791,8072.016537189484,9919.518530368805,1283.634901046753,-1645.2647093683481,-289.33703899383545,1609.2485189437866
1,1143,17.145,10000.0,5000.0,6769.101619720459,9987.129271030426,616.6043877601624,-106.0191448777914,-1302.9149174690247,67.6107406616211
1,1144,17.16,9773.055613040924,5000.0,5849.649533629417,10000.0,-226.94438695907593,0.0,-919.4520860910416,12.870728969573975
1,1145,17.175,8671.371638774872,5119.929537177086,6099.552735686302,9832.545518875122,-1101.6839742660522,119.92953717708588,249.90320205688477,-167.45448112487793
1,1146,17.189999999999998,7918.549180030823,5478.901416063309,5574.347376823425,9295.01086473465,-752.8224587440491,358.97187888622284,-525.2053588628769,-537.5346541404724
1,1147,17.205,7567.298710346222,8517.599105834961,7108.674794435501,8666.174709796906,-351.25046968460083,3038.697689771652,1534.3274176120758,-628.8361549377441
1,1148,17.22,7907.982766628265,9814.92280960083,8075.419962406158,6642.57749915123,340.68405628204346,1297.3237037658691,966.7451679706573,-2023.5972106456757
1,1149,17.235,7484.342157840729,10000.0,9669.266939163208,5470.054969191551,-423.6406087875366,185.07719039916992,1593.8469767570496,-1172.5225299596786
1,1150,17.25,6763.26259970665,9793.185293674469,9151.464402675629,5829.797014594078,-721.079558134079,-206.814706325531,-517.8025364875793,359.74204540252686
1,1151,17.265,6523.197293281555,9965.067207813263,8563.446700572968,5669.822245836258,-240.0653064250946,171.88191413879395,-588.0177021026611,-159.97476875782013
1,1152,17.28,6172.545105218887,10000.0,8418.760299682617,5629.4867396354675,-350.65218806266785,34.93279218673706,-144.68640089035034,-40.335506200790405
1,1153,17.294999999999998,6440.100967884064,10000.0,8603.153228759766,6281.483322381973,267.5558626651764,0.0,184.39292907714844,651.9965827465057
1,1154,17.31,7571.888566017151,6885.410249233246,8298.889100551605,8297.94853925705,1131.7875981330872,-3114.589750766754,-304.2641282081604,2016.4652168750763
1,1155,17.325,8972.944915294647,5136.039014905691,8058.685064315796,9930.27001619339,1401.0563492774963,-1749.3712343275547,-240.20403623580933,1632.3214769363403
1,1156,17.34,9889.18125629425,5000.0,6587.436199188232,9987.48242855072,916.2363409996033,-136.03901490569115,-1471.2488651275635,57.21241235733032
1,1157,17.355,9713.64140510559,5019.965078681707,5848.424807190895,10000.0,-175.53985118865967,19.965078681707382,-739.0113919973373,12.517571449279785
1,1158,17.37,8577.99917459488,5206.004790961742,6158.408224582672,9923.250079154968,-1135.6422305107117,186.03971228003502,309.98341739177704,-76.74992084503174
1,1159,17.384999999999998,7616.477608680725,5302.377622574568,5548.412799835205,9221.377968788147,-961.521565914154,96.3728316128254,-609.995424747467,-701.8721103668213
1,1160,17.4,7299.017012119293,9014.058709144592,7589.54644203186,8020.898997783661,-317.4605965614319,3711.6810865700245,2041.1336421966553,-1200.478971004486
1,1161,17.415,7633.311450481415,10000.0,8800.487220287323,6066.848933696747,334.2944383621216,985.9412908554077,1210.9407782554626,-1954.050064086914
1,1162,17.43,7106.550931930542,10000.0,9541.209638118744,5659.339651465416,-526.7605185508728,0.0,740.7224178314209,-407.5092822313309
1,1163,17.445,6681.84369802475,9988.534450531006,9001.828730106354,5721.287876367569,-424.70723390579224,-11.46554946899414,-539.3809080123901,61.948224902153015
1,1164,17.46,6536.722779273987,10000.0,8795.71795463562,5409.696064889431,-145.12091875076294,11.46554946899414,-206.11077547073364,-311.59181147813797
1,1165,17.474999999999998,6233.307793736458,10000.0,8451.40516757965,5691.167041659355,-303.414985537529,0.0,-344.31278705596924,281.47097676992416
1,1166,17.49,6836.555749177933,9620.649218559265,8666.435480117798,6442.113220691681,603.2479554414749,-379.35078144073486,215.03031253814697,750.9461790323257
1,1167,17.505,8143.465220928192,6274.879574775696,8202.994763851166,8877.88861989975,1306.9094717502594,-3345.7696437835693,-463.4407162666321,2435.775399208069
1,1168,17.52,9494.311213493347,5000.0,7918.19155216217,10000.0,1350.845992565155,-1274.8795747756958,-284.80321168899536,1122.1113801002502
1,1169,17.535,9946.45893573761,5000.0,6311.25345826149,9911.76038980484,452.1477222442627,0.0,-1606.9380939006805,-88.23961019515991
1,1170,17.55,9652.870297431946,5027.516805566847,5956.420600414276,10000.0,-293.58863830566406,27.516805566847324,-354.83285784721375,88.23961019515991
1,1171,17.564999999999998,8289.330899715424,5362.199805676937,6047.937422990799,9854.758977890015,-1363.5393977165222,334.6830001100898,91.51682257652283,-145.24102210998535
1,1172,17.58,7819.433510303497,5823.985785245895,5760.295018553734,9434.148967266083,-469.89738941192627,461.7859795689583,-287.6424044370651,-420.6100106239319
1,1173,17.595,7792.789340019226,8710.129857063293,7268.9032554626465,8372.425734996796,-26.64417028427124,2886.144071817398,1508.6082369089127,-1061.723232269287
1,1174,17.61,7876.255512237549,10000.0,8721.463084220886,6341.530233621597,83.46617221832275,1289.8701429367065,1452.5598287582397,-2030.8955013751984
1,1175,17.625,7080.575227737427,10000.0,9728.31815481186,5584.845654666424,-795.6802845001221,0.0,1006.8550705909729,-756.6845789551735
1,1176,17.64,6529.902517795563,9955.13379573822,9263.951480388641,5601.51495039463,-550.672709941864,-44.866204261779785,-464.3666744232178,16.669295728206635
1,1177,17.654999999999998,6245.55878341198,9983.071088790894,9097.058475017548,5394.414030015469,-284.34373438358307,27.93729305267334,-166.89300537109375,-207.10092037916183
1,1178,17.669999999999998,5995.235666632652,10000.0,9008.029103279114,5736.958160996437,-250.3231167793274,16.928911209106445,-89.02937173843384,342.5441309809685
1,1179,17.685,6518.710553646088,10000.0,9069.49907541275,6138.358488678932,523.4748870134354,0.0,61.469972133636475,401.4003276824951
1,1180,17.7,7733.590304851532,7012.575566768646,8504.44883108139,8055.448234081268,1214.8797512054443,-2987.4244332313538,-565.0502443313599,1917.0897454023361
1,1181,17.715,9276.589155197144,5201.5407383441925,8275.837302207947,9875.24002790451,1542.9988503456116,-1811.0348284244537,-228.6115288734436,1819.7917938232422
1,1182,17.73,10000.0,5000.0,7051.347941160202,10000.0,723.4108448028564,-201.5407383441925,-1224.4893610477448,124.7599720954895
1,1183,17.745,9888.464510440826,5000.0,5731.793716549873,10000.0,-111.53548955917358,0.0,-1319.5542246103287,0.0
1,1184,17.759999999999998,9001.032412052155,5000.0,6069.908291101456,9915.390312671661,-887.4320983886719,0.0,338.11457455158234,-84.60968732833862
1,1185,17.775,7730.590999126434,5322.249680757523,5464.57301825285,9297.693073749542,-1270.4414129257202,322.2496807575226,-605.3352728486061,-617.6972389221191
1,1186,17.79,7261.536419391632,8706.4528465271,7203.036695718765,8565.741181373596,-469.05457973480225,3384.203165769577,1738.4636774659157,-731.951892375946
1,1187,17.805,7858.174741268158,9875.053465366364,8083.912432193756,6745.941340923309,596.6383218765259,1168.600618839264,880.8757364749908,-1819.7998404502869
1,1188,17.82,7481.382191181183,10000.0,9660.696685314178,5496.816262602806,-376.7925500869751,124.94653463363647,1576.7842531204224,-1249.1250783205032
1,1189,17.835,6823.322176933289,9733.181893825531,9059.450626373291,5903.490856289864,-658.0600142478943,-266.818106174469,-601.2460589408875,406.6745936870575
1,1190,17.849999999999998,6648.228615522385,9953.916072845459,8501.224517822266,5848.372504115105,-175.09356141090393,220.73417901992798,-558.2261085510254,-55.11835217475891
1,1191,17.865,6288.0367040634155,10000.0,8273.993134498596,5738.169103860855,-360.1919114589691,46.083927154541016,-227.23138332366943,-110.20340025424957
1,1192,17.88,6494.628190994263,9886.084496974945,8416.991531848907,6611.05290055275,206.59148693084717,-113.91550302505493,142.99839735031128,872.8837966918945
1,1193,17.895,7612.19710111618,6566.992402076721,8147.591352462769,8716.846406459808,1117.5689101219177,-3319.092094898224,-269.4001793861389,2105.7935059070587
1,1194,17.91,9020.91920375824,5009.86653380096,7989.082932472229,10000.0,1408.7221026420593,-1557.1258682757616,-158.50841999053955,1283.1535935401917
1,1195,17.925,9774.51890707016,5000.0,6342.3410058021545,9914.405941963196,753.5997033119202,-9.866533800959587,-1646.7419266700745,-85.5940580368042
1,1196,17.939999999999998,9523.998498916626,5078.161489218473,6036.440283060074,10000.0,-250.52040815353394,78.16148921847343,-305.9007227420807,85.5940580368042
1,1197,17.955,8330.911099910736,5422.676019370556,6235.086694359779,9959.299266338348,-1193.08739900589,344.51453015208244,198.6464112997055,-40.70073366165161
1,1198,17.97,7557.483911514282,5566.4316192269325,5858.3879470825195,9349.142014980316,-773.4271883964539,143.75559985637665,-376.6987472772598,-610.1572513580322
1,1199,17.985,7427.970767021179,9109.15195941925,7661.035358905792,7895.368337631226,-129.51314449310303,3542.720340192318,1802.6474118232727,-1453.7736773490906
1,1200,18.0,7544.170320034027,10000.0,9031.524360179901,5805.672854185104,116.1995530128479,890.8480405807495,1370.489001274109,-2089.695483446121
1,1201,18.015,6908.150017261505,10000.0,9458.783566951752,5695.305615663528,-636.020302772522,0.0,427.2592067718506,-110.36723852157593
1,1202,18.029999999999998,6642.748117446899,10000.0,9062.254428863525,5535.398349165916,-265.4018998146057,0.0,-396.5291380882263,-159.907266497612
1,1203,18.044999999999998,6437.162011861801,10000.0,9007.184207439423,5437.339320778847,-205.58610558509827,0.0,-55.07022142410278,-98.0590283870697
1,1204,18.06,6171.440109610558,10000.0,8989.635109901428,5824.8575031757355,-265.7219022512436,0.0,-17.549097537994385,387.51818239688873
1,1205,18.075,6870.584934949875,9860.426187515259,8958.749771118164,6250.829845666885,699.1448253393173,-139.5738124847412,-30.88533878326416,425.9723424911499
1,1206,18.09,8079.464137554169,6681.94442987442,8363.959193229675,8464.072942733765,1208.8792026042938,-3178.4817576408386,-594.7905778884888,2213.2430970668793
1,1207,18.105,9422.04624414444,5084.651708602905,8182.5485825538635,9955.718219280243,1342.582106590271,-1597.292721271515,-181.41061067581177,1491.6452765464783
1,1208,18.12,9986.509680747986,5000.0,6838.435530662537,9955.058097839355,564.4634366035461,-84.65170860290527,-1344.113051891327,-0.6601214408874512
1,1209,18.134999999999998,9785.35681962967,5000.0,5898.909047245979,10000.0,-201.15286111831665,0.0,-939.5264834165573,44.94190216064453
1,1210,18.15,8680.302202701569,5111.175961792469,6141.31398499012,9869.982600212097,-1105.0546169281006,111.17596179246902,242.40493774414062,-130.01739978790283
1,1211,18.165,7937.958836555481,5491.746850311756,5639.284178614616,9379.377961158752,-742.3433661460876,380.5708885192871,-502.02980637550354,-490.6046390533447
1,1212,18.18,7527.472376823425,8423.185348510742,7081.250995397568,8777.343928813934,-410.48645973205566,2931.438498198986,1441.9668167829514,-602.0340323448181
1,1213,18.195,7889.055013656616,9741.320610046387,8004.188537597656,6789.531856775284,361.5826368331909,1318.1352615356445,922.9375422000885,-1987.8120720386505
1,1214,18.21,7484.124302864075,10000.0,9644.084572792053,5471.877530217171,-404.9307107925415,258.6793899536133,1639.896035194397,-1317.654326558113
1,1215,18.224999999999998,6780.720502138138,9815.363883972168,9150.289595127106,5782.462954521179,-703.4038007259369,-184.63611602783203,-493.7949776649475,310.5854243040085
1,1216,18.24,6516.558080911636,9959.143102169037,8595.366477966309,5686.863884329796,-264.16242122650146,143.7792181968689,-554.9231171607971,-95.59907019138336
1,1217,18.255,6157.677173614502,10000.0,8508.122861385345,5644.139423966408,-358.8809072971344,40.856897830963135,-87.24361658096313,-42.72446036338806
1,1218,18.27,6405.304670333862,10000.0,8675.158619880676,6217.33196079731,247.62749671936035,0.0,167.0357584953308,573.1925368309021
1,1219,18.285,7481.107264757156,7269.740849733353,8338.715136051178,7985.410094261169,1075.802594423294,-2730.2591502666473,-336.4434838294983,1768.0781334638596
1,1220,18.3,8813.790678977966,5274.208225309849,8163.811266422272,9848.732352256775,1332.68341422081,-1995.5326244235039,-174.90386962890625,1863.3222579956055
1,1221,18.314999999999998,9831.745326519012,5000.0,6883.466094732285,10000.0,1017.9546475410461,-274.2082253098488,-1280.3451716899872,151.2676477432251
1,1222,18.33,9700.530767440796,5000.0,5823.199525475502,10000.0,-131.21455907821655,0.0,-1060.2665692567825,0.0
1,1223,18.345,8710.444271564484,5035.838191397488,6251.063197851181,9944.314360618591,-990.0864958763123,35.83819139748812,427.863672375679,-55.68563938140869
1,1224,18.36,7507.359683513641,5192.692391574383,5519.236661493778,9219.019412994385,-1203.0845880508423,156.85420017689466,-731.8265363574028,-725.2949476242065
1,1225,18.375,7109.847366809845,8952.797651290894,7546.783089637756,8167.743384838104,-397.5123167037964,3760.105259716511,2027.5464281439781,-1051.2760281562805
1,1226,18.39,7560.287714004517,10000.0,8608.5045337677,6255.790144205093,450.44034719467163,1047.2023487091064,1061.7214441299438,-1911.9532406330109
1,1227,18.404999999999998,7229.709774255753,10000.0,9529.516100883484,5644.014626741409,-330.57793974876404,0.0,921.0115671157837,-611.7755174636841
1,1228,18.419999999999998,6805.605888366699,9887.287020683289,8930.904865264893,5892.311260104179,-424.10388588905334,-112.71297931671143,-598.6112356185913,248.29663336277008
1,1229,18.435,6775.546371936798,10000.0,8640.156090259552,5582.378506660461,-30.059516429901123,112.71297931671143,-290.7487750053406,-309.93275344371796
1,1230,18.45,6341.707706451416,9951.682686805725,8115.387558937073,5689.612999558449,-433.8386654853821,-48.3173131942749,-524.7685313224792,107.23449289798737
1,1231,18.465,6776.946783065796,9229.196310043335,8338.858783245087,6776.031106710434,435.2390766143799,-722.4863767623901,223.47122430801392,1086.4181071519852
1,1232,18.48,8106.26208782196,5947.345569729805,8065.750896930695,9200.973808765411,1329.3153047561646,-3281.85074031353,-273.1078863143921,2424.9427020549774
1,1233,18.495,9470.138251781464,5000.0,7606.46790266037,10000.0,1363.8761639595032,-947.345569729805,-459.2829942703247,799.0261912345886
1,1234,18.509999999999998,9788.79600763321,5000.0,5889.60275053978,9931.080937385559,318.6577558517456,0.0,-1716.8651521205902,-68.91906261444092
1,1235,18.525,9551.328122615814,5052.1862506866455,6107.646077871323,10000.0,-237.46788501739502,52.18625068664551,218.04332733154297,68.91906261444092
1,1236,18.54,7952.009737491608,5516.302548348904,5878.546088933945,9644.32179927826,-1599.3183851242065,464.11629766225815,-229.09998893737793,-355.6782007217407
1,1237,18.555,7386.25705242157,7075.794488191605,6500.118374824524,9313.452541828156,-565.7526850700378,1559.491939842701,621.5722858905792,-330.86925745010376
1,1238,18.57,8510.364592075348,8864.33333158493,7352.61082649231,7894.165217876434,1124.107539653778,1788.5388433933258,852.4924516677856,-1419.2873239517212
1,1239,18.585,7691.641449928284,10000.0,9280.844032764435,6492.258608341217,-818.7231421470642,1135.6666684150696,1928.2332062721252,-1401.9066095352173
1,1240,18.599999999999998,6958.096474409103,10000.0,9734.103977680206,5646.26581966877,-733.5449755191803,0.0,453.2599449157715,-845.9927886724472
1,1241,18.615,6510.900557041168,9856.731295585632,9341.64047241211,5526.564568281174,-447.1959173679352,-143.26870441436768,-392.4635052680969,-119.70125138759613
1,1242,18.63,6192.63581931591,10000.0,9193.388819694519,5437.953807413578,-318.2647377252579,143.26870441436768,-148.25165271759033,-88.61076086759567
1,1243,18.645,6025.671511888504,10000.0,9236.999154090881,5803.414732217789,-166.9643074274063,0.0,43.610334396362305,365.46092480421066
1,1244,18.66,6535.138636827469,9845.840036869049,9057.973027229309,6038.374081254005,509.46712493896484,-154.15996313095093,-179.02612686157227,234.95934903621674
1,1245,18.675,7868.966162204742,6779.1882157325745,8402.767181396484,8181.26380443573,1333.8275253772736,-3066.6518211364746,-655.2058458328247,2142.8897231817245
1,1246,18.689999999999998,9462.6984000206,5165.6673848629,8124.321699142456,9861.104488372803,1593.732237815857,-1613.5208308696747,-278.4454822540283,1679.8406839370728
1,1247,18.705,10000.0,5000.0,6812.479943037033,9968.726634979248,537.3015999794006,-165.66738486289978,-1311.841756105423,107.62214660644531
1,1248,18.72,9883.904755115509,5000.0,5706.969201564789,10000.0,-116.09524488449097,0.0,-1105.5107414722443,31.273365020751953
1,1249,18.735,8996.588587760925,5000.0,6029.053628444672,9861.289858818054,-887.3161673545837,0.0,322.0844268798828,-138.7101411819458
1,1250,18.75,7832.45325088501,5268.092304468155,5433.80256742239,9202.626347541809,-1164.1353368759155,268.0923044681549,-595.2510610222816,-658.6635112762451
1,1251,18.765,7387.12266087532,8745.69058418274,7173.415869474411,8363.44599723816,-445.33059000968933,3477.5982797145844,1739.613302052021,-839.1803503036499
1,1252,18.779999999999998,8022.533357143402,9844.643473625183,7971.154749393463,6502.846032381058,635.4106962680817,1098.9528894424438,797.7388799190521,-1860.5999648571014
1,1253,18.794999999999998,7577.100992202759,10000.0,9627.911150455475,5422.878265380859,-445.4323649406433,155.3565263748169,1656.7564010620117,-1079.9677670001984
1,1254,18.81,6817.367225885391,9644.65618133545,9022.093713283539,6012.760400772095,-759.7337663173676,-355.3438186645508,-605.817437171936,589.8821353912354
1,1255,18.825,6673.770695924759,9828.435480594635,8388.614058494568,5925.494581460953,-143.59652996063232,183.7792992591858,-633.479654788971,-87.26581931114197
1,1256,18.84,6296.706944704056,10000.0,8180.091977119446,5693.371742963791,-377.0637512207031,171.564519405365,-208.52208137512207,-232.12283849716187
1,1257,18.855,6480.520218610764,9886.313080787659,8258.595168590546,6612.281650304794,183.81327390670776,-113.68691921234131,78.50319147109985,918.9099073410034
1,1258,18.87,7595.401406288147,6641.0331428050995,8115.641474723816,8560.983538627625,1114.8811876773834,-3245.279937982559,-142.95369386672974,1948.7018883228302
1,1259,18.884999999999998,8943.582773208618,5000.836430117488,7938.123941421509,9983.907639980316,1348.1813669204712,-1640.1967126876116,-177.51753330230713,1422.9241013526917
1,1260,18.9,9736.732542514801,5000.0,6342.631876468658,9939.05633687973,793.1497693061829,-0.8364301174879074,-1595.4920649528503,-44.85130310058594
1,1261,18.915,9498.99673461914,5069.5191184058785,6058.645844459534,10000.0,-237.7358078956604,69.51911840587854,-283.98603200912476,60.943663120269775
1,1262,18.93,8363.68590593338,5393.964983522892,6262.85582780838,9958.259165287018,-1135.3108286857605,324.44586511701345,204.20998334884644,-41.74083471298218
1,1263,18.945,7611.319720745087,5524.56796169281,5864.175036549568,9359.573423862457,-752.3661851882935,130.60297816991806,-398.68079125881195,-598.6857414245605
1,1264,18.96,7437.30440735817,8958.929181098938,7637.927830219269,8024.2931842803955,-174.01531338691711,3434.361219406128,1773.7527936697006,-1335.2802395820618
1,1265,18.974999999999998,7518.351972103119,10000.0,9003.551304340363,5905.802920460701,81.04756474494934,1041.070818901062,1365.6234741210938,-2118.4902638196945
1,1266,18.99,6955.015808343887,10000.0,9501.41817331314,5656.648352742195,-563.3361637592316,0.0,497.8668689727783,-249.15456771850586
1,1267,19.005,6636.621952056885,10000.0,9083.132147789001,5558.750778436661,-318.39385628700256,0.0,-418.2860255241394,-97.89757430553436
1,1268,19.02,6396.724283695221,10000.0,9025.19404888153,5390.829183161259,-239.89766836166382,0.0,-57.9380989074707,-167.92159527540207
1,1269,19.035,6116.402596235275,10000.0,8927.331268787384,5768.284648656845,-280.3216874599457,0.0,-97.86278009414673,377.4554654955864
1,1270,19.05,6754.735857248306,9796.010553836823,8958.811163902283,6214.71144258976,638.333261013031,-203.9894461631775,31.47989511489868,446.42679393291473
1,1271,19.064999999999998,8044.9870228767395,6558.652818202972,8372.693955898285,8480.330407619476,1290.2511656284332,-3237.35773563385,-586.1172080039978,2265.6189650297165
1,1272,19.08,9465.34514427185,5037.293937057257,8164.856731891632,9947.718679904938,1420.358121395111,-1521.3588811457157,-207.83722400665283,1467.3882722854614
1,1273,19.095,10000.0,5000.0,6772.011369466782,9975.314736366272,534.6548557281494,-37.2939370572567,-1392.8453624248505,27.59605646133423
1,1274,19.11,9781.642258167267,5000.0,5839.506238698959,10000.0,-218.35774183273315,0.0,-932.5051307678223,24.685263633728027
1,1275,19.125,8671.737909317017,5065.358988940716,6080.389246344566,9859.170913696289,-1109.9043488502502,65.35898894071579,240.883007645607,-140.82908630371094
1,1276,19.14,7899.711132049561,5462.139435112476,5591.591075062752,9359.214901924133,-772.026777267456,396.78044617176056,-488.7981712818146,-499.95601177215576
1,1277,19.154999999999998,7555.505633354187,8519.405722618103,7132.301181554794,8624.18919801712,-344.20549869537354,3057.2662875056267,1540.7101064920425,-735.0257039070129
1,1278,19.169999999999998,7921.675145626068,9850.969016551971,8120.559751987457,6662.4915599823,366.1695122718811,1331.5632939338684,988.258570432663,-1961.6976380348206
1,1279,19.185,7456.747591495514,10000.0,9678.0326962471,5472.94843941927,-464.9275541305542,149.03098344802856,1557.4729442596436,-1189.5431205630302
1,1280,19.2,6742.689311504364,9825.92225074768,9136.157929897308,5799.461081624031,-714.0582799911499,-174.07774925231934,-541.8747663497925,326.5126422047615
1,1281,19.215,6487.513035535812,10000.0,8654.637932777405,5596.237331628799,-255.17627596855164,174.07774925231934,-481.51999711990356,-203.22374999523163
1,1282,19.23,6144.204139709473,10000.0,8475.107848644257,5644.852593541145,-343.3088958263397,0.0,-179.5300841331482,48.615261912345886
1,1283,19.245,6446.391344070435,10000.0,8705.216944217682,6240.91774225235,302.1872043609619,0.0,230.1090955734253,596.0651487112045
1,1284,19.259999999999998,7532.1438908576965,7010.854482650757,8343.230485916138,8185.772895812988,1085.752546787262,-2989.145517349243,-361.9864583015442,1944.8551535606384
1,1285,19.275,8913.930356502533,5186.59807741642,8193.234205245972,9888.753890991211,1381.7864656448364,-1824.2564052343369,-149.99628067016602,1702.9809951782227
1,1286,19.29,9883.807897567749,5000.0,6805.186420679092,10000.0,969.8775410652161,-186.59807741641998,-1388.0477845668793,111.24610900878906
1,1287,19.305,9741.707146167755,5000.0,5831.833854317665,10000.0,-142.1007513999939,0.0,-973.3525663614273,0.0
1,1288,19.32,8672.347664833069,5064.875604584813,6221.607401967049,9942.85672903061,-1069.3594813346863,64.87560458481312,389.77354764938354,-57.14327096939087
1,1289,19.335,7554.3928146362305,5216.268431395292,5523.572750389576,9252.423346042633,-1117.9548501968384,151.39282681047916,-698.0346515774727,-690.4333829879761
1,1290,19.349999999999998,7135.113030672073,8972.459733486176,7580.423951148987,8130.706548690796,-419.2797839641571,3756.1913020908833,2056.851200759411,-1121.7167973518372
1,1291,19.365,7547.832727432251,10000.0,8691.713213920593,6224.305555224419,412.7196967601776,1027.5402665138245,1111.2892627716064,-1906.4009934663773
1,1292,19.38,7170.04269361496,10000.0,9546.035826206207,5636.914819478989,-377.79003381729126,0.0,854.322612285614,-587.39073574543
1,1293,19.395,6753.910332918167,9952.447712421417,8985.281884670258,5793.138295412064,-416.1323606967926,-47.552287578582764,-560.7539415359497,156.22347593307495
1,1294,19.41,6659.349054098129,10000.0,8736.927807331085,5497.314557433128,-94.56127882003784,47.552287578582764,-248.35407733917236,-295.82373797893524
1,1295,19.425,6275.449693202972,10000.0,8282.062113285065,5675.45160651207,-383.89936089515686,0.0,-454.8656940460205,178.13704907894135
1,1296,19.439999999999998,6814.768463373184,9348.152577877045,8488.703966140747,6622.340977191925,539.3187701702118,-651.8474221229553,206.64185285568237,946.8893706798553
1,1297,19.455,8141.386806964874,6047.57621884346,8116.69796705246,9097.50759601593,1326.61834359169,-3300.5763590335846,-372.00599908828735,2475.166618824005
1,1298,19.47,9457.97175168991,5000.0,7719.3039655685425,10000.0,1316.5849447250366,-1047.57621884346,-397.39400148391724,902.4924039840698
1,1299,19.485,9833.196997642517,5000.0,6039.381325244904,9902.230203151703,375.2252459526062,0.0,-1679.922640323639,-97.76979684829712
1,1300,19.5,9579.402208328247,5033.17188937217,6024.505794048309,10000.0,-253.79478931427002,33.17188937216997,-14.875531196594238,97.76979684829712
1,1301,19.515,8126.459121704102,5510.750822722912,5969.677641987801,9780.198633670807,-1452.9430866241455,477.57893335074186,-54.82815206050873,-219.80136632919312
1,1302,19.529999999999998,7656.979262828827,6339.481920003891,6030.100136995316,9428.904056549072,-469.47985887527466,828.7310972809792,60.422495007514954,-351.2945771217346
1,1303,19.544999999999998,8233.7886095047,8787.287175655365,7213.853299617767,8140.143156051636,576.8093466758728,2447.805255651474,1183.7531626224518,-1288.7609004974365
1,1304,19.56,7828.347086906433,10000.0,8940.693140029907,6158.738732337952,-405.4415225982666,1212.712824344635,1726.83984041214,-1981.404423713684
1,1305,19.575,6913.29300403595,10000.0,9676.57208442688,5682.691410183907,-915.0540828704834,0.0,735.8789443969727,-476.0473221540451
1,1306,19.59,6432.296633720398,9971.105754375458,9325.922131538391,5485.2045327425,-480.99637031555176,-28.894245624542236,-350.64995288848877,-197.48687744140625
1,1307,19.605,6192.456409335136,9988.808929920197,9216.839075088501,5404.885597527027,-239.84022438526154,17.70317554473877,-109.08305644989014,-80.31893521547318
1,1308,19.62,5969.116240739822,10000.0,9248.01766872406,5787.614807486534,-223.34016859531403,11.191070079803467,31.178593635559082,382.729209959507
1,1309,19.634999999999998,6492.110043764114,9913.079142570496,9132.069647312164,6039.277613162994,522.993803024292,-86.9208574295044,-115.94802141189575,251.66280567646027
1,1310,19.65,7690.730392932892,7051.352709531784,8599.882423877716,7908.053696155548,1198.6203491687775,-2861.7264330387115,-532.1872234344482,1868.7760829925537
1,1311,19.665,9247.27886915207,5250.163339078426,8367.620706558228,9832.497537136078,1556.5484762191772,-1801.1893704533577,-232.26171731948853,1924.4438409805298
1,1312,19.68,10000.0,5000.0,7233.199179172516,10000.0,752.7211308479309,-250.16333907842636,-1134.4215273857117,167.50246286392212
1,1313,19.695,9938.929080963135,5000.0,5799.998790025711,10000.0,-61.070919036865234,0.0,-1433.2003891468048,0.0
1,1314,19.71,9253.324270248413,5000.0,6133.539453148842,9944.325983524323,-685.6048107147217,0.0,333.5406631231308,-55.67401647567749
1,1315,19.724999999999998,7852.692604064941,5377.091318368912,5543.74773055315,9323.350489139557,-1400.6316661834717,377.09131836891174,-589.7917225956917,-620.9754943847656
1,1316,19.74,7476.637214422226,8418.781757354736,6909.210532903671,8809.46934223175,-376.05538964271545,3041.6904389858246,1365.462802350521,-513.8811469078064
1,1317,19.755,8199.715316295624,9482.468366622925,7468.564659357071,6904.728561639786,723.0781018733978,1063.6866092681885,559.3541264533997,-1904.7407805919647
1,1318,19.77,7737.398147583008,10000.0,9403.708279132843,5565.626174211502,-462.31716871261597,517.5316333770752,1935.143619775772,-1339.1023874282837
1,1319,19.785,6987.488120794296,9777.985513210297,9252.424240112305,5795.392543077469,-749.9100267887115,-222.01448678970337,-151.28403902053833,229.7663688659668
1,1320,19.8,6602.668911218643,9558.044373989105,8474.549353122711,6047.186926007271,-384.8192095756531,-219.9411392211914,-777.8748869895935,251.79438292980194
1,1321,19.814999999999998,6266.744136810303,10000.0,8399.382829666138,5671.0390746593475,-335.92477440834045,441.9556260108948,-75.16652345657349,-376.1478513479233
1,1322,19.83,6395.392268896103,10000.0,8137.035965919495,6086.463108658791,128.64813208580017,0.0,-262.34686374664307,415.42403399944305
1,1323,19.845,7161.668390035629,8152.320683002472,8265.587985515594,7395.436465740204,766.2761211395264,-1847.679316997528,128.55201959609985,1308.9733570814133
1,1324,19.86,8408.709466457367,5498.582199215889,8083.609342575073,9697.526693344116,1247.0410764217377,-2653.738483786583,-181.97864294052124,2302.0902276039124
1,1325,19.875,9624.513685703278,5000.0,7240.720689296722,10000.0,1215.8042192459106,-498.582199215889,-842.8886532783508,302.4733066558838
1,1326,19.89,9588.270485401154,5000.0,5934.601649641991,10000.0,-36.24320030212402,0.0,-1306.1190396547318,0.0
1,1327,19.904999999999998,8848.812580108643,5000.0,6470.043659210205,10000.0,-739.457905292511,0.0,535.4420095682144,0.0
1,1328,19.919999999999998,7451.564222574234,5259.761922061443,5729.973986744881,9268.094897270203,-1397.2483575344086,259.76192206144333,-740.0696724653244,-731.9051027297974
1,1329,19.935,7136.3067626953125,8493.853509426117,7378.544211387634,8697.485625743866,-315.2574598789215,3234.0915873646736,1648.5702246427536,-570.6092715263367
1,1330,19.95,7530.995607376099,9992.904365062714,8353.687822818756,6833.457350730896,394.68884468078613,1499.0508556365967,975.1436114311218,-1864.02827501297
1,1331,19.965,7403.512597084045,10000.0,9693.30221414566,5579.545274376869,-127.48301029205322,7.095634937286377,1339.6143913269043,-1253.9120763540268
1,1332,19.98,6995.139867067337,9674.624800682068,9101.611077785492,5948.813259601593,-408.3727300167084,-325.37519931793213,-591.6911363601685,369.2679852247238
