episode,step,time_s,u1_rpm,u2_rpm,u3_rpm,u4_rpm,du1_rpm,du2_rpm,du3_rpm,du4_rpm
1,0,0.0,5466.532222926617,8319.487273693085,10000.0,7808.693647384644,0.0,0.0,0.0,0.0
1,1,0.02,6235.0210547447205,8562.971651554108,10000.0,8074.246048927307,768.4888318181038,243.48437786102295,0.0,265.5524015426636
1,2,0.04,7485.267817974091,8397.091329097748,9356.941282749176,8274.533152580261,1250.2467632293701,-165.88032245635986,-643.058717250824,200.2871036529541
1,3,0.06,8303.606510162354,8256.512880325317,8653.12933921814,8650.570809841156,818.3386921882629,-140.57844877243042,-703.8119435310364,376.0376572608948
1,4,0.08,9002.895951271057,8206.093311309814,8044.280409812927,8909.382224082947,699.2894411087036,-50.41956901550293,-608.8489294052124,258.81141424179077
1,5,0.1,9489.448070526123,8317.510485649109,7775.013744831085,9107.23090171814,486.5521192550659,111.41717433929443,-269.26666498184204,197.84867763519287
1,6,0.12,9837.29749917984,8539.047837257385,7762.8093957901,9023.55432510376,347.84942865371704,221.53735160827637,-12.204349040985107,-83.67657661437988
1,7,0.14,9902.953505516052,8670.079708099365,7884.210050106049,8731.626570224762,65.65600633621216,131.03187084197998,121.40065431594849,-291.9277548789978
1,8,0.16,9623.060524463654,8771.246671676636,7987.335920333862,8768.210411071777,-279.8929810523987,101.16696357727051,103.12587022781372,36.58384084701538
1,9,0.18,9395.144879817963,8631.905913352966,8139.654994010925,8637.396097183228,-227.91564464569092,-139.34075832366943,152.319073677063,-130.8143138885498
1,10,0.2,9021.115899085999,8748.40795993805,8425.4390001297,8355.024755001068,-374.0289807319641,116.50204658508301,285.7840061187744,-282.3713421821594
1,11,0.22,8740.072250366211,8764.397203922272,8518.278896808624,8395.480215549469,-281.0436487197876,15.989243984222412,92.83989667892456,40.45546054840088
1,12,0.24,8656.814694404602,8606.225848197937,8481.563329696655,8584.77771282196,-83.25755596160889,-158.17135572433472,-36.715567111968994,189.29749727249146
1,13,0.26,8431.336879730225,8667.329549789429,8665.598034858704,8070.782124996185,-225.47781467437744,61.1037015914917,184.03470516204834,-513.9955878257751
1,14,0.28,8309.450149536133,8468.03367137909,8715.600967407227,8486.205339431763,-121.8867301940918,-199.29587841033936,50.00293254852295,415.4232144355774
1,15,0.3,8160.195052623749,8514.870703220367,8573.964238166809,8226.798176765442,-149.25509691238403,46.837031841278076,-141.63672924041748,-259.4071626663208
1,16,0.32,8277.608752250671,8344.111740589142,8687.55578994751,8300.936222076416,117.41369962692261,-170.7589626312256,113.59155178070068,74.13804531097412
1,17,0.34,7977.383136749268,8261.84630393982,8494.151532649994,8442.862927913666,-300.2256155014038,-82.26543664932251,-193.40425729751587,141.92670583724976
1,18,0.36,7987.114787101746,8285.986185073853,8660.504519939423,8056.879639625549,9.731650352478027,24.139881134033203,166.3529872894287,-385.98328828811646
1,19,0.38,8012.003004550934,8222.19967842102,8589.35296535492,8262.485563755035,24.888217449188232,-63.78650665283203,-71.15155458450317,205.60592412948608
1,20,0.4,7919.228374958038,8017.613887786865,8387.011289596558,8287.132382392883,-92.77462959289551,-204.58579063415527,-202.34167575836182,24.6468186378479
1,21,0.42,7767.53842830658,8001.37996673584,8605.423271656036,8063.946962356567,-151.68994665145874,-16.23392105102539,218.41198205947876,-223.18542003631592
1,22,0.44,7880.795001983643,8052.082061767578,8371.53673171997,8080.304861068726,113.25657367706299,50.70209503173828,-233.88653993606567,16.357898712158203
1,23,0.46,7647.785544395447,7838.127911090851,8430.399596691132,8192.794919013977,-233.0094575881958,-213.9541506767273,58.86286497116089,112.49005794525146
1,24,0.48,7639.222145080566,7834.203243255615,8392.205238342285,8066.829144954681,-8.563399314880371,-3.9246678352355957,-38.194358348846436,-125.96577405929565
1,25,0.5,7617.41578578949,7823.13197851181,8242.650926113129,8051.507472991943,-21.80635929107666,-11.071264743804932,-149.5543122291565,-15.321671962738037
1,26,0.52,7492.520213127136,7771.9274163246155,8403.422832489014,7934.02373790741,-124.89557266235352,-51.204562187194824,160.771906375885,-117.48373508453369
1,27,0.54,7430.796772241592,7734.848856925964,8337.470889091492,8021.580874919891,-61.72344088554382,-37.07855939865112,-65.95194339752197,87.55713701248169
1,28,0.56,7336.361408233643,7858.305275440216,8355.10939359665,7855.6013107299805,-94.43536400794983,123.45641851425171,17.63850450515747,-165.9795641899109
1,29,0.58,7389.206737279892,7677.619755268097,8210.157752037048,7797.214090824127,52.84532904624939,-180.68552017211914,-144.95164155960083,-58.38721990585327
1,30,0.6,7371.876686811447,7706.396281719208,8147.3857164382935,7837.8331661224365,-17.330050468444824,28.77652645111084,-62.77203559875488,40.619075298309326
1,31,0.62,7295.202612876892,7574.02241230011,8148.2696533203125,7866.11795425415,-76.67407393455505,-132.3738694190979,0.883936882019043,28.284788131713867
1,32,0.64,7175.135761499405,7637.122273445129,8174.083828926086,7771.781086921692,-120.06685137748718,63.09986114501953,25.814175605773926,-94.3368673324585
1,33,0.66,7146.831899881363,7580.295503139496,8185.5309009552,7760.717570781708,-28.303861618041992,-56.826770305633545,11.44707202911377,-11.06351613998413
1,34,0.68,7133.626788854599,7554.006576538086,8124.828040599823,7743.675708770752,-13.205111026763916,-26.288926601409912,-60.7028603553772,-17.04186201095581
1,35,0.7000000000000001,7153.877168893814,7558.988630771637,8167.157173156738,7725.008726119995,20.250380039215088,4.982054233551025,42.32913255691528,-18.666982650756836
1,36,0.72,6987.972408533096,7445.91698050499,7976.670861244202,7712.326347827911,-165.90476036071777,-113.07165026664734,-190.48631191253662,-12.68237829208374
1,37,0.74,7072.736322879791,7440.653890371323,8025.93469619751,7598.736584186554,84.76391434669495,-5.263090133666992,49.263834953308105,-113.58976364135742
1,38,0.76,7036.531418561935,7570.988833904266,8065.7535791397095,7743.740081787109,-36.204904317855835,130.33494353294373,39.81888294219971,145.00349760055542
1,39,0.78,6993.042230606079,7347.043454647064,7982.580065727234,7626.029551029205,-43.48918795585632,-223.94537925720215,-83.17351341247559,-117.71053075790405
1,40,0.8,6919.944584369659,7376.9354820251465,7935.5388879776,7620.544135570526,-73.09764623641968,29.892027378082275,-47.04117774963379,-5.485415458679199
1,41,0.8200000000000001,6934.796869754791,7478.498667478561,7971.89474105835,7650.745213031769,14.852285385131836,101.56318545341492,36.35585308074951,30.201077461242676
1,42,0.84,6937.567293643951,7396.6436088085175,7986.146807670593,7597.68009185791,2.7704238891601562,-81.85505867004395,14.252066612243652,-53.06512117385864
1,43,0.86,6933.879852294922,7265.515029430389,7822.718620300293,7577.616274356842,-3.687441349029541,-131.12857937812805,-163.4281873703003,-20.063817501068115
1,44,0.88,6948.371529579163,7407.2010815143585,7867.400050163269,7615.351676940918,14.491677284240723,141.68605208396912,44.681429862976074,37.73540258407593
1,45,0.9,6853.503435850143,7444.545477628708,7921.688556671143,7614.4057512283325,-94.86809372901917,37.344396114349365,54.288506507873535,-0.9459257125854492
1,46,0.92,6895.199716091156,7393.689006567001,7884.820401668549,7565.590143203735,41.69628024101257,-50.85647106170654,-36.868155002593994,-48.81560802459717
1,47,0.9400000000000001,6843.535900115967,7359.592616558075,7800.46820640564,7631.04110956192,-51.66381597518921,-34.09639000892639,-84.35219526290894,65.45096635818481
1,48,0.96,6888.953000307083,7438.898086547852,7832.616567611694,7600.68416595459,45.41710019111633,79.30546998977661,32.14836120605469,-30.356943607330322
1,49,0.98,6825.862526893616,7438.471615314484,7842.448353767395,7646.109759807587,-63.09047341346741,-0.4264712333679199,9.831786155700684,45.425593852996826
1,50,1.0,6847.748905420303,7362.761199474335,7680.599391460419,7629.251182079315,21.886378526687622,-75.71041584014893,-161.84896230697632,-16.858577728271484
1,51,1.02,7006.135284900665,7491.549253463745,7759.355306625366,7651.684284210205,158.38637948036194,128.7880539894104,78.75591516494751,22.433102130889893
1,52,1.04,6957.543641328812,7481.711208820343,7718.816101551056,7663.660943508148,-48.59164357185364,-9.8380446434021,-40.5392050743103,11.976659297943115
1,53,1.06,6946.772336959839,7433.6177110672,7733.197510242462,7547.63662815094,-10.771304368972778,-48.09349775314331,14.38140869140625,-116.02431535720825
1,54,1.08,6945.661157369614,7475.963681936264,7636.4099979400635,7849.075794219971,-1.1111795902252197,42.34597086906433,-96.78751230239868,301.43916606903076
1,55,1.1,7044.510990381241,7552.490830421448,7664.349973201752,7757.727205753326,98.8498330116272,76.52714848518372,27.939975261688232,-91.34858846664429
1,56,1.12,6950.081586837769,7496.70147895813,7721.5757966041565,7813.515067100525,-94.42940354347229,-55.78935146331787,57.225823402404785,55.787861347198486
1,57,1.1400000000000001,6912.776976823807,7522.861361503601,7653.614282608032,7868.317365646362,-37.30461001396179,26.15988254547119,-67.96151399612427,54.8022985458374
1,58,1.16,7079.656571149826,7649.931609630585,7791.401445865631,7859.175205230713,166.8795943260193,127.07024812698364,137.78716325759888,-9.142160415649414
1,59,1.18,7002.95552611351,7595.966160297394,7605.421841144562,7946.620285511017,-76.70104503631592,-53.96544933319092,-185.97960472106934,87.44508028030396
1,60,1.2,6990.532726049423,7543.2732701301575,7807.472348213196,8043.268918991089,-12.422800064086914,-52.69289016723633,202.05050706863403,96.64863348007202
1,61,1.22,6876.456141471863,7715.745568275452,7863.357067108154,8085.989058017731,-114.07658457756042,172.4722981452942,55.884718894958496,42.720139026641846
1,62,1.24,6875.400245189667,7723.665237426758,7939.846515655518,8095.895051956177,-1.055896282196045,7.919669151306152,76.48944854736328,9.905993938446045
1,63,1.26,6926.723122596741,7812.511324882507,8201.629519462585,7977.967858314514,51.322877407073975,88.84608745574951,261.78300380706787,-117.9271936416626
1,64,1.28,6755.4110288619995,7742.564678192139,8143.736720085144,8125.258386135101,-171.3120937347412,-69.94664669036865,-57.892799377441406,147.29052782058716
1,65,1.3,6741.24538898468,8057.788014411926,8208.637833595276,7961.4099860191345,-14.165639877319336,315.2233362197876,64.90111351013184,-163.8484001159668
1,66,1.32,6762.24410533905,8065.255880355835,8329.521417617798,7970.235049724579,20.998716354370117,7.467865943908691,120.88358402252197,8.825063705444336
1,67,1.34,6701.082736253738,7933.370471000671,8303.210735321045,7955.959141254425,-61.16136908531189,-131.88540935516357,-26.31068229675293,-14.275908470153809
1,68,1.36,6867.005974054337,7976.172566413879,8249.092698097229,7758.006751537323,165.92323780059814,42.80209541320801,-54.11803722381592,-197.95238971710205
1,69,1.3800000000000001,6780.033111572266,8079.162240028381,8251.704573631287,7904.448211193085,-86.97286248207092,102.98967361450195,2.611875534057617,146.44145965576172
1,70,1.4000000000000001,6859.410256147385,8167.395293712616,8101.481795310974,7659.69455242157,79.37714457511902,88.23305368423462,-150.2227783203125,-244.7536587715149
1,71,1.42,7214.711606502533,7871.972918510437,7503.004372119904,7710.466980934143,355.3013503551483,-295.42237520217896,-598.4774231910706,50.77242851257324
1,72,1.44,7106.861025094986,8024.223446846008,7480.151206254959,7567.809522151947,-107.850581407547,152.2505283355713,-22.853165864944458,-142.65745878219604
1,73,1.46,7521.460056304932,7668.76608133316,7245.709449052811,7650.497853755951,414.5990312099457,-355.4573655128479,-234.44175720214844,82.6883316040039
1,74,1.48,8002.6596784591675,7459.00571346283,6414.10157084465,7534.797787666321,481.19962215423584,-209.7603678703308,-831.6078782081604,-115.70006608963013
1,75,1.5,8248.757719993591,7445.623576641083,6224.131137132645,7484.904080629349,246.09804153442383,-13.382136821746826,-189.97043371200562,-49.893707036972046
1,76,1.52,8584.116697311401,7170.324325561523,6193.370968103409,7637.718021869659,335.35897731781006,-275.2992510795593,-30.76016902923584,152.81394124031067
1,77,1.54,8396.708965301514,7340.856492519379,6115.701049566269,7664.851248264313,-187.4077320098877,170.53216695785522,-77.66991853713989,27.13322639465332
1,78,1.56,8349.973559379578,6904.808580875397,6793.864071369171,8072.077631950378,-46.735405921936035,-436.04791164398193,678.1630218029022,407.2263836860657
1,79,1.58,6844.240427017212,8123.96228313446,9125.331342220306,6681.305915117264,-1505.7331323623657,1219.1537022590637,2331.4672708511353,-1390.7717168331146
1,80,1.6,7038.4252071380615,7022.651135921478,7656.44371509552,7928.358316421509,194.1847801208496,-1101.3111472129822,-1468.8876271247864,1247.052401304245
1,81,1.62,7803.758382797241,7209.058403968811,7008.294761180878,7698.031067848206,765.3331756591797,186.40726804733276,-648.1489539146423,-230.32724857330322
1,82,1.6400000000000001,7180.633246898651,7977.613806724548,7809.690833091736,7061.440497636795,-623.1251358985901,768.5554027557373,801.3960719108582,-636.5905702114105
1,83,1.6600000000000001,7808.426320552826,7345.409989356995,7526.807487010956,7217.06286072731,627.7930736541748,-632.2038173675537,-282.88334608078003,155.62236309051514
1,84,1.68,7485.1129949092865,7237.149775028229,7295.471578836441,8040.749132633209,-323.31332564353943,-108.26021432876587,-231.33590817451477,823.686271905899
1,85,1.7,7406.45706653595,7715.501189231873,7683.833837509155,7293.90487074852,-78.65592837333679,478.3514142036438,388.36225867271423,-746.8442618846893
1,86,1.72,7636.4850997924805,7549.379467964172,7375.1722276210785,7352.508753538132,230.02803325653076,-166.1217212677002,-308.6616098880768,58.603882789611816
1,87,1.74,7500.671744346619,7156.0898423194885,7650.322914123535,7806.654870510101,-135.81335544586182,-393.28962564468384,275.15068650245667,454.1461169719696
1,88,1.76,7438.3726716041565,7470.331639051437,7205.218821763992,8009.929358959198,-62.29907274246216,314.24179673194885,-445.10409235954285,203.27448844909668
1,89,1.78,7537.331581115723,7849.640250205994,7538.307309150696,6866.021603345871,98.95890951156616,379.3086111545563,333.0884873867035,-1143.907755613327
1,90,1.8,7643.975019454956,7433.716505765915,7539.5917892456055,7250.690907239914,106.6434383392334,-415.92374444007874,1.284480094909668,384.66930389404297
1,91,1.82,7562.907636165619,7221.818566322327,7516.934871673584,7867.312431335449,-81.06738328933716,-211.89793944358826,-22.656917572021484,616.6215240955353
1,92,1.84,7464.705109596252,7822.147607803345,7424.526959657669,7271.2452709674835,-98.20252656936646,600.3290414810181,-92.40791201591492,-596.0671603679657
1,93,1.86,7474.612891674042,7311.871498823166,7739.323973655701,7463.0531668663025,9.907782077789307,-510.27610898017883,314.7970139980316,191.80789589881897
1,94,1.8800000000000001,7278.622984886169,7868.05123090744,7368.632107973099,7456.284612417221,-195.98990678787231,556.1797320842743,-370.69186568260193,-6.768554449081421
1,95,1.9000000000000001,7606.779038906097,6767.553240060806,7728.539705276489,7973.140478134155,328.156054019928,-1100.497990846634,359.9075973033905,516.8558657169342
1,96,1.92,7657.797336578369,7759.891748428345,7327.000051736832,7377.104610204697,51.01829767227173,992.3385083675385,-401.5396535396576,-596.0358679294586
1,97,1.94,7454.363703727722,7523.460686206818,7680.431604385376,7176.463603973389,-203.43363285064697,-236.4310622215271,353.4315526485443,-200.64100623130798
1,98,1.96,7708.158493041992,7201.718986034393,7426.839917898178,7900.035083293915,253.79478931427002,-321.7417001724243,-253.59168648719788,723.5714793205261
1,99,1.98,7530.519068241119,7626.132965087891,7441.980987787247,7495.2201545238495,-177.6394248008728,424.4139790534973,15.141069889068604,-404.8149287700653
1,100,2.0,7991.583347320557,7464.9423360824585,7313.462942838669,6999.155133962631,461.06427907943726,-161.19062900543213,-128.51804494857788,-496.06502056121826
1,101,2.02,7399.9422788619995,7153.864204883575,7795.271575450897,7797.344624996185,-591.6410684585571,-311.07813119888306,481.8086326122284,798.1894910335541
1,102,2.04,7162.578999996185,7808.647453784943,7777.750194072723,7173.879444599152,-237.3632788658142,654.7832489013672,-17.521381378173828,-623.4651803970337
1,103,2.06,7740.389108657837,7294.022440910339,7290.671318769455,7802.6363253593445,577.8101086616516,-514.6250128746033,-487.07887530326843,628.7568807601929
1,104,2.08,7636.933624744415,7486.356496810913,7610.987424850464,7339.881211519241,-103.45548391342163,192.33405590057373,320.3161060810089,-462.75511384010315
1,105,2.1,7322.265803813934,7544.065415859222,7446.429580450058,7711.022198200226,-314.66782093048096,57.708919048309326,-164.55784440040588,371.1409866809845
1,106,2.12,8125.254511833191,7254.562824964523,7452.830821275711,7137.962728738785,802.9887080192566,-289.5025908946991,6.401240825653076,-573.059469461441
1,107,2.14,7006.47160410881,7485.624551773071,7752.017378807068,7776.972055435181,-1118.7829077243805,231.06172680854797,299.1865575313568,639.0093266963959
1,108,2.16,8065.952658653259,7251.67915225029,7521.296143531799,7167.655974626541,1059.4810545444489,-233.94539952278137,-230.72123527526855,-609.3160808086395
1,109,2.18,7545.255720615387,7422.760128974915,7076.928615570068,7982.617616653442,-520.6969380378723,171.08097672462463,-444.36752796173096,814.9616420269012
1,110,2.2,7750.93287229538,7574.746608734131,7374.66886639595,7367.017418146133,205.67715167999268,151.9864797592163,297.74025082588196,-615.600198507309
1,111,2.22,7637.4751329422,7466.097772121429,7648.2173800468445,7150.200605392456,-113.45773935317993,-108.64883661270142,273.54851365089417,-216.81681275367737
1,112,2.24,7336.779236793518,7369.356006383896,7518.739998340607,7876.836955547333,-300.69589614868164,-96.74176573753357,-129.4773817062378,726.6363501548767
1,113,2.2600000000000002,7246.120870113373,7734.602391719818,7784.2167019844055,7041.523903608322,-90.65836668014526,365.24638533592224,265.4767036437988,-835.3130519390106
1,114,2.2800000000000002,7439.149618148804,7235.392332077026,7304.618209600449,8128.2442808151245,193.0287480354309,-499.21005964279175,-479.5984923839569,1086.7203772068024
1,115,2.3000000000000003,7659.704685211182,7602.170407772064,7580.013275146484,7226.0962426662445,220.55506706237793,366.77807569503784,275.39506554603577,-902.14803814888
1,116,2.32,7335.900068283081,7832.887768745422,7410.027235746384,6934.23718214035,-323.8046169281006,230.71736097335815,-169.9860394001007,-291.85906052589417
1,117,2.34,7851.513624191284,7181.634902954102,7546.475529670715,7484.633773565292,515.6135559082031,-651.2528657913208,136.44829392433167,550.396591424942
1,118,2.36,7563.332915306091,7171.206176280975,7489.403039216995,8040.347099304199,-288.18070888519287,-10.42872667312622,-57.07249045372009,555.7133257389069
1,119,2.38,7561.35106086731,7739.616930484772,7405.259758234024,7357.72117972374,-1.9818544387817383,568.4107542037964,-84.14328098297119,-682.6259195804596
1,120,2.4,7415.64929485321,7587.621808052063,7528.63347530365,7413.562387228012,-145.70176601409912,-151.99512243270874,123.37371706962585,55.84120750427246
1,121,2.42,7347.075790166855,7438.790500164032,7363.498955965042,8061.58185005188,-68.57350468635559,-148.831307888031,-165.1345193386078,648.0194628238678
1,122,2.44,7541.897296905518,7574.548423290253,7691.029906272888,7117.914110422134,194.82150673866272,135.7579231262207,327.53095030784607,-943.6677396297455
1,123,2.46,7459.306418895721,7506.747543811798,7307.68695473671,7810.265421867371,-82.59087800979614,-67.80087947845459,-383.3429515361786,692.3513114452362
1,124,2.48,7497.574090957642,7717.135846614838,7438.824027776718,7419.66113448143,38.267672061920166,210.38830280303955,131.13707304000854,-390.60428738594055
1,125,2.5,7355.971783399582,7634.043991565704,7662.2408628463745,7111.770361661911,-141.6023075580597,-83.0918550491333,223.41683506965637,-307.89077281951904
1,126,2.52,7930.898666381836,7332.005202770233,7442.619651556015,7174.979597330093,574.926882982254,-302.0387887954712,-219.6212112903595,63.20923566818237
1,127,2.54,7178.523540496826,7237.204909324646,7698.06444644928,8030.405044555664,-752.3751258850098,-94.80029344558716,255.44479489326477,855.4254472255707
1,128,2.56,7438.921630382538,7689.762115478516,7626.858651638031,7310.814559459686,260.39808988571167,452.55720615386963,-71.20579481124878,-719.5904850959778
1,129,2.58,7621.930837631226,7441.970258951187,7343.524843454361,7730.0214767456055,183.00920724868774,-247.7918565273285,-283.33380818367004,419.2069172859192
1,130,2.6,7626.305818557739,7496.981471776962,7538.340985774994,7489.504367113113,4.374980926513672,55.01121282577515,194.81614232063293,-240.51710963249207
1,131,2.62,7622.838020324707,7480.073422193527,7505.829036235809,7442.744225263596,-3.4677982330322266,-16.90804958343506,-32.51194953918457,-46.76014184951782
1,132,2.64,7534.970343112946,7565.533220767975,7482.3834002017975,7489.354759454727,-87.86767721176147,85.45979857444763,-23.44563603401184,46.61053419113159
1,133,2.66,7313.834726810455,7503.638565540314,7713.862359523773,7509.642243385315,-221.13561630249023,-61.89465522766113,231.4789593219757,20.28748393058777
1,134,2.68,7561.286985874176,7393.2963609695435,7643.510699272156,7444.945126771927,247.4522590637207,-110.34220457077026,-70.35166025161743,-64.69711661338806
1,135,2.7,7212.363183498383,7579.740285873413,7564.806938171387,7711.407244205475,-348.92380237579346,186.44392490386963,-78.70376110076904,266.462117433548
1,136,2.72,7613.1075620651245,7333.969473838806,7444.001585245132,7782.384753227234,400.74437856674194,-245.77081203460693,-120.80535292625427,70.97750902175903
1,137,2.74,7272.990047931671,7903.596460819244,7552.333474159241,7098.942250013351,-340.11751413345337,569.6269869804382,108.33188891410828,-683.4425032138824
1,138,2.7600000000000002,7656.303644180298,7058.042287826538,7461.184710264206,7936.676144599915,383.3135962486267,-845.5541729927063,-91.14876389503479,837.7338945865631
1,139,2.7800000000000002,7680.138051509857,7544.849216938019,7853.63495349884,6837.984174489975,23.834407329559326,486.8069291114807,392.4502432346344,-1098.6919701099396
1,140,2.8000000000000003,7428.580224514008,7582.893371582031,7271.722108125687,7704.663872718811,-251.5578269958496,38.04415464401245,-581.9128453731537,866.6796982288361
1,141,2.82,7690.6755566596985,7565.091252326965,7661.94760799408,7051.628977060318,262.0953321456909,-17.802119255065918,390.22549986839294,-653.034895658493
1,142,2.84,7431.727945804596,7427.015900611877,7560.39023399353,7552.191615104675,-258.94761085510254,-138.0753517150879,-101.55737400054932,500.5626380443573
1,143,2.86,7298.854291439056,7642.876505851746,7318.993657827377,7931.537628173828,-132.87365436553955,215.86060523986816,-241.39657616615295,379.34601306915283
1,144,2.88,7883.9439153671265,7359.323352575302,7536.333203315735,7192.306965589523,585.0896239280701,-283.5531532764435,217.33954548835754,-739.2306625843048
1,145,2.9,7603.19858789444,7634.603381156921,7420.301288366318,7166.620492935181,-280.74532747268677,275.28002858161926,-116.03191494941711,-25.68647265434265
1,146,2.92,7533.993721008301,7118.658721446991,7816.45268201828,7607.518434524536,-69.20486688613892,-515.9446597099304,396.1513936519623,440.89794158935547
1,147,2.94,7008.696645498276,8055.87112903595,7492.708712816238,7387.706786394119,-525.297075510025,937.2124075889587,-323.7439692020416,-219.81164813041687
1,148,2.96,7634.5860958099365,7451.7326056957245,7263.409048318863,7727.859318256378,625.8894503116608,-604.1385233402252,-229.2996644973755,340.1525318622589
1,149,2.98,7309.283763170242,7754.752039909363,7462.871819734573,7572.026550769806,-325.3023326396942,303.0194342136383,199.46277141571045,-155.83276748657227
1,150,3.0,7560.6536865234375,7251.524031162262,7647.852301597595,7550.570070743561,251.3699233531952,-503.22800874710083,184.98048186302185,-21.456480026245117
1,151,3.02,7399.928718805313,7583.357095718384,7397.759109735489,7743.84081363678,-160.7249677181244,331.8330645561218,-250.09319186210632,193.270742893219
1,152,3.04,7601.83721780777,7491.750419139862,7403.7714302539825,7542.662024497986,201.90849900245667,-91.60667657852173,6.012320518493652,-201.17878913879395
1,153,3.06,7445.584684610367,7707.4116468429565,7767.354249954224,6806.242018938065,-156.25253319740295,215.66122770309448,363.5828197002411,-736.4200055599213
1,154,3.08,7988.625168800354,6713.963001966476,7275.462299585342,8047.8280782699585,543.0404841899872,-993.4486448764801,-491.8919503688812,1241.586059331894
1,155,3.1,7140.9571170806885,8217.304944992065,7432.696372270584,7277.592867612839,-847.6680517196655,1503.341943025589,157.2340726852417,-770.2352106571198
1,156,3.12,7760.160565376282,7251.501381397247,7506.914138793945,7539.4007563591,619.2034482955933,-965.8035635948181,74.2177665233612,261.8078887462616
1,157,3.14,7319.193482398987,7483.308017253876,7509.127259254456,7875.5176067352295,-440.9670829772949,231.80663585662842,2.213120460510254,336.11685037612915
1,158,3.16,7432.975322008133,7700.3031969070435,7388.60622048378,7511.523365974426,113.78183960914612,216.99517965316772,-120.52103877067566,-363.9942407608032
1,159,3.18,7591.00079536438,7429.046630859375,7792.513370513916,7041.720747947693,158.02547335624695,-271.25656604766846,403.9071500301361,-469.8026180267334
1,160,3.2,7611.066102981567,7386.364042758942,7290.678173303604,7807.865738868713,20.0653076171875,-42.68258810043335,-501.8351972103119,766.1449909210205
1,161,3.22,7381.324023008347,7723.268270492554,7540.920674800873,7397.104352712631,-229.74207997322083,336.90422773361206,250.24250149726868,-410.76138615608215
1,162,3.24,7625.135779380798,7346.131056547165,7576.008141040802,7485.29851436615,243.81175637245178,-377.1372139453888,35.0874662399292,88.19416165351868
1,163,3.2600000000000002,7191.350758075714,7568.049728870392,7353.315502405167,8010.354936122894,-433.78502130508423,221.91867232322693,-222.69263863563538,525.0564217567444
1,164,3.2800000000000002,7674.932777881622,7229.974269866943,7927.525639533997,7122.841626405716,483.5820198059082,-338.0754590034485,574.21013712883,-887.5133097171783
1,165,3.3000000000000003,7524.444460868835,7769.239246845245,7125.235050916672,7532.903254032135,-150.48831701278687,539.264976978302,-802.2905886173248,410.06162762641907
1,166,3.3200000000000003,7316.584438085556,7539.774477481842,7638.417482376099,7568.696737289429,-207.86002278327942,-229.46476936340332,513.1824314594269,35.7934832572937
1,167,3.34,7785.339057445526,7411.291003227234,7328.808456659317,7600.0988483428955,468.7546193599701,-128.48347425460815,-309.6090257167816,31.402111053466797
1,168,3.36,7452.6627361774445,7431.384772062302,7640.15257358551,7486.855536699295,-332.67632126808167,20.09376883506775,311.34411692619324,-113.24331164360046
1,169,3.38,7381.700426340103,7726.661562919617,7442.594915628433,7450.184673070908,-70.96230983734131,295.27679085731506,-197.55765795707703,-36.67086362838745
1,170,3.4,7539.05713558197,7335.655838251114,7327.528744935989,7910.669445991516,157.35670924186707,-391.0057246685028,-115.06617069244385,460.4847729206085
1,171,3.42,7648.465633392334,7536.611258983612,7726.054489612579,6992.241144180298,109.40849781036377,200.95542073249817,398.52574467658997,-918.4283018112183
1,172,3.44,7310.3611171245575,7852.301895618439,7355.513125658035,7004.761844873428,-338.1045162677765,315.69063663482666,-370.54136395454407,12.520700693130493
1,173,3.46,7703.9021253585815,6895.024478435516,7740.775048732758,7820.8571672439575,393.54100823402405,-957.2774171829224,385.2619230747223,816.0953223705292
1,174,3.48,7453.218400478363,7765.284180641174,7395.957559347153,7534.429430961609,-250.6837248802185,870.259702205658,-344.81748938560486,-286.42773628234863
1,175,3.5,7747.1476793289185,7280.750572681427,7548.148036003113,7422.15022444725,293.9292788505554,-484.5336079597473,152.19047665596008,-112.27920651435852
1,176,3.52,7338.913083076477,7204.1720151901245,7280.3764045238495,8219.251334667206,-408.2345962524414,-76.57855749130249,-267.7716314792633,797.1011102199554
1,177,3.54,7749.335467815399,7844.634652137756,7527.655363082886,6580.865532159805,410.4223847389221,640.4626369476318,247.27895855903625,-1638.3858025074005
1,178,3.56,7161.391973495483,7395.002543926239,7448.619157075882,7989.978492259979,-587.9434943199158,-449.63210821151733,-79.03620600700378,1409.112960100174
1,179,3.58,7719.451785087585,7609.902918338776,7418.251782655716,7463.230937719345,558.059811592102,214.90037441253662,-30.367374420166016,-526.7475545406342
1,180,3.6,7373.127639293671,7244.375795125961,7718.394994735718,7660.004496574402,-346.3241457939148,-365.52712321281433,300.14321208000183,196.77355885505676
1,181,3.62,7401.353120803833,7920.171022415161,7208.515852689743,7535.757124423981,28.225481510162354,675.7952272891998,-509.87914204597473,-124.24737215042114
1,182,3.64,7831.173241138458,7187.752723693848,7601.748704910278,7326.583713293076,429.82012033462524,-732.4182987213135,393.2328522205353,-209.17341113090515
1,183,3.66,7442.252933979034,7729.0502190589905,7128.765136003494,7764.0655636787415,-388.9203071594238,541.2974953651428,-472.98356890678406,437.4818503856659
1,184,3.68,7309.022843837738,7731.003761291504,8019.969165325165,6561.255007982254,-133.2300901412964,1.9535422325134277,891.2040293216705,-1202.8105556964874
1,185,3.7,7406.567633152008,7159.067243337631,7451.5993893146515,7995.291650295258,97.54478931427002,-571.9365179538727,-568.3697760105133,1434.0366423130035
1,186,3.72,7574.115097522736,7558.043897151947,7676.541805267334,7251.317203044891,167.54746437072754,398.9766538143158,224.9424159526825,-743.9744472503662
1,187,3.74,7713.2847905159,7404.78903055191,7103.127539157867,7774.5771408081055,139.16969299316406,-153.25486660003662,-573.4142661094666,523.2599377632141
1,188,3.7600000000000002,7633.618116378784,7566.11555814743,7804.4721484184265,6881.855428218842,-79.66667413711548,161.32652759552002,701.3446092605591,-892.7217125892639
1,189,3.7800000000000002,7428.906559944153,7598.294615745544,7262.010425329208,7646.521627902985,-204.71155643463135,32.179057598114014,-542.4617230892181,764.6661996841431
1,190,3.8000000000000003,7264.508008956909,7551.938593387604,8097.0945954322815,6956.9431245327,-164.39855098724365,-46.356022357940674,835.0841701030731,-689.578503370285
1,191,3.8200000000000003,7396.650016307831,6877.502351999283,7494.640201330185,8218.033909797668,132.14200735092163,-674.4362413883209,-602.4543941020966,1261.0907852649689
1,192,3.84,7766.993045806885,7703.30011844635,7405.001074075699,7276.715934276581,370.34302949905396,825.7977664470673,-89.63912725448608,-941.3179755210876
1,193,3.86,7624.005079269409,6954.006105661392,7438.0917847156525,7927.876114845276,-142.9879665374756,-749.2940127849579,33.09071063995361,651.1601805686951
1,194,3.88,7630.275785923004,7852.26047039032,7298.928648233414,7345.582991838455,6.270706653594971,898.2543647289276,-139.16313648223877,-582.2931230068207
1,195,3.9,7248.8245368003845,7530.271112918854,7515.852153301239,7677.92820930481,-381.45124912261963,-321.98935747146606,216.92350506782532,332.34521746635437
1,196,3.92,7733.886539936066,7155.834436416626,7775.490880012512,7461.454719305038,485.06200313568115,-374.4366765022278,259.6387267112732,-216.47348999977112
1,197,3.94,7412.781119346619,7769.278883934021,7264.33202624321,7522.206902503967,-321.105420589447,613.444447517395,-511.15885376930237,60.75218319892883
1,198,3.96,7170.841693878174,7792.173624038696,7692.280113697052,7029.533833265305,-241.93942546844482,22.894740104675293,427.94808745384216,-492.6730692386627
1,199,3.98,7787.667214870453,7409.181147813797,7368.815094232559,7282.34276175499,616.825520992279,-382.9924762248993,-323.4650194644928,252.80892848968506
1,200,4.0,7484.880089759827,7122.521251440048,7507.064342498779,8040.359020233154,-302.7871251106262,-286.6598963737488,138.2492482662201,758.0162584781647
1,201,4.0200000000000005,7668.723464012146,7614.694237709045,7394.159883260727,7479.193955659866,183.84337425231934,492.1729862689972,-112.90445923805237,-561.165064573288
1,202,4.04,7354.2797565460205,7537.258863449097,7680.375576019287,7257.69430398941,-314.4437074661255,-77.43537425994873,286.2156927585602,-221.49965167045593
1,203,4.0600000000000005,7261.062562465668,7497.119754552841,7308.778315782547,8061.022162437439,-93.21719408035278,-40.13910889625549,-371.5972602367401,803.3278584480286
1,204,4.08,7793.813645839691,7487.173974514008,7550.182342529297,7132.005542516708,532.7510833740234,-9.945780038833618,241.40402674674988,-929.0166199207306
1,205,4.1,7533.441483974457,7233.401536941528,7536.188960075378,7720.024883747101,-260.3721618652344,-253.77243757247925,-13.993382453918457,588.0193412303925
1,206,4.12,7265.061587095261,7884.910106658936,7432.581931352615,7301.17604136467,-268.37989687919617,651.5085697174072,-103.60702872276306,-418.84884238243103
1,207,4.14,7967.595756053925,7119.1345155239105,7431.817203760147,7613.777816295624,702.5341689586639,-765.775591135025,-0.7647275924682617,312.601774930954
1,208,4.16,7446.84100151062,7641.58695936203,7512.84122467041,7428.319454193115,-520.7547545433044,522.4524438381195,81.02402091026306,-185.45836210250854
1,209,4.18,7424.70920085907,7632.123231887817,7452.59627699852,7391.964942216873,-22.131800651550293,-9.463727474212646,-60.24494767189026,-36.354511976242065
1,210,4.2,7418.00844669342,7590.177953243256,7372.627407312393,7723.441421985626,-6.700754165649414,-41.94527864456177,-79.96886968612671,331.47647976875305
1,211,4.22,7411.187291145325,7430.6997656822205,7711.923122406006,7416.308969259262,-6.821155548095703,-159.47818756103516,339.29571509361267,-307.13245272636414
1,212,4.24,7713.83136510849,7469.4474041461945,7418.646365404129,7401.965409517288,302.6440739631653,38.747638463974,-293.27675700187683,-14.343559741973877
1,213,4.26,7088.760733604431,7370.532751083374,7713.225185871124,7865.232527256012,-625.0706315040588,-98.91465306282043,294.57882046699524,463.26711773872375
1,214,4.28,7970.254123210907,7330.109179019928,7460.125833749771,7309.392988681793,881.4933896064758,-40.423572063446045,-253.09935212135315,-555.8395385742188
1,215,4.3,7056.273072957993,7874.117195606232,7429.042607545853,7478.433549404144,-913.9810502529144,544.0080165863037,-31.083226203918457,169.04056072235107
1,216,4.32,7796.393036842346,7360.590100288391,7619.791030883789,7223.61832857132,740.1199638843536,-513.5270953178406,190.7484233379364,-254.8152208328247
1,217,4.34,7278.060615062714,7652.701139450073,7776.494920253754,6917.757987976074,-518.3324217796326,292.11103916168213,156.7038893699646,-305.86034059524536
1,218,4.36,7838.9933705329895,7044.46017742157,7228.236943483353,8129.709959030151,560.9327554702759,-608.2409620285034,-548.257976770401,1211.9519710540771
1,219,4.38,7421.645522117615,7359.74907875061,7633.944749832153,7808.700501918793,-417.34784841537476,315.2889013290405,405.70780634880066,-321.00945711135864
1,220,4.4,7667.0122146606445,7913.008034229279,7397.468537092209,6667.887717485428,245.36669254302979,553.2589554786682,-236.47621273994446,-1140.8127844333649
1,221,4.42,7446.560859680176,7245.995253324509,7610.104084014893,7719.92951631546,-220.45135498046875,-667.0127809047699,212.63554692268372,1052.0417988300323
1,222,4.44,7406.545579433441,7902.9324650764465,7189.096659421921,7681.173086166382,-40.01528024673462,656.9372117519379,-421.0074245929718,-38.75643014907837
1,223,4.46,7559.607923030853,7098.710536956787,7618.38972568512,7796.095013618469,153.0623435974121,-804.2219281196594,429.29306626319885,114.9219274520874
1,224,4.48,7527.131140232086,7910.605669021606,7241.618484258652,7291.203290224075,-32.47678279876709,811.8951320648193,-376.7712414264679,-504.8917233943939
1,225,4.5,7163.154780864716,7410.991042852402,7877.6490688323975,7459.207326173782,-363.9763593673706,-499.6146261692047,636.0305845737457,168.00403594970703
1,226,4.5200000000000005,7701.671123504639,7537.576258182526,7328.050583600998,7564.526796340942,538.5163426399231,126.5852153301239,-549.5984852313995,105.31947016716003
1,227,4.54,7039.425373077393,7635.136544704437,7539.629936218262,7748.801112174988,-662.2457504272461,97.56028652191162,211.5793526172638,184.2743158340454
1,228,4.5600000000000005,7810.473740100861,7222.293019294739,7691.59197807312,7268.766313791275,771.048367023468,-412.8435254096985,151.9620418548584,-480.03479838371277
1,229,4.58,7468.667775392532,7661.60249710083,7272.253185510635,7580.276131629944,-341.80596470832825,439.3094778060913,-419.33879256248474,311.5098178386688
1,230,4.6000000000000005,7576.670944690704,7586.135566234589,7621.934413909912,7072.384208440781,108.003169298172,-75.46693086624146,349.68122839927673,-507.8919231891632
1,231,4.62,6749.283969402313,7798.111736774445,7915.86697101593,7160.457223653793,-827.3869752883911,211.97617053985596,293.93255710601807,88.0730152130127
1,232,4.64,7670.362591743469,6969.625353813171,7324.555665254593,8212.24957704544,921.078622341156,-828.4863829612732,-591.3113057613373,1051.7923533916473
1,233,4.66,7722.592353820801,7086.535394191742,7161.099761724472,7963.210940361023,52.22976207733154,116.91004037857056,-163.45590353012085,-249.03863668441772
1,234,4.68,7308.363765478134,8099.598288536072,7422.237247228622,7084.5673978328705,-414.2285883426666,1013.0628943443298,261.1374855041504,-878.6435425281525
1,235,4.7,7482.1266531944275,7489.639520645142,7674.669921398163,7253.188788890839,173.76288771629333,-609.9587678909302,252.4326741695404,168.62139105796814
1,236,4.72,7378.971576690674,7690.948843955994,7337.459772825241,7651.054263114929,-103.15507650375366,201.30932331085205,-337.21014857292175,397.8654742240906
1,237,4.74,7510.397136211395,7479.0821969509125,7731.340229511261,7108.962386846542,131.42555952072144,-211.86664700508118,393.8804566860199,-542.0918762683868
1,238,4.76,7612.28621006012,7386.9867622852325,7352.737337350845,7677.036225795746,101.88907384872437,-92.09543466567993,-378.60289216041565,568.0738389492035
1,239,4.78,7302.775084972382,7417.9501831531525,7607.998251914978,7774.991095066071,-309.51112508773804,30.963420867919922,255.2609145641327,97.9548692703247
1,240,4.8,7678.000032901764,7425.0878393650055,7498.4462559223175,7420.525103807449,375.2249479293823,7.137656211853027,-109.55199599266052,-354.4659912586212
1,241,4.82,7391.920685768127,7651.306390762329,7304.044812917709,7643.4895396232605,-286.0793471336365,226.2185513973236,-194.40144300460815,222.96443581581116
1,242,4.84,7198.830246925354,7878.050804138184,7924.356460571289,6615.828722715378,-193.09043884277344,226.7444133758545,620.3116476535797,-1027.6608169078827
1,243,4.86,7575.417160987854,7132.123410701752,7320.311516523361,8030.677437782288,376.5869140625,-745.9273934364319,-604.0449440479279,1414.8487150669098
1,244,4.88,7218.267619609833,7847.1627831459045,7445.97390294075,7670.987844467163,-357.14954137802124,715.0393724441528,125.66238641738892,-359.6895933151245
1,245,4.9,7594.438791275024,7332.525551319122,7385.311275720596,7781.006097793579,376.17117166519165,-514.6372318267822,-60.66262722015381,110.01825332641602
1,246,4.92,7617.256343364716,7710.797488689423,7412.8274619579315,7171.493768692017,22.817552089691162,378.2719373703003,27.516186237335205,-609.5123291015625
1,247,4.94,7542.546391487122,7262.079864740372,7516.318559646606,7706.195414066315,-74.709951877594,-448.7176239490509,103.49109768867493,534.7016453742981
1,248,4.96,7391.587793827057,7411.994636058807,7246.520072221756,8133.989572525024,-150.9585976600647,149.91477131843567,-269.79848742485046,427.7941584587097
1,249,4.98,7527.516186237335,7783.936262130737,7197.772711515427,7517.123520374298,135.92839241027832,371.94162607192993,-48.747360706329346,-616.8660521507263
1,250,5.0,7634.23353433609,7233.5439920425415,7946.464419364929,7093.524932861328,106.71734809875488,-550.3922700881958,748.6917078495026,-423.59858751296997
1,251,5.0200000000000005,7554.070353507996,7447.782456874847,7273.551374673843,7874.214947223663,-80.16318082809448,214.2384648323059,-672.9130446910858,780.6900143623352
1,252,5.04,7549.897134304047,7690.836489200592,7480.628937482834,7217.211872339249,-4.173219203948975,243.05403232574463,207.07756280899048,-657.0030748844147
1,253,5.0600000000000005,7602.7712225914,7419.561147689819,7493.981868028641,7531.348168849945,52.874088287353516,-271.2753415107727,13.352930545806885,314.1362965106964
1,254,5.08,7369.598001241684,7306.147515773773,7743.6646819114685,7685.949504375458,-233.1732213497162,-113.41363191604614,249.68281388282776,154.6013355255127
1,255,5.1000000000000005,7818.401455879211,7612.62446641922,7312.114387750626,7184.758484363556,448.80345463752747,306.4769506454468,-431.5502941608429,-501.19102001190186
1,256,5.12,7294.956743717194,7531.890571117401,7609.499394893646,7482.833564281464,-523.4447121620178,-80.73389530181885,297.38500714302063,298.0750799179077
1,257,5.14,7557.730674743652,7332.155108451843,7515.403628349304,7799.527049064636,262.77393102645874,-199.73546266555786,-94.09576654434204,316.6934847831726
1,258,5.16,7562.860548496246,7757.062315940857,7425.735145807266,7072.766423225403,5.129873752593994,424.9072074890137,-89.66848254203796,-726.7606258392334
1,259,5.18,7480.7363748550415,7344.119101762772,7723.575830459595,7287.6061499118805,-82.12417364120483,-412.9432141780853,297.8406846523285,214.83972668647766
1,260,5.2,7532.9142808914185,7384.807616472244,7597.649097442627,7579.717338085175,52.17790603637695,40.688514709472656,-125.92673301696777,292.11118817329407
1,261,5.22,7697.064280509949,7463.684678077698,7401.813119649887,7535.20131111145,164.14999961853027,78.87706160545349,-195.83597779273987,-44.516026973724365
1,262,5.24,7088.9511704444885,7785.812020301819,7387.847453355789,7787.826657295227,-608.1131100654602,322.1273422241211,-13.9656662940979,252.62534618377686
1,263,5.26,7659.892439842224,7403.99181842804,7550.01425743103,7499.104589223862,570.9412693977356,-381.8202018737793,162.1668040752411,-288.72206807136536
1,264,5.28,7440.950572490692,7464.291304349899,7649.29324388504,7365.797013044357,-218.94186735153198,60.29948592185974,99.27898645401001,-133.3075761795044
1,265,5.3,7626.468241214752,7473.9618599414825,7318.681627511978,7705.905437469482,185.51766872406006,9.670555591583252,-330.61161637306213,340.1084244251251
1,266,5.32,7923.956513404846,7375.414967536926,7526.5949964523315,7047.824859619141,297.488272190094,-98.54689240455627,207.9133689403534,-658.0805778503418
1,267,5.34,7322.305887937546,7664.125561714172,7480.2108108997345,7411.1005663871765,-601.6506254673004,288.7105941772461,-46.384185552597046,363.2757067680359
1,268,5.36,7749.3903040885925,7237.951457500458,7531.899213790894,7672.127783298492,427.08441615104675,-426.1741042137146,51.68840289115906,261.0272169113159
1,269,5.38,7358.375191688538,7729.563117027283,7504.31090593338,7357.989102602005,-391.01511240005493,491.61165952682495,-27.588307857513428,-314.1386806964874
1,270,5.4,7478.246092796326,7594.174444675446,7402.082234621048,7508.522570133209,119.87090110778809,-135.38867235183716,-102.22867131233215,150.53346753120422
1,271,5.42,7454.25745844841,7292.507886886597,7709.2307806015015,7650.05886554718,-23.98863434791565,-301.6665577888489,307.1485459804535,141.53629541397095
1,272,5.44,7779.7383069992065,7097.353488206863,7251.411825418472,8006.419539451599,325.4808485507965,-195.15439867973328,-457.8189551830292,356.36067390441895
1,273,5.46,7478.603720664978,7710.158824920654,7493.722587823868,7374.268025159836,-301.1345863342285,612.8053367137909,242.3107624053955,-632.1515142917633
1,274,5.48,7206.657826900482,7771.198451519012,7614.688277244568,7177.879363298416,-271.94589376449585,61.039626598358154,120.96568942070007,-196.38866186141968
1,275,5.5,7327.021211385727,7631.600797176361,7641.297280788422,7174.0564703941345,120.36338448524475,-139.59765434265137,26.60900354385376,-3.822892904281616
1,276,5.5200000000000005,8062.898516654968,7130.641043186188,7473.317533731461,7333.667874336243,735.8773052692413,-500.95975399017334,-167.97974705696106,159.61140394210815
1,277,5.54,7083.604037761688,7705.50936460495,7398.492842912674,7943.292260169983,-979.29447889328,574.8683214187622,-74.82469081878662,609.6243858337402
1,278,5.5600000000000005,7622.140049934387,7640.548944473267,7688.830494880676,6865.084916353226,538.536012172699,-64.96042013168335,290.3376519680023,-1078.2073438167572
1,279,5.58,7285.225391387939,7311.441451311111,7498.977333307266,7905.294895172119,-336.91465854644775,-329.10749316215515,-189.85316157341003,1040.2099788188934
1,280,5.6000000000000005,7774.475514888763,7541.192173957825,7351.352125406265,7555.621266365051,489.250123500824,229.75072264671326,-147.62520790100098,-349.67362880706787
1,281,5.62,7218.834161758423,7800.0277280807495,7337.474972009659,7655.521929264069,-555.6413531303406,258.8355541229248,-13.877153396606445,99.90066289901733
1,282,5.64,7689.9778842926025,7312.735617160797,7404.0354788303375,7776.780724525452,471.1437225341797,-487.2921109199524,66.56050682067871,121.25879526138306
1,283,5.66,7251.193821430206,7739.74597454071,7666.845321655273,7260.827869176865,-438.78406286239624,427.01035737991333,262.8098428249359,-515.952855348587
1,284,5.68,7560.0457191467285,6997.157335281372,7466.161400079727,8011.788129806519,308.8518977165222,-742.5886392593384,-200.68392157554626,750.9602606296539
1,285,5.7,7424.069344997406,7948.931455612183,7426.283210515976,7171.340733766556,-135.9763741493225,951.7741203308105,-39.87818956375122,-840.4473960399628
1,286,5.72,7575.119733810425,7567.543387413025,7473.802715539932,7219.809740781784,151.0503888130188,-381.3880681991577,47.5195050239563,48.46900701522827
1,287,5.74,7410.597205162048,7660.6690883636475,7461.001127958298,7467.181533575058,-164.52252864837646,93.12570095062256,-12.801587581634521,247.37179279327393
1,288,5.76,7773.059606552124,7242.154479026794,7529.46674823761,7519.173622131348,362.4624013900757,-418.514609336853,68.46562027931213,51.99208855628967
1,289,5.78,7447.458058595657,7494.240701198578,7624.359130859375,7483.771741390228,-325.6015479564667,252.08622217178345,94.89238262176514,-35.401880741119385
1,290,5.8,7323.773801326752,7639.872133731842,7549.509108066559,7448.13859462738,-123.68425726890564,145.63143253326416,-74.85002279281616,-35.6331467628479
1,291,5.82,7379.462271928787,7616.24276638031,7381.929308176041,7694.734334945679,55.68847060203552,-23.629367351531982,-167.5797998905182,246.59574031829834
1,292,5.84,7450.695633888245,7427.949011325836,7784.721851348877,7275.04774928093,71.2333619594574,-188.29375505447388,402.7925431728363,-419.68658566474915
1,293,5.86,7531.476020812988,7603.89119386673,7236.388474702835,7675.508260726929,80.78038692474365,175.94218254089355,-548.3333766460419,400.46051144599915
1,294,5.88,7567.485272884369,7722.155153751373,7420.119792222977,7146.216481924057,36.009252071380615,118.26395988464355,183.7313175201416,-529.2917788028717
1,295,5.9,7610.898911952972,6970.308274030685,7116.114646196365,8273.869752883911,43.413639068603516,-751.8468797206879,-304.0051460266113,1127.6532709598541
1,296,5.92,7441.955953836441,7825.277149677277,7650.763392448425,7200.414389371872,-168.94295811653137,854.9688756465912,534.6487462520599,-1073.4553635120392
1,297,5.94,7583.8592648506165,6954.0199637413025,7598.943710327148,7809.939384460449,141.90331101417542,-871.2571859359741,-51.819682121276855,609.5249950885773
1,298,5.96,7240.9239411354065,8052.587509155273,7382.569760084152,7346.891611814499,-342.93532371520996,1098.567545413971,-216.37395024299622,-463.0477726459503
1,299,5.98,7501.727938652039,7392.921298742294,7698.521018028259,7277.212589979172,260.8039975166321,-659.6662104129791,315.95125794410706,-69.67902183532715
1,300,6.0,7364.727556705475,7459.920644760132,7765.997052192688,7428.0111491680145,-137.00038194656372,66.99934601783752,67.47603416442871,150.79855918884277
1,301,6.0200000000000005,7931.912541389465,7089.40252661705,7475.374191999435,7505.013346672058,567.1849846839905,-370.51811814308167,-290.62286019325256,77.00219750404358
1,302,6.04,6783.923506736755,8178.368508815765,7625.617980957031,7079.754024744034,-1147.98903465271,1088.9659821987152,150.24378895759583,-425.2593219280243
1,303,6.0600000000000005,7839.886546134949,6959.336847066879,7392.795234918594,7983.273863792419,1055.9630393981934,-1219.031661748886,-232.8227460384369,903.5198390483856
1,304,6.08,7250.542342662811,7915.487587451935,7543.672323226929,7346.273511648178,-589.3442034721375,956.1507403850555,150.87708830833435,-637.0003521442413
1,305,6.1000000000000005,7584.055066108704,7347.465604543686,7534.4231724739075,7470.933496952057,333.51272344589233,-568.0219829082489,-9.24915075302124,124.65998530387878
1,306,6.12,7596.67694568634,7150.18630027771,7270.539551973343,8102.438151836395,12.621879577636719,-197.27930426597595,-263.8836205005646,631.5046548843384
1,307,6.140000000000001,7583.08470249176,7780.289649963379,7340.160459280014,7269.561439752579,-13.592243194580078,630.103349685669,69.62090730667114,-832.8767120838165
1,308,6.16,7601.228356361389,7512.5738978385925,7472.531646490097,7377.649396657944,18.143653869628906,-267.7157521247864,132.371187210083,108.08795690536499
1,309,6.18,7956.534922122955,7188.3246302604675,7445.813566446304,7326.682358980179,355.30656576156616,-324.249267578125,-26.718080043792725,-50.96703767776489
1,310,6.2,7306.248992681503,7862.769961357117,7514.525353908539,7206.294983625412,-650.285929441452,674.4453310966492,68.7117874622345,-120.38737535476685
1,311,6.22,7580.556571483612,7079.395353794098,7771.210968494415,7640.456855297089,274.30757880210876,-783.3746075630188,256.68561458587646,434.16187167167664
1,312,6.24,7473.564147949219,7655.12228012085,7286.6542637348175,7777.366638183594,-106.99242353439331,575.7269263267517,-484.5567047595978,136.90978288650513
1,313,6.26,7239.935249090195,7543.354630470276,7479.867190122604,7790.807783603668,-233.62889885902405,-111.76764965057373,193.21292638778687,13.441145420074463
1,314,6.28,7420.599460601807,7768.041491508484,7514.272928237915,7243.643552064896,180.66421151161194,224.686861038208,34.40573811531067,-547.1642315387726
1,315,6.3,7707.962393760681,7204.847633838654,7731.194496154785,7171.153575181961,287.3629331588745,-563.1938576698303,216.92156791687012,-72.48997688293457
1,316,6.32,7226.131856441498,7595.682442188263,7329.949885606766,7977.20193862915,-481.83053731918335,390.8348083496094,-401.2446105480194,806.0483634471893
1,317,6.34,7527.63569355011,7609.306275844574,7433.531135320663,7522.541284561157,301.50383710861206,13.623833656311035,103.5812497138977,-454.66065406799316
1,318,6.36,7327.244877815247,7569.660544395447,7648.468017578125,7394.005507230759,-200.39081573486328,-39.6457314491272,214.93688225746155,-128.53577733039856
1,319,6.38,7582.5488567352295,7493.807375431061,7465.186566114426,7435.0738525390625,255.3039789199829,-75.85316896438599,-183.28145146369934,41.06834530830383
1,320,6.4,7535.333931446075,7559.814155101776,7467.864900827408,7409.7780883312225,-47.21492528915405,66.00677967071533,2.6783347129821777,-25.295764207839966
1,321,6.42,7255.133241415024,7595.865726470947,7660.351395606995,7367.964833974838,-280.20069003105164,36.05157136917114,192.4864947795868,-41.81325435638428
1,322,6.44,7755.692899227142,7290.664464235306,7485.827058553696,7540.7034158706665,500.55965781211853,-305.2012622356415,-174.52433705329895,172.73858189582825
1,323,6.46,7674.348950386047,7379.0377378463745,7130.7672560215,7863.133251667023,-81.34394884109497,88.37327361106873,-355.05980253219604,322.4298357963562
1,324,6.48,7453.751564025879,7560.186088085175,7641.918659210205,7427.676618099213,-220.59738636016846,181.14835023880005,511.15140318870544,-435.45663356781006
1,325,6.5,7434.4801902771,7639.133334159851,7405.041009187698,7513.704001903534,-19.271373748779297,78.94724607467651,-236.8776500225067,86.02738380432129
1,326,6.5200000000000005,7724.941372871399,7495.508790016174,7416.268140077591,7321.1608827114105,290.4611825942993,-143.62454414367676,11.227130889892578,-192.5431191921234
1,327,6.54,7327.955663204193,7278.737425804138,7330.426126718521,8114.054799079895,-396.9857096672058,-216.77136421203613,-85.84201335906982,792.8939163684845
1,328,6.5600000000000005,7490.3300404548645,7818.015813827515,7582.061290740967,6930.533796548843,162.3743772506714,539.2783880233765,251.63516402244568,-1183.5210025310516
1,329,6.58,7249.405235052109,7556.566596031189,7726.221978664398,7038.505524396896,-240.92480540275574,-261.4492177963257,144.1606879234314,107.97172784805298
1,330,6.6000000000000005,7533.113062381744,7092.411667108536,7383.342534303665,8195.073008537292,283.7078273296356,-464.1549289226532,-342.87944436073303,1156.5674841403961
1,331,6.62,7977.402210235596,7422.138452529907,7314.222604036331,7352.618873119354,444.2891478538513,329.72678542137146,-69.11993026733398,-842.4541354179382
1,332,6.640000000000001,7491.171658039093,7239.136248826981,7372.601479291916,7917.753159999847,-486.2305521965027,-183.00220370292664,58.37887525558472,565.1342868804932
1,333,6.66,7170.286178588867,8012.390732765198,7587.924003601074,7106.57611489296,-320.88547945022583,773.2544839382172,215.32252430915833,-811.1770451068878
1,334,6.68,7551.378905773163,7434.374988079071,7541.34327173233,7371.93837761879,381.09272718429565,-578.0157446861267,-46.5807318687439,265.3622627258301
1,335,6.7,7465.427219867706,7331.075370311737,7527.906894683838,7845.16453742981,-85.95168590545654,-103.29961776733398,-13.436377048492432,473.2261598110199
1,336,6.72,7716.813683509827,7534.026801586151,7406.706362962723,7401.810735464096,251.38646364212036,202.95143127441406,-121.20053172111511,-443.3538019657135
1,337,6.74,7374.9202489852905,7506.737411022186,7701.9670605659485,7317.6804184913635,-341.89343452453613,-27.289390563964844,295.2606976032257,-84.13031697273254
1,338,6.76,7407.626658678055,7660.353481769562,7547.876238822937,7206.390053033829,32.70640969276428,153.6160707473755,-154.09082174301147,-111.29036545753479
1,339,6.78,7699.354887008667,7121.742963790894,7428.875714540482,7933.623194694519,291.7282283306122,-538.6105179786682,-119.00052428245544,727.2331416606903
1,340,6.8,7282.350659370422,7933.206558227539,7608.42889547348,6936.052888631821,-417.00422763824463,811.4635944366455,179.55318093299866,-997.5703060626984
1,341,6.82,7510.2898478508,7133.391797542572,7401.14763379097,8046.343922615051,227.9391884803772,-799.814760684967,-207.28126168251038,1110.2910339832306
1,342,6.84,7764.6878361701965,7357.012629508972,7707.421183586121,7329.91948723793,254.39798831939697,223.62083196640015,306.27354979515076,-716.424435377121
1,343,6.86,7109.317928552628,7634.765803813934,7464.735954999924,7757.830321788788,-655.369907617569,277.75317430496216,-242.6852285861969,427.91083455085754
1,344,6.88,7730.449438095093,7431.120723485947,7553.5571575164795,7379.181236028671,621.1315095424652,-203.64508032798767,88.82120251655579,-378.6490857601166
1,345,6.9,7478.836476802826,7592.398524284363,7169.673591852188,7835.98780632019,-251.61296129226685,161.27780079841614,-383.8835656642914,456.80657029151917
1,346,6.92,7574.555575847626,7422.015368938446,7582.558989524841,7496.08114361763,95.7190990447998,-170.38315534591675,412.8853976726532,-339.9066627025604
1,347,6.94,7603.5937666893005,7674.890756607056,7693.929672241211,6633.159667253494,29.038190841674805,252.87538766860962,111.37068271636963,-862.9214763641357
1,348,6.96,7352.012097835541,7425.049543380737,7394.1390216350555,7813.286185264587,-251.58166885375977,-249.84121322631836,-299.7906506061554,1180.1265180110931
1,349,6.98,7464.363873004913,7772.699296474457,7398.388832807541,7476.73287987709,112.35177516937256,347.6497530937195,4.249811172485352,-336.55330538749695
1,350,7.0,7492.336630821228,7277.827262878418,7609.7571849823,7668.3509349823,27.972757816314697,-494.8720335960388,211.3683521747589,191.61805510520935
1,351,7.0200000000000005,7406.482547521591,7838.188707828522,7142.003625631332,7699.78940486908,-85.85408329963684,560.3614449501038,-467.7535593509674,31.438469886779785
1,352,7.04,7402.775287628174,7420.366704463959,8086.069226264954,6856.257319450378,-3.7072598934173584,-417.822003364563,944.0656006336212,-843.5320854187012
1,353,7.0600000000000005,7699.8570561409,7085.401117801666,7312.970012426376,8016.407787799835,297.08176851272583,-334.9655866622925,-773.0992138385773,1160.1504683494568
1,354,7.08,7292.684018611908,7895.077764987946,7420.414835214615,7448.847442865372,-407.1730375289917,809.6766471862793,107.44482278823853,-567.5603449344635
1,355,7.1000000000000005,7570.525705814362,7462.5164270401,7423.7339198589325,7604.482471942902,277.8416872024536,-432.56133794784546,3.319084644317627,155.6350290775299
1,356,7.12,7480.087131261826,6988.483965396881,7659.231424331665,7926.769852638245,-90.43857455253601,-474.032461643219,235.49750447273254,322.287380695343
1,357,7.140000000000001,7429.424524307251,7878.0341148376465,7317.373901605606,7395.132929086685,-50.662606954574585,889.5501494407654,-341.85752272605896,-531.6369235515594
1,358,7.16,7519.699037075043,7223.978638648987,7602.117657661438,7655.355632305145,90.27451276779175,-654.0554761886597,284.7437560558319,260.2227032184601
1,359,7.18,7371.534705162048,7850.127220153809,7589.2603397369385,7041.87735915184,-148.16433191299438,626.1485815048218,-12.857317924499512,-613.478273153305
1,360,7.2,7672.558426856995,7421.174496412277,7355.331927537918,7485.847771167755,301.0237216949463,-428.9527237415314,-233.92841219902039,443.9704120159149
1,361,7.22,7638.387382030487,7293.896973133087,7476.818412542343,7688.958644866943,-34.17104482650757,-127.27752327919006,121.48648500442505,203.11087369918823
1,362,7.24,7452.158629894257,7731.0240268707275,7441.668063402176,7317.798286676407,-186.22875213623047,437.1270537376404,-35.150349140167236,-371.1603581905365
1,363,7.26,7347.693145275116,7485.431134700775,7983.520030975342,6950.0090181827545,-104.46548461914062,-245.5928921699524,541.8519675731659,-367.78926849365234
1,364,7.28,7410.7688665390015,7665.063738822937,7165.8821403980255,7722.280025482178,63.0757212638855,179.63260412216187,-817.6378905773163,772.2710072994232
1,365,7.3,7333.73686671257,7088.086903095245,7777.56005525589,7887.9934549331665,-77.03199982643127,-576.9768357276917,611.6779148578644,165.71342945098877
1,366,7.32,7836.464047431946,7733.02435874939,7499.561458826065,6656.799018383026,502.7271807193756,644.9374556541443,-277.99859642982483,-1231.1944365501404
1,367,7.34,7181.055843830109,7628.079354763031,7212.195843458176,7846.027910709381,-655.4082036018372,-104.94500398635864,-287.3656153678894,1189.228892326355
1,368,7.36,8009.772300720215,7446.417808532715,7320.889383554459,7200.727462768555,828.7164568901062,-181.66154623031616,108.69354009628296,-645.3004479408264
1,369,7.38,7324.859201908112,7417.590767145157,7359.36775803566,7935.100197792053,-684.9130988121033,-28.827041387557983,38.47837448120117,734.3727350234985
1,370,7.4,7568.582594394684,7600.997984409332,7782.5504541397095,7029.602974653244,243.72339248657227,183.40721726417542,423.1826961040497,-905.4972231388092
1,371,7.42,7190.634906291962,7471.203505992889,7410.54967045784,7940.994501113892,-377.94768810272217,-129.79447841644287,-372.0007836818695,911.3915264606476
1,372,7.44,7902.49764919281,7385.217398405075,7560.932040214539,7166.086286306381,711.8627429008484,-85.98610758781433,150.3823697566986,-774.9082148075104
1,373,7.46,6974.521577358246,7900.385856628418,7716.20512008667,6882.966607809067,-927.9760718345642,515.1684582233429,155.27307987213135,-283.11967849731445
1,374,7.48,7610.65661907196,6424.006074666977,7357.739061117172,8657.527267932892,636.1350417137146,-1476.379781961441,-358.4660589694977,1774.560660123825
1,375,7.5,7891.699373722076,7979.774177074432,7191.7469799518585,6904.301196336746,281.04275465011597,1555.7681024074554,-165.99208116531372,-1753.2260715961456
1,376,7.5200000000000005,7466.09091758728,7491.291761398315,7652.36109495163,7183.087319135666,-425.60845613479614,-488.48241567611694,460.6141149997711,278.7861227989197
1,377,7.54,7538.672685623169,7288.239598274231,7339.593321084976,8137.137889862061,72.58176803588867,-203.05216312408447,-312.76777386665344,954.0505707263947
1,378,7.5600000000000005,7517.665922641754,7677.755355834961,7441.301196813583,7430.314272642136,-21.006762981414795,389.51575756073,101.70787572860718,-706.8236172199249
1,379,7.58,7585.236430168152,7226.250022649765,7408.447116613388,7859.782576560974,67.5705075263977,-451.5053331851959,-32.85408020019531,429.4683039188385
1,380,7.6000000000000005,7462.2102081775665,7500.536739826202,7684.2740178108215,7488.6395037174225,-123.02622199058533,274.2867171764374,275.8269011974335,-371.14307284355164
1,381,7.62,7700.433731079102,7675.032317638397,7246.3323175907135,7240.538448095322,238.22352290153503,174.49557781219482,-437.94170022010803,-248.10105562210083
1,382,7.640000000000001,7312.4659061431885,7635.669410228729,7627.260684967041,7350.568920373917,-387.9678249359131,-39.36290740966797,380.9283673763275,110.03047227859497
1,383,7.66,7548.450231552124,7302.360832691193,7419.5243418216705,7919.104099273682,235.98432540893555,-333.3085775375366,-207.73634314537048,568.535178899765
1,384,7.68,7806.459665298462,7704.852819442749,7412.0016396045685,6780.6994915008545,258.0094337463379,402.4919867515564,-7.522702217102051,-1138.4046077728271
1,385,7.7,6894.250810146332,7549.582719802856,7649.301886558533,7802.153527736664,-912.2088551521301,-155.27009963989258,237.30024695396423,1021.4540362358093
1,386,7.72,7938.606441020966,7388.387024402618,7499.936372041702,7321.921736001968,1044.3556308746338,-161.19569540023804,-149.36551451683044,-480.23179173469543
1,387,7.74,6727.837175130844,7772.636413574219,7934.223711490631,7096.465677022934,-1210.7692658901215,384.24938917160034,434.28733944892883,-225.45605897903442
1,388,7.76,7786.839604377747,7121.080309152603,7434.702664613724,7792.3619747161865,1059.0024292469025,-651.5561044216156,-499.52104687690735,695.8962976932526
1,389,7.78,7710.145711898804,7557.579576969147,7387.603968381882,7493.314296007156,-76.69389247894287,436.4992678165436,-47.09869623184204,-299.04767870903015
1,390,7.8,7339.848577976227,7766.0006284713745,7463.390976190567,7328.201085329056,-370.2971339225769,208.42105150222778,75.7870078086853,-165.1132106781006
1,391,7.82,7467.679083347321,7254.102528095245,7537.986040115356,7923.120856285095,127.83050537109375,-511.89810037612915,74.59506392478943,594.9197709560394
1,392,7.84,7371.173202991486,7369.909584522247,7408.720403909683,8047.364354133606,-96.50588035583496,115.80705642700195,-129.26563620567322,124.24349784851074
1,393,7.86,7929.832935333252,7557.178437709808,7498.737424612045,6754.606664180756,558.6597323417664,187.26885318756104,90.01702070236206,-1292.7576899528503
1,394,7.88,7410.646677017212,7489.819526672363,7373.542040586472,7765.426337718964,-519.18625831604,-67.35891103744507,-125.19538402557373,1010.819673538208
1,395,7.9,7973.448932170868,6963.310539722443,7076.914012432098,7960.942089557648,562.802255153656,-526.5089869499207,-296.62802815437317,195.51575183868408
1,396,7.92,7143.663465976715,8066.585958003998,8128.453493118286,6340.887248516083,-829.7854661941528,1103.2754182815552,1051.5394806861877,-1620.054841041565
1,397,7.94,7544.66712474823,7089.4455909729,7306.675463914871,8142.728507518768,401.0036587715149,-977.1403670310974,-821.7780292034149,1801.8412590026855
1,398,7.96,7482.609450817108,7875.234484672546,7614.5294308662415,6931.782066822052,-62.057673931121826,785.788893699646,307.85396695137024,-1210.9464406967163
1,399,7.98,7681.488990783691,6924.9120354652405,7297.695130109787,8186.427652835846,198.87953996658325,-950.3224492073059,-316.83430075645447,1254.645586013794
1,400,8.0,7024.826556444168,8153.607249259949,7543.124854564667,7406.6634476184845,-656.6624343395233,1228.6952137947083,245.42972445487976,-779.7642052173615
1,401,8.02,8001.248836517334,7411.566376686096,7520.545125007629,6797.299236059189,976.4222800731659,-742.0408725738525,-22.579729557037354,-609.3642115592957
1,402,8.040000000000001,7261.6177797317505,7427.629828453064,7439.475208520889,7975.860834121704,-739.6310567855835,16.063451766967773,-81.06991648674011,1178.5615980625153
1,403,8.06,7629.387676715851,7557.405233383179,7725.931406021118,7003.396302461624,367.76989698410034,129.77540493011475,286.4561975002289,-972.46453166008
1,404,8.08,7368.391454219818,7536.535859107971,7493.439465761185,7494.020611047745,-260.9962224960327,-20.86937427520752,-232.49194025993347,490.6243085861206
1,405,8.1,7596.772313117981,7355.351448059082,7701.234817504883,7417.295873165131,228.38085889816284,-181.18441104888916,207.79535174369812,-76.72473788261414
1,406,8.120000000000001,7439.352422952652,7737.17999458313,7273.635417222977,7609.308660030365,-157.41989016532898,381.82854652404785,-427.5994002819061,192.01278686523438
1,407,8.14,7761.69091463089,7110.999226570129,7634.083032608032,7624.341547489166,322.3384916782379,-626.1807680130005,360.44761538505554,15.03288745880127
1,408,8.16,7414.576411247253,7694.501578807831,7146.155089139938,7913.393080234528,-347.1145033836365,583.5023522377014,-487.9279434680939,289.0515327453613
1,409,8.18,7466.621249914169,7446.392923593521,7849.74992275238,7206.815332174301,52.044838666915894,-248.1086552143097,703.594833612442,-706.5777480602264
1,410,8.2,6885.6480717659,7910.3100299835205,7363.758236169815,7769.882380962372,-580.9731781482697,463.9171063899994,-485.9916865825653,563.0670487880707
1,411,8.22,7901.418209075928,7317.030131816864,7629.5143365859985,7098.613083362579,1015.7701373100281,-593.2798981666565,265.7561004161835,-671.2692975997925
1,412,8.24,7443.817555904388,7415.531575679779,7361.5531623363495,7891.486287117004,-457.6006531715393,98.50144386291504,-267.96117424964905,792.873203754425
1,413,8.26,7414.542138576508,7580.799162387848,7380.722910165787,7837.5959396362305,-29.27541732788086,165.26758670806885,19.169747829437256,-53.890347480773926
1,414,8.28,7549.8175621032715,7432.339042425156,7711.091041564941,7336.50416135788,135.27542352676392,-148.46011996269226,330.36813139915466,-501.09177827835083
1,415,8.3,7953.076064586639,7321.881204843521,7398.461252450943,7255.215793848038,403.2585024833679,-110.45783758163452,-312.6297891139984,-81.28836750984192
1,416,8.32,7259.347587823868,7829.534411430359,7551.756799221039,7142.951488494873,-693.7284767627716,507.65320658683777,153.29554677009583,-112.26430535316467
1,417,8.34,7609.364688396454,7110.674977302551,7456.090599298477,8022.9005217552185,350.01710057258606,-718.8594341278076,-95.66619992256165,879.9490332603455
1,418,8.36,7678.157389163971,7585.865259170532,7556.6041469573975,7256.6573321819305,68.79270076751709,475.19028186798096,100.51354765892029,-766.243189573288
1,419,8.38,7249.414920806885,7570.09357213974,7507.757842540741,7656.073570251465,-428.7424683570862,-15.771687030792236,-48.846304416656494,399.4162380695343
1,420,8.4,7280.663549900055,7878.178954124451,7513.8285756111145,7230.101525783539,31.248629093170166,308.0853819847107,6.070733070373535,-425.972044467926
1,421,8.42,7751.176357269287,7152.643203735352,7609.2329621315,7504.225373268127,470.5128073692322,-725.5357503890991,95.40438652038574,274.1238474845886
1,422,8.44,7133.705615997314,7983.919978141785,7276.732474565506,7604.152262210846,-617.4707412719727,831.2767744064331,-332.50048756599426,99.9268889427185
1,423,8.46,7636.704742908478,7375.722825527191,7873.57360124588,6883.809119462967,502.99912691116333,-608.1971526145935,596.8411266803741,-720.343142747879
1,424,8.48,7083.656042814255,7236.140668392181,7337.990552186966,8339.152932167053,-553.048700094223,-139.58215713500977,-535.5830490589142,1455.3438127040863
1,425,8.5,8039.33709859848,7474.929839372635,7382.806986570358,7189.900279045105,955.6810557842255,238.7891709804535,44.816434383392334,-1149.2526531219482
1,426,8.52,7534.3456864356995,7459.850907325745,7565.091848373413,7408.628165721893,-504.99141216278076,-15.078932046890259,182.2848618030548,218.72788667678833
1,427,8.540000000000001,7575.014233589172,7515.134215354919,7561.780214309692,7457.165867090225,40.6685471534729,55.283308029174805,-3.311634063720703,48.53770136833191
1,428,8.56,7346.810698509216,7604.599595069885,7286.842912435532,7896.55864238739,-228.20353507995605,89.46537971496582,-274.93730187416077,439.3927752971649
1,429,8.58,7380.178272724152,7924.6532917022705,7498.636990785599,6940.381973981857,33.3675742149353,320.05369663238525,211.79407835006714,-956.1766684055328
1,430,8.6,7913.297712802887,6884.11220908165,7525.116205215454,7784.460186958313,533.1194400787354,-1040.5410826206207,26.479214429855347,844.0782129764557
1,431,8.620000000000001,7048.681527376175,7980.621755123138,7500.141263008118,7579.081654548645,-864.616185426712,1096.5095460414886,-24.974942207336426,-205.37853240966797
1,432,8.64,7831.911146640778,6955.990493297577,7548.113465309143,7729.797661304474,783.2296192646027,-1024.6312618255615,47.97220230102539,150.71600675582886
1,433,8.66,7431.961297988892,7968.289256095886,7298.507243394852,7221.810668706894,-399.949848651886,1012.2987627983093,-249.60622191429138,-507.98699259757996
1,434,8.68,7563.0563497543335,7016.5979862213135,7785.311341285706,7632.380723953247,131.0950517654419,-951.6912698745728,486.8040978908539,410.57005524635315
1,435,8.700000000000001,7418.553978204727,7760.752439498901,7652.2499322891235,7171.885222196579,-144.50237154960632,744.1544532775879,-133.06140899658203,-460.4955017566681
1,436,8.72,7314.392626285553,7515.988051891327,7607.183158397675,7371.852248907089,-104.1613519191742,-244.76438760757446,-45.066773891448975,199.96702671051025
1,437,8.74,7723.686695098877,7245.637476444244,7438.650578260422,7824.635207653046,409.294068813324,-270.3505754470825,-168.5325801372528,452.7829587459564
1,438,8.76,7464.023530483246,7639.045715332031,7567.373216152191,7308.74091386795,-259.6631646156311,393.40823888778687,128.7226378917694,-515.8942937850952
1,439,8.78,7540.538012981415,7402.673363685608,7653.360366821289,7355.398088693619,76.51448249816895,-236.37235164642334,85.9871506690979,46.657174825668335
1,440,8.8,7649.729251861572,7431.55837059021,7436.607927083969,7578.617632389069,109.19123888015747,28.88500690460205,-216.75243973731995,223.21954369544983
1,441,8.82,7285.508960485458,7732.531428337097,7470.532208681107,7511.5954875946045,-364.2202913761139,300.9730577468872,33.92428159713745,-67.02214479446411
1,442,8.84,7540.4879450798035,7598.000466823578,7332.468777894974,7615.406215190887,254.9789845943451,-134.5309615135193,-138.0634307861328,103.81072759628296
1,443,8.86,7184.946238994598,7818.285226821899,7611.035108566284,7153.461277484894,-355.5417060852051,220.28475999832153,278.5663306713104,-461.94493770599365
1,444,8.88,7587.068676948547,7105.688601732254,7621.733546257019,7724.329233169556,402.122437953949,-712.5966250896454,10.698437690734863,570.8679556846619
1,445,8.9,7255.016565322876,7670.255899429321,7038.21673989296,8222.835659980774,-332.0521116256714,564.5672976970673,-583.5168063640594,498.50642681121826
1,446,8.92,7920.186519622803,7404.479384422302,7740.787863731384,6623.658239841461,665.1699542999268,-265.77651500701904,702.5711238384247,-1599.1774201393127
1,447,8.94,7153.991609811783,7490.8290803432465,7274.076193571091,8131.772875785828,-766.1949098110199,86.34969592094421,-466.7116701602936,1508.1146359443665
1,448,8.96,7903.400659561157,7438.972890377045,7709.721922874451,6856.729239225388,749.4090497493744,-51.85618996620178,435.64572930336,-1275.04363656044
1,449,8.98,7310.483455657959,7508.5219740867615,7239.415794610977,8014.55557346344,-592.9172039031982,69.5490837097168,-470.3061282634735,1157.8263342380524
1,450,9.0,7865.540981292725,7273.859828710556,7679.129838943481,7255.632430315018,555.0575256347656,-234.66214537620544,439.7140443325043,-758.9231431484222
1,451,9.02,7299.878299236298,7473.798096179962,7300.093919038773,8014.6074295043945,-565.662682056427,199.93826746940613,-379.03591990470886,758.9749991893768
1,452,9.040000000000001,7563.225626945496,7496.040165424347,7857.973277568817,7030.666619539261,263.347327709198,22.242069244384766,557.8793585300446,-983.9408099651337
1,453,9.06,7312.8750920295715,7649.9345898628235,7258.8203847408295,7847.125828266144,-250.35053491592407,153.89442443847656,-599.1528928279877,816.4592087268829
1,454,9.08,7391.627728939056,7724.795341491699,7700.653076171875,6994.925886392593,78.75263690948486,74.86075162887573,441.83269143104553,-852.1999418735504
1,455,9.1,7421.762645244598,7478.868663311005,7213.4824097156525,7984.054684638977,30.134916305541992,-245.92667818069458,-487.17066645622253,989.1287982463837
1,456,9.120000000000001,7635.379135608673,7403.378188610077,7629.8463344573975,7472.645193338394,213.6164903640747,-75.49047470092773,416.363924741745,-511.4094913005829
1,457,9.14,7480.345666408539,7354.540377855301,7524.384260177612,7695.682048797607,-155.03346920013428,-48.837810754776,-105.46207427978516,223.03685545921326
1,458,9.16,7836.909592151642,7508.2215666770935,7314.39545750618,7294.842749834061,356.563925743103,153.6811888217926,-209.9888026714325,-400.83929896354675
1,459,9.18,7343.453913927078,7431.594282388687,7870.588600635529,7326.753288507462,-493.4556782245636,-76.62728428840637,556.1931431293488,31.91053867340088
1,460,9.200000000000001,7482.65266418457,7889.447808265686,7133.402973413467,7375.25150179863,139.19875025749207,457.8535258769989,-737.1856272220612,48.49821329116821
1,461,9.22,7428.411543369293,7349.064201116562,7641.395330429077,7641.349732875824,-54.2411208152771,-540.3836071491241,507.99235701560974,266.0982310771942
1,462,9.24,7167.318314313889,7766.122221946716,7521.4144587516785,7587.969601154327,-261.09322905540466,417.0580208301544,-119.98087167739868,-53.38013172149658
1,463,9.26,7839.990258216858,7063.491940498352,7595.281600952148,7539.118528366089,672.6719439029694,-702.6302814483643,73.86714220046997,-48.851072788238525
1,464,9.28,7356.07385635376,7657.012045383453,7472.9375541210175,7593.375444412231,-483.91640186309814,593.5201048851013,-122.34404683113098,54.25691604614258
1,465,9.3,7500.135004520416,7582.854628562927,7426.2504279613495,7509.077787399292,144.0611481666565,-74.15741682052612,-46.68712615966797,-84.29765701293945
1,466,9.32,7477.986812591553,7589.425146579742,7395.938485860825,7604.964375495911,-22.148191928863525,6.5705180168151855,-30.311942100524902,95.88658809661865
1,467,9.34,7254.919409751892,7725.539803504944,7676.221132278442,7123.1622993946075,-223.06740283966064,136.11465692520142,280.2826464176178,-481.8020761013031
1,468,9.36,7870.948314666748,7002.358287572861,7239.73348736763,7985.371351242065,616.028904914856,-723.1815159320831,-436.4876449108124,862.2090518474579
1,469,9.38,7255.243211984634,7748.264968395233,7673.013806343079,7463.4455144405365,-615.7051026821136,745.9066808223724,433.2803189754486,-521.9258368015289
1,470,9.4,7637.643218040466,7363.641262054443,7453.612238168716,7553.184330463409,382.4000060558319,-384.6237063407898,-219.40156817436218,89.73881602287292
1,471,9.42,7285.891175270081,7584.538161754608,7704.027593135834,7453.112751245499,-351.75204277038574,220.8968997001648,250.4153549671173,-100.07157921791077
1,472,9.44,7406.406998634338,7573.747336864471,7440.545409917831,7562.592029571533,120.51582336425781,-10.790824890136719,-263.4821832180023,109.47927832603455
1,473,9.46,7775.960564613342,7651.880979537964,7438.041716814041,6863.78613114357,369.5535659790039,78.13364267349243,-2.503693103790283,-698.8058984279633
1,474,9.48,7315.236926078796,7173.900753259659,7483.821660280228,8029.272556304932,-460.7236385345459,-477.98022627830505,45.77994346618652,1165.4864251613617
1,475,9.5,7728.449702262878,7764.692604541779,7420.506924390793,7037.812620401382,413.21277618408203,590.7918512821198,-63.314735889434814,-991.4599359035492
1,476,9.52,7350.698411464691,7443.048506975174,7378.194183111191,7821.729779243469,-377.75129079818726,-321.6440975666046,-42.31274127960205,783.9171588420868
1,477,9.540000000000001,7731.338739395142,7443.283796310425,7696.797847747803,7158.316522836685,380.64032793045044,0.2352893352508545,318.60366463661194,-663.4132564067841
1,478,9.56,7173.221260309219,7638.020813465118,7433.5940182209015,7672.80250787735,-558.1174790859222,194.7370171546936,-263.20382952690125,514.4859850406647
1,479,9.58,7917.022109031677,7012.819200754166,7611.323595046997,7579.665780067444,743.8008487224579,-625.2016127109528,177.72957682609558,-93.136727809906
1,480,9.6,7414.3218994140625,7658.432424068451,7250.876575708389,7772.549986839294,-502.70020961761475,645.6132233142853,-360.4470193386078,192.8842067718506
1,481,9.620000000000001,7405.166029930115,7703.658640384674,7641.752362251282,7094.441503286362,-9.155869483947754,45.226216316223145,390.87578654289246,-678.1084835529327
1,482,9.64,7352.35407948494,7619.5332407951355,7402.414232492447,7601.521909236908,-52.81195044517517,-84.12539958953857,-239.33812975883484,507.08040595054626
1,483,9.66,7457.827031612396,7330.424189567566,7606.839537620544,7710.6305956840515,105.47295212745667,-289.1090512275696,204.42530512809753,109.10868644714355
1,484,9.68,7667.668461799622,7270.553261041641,7467.1609699726105,7715.131640434265,209.84143018722534,-59.87092852592468,-139.67856764793396,4.501044750213623
1,485,9.700000000000001,7578.888237476349,7718.66112947464,7463.294416666031,7077.327519655228,-88.7802243232727,448.10786843299866,-3.86655330657959,-637.8041207790375
1,486,9.72,7469.736337661743,7148.52437376976,7490.8508360385895,7944.894433021545,-109.15189981460571,-570.1367557048798,27.556419372558594,867.5669133663177
1,487,9.74,7664.731740951538,7703.622579574585,7512.931823730469,7063.924223184586,194.99540328979492,555.0982058048248,22.080987691879272,-880.9702098369598
1,488,9.76,7314.590513706207,7370.211035013199,7683.817148208618,7503.073513507843,-350.1412272453308,-333.4115445613861,170.8853244781494,439.14929032325745
1,489,9.78,7863.281965255737,7565.698325634003,7220.614701509476,7424.229681491852,548.69145154953,195.48729062080383,-463.20244669914246,-78.84383201599121
1,490,9.8,7157.256007194519,7629.028260707855,7754.358947277069,7231.75585269928,-706.0259580612183,63.32993507385254,533.7442457675934,-192.47382879257202
1,491,9.82,7646.610736846924,7237.640917301178,7629.0905475616455,7524.850368499756,489.3547296524048,-391.38734340667725,-125.26839971542358,293.0945158004761
1,492,9.84,7429.336309432983,7342.559099197388,7529.929280281067,7821.375727653503,-217.27442741394043,104.91818189620972,-99.16126728057861,296.52535915374756
1,493,9.86,7673.594057559967,7441.8216943740845,7560.678720474243,7349.115759134293,244.25774812698364,99.26259517669678,30.74944019317627,-472.2599685192108
1,494,9.88,7416.575253009796,7474.385350942612,7509.205937385559,7637.980878353119,-257.0188045501709,32.56365656852722,-51.47278308868408,288.8651192188263
1,495,9.9,7898.573279380798,7166.118621826172,7367.323189973831,7673.13688993454,481.9980263710022,-308.2667291164398,-141.8827474117279,35.1560115814209
1,496,9.92,7488.798350095749,7927.7026653289795,7019.801884889603,7415.059357881546,-409.77492928504944,761.5840435028076,-347.5213050842285,-258.0775320529938
1,497,9.94,7216.173410415649,7506.075799465179,7820.493578910828,7458.664625883102,-272.6249396800995,-421.62686586380005,800.691694021225,43.6052680015564
1,498,9.96,7638.79656791687,7345.729470252991,7547.4613904953,7575.907111167908,422.6231575012207,-160.34632921218872,-273.03218841552734,117.2424852848053
1,499,9.98,7349.153012037277,7664.529085159302,7519.718408584595,7349.356561899185,-289.6435558795929,318.79961490631104,-27.742981910705566,-226.55054926872253
1,500,10.0,7752.551436424255,7224.482446908951,7518.836259841919,7615.8323884010315,403.39842438697815,-440.04663825035095,-0.8821487426757812,266.4758265018463
1,501,10.02,7058.722078800201,7987.642288208008,7387.0594799518585,7487.5012040138245,-693.829357624054,763.159841299057,-131.77677989006042,-128.33118438720703
1,502,10.040000000000001,7534.484267234802,7469.3363904953,7493.828684091568,7530.384361743927,475.76218843460083,-518.3058977127075,106.76920413970947,42.88315773010254
1,503,10.06,7903.242707252502,7418.517172336578,7269.019335508347,7332.641631364822,368.7584400177002,-50.819218158721924,-224.80934858322144,-197.74273037910461
1,504,10.08,7049.84724521637,7772.00847864151,7633.973956108093,7427.58646607399,-853.3954620361328,353.49130630493164,364.9546205997467,94.94483470916748
1,505,10.1,7508.266568183899,7284.907549619675,7689.996063709259,7565.678954124451,458.4193229675293,-487.1009290218353,56.02210760116577,138.09248805046082
1,506,10.120000000000001,7197.607159614563,7710.138261318207,7550.39781332016,7490.47189950943,-310.65940856933594,425.2307116985321,-139.59825038909912,-75.20705461502075
1,507,10.14,7865.064442157745,7140.754759311676,7367.937117815018,7717.835903167725,667.4572825431824,-569.3835020065308,-182.4606955051422,227.36400365829468
1,508,10.16,7365.4623329639435,7641.994059085846,7497.936338186264,7580.377459526062,-499.6021091938019,501.2392997741699,129.99922037124634,-137.4584436416626
1,509,10.18,7538.937330245972,7501.339912414551,7679.4421672821045,7125.9163320064545,173.4749972820282,-140.65414667129517,181.50582909584045,-454.46112751960754
1,510,10.200000000000001,7505.715191364288,7303.305566310883,7348.8084971904755,7933.145463466644,-33.22213888168335,-198.0343461036682,-330.633670091629,807.2291314601898
1,511,10.22,7521.736919879913,7533.738315105438,7606.754899024963,7378.544360399246,16.021728515625,230.43274879455566,257.9464018344879,-554.6011030673981
1,512,10.24,7092.041969299316,7774.209082126617,7293.335050344467,7855.772972106934,-429.6949505805969,240.4707670211792,-313.4198486804962,477.2286117076874
1,513,10.26,7328.020632266998,7498.348653316498,8071.101605892181,6955.829411745071,235.97866296768188,-275.86042881011963,777.7665555477142,-899.9435603618622
1,514,10.28,7471.520304679871,7434.852421283722,7079.836130142212,8057.727813720703,143.49967241287231,-63.49623203277588,-991.2654757499695,1101.8984019756317
1,515,10.3,7647.891938686371,7671.551704406738,7592.490613460541,6898.00038933754,176.37163400650024,236.69928312301636,512.6544833183289,-1159.7274243831635
1,516,10.32,7316.473722457886,7442.401647567749,7675.898969173431,7314.786911010742,-331.4182162284851,-229.15005683898926,83.40835571289062,416.7865216732025
1,517,10.34,7710.67351102829,7524.917721748352,7045.815736055374,7825.871706008911,394.19978857040405,82.51607418060303,-630.0832331180573,511.08479499816895
1,518,10.36,7493.850886821747,7478.0237674713135,7612.082064151764,7497.161477804184,-216.82262420654297,-46.893954277038574,566.2663280963898,-328.7102282047272
1,519,10.38,7453.988790512085,7597.249150276184,7330.71967959404,7717.393934726715,-39.862096309661865,119.2253828048706,-281.362384557724,220.23245692253113
1,520,10.4,7347.293198108673,7503.202855587006,7498.300820589066,7762.851417064667,-106.69559240341187,-94.04629468917847,167.58114099502563,45.45748233795166
1,521,10.42,7559.155821800232,7496.204376220703,7603.8336753845215,7323.277443647385,211.86262369155884,-6.99847936630249,105.53285479545593,-439.5739734172821
1,522,10.44,7728.7644147872925,7015.995383262634,7444.206327199936,7830.888032913208,169.60859298706055,-480.20899295806885,-159.62734818458557,507.61058926582336
1,523,10.46,7484.982758760452,7783.813774585724,7506.14196062088,7208.798676729202,-243.7816560268402,767.8183913230896,61.935633420944214,-622.0893561840057
1,524,10.48,7299.333810806274,7277.680337429047,7539.744079113007,7914.77769613266,-185.64894795417786,-506.13343715667725,33.602118492126465,705.9790194034576
1,525,10.5,7725.666463375092,7686.853408813477,7390.166670084,7205.832749605179,426.33265256881714,409.17307138442993,-149.57740902900696,-708.9449465274811
1,526,10.52,7632.723450660706,7512.398362159729,7486.257702112198,7124.602943658829,-92.94301271438599,-174.45504665374756,96.09103202819824,-81.2298059463501
1,527,10.540000000000001,7502.5999546051025,7351.3467609882355,7302.990108728409,8022.839426994324,-130.12349605560303,-161.05160117149353,-183.26759338378906,898.236483335495
1,528,10.56,7427.535653114319,7673.645317554474,7768.120765686035,6997.96736240387,-75.06430149078369,322.2985565662384,465.13065695762634,-1024.872064590454
1,529,10.58,7369.717061519623,7422.235310077667,7546.96786403656,7577.690780162811,-57.818591594696045,-251.41000747680664,-221.1529016494751,579.7234177589417
1,530,10.6,7619.693279266357,7428.562790155411,7533.5124135017395,7554.4387102127075,249.97621774673462,6.32748007774353,-13.455450534820557,-23.25206995010376
1,531,10.620000000000001,7489.588260650635,7621.57142162323,7419.227808713913,7466.335445642471,-130.10501861572266,193.0086314678192,-114.28460478782654,-88.1032645702362
1,532,10.64,7542.92219877243,7346.424758434296,7711.586952209473,7381.633073091507,53.333938121795654,-275.1466631889343,292.3591434955597,-84.70237255096436
1,533,10.66,7793.397605419159,7015.947550535202,7237.534075975418,8019.205629825592,250.47540664672852,-330.4772078990936,-474.05287623405457,637.5725567340851
1,534,10.68,7565.9555196762085,7896.864712238312,7523.82218837738,6778.570860624313,-227.44208574295044,880.9171617031097,286.2881124019623,-1240.6347692012787
1,535,10.700000000000001,7236.5012764930725,7637.008428573608,7463.33971619606,7558.435797691345,-329.454243183136,-259.85628366470337,-60.48247218132019,779.8649370670319
1,536,10.72,7468.926310539246,7504.516839981079,7388.5478079319,7910.345196723938,232.4250340461731,-132.4915885925293,-74.79190826416016,351.9093990325928
1,537,10.74,7449.513226747513,7714.858949184418,7455.399185419083,7321.770340204239,-19.413083791732788,210.34210920333862,66.85137748718262,-588.5748565196991
1,538,10.76,7487.859725952148,7517.325580120087,7829.013168811798,6788.430362939835,38.34649920463562,-197.53336906433105,373.61398339271545,-533.3399772644043
1,539,10.78,7728.017270565033,7217.437624931335,7141.162306070328,8024.4046449661255,240.15754461288452,-299.8879551887512,-687.8508627414703,1235.974282026291
1,540,10.8,7528.129518032074,7731.035351753235,7438.864856958389,7380.759716033936,-199.88775253295898,513.5977268218994,297.7025508880615,-643.6449289321899
1,541,10.82,7368.03263425827,7377.789467573166,7652.725577354431,7636.803984642029,-160.0968837738037,-353.24588418006897,213.86072039604187,256.04426860809326
1,542,10.84,7513.981461524963,7503.06636095047,7588.074207305908,7454.718798398972,145.94882726669312,125.27689337730408,-64.65137004852295,-182.08518624305725
1,543,10.86,7150.216698646545,7709.482908248901,7536.62109375,7524.905204772949,-363.76476287841797,206.4165472984314,-51.4531135559082,70.18640637397766
1,544,10.88,7692.631483078003,7336.227148771286,7373.637109994888,7749.029994010925,542.4147844314575,-373.25575947761536,-162.9839837551117,224.12478923797607
1,545,10.9,7151.731848716736,7746.515274047852,7693.307399749756,7351.638823747635,-540.8996343612671,410.28812527656555,319.67028975486755,-397.3911702632904
1,546,10.92,8042.80012845993,6927.729845046997,7505.286335945129,7521.423697471619,891.0682797431946,-818.7854290008545,-188.02106380462646,169.78487372398376
1,547,10.94,7182.891815900803,7761.441469192505,7187.628895044327,7992.687523365021,-859.9083125591278,833.7116241455078,-317.6574409008026,471.2638258934021
1,548,10.96,7609.489560127258,7378.85981798172,7899.138927459717,6983.072608709335,426.5977442264557,-382.5816512107849,711.51003241539,-1009.6149146556854
1,549,10.98,7358.502000570297,7829.454839229584,7125.6352961063385,7684.378921985626,-250.98755955696106,450.59502124786377,-773.5036313533783,701.3063132762909
1,550,11.0,7852.521538734436,6974.440813064575,7549.808025360107,7646.806538105011,494.0195381641388,-855.0140261650085,424.1727292537689,-37.572383880615234
1,551,11.02,6892.903745174408,8485.909104347229,7426.051050424576,6593.551486730576,-959.6177935600281,1511.4682912826538,-123.75697493553162,-1053.2550513744354
1,552,11.040000000000001,7856.786251068115,6692.52946972847,7783.01477432251,7717.726230621338,963.8825058937073,-1793.3796346187592,356.96372389793396,1124.1747438907623
1,553,11.06,7602.929770946503,7654.158174991608,7393.68811249733,7597.492039203644,-253.85648012161255,961.6287052631378,-389.32666182518005,-120.23419141769409
1,554,11.08,7581.346333026886,7346.578240394592,7601.296901702881,7413.766980171204,-21.5834379196167,-307.5799345970154,207.60878920555115,-183.72505903244019
1,555,11.1,7458.104193210602,7732.243537902832,7383.186370134354,7517.2072649002075,-123.24213981628418,385.66529750823975,-218.11053156852722,103.4402847290039
1,556,11.120000000000001,7130.0119161605835,7708.129584789276,7358.610779047012,7786.548435688019,-328.0922770500183,-24.113953113555908,-24.57559108734131,269.3411707878113
1,557,11.14,7561.842501163483,7261.498272418976,7954.540848731995,7179.859578609467,431.83058500289917,-446.6313123703003,595.9300696849823,-606.6888570785522
1,558,11.16,7433.793544769287,7474.124580621719,7273.949235677719,7880.084812641144,-128.04895639419556,212.62630820274353,-680.5916130542755,700.2252340316772
1,559,11.18,7697.6752281188965,7402.213215827942,7451.109737157822,7553.858160972595,263.8816833496094,-71.91136479377747,177.16050148010254,-326.2266516685486
1,560,11.200000000000001,7249.406278133392,7502.1374225616455,7492.376118898392,7836.637496948242,-448.26894998550415,99.92420673370361,41.26638174057007,282.779335975647
1,561,11.22,8099.924325942993,7127.490043640137,7095.840126276016,7530.202567577362,850.5180478096008,-374.6473789215088,-396.5359926223755,-306.4349293708801
1,562,11.24,7205.867916345596,7804.904878139496,7632.813453674316,7458.248883485794,-894.0564095973969,677.4148344993591,536.9733273983002,-71.953684091568
1,563,11.26,7865.353226661682,7327.656000852585,7655.729651451111,7019.6533203125,659.4853103160858,-477.248877286911,22.916197776794434,-438.59556317329407
1,564,11.28,7338.508665561676,7791.687846183777,7277.529090642929,7466.317266225815,-526.8445611000061,464.031845331192,-378.20056080818176,446.6639459133148
1,565,11.3,7595.976889133453,7329.350113868713,7680.609226226807,7415.867298841476,257.46822357177734,-462.3377323150635,403.08013558387756,-50.44996738433838
1,566,11.32,7421.196401119232,7614.31872844696,7502.3892521858215,7441.2912130355835,-174.7804880142212,284.96861457824707,-178.2199740409851,25.423914194107056
1,567,11.34,7500.923573970795,7443.002164363861,7483.078688383102,7607.124447822571,79.7271728515625,-171.31656408309937,-19.310563802719116,165.8332347869873
1,568,11.36,7468.5995280742645,7747.075259685516,7545.96471786499,7011.035978794098,-32.32404589653015,304.0730953216553,62.88602948188782,-596.0884690284729
1,569,11.38,7622.808218002319,7037.314176559448,7524.106502532959,7896.496057510376,154.2086899280548,-709.7610831260681,-21.85821533203125,885.4600787162781
1,570,11.4,7354.774475097656,7772.480249404907,7567.083239555359,7370.810359716415,-268.0337429046631,735.166072845459,42.9767370223999,-525.6856977939606
1,571,11.42,7492.917478084564,7475.867420434952,7282.764762639999,7833.657264709473,138.14300298690796,-296.61282896995544,-284.3184769153595,462.84690499305725
1,572,11.44,7403.067648410797,7351.734042167664,7781.626582145691,7583.158612251282,-89.84982967376709,-124.13337826728821,498.8618195056915,-250.49865245819092
1,573,11.46,7599.3746519088745,7660.320103168488,7435.501664876938,7147.54045009613,196.3070034980774,308.586061000824,-346.12491726875305,-435.61816215515137
1,574,11.48,7355.900704860687,7411.652952432632,7537.205219268799,7708.109617233276,-243.47394704818726,-248.6671507358551,101.70355439186096,560.569167137146
1,575,11.5,7263.635843992233,7615.361511707306,7452.497035264969,7819.892764091492,-92.26486086845398,203.70855927467346,-84.70818400382996,111.78314685821533
1,576,11.52,7720.646560192108,7422.174960374832,7516.857981681824,7328.262776136398,457.0107161998749,-193.18655133247375,64.36094641685486,-491.6299879550934
1,577,11.540000000000001,7319.765985012054,7730.719149112701,7546.700835227966,7160.014510154724,-400.8805751800537,308.54418873786926,29.842853546142578,-168.2482659816742
1,578,11.56,7882.052958011627,6879.869103431702,7488.8975918293,7863.636910915375,562.2869729995728,-850.8500456809998,-57.80324339866638,703.6224007606506
1,579,11.58,7114.243358373642,8119.807243347168,7309.912592172623,7464.131861925125,-767.8095996379852,1239.9381399154663,-178.98499965667725,-399.50504899024963
1,580,11.6,7622.598707675934,7130.400538444519,7756.935954093933,7480.619698762894,508.35534930229187,-989.4067049026489,447.0233619213104,16.487836837768555
1,581,11.620000000000001,7689.507603645325,7541.617751121521,7144.219130277634,7736.1854910850525,66.90889596939087,411.21721267700195,-612.7168238162994,255.5657923221588
1,582,11.64,7522.889971733093,7304.010987281799,7537.884712219238,7641.459405422211,-166.61763191223145,-237.60676383972168,393.6655819416046,-94.7260856628418
1,583,11.66,7185.8833730220795,7849.68376159668,7587.642967700958,7383.082360029221,-337.0065987110138,545.6727743148804,49.75825548171997,-258.3770453929901
1,584,11.68,7529.689073562622,7517.878413200378,7508.396506309509,7339.418679475784,343.8057005405426,-331.80534839630127,-79.24646139144897,-43.66368055343628
1,585,11.700000000000001,7434.029579162598,7459.038496017456,7554.23903465271,7595.42852640152,-95.65949440002441,-58.83991718292236,45.842528343200684,256.0098469257355
1,586,11.72,7361.568063497543,7782.3784947395325,7309.634834527969,7531.077265739441,-72.46151566505432,323.3399987220764,-244.6042001247406,-64.35126066207886
1,587,11.74,7641.506195068359,7320.150434970856,7740.303575992584,7172.015756368637,279.93813157081604,-462.22805976867676,430.66874146461487,-359.06150937080383
1,588,11.76,7397.661209106445,7441.500723361969,7576.31242275238,7575.642168521881,-243.84498596191406,121.35028839111328,-163.99115324020386,403.626412153244
1,589,11.78,7466.453313827515,7492.296099662781,7465.607076883316,7661.502957344055,68.79210472106934,50.79537630081177,-110.70534586906433,85.86078882217407
1,590,11.8,7301.83482170105,7637.3133063316345,7621.236443519592,7414.99587893486,-164.61849212646484,145.01720666885376,155.62936663627625,-246.50707840919495
1,591,11.82,7841.4541482925415,7434.324324131012,7361.965328454971,7283.3773493766785,539.6193265914917,-202.98898220062256,-259.271115064621,-131.61852955818176
1,592,11.84,7331.596314907074,7495.69833278656,7707.262635231018,7411.769479513168,-509.85783338546753,61.374008655548096,345.29730677604675,128.39213013648987
1,593,11.86,7894.53387260437,6983.974874019623,7268.284410238266,7925.916314125061,562.9375576972961,-511.72345876693726,-438.9782249927521,514.1468346118927
1,594,11.88,7223.321497440338,7932.614386081696,7429.160624742508,7507.362961769104,-671.212375164032,948.6395120620728,160.87621450424194,-418.55335235595703
1,595,11.9,7738.909423351288,7525.30962228775,7420.784682035446,7212.480902671814,515.5879259109497,-407.3047637939453,-8.375942707061768,-294.88205909729004
1,596,11.92,7361.865937709808,7408.000081777573,7651.472091674805,7641.336619853973,-377.0434856414795,-117.30954051017761,230.68740963935852,428.8557171821594
1,597,11.94,7676.485776901245,7537.887990474701,7375.524193048477,7422.37389087677,314.61983919143677,129.8879086971283,-275.9478986263275,-218.96272897720337
1,598,11.96,7471.373975276947,7145.9245681762695,7632.682323455811,7778.805196285248,-205.1118016242981,-391.9634222984314,257.1581304073334,356.4313054084778
1,599,11.98,6961.137056350708,8021.985292434692,7643.810510635376,7245.456129312515,-510.236918926239,876.0607242584229,11.12818717956543,-533.3490669727325
1,600,12.0,7903.136610984802,7135.525941848755,7278.161495923996,7793.945372104645,941.9995546340942,-886.4593505859375,-365.64901471138,548.4892427921295
1,601,12.02,7219.085991382599,7896.674871444702,7525.646984577179,7344.944328069687,-684.0506196022034,761.1489295959473,247.48548865318298,-449.0010440349579
1,602,12.040000000000001,7256.541848182678,7612.4027371406555,7482.6522171497345,7564.559280872345,37.455856800079346,-284.27213430404663,-42.99476742744446,219.61495280265808
1,603,12.06,7584.589123725891,7141.227424144745,7387.064248323441,8076.102733612061,328.0472755432129,-471.17531299591064,-95.58796882629395,511.5434527397156
1,604,12.08,7730.104029178619,7487.277686595917,7670.043110847473,6985.383480787277,145.51490545272827,346.0502624511719,282.9788625240326,-1090.7192528247833
1,605,12.1,7478.869557380676,7820.734977722168,7356.285899877548,6884.758472442627,-251.23447179794312,333.4572911262512,-313.7572109699249,-100.62500834465027
1,606,12.120000000000001,7664.3106341362,7025.763541460037,7433.53083729744,8058.245778083801,185.44107675552368,-794.9714362621307,77.24493741989136,1173.4873056411743
1,607,12.14,7941.533923149109,7578.524053096771,7385.960668325424,6888.3658945560455,277.22328901290894,552.760511636734,-47.57016897201538,-1169.8798835277557
1,608,12.16,7275.262773036957,7525.485455989838,7559.967041015625,7634.66089963913,-666.2711501121521,-53.038597106933594,174.0063726902008,746.2950050830841
1,609,12.18,7592.630684375763,7446.720004081726,7528.3291935920715,7640.082538127899,317.36791133880615,-78.76545190811157,-31.637847423553467,5.421638488769531
1,610,12.200000000000001,7518.351376056671,7512.560784816742,7601.692676544189,7313.326150178909,-74.2793083190918,65.84078073501587,73.36348295211792,-326.75638794898987
1,611,12.22,7397.126853466034,7413.616627454758,7569.069564342499,7672.2365617752075,-121.2245225906372,-98.94415736198425,-32.623112201690674,358.9104115962982
1,612,12.24,7470.481097698212,7688.767611980438,7434.633523225784,7435.222417116165,73.35424423217773,275.15098452568054,-134.43604111671448,-237.01414465904236
1,613,12.26,7760.4299783706665,7493.470907211304,7426.903694868088,7169.370353221893,289.94888067245483,-195.29670476913452,-7.729828357696533,-265.85206389427185
1,614,12.280000000000001,7237.6129031181335,7637.555301189423,7615.997791290283,7402.543872594833,-522.817075252533,144.0843939781189,189.09409642219543,233.17351937294006
1,615,12.3,7515.741288661957,7335.463464260101,7564.055323600769,7673.007249832153,278.12838554382324,-302.0918369293213,-51.94246768951416,270.46337723731995
1,616,12.32,7650.383114814758,7527.580261230469,7393.92951130867,7498.017698526382,134.6418261528015,192.11679697036743,-170.125812292099,-174.98955130577087
1,617,12.34,7074.3948221206665,7575.870156288147,7571.313679218292,7804.536819458008,-575.9882926940918,48.28989505767822,177.3841679096222,306.51912093162537
1,618,12.36,7442.2019720077515,7705.835700035095,7530.784010887146,7260.538935661316,367.80714988708496,129.96554374694824,-40.52966833114624,-543.9978837966919
1,619,12.38,7538.356184959412,7467.625588178635,7290.059477090836,7753.969132900238,96.15421295166016,-238.21011185646057,-240.72453379631042,493.4301972389221
1,620,12.4,7482.7641248703,7454.647421836853,7523.148059844971,7681.984007358551,-55.59206008911133,-12.978166341781616,233.08858275413513,-71.98512554168701
1,621,12.42,7607.351541519165,7173.288017511368,7481.429725885391,7796.585559844971,124.58741664886475,-281.35940432548523,-41.71833395957947,114.60155248641968
1,622,12.44,7812.81590461731,7273.533791303635,7929.973602294922,6784.917116165161,205.46436309814453,100.24577379226685,448.54387640953064,-1011.6684436798096
1,623,12.46,7215.643525123596,7849.184274673462,7311.94332242012,7325.672954320908,-597.1723794937134,575.6504833698273,-618.0302798748016,540.7558381557465
1,624,12.48,7944.450378417969,7179.1718900203705,7524.866759777069,7483.885437250137,728.8068532943726,-670.0123846530914,212.92343735694885,158.21248292922974
1,625,12.5,7476.797699928284,7532.786428928375,7476.965636014938,7619.803249835968,-467.65267848968506,353.61453890800476,-47.90112376213074,135.9178125858307
1,626,12.52,7237.495929002762,7848.645448684692,7366.421073675156,7448.41143488884,-239.30177092552185,315.85901975631714,-110.54456233978271,-171.3918149471283
1,627,12.540000000000001,7806.071043014526,7113.7551963329315,7347.926050424576,7932.819724082947,568.5751140117645,-734.8902523517609,-18.495023250579834,484.40828919410706
1,628,12.56,7481.450140476227,7644.237279891968,7484.9967658519745,7435.550838708878,-324.62090253829956,530.4820835590363,137.07071542739868,-497.2688853740692
1,629,12.58,7150.470614433289,7848.74826669693,7672.716975212097,6828.985959291458,-330.97952604293823,204.51098680496216,187.72020936012268,-606.5648794174194
1,630,12.6,7752.68167257309,7031.577527523041,7569.940686225891,7749.007940292358,602.211058139801,-817.1707391738892,-102.77628898620605,920.0219810009003
1,631,12.620000000000001,7463.566064834595,7545.1695919036865,7655.054330825806,7395.245879888535,-289.1156077384949,513.5920643806458,85.11364459991455,-353.76206040382385
1,632,12.64,7582.547068595886,7312.2552037239075,7346.571832895279,7887.6519203186035,118.9810037612915,-232.91438817977905,-308.48249793052673,492.40604043006897
1,633,12.66,7277.757078409195,7754.511833190918,7505.560219287872,7552.228271961212,-304.7899901866913,442.2566294670105,158.98838639259338,-335.42364835739136
1,634,12.68,7811.664938926697,7332.1714997291565,7496.076375246048,7368.043810129166,533.9078605175018,-422.3403334617615,-9.48384404182434,-184.1844618320465
1,635,12.700000000000001,7462.898790836334,7661.052942276001,7286.395579576492,7626.894116401672,-348.76614809036255,328.8814425468445,-209.68079566955566,258.8503062725067
1,636,12.72,7597.602009773254,7531.03107213974,7355.445772409439,7571.669220924377,134.70321893692017,-130.021870136261,69.05019283294678,-55.22489547729492
1,637,12.74,7549.508512020111,7476.067692041397,7678.96294593811,7243.753522634506,-48.09349775314331,-54.963380098342896,323.51717352867126,-327.9156982898712
1,638,12.76,7033.8186621665955,7895.641326904297,7418.067306280136,7332.504242658615,-515.6898498535156,419.5736348628998,-260.89563965797424,88.75072002410889
1,639,12.780000000000001,7704.449892044067,7064.452618360519,7704.1807770729065,7609.463334083557,670.6312298774719,-831.1887085437775,286.1134707927704,276.959091424942
1,640,12.8,7340.974807739258,7906.721532344818,7312.6862943172455,7367.875427007675,-363.47508430480957,842.2689139842987,-391.494482755661,-241.58790707588196
1,641,12.82,7367.745041847229,7480.226904153824,7642.830312252045,7379.235178232193,26.77023410797119,-426.49462819099426,330.1440179347992,11.359751224517822
1,642,12.84,7365.316450595856,7549.380958080292,7404.6434462070465,7819.04935836792,-2.428591251373291,69.1540539264679,-238.18686604499817,439.81418013572693
1,643,12.86,7824.24658536911,7060.6231689453125,7665.475606918335,7492.313832044601,458.9301347732544,-488.75778913497925,260.83216071128845,-326.7355263233185
1,644,12.88,7476.633191108704,8081.69960975647,7129.399925470352,6980.195641517639,-347.6133942604065,1021.0764408111572,-536.0756814479828,-512.1181905269623
1,645,12.9,7379.75686788559,7296.491712331772,7787.6633405685425,7455.474883317947,-96.87632322311401,-785.2078974246979,658.2634150981903,475.2792418003082
1,646,12.92,7734.248638153076,7394.648790359497,7356.064468622208,7811.504006385803,354.4917702674866,98.15707802772522,-431.59887194633484,356.02912306785583
1,647,12.94,7411.0147356987,7196.673303842545,7565.7230615615845,7862.584292888641,-323.2339024543762,-197.97548651695251,209.65859293937683,51.080286502838135
1,648,12.96,7610.906958580017,7602.72204875946,7446.552067995071,7458.62752199173,199.89222288131714,406.0487449169159,-119.17099356651306,-403.9567708969116
1,649,12.98,7561.1647963523865,7565.412819385529,7483.275681734085,7311.668246984482,-49.742162227630615,-37.309229373931885,36.72361373901367,-146.95927500724792
1,650,13.0,7423.8839745521545,7612.757384777069,7450.612336397171,7553.396821022034,-137.28082180023193,47.34456539154053,-32.66334533691406,241.72857403755188
1,651,13.02,7283.316999673843,7674.669623374939,7381.495386362076,7716.164588928223,-140.56697487831116,61.91223859786987,-69.11695003509521,162.76776790618896
1,652,13.040000000000001,7646.023631095886,7196.085602045059,7499.75398182869,7788.829207420349,362.70663142204285,-478.58402132987976,118.25859546661377,72.66461849212646
1,653,13.06,7416.3950979709625,7662.3547077178955,7469.435781240463,7477.138787508011,-229.6285331249237,466.2691056728363,-30.31820058822632,-311.69041991233826
1,654,13.08,7154.119610786438,7970.894873142242,7614.799737930298,6690.980345010757,-262.27548718452454,308.5401654243469,145.3639566898346,-786.1584424972534
1,655,13.1,7393.074929714203,7343.977391719818,7644.230425357819,7440.837323665619,238.9553189277649,-626.9174814224243,29.430687427520752,749.8569786548615
1,656,13.120000000000001,7630.575895309448,7225.44401884079,7302.11153626442,8131.222128868103,237.50096559524536,-118.53337287902832,-342.11888909339905,690.3848052024841
1,657,13.14,7441.626489162445,7492.775768041611,7548.394501209259,7642.873525619507,-188.94940614700317,267.3317492008209,246.28296494483948,-488.3486032485962
1,658,13.16,7520.666420459747,7406.370490789413,7510.207295417786,7614.621520042419,79.03993129730225,-86.40527725219727,-38.18720579147339,-28.252005577087402
1,659,13.18,7278.770804405212,7707.473635673523,7476.548999547958,7559.869587421417,-241.8956160545349,301.1031448841095,-33.65829586982727,-54.7519326210022
1,660,13.200000000000001,7706.443071365356,7540.242075920105,7511.504888534546,7122.220098972321,427.67226696014404,-167.23155975341797,34.955888986587524,-437.6494884490967
1,661,13.22,7422.848343849182,7140.379548072815,7721.737027168274,7718.538045883179,-283.5947275161743,-399.86252784729004,210.23213863372803,596.3179469108582
1,662,13.24,7347.228825092316,7980.630993843079,7328.43354344368,7209.380269050598,-75.61951875686646,840.2514457702637,-393.3034837245941,-509.15777683258057
1,663,13.26,7184.757888317108,7264.854311943054,7515.783309936523,8033.997118473053,-162.47093677520752,-715.7766819000244,187.34976649284363,824.6168494224548
1,664,13.280000000000001,7842.159271240234,7508.269846439362,7288.574725389481,7463.510185480118,657.4013829231262,243.41553449630737,-227.20858454704285,-570.4869329929352
1,665,13.3,7245.74476480484,7622.27326631546,7760.204374790192,7172.966450452805,-596.4145064353943,114.00341987609863,471.62964940071106,-290.54373502731323
1,666,13.32,7613.913714885712,7580.409944057465,7477.390915155411,7196.828871965408,368.1689500808716,-41.863322257995605,-282.8134596347809,23.86242151260376
1,667,13.34,7180.092036724091,7417.614161968231,7486.944943666458,7947.019338607788,-433.8216781616211,-162.7957820892334,9.554028511047363,750.1904666423798
1,668,13.36,7697.843909263611,7382.059842348099,7414.2904579639435,7649.9974727630615,517.7518725395203,-35.554319620132446,-72.65448570251465,-297.02186584472656
1,669,13.38,7489.044517278671,7880.20521402359,7419.104129076004,6855.536997318268,-208.79939198493958,498.14537167549133,4.813671112060547,-794.4604754447937
1,670,13.4,7824.694514274597,7204.389274120331,7499.981075525284,7353.448122739792,335.6499969959259,-675.8159399032593,80.87694644927979,497.91112542152405
1,671,13.42,7093.750238418579,7638.354301452637,7558.581233024597,7872.076332569122,-730.9442758560181,433.9650273323059,58.600157499313354,518.6282098293304
1,672,13.44,7419.860064983368,7435.778826475143,7582.0571184158325,7631.7718625068665,326.1098265647888,-202.5754749774933,23.47588539123535,-240.30447006225586
1,673,13.46,7909.798324108124,7135.641574859619,7289.239913225174,7629.603445529938,489.93825912475586,-300.1372516155243,-292.81720519065857,-2.168416976928711
1,674,13.48,7359.627038240433,7629.328966140747,7471.732646226883,7605.589926242828,-550.171285867691,493.68739128112793,182.49273300170898,-24.013519287109375
1,675,13.5,7283.010184764862,7809.576690196991,7853.326201438904,6733.442395925522,-76.61685347557068,180.2477240562439,381.5935552120209,-872.1475303173065
1,676,13.52,7647.193074226379,7212.768793106079,7320.26681303978,7912.506461143494,364.18288946151733,-596.8078970909119,-533.0593883991241,1179.0640652179718
1,677,13.540000000000001,7322.598844766617,7724.755704402924,7747.194468975067,7188.390642404556,-324.5942294597626,511.9869112968445,426.9276559352875,-724.1158187389374
1,678,13.56,7672.0768213272095,7151.1465311050415,7428.486794233322,7809.086740016937,349.47797656059265,-573.6091732978821,-318.707674741745,620.696097612381
1,679,13.58,7260.392904281616,7689.987123012543,7687.570750713348,7463.459223508835,-411.68391704559326,538.8405919075012,259.08395648002625,-345.6275165081024
1,680,13.6,7697.584927082062,7410.959601402283,7583.097517490387,7144.687473773956,437.19202280044556,-279.02752161026,-104.47323322296143,-318.77174973487854
1,681,13.620000000000001,7348.571419715881,7617.02686548233,7240.7592833042145,7901.403307914734,-349.0135073661804,206.0672640800476,-342.3382341861725,756.7158341407776
1,682,13.64,7917.304039001465,7026.767879724503,7615.765929222107,7479.503303766251,568.7326192855835,-590.2589857578278,375.00664591789246,-421.9000041484833
1,683,13.66,7302.86031961441,7808.40277671814,7199.8511254787445,7793.700397014618,-614.4437193870544,781.6348969936371,-415.9148037433624,314.1970932483673
1,684,13.68,7417.154461145401,7609.72797870636,7516.117095947266,7488.396018743515,114.2941415309906,-198.67479801177979,316.2659704685211,-305.3043782711029
1,685,13.700000000000001,7729.714512825012,7472.391128540039,7129.909545183182,7705.232799053192,312.5600516796112,-137.3368501663208,-386.20755076408386,216.83678030967712
1,686,13.72,7518.9584493637085,7511.5767121315,7740.5765652656555,7142.685204744339,-210.7560634613037,39.18558359146118,610.6670200824738,-562.5475943088531
1,687,13.74,7506.512999534607,7736.077904701233,7270.268946886063,7286.066710948944,-12.445449829101562,224.50119256973267,-470.3076183795929,143.3815062046051
1,688,13.76,7584.153413772583,7084.680199623108,7995.608448982239,7318.95312666893,77.64041423797607,-651.397705078125,725.3395020961761,32.88641571998596
1,689,13.780000000000001,7203.807830810547,7542.041838169098,7444.168776273727,7931.214869022369,-380.34558296203613,457.36163854599,-551.4396727085114,612.2617423534393
1,690,13.8,8056.987524032593,7289.031594991684,7259.7165405750275,7401.57350897789,853.1796932220459,-253.01024317741394,-184.45223569869995,-529.6413600444794
1,691,13.82,7240.02331495285,7821.196615695953,7445.8445608615875,7499.387413263321,-816.9642090797424,532.1650207042694,186.12802028656006,97.81390428543091
1,692,13.84,7808.562517166138,7051.40545964241,7688.772082328796,7537.408769130707,568.5392022132874,-769.7911560535431,242.92752146720886,38.021355867385864
1,693,13.86,7161.366045475006,7961.0684514045715,7407.5748026371,7344.163656234741,-647.1964716911316,909.6629917621613,-281.19727969169617,-193.24511289596558
1,694,13.88,7673.415541648865,7167.716771364212,7801.850736141205,7259.7938776016235,512.0494961738586,-793.3516800403595,394.2759335041046,-84.36977863311768
1,695,13.9,7377.9818415641785,7559.442818164825,7438.572198152542,7767.544984817505,-295.4337000846863,391.7260468006134,-363.2785379886627,507.75110721588135
1,696,13.92,7432.33323097229,7501.213848590851,7617.43038892746,7459.380775690079,54.35138940811157,-58.22896957397461,178.8581907749176,-308.16420912742615
1,697,13.94,7715.091705322266,7349.251508712769,7468.015104532242,7595.750987529755,282.7584743499756,-151.96233987808228,-149.4152843952179,136.3702118396759
1,698,13.96,7533.635199069977,7542.5368547439575,7428.617030382156,7551.145553588867,-181.45650625228882,193.28534603118896,-39.39807415008545,-44.60543394088745
1,699,13.98,7327.316999435425,7946.089804172516,7527.590692043304,6728.184074163437,-206.318199634552,403.55294942855835,98.97366166114807,-822.9614794254303
1,700,14.0,7454.475909471512,7083.361595869064,7508.462071418762,8034.5165729522705,127.15891003608704,-862.7282083034515,-19.128620624542236,1306.3324987888336
1,701,14.02,7870.030999183655,7395.684570074081,7452.610284090042,7497.289180755615,415.55508971214294,312.3229742050171,-55.85178732872009,-537.2273921966553
1,702,14.040000000000001,7914.00283575058,7401.456385850906,7152.871340513229,7213.839143514633,43.97183656692505,5.771815776824951,-299.73894357681274,-283.45003724098206
1,703,14.06,7158.193737268448,7805.662751197815,7476.363927125931,7733.044922351837,-755.809098482132,404.20636534690857,323.4925866127014,519.205778837204
1,704,14.08,7433.496564626694,7402.218878269196,7794.666290283203,7392.820864915848,275.30282735824585,-403.4438729286194,318.30236315727234,-340.2240574359894
1,705,14.1,7538.411617279053,7569.175064563751,7308.545857667923,7686.200439929962,104.91505265235901,166.95618629455566,-486.12043261528015,293.3795750141144
1,706,14.120000000000001,7497.262954711914,7665.583491325378,7629.266977310181,6970.071643590927,-41.14866256713867,96.4084267616272,320.7211196422577,-716.128796339035
1,707,14.14,7424.285709857941,7363.432794809341,7607.888579368591,7570.160031318665,-72.97724485397339,-302.150696516037,-21.378397941589355,600.0883877277374
1,708,14.16,7568.0771470069885,7504.400312900543,7496.03196978569,7535.409331321716,143.79143714904785,140.96751809120178,-111.856609582901,-34.75069999694824
1,709,14.18,7186.722457408905,7566.132843494415,7783.771753311157,7384.338080883026,-381.3546895980835,61.73253059387207,287.7397835254669,-151.07125043869019
1,710,14.200000000000001,7796.580493450165,7403.21159362793,7275.797575712204,7642.010450363159,609.8580360412598,-162.9212498664856,-507.97417759895325,257.67236948013306
1,711,14.22,7479.042112827301,7463.821321725845,7468.7714874744415,7652.783095836639,-317.53838062286377,60.60972809791565,192.97391176223755,10.772645473480225
1,712,14.24,7581.78323507309,7375.5113780498505,7725.76630115509,7317.509800195694,102.74112224578857,-88.30994367599487,256.9948136806488,-335.27329564094543
1,713,14.26,7307.566404342651,7780.634760856628,7368.388921022415,7492.48668551445,-274.21683073043823,405.12338280677795,-357.37738013267517,174.9768853187561
1,714,14.280000000000001,7653.706669807434,7283.112704753876,7422.0554530620575,7762.531936168671,346.1402654647827,-497.5220561027527,53.666532039642334,270.0452506542206
1,715,14.3,7578.778564929962,7376.244217157364,7588.486969470978,7524.044215679169,-74.92810487747192,93.13151240348816,166.4315164089203,-238.48772048950195
1,716,14.32,7225.140333175659,7970.79861164093,7244.877964258194,7452.540695667267,-353.638231754303,594.5543944835663,-343.6090052127838,-71.50352001190186
1,717,14.34,7376.111000776291,7422.317564487457,8072.555661201477,6924.511641263962,150.9706676006317,-548.4810471534729,827.6776969432831,-528.029054403305
1,718,14.36,7509.824335575104,7220.521122217178,7217.765599489212,8171.418905258179,133.71333479881287,-201.79644227027893,-854.790061712265,1246.907263994217
1,719,14.38,7643.238008022308,7738.29311132431,7436.365634202957,7173.991352319717,133.4136724472046,517.771989107132,218.60003471374512,-997.4275529384613
1,720,14.4,7469.0766632556915,7450.782954692841,7615.832686424255,7354.2386293411255,-174.16134476661682,-287.5101566314697,179.46705222129822,180.24727702140808
1,721,14.42,7672.397196292877,6967.625617980957,7203.240841627121,8227.250874042511,203.32053303718567,-483.15733671188354,-412.5918447971344,873.0122447013855
1,722,14.44,7466.294467449188,7790.916264057159,7674.426734447479,7090.053111314774,-206.10272884368896,823.2906460762024,471.1858928203583,-1137.1977627277374
1,723,14.46,7757.972478866577,7416.336834430695,7287.501245737076,7516.7059898376465,291.6780114173889,-374.57942962646484,-386.92548871040344,426.6528785228729
1,724,14.48,7482.284903526306,7668.922543525696,7567.6292181015015,7263.844609260559,-275.687575340271,252.58570909500122,280.12797236442566,-252.8613805770874
1,725,14.5,7212.435752153397,7564.669549465179,7487.9007041454315,7726.563513278961,-269.84915137290955,-104.25299406051636,-79.72851395606995,462.7189040184021
1,726,14.52,7709.886431694031,7454.805076122284,7504.535913467407,7413.456737995148,497.45067954063416,-109.86447334289551,16.635209321975708,-313.1067752838135
1,727,14.540000000000001,7039.15536403656,7832.658588886261,7536.591589450836,7339.5974934101105,-670.7310676574707,377.85351276397705,32.055675983428955,-73.85924458503723
1,728,14.56,7525.840997695923,7358.063459396362,7406.164854764938,7854.530215263367,486.6856336593628,-474.5951294898987,-130.42673468589783,514.9327218532562
1,729,14.58,7381.392419338226,7651.692032814026,7497.072368860245,7530.673444271088,-144.44857835769653,293.6285734176636,90.9075140953064,-323.85677099227905
1,730,14.6,7745.441198348999,7420.604825019836,7767.580151557922,6701.720505952835,364.0487790107727,-231.08720779418945,270.5077826976776,-828.9529383182526
1,731,14.620000000000001,7207.468152046204,7154.014110565186,7556.3108921051025,8076.768517494202,-537.9730463027954,-266.5907144546509,-211.26925945281982,1375.0480115413666
1,732,14.64,8002.873063087463,7164.511531591415,7216.215878725052,7784.51681137085,795.4049110412598,10.497421026229858,-340.09501338005066,-292.25170612335205
1,733,14.66,7452.0231783390045,7765.412330627441,7203.419357538223,7605.947554111481,-550.8498847484589,600.900799036026,-12.796521186828613,-178.5692572593689
1,734,14.68,7385.998517274857,7695.3694224357605,7779.7576785087585,6947.413086891174,-66.02466106414795,-70.04290819168091,576.3383209705353,-658.5344672203064
1,735,14.700000000000001,7358.790636062622,7317.748069763184,7657.344341278076,7671.084702014923,-27.207881212234497,-377.6213526725769,-122.41333723068237,723.6716151237488
1,736,14.72,7653.189897537231,7516.457736492157,7455.138713121414,7461.561411619186,294.3992614746094,198.7096667289734,-202.205628156662,-209.5232903957367
1,737,14.74,7300.389111042023,7334.692627191544,7480.677515268326,7961.814999580383,-352.80078649520874,-181.7651093006134,25.53880214691162,500.2535879611969
1,738,14.76,7972.274422645569,7180.596143007278,7565.481066703796,7303.585857152939,671.8853116035461,-154.09648418426514,84.80355143547058,-658.2291424274445
1,739,14.780000000000001,7207.502722740173,7929.342985153198,7328.122109174728,7422.945946455002,-764.7716999053955,748.7468421459198,-237.358957529068,119.36008930206299
1,740,14.8,7456.443011760712,7514.329254627228,7498.999089002609,7645.158469676971,248.94028902053833,-415.01373052597046,170.87697982788086,222.2125232219696
1,741,14.82,7344.894707202911,7752.214074134827,7429.505735635757,7462.505251169205,-111.5483045578003,237.88481950759888,-69.4933533668518,-182.65321850776672
1,742,14.84,7395.35316824913,7423.988431692123,7869.367003440857,7042.98660159111,50.45846104621887,-328.22564244270325,439.8612678050995,-419.5186495780945
1,743,14.86,7237.574607133865,7492.7376210689545,7235.438972711563,8120.464086532593,-157.7785611152649,68.74918937683105,-633.9280307292938,1077.4774849414825
1,744,14.88,7641.3097977638245,7541.143596172333,7555.336356163025,7338.091284036636,403.7351906299591,48.405975103378296,319.8973834514618,-782.3728024959564
1,745,14.9,7287.681102752686,7423.038929700851,7677.083611488342,7583.734393119812,-353.6286950111389,-118.10466647148132,121.74725532531738,245.64310908317566
1,746,14.92,7785.679399967194,7346.546798944473,7405.504733324051,7587.000727653503,497.99829721450806,-76.49213075637817,-271.5788781642914,3.2663345336914062
1,747,14.94,7431.970536708832,7620.594203472137,7579.65087890625,7293.813973665237,-353.7088632583618,274.0474045276642,174.1461455821991,-293.186753988266
1,748,14.96,6908.908933401108,7899.409830570221,7493.827193975449,7465.074509382248,-523.061603307724,278.8156270980835,-85.82368493080139,171.2605357170105
1,749,14.98,7932.993173599243,7217.194586992264,7411.954551935196,7618.788182735443,1024.0842401981354,-682.2152435779572,-81.87264204025269,153.7136733531952
1,750,15.0,7570.497989654541,7303.413599729538,7290.351837873459,7903.697490692139,-362.49518394470215,86.21901273727417,-121.60271406173706,284.90930795669556
1,751,15.02,7437.81715631485,7409.783452749252,7666.675746440887,7643.3417201042175,-132.68083333969116,106.36985301971436,376.3239085674286,-260.35577058792114
1,752,15.040000000000001,7647.549510002136,7549.979090690613,7518.711686134338,7233.692556619644,209.73235368728638,140.19563794136047,-147.96406030654907,-409.64916348457336
1,753,15.06,7664.24685716629,7501.400411128998,7557.007372379303,7061.595320701599,16.697347164154053,-48.57867956161499,38.2956862449646,-172.09723591804504
1,754,15.08,7564.299702644348,7474.8265743255615,7421.478182077408,7608.419954776764,-99.94715452194214,-26.57383680343628,-135.52919030189514,546.8246340751648
1,755,15.1,7514.645457267761,7641.844749450684,7524.840831756592,7267.251908779144,-49.654245376586914,167.01817512512207,103.36264967918396,-341.16804599761963
1,756,15.120000000000001,7661.797404289246,7645.681798458099,7335.318177938461,7084.969133138657,147.15194702148438,3.8370490074157715,-189.5226538181305,-182.28277564048767
1,757,15.14,7430.182099342346,6802.3814260959625,7416.217476129532,8368.337750434875,-231.6153049468994,-843.3003723621368,80.89929819107056,1283.3686172962189
1,758,15.16,7250.438332557678,8054.742813110352,7769.137918949127,6882.122755050659,-179.74376678466797,1252.361387014389,352.92044281959534,-1486.2149953842163
1,759,15.18,7607.113420963287,6955.390274524689,7822.725772857666,7518.0864334106445,356.67508840560913,-1099.3525385856628,53.58785390853882,635.9636783599854
1,760,15.200000000000001,7679.252624511719,7757.386863231659,7096.7742800712585,7676.734924316406,72.1392035484314,801.9965887069702,-725.9514927864075,158.64849090576172
1,761,15.22,7245.769500732422,7771.541774272919,7865.807414054871,6670.413762331009,-433.4831237792969,14.154911041259766,769.0331339836121,-1006.3211619853973
1,762,15.24,7739.526033401489,6933.29781293869,7392.680495977402,8161.039650440216,493.7565326690674,-838.2439613342285,-473.1269180774689,1490.6258881092072
1,763,15.26,7779.417634010315,7696.235477924347,7235.054224729538,7297.523766756058,39.891600608825684,762.9376649856567,-157.62627124786377,-863.5158836841583
1,764,15.280000000000001,7371.39567732811,7437.363564968109,7660.472393035889,7574.968338012695,-408.0219566822052,-258.8719129562378,425.4181683063507,277.4445712566376
1,765,15.3,7307.259142398834,7763.708233833313,7679.054141044617,7138.7408673763275,-64.13653492927551,326.34466886520386,18.581748008728027,-436.2274706363678
1,766,15.32,7731.048762798309,7325.735688209534,7500.644624233246,7378.466874361038,423.7896203994751,-437.9725456237793,-178.40951681137085,239.7260069847107
1,767,15.34,7514.179348945618,7462.801933288574,7325.988858938217,7903.7147760391235,-216.86941385269165,137.06624507904053,-174.6557652950287,525.2479016780853
1,768,15.36,7622.859179973602,7181.180119514465,7516.686916351318,7786.1785888671875,108.67983102798462,-281.6218137741089,190.6980574131012,-117.53618717193604
1,769,15.38,7309.735417366028,7964.060306549072,7328.853160142899,7394.067794084549,-313.12376260757446,782.8801870346069,-187.8337562084198,-392.11079478263855
1,770,15.4,7641.175389289856,7555.792927742004,7462.097555398941,7300.555258989334,331.4399719238281,-408.26737880706787,133.24439525604248,-93.51253509521484
1,771,15.42,7408.495843410492,7469.437420368195,7561.865448951721,7648.773193359375,-232.679545879364,-86.35550737380981,99.76789355278015,348.2179343700409
1,772,15.44,7697.458565235138,7396.73525094986,7716.706097126007,7058.464735746384,288.962721824646,-72.70216941833496,154.8406481742859,-590.3084576129913
1,773,15.46,7270.22722363472,7762.817740440369,6917.394399642944,8058.778345584869,-427.2313416004181,366.08248949050903,-799.3116974830627,1000.3136098384857
1,774,15.48,7567.812502384186,7585.191428661346,7810.956239700317,6964.399665594101,297.58527874946594,-177.62631177902222,893.561840057373,-1094.3786799907684
1,775,15.5,7505.061328411102,7306.475043296814,7492.622584104538,7706.701755523682,-62.751173973083496,-278.71638536453247,-318.3336555957794,742.3020899295807
1,776,15.52,7392.0173943042755,7905.212640762329,7444.768100976944,7072.864323854446,-113.04393410682678,598.7375974655151,-47.854483127593994,-633.8374316692352
1,777,15.540000000000001,7525.94530582428,7236.199378967285,7632.641792297363,7599.8470187187195,133.92791152000427,-669.013261795044,187.8736913204193,526.9826948642731
1,778,15.56,7465.402632951736,7683.959603309631,7280.8937728405,7757.122814655304,-60.542672872543335,447.7602243423462,-351.7480194568634,157.27579593658447
1,779,15.58,7782.710790634155,7106.0386300086975,7693.476676940918,7375.117391347885,317.3081576824188,-577.9209733009338,412.5829041004181,-382.0054233074188
1,780,15.6,7379.571199417114,7701.4124393463135,7420.9170043468475,7582.2001695632935,-403.139591217041,595.373809337616,-272.55967259407043,207.08277821540833
1,781,15.620000000000001,7454.407811164856,7617.775201797485,7434.205859899521,7506.199479103088,74.8366117477417,-83.63723754882812,13.28885555267334,-76.00069046020508
1,782,15.64,7263.323366641998,7518.690526485443,7427.226155996323,7915.886640548706,-191.08444452285767,-99.08467531204224,-6.979703903198242,409.6871614456177
1,783,15.66,7306.880205869675,7757.433354854584,7655.813694000244,7127.6602149009705,43.55683922767639,238.74282836914062,228.5875380039215,-788.2264256477356
1,784,15.68,7653.492093086243,7301.150858402252,7548.248171806335,7418.337315320969,346.611887216568,-456.28249645233154,-107.56552219390869,290.67710041999817
1,785,15.700000000000001,7881.7227482795715,7149.01328086853,7570.706009864807,7396.699041128159,228.23065519332886,-152.13757753372192,22.45783805847168,-21.63827419281006
1,786,15.72,7185.618579387665,7532.3739647865295,7505.627870559692,7875.252962112427,-696.1041688919067,383.36068391799927,-65.07813930511475,478.5539209842682
1,787,15.74,7664.658427238464,7708.675265312195,7315.788418054581,7341.9444262981415,479.03984785079956,176.30130052566528,-189.8394525051117,-533.3085358142853
1,788,15.76,7221.478223800659,7618.3271408081055,7512.0216608047485,7647.191286087036,-443.1802034378052,-90.34812450408936,196.23324275016785,305.24685978889465
1,789,15.780000000000001,7274.318635463715,7825.827896595001,7526.6483426094055,7212.490886449814,52.84041166305542,207.50075578689575,14.626681804656982,-434.7003996372223
1,790,15.8,7707.837820053101,6982.203423976898,7676.890790462494,7670.502066612244,433.519184589386,-843.624472618103,150.24244785308838,458.0111801624298
1,791,15.82,7387.939989566803,7758.519649505615,7188.485711812973,7835.83402633667,-319.8978304862976,776.316225528717,-488.4050786495209,165.33195972442627
1,792,15.84,7483.603358268738,7553.389668464661,7629.166841506958,7288.256734609604,95.66336870193481,-205.1299810409546,440.681129693985,-547.577291727066
1,793,15.860000000000001,7463.2832407951355,7519.107460975647,7352.702468633652,7774.913907051086,-20.320117473602295,-34.28220748901367,-276.4643728733063,486.65717244148254
1,794,15.88,7454.119026660919,7510.85489988327,7587.497234344482,7478.15415263176,-9.164214134216309,-8.252561092376709,234.7947657108307,-296.7597544193268
1,795,15.9,7362.039089202881,7301.364541053772,7515.5434012413025,7904.600501060486,-92.07993745803833,-209.4903588294983,-71.95383310317993,426.4463484287262
1,796,15.92,7997.54410982132,7318.995893001556,7345.157414674759,7314.224988222122,635.5050206184387,17.631351947784424,-170.38598656654358,-590.3755128383636
1,797,15.94,7275.128066539764,7596.997022628784,7737.903594970703,7340.717613697052,-722.4160432815552,278.0011296272278,392.7461802959442,26.49262547492981
1,798,15.96,7726.192772388458,7466.985583305359,7486.324459314346,7304.569035768509,451.06470584869385,-130.0114393234253,-251.5791356563568,-36.14857792854309
1,799,15.98,7419.952005147934,7406.400591135025,7625.061273574829,7561.671137809753,-306.2407672405243,-60.58499217033386,138.7368142604828,257.1021020412445
1,800,16.0,7244.633585214615,7619.211971759796,7601.1088490486145,7533.1050157547,-175.3184199333191,212.81138062477112,-23.9524245262146,-28.56612205505371
1,801,16.02,7843.274474143982,7254.879027605057,7429.26225066185,7597.370445728302,598.6408889293671,-364.3329441547394,-171.84659838676453,64.2654299736023
1,802,16.04,7293.167412281036,7791.573107242584,7565.877437591553,7119.166702032089,-550.1070618629456,536.6940796375275,136.61518692970276,-478.20374369621277
1,803,16.06,7518.390417098999,7520.180344581604,7109.359055757523,7959.184050559998,225.22300481796265,-271.3927626609802,-456.51838183403015,840.0173485279083
1,804,16.080000000000002,7455.323934555054,7563.495635986328,7574.262022972107,7563.660442829132,-63.06648254394531,43.31529140472412,464.90296721458435,-395.5236077308655
1,805,16.1,7813.818454742432,7408.253252506256,7382.225841283798,7335.345894098282,358.49452018737793,-155.24238348007202,-192.03618168830872,-228.31454873085022
1,806,16.12,7413.749396800995,7498.85305762291,7485.5948984622955,7663.716375827789,-400.06905794143677,90.59980511665344,103.36905717849731,328.37048172950745
1,807,16.14,7425.558716058731,7630.135118961334,7723.61695766449,6986.915022134781,11.809319257736206,131.28206133842468,238.0220592021942,-676.8013536930084
1,808,16.16,7548.792660236359,7153.5371243953705,7388.362735509872,8030.967712402344,123.23394417762756,-476.59799456596375,-335.2542221546173,1044.0526902675629
1,809,16.18,7072.612643241882,8143.662512302399,7490.328997373581,6949.976831674576,-476.1800169944763,990.1253879070282,101.9662618637085,-1080.990880727768
1,810,16.2,7886.627912521362,7071.432024240494,7542.590498924255,7503.213584423065,814.01526927948,-1072.230488061905,52.26150155067444,553.2367527484894
1,811,16.22,7533.440291881561,7433.343678712845,7429.038733243942,7858.917117118835,-353.187620639801,361.9116544723511,-113.55176568031311,355.70353269577026
1,812,16.240000000000002,7510.903775691986,7609.798610210419,7538.692355155945,7285.294681787491,-22.536516189575195,176.45493149757385,109.65362191200256,-573.6224353313446
1,813,16.26,7402.002662420273,7431.707978248596,7457.956224679947,7822.711765766144,-108.90111327171326,-178.0906319618225,-80.73613047599792,537.417083978653
1,814,16.28,7742.093205451965,7416.476011276245,7565.390169620514,7306.709736585617,340.0905430316925,-15.231966972351074,107.43394494056702,-516.0020291805267
1,815,16.3,7327.741980552673,7288.513034582138,7201.281040906906,8198.176622390747,-414.351224899292,-127.96297669410706,-364.1091287136078,891.46688580513
1,816,16.32,8060.419857501984,7327.819615602493,7593.016624450684,6856.649667024612,732.6778769493103,39.306581020355225,391.73558354377747,-1341.5269553661346
1,817,16.34,6657.739877700806,7937.262654304504,7801.3357520103455,7068.797796964645,-1402.679979801178,609.4430387020111,208.31912755966187,212.14812994003296
1,818,16.36,7646.279335021973,6920.436471700668,7660.451531410217,7964.119017124176,988.539457321167,-1016.8261826038361,-140.88422060012817,895.3212201595306
1,819,16.38,7360.157370567322,7785.918712615967,7624.263763427734,7268.739491701126,-286.1219644546509,865.4822409152985,-36.18776798248291,-695.3795254230499
1,820,16.4,7779.766917228699,7388.8252675533295,7464.283853769302,7312.372922897339,419.60954666137695,-397.09344506263733,-159.979909658432,43.63343119621277
1,821,16.42,7372.367978096008,7719.09236907959,7343.5939848423,7705.427408218384,-407.39893913269043,330.2671015262604,-120.68986892700195,393.0544853210449
1,822,16.44,7690.713703632355,7326.722592115402,7510.887980461121,7565.433084964752,318.34572553634644,-392.3697769641876,167.2939956188202,-139.9943232536316
1,823,16.46,7651.378214359283,7416.07591509819,6877.2368133068085,7948.748171329498,-39.33548927307129,89.35332298278809,-633.6511671543121,383.3150863647461
1,824,16.48,7348.639965057373,7959.399223327637,7719.278931617737,6698.085516691208,-302.7382493019104,543.3233082294464,842.0421183109283,-1250.6626546382904
1,825,16.5,7508.915662765503,7212.579250335693,7627.440690994263,7669.8291301727295,160.27569770812988,-746.8199729919434,-91.83824062347412,971.7436134815216
1,826,16.52,7363.534569740295,7739.936411380768,7444.961220026016,7547.469139099121,-145.38109302520752,527.3571610450745,-182.47947096824646,-122.3599910736084
1,827,16.54,7569.373846054077,7560.951411724091,7581.667900085449,7074.13524389267,205.83927631378174,-178.98499965667725,136.70668005943298,-473.3338952064514
1,828,16.56,7226.472944021225,7288.904637098312,7503.030300140381,8027.137219905853,-342.9009020328522,-272.0467746257782,-78.63759994506836,953.0019760131836
1,829,16.580000000000002,7374.662011861801,7702.435255050659,7723.84911775589,7157.990485429764,148.18906784057617,413.5306179523468,220.81881761550903,-869.1467344760895
1,830,16.6,7565.623223781586,7130.409330129623,7689.354419708252,7529.230117797852,190.96121191978455,-572.0259249210358,-34.49469804763794,371.23963236808777
1,831,16.62,7548.445463180542,7713.37628364563,7304.690331220627,7510.139346122742,-17.1777606010437,582.9669535160065,-384.6640884876251,-19.090771675109863
1,832,16.64,7516.5340304374695,7364.660948514938,7614.757418632507,7486.6244196891785,-31.91143274307251,-348.7153351306915,310.0670874118805,-23.514926433563232
1,833,16.66,6850.932538509369,7949.20802116394,7529.01554107666,7663.501501083374,-665.6014919281006,584.5470726490021,-85.74187755584717,176.87708139419556
1,834,16.68,7895.483374595642,7222.598493099213,7391.7509615421295,7554.667592048645,1044.5508360862732,-726.6095280647278,-137.26457953453064,-108.833909034729
1,835,16.7,7689.777910709381,7473.380863666534,7205.602079629898,7477.077096700668,-205.705463886261,250.78237056732178,-186.14888191223145,-77.59049534797668
1,836,16.72,7374.229729175568,7511.593699455261,7744.8901534080505,7416.53636097908,-315.5481815338135,38.21283578872681,539.2880737781525,-60.540735721588135
1,837,16.740000000000002,7685.993313789368,7549.238204956055,7424.731105566025,7316.329479217529,311.76358461380005,37.64450550079346,-320.15904784202576,-100.2068817615509
1,838,16.76,7375.754565000534,7212.860137224197,7651.872038841248,7795.462012290955,-310.2387487888336,-336.3780677318573,227.14093327522278,479.1325330734253
1,839,16.78,7376.621663570404,8037.079274654388,6988.826543092728,7599.609792232513,0.8670985698699951,824.219137430191,-663.0454957485199,-195.85222005844116
1,840,16.8,8006.136119365692,7153.35339307785,7459.52382683754,7204.572558403015,629.5144557952881,-883.7258815765381,470.697283744812,-395.0372338294983
1,841,16.82,6723.667234182358,7940.123677253723,7860.431671142578,7450.4536390304565,-1282.4688851833344,786.7702841758728,400.90784430503845,245.8810806274414
1,842,16.84,7801.249921321869,6928.8381934165955,7334.413975477219,8082.825839519501,1077.582687139511,-1011.2854838371277,-526.0176956653595,632.3722004890442
1,843,16.86,7366.202175617218,7901.39377117157,7488.352805376053,7270.576506853104,-435.0477457046509,972.5555777549744,153.93882989883423,-812.2493326663971
1,844,16.88,7481.65026307106,7513.599693775177,7469.844371080399,7462.5179171562195,115.44808745384216,-387.7940773963928,-18.508434295654297,191.94141030311584
1,845,16.9,7254.829853773117,7611.348628997803,7536.970674991608,7707.445919513702,-226.82040929794312,97.74893522262573,67.1263039112091,244.9280023574829
1,846,16.92,7821.328341960907,7269.091606140137,7576.71594619751,7302.751392126083,566.4984881877899,-342.257022857666,39.7452712059021,-404.694527387619
1,847,16.94,7281.271517276764,7612.71059513092,7419.982999563217,7734.247446060181,-540.0568246841431,343.6189889907837,-156.7329466342926,431.4960539340973
1,848,16.96,7725.332081317902,7237.626612186432,7717.656791210175,7311.250269412994,444.0605640411377,-375.0839829444885,297.6737916469574,-422.9971766471863
1,849,16.98,7349.6682941913605,7710.992693901062,7437.515407800674,7418.343275785446,-375.66378712654114,473.3660817146301,-280.1413834095001,107.09300637245178
1,850,17.0,7898.40966463089,7003.098130226135,7506.276965141296,7709.357142448425,548.7413704395294,-707.8945636749268,68.76155734062195,291.0138666629791
1,851,17.02,7359.375357627869,7800.044417381287,7464.78870511055,7393.46981048584,-539.0343070030212,796.9462871551514,-41.48826003074646,-315.88733196258545
1,852,17.04,7674.751281738281,7182.643711566925,7606.536746025085,7549.601197242737,315.3759241104126,-617.4007058143616,141.74804091453552,156.13138675689697
1,853,17.06,7426.374852657318,7653.972208499908,7412.987500429153,7603.903710842133,-248.37642908096313,471.3284969329834,-193.549245595932,54.30251359939575
1,854,17.080000000000002,7700.068652629852,7349.163144826889,7380.5393278598785,7639.703154563904,273.6937999725342,-304.8090636730194,-32.4481725692749,35.79944372177124
1,855,17.1,7510.292530059814,7447.457909584045,7604.439854621887,7486.212104558945,-189.77612257003784,98.29476475715637,223.90052676200867,-153.4910500049591
1,856,17.12,7526.122629642487,7447.035014629364,7528.407275676727,7471.588104963303,15.83009958267212,-0.4228949546813965,-76.03257894515991,-14.62399959564209
1,857,17.14,7542.249858379364,7434.101402759552,7695.850133895874,7211.854010820389,16.12722873687744,-12.933611869812012,167.44285821914673,-259.7340941429138
1,858,17.16,7393.689304590225,7691.795825958252,7312.198430299759,7553.662657737732,-148.5605537891388,257.69442319869995,-383.6517035961151,341.80864691734314
1,859,17.18,7538.278102874756,7887.296080589294,7232.1029007434845,7032.296806573868,144.58879828453064,195.50025463104248,-80.09552955627441,-521.3658511638641
1,860,17.2,7721.604406833649,6913.77654671669,7508.35508108139,8058.879971504211,183.32630395889282,-973.5195338726044,276.2521803379059,1026.5831649303436
1,861,17.22,7421.804070472717,7754.9755573272705,7679.32653427124,7097.401171922684,-299.8003363609314,841.1990106105804,170.97145318984985,-961.4787995815277
1,862,17.240000000000002,7270.033210515976,7452.44175195694,7510.581314563751,7702.189683914185,-151.77085995674133,-302.5338053703308,-168.745219707489,604.7885119915009
1,863,17.26,7592.412233352661,7416.168600320816,7603.28471660614,7556.0542941093445,322.3790228366852,-36.27315163612366,92.70340204238892,-146.1353898048401
1,864,17.28,7128.065079450607,7772.455811500549,7535.95232963562,7363.4010553359985,-464.34715390205383,356.2872111797333,-67.33238697052002,-192.65323877334595
1,865,17.3,7796.952724456787,7096.447795629501,7478.420287370682,7832.253575325012,668.8876450061798,-676.008015871048,-57.532042264938354,468.8525199890137
1,866,17.32,7362.871170043945,7940.9462213516235,7379.762977361679,7173.229157924652,-434.0815544128418,844.4984257221222,-98.65731000900269,-659.0244174003601
1,867,17.34,7844.639718532562,6884.470880031586,7625.495791435242,7724.648118019104,481.76854848861694,-1056.4753413200378,245.73281407356262,551.4189600944519
1,868,17.36,7384.1264843940735,7821.613252162933,7306.634336709976,7700.540721416473,-460.51323413848877,937.1423721313477,-318.8614547252655,-24.107396602630615
1,869,17.38,7887.393236160278,7318.030595779419,7403.88348698616,7300.684899091721,503.26675176620483,-503.5826563835144,97.24915027618408,-399.8558223247528
1,870,17.400000000000002,7077.4295926094055,7899.049520492554,7450.385540723801,7609.997391700745,-809.9636435508728,581.0189247131348,46.50205373764038,309.31249260902405
1,871,17.42,7612.12944984436,7416.018843650818,7578.664422035217,7384.143173694611,534.6998572349548,-483.03067684173584,128.27888131141663,-225.85421800613403
1,872,17.44,7019.4825530052185,7653.257250785828,8012.754917144775,7121.622562408447,-592.6468968391418,237.23840713500977,434.0904951095581,-262.52061128616333
1,873,17.46,7572.8195905685425,7261.286973953247,7612.904906272888,7360.0490391254425,553.337037563324,-391.97027683258057,-399.8500108718872,238.42647671699524
1,874,17.48,7167.799174785614,7462.319135665894,7257.621139287949,8240.655958652496,-405.02041578292847,201.03216171264648,-355.2837669849396,880.6069195270538
1,875,17.5,7669.894695281982,7639.245390892029,7655.83336353302,6911.344677209854,502.0955204963684,176.92625522613525,398.2122242450714,-1329.3112814426422
1,876,17.52,7252.815216779709,7716.8092131614685,7507.638037204742,7083.78791809082,-417.07947850227356,77.5638222694397,-148.1953263282776,172.4432408809662
1,877,17.54,7556.595504283905,6814.500540494919,7805.994153022766,7947.128415107727,303.78028750419617,-902.3086726665497,298.3561158180237,863.3404970169067
1,878,17.56,7640.553712844849,7939.256429672241,7065.901011228561,7457.657754421234,83.9582085609436,1124.7558891773224,-740.0931417942047,-489.4706606864929
1,879,17.580000000000002,7776.19868516922,7358.4650456905365,7565.382719039917,7138.745337724686,135.64497232437134,-580.7913839817047,499.4817078113556,-318.91241669654846
1,880,17.6,7461.12734079361,7424.026727676392,7281.878143548965,8041.117191314697,-315.07134437561035,65.5616819858551,-283.50457549095154,902.3718535900116
1,881,17.62,7431.074529886246,7699.078619480133,7414.90975022316,7558.779418468475,-30.05281090736389,275.05189180374146,133.03160667419434,-482.3377728462219
1,882,17.64,7499.087750911713,7207.031548023224,7439.680844545364,7938.892543315887,68.01322102546692,-492.0470714569092,24.77109432220459,380.1131248474121
1,883,17.66,7333.448231220245,7874.2653131484985,7712.8589153289795,6848.7416207790375,-165.63951969146729,667.2337651252747,273.1780707836151,-1090.15092253685
1,884,17.68,7627.227902412415,7065.8572018146515,7495.651990175247,7893.386483192444,293.7796711921692,-808.408111333847,-217.2069251537323,1044.6448624134064
1,885,17.7,7468.075454235077,7844.099402427673,7297.747284173965,7538.244426250458,-159.15244817733765,778.2422006130219,-197.90470600128174,-355.1420569419861
1,886,17.72,7383.461445569992,7481.747418642044,7579.764723777771,7567.178010940552,-84.61400866508484,-362.3519837856293,282.01743960380554,28.933584690093994
1,887,17.740000000000002,7612.786293029785,7695.159316062927,7497.356086969376,7048.983722925186,229.3248474597931,213.41189742088318,-82.40863680839539,-518.1942880153656
1,888,17.76,7418.572157621384,7205.711454153061,7584.320604801178,7815.914750099182,-194.2141354084015,-489.44786190986633,86.96451783180237,766.931027173996
1,889,17.78,7412.681579589844,7671.2024211883545,7472.845166921616,7626.469433307648,-5.890578031539917,465.4909670352936,-111.47543787956238,-189.44531679153442
1,890,17.8,7585.138976573944,7654.330730438232,7402.228862047195,7263.893932104111,172.45739698410034,-16.87169075012207,-70.61630487442017,-362.575501203537
1,891,17.82,7496.903240680695,7475.714385509491,7290.467768907547,7840.316295623779,-88.23573589324951,-178.61634492874146,-111.76109313964844,576.4223635196686
1,892,17.84,7610.1332902908325,7702.019810676575,7595.773339271545,6856.761425733566,113.23004961013794,226.30542516708374,305.3055703639984,-983.554869890213
1,893,17.86,7006.369084119797,7534.185349941254,7826.812267303467,7343.590706586838,-603.7642061710358,-167.83446073532104,231.0389280319214,486.8292808532715
1,894,17.88,8046.256005764008,7175.619453191757,7289.479523897171,7678.246200084686,1039.8869216442108,-358.56589674949646,-537.3327434062958,334.6554934978485
1,895,17.900000000000002,7407.262325286865,7251.397967338562,7673.874497413635,7754.268944263458,-638.9936804771423,75.77851414680481,384.39497351646423,76.02274417877197
1,896,17.92,7574.800550937653,7849.857211112976,7267.781049013138,7328.106611967087,167.53822565078735,598.4592437744141,-406.09344840049744,-426.16233229637146
1,897,17.94,7801.205813884735,7052.50471830368,7278.107851743698,7794.10719871521,226.40526294708252,-797.3524928092957,10.326802730560303,466.00058674812317
1,898,17.96,7281.37344121933,7929.478585720062,7329.732924699783,7651.987373828888,-519.8323726654053,876.9738674163818,51.625072956085205,-142.11982488632202
1,899,17.98,7187.98965215683,7736.852765083313,7707.454562187195,7177.108079195023,-93.3837890625,-192.62582063674927,377.7216374874115,-474.87929463386536
1,900,18.0,7623.967230319977,7247.160971164703,7707.092463970184,7418.168634176254,435.977578163147,-489.6917939186096,-0.36209821701049805,241.0605549812317
1,901,18.02,7328.276038169861,7318.724095821381,7382.505089044571,8059.60476398468,-295.69119215011597,71.56312465667725,-324.5873749256134,641.4361298084259
1,902,18.04,7527.600824832916,7729.145884513855,7361.668795347214,7469.971925020218,199.32478666305542,410.42178869247437,-20.836293697357178,-589.6328389644623
1,903,18.06,7385.829538106918,7559.938132762909,7837.513983249664,6995.142549276352,-141.77128672599792,-169.20775175094604,475.84518790245056,-474.82937574386597
1,904,18.080000000000002,7479.701042175293,7613.394260406494,7497.96137213707,7107.1527898311615,93.87150406837463,53.456127643585205,-339.5526111125946,112.01024055480957
1,905,18.1,7349.080443382263,7574.525475502014,7339.3867909908295,7795.911729335785,-130.62059879302979,-38.86878490447998,-158.57458114624023,688.7589395046234
1,906,18.12,7740.372121334076,7407.689690589905,7588.1218910217285,7304.2382299900055,391.29167795181274,-166.83578491210938,248.73510003089905,-491.6734993457794
1,907,18.14,7460.458725690842,7133.674323558807,7479.380518198013,7961.90619468689,-279.91339564323425,-274.0153670310974,-108.74137282371521,657.6679646968842
1,908,18.16,7519.846856594086,7913.649678230286,7251.120954751968,7357.824295759201,59.38813090324402,779.9753546714783,-228.25956344604492,-604.0818989276886
1,909,18.18,7660.897076129913,7151.828706264496,7800.364196300507,7321.498095989227,141.05021953582764,-761.8209719657898,549.2432415485382,-36.326199769973755
1,910,18.2,7418.080270290375,7786.246538162231,7311.062961816788,7573.663294315338,-242.81680583953857,634.4178318977356,-489.3012344837189,252.16519832611084
1,911,18.22,7660.790979862213,7351.459413766861,7331.158071756363,7725.914418697357,242.71070957183838,-434.7871243953705,20.095109939575195,152.25112438201904
1,912,18.240000000000002,7515.498995780945,7812.412679195404,7353.9899289608,7264.32204246521,-145.2919840812683,460.9532654285431,22.831857204437256,-461.5923762321472
1,913,18.26,7444.708347320557,7364.08919095993,7499.521225690842,7737.3287081718445,-70.79064846038818,-448.32348823547363,145.5312967300415,473.0066657066345
1,914,18.28,7596.891820430756,6717.701405286789,7691.469490528107,8006.977438926697,152.18347311019897,-646.3877856731415,191.94826483726501,269.6487307548523
1,915,18.3,7433.047592639923,7933.971285820007,7529.497146606445,7055.944353342056,-163.84422779083252,1216.2698805332184,-161.97234392166138,-951.0330855846405
1,916,18.32,7659.56848859787,7604.505717754364,7524.408400058746,6910.97766160965,226.52089595794678,-329.4655680656433,-5.088746547698975,-144.96669173240662
1,917,18.34,7198.042571544647,7594.041526317596,7546.3151931762695,7664.19529914856,-461.52591705322266,-10.464191436767578,21.906793117523193,753.2176375389099
1,918,18.36,7847.033739089966,7244.615852832794,7614.501416683197,7370.1997101306915,648.9911675453186,-349.42567348480225,68.18622350692749,-293.99558901786804
1,919,18.38,7379.110753536224,7438.492625951767,7323.419600725174,7974.992990493774,-467.92298555374146,193.87677311897278,-291.08181595802307,604.7932803630829
1,920,18.400000000000002,7470.753341913223,7818.377315998077,7480.929344892502,7168.431133031845,91.6425883769989,379.8846900463104,157.50974416732788,-806.5618574619293
1,921,18.42,7520.647644996643,7496.486604213715,7475.698739290237,7459.481358528137,49.8943030834198,-321.8907117843628,-5.230605602264404,291.0502254962921
1,922,18.44,7398.761808872223,7643.840909004211,7452.874332666397,7526.279985904694,-121.88583612442017,147.35430479049683,-22.824406623840332,66.7986273765564
1,923,18.46,7361.091375350952,7476.925253868103,7527.635097503662,7681.092917919159,-37.67043352127075,-166.9156551361084,74.76076483726501,154.81293201446533
1,924,18.48,7936.871349811554,7184.983193874359,7768.593430519104,6948.535442352295,575.7799744606018,-291.9420599937439,240.9583330154419,-732.557475566864
1,925,18.5,7423.714697360992,6845.599561929703,6722.135543823242,8716.913163661957,-513.1566524505615,-339.3836319446564,-1046.4578866958618,1768.3777213096619
1,926,18.52,7106.717675924301,8150.4663825035095,8098.413348197937,6814.815849065781,-316.9970214366913,1304.8668205738068,1376.2778043746948,-1902.0973145961761
1,927,18.54,7470.270991325378,7433.997839689255,7349.281460046768,7676.048278808594,363.55331540107727,-716.4685428142548,-749.1318881511688,861.2324297428131
1,928,18.56,7691.409587860107,7276.124209165573,7496.583014726639,7770.300805568695,221.138596534729,-157.87363052368164,147.3015546798706,94.25252676010132
1,929,18.580000000000002,7649.778723716736,7448.890954256058,7516.105175018311,7430.817782878876,-41.63086414337158,172.76674509048462,19.522160291671753,-339.48302268981934
1,930,18.6,7509.677708148956,7643.34499835968,7324.8399794101715,7576.561272144318,-140.10101556777954,194.45404410362244,-191.26519560813904,145.7434892654419
1,931,18.62,7119.45652961731,7827.8374671936035,7704.919278621674,7131.174355745316,-390.22117853164673,184.49246883392334,380.0792992115021,-445.3869163990021
1,932,18.64,7843.784689903259,7258.07324051857,7493.608444929123,7384.897917509079,724.3281602859497,-569.7642266750336,-211.31083369255066,253.72356176376343
1,933,18.66,7056.851089000702,7817.738950252533,7461.501806974411,7597.436010837555,-786.9336009025574,559.665709733963,-32.106637954711914,212.53809332847595
1,934,18.68,7945.2139139175415,7219.475358724594,7572.23516702652,7288.722544908524,888.3628249168396,-598.2635915279388,110.73336005210876,-308.7134659290314
1,935,18.7,7300.123572349548,7602.451145648956,7624.719440937042,7368.925213813782,-645.0903415679932,382.9757869243622,52.48427391052246,80.20266890525818
1,936,18.72,7876.151502132416,7298.00820350647,7369.193285703659,7584.1012597084045,576.0279297828674,-304.4429421424866,-255.52615523338318,215.1760458946228
1,937,18.740000000000002,7364.948689937592,7619.435787200928,7463.337928056717,7653.512060642242,-511.2028121948242,321.427583694458,94.14464235305786,69.41080093383789
1,938,18.76,7626.383900642395,7530.335783958435,7367.276698350906,7554.696500301361,261.43521070480347,-89.10000324249268,-96.06122970581055,-98.81556034088135
1,939,18.78,7204.5159339904785,7615.747153759003,7396.032065153122,7865.769863128662,-421.8679666519165,85.41136980056763,28.755366802215576,311.073362827301
1,940,18.8,7432.819306850433,7576.2516260147095,7837.035059928894,6922.907084226608,228.30337285995483,-39.49552774429321,441.0029947757721,-942.8627789020538
1,941,18.82,7387.797832489014,7008.82226228714,7293.974608182907,8318.842053413391,-45.02147436141968,-567.4293637275696,-543.0604517459869,1395.9349691867828
1,942,18.84,7815.63013792038,7790.5455231666565,7227.006107568741,7221.296280622482,427.83230543136597,781.7232608795166,-66.96850061416626,-1097.5457727909088
1,943,18.86,7684.886455535889,6844.275593757629,7189.668267965317,8102.462291717529,-130.74368238449097,-946.2699294090271,-37.33783960342407,881.166011095047
1,944,18.88,7448.647022247314,7927.164435386658,7932.895720005035,6703.983247280121,-236.23943328857422,1082.8888416290283,743.2274520397186,-1398.4790444374084
1,945,18.900000000000002,7508.87393951416,7375.898957252502,7530.636787414551,7451.663464307785,60.2269172668457,-551.2654781341553,-402.2589325904846,747.6802170276642
1,946,18.92,7216.266989707947,7658.142447471619,7529.803216457367,7791.460454463959,-292.6069498062134,282.2434902191162,-0.8335709571838379,339.7969901561737
1,947,18.94,7679.120302200317,7550.228834152222,7490.7006323337555,7234.559804201126,462.8533124923706,-107.91361331939697,-39.10258412361145,-556.9006502628326
1,948,18.96,7078.312933444977,7759.074568748474,7443.637102842331,7653.713524341583,-600.8073687553406,208.84573459625244,-47.06352949142456,419.15372014045715
1,949,18.98,7849.11036491394,6992.480903863907,7835.19983291626,7333.41708779335,770.7974314689636,-766.5936648845673,391.56273007392883,-320.29643654823303
1,950,19.0,7070.395648479462,7858.0641746521,7479.42641377449,7559.865713119507,-778.7147164344788,865.5832707881927,-355.7734191417694,226.44862532615662
1,951,19.02,7592.002153396606,7565.018832683563,7476.853281259537,7300.383299589157,521.6065049171448,-293.0453419685364,-2.5731325149536133,-259.48241353034973
1,952,19.04,7308.620810508728,7529.248893260956,7566.936016082764,7610.20302772522,-283.3813428878784,-35.76993942260742,90.08273482322693,309.8197281360626
1,953,19.06,7807.376682758331,7327.65257358551,7483.397871255875,7414.314746856689,498.75587224960327,-201.59631967544556,-83.53814482688904,-195.88828086853027
1,954,19.080000000000002,7263.424098491669,7461.845278739929,7197.418957948685,8120.388984680176,-543.9525842666626,134.19270515441895,-285.97891330718994,706.0742378234863
1,955,19.1,7702.310681343079,7575.9556889534,7515.491843223572,7202.354967594147,438.8865828514099,114.11041021347046,318.0728852748871,-918.034017086029
1,956,19.12,7428.788542747498,7597.755491733551,7457.198947668076,7463.731914758682,-273.52213859558105,21.799802780151367,-58.292895555496216,261.3769471645355
1,957,19.14,7199.07283782959,7577.390074729919,7681.973576545715,7583.329975605011,-229.71570491790771,-20.365417003631592,224.77462887763977,119.59806084632874
1,958,19.16,7612.716555595398,7513.3514404296875,7403.385490179062,7520.101368427277,413.6437177658081,-64.03863430023193,-278.58808636665344,-63.228607177734375
1,959,19.18,7590.3454422950745,7419.5486307144165,7439.842373132706,7548.9741563797,-22.371113300323486,-93.802809715271,36.4568829536438,28.872787952423096
1,960,19.2,7713.958621025085,7187.263071537018,7770.981192588806,7285.492271184921,123.61317873001099,-232.28555917739868,331.13881945610046,-263.48188519477844
1,961,19.22,7287.522852420807,7694.606781005859,7496.621757745743,7518.026232719421,-426.43576860427856,507.34370946884155,-274.35943484306335,232.53396153450012
1,962,19.240000000000002,7627.978622913361,7337.309569120407,7399.5621502399445,7720.790803432465,340.4557704925537,-357.29721188545227,-97.05960750579834,202.7645707130432
1,963,19.26,7348.782867193222,7845.463752746582,7301.20375752449,7522.812783718109,-279.19575572013855,508.1541836261749,-98.3583927154541,-197.97801971435547
1,964,19.28,7562.810778617859,7466.490119695663,7594.602704048157,7293.964177370071,214.02791142463684,-378.9736330509186,293.3989465236664,-228.84860634803772
1,965,19.3,7202.335298061371,7867.912650108337,7468.854933977127,7179.682701826096,-360.47548055648804,401.42253041267395,-125.74777007102966,-114.28147554397583
1,966,19.32,7384.614199399948,7535.788416862488,7522.648870944977,7346.026748418808,182.27890133857727,-332.1242332458496,53.79393696784973,166.3440465927124
1,967,19.34,7684.366703033447,6729.66331243515,7730.973064899445,8020.2317237854,299.75250363349915,-806.1251044273376,208.32419395446777,674.2049753665924
1,968,19.36,7433.099001646042,7906.132936477661,7161.395698785782,7640.984654426575,-251.2677013874054,1176.469624042511,-569.5773661136627,-379.2470693588257
1,969,19.38,7737.208902835846,7179.009765386581,7609.655261039734,7431.518882513046,304.1099011898041,-727.1231710910797,448.259562253952,-209.46577191352844
1,970,19.400000000000002,7014.571577310562,7939.592003822327,7691.944241523743,7313.499301671982,-722.6373255252838,760.5822384357452,82.28898048400879,-118.01958084106445
1,971,19.42,7728.77037525177,7221.99410200119,7537.364661693573,7539.28542137146,714.1987979412079,-717.5979018211365,-154.57957983016968,225.78611969947815
1,972,19.44,7332.20174908638,7816.804647445679,7429.402321577072,7348.295152187347,-396.56862616539,594.8105454444885,-107.96234011650085,-190.99026918411255
1,973,19.46,7792.753875255585,7116.009145975113,7340.865284204483,7898.325324058533,460.5521261692047,-700.7955014705658,-88.53703737258911,550.0301718711853
1,974,19.48,7238.444983959198,7645.507454872131,7510.786950588226,7829.306125640869,-554.3088912963867,529.4983088970184,169.9216663837433,-69.01919841766357
1,975,19.5,8164.644241333008,6581.597775220871,7140.3177082538605,7820.137143135071,926.1992573738098,-1063.9096796512604,-370.46924233436584,-9.16898250579834
1,976,19.52,7094.625234603882,8152.8085470199585,7350.748330354691,7683.561146259308,-1070.019006729126,1571.2107717990875,210.43062210083008,-136.57599687576294
1,977,19.54,7644.935250282288,7680.123150348663,7594.313025474548,6742.754429578781,550.3100156784058,-472.68539667129517,243.5646951198578,-940.8067166805267
1,978,19.56,7371.780723333359,6989.0303909778595,7943.326234817505,7806.677520275116,-273.15452694892883,-691.0927593708038,349.01320934295654,1063.9230906963348
1,979,19.580000000000002,7494.990229606628,7947.265803813934,7301.383167505264,7004.489600658417,123.20950627326965,958.2354128360748,-641.9430673122406,-802.1879196166992
1,980,19.6,7742.21658706665,6951.20245218277,7638.642191886902,7768.087983131409,247.22635746002197,-996.0633516311646,337.2590243816376,763.598382472992
1,981,19.62,7566.758990287781,7772.638201713562,7198.806554079056,7671.683132648468,-175.45759677886963,821.4357495307922,-439.83563780784607,-96.40485048294067
1,982,19.64,7393.27609539032,7831.878066062927,7397.488206624985,7176.138311624527,-173.48289489746094,59.239864349365234,198.68165254592896,-495.54482102394104
1,983,19.66,7358.606457710266,7595.116198062897,7932.711243629456,6772.496849298477,-34.66963768005371,-236.76186800003052,535.2230370044708,-403.6414623260498
1,984,19.68,7460.683584213257,7034.310549497604,7406.54394030571,8218.938112258911,102.07712650299072,-560.8056485652924,-526.1673033237457,1446.441262960434
1,985,19.7,7596.937417984009,7922.6237535476685,7526.6507267951965,6756.620556116104,136.25383377075195,888.3132040500641,120.1067864894867,-1462.317556142807
1,986,19.72,7208.519130945206,7424.197196960449,7254.5550763607025,8123.526573181152,-388.4182870388031,-498.42655658721924,-272.095650434494,1366.9060170650482
1,987,19.740000000000002,7701.548635959625,7646.207809448242,7568.953633308411,7243.884354829788,493.02950501441956,222.01061248779297,314.39855694770813,-879.6422183513641
1,988,19.76,7721.449136734009,7133.740782737732,7605.401277542114,7505.086064338684,19.900500774383545,-512.4670267105103,36.44764423370361,261.2017095088959
1,989,19.78,7425.638139247894,7753.464877605438,7293.293923139572,7692.906558513641,-295.8109974861145,619.7240948677063,-312.1073544025421,187.82049417495728
1,990,19.8,7822.037935256958,7317.080348730087,7608.174681663513,7212.390452623367,396.3997960090637,-436.38452887535095,314.88075852394104,-480.51610589027405
1,991,19.82,7356.984615325928,7687.796652317047,7452.232986688614,7526.105046272278,-465.0533199310303,370.71630358695984,-155.9416949748993,313.7145936489105
1,992,19.84,7492.825984954834,7439.339309930801,7459.810525178909,7725.303173065186,135.84136962890625,-248.45734238624573,7.57753849029541,199.19812679290771
1,993,19.86,7372.965514659882,7703.647017478943,7510.384321212769,7430.441826581955,-119.86047029495239,264.3077075481415,50.57379603385925,-294.8613464832306
1,994,19.88,7850.806713104248,7117.9163455963135,7755.658030509949,7170.218825340271,477.84119844436646,-585.7306718826294,245.27370929718018,-260.22300124168396
1,995,19.900000000000002,7319.135665893555,7651.273608207703,7155.738323926926,8015.938401222229,-531.6710472106934,533.3572626113892,-599.9197065830231,845.719575881958
1,996,19.92,7549.03107881546,7634.63020324707,7726.283669471741,6923.277676105499,229.89541292190552,-16.643404960632324,570.5453455448151,-1092.6607251167297
1,997,19.94,7407.198250293732,7365.062534809113,7447.550445795059,7842.884957790375,-141.83282852172852,-269.56766843795776,-278.7332236766815,919.6072816848755
1,998,19.96,7651.681303977966,7700.234055519104,7448.2761323452,7159.162312746048,244.48305368423462,335.17152070999146,0.7256865501403809,-683.7226450443268
1,999,19.98,7498.6328184604645,7543.099224567413,7456.511408090591,7405.1907658576965,-153.04848551750183,-157.13483095169067,8.235275745391846,246.02845311164856
