episode,step,time_s,u1_rpm,u2_rpm,u3_rpm,u4_rpm,du1_rpm,du2_rpm,du3_rpm,du4_rpm
1,0,0.0,5000.0,9110.210537910461,9739.30299282074,8266.498148441315,0.0,0.0,0.0,0.0
1,1,0.02,6091.106086969376,8878.754675388336,10000.0,8508.534133434296,1091.1060869693756,-231.45586252212524,260.69700717926025,242.03598499298096
1,2,0.04,7472.971975803375,8575.961887836456,9880.4372549057,8766.931295394897,1381.8658888339996,-302.7927875518799,-119.56274509429932,258.3971619606018
1,3,0.06,8402.808904647827,8679.148852825165,9038.811028003693,8912.481963634491,929.8369288444519,103.1869649887085,-841.626226902008,145.5506682395935
1,4,0.08,9256.0213804245,8674.056828022003,8305.597007274628,9026.33786201477,853.2124757766724,-5.092024803161621,-733.2140207290649,113.85589838027954
1,5,0.1,9848.44982624054,8823.685646057129,8026.630580425262,9109.880030155182,592.42844581604,149.62881803512573,-278.96642684936523,83.54216814041138
1,6,0.12,9961.53712272644,8918.57624053955,7979.864180088043,9180.183112621307,113.08729648590088,94.89059448242188,-46.76640033721924,70.30308246612549
1,7,0.14,9982.209205627441,8995.35208940506,8005.644679069519,9164.032340049744,20.672082901000977,76.77584886550903,25.78049898147583,-16.15077257156372
1,8,0.16,9986.684322357178,9058.470726013184,8077.171444892883,9095.183312892914,4.475116729736328,63.11863660812378,71.52676582336426,-68.84902715682983
1,9,0.18,9948.931336402893,9085.969626903534,8202.60375738144,9013.124704360962,-37.75298595428467,27.498900890350342,125.43231248855591,-82.0586085319519
1,10,0.2,9801.097810268402,9089.003503322601,8403.117656707764,8931.541442871094,-147.83352613449097,3.033876419067383,200.51389932632446,-81.58326148986816
1,11,0.22,9500.50175189972,9057.078957557678,8645.796775817871,8866.495490074158,-300.59605836868286,-31.924545764923096,242.67911911010742,-65.04595279693604
1,12,0.24,9218.1795835495,8986.873924732208,8848.711252212524,8839.77472782135,-282.3221683502197,-70.20503282546997,202.91447639465332,-26.720762252807617
1,13,0.26,8987.915217876434,8915.32301902771,9010.771214962006,8822.152018547058,-230.26436567306519,-71.55090570449829,162.0599627494812,-17.622709274291992
1,14,0.28,8789.23624753952,8856.084942817688,9139.212965965271,8804.67027425766,-198.67897033691406,-59.23807621002197,128.44175100326538,-17.481744289398193
1,15,0.3,8643.372654914856,8802.184462547302,9185.143113136292,8762.64601945877,-145.8635926246643,-53.90048027038574,45.93014717102051,-42.02425479888916
1,16,0.32,8529.23572063446,8760.557472705841,9194.214046001434,8723.266124725342,-114.13693428039551,-41.62698984146118,9.070932865142822,-39.379894733428955
1,17,0.34,8444.847464561462,8726.42457485199,9178.248047828674,8685.556948184967,-84.38825607299805,-34.13289785385132,-15.96599817276001,-37.709176540374756
1,18,0.36,8390.40994644165,8695.486187934875,9155.531525611877,8650.118708610535,-54.43751811981201,-30.938386917114258,-22.716522216796875,-35.43823957443237
1,19,0.38,8348.746299743652,8662.41455078125,9120.222926139832,8620.465397834778,-41.66364669799805,-33.07163715362549,-35.3085994720459,-29.653310775756836
1,20,0.4,8318.2954788208,8630.143105983734,9074.417054653168,8593.344390392303,-30.450820922851562,-32.27144479751587,-45.80587148666382,-27.121007442474365
1,21,0.42,8292.321562767029,8598.833680152893,9024.856686592102,8565.655648708344,-25.973916053771973,-31.309425830841064,-49.560368061065674,-27.68874168395996
1,22,0.44,8269.043564796448,8568.42428445816,8976.645171642303,8538.039326667786,-23.277997970581055,-30.409395694732666,-48.211514949798584,-27.61632204055786
1,23,0.46,8244.039118289948,8538.385331630707,8927.510380744934,8509.822487831116,-25.004446506500244,-30.038952827453613,-49.134790897369385,-28.216838836669922
1,24,0.48,8214.980661869049,8506.256341934204,8879.172503948212,8481.556177139282,-29.058456420898438,-32.128989696502686,-48.33787679672241,-28.266310691833496
1,25,0.5,8178.72941493988,8476.829528808594,8837.589025497437,8450.54566860199,-36.2512469291687,-29.42681312561035,-41.58347845077515,-31.01050853729248
1,26,0.52,8139.853477478027,8448.606729507446,8798.642754554749,8418.412506580353,-38.87593746185303,-28.22279930114746,-38.94627094268799,-32.13316202163696
1,27,0.54,8099.709451198578,8422.445952892303,8762.081265449524,8385.082483291626,-40.14402627944946,-26.160776615142822,-36.56148910522461,-33.33002328872681
1,28,0.56,8058.415353298187,8397.210240364075,8729.038536548615,8353.3376455307,-41.294097900390625,-25.23571252822876,-33.042728900909424,-31.744837760925293
1,29,0.58,8017.255961894989,8373.970091342926,8700.562417507172,8324.923515319824,-41.15939140319824,-23.24014902114868,-28.47611904144287,-28.414130210876465
1,30,0.6,7976.890206336975,8350.359201431274,8674.587309360504,8298.770785331726,-40.365755558013916,-23.61088991165161,-25.97510814666748,-26.152729988098145
1,31,0.62,7938.738465309143,8326.400518417358,8650.201261043549,8273.639380931854,-38.15174102783203,-23.958683013916016,-24.386048316955566,-25.131404399871826
1,32,0.64,7902.159690856934,8302.424550056458,8627.471029758453,8249.129056930542,-36.57877445220947,-23.97596836090088,-22.730231285095215,-24.510324001312256
1,33,0.66,7866.721153259277,8279.422223567963,8606.96256160736,8225.364089012146,-35.43853759765625,-23.002326488494873,-20.50846815109253,-23.764967918395996
1,34,0.68,7832.669615745544,8256.74682855606,8587.919771671295,8201.62445306778,-34.05153751373291,-22.675395011901855,-19.042789936065674,-23.739635944366455
1,35,0.7000000000000001,7799.737751483917,8234.638571739197,8568.944334983826,8178.758323192596,-32.9318642616272,-22.108256816864014,-18.975436687469482,-22.866129875183105
1,36,0.72,7768.148183822632,8214.441239833832,8551.124632358551,8156.21554851532,-31.5895676612854,-20.19733190536499,-17.819702625274658,-22.54277467727661
1,37,0.74,7738.422155380249,8195.642828941345,8532.159328460693,8133.959472179413,-29.726028442382812,-18.798410892486572,-18.965303897857666,-22.256076335906982
1,38,0.76,7709.82950925827,8179.2327761650085,8513.331711292267,8112.996518611908,-28.59264612197876,-16.41005277633667,-18.827617168426514,-20.962953567504883
1,39,0.78,7683.468759059906,8163.41757774353,8493.792712688446,8093.781769275665,-26.360750198364258,-15.815198421478271,-19.5389986038208,-19.214749336242676
1,40,0.8,7659.851908683777,8148.620426654816,8473.65826368332,8076.057136058807,-23.61685037612915,-14.7971510887146,-20.134449005126953,-17.72463321685791
1,41,0.8200000000000001,7638.903558254242,8134.409189224243,8451.727628707886,8060.233891010284,-20.948350429534912,-14.21123743057251,-21.93063497543335,-15.82324504852295
1,42,0.84,7621.383965015411,8120.05490064621,8425.254225730896,8046.221733093262,-17.519593238830566,-14.354288578033447,-26.473402976989746,-14.012157917022705
1,43,0.86,7606.429159641266,8107.068240642548,8398.10311794281,8033.319413661957,-14.954805374145508,-12.98666000366211,-27.151107788085938,-12.902319431304932
1,44,0.88,7593.967914581299,8095.152676105499,8369.826674461365,8021.0113525390625,-12.461245059967041,-11.91556453704834,-28.276443481445312,-12.308061122894287
1,45,0.9,7584.556043148041,8084.536790847778,8341.27426147461,8009.844422340393,-9.411871433258057,-10.615885257720947,-28.55241298675537,-11.166930198669434
1,46,0.92,7578.5693526268005,8074.890971183777,8312.015235424042,7999.780178070068,-5.986690521240234,-9.645819664001465,-29.259026050567627,-10.064244270324707
1,47,0.9400000000000001,7576.251924037933,8066.118359565735,8283.464312553406,7990.039587020874,-2.3174285888671875,-8.772611618041992,-28.550922870635986,-9.740591049194336
1,48,0.96,7575.782239437103,8057.147264480591,8254.95958328247,7981.075644493103,-0.4696846008300781,-8.971095085144043,-28.50472927093506,-8.963942527770996
1,49,0.98,7576.616406440735,8046.681582927704,8225.838541984558,7972.682416439056,0.8341670036315918,-10.465681552886963,-29.121041297912598,-8.39322805404663
1,50,1.0,7578.12112569809,8036.444783210754,8196.8292593956,7965.269088745117,1.5047192573547363,-10.236799716949463,-29.00928258895874,-7.413327693939209
1,51,1.02,7580.788433551788,8025.177419185638,8172.873556613922,7960.889935493469,2.6673078536987305,-11.267364025115967,-23.955702781677246,-4.379153251647949
1,52,1.04,7589.463591575623,8013.443946838379,8154.072463512421,7961.685657501221,8.675158023834229,-11.733472347259521,-18.801093101501465,0.7957220077514648
1,53,1.06,7602.062225341797,8006.739616394043,8139.733374118805,7964.851260185242,12.598633766174316,-6.7043304443359375,-14.339089393615723,3.165602684020996
1,54,1.08,7618.682682514191,8002.733886241913,8129.6417117118835,7969.599664211273,16.6204571723938,-4.005730152130127,-10.091662406921387,4.748404026031494
1,55,1.1,7635.92004776001,8003.418743610382,8128.19242477417,7977.670431137085,17.237365245819092,0.6848573684692383,-1.449286937713623,8.070766925811768
1,56,1.12,7649.246156215668,8009.199500083923,8135.334253311157,7987.59788274765,13.326108455657959,5.78075647354126,7.141828536987305,9.927451610565186
1,57,1.1400000000000001,7654.111385345459,8019.322752952576,8151.637613773346,8002.033531665802,4.86522912979126,10.123252868652344,16.30336046218872,14.435648918151855
1,58,1.16,7651.4869928359985,8025.829792022705,8187.300264835358,8012.0450258255005,-2.624392509460449,6.5070390701293945,35.66265106201172,10.011494159698486
1,59,1.18,7645.838260650635,8032.528460025787,8243.67105960846,8029.98811006546,-5.6487321853637695,6.698668003082275,56.37079477310181,17.943084239959717
1,60,1.2,7634.977698326111,8040.740191936493,8315.134644508362,8056.984543800354,-10.860562324523926,8.211731910705566,71.46358489990234,26.9964337348938
1,61,1.22,7625.78010559082,8051.7056584358215,8391.476571559906,8091.9018387794495,-9.197592735290527,10.965466499328613,76.34192705154419,34.91729497909546
1,62,1.24,7604.928612709045,8065.2934312820435,8473.367989063263,8136.1812353134155,-20.851492881774902,13.587772846221924,81.89141750335693,44.279396533966064
1,63,1.26,7566.10095500946,8088.6512994766235,8567.171096801758,8183.780312538147,-38.82765769958496,23.357868194580078,93.80310773849487,47.599077224731445
1,64,1.28,7499.168664216995,8116.140365600586,8683.480620384216,8219.377100467682,-66.93229079246521,27.489066123962402,116.3095235824585,35.59678792953491
1,65,1.3,7418.776154518127,8145.0507044792175,8813.404440879822,8216.546475887299,-80.3925096988678,28.910338878631592,129.92382049560547,-2.830624580383301
1,66,1.32,7300.717383623123,8164.26545381546,8963.800966739655,8180.178999900818,-118.05877089500427,19.214749336242676,150.39652585983276,-36.36747598648071
1,67,1.34,7211.3195061683655,8164.047598838806,9105.422496795654,8121.463656425476,-89.39787745475769,-0.21785497665405273,141.62153005599976,-58.7153434753418
1,68,1.36,7190.167009830475,8136.64436340332,9190.617501735687,8057.801127433777,-21.152496337890625,-27.40323543548584,85.19500494003296,-63.66252899169922
1,69,1.3800000000000001,7175.406217575073,8098.114728927612,9232.878386974335,7985.140085220337,-14.760792255401611,-38.52963447570801,42.26088523864746,-72.66104221343994
1,70,1.4000000000000001,7187.490463256836,8074.321150779724,9223.148226737976,7881.490886211395,12.084245681762695,-23.793578147888184,-9.730160236358643,-103.64919900894165
1,71,1.42,7193.796932697296,8045.860528945923,9166.930317878723,7812.507450580597,6.306469440460205,-28.46062183380127,-56.21790885925293,-68.98343563079834
1,72,1.44,7271.761000156403,8000.817000865936,9047.566950321198,7750.550210475922,77.96406745910645,-45.04352807998657,-119.36336755752563,-61.95724010467529
1,73,1.46,7513.549327850342,7963.408827781677,8803.933262825012,7693.124413490295,241.7883276939392,-37.40817308425903,-243.6336874961853,-57.42579698562622
1,74,1.48,7944.841980934143,7933.507561683655,8281.36831521988,7669.7540283203125,431.29265308380127,-29.90126609802246,-522.564947605133,-23.37038516998291
1,75,1.5,8474.049866199493,7925.112247467041,7754.993140697479,7696.015536785126,529.2078852653503,-8.39531421661377,-526.3751745223999,26.261508464813232
1,76,1.52,9029.91533279419,7935.321033000946,7258.969098329544,7770.10440826416,555.865466594696,10.20878553390503,-496.0240423679352,74.08887147903442
1,77,1.54,9483.007490634918,7926.440238952637,6741.724461317062,7875.305712223053,453.09215784072876,-8.880794048309326,-517.2446370124817,105.20130395889282
1,78,1.56,9796.843230724335,7778.910994529724,6305.513828992844,8079.029619693756,313.8357400894165,-147.5292444229126,-436.21063232421875,203.72390747070312
1,79,1.58,9942.804872989655,7527.680993080139,6011.2253576517105,8205.762505531311,145.96164226531982,-251.23000144958496,-294.2884713411331,126.73288583755493
1,80,1.6,10000.0,7312.214970588684,5931.876078248024,8277.733325958252,57.19512701034546,-215.46602249145508,-79.34927940368652,71.97082042694092
1,81,1.62,10000.0,7333.850115537643,5991.344973444939,8355.664610862732,0.0,21.63514494895935,59.46889519691467,77.93128490447998
1,82,1.6400000000000001,10000.0,7460.049986839294,6125.54170191288,8317.421674728394,0.0,126.199871301651,134.19672846794128,-38.24293613433838
1,83,1.6600000000000001,9919.045269489288,7755.545079708099,7113.555520772934,8087.241053581238,-80.95473051071167,295.49509286880493,988.013818860054,-230.18062114715576
1,84,1.68,8445.850014686584,8456.53235912323,8922.7494597435,7266.457676887512,-1473.1952548027039,700.9872794151306,1809.1939389705658,-820.7833766937256
1,85,1.7,7851.87304019928,8502.043187618256,9014.760851860046,7655.419111251831,-593.9769744873047,45.510828495025635,92.01139211654663,388.96143436431885
1,86,1.72,7603.789567947388,8391.995429992676,9135.389626026154,7758.396863937378,-248.0834722518921,-110.04775762557983,120.62877416610718,102.97775268554688
1,87,1.74,7011.645585298538,8295.904994010925,9439.778327941895,7929.053604602814,-592.1439826488495,-96.09043598175049,304.38870191574097,170.6567406654358
1,88,1.76,6545.955836772919,8212.68916130066,9655.3835272789,7881.648540496826,-465.6897485256195,-83.21583271026611,215.60519933700562,-47.40506410598755
1,89,1.78,6354.249715805054,8108.551800251007,9758.279919624329,7869.705855846405,-191.706120967865,-104.1373610496521,102.89639234542847,-11.942684650421143
1,90,1.8,6268.440932035446,7955.389320850372,9803.364276885986,7924.3141412734985,-85.80878376960754,-153.16247940063477,45.084357261657715,54.608285427093506
1,91,1.82,6417.567133903503,7837.3983502388,9599.49791431427,8018.076419830322,149.12620186805725,-117.99097061157227,-203.8663625717163,93.76227855682373
1,92,1.84,7035.11506319046,7776.936888694763,8812.49338388443,8032.968044281006,617.5479292869568,-60.461461544036865,-787.0045304298401,14.891624450683594
1,93,1.86,8846.142292022705,7443.903982639313,6948.399841785431,8308.806121349335,1811.0272288322449,-333.03290605545044,-1864.093542098999,275.83807706832886
1,94,1.8800000000000001,8797.337412834167,7547.883093357086,7172.919660806656,8134.730756282806,-48.8048791885376,103.97911071777344,224.51981902122498,-174.07536506652832
1,95,1.9000000000000001,8672.530949115753,7604.93665933609,7162.82993555069,8097.703754901886,-124.8064637184143,57.053565979003906,-10.089725255966187,-37.02700138092041
1,96,1.92,8693.684041500092,7680.425643920898,6904.817223548889,8011.31933927536,21.15309238433838,75.48898458480835,-258.01271200180054,-86.38441562652588
1,97,1.94,8737.739026546478,7852.438986301422,6734.661161899567,7899.628281593323,44.05498504638672,172.01334238052368,-170.1560616493225,-111.69105768203735
1,98,1.96,8201.15327835083,7927.700877189636,7026.619911193848,7609.218657016754,-536.5857481956482,75.26189088821411,291.958749294281,-290.4096245765686
1,99,1.98,6573.245823383331,7999.855577945709,8845.446705818176,7218.697369098663,-1627.9074549674988,72.154700756073,1818.8267946243286,-390.5212879180908
1,100,2.0,7387.49235868454,6709.980815649033,8030.96204996109,7998.259961605072,814.2465353012085,-1289.8747622966766,-814.4846558570862,779.5625925064087
1,101,2.02,8540.99303483963,9704.680442810059,7062.197774648666,7185.9171986579895,1153.5006761550903,2994.699627161026,-968.7642753124237,-812.3427629470825
1,102,2.04,7021.00858092308,5215.063765645027,8696.257174015045,8390.442728996277,-1519.9844539165497,-4489.616677165031,1634.0593993663788,1204.5255303382874
1,103,2.06,8728.417158126831,10000.0,6388.361006975174,6970.109045505524,1707.4085772037506,4784.936234354973,-2307.896167039871,-1420.3336834907532
1,104,2.08,6798.941195011139,5619.298219680786,9508.43632221222,8646.92747592926,-1929.4759631156921,-4380.701780319214,3120.0753152370453,1676.8184304237366
1,105,2.1,9051.680862903595,10000.0,5533.677488565445,6526.799649000168,2252.739667892456,4380.701780319214,-3974.7588336467743,-2120.1278269290924
1,106,2.12,6687.945574522018,5877.126008272171,9806.454479694366,9081.839323043823,-2363.7352883815765,-4122.873991727829,4272.7769911289215,2555.0396740436554
1,107,2.14,8984.15207862854,9770.748615264893,5424.967333674431,6075.508072972298,2296.2065041065216,3893.6226069927216,-4381.487146019936,-3006.3312500715256
1,108,2.16,6658.165007829666,5779.180824756622,9887.83061504364,9566.44058227539,-2325.987070798874,-3991.5677905082703,4462.863281369209,3490.932509303093
1,109,2.18,9010.148644447327,9792.083501815796,5637.536942958832,5755.800679326057,2351.9836366176605,4012.9026770591736,-4250.293672084808,-3810.639902949333
1,110,2.2,6481.389403343201,5517.662614583969,9809.646010398865,9874.448478221893,-2528.759241104126,-4274.420887231827,4172.109067440033,4118.647798895836
1,111,2.22,9068.621098995209,9933.494627475739,5895.121097564697,5780.353546142578,2587.231695652008,4415.832012891769,-3914.5249128341675,-4094.094932079315
1,112,2.24,6429.076045751572,5398.4202444553375,9702.165126800537,9818.097651004791,-2639.545053243637,-4535.074383020401,3807.04402923584,4037.744104862213
1,113,2.2600000000000002,9098.377525806427,9989.745914936066,5966.290310025215,5843.82638335228,2669.3014800548553,4591.325670480728,-3735.874816775322,-3974.2712676525116
1,114,2.2800000000000002,6445.186287164688,5440.195798873901,9650.101661682129,9692.06839799881,-2653.191238641739,-4549.550116062164,3683.8113516569138,3848.24201464653
1,115,2.3000000000000003,9123.744666576385,10000.0,5959.980487823486,5865.447670221329,2678.5583794116974,4559.804201126099,-3690.1211738586426,-3826.620727777481
1,116,2.32,6424.779146909714,5500.395558774471,9669.304490089417,9672.305285930634,-2698.9655196666718,-4499.604441225529,3709.32400226593,3806.857615709305
1,117,2.34,9145.258069038391,10000.0,5936.7189556360245,5829.656645655632,2720.4789221286774,4499.604441225529,-3732.585534453392,-3842.6486402750015
1,118,2.36,6417.645961046219,5526.118651032448,9686.79279088974,9721.473455429077,-2727.6121079921722,-4473.881348967552,3750.0738352537155,3891.816809773445
1,119,2.38,9144.560396671295,9998.88002872467,5942.575037479401,5755.111426115036,2726.9144356250763,4472.761377692223,-3744.2177534103394,-3966.362029314041
1,120,2.4,6428.935825824738,5570.328533649445,9679.496586322784,9790.874123573303,-2715.6245708465576,-4428.551495075226,3736.921548843384,4035.762697458267
1,121,2.42,9134.117066860199,9977.09184885025,5968.0648893117905,5687.3637437820435,2705.1812410354614,4406.763315200806,-3711.431697010994,-4103.51037979126
1,122,2.44,6446.924656629562,5618.063509464264,9663.131833076477,9860.682785511017,-2687.1924102306366,-4359.028339385986,3695.0669437646866,4173.319041728973
1,123,2.46,9115.453958511353,9950.966835021973,6006.220206618309,5629.28169965744,2668.52930188179,4332.903325557709,-3656.911626458168,-4231.401085853577
1,124,2.48,6453.869193792343,5651.7404317855835,9635.524451732635,9921.450912952423,-2661.5847647190094,-4299.226403236389,3629.3042451143265,4292.169213294983
1,125,2.5,9090.732336044312,9929.172694683075,6063.293963670731,5596.05598449707,2636.8631422519684,4277.4322628974915,-3572.230488061905,-4325.394928455353
1,126,2.52,6460.109204053879,5659.958124160767,9603.040516376495,9967.394769191742,-2630.6231319904327,-4269.214570522308,3539.7465527057648,4371.338784694672
1,127,2.54,9062.418937683105,9917.888939380646,6128.863543272018,5585.507452487946,2602.3097336292267,4257.930815219879,-3474.176973104477,-4381.887316703796
1,128,2.56,6466.549038887024,5653.41055393219,9569.963216781616,9994.382858276367,-2595.8698987960815,-4264.478385448456,3441.099673509598,4408.875405788422
1,129,2.58,9031.172394752502,9916.594326496124,6189.004331827164,5596.562549471855,2564.6233558654785,4263.183772563934,-3380.9588849544525,-4397.820308804512
1,130,2.6,6476.897597312927,5639.039576053619,9532.773196697235,9995.568990707397,-2554.274797439575,-4277.554750442505,3343.7688648700714,4399.006441235542
1,131,2.62,9021.192491054535,9924.587607383728,6235.049441456795,5614.597797393799,2544.2948937416077,4285.548031330109,-3297.7237552404404,-4380.971193313599
1,132,2.64,6474.89532828331,5634.608417749405,9499.327838420868,9978.23566198349,-2546.297162771225,-4289.979189634323,3264.278396964073,4363.637864589691
1,133,2.66,9030.43121099472,9929.606020450592,6255.319714546204,5630.181655287743,2555.5358827114105,4294.997602701187,-3244.0081238746643,-4348.054006695747
1,134,2.68,6450.685262680054,5642.8177654743195,9478.10173034668,9959.496855735779,-2579.7459483146667,-4286.788254976273,3222.782015800476,4329.315200448036
1,135,2.7,9078.949987888336,9933.6177110672,6253.004819154739,5629.881098866463,2628.2647252082825,4290.79994559288,-3225.0969111919403,-4329.615756869316
1,136,2.72,6383.579075336456,5643.011033535004,9470.402598381042,9956.288635730743,-2695.37091255188,-4290.606677532196,3217.397779226303,4326.407536864281
1,137,2.74,9162.893891334534,9936.006665229797,6260.748505592346,5624.739974737167,2779.3148159980774,4292.995631694794,-3209.6540927886963,-4331.548660993576
1,138,2.7600000000000002,6289.215981960297,5638.927668333054,9444.014430046082,9951.233565807343,-2873.677909374237,-4297.078996896744,3183.2659244537354,4326.493591070175
1,139,2.7800000000000002,9262.530505657196,9935.232400894165,6281.7250192165375,5633.789598941803,2973.3145236968994,4296.304732561111,-3162.289410829544,-4317.44396686554
1,140,2.8000000000000003,6191.196143627167,5619.211345911026,9396.985471248627,9939.620792865753,-3071.3343620300293,-4316.021054983139,3115.2604520320892,4305.83119392395
1,141,2.82,9344.666302204132,9931.866824626923,6332.1806490421295,5666.874200105667,3153.4701585769653,4312.655478715897,-3064.804822206497,-4272.746592760086
1,142,2.84,6138.7114226818085,5599.647909402847,9319.99295949936,9896.633327007294,-3205.9548795223236,-4332.218915224075,2987.8123104572296,4229.759126901627
1,143,2.86,9393.655955791473,9932.026863098145,6375.776678323746,5720.616281032562,3254.944533109665,4332.378953695297,-2944.2162811756134,-4176.017045974731
1,144,2.88,6147.7915942668915,5595.797449350357,9231.885373592377,9831.02411031723,-3245.864361524582,-4336.2294137477875,2856.108695268631,4110.407829284668
1,145,2.9,9397.185742855072,9927.540123462677,6396.998465061188,5768.663287162781,3249.3941485881805,4331.74267411232,-2834.886908531189,-4062.3608231544495
1,146,2.92,6215.647310018539,5616.73641204834,9173.035323619843,9773.030877113342,-3181.5384328365326,-4310.803711414337,2776.036858558655,4004.3675899505615
1,147,2.94,9318.742454051971,9902.413487434387,6371.464878320694,5816.962495446205,3103.095144033432,4285.677075386047,-2801.5704452991486,-3956.068381667137
1,148,2.96,6378.025561571121,5644.463896751404,9173.054099082947,9720.048308372498,-2940.71689248085,-4257.949590682983,2801.589220762253,3903.0858129262924
1,149,2.98,9201.678335666656,9891.196489334106,6293.466538190842,5845.106318593025,2823.6527740955353,4246.732592582703,-2879.587560892105,-3874.9419897794724
1,150,3.0,6511.626988649368,5637.139976024628,9233.837723731995,9709.508419036865,-2690.051347017288,-4254.056513309479,2940.371185541153,3864.40210044384
1,151,3.02,9107.71757364273,9892.592430114746,6229.020804166794,5854.952037334442,2596.0905849933624,4255.452454090118,-3004.816919565201,-3854.556381702423
1,152,3.04,6578.8474678993225,5607.014819979668,9302.043318748474,9700.838923454285,-2528.870105743408,-4285.577610135078,3073.0225145816803,3845.8868861198425
1,153,3.06,9054.816663265228,9900.093972682953,6168.887913227081,5892.2213315963745,2475.9691953659058,4293.079152703285,-3133.155405521393,-3808.61759185791
1,154,3.08,6622.087359428406,5584.711581468582,9363.54011297226,9655.16209602356,-2432.7293038368225,-4315.382391214371,3194.652199745178,3762.940764427185
1,155,3.1,9033.621847629547,9913.196563720703,6096.256151795387,5947.510898113251,2411.5344882011414,4328.484982252121,-3267.2839611768723,-3707.651197910309
1,156,3.12,6652.009636163712,5575.640052556992,9438.533186912537,9598.841071128845,-2381.6122114658356,-4337.556511163712,3342.2770351171494,3651.3301730155945
1,157,3.14,9035.877287387848,9905.807971954346,6023.076847195625,6020.551845431328,2383.8676512241364,4330.167919397354,-3415.4563397169113,-3578.2892256975174
1,158,3.16,6652.754843235016,5585.030093789101,9506.532847881317,9540.254771709442,-2383.122444152832,-4320.777878165245,3483.456000685692,3519.7029262781143
1,159,3.18,9052.316844463348,9885.50454378128,5966.029018163681,6087.033227086067,2399.5620012283325,4300.47444999218,-3540.503829717636,-3453.221544623375
1,160,3.2,6666.916310787201,5656.6789746284485,9533.44315290451,9458.177387714386,-2385.4005336761475,-4228.825569152832,3567.4141347408295,3371.144160628319
1,161,3.22,9055.616557598114,9818.054139614105,5931.838899850845,6173.8840490579605,2388.700246810913,4161.375164985657,-3601.604253053665,-3284.2933386564255
1,162,3.24,6655.370891094208,5721.520632505417,9577.15630531311,9379.51922416687,-2400.2456665039062,-4096.533507108688,3645.317405462265,3205.6351751089096
1,163,3.2600000000000002,9072.667360305786,9761.560261249542,5898.446887731552,6231.679692864418,2417.2964692115784,4040.0396287441254,-3678.7094175815582,-3147.839531302452
1,164,3.2800000000000002,6625.548303127289,5750.177204608917,9631.121158599854,9334.030151367188,-2447.1190571784973,-4011.383056640625,3732.6742708683014,3102.3504585027695
1,165,3.3000000000000003,9096.294343471527,9742.547571659088,5889.006406068802,6261.396408081055,2470.7460403442383,3992.370367050171,-3742.1147525310516,-3072.633743286133
1,166,3.3200000000000003,6591.858118772507,5792.3586666584015,9650.87503194809,9297.593832015991,-2504.4362246990204,-3950.1889050006866,3761.8686258792877,3036.1974239349365
1,167,3.34,9119.316339492798,9717.124104499817,5897.9179710149765,6268.244087696075,2527.458220720291,3924.7654378414154,-3752.957060933113,-3029.3497443199158
1,168,3.36,6527.987122535706,5819.309651851654,9674.456119537354,9292.185604572296,-2591.3292169570923,-3897.814452648163,3776.538148522377,3023.9415168762207
1,169,3.38,9151.42834186554,9711.973667144775,5915.914326906204,6241.621524095535,2623.441219329834,3892.6640152931213,-3758.5417926311493,-3050.564080476761
1,170,3.4,6480.561047792435,5828.45002412796,9678.873121738434,9327.216744422913,-2670.867294073105,-3883.523643016815,3762.9587948322296,3085.5952203273773
1,171,3.42,9168.000519275665,9724.958837032318,5941.915214061737,6172.021329402924,2687.4394714832306,3896.508812904358,-3736.957907676697,-3155.195415019989
1,172,3.44,6450.296640396118,5824.332684278488,9678.790867328644,9400.737285614014,-2717.703878879547,-3900.62615275383,3736.8756532669067,3228.71595621109
1,173,3.46,9173.550605773926,9749.211370944977,5968.824401497841,6061.427593231201,2723.2539653778076,3924.8786866664886,-3709.966465830803,-3339.3096923828125
1,174,3.48,6429.652720689774,5813.918933272362,9673.746824264526,9508.366286754608,-2743.897885084152,-3935.292437672615,3704.9224227666855,3446.938693523407
1,175,3.5,9178.67660522461,9772.440791130066,5998.202860355377,5935.740619897842,2749.023884534836,3958.521857857704,-3675.543963909149,-3572.6256668567657
1,176,3.52,6424.593776464462,5799.995809793472,9664.212167263031,9626.755118370056,-2754.082828760147,-3972.4449813365936,3666.009306907654,3691.0144984722137
1,177,3.54,9170.657694339752,9797.760844230652,6033.022180199623,5802.091062068939,2746.06391787529,3997.7650344371796,-3631.189987063408,-3824.664056301117
1,178,3.56,6438.060402870178,5794.782936573029,9642.295837402344,9748.227298259735,-2732.597291469574,-4002.9779076576233,3609.2736572027206,3946.136236190796
1,179,3.58,9151.730239391327,9811.873435974121,6073.184832930565,5690.780207514763,2713.6698365211487,4017.0904994010925,-3569.111004471779,-4057.4470907449722
1,180,3.6,6463.731229305267,5824.766010046005,9608.98905992508,9829.788208007812,-2687.9990100860596,-3987.107425928116,3535.8042269945145,4139.00800049305
1,181,3.62,9130.989909172058,9796.69213294983,6092.280521988869,5626.839175820351,2667.2586798667908,3971.926122903824,-3516.7085379362106,-4202.949032187462
1,182,3.64,6466.495245695114,5860.572531819344,9589.632749557495,9885.141253471375,-2664.494663476944,-3936.1196011304855,3497.3522275686264,4258.302077651024
1,183,3.66,9121.418595314026,9775.777757167816,6118.069589138031,5587.4598026275635,2654.9233496189117,3915.2052253484726,-3471.563160419464,-4297.681450843811
1,184,3.68,6455.854177474976,5879.784822463989,9568.849205970764,9929.717779159546,-2665.5644178390503,-3895.992934703827,3450.779616832733,4342.257976531982
1,185,3.7,9116.137325763702,9763.773679733276,6154.848858714104,5569.383017718792,2660.283148288727,3883.988857269287,-3414.0003472566605,-4360.334761440754
1,186,3.72,6443.61287355423,5868.584290146828,9546.331465244293,9956.892430782318,-2672.5244522094727,-3895.1893895864487,3391.4826065301895,4387.509413063526
1,187,3.74,9111.086130142212,9769.347012043,6193.056255578995,5572.3535269498825,2667.473256587982,3900.7627218961716,-3353.2752096652985,-4384.538903832436
1,188,3.7600000000000002,6432.503759860992,5831.292271614075,9514.9564743042,9967.986941337585,-2678.5823702812195,-3938.0547404289246,3321.9002187252045,4395.633414387703
1,189,3.7800000000000002,9115.380942821503,9787.51540184021,6232.1847677230835,5590.238720178604,2682.8771829605103,3956.2231302261353,-3282.7717065811157,-4377.748221158981
1,190,3.8000000000000003,6404.591351747513,5804.633051156998,9479.895532131195,9956.29996061325,-2710.78959107399,-3982.8823506832123,3247.7107644081116,4366.061240434647
1,191,3.8200000000000003,9139.679670333862,9802.736937999725,6260.085701942444,5603.690966963768,2735.0883185863495,3998.1038868427277,-3219.809830188751,-4352.608993649483
1,192,3.84,6371.701657772064,5803.128182888031,9438.965320587158,9938.350319862366,-2767.978012561798,-3999.6087551116943,3178.8796186447144,4334.659352898598
1,193,3.86,9174.951016902924,9804.89432811737,6272.2475826740265,5602.653548121452,2803.2493591308594,4001.7661452293396,-3166.7177379131317,-4335.696771740913
1,194,3.88,6345.699280500412,5804.277881979942,9407.517611980438,9939.15319442749,-2829.2517364025116,-4000.6164461374283,3135.2700293064117,4336.499646306038
1,195,3.9,9212.098121643066,9804.951846599579,6277.6753306388855,5598.960444331169,2866.3988411426544,4000.6739646196365,-3129.8422813415527,-4340.192750096321
1,196,3.92,6323.355883359909,5800.372064113617,9379.526376724243,9938.40754032135,-2888.7422382831573,-4004.579782485962,3101.8510460853577,4339.447095990181
1,197,3.94,9231.908321380615,9800.866842269897,6269.594132900238,5617.438852787018,2908.552438020706,4000.4947781562805,-3109.932243824005,-4320.968687534332
1,198,3.96,6326.737850904465,5773.213729262352,9358.125925064087,9924.81380701065,-2905.1704704761505,-4027.6531130075455,3088.531792163849,4307.374954223633
1,199,3.98,9225.149750709534,9811.422228813171,6261.021792888641,5650.692880153656,2898.411899805069,4038.2084995508194,-3097.1041321754456,-4274.120926856995
1,200,4.0,6362.448036670685,5736.560598015785,9332.442879676819,9897.156953811646,-2862.701714038849,-4074.861630797386,3071.4210867881775,4246.4640736579895
1,201,4.0200000000000005,9210.389852523804,9834.36644077301,6249.766647815704,5685.662254691124,2847.941815853119,4097.805842757225,-3082.6762318611145,-4211.494699120522
1,202,4.04,6389.753818511963,5700.690299272537,9316.07872247696,9869.56387758255,-2820.636034011841,-4133.676141500473,3066.312074661255,4183.901622891426
1,203,4.0600000000000005,9196.295440196991,9854.479730129242,6246.514469385147,5714.56715464592,2806.541621685028,4153.789430856705,-3069.564253091812,-4154.99672293663
1,204,4.08,6417.004317045212,5673.714429140091,9301.022589206696,9844.74092721939,-2779.291123151779,-4180.765300989151,3054.5081198215485,4130.173772573471
1,205,4.1,9180.947244167328,9869.593381881714,6241.53271317482,5735.9398901462555,2763.942927122116,4195.878952741623,-3059.4898760318756,-4108.801037073135
1,206,4.12,6441.888809204102,5643.484443426132,9294.635653495789,9830.062985420227,-2739.0584349632263,-4226.108938455582,3053.1029403209686,4094.1230952739716
1,207,4.14,9164.668917655945,9883.23301076889,6238.090246915817,5750.614106655121,2722.7801084518433,4239.748567342758,-3056.5454065799713,-4079.448878765106
1,208,4.16,6464.560627937317,5615.986585617065,9293.799996376038,9818.519353866577,-2700.108289718628,-4267.246425151825,3055.7097494602203,4067.9052472114563
1,209,4.18,9151.877462863922,9894.852936267853,6234.545856714249,5764.793232083321,2687.316834926605,4278.866350650787,-3059.254139661789,-4053.7261217832565
1,210,4.2,6485.495865345001,5596.142299473286,9296.434223651886,9801.809191703796,-2666.381597518921,-4298.710636794567,3061.8883669376373,4037.0159596204758
1,211,4.22,9139.753580093384,9903.286099433899,6226.144507527351,5780.990570783615,2654.2577147483826,4307.143799960613,-3070.2897161245346,-4020.8186209201813
1,212,4.24,6507.3855221271515,5582.824349403381,9308.126866817474,9782.250821590424,-2632.3680579662323,-4320.461750030518,3081.982359290123,4001.2602508068085
1,213,4.26,9128.562211990356,9910.116791725159,6203.642413020134,5791.388154029846,2621.176689863205,4327.292442321777,-3104.4844537973404,-3990.8626675605774
1,214,4.28,6521.861702203751,5575.574189424515,9331.450164318085,9772.909581661224,-2606.700509786606,-4334.542602300644,3127.8077512979507,3981.521427631378
1,215,4.3,9119.412899017334,9911.395907402039,6180.586144328117,5794.73689198494,2597.5511968135834,4335.821717977524,-3150.8640199899673,-3978.172689676285
1,216,4.32,6534.190624952316,5578.983053565025,9349.457621574402,9766.203463077545,-2585.2222740650177,-4332.412853837013,3168.8714772462845,3971.4665710926056
1,217,4.34,9115.367233753204,9908.391237258911,6164.11104798317,5790.818557143211,2581.176608800888,4329.408183693886,-3185.3465735912323,-3975.384905934334
1,218,4.36,6539.153158664703,5580.420270562172,9368.916153907776,9771.99673652649,-2576.214075088501,-4327.970966696739,3204.8051059246063,3981.178179383278
1,219,4.38,9113.294780254364,9906.37868642807,6152.56205201149,5781.514197587967,2574.1416215896606,4325.958415865898,-3216.354101896286,-3990.4825389385223
1,220,4.4,6541.515588760376,5589.311458170414,9383.257031440735,9776.794910430908,-2571.779191493988,-4317.067228257656,3230.694979429245,3995.2807128429413
1,221,4.42,9111.676216125488,9897.986650466919,6147.266626358032,5780.96866607666,2570.1606273651123,4308.675192296505,-3235.9904050827026,-3995.826244354248
1,222,4.44,6538.653075695038,5612.57392168045,9395.303726196289,9768.581688404083,-2573.0231404304504,-4285.4127287864685,3248.037099838257,3987.613022327423
1,223,4.46,9116.24163389206,9885.053038597107,6140.95538854599,5781.480893492699,2577.5885581970215,4272.4791169166565,-3254.348337650299,-3987.1007949113846
1,224,4.48,6528.022885322571,5639.288276433945,9414.798319339752,9768.477976322174,-2588.2187485694885,-4245.764762163162,3273.842930793762,3986.9970828294754
1,225,4.5,9122.129678726196,9871.356785297394,6134.156882762909,5761.891677975655,2594.1067934036255,4232.068508863449,-3280.6414365768433,-4006.5862983465195
1,226,4.5200000000000005,6503.056436777115,5660.185664892197,9437.293410301208,9794.566929340363,-2619.0732419490814,-4211.171120405197,3303.1365275382996,4032.675251364708
1,227,4.54,9126.123189926147,9859.397411346436,6147.464141249657,5721.605718135834,2623.0667531490326,4199.211746454239,-3289.829269051552,-4072.961211204529
1,228,4.5600000000000005,6479.561030864716,5671.068578958511,9446.69634103775,9840.919971466064,-2646.562159061432,-4188.328832387924,3299.2321997880936,4119.314253330231
1,229,4.58,9126.665890216827,9853.95073890686,6171.136274933815,5669.481232762337,2647.104859352112,4182.882159948349,-3275.5600661039352,-4171.438738703728
1,230,4.6000000000000005,6476.025432348251,5676.169246435165,9431.634247303009,9893.775880336761,-2650.640457868576,-4177.781492471695,3260.497972369194,4224.294647574425
1,231,4.62,9116.377234458923,9856.358766555786,6205.797120928764,5604.572296142578,2640.351802110672,4180.189520120621,-3225.8371263742447,-4289.203584194183
1,232,4.64,6493.247747421265,5691.893473267555,9395.956099033356,9955.83713054657,-2623.1294870376587,-4164.465293288231,3190.1589781045914,4351.264834403992
1,233,4.66,9091.905057430267,9853.772819042206,6248.366162180901,5523.7311869859695,2598.6573100090027,4161.879345774651,-3147.589936852455,-4432.1059435606
1,234,4.68,6520.991772413254,5734.147876501083,9354.400038719177,10000.0,-2570.9132850170135,-4119.624942541122,3106.0338765382767,4476.2688130140305
1,235,4.7,9063.132405281067,9836.258888244629,6273.282319307327,5471.211224794388,2542.140632867813,4102.1110117435455,-3081.11771941185,-4528.788775205612
1,236,4.72,6536.7622673511505,5756.664872169495,9332.292377948761,10000.0,-2526.3701379299164,-4079.5940160751343,3059.0100586414337,4528.788775205612
1,237,4.74,9045.957326889038,9831.295311450958,6271.722167730331,5485.683456063271,2509.1950595378876,4074.6304392814636,-3060.5702102184296,-4514.316543936729
1,238,4.76,6528.576761484146,5727.13702917099,9353.926181793213,10000.0,-2517.380565404892,-4104.158282279968,3082.2040140628815,4514.316543936729
1,239,4.78,9031.429290771484,9844.424426555634,6270.213574171066,5541.0778149962425,2502.8525292873383,4117.287397384644,-3083.7126076221466,-4458.9221850037575
1,240,4.8,6508.957594633102,5663.080960512161,9382.054209709167,10000.0,-2522.471696138382,-4181.343466043472,3111.840635538101,4458.9221850037575
1,241,4.82,9018.743932247162,9872.58404493332,6303.7557899951935,5583.011321723461,2509.7863376140594,4209.503084421158,-3078.298419713974,-4416.988678276539
1,242,4.84,6513.1328999996185,5618.89074742794,9362.751245498657,10000.0,-2505.6110322475433,-4253.693297505379,3058.9954555034637,4416.988678276539
1,243,4.86,9011.116027832031,9897.217154502869,6341.113299131393,5572.918988764286,2497.9831278324127,4278.326407074928,-3021.637946367264,-4427.081011235714
1,244,4.88,6522.858589887619,5647.417604923248,9307.856559753418,10000.0,-2488.2574379444122,-4249.79954957962,2966.7432606220245,4427.081011235714
1,245,4.9,9030.128419399261,9891.606569290161,6355.302482843399,5513.270124793053,2507.2698295116425,4244.188964366913,-2952.554076910019,-4486.729875206947
1,246,4.92,6507.981717586517,5709.742903709412,9277.24003791809,10000.0,-2522.146701812744,-4181.8636655807495,2921.9375550746918,4486.729875206947
1,247,4.94,9076.50351524353,9871.653616428375,6322.806030511856,5474.58291053772,2568.521797657013,4161.910712718964,-2954.4340074062347,-4525.41708946228
1,248,4.96,6446.724385023117,5730.084255337715,9302.71863937378,10000.0,-2629.779130220413,-4141.56936109066,2979.912608861923,4525.41708946228
1,249,4.98,9148.593842983246,9863.389134407043,6271.832883358002,5493.417531251907,2701.869457960129,4133.304879069328,-3030.8857560157776,-4506.582468748093
1,250,5.0,6347.901672124863,5692.462176084518,9345.566630363464,10000.0,-2800.692170858383,-4170.926958322525,3073.7337470054626,4506.582468748093
1,251,5.0200000000000005,9237.760603427887,9877.836108207703,6258.638054132462,5534.513518214226,2889.8589313030243,4185.373932123184,-3086.928576231003,-4465.486481785774
1,252,5.04,6238.116770982742,5627.539902925491,9353.866279125214,10000.0,-2999.6438324451447,-4250.296205282211,3095.228224992752,4465.486481785774
1,253,5.0600000000000005,9325.097501277924,9903.836250305176,6290.158182382584,5559.6040189266205,3086.9807302951813,4276.296347379684,-3063.70809674263,-4440.3959810733795
1,254,5.08,6156.1258137226105,5589.436441659927,9305.97573518753,10000.0,-3168.971687555313,-4314.399808645248,3015.817552804947,4440.3959810733795
1,255,5.1000000000000005,9392.540454864502,9919.287860393524,6343.5593247413635,5543.844178318977,3236.4146411418915,4329.851418733597,-2962.416410446167,-4456.155821681023
1,256,5.12,6120.326817035675,5609.206631779671,9215.072691440582,10000.0,-3272.213637828827,-4310.081228613853,2871.5133666992188,4456.155821681023
1,257,5.14,9438.873827457428,9912.25689649582,6392.043828964233,5496.233850717545,3318.547010421753,4303.050264716148,-2823.028862476349,-4503.766149282455
1,258,5.16,6114.185005426407,5654.263496398926,9144.803285598755,10000.0,-3324.688822031021,-4257.993400096893,2752.7594566345215,4503.766149282455
1,259,5.18,9454.695880413055,9894.486665725708,6401.4847576618195,5476.532429456711,3340.5108749866486,4240.223169326782,-2743.3185279369354,-4523.467570543289
1,260,5.2,6114.628911018372,5663.1699204444885,9137.023389339447,10000.0,-3340.066969394684,-4231.3167452812195,2735.5386316776276,4523.467570543289
1,261,5.22,9446.020722389221,9885.55371761322,6375.980973243713,5496.835932135582,3331.3918113708496,4222.383797168732,-2761.0424160957336,-4503.164067864418
1,262,5.24,6116.903275251389,5627.658888697624,9175.40818452835,10000.0,-3329.1174471378326,-4257.894828915596,2799.4272112846375,4503.164067864418
1,263,5.26,9425.320029258728,9894.329309463501,6345.917880535126,5536.189265549183,3308.4167540073395,4266.670420765877,-2829.490303993225,-4463.810734450817
1,264,5.28,6129.4931173324585,5580.756328999996,9208.03964138031,10000.0,-3295.8269119262695,-4313.572980463505,2862.1217608451843,4463.810734450817
1,265,5.3,9395.916163921356,9905.241429805756,6327.150017023087,5551.126450300217,3266.4230465888977,4324.485100805759,-2880.8896243572235,-4448.873549699783
1,266,5.32,6175.67241191864,5573.401935398579,9210.380017757416,10000.0,-3220.243752002716,-4331.839494407177,2883.230000734329,4448.873549699783
1,267,5.34,9350.018501281738,9903.26702594757,6310.900151729584,5526.859015226364,3174.346089363098,4329.865090548992,-2899.479866027832,-4473.140984773636
1,268,5.36,6253.195405006409,5608.015991747379,9211.544692516327,10000.0,-3096.8230962753296,-4295.2510342001915,2900.644540786743,4473.140984773636
1,269,5.38,9285.897314548492,9886.76369190216,6270.895600318909,5499.083995819092,3032.7019095420837,4278.747700154781,-2940.649092197418,-4500.916004180908
1,270,5.4,6339.058429002762,5650.56636929512,9241.111874580383,10000.0,-2946.8388855457306,-4236.19732260704,2970.2162742614746,4500.916004180908
1,271,5.42,9202.713370323181,9861.010015010834,6211.544722318649,5495.447739958763,2863.6549413204193,4210.4436457157135,-3029.567152261734,-4504.552260041237
1,272,5.44,6423.802524805069,5679.796412587166,9288.242161273956,10000.0,-2778.910845518112,-4181.213602423668,3076.697438955307,4504.552260041237
1,273,5.46,9116.570949554443,9836.645424365997,6159.175932407379,5498.041920363903,2692.7684247493744,4156.8490117788315,-3129.066228866577,-4501.958079636097
1,274,5.48,6506.806761026382,5696.43035531044,9324.069321155548,10000.0,-2609.764188528061,-4140.215069055557,3164.893388748169,4501.958079636097
1,275,5.5,9054.001569747925,9829.04851436615,6124.37017261982,5499.048046767712,2547.1948087215424,4132.61815905571,-3199.6991485357285,-4500.951953232288
1,276,5.5200000000000005,6553.609669208527,5707.861036062241,9346.708357334137,10000.0,-2500.391900539398,-4121.187478303909,3222.3381847143173,4500.951953232288
1,277,5.54,9024.878740310669,9824.885725975037,6106.722056865692,5497.0792680978775,2471.2690711021423,4117.024689912796,-3239.986300468445,-4502.9207319021225
1,278,5.5600000000000005,6566.114276647568,5712.204724550247,9361.616373062134,10000.0,-2458.764463663101,-4112.681001424789,3254.8943161964417,4502.9207319021225
1,279,5.58,9012.574553489685,9821.598529815674,6103.410497307777,5501.961261034012,2446.4602768421173,4109.393805265427,-3258.2058757543564,-4498.038738965988
1,280,5.6000000000000005,6565.576493740082,5711.013078689575,9373.727142810822,10000.0,-2446.9980597496033,-4110.585451126099,3270.316645503044,4498.038738965988
1,281,5.62,9009.790420532227,9820.444583892822,6102.593839168549,5513.529032468796,2444.213926792145,4109.431505203247,-3271.133303642273,-4486.470967531204
1,282,5.64,6555.580943822861,5706.582218408585,9387.506544589996,10000.0,-2454.209476709366,-4113.862365484238,3284.9127054214478,4486.470967531204
1,283,5.66,9009.072184562683,9820.4705119133,6101.007387042046,5531.6780135035515,2453.4912407398224,4113.888293504715,-3286.4991575479507,-4468.3219864964485
1,284,5.68,6546.772718429565,5707.5923681259155,9402.238130569458,10000.0,-2462.2994661331177,-4112.878143787384,3301.2307435274124,4468.3219864964485
1,285,5.7,9006.644785404205,9818.088114261627,6101.448312401772,5538.515858352184,2459.87206697464,4110.495746135712,-3300.7898181676865,-4461.484141647816
1,286,5.72,6550.9359538555145,5721.846520900726,9405.913949012756,9998.518824577332,-2455.708831548691,-4096.241593360901,3304.465636610985,4460.002966225147
1,287,5.74,8995.51510810852,9813.6967420578,6105.117574334145,5527.849122881889,2444.579154253006,4091.850221157074,-3300.7963746786118,-4470.669701695442
1,288,5.76,6562.4187886714935,5740.390345454216,9404.542446136475,10000.0,-2433.096319437027,-4073.3063966035843,3299.42487180233,4472.150877118111
1,289,5.78,8980.005383491516,9808.807075023651,6107.586920261383,5517.527088522911,2417.5865948200226,4068.416729569435,-3296.9555258750916,-4482.472911477089
1,290,5.8,6571.078300476074,5754.513591527939,9409.50334072113,10000.0,-2408.927083015442,-4054.2934834957123,3301.9164204597473,4482.472911477089
1,291,5.82,8963.863253593445,9805.619716644287,6106.570512056351,5518.709421157837,2392.7849531173706,4051.1061251163483,-3302.9328286647797,-4481.290578842163
1,292,5.84,6571.115255355835,5750.265121459961,9424.464404582977,10000.0,-2392.74799823761,-4055.354595184326,3317.8938925266266,4481.290578842163
1,293,5.86,8949.321806430817,9809.812903404236,6107.892021536827,5531.071424484253,2378.2065510749817,4059.547781944275,-3316.57238304615,-4468.928575515747
1,294,5.88,6571.702063083649,5726.68120265007,9437.33423948288,10000.0,-2377.619743347168,-4083.1317007541656,3329.4422179460526,4468.928575515747
1,295,5.9,8937.724530696869,9826.149046421051,6116.308718919754,5544.267408549786,2366.02246761322,4099.467843770981,-3321.0255205631256,-4455.732591450214
1,296,5.92,6576.114147901535,5697.719305753708,9438.794255256653,10000.0,-2361.610382795334,-4128.429740667343,3322.485536336899,4455.732591450214
1,297,5.94,8924.346566200256,9847.657978534698,6132.710129022598,5543.967187404633,2348.2324182987213,4149.938672780991,-3306.0841262340546,-4456.032812595367
1,298,5.96,6587.707549333572,5678.974464535713,9428.508579730988,10000.0,-2336.639016866684,-4168.683513998985,3295.7984507083893,4456.032812595367
1,299,5.98,8910.142183303833,9865.937530994415,6146.420389413834,5537.660606205463,2322.4346339702606,4186.963066458702,-3282.088190317154,-4462.339393794537
1,300,6.0,6600.055992603302,5668.73624920845,9418.88689994812,10000.0,-2310.086190700531,-4197.201281785965,3272.4665105342865,4462.339393794537
1,301,6.0200000000000005,8896.217942237854,9877.201616764069,6150.22175014019,5536.012798547745,2296.161949634552,4208.465367555618,-3268.66514980793,-4463.987201452255
1,302,6.04,6604.587584733963,5662.171244621277,9419.011771678925,10000.0,-2291.630357503891,-4215.030372142792,3268.7900215387344,4463.987201452255
1,303,6.0600000000000005,8894.359767436981,9883.381426334381,6146.674528717995,5540.355034172535,2289.772182703018,4221.210181713104,-3272.33724296093,-4459.644965827465
1,304,6.08,6595.960706472397,5652.131885290146,9426.853358745575,10000.0,-2298.3990609645844,-4231.249541044235,3280.1788300275803,4459.644965827465
1,305,6.1000000000000005,8901.00359916687,9890.134930610657,6142.684817314148,5543.967708945274,2305.0428926944733,4238.003045320511,-3284.168541431427,-4456.032291054726
1,306,6.12,6583.345979452133,5641.379952430725,9429.597854614258,10000.0,-2317.657619714737,-4248.754978179932,3286.91303730011,4456.032291054726
1,307,6.140000000000001,8927.997052669525,9902.167022228241,6138.377338647842,5537.467785179615,2344.651073217392,4260.787069797516,-3291.2205159664154,-4462.532214820385
1,308,6.16,6545.574516057968,5636.220276355743,9425.993859767914,10000.0,-2382.422536611557,-4265.946745872498,3287.6165211200714,4462.532214820385
1,309,6.18,8981.216847896576,9911.207556724548,6133.564710617065,5528.651364147663,2435.642331838608,4274.987280368805,-3292.4291491508484,-4471.348635852337
1,310,6.2,6480.084210634232,5630.499422550201,9420.00687122345,10000.0,-2501.1326372623444,-4280.708134174347,3286.4421606063843,4471.348635852337
1,311,6.22,9062.692523002625,9919.092655181885,6133.023276925087,5524.670369923115,2582.608312368393,4288.593232631683,-3286.9835942983627,-4475.329630076885
1,312,6.24,6390.4426991939545,5623.284503817558,9412.525594234467,10000.0,-2672.24982380867,-4295.8081513643265,3279.5023173093796,4475.329630076885
1,313,6.26,9155.39801120758,9924.470782279968,6138.576492667198,5527.310743927956,2764.955312013626,4301.18627846241,-3273.9491015672684,-4472.689256072044
1,314,6.28,6296.1094081401825,5611.962527036667,9402.22442150116,10000.0,-2859.288603067398,-4312.508255243301,3263.6479288339615,4472.689256072044
1,315,6.3,9239.597618579865,9928.874373435974,6153.342500329018,5532.960370182991,2943.488210439682,4316.911846399307,-3248.881921172142,-4467.039629817009
1,316,6.32,6217.89738535881,5594.0404534339905,9380.749762058258,10000.0,-3021.700233221054,-4334.833920001984,3227.4072617292404,4467.039629817009
1,317,6.34,9305.334091186523,9936.730563640594,6178.80679666996,5535.311177372932,3087.436705827713,4342.690110206604,-3201.942965388298,-4464.688822627068
1,318,6.36,6161.867082118988,5576.224476099014,9347.74398803711,10000.0,-3143.4670090675354,-4360.50608754158,3168.9371913671494,4464.688822627068
1,319,6.38,9352.801144123077,9945.69718837738,6209.113970398903,5531.0386419296265,3190.9340620040894,4369.472712278366,-3138.6300176382065,-4468.9613580703735
1,320,6.4,6130.596548318863,5567.3037096858025,9308.522343635559,10000.0,-3222.2045958042145,-4378.393478691578,3099.408373236656,4468.9613580703735
1,321,6.42,9380.167722702026,9951.241314411163,6235.371828079224,5521.224662661552,3249.5711743831635,4383.937604725361,-3073.1505155563354,-4478.775337338448
1,322,6.44,6118.544936180115,5564.24006819725,9272.928535938263,10000.0,-3261.6227865219116,-4387.001246213913,3037.5567078590393,4478.775337338448
1,323,6.46,9391.97838306427,9952.756464481354,6252.059787511826,5515.999309718609,3273.4334468841553,4388.516396284103,-3020.8687484264374,-4484.000690281391
1,324,6.48,6115.141808986664,5559.745132923126,9254.09734249115,10000.0,-3276.836574077606,-4393.0113315582275,3002.0375549793243,4484.000690281391
1,325,6.5,9392.648041248322,9951.472878456116,6254.252344369888,5519.954562187195,3277.5062322616577,4391.7277455329895,-2999.8449981212616,-4480.045437812805
1,326,6.5200000000000005,6118.319481611252,5549.787767231464,9255.27960062027,10000.0,-3274.3285596370697,-4401.685111224651,3001.0272562503815,4480.045437812805
1,327,6.54,9384.274184703827,9950.70606470108,6243.78889799118,5530.003756284714,3265.954703092575,4400.918297469616,-3011.4907026290894,-4469.996243715286
1,328,6.5600000000000005,6132.619678974152,5539.553910493851,9263.156950473785,10000.0,-3251.6545057296753,-4411.15215420723,3019.368052482605,4469.996243715286
1,329,6.58,9365.96691608429,9949.05561208725,6233.045384287834,5530.877560377121,3233.347237110138,4409.501701593399,-3030.1115661859512,-4469.122439622879
1,330,6.6000000000000005,6160.190254449844,5540.874935686588,9267.029464244843,10000.0,-3205.776661634445,-4408.1806764006615,3033.9840799570084,4469.122439622879
1,331,6.62,9341.063797473907,9942.40015745163,6218.814924359322,5521.787032485008,3180.873543024063,4401.525221765041,-3048.214539885521,-4478.212967514992
1,332,6.640000000000001,6198.015064001083,5557.854324579239,9271.588921546936,10000.0,-3143.048733472824,-4384.545832872391,3052.7739971876144,4478.212967514992
1,333,6.66,9307.811856269836,9928.832948207855,6198.199465870857,5510.617792606354,3109.796792268753,4370.978623628616,-3073.389455676079,-4489.382207393646
1,334,6.68,6243.818551301956,5582.765564322472,9282.771646976471,10000.0,-3063.9933049678802,-4346.067383885384,3084.5721811056137,4489.382207393646
1,335,6.7,9264.405965805054,9911.407232284546,6172.036230564117,5501.377582550049,3020.5874145030975,4328.641667962074,-3110.7354164123535,-4498.622417449951
1,336,6.72,6294.827461242676,5604.19037938118,9301.332533359528,10000.0,-2969.578504562378,-4307.216852903366,3129.29630279541,4498.622417449951
1,337,6.74,9214.781820774078,9895.017743110657,6145.194545388222,5499.932840466499,2919.9543595314026,4290.827363729477,-3156.137987971306,-4500.067159533501
1,338,6.76,6346.746981143951,5615.633726119995,9321.08610868454,10000.0,-2868.034839630127,-4279.384016990662,3175.891563296318,4500.067159533501
1,339,6.78,9159.194827079773,9883.273243904114,6126.518547534943,5502.589046955109,2812.4478459358215,4267.639517784119,-3194.567561149597,-4497.410953044891
1,340,6.8,6405.2484929561615,5623.7442791461945,9336.082339286804,10000.0,-2753.9463341236115,-4259.528964757919,3209.5637917518616,4497.410953044891
1,341,6.82,9093.28818321228,9872.779548168182,6112.657189369202,5507.229343056679,2688.039690256119,4249.035269021988,-3223.4251499176025,-4492.770656943321
1,342,6.84,6475.369483232498,5639.8530304431915,9349.759221076965,10000.0,-2617.918699979782,-4232.926517724991,3237.1020317077637,4492.770656943321
1,343,6.86,9013.471007347107,9855.814278125763,6096.1974412202835,5505.825057625771,2538.1015241146088,4215.961247682571,-3253.561779856682,-4494.174942374229
1,344,6.88,6569.802016019821,5667.353570461273,9359.737932682037,10000.0,-2443.6689913272858,-4188.46070766449,3263.540491461754,4494.174942374229
1,345,6.9,8936.17957830429,9841.134250164032,6076.173409819603,5496.85038626194,2366.3775622844696,4173.780679702759,-3283.5645228624344,-4503.14961373806
1,346,6.92,6639.57804441452,5691.988319158554,9380.679726600647,10000.0,-2296.6015338897705,-4149.145931005478,3304.506316781044,4503.14961373806
1,347,6.94,8892.123997211456,9834.293127059937,6050.252914428711,5486.984774470329,2252.545952796936,4142.304807901382,-3330.426812171936,-4513.015225529671
1,348,6.96,6660.436391830444,5701.5591859817505,9409.42108631134,10000.0,-2231.687605381012,-4132.733941078186,3359.1681718826294,4513.015225529671
1,349,6.98,8875.484764575958,9832.068085670471,6033.92206132412,5492.5452172756195,2215.048372745514,4130.508899688721,-3375.4990249872208,-4507.4547827243805
1,350,7.0,6653.857976198196,5689.944997429848,9440.42056798935,10000.0,-2221.626788377762,-4142.1230882406235,3406.49850666523,4507.4547827243805
1,351,7.0200000000000005,8872.413635253906,9839.337766170502,6025.836169719696,5515.198707580566,2218.55565905571,4149.392768740654,-3414.5843982696533,-4484.801292419434
1,352,7.04,6636.088937520981,5670.910254120827,9470.60227394104,10000.0,-2236.3246977329254,-4168.427512049675,3444.766104221344,4484.801292419434
1,353,7.0600000000000005,8875.697553157806,9849.136173725128,6022.945418953896,5527.316704392433,2239.6086156368256,4178.225919604301,-3447.6568549871445,-4472.683295607567
1,354,7.08,6630.047857761383,5664.728879928589,9481.648802757263,10000.0,-2245.6496953964233,-4184.407293796539,3458.7033838033676,4472.683295607567
1,355,7.1000000000000005,8870.028555393219,9854.361116886139,6027.195677161217,5524.142235517502,2239.980697631836,4189.63223695755,-3454.4531255960464,-4475.857764482498
1,356,7.12,6637.04052567482,5669.202655553818,9483.835399150848,10000.0,-2232.988029718399,-4185.158461332321,3456.6397219896317,4475.857764482498
1,357,7.140000000000001,8860.6396317482,9858.270585536957,6029.046103358269,5516.698807477951,2223.5991060733795,4189.067929983139,-3454.7892957925797,-4483.301192522049
1,358,7.16,6645.7705199718475,5677.835047245026,9487.416446208954,10000.0,-2214.869111776352,-4180.435538291931,3458.370342850685,4483.301192522049
1,359,7.18,8852.46753692627,9860.023558139801,6025.791987776756,5509.201399981976,2206.697016954422,4182.188510894775,-3461.6244584321976,-4490.798600018024
1,360,7.2,6655.199974775314,5683.726072311401,9494.271576404572,10000.0,-2197.267562150955,-4176.2974858284,3468.4795886278152,4490.798600018024
1,361,7.22,8841.163516044617,9862.959682941437,6021.734923124313,5507.94180482626,2185.9635412693024,4179.233610630035,-3472.536653280258,-4492.05819517374
1,362,7.24,6663.459092378616,5681.416615843773,9505.961835384369,10000.0,-2177.7044236660004,-4181.543067097664,3484.2269122600555,4492.05819517374
1,363,7.26,8826.638460159302,9869.98051404953,6018.135026097298,5511.9432508945465,2163.1793677806854,4188.563898205757,-3487.8268092870712,-4488.0567491054535
1,364,7.28,6671.432703733444,5667.32183098793,9517.599642276764,10000.0,-2155.2057564258575,-4202.6586830616,3499.4646161794662,4488.0567491054535
1,365,7.3,8811.302483081818,9882.957339286804,6019.792854785919,5518.422499299049,2139.8697793483734,4215.635508298874,-3497.8067874908447,-4481.577500700951
1,366,7.32,6677.791774272919,5647.327154874802,9524.746537208557,10000.0,-2133.510708808899,-4235.630184412003,3504.953682422638,4481.577500700951
1,367,7.34,8796.503841876984,9897.600412368774,6023.383438587189,5527.779161930084,2118.712067604065,4250.273257493973,-3501.3630986213684,-4472.220838069916
1,368,7.36,6683.981269598007,5630.564838647842,9527.170658111572,10000.0,-2112.5225722789764,-4267.035573720932,3503.7872195243835,4472.220838069916
1,369,7.38,8791.168928146362,9909.185469150543,6025.955900549889,5533.449947834015,2107.187658548355,4278.620630502701,-3501.2147575616837,-4466.550052165985
1,370,7.4,6684.849858283997,5622.278302907944,9525.062441825867,10000.0,-2106.3190698623657,-4286.9071662425995,3499.106541275978,4466.550052165985
1,371,7.42,8790.901005268097,9917.720258235931,6029.309630393982,5528.8515239953995,2106.0511469841003,4295.441955327988,-3495.7528114318848,-4471.1484760046005
1,372,7.44,6684.422045946121,5621.220543980598,9516.42245054245,10000.0,-2106.4789593219757,-4296.499714255333,3487.112820148468,4471.1484760046005
1,373,7.46,8799.871802330017,9925.233125686646,6029.634103178978,5524.8527228832245,2115.449756383896,4304.012581706047,-3486.788347363472,-4475.1472771167755
1,374,7.48,6665.7854616642,5618.345811963081,9512.79103755951,10000.0,-2134.0863406658173,-4306.887313723564,3483.1569343805313,4475.1472771167755
1,375,7.5,8828.190565109253,9931.564927101135,6026.257053017616,5525.0126123428345,2162.405103445053,4313.219115138054,-3486.533984541893,-4474.9873876571655
1,376,7.5200000000000005,6623.135656118393,5608.2963943481445,9512.413442134857,10000.0,-2205.05490899086,-4323.268532752991,3486.156389117241,4474.9873876571655
1,377,7.54,8886.36976480484,9941.329061985016,6022.090464830399,5525.3612622618675,2263.234108686447,4333.032667636871,-3490.3229773044586,-4474.6387377381325
1,378,7.5600000000000005,6550.225019454956,5596.037581562996,9511.53576374054,10000.0,-2336.144745349884,-4345.29148042202,3489.445298910141,4474.6387377381325
1,379,7.58,8976.157903671265,9952.404499053955,6016.912534832954,5524.205416440964,2425.9328842163086,4356.366917490959,-3494.623228907585,-4475.794583559036
1,380,7.6000000000000005,6453.12175154686,5587.93842792511,9506.975710391998,10000.0,-2523.036152124405,-4364.466071128845,3490.063175559044,4475.794583559036
1,381,7.62,9076.499044895172,9957.961738109589,6020.66770195961,5523.9759758114815,2623.3772933483124,4370.023310184479,-3486.3080084323883,-4476.0240241885185
1,382,7.640000000000001,6353.94275188446,5577.079877257347,9495.092630386353,10000.0,-2722.5562930107117,-4380.8818608522415,3474.4249284267426,4476.0240241885185
1,383,7.66,9171.51689529419,9963.671863079071,6035.0751876831055,5526.202917098999,2817.574143409729,4386.591985821724,-3460.017442703247,-4473.797082901001
1,384,7.68,6270.213425159454,5563.087649643421,9472.214579582214,10000.0,-2901.303470134735,-4400.58421343565,3437.139391899109,4473.797082901001
1,385,7.7,9244.938790798187,9969.235062599182,6059.215068817139,5528.571829199791,2974.725365638733,4406.147412955761,-3412.9995107650757,-4471.428170800209
1,386,7.72,6209.200471639633,5548.089817166328,9441.639184951782,10000.0,-3035.738319158554,-4421.145245432854,3382.4241161346436,4471.428170800209
1,387,7.74,9298.971891403198,9976.133704185486,6087.575778365135,5527.2251740098,3089.771419763565,4428.043887019157,-3354.063406586647,-4472.7748259902
1,388,7.76,6170.257776975632,5536.654144525528,9405.657947063446,10000.0,-3128.7141144275665,-4439.479559659958,3318.082168698311,4472.7748259902
1,389,7.78,9334.83511209488,9981.69869184494,6114.509403705597,5521.7597261071205,3164.5773351192474,4445.044547319412,-3291.148543357849,-4478.2402738928795
1,390,7.8,6151.542514562607,5530.834645032883,9369.733333587646,10000.0,-3183.2925975322723,-4450.8640468120575,3255.2239298820496,4478.2402738928795
1,391,7.82,9351.953268051147,9983.519315719604,6136.324405670166,5519.525110721588,3200.4107534885406,4452.684670686722,-3233.4089279174805,-4480.474889278412
1,392,7.84,6148.532181978226,5524.19763058424,9342.572689056396,10000.0,-3203.4210860729218,-4459.3216851353645,3206.2482833862305,4480.474889278412
1,393,7.86,9352.793097496033,9984.005391597748,6149.233505129814,5518.540516495705,3204.260915517807,4459.807761013508,-3193.3391839265823,-4481.459483504295
1,394,7.88,6157.999038696289,5517.610982060432,9327.890872955322,10000.0,-3194.7940587997437,-4466.394409537315,3178.657367825508,4481.459483504295
1,395,7.9,9341.965913772583,9983.045160770416,6154.34505045414,5521.198697388172,3183.966875076294,4465.434178709984,-3173.5458225011826,-4478.801302611828
1,396,7.92,6175.878643989563,5508.856177330017,9323.798418045044,10000.0,-3166.08726978302,-4474.188983440399,3169.4533675909042,4478.801302611828
1,397,7.94,9323.106110095978,9981.49037361145,6152.810826897621,5525.700077414513,3147.227466106415,4472.634196281433,-3170.987591147423,-4474.299922585487
1,398,7.96,6201.072931289673,5503.541752696037,9325.947761535645,10000.0,-3122.033178806305,-4477.948620915413,3173.1369346380234,4474.299922585487
1,399,7.98,9297.333657741547,9977.184236049652,6146.422326564789,5527.094267308712,3096.260726451874,4473.642483353615,-3179.5254349708557,-4472.905732691288
1,400,8.0,6234.926283359528,5511.816181242466,9328.138530254364,10000.0,-3062.407374382019,-4465.368054807186,3181.716203689575,4472.905732691288
1,401,8.02,9265.542030334473,9966.388940811157,6137.017607688904,5519.617646932602,3030.615746974945,4454.572759568691,-3191.12092256546,-4480.382353067398
1,402,8.040000000000001,6278.5604596138,5529.615953564644,9331.527352333069,10000.0,-2986.9815707206726,-4436.772987246513,3194.509744644165,4480.382353067398
1,403,8.06,9225.081205368042,9952.800869941711,6123.664900660515,5510.1098865270615,2946.520745754242,4423.184916377068,-3207.862451672554,-4489.8901134729385
1,404,8.08,6328.053772449493,5547.783002257347,9340.22605419159,10000.0,-2897.0274329185486,-4405.017867684364,3216.5611535310745,4489.8901134729385
1,405,8.1,9180.226027965546,9939.86040353775,6109.255999326706,5503.717325627804,2852.1722555160522,4392.077401280403,-3230.9700548648834,-4496.282674372196
1,406,8.120000000000001,6378.3904910087585,5563.655272126198,9349.2791056633,10000.0,-2801.835536956787,-4376.205131411552,3240.0231063365936,4496.282674372196
1,407,8.14,9131.715595722198,9928.718507289886,6099.954470992088,5497.55621701479,2753.32510471344,4365.063235163689,-3249.3246346712112,-4502.44378298521
1,408,8.16,6430.028975009918,5573.901608586311,9355.942904949188,10000.0,-2701.6866207122803,-4354.816898703575,3255.9884339571,4502.44378298521
1,409,8.18,9076.426029205322,9918.98626089096,6093.1456834077835,5499.0168288350105,2646.397054195404,4345.084652304649,-3262.7972215414047,-4500.9831711649895
1,410,8.2,6488.842666149139,5583.597384393215,9365.82863330841,10000.0,-2587.583363056183,-4335.3888764977455,3272.682949900627,4500.9831711649895
1,411,8.22,9011.041522026062,9905.885457992554,6085.341274738312,5510.2671310305595,2522.1988558769226,4322.2880735993385,-3280.487358570099,-4489.7328689694405
1,412,8.24,6554.042547941208,5596.996508538723,9380.73605298996,10000.0,-2456.998974084854,-4308.888949453831,3295.394778251648,4489.7328689694405
1,413,8.26,8937.842845916748,9892.050325870514,6075.672134757042,5509.7416415810585,2383.80029797554,4295.053817331791,-3305.063918232918,-4490.2583584189415
1,414,8.28,6627.42406129837,5614.238679409027,9396.481215953827,10000.0,-2310.4187846183777,-4277.811646461487,3320.809081196785,4490.2583584189415
1,415,8.3,8890.610933303833,9890.81621170044,6053.025871515274,5496.87035381794,2263.1868720054626,4276.577532291412,-3343.455344438553,-4503.12964618206
1,416,8.32,6655.830591917038,5626.466423273087,9420.942664146423,10000.0,-2234.780341386795,-4264.349788427353,3367.9167926311493,4503.12964618206
1,417,8.34,8869.737088680267,9887.79366016388,6033.233180642128,5497.979037463665,2213.9064967632294,4261.327236890793,-3387.7094835042953,-4502.020962536335
1,418,8.36,6657.836437225342,5625.862777233124,9452.999532222748,10000.0,-2211.9006514549255,-4261.930882930756,3419.76635158062,4502.020962536335
1,419,8.38,8861.371576786041,9890.332818031311,6020.6276923418045,5506.648570299149,2203.5351395606995,4264.470040798187,-3432.3718398809433,-4493.351429700851
1,420,8.4,6651.806980371475,5615.985468029976,9481.7516207695,10000.0,-2209.564596414566,-4274.347350001335,3461.1239284276962,4493.351429700851
1,421,8.42,8855.680525302887,9898.236393928528,6012.164056301117,5514.0892788767815,2203.8735449314117,4282.250925898552,-3469.587564468384,-4485.9107211232185
1,422,8.44,6652.544587850571,5608.367547392845,9499.88454580307,10000.0,-2203.1359374523163,-4289.868846535683,3487.720489501953,4485.9107211232185
1,423,8.46,8844.036757946014,9905.968606472015,6011.291071772575,5516.654253005981,2191.4921700954437,4297.60105907917,-3488.5934740304947,-4483.345746994019
1,424,8.48,6662.628203630447,5604.347959160805,9511.615633964539,10000.0,-2181.408554315567,-4301.620647311211,3500.324562191963,4483.345746994019
1,425,8.5,8829.929530620575,9913.274943828583,6010.464578866959,5515.342056751251,2167.3013269901276,4308.926984667778,-3501.15105509758,-4484.657943248749
1,426,8.52,6681.756675243378,5603.215470910072,9520.260393619537,10000.0,-2148.1728553771973,-4310.05947291851,3509.7958147525787,4484.657943248749
1,427,8.540000000000001,8807.843029499054,9920.05705833435,6008.855327963829,5511.055663228035,2126.0863542556763,4316.841587424278,-3511.4050656557083,-4488.944336771965
1,428,8.56,6705.554127693176,5602.0355224609375,9525.259733200073,10000.0,-2102.2889018058777,-4318.021535873413,3516.404405236244,4488.944336771965
1,429,8.58,8781.421482563019,9928.153455257416,6010.998040437698,5506.983771920204,2075.8673548698425,4326.117932796478,-3514.261692762375,-4493.016228079796
1,430,8.6,6727.280020713806,5599.914491176605,9529.335796833038,10000.0,-2054.1414618492126,-4328.238964080811,3518.33775639534,4493.016228079796
1,431,8.620000000000001,8757.631480693817,9935.82546710968,6012.124195694923,5505.829825997353,2030.351459980011,4335.910975933075,-3517.211601138115,-4494.170174002647
1,432,8.64,6744.00269985199,5595.846697688103,9534.3017578125,10000.0,-2013.6287808418274,-4339.978769421577,3522.1775621175766,4494.170174002647
1,433,8.66,8734.029233455658,9942.905306816101,6013.087034225464,5513.225793838501,1990.0265336036682,4347.058609127998,-3521.214723587036,-4486.774206161499
1,434,8.68,6756.895631551743,5587.700754404068,9538.093209266663,10000.0,-1977.1336019039154,-4355.204552412033,3525.0061750411987,4486.774206161499
1,435,8.700000000000001,8717.826306819916,9949.649274349213,6021.549180150032,5525.0609293580055,1960.9306752681732,4361.948519945145,-3516.5440291166306,-4474.9390706419945
1,436,8.72,6765.231341123581,5573.355294764042,9534.756243228912,10000.0,-1952.5949656963348,-4376.293979585171,3513.2070630788803,4474.9390706419945
1,437,8.74,8704.652488231659,9959.085285663605,6032.209992408752,5531.2430113554,1939.421147108078,4385.729990899563,-3502.54625082016,-4468.7569886446
1,438,8.76,6773.74854683876,5564.140863716602,9527.313709259033,10000.0,-1930.9039413928986,-4394.944421947002,3495.1037168502808,4468.7569886446
1,439,8.78,8697.347640991211,9966.655373573303,6038.3490473032,5531.9904163479805,1923.5990941524506,4402.514509856701,-3488.9646619558334,-4468.0095836520195
1,440,8.8,6775.209009647369,5560.1517111063,9520.446956157684,10000.0,-1922.1386313438416,-4406.503662467003,3482.0979088544846,4468.0095836520195
1,441,8.82,8703.186810016632,9972.331523895264,6037.842035293579,5528.276786208153,1927.9778003692627,4412.179812788963,-3482.604920864105,-4471.723213791847
1,442,8.84,6762.099862098694,5560.568645596504,9516.101777553558,10000.0,-1941.0869479179382,-4411.7628782987595,3478.2597422599792,4471.723213791847
1,443,8.86,8729.581832885742,9976.362884044647,6030.179262161255,5521.674454212189,1967.4819707870483,4415.794238448143,-3485.9225153923035,-4478.325545787811
1,444,8.88,6725.399345159531,5561.473593115807,9515.376091003418,10000.0,-2004.1824877262115,-4414.889290928841,3485.196828842163,4478.325545787811
1,445,8.9,8784.370124340057,9981.268644332886,6018.520966172218,5515.343025326729,2058.9707791805267,4419.795051217079,-3496.8551248311996,-4484.656974673271
1,446,8.92,6660.212874412537,5560.225695371628,9516.856968402863,10000.0,-2124.1572499275208,-4421.042948961258,3498.336002230644,4484.656974673271
1,447,8.94,8866.071701049805,9984.852969646454,6003.300622105598,5514.644421637058,2205.858826637268,4424.627274274826,-3513.556346297264,-4485.355578362942
1,448,8.96,6569.593548774719,5554.284304380417,9518.906474113464,10000.0,-2296.4781522750854,-4430.568665266037,3515.605852007866,4485.355578362942
1,449,8.98,8971.770107746124,9991.254210472107,5996.860936284065,5510.576590895653,2402.176558971405,4436.96990609169,-3522.045537829399,-4489.423409104347
1,450,9.0,6458.209306001663,5545.406341552734,9513.58824968338,10000.0,-2513.560801744461,-4445.847868919373,3516.727313399315,4489.423409104347
1,451,9.02,9085.791409015656,9997.26802110672,6000.049933791161,5512.2459307312965,2627.5821030139923,4451.861679553986,-3513.5383158922195,-4487.7540692687035
1,452,9.040000000000001,6346.93905711174,5529.1686952114105,9499.73315000534,10000.0,-2738.8523519039154,-4468.099325895309,3499.68321621418,4487.7540692687035
1,453,9.06,9186.911284923553,10000.0,6020.811200141907,5522.8341370821,2839.9722278118134,4470.8313047885895,-3478.921949863434,-4477.1658629179
1,454,9.08,6258.48650932312,5508.144721388817,9472.77843952179,10000.0,-2928.4247756004333,-4491.855278611183,3451.967239379883,4477.1658629179
1,455,9.1,9261.508285999298,10000.0,6056.0934990644455,5532.8575521707535,3003.021776676178,4491.855278611183,-3416.684940457344,-4467.1424478292465
1,456,9.120000000000001,6199.750900268555,5495.1149225234985,9432.435929775238,10000.0,-3061.7573857307434,-4504.8850774765015,3376.3424307107925,4467.1424478292465
1,457,9.14,9308.184683322906,10000.0,6094.847992062569,5536.333508789539,3108.433783054352,4504.8850774765015,-3337.5879377126694,-4463.666491210461
1,458,9.16,6178.098618984222,5494.6572333574295,9383.64863395691,10000.0,-3130.086064338684,-4505.3427666425705,3288.8006418943405,4463.666491210461
1,459,9.18,9326.635003089905,10000.0,6125.859618186951,5522.9706689715385,3148.5363841056824,4505.3427666425705,-3257.7890157699585,-4477.0293310284615
1,460,9.200000000000001,6188.072711229324,5503.348261117935,9340.977668762207,10000.0,-3138.5622918605804,-4496.651738882065,3215.1180505752563,4477.0293310284615
1,461,9.22,9320.336282253265,9991.987347602844,6141.809672117233,5510.276444256306,3132.263571023941,4488.639086484909,-3199.1679966449738,-4489.723555743694
1,462,9.24,6214.538216590881,5516.304560005665,9320.939779281616,10000.0,-3105.798065662384,-4475.682787597179,3179.130107164383,4489.723555743694
1,463,9.26,9297.717213630676,9979.606866836548,6140.859425067902,5505.8009177446365,3083.178997039795,4463.302306830883,-3180.0803542137146,-4494.1990822553635
1,464,9.28,6247.97984957695,5524.022057652473,9320.928454399109,10000.0,-3049.737364053726,-4455.584809184074,3180.0690293312073,4494.1990822553635
1,465,9.3,9264.284074306488,9969.34175491333,6130.224242806435,5507.547482848167,3016.304224729538,4445.319697260857,-3190.7042115926743,-4492.452517151833
1,466,9.32,6290.482729673386,5528.688989579678,9329.452812671661,10000.0,-2973.8013446331024,-4440.6527653336525,3199.2285698652267,4492.452517151833
1,467,9.34,9217.931032180786,9959.04564857483,6119.232252240181,5513.055473566055,2927.4483025074005,4430.3566589951515,-3210.2205604314804,-4486.944526433945
1,468,9.36,6344.125270843506,5528.717041015625,9341.637790203094,10000.0,-2873.8057613372803,-4430.328607559204,3222.4055379629135,4486.944526433945
1,469,9.38,9161.332547664642,9952.352344989777,6108.314469456673,5515.540651977062,2817.2072768211365,4423.635303974152,-3233.323320746422,-4484.459348022938
1,470,9.4,6407.306045293808,5529.900006949902,9354.228079319,10000.0,-2754.0265023708344,-4422.452338039875,3245.9136098623276,4484.459348022938
1,471,9.42,9095.57819366455,9946.755468845367,6096.651032567024,5513.006933033466,2688.272148370743,4416.855461895466,-3257.577046751976,-4486.993066966534
1,472,9.44,6482.2059869766235,5537.728518247604,9361.041188240051,9991.340637207031,-2613.3722066879272,-4409.026950597763,3264.390155673027,4478.333704173565
1,473,9.46,9024.32769536972,9942.60162115097,6087.252497673035,5512.02230155468,2542.121708393097,4404.873102903366,-3273.7886905670166,-4479.318335652351
1,474,9.48,6559.288203716278,5544.476397335529,9367.58667230606,9989.896416664124,-2465.0394916534424,-4398.125223815441,3280.334174633026,4477.874115109444
1,475,9.5,8945.834040641785,9932.689666748047,6082.048341631889,5516.121834516525,2386.5458369255066,4388.213269412518,-3285.5383306741714,-4473.774582147598
1,476,9.52,6647.338271141052,5562.42611259222,9373.43031167984,9985.069632530212,-2298.4957695007324,-4370.263554155827,3291.3819700479507,4468.947798013687
1,477,9.540000000000001,8897.384703159332,9930.939376354218,6063.2288455963135,5514.281243085861,2250.04643201828,4368.513263761997,-3310.2014660835266,-4470.788389444351
1,478,9.56,6668.621152639389,5580.4987251758575,9401.041567325592,9985.092580318451,-2228.7635505199432,-4350.44065117836,3337.8127217292786,4470.81133723259
1,479,9.58,8883.639872074127,9919.996559619904,6044.548004865646,5506.575629115105,2215.018719434738,4339.497834444046,-3356.4935624599457,-4478.516951203346
1,480,9.6,6666.535586118698,5591.316185891628,9430.239200592041,9999.891519546509,-2217.104285955429,-4328.680373728275,3385.6911957263947,4493.315890431404
1,481,9.620000000000001,8876.60264968872,9911.322891712189,6034.857779741287,5499.855689704418,2210.0670635700226,4320.0067058205605,-3395.381420850754,-4500.035829842091
1,482,9.64,6657.618582248688,5593.826398253441,9458.63276720047,10000.0,-2218.984067440033,-4317.496493458748,3423.7749874591827,4500.144310295582
1,483,9.66,8874.357640743256,9912.590086460114,6025.090962648392,5515.204221010208,2216.739058494568,4318.763688206673,-3433.5418045520782,-4484.795778989792
1,484,9.68,6646.843403577805,5587.143823504448,9488.255679607391,10000.0,-2227.514237165451,-4325.446262955666,3463.1647169589996,4484.795778989792
1,485,9.700000000000001,8870.2592253685,9917.79625415802,6019.259095191956,5516.957491636276,2223.415821790695,4330.652430653572,-3468.996584415436,-4483.042508363724
1,486,9.72,6648.222953081131,5581.105723977089,9507.548809051514,10000.0,-2222.036272287369,-4336.690530180931,3488.289713859558,4483.042508363724
1,487,9.74,8860.618770122528,9927.54876613617,6013.736054301262,5513.374134898186,2212.395817041397,4346.4430421590805,-3493.8127547502518,-4486.625865101814
1,488,9.76,6661.79895401001,5579.87354695797,9520.42430639267,10000.0,-2198.8198161125183,-4347.6752191782,3506.688252091408,4486.625865101814
1,489,9.78,8838.7930393219,9934.440553188324,6014.172360301018,5510.762743651867,2176.9940853118896,4354.567006230354,-3506.251946091652,-4489.237256348133
1,490,9.8,6686.192452907562,5581.3126266002655,9524.803459644318,10000.0,-2152.600586414337,-4353.1279265880585,3510.6310993433,4489.237256348133
1,491,9.82,8811.880648136139,9941.048324108124,6020.348221063614,5505.822598934174,2125.6881952285767,4359.735697507858,-3504.4552385807037,-4494.177401065826
1,492,9.84,6713.431924581528,5580.10496199131,9526.438117027283,10000.0,-2098.448723554611,-4360.943362116814,3506.089895963669,4494.177401065826
1,493,9.86,8780.890107154846,9949.173331260681,6028.196960687637,5504.030957818031,2067.4581825733185,4369.068369269371,-3498.2411563396454,-4495.969042181969
1,494,9.88,6737.818866968155,5577.605292201042,9528.677761554718,10000.0,-2043.0712401866913,-4371.568039059639,3500.4808008670807,4495.969042181969
1,495,9.9,8752.751648426056,9957.064688205719,6033.519729971886,5504.6238750219345,2014.932781457901,4379.459396004677,-3495.1580315828323,-4495.3761249780655
1,496,9.92,6756.05371594429,5575.515553355217,9530.021250247955,10000.0,-1996.6979324817657,-4381.549134850502,3496.5015202760696,4495.3761249780655
1,497,9.94,8723.278641700745,9962.720572948456,6040.617600083351,5513.517744839191,1967.2249257564545,4387.205019593239,-3489.403650164604,-4486.482255160809
1,498,9.96,6774.493306875229,5568.680725991726,9528.421759605408,10000.0,-1948.7853348255157,-4394.03984695673,3487.8041595220566,4486.482255160809
1,499,9.98,8699.546158313751,9968.326091766357,6056.111752986908,5528.634488582611,1925.0528514385223,4399.6453657746315,-3472.3100066184998,-4471.365511417389
1,500,10.0,6785.974055528641,5553.0912056565285,9522.816836833954,10000.0,-1913.5721027851105,-4415.234886109829,3466.705083847046,4471.365511417389
1,501,10.02,8683.258593082428,9977.108538150787,6070.881187915802,5542.021840810776,1897.2845375537872,4424.017332494259,-3451.935648918152,-4457.978159189224
1,502,10.040000000000001,6792.324483394623,5544.208027422428,9515.920579433441,10000.0,-1890.9341096878052,-4432.900510728359,3445.039391517639,4457.978159189224
1,503,10.06,8678.590655326843,9982.5981259346,6076.6129940748215,5541.382655501366,1886.2661719322205,4438.390098512173,-3439.3075853586197,-4458.617344498634
1,504,10.08,6791.8661236763,5548.434257507324,9508.595168590546,10000.0,-1886.7245316505432,-4434.163868427277,3431.982174515724,4458.617344498634
1,505,10.1,8684.64469909668,9982.39129781723,6071.249470114708,5530.7091772556305,1892.7785754203796,4433.957040309906,-3437.3456984758377,-4469.2908227443695
1,506,10.120000000000001,6783.619970083237,5561.121553182602,9504.895210266113,10000.0,-1901.024729013443,-4421.269744634628,3433.6457401514053,4469.2908227443695
1,507,10.14,8700.212836265564,9977.613389492035,6056.51780962944,5519.661158323288,1916.5928661823273,4416.491836309433,-3448.377400636673,-4480.338841676712
1,508,10.16,6764.932721853256,5572.194755077362,9508.740305900574,10000.0,-1935.2801144123077,-4405.418634414673,3452.2224962711334,4480.338841676712
1,509,10.18,8730.517029762268,9974.363148212433,6035.899370908737,5513.552948832512,1965.5843079090118,4402.168393135071,-3472.8409349918365,-4486.447051167488
1,510,10.200000000000001,6728.790700435638,5576.863065361977,9515.990912914276,10000.0,-2001.7263293266296,-4397.500082850456,3480.091542005539,4486.447051167488
1,511,10.22,8781.929314136505,9973.14989566803,6011.731252074242,5512.688383460045,2053.1386137008667,4396.286830306053,-3504.2596608400345,-4487.311616539955
1,512,10.24,6673.450917005539,5573.777332901955,9517.328441143036,10000.0,-2108.478397130966,-4399.372562766075,3505.5971890687943,4487.311616539955
1,513,10.26,8852.794170379639,9976.646900177002,6003.36417555809,5507.82535225153,2179.3432533740997,4402.869567275047,-3513.9642655849457,-4492.17464774847
1,514,10.28,6596.012711524963,5563.220679759979,9509.433805942535,10000.0,-2256.7814588546753,-4413.426220417023,3506.069630384445,4492.17464774847
1,515,10.3,8946.931958198547,9984.40533876419,6002.368852496147,5509.964898228645,2350.919246673584,4421.184659004211,-3507.0649534463882,-4490.035101771355
1,516,10.32,6496.893018484116,5544.659271836281,9500.172734260559,10000.0,-2450.0389397144318,-4439.74606692791,3497.803881764412,4490.035101771355
1,517,10.34,9053.15637588501,9992.596209049225,6013.195887207985,5520.390495657921,2556.263357400894,4447.936937212944,-3486.976847052574,-4479.609504342079
1,518,10.36,6391.509920358658,5518.029406666756,9482.088685035706,10000.0,-2661.646455526352,-4474.566802382469,3468.8927978277206,4479.609504342079
1,519,10.38,9149.020314216614,9999.966323375702,6040.63019156456,5535.894520580769,2757.510393857956,4481.936916708946,-3441.4584934711456,-4464.105479419231
1,520,10.4,6311.5982711315155,5490.812212228775,9446.665346622467,10000.0,-2837.4220430850983,-4509.154111146927,3406.035155057907,4464.105479419231
1,521,10.42,9215.66903591156,10000.0,6082.783415913582,5545.073710381985,2904.0707647800446,4509.187787771225,-3363.881930708885,-4454.926289618015
1,522,10.44,6269.949972629547,5489.191934466362,9395.699799060822,10000.0,-2945.719063282013,-4510.808065533638,3312.9163831472397,4454.926289618015
1,523,10.46,9250.426590442657,9999.711513519287,6124.413013458252,5533.2038551568985,2980.4766178131104,4510.519579052925,-3271.2867856025696,-4466.7961448431015
1,524,10.48,6271.371990442276,5498.351156711578,9338.609278202057,10000.0,-2979.0546000003815,-4501.360356807709,3214.196264743805,4466.7961448431015
1,525,10.5,9247.941374778748,9986.68909072876,6152.77498960495,5517.188012599945,2976.5693843364716,4488.337934017181,-3185.834288597107,-4482.811987400055
1,526,10.52,6305.6182861328125,5520.297102630138,9304.86649274826,10000.0,-2942.323088645935,-4466.391988098621,3152.0915031433105,4482.811987400055
1,527,10.540000000000001,9214.436709880829,9969.44010257721,6158.1021547317505,5506.198555231094,2908.8184237480164,4449.142999947071,-3146.76433801651,-4493.801444768906
1,528,10.56,6362.835168838501,5534.9960923194885,9297.170042991638,10000.0,-2851.601541042328,-4434.444010257721,3139.0678882598877,4493.801444768906
1,529,10.58,9153.45847606659,9954.805076122284,6149.349361658096,5507.977530360222,2790.6233072280884,4419.808983802795,-3147.820681333542,-4492.022469639778
1,530,10.6,6439.497768878937,5544.713698327541,9304.239153862,9995.476007461548,-2713.9607071876526,-4410.091377794743,3154.889792203903,4487.498477101326
1,531,10.620000000000001,9067.735970020294,9940.098822116852,6135.314553976059,5516.854152083397,2628.2382011413574,4395.3851237893105,-3168.9245998859406,-4478.621855378151
1,532,10.64,6534.282267093658,5545.811243355274,9323.37373495102,9982.68187046051,-2533.4537029266357,-4394.287578761578,3188.0591809749603,4465.827718377113
1,533,10.66,8975.000083446503,9934.231340885162,6109.913811087608,5536.056831479073,2440.7178163528442,4388.420097529888,-3213.459923863411,-4446.625038981438
1,534,10.68,6626.722663640976,5539.657324552536,9351.157248020172,9964.844584465027,-2348.2774198055267,-4394.574016332626,3241.243436932564,4428.787752985954
1,535,10.700000000000001,8922.73485660553,9945.592880249023,6075.935438275337,5549.001321196556,2296.012192964554,4405.935555696487,-3275.221809744835,-4415.843263268471
1,536,10.72,6659.870594739914,5537.8396064043045,9379.220008850098,9948.928952217102,-2262.864261865616,-4407.753273844719,3303.2845705747604,4399.927631020546
1,537,10.74,8905.288875102997,9944.599568843842,6057.626008987427,5568.15180927515,2245.418280363083,4406.759962439537,-3321.593999862671,-4380.777142941952
1,538,10.76,6671.795099973679,5547.967180609703,9399.371445178986,9930.908977985382,-2233.4937751293182,-4396.6323882341385,3341.745436191559,4362.757168710232
1,539,10.78,8904.360830783844,9935.725629329681,6042.620241641998,5590.209290385246,2232.5657308101654,4387.758448719978,-3356.7512035369873,-4340.699687600136
1,540,10.8,6664.945185184479,5566.414557397366,9424.760341644287,9916.067123413086,-2239.4156455993652,-4369.311071932316,3382.140100002289,4325.85783302784
1,541,10.82,8913.253545761108,9921.551048755646,6024.222299456596,5602.703541517258,2248.3083605766296,4355.13649135828,-3400.5380421876907,-4313.363581895828
1,542,10.84,6647.809594869614,5581.6565826535225,9458.114802837372,9911.55743598938,-2265.4439508914948,-4339.894466102123,3433.8925033807755,4308.853894472122
1,543,10.86,8922.119736671448,9911.092817783356,6008.048728108406,5607.981905341148,2274.310141801834,4329.436235129833,-3450.0660747289658,-4303.5755306482315
1,544,10.88,6621.238738298416,5589.383281767368,9498.477578163147,9916.786253452301,-2300.8809983730316,-4321.709536015987,3490.428850054741,4308.804348111153
1,545,10.9,8931.590020656586,9906.277358531952,5998.218730092049,5602.6507914066315,2310.3512823581696,4316.894076764584,-3500.2588480710983,-4314.13546204567
1,546,10.92,6606.102287769318,5600.913837552071,9522.409439086914,9930.626451969147,-2325.487732887268,-4305.363520979881,3524.1907089948654,4327.975660562515
1,547,10.94,8930.270075798035,9902.652204036713,5997.550040483475,5579.7383189201355,2324.167788028717,4301.738366484642,-3524.8593986034393,-4350.888133049011
1,548,10.96,6606.26620054245,5606.914460659027,9534.352421760559,9957.793653011322,-2324.0038752555847,-4295.737743377686,3536.8023812770844,4378.0553340911865
1,549,10.98,8916.652500629425,9905.770421028137,6007.482931017876,5543.072074651718,2310.386300086975,4298.85596036911,-3526.8694907426834,-4414.721578359604
1,550,11.0,6626.512557268143,5608.751140534878,9535.474181175232,9995.269179344177,-2290.1399433612823,-4297.019280493259,3527.9912501573563,4452.197104692459
1,551,11.02,8883.270025253296,9912.554323673248,6025.834828615189,5495.068579912186,2256.757467985153,4303.8031831383705,-3509.6393525600433,-4500.200599431992
1,552,11.040000000000001,6669.093370437622,5615.945681929588,9520.74646949768,10000.0,-2214.176654815674,-4296.60864174366,3494.911640882492,4504.931420087814
1,553,11.06,8842.657506465912,9923.741221427917,6034.047529101372,5490.737333893776,2173.56413602829,4307.795539498329,-3486.698940396309,-4509.262666106224
1,554,11.08,6704.139560461044,5615.920498967171,9522.320926189423,10000.0,-2138.5179460048676,-4307.820722460747,3488.273397088051,4509.262666106224
1,555,11.1,8803.380131721497,9931.416511535645,6046.66106402874,5495.705083012581,2099.2405712604523,4315.496012568474,-3475.6598621606827,-4504.294916987419
1,556,11.120000000000001,6725.626140832901,5606.611371040344,9527.336061000824,10000.0,-2077.7539908885956,-4324.8051404953,3480.674996972084,4504.294916987419
1,557,11.14,8771.263659000397,9941.468238830566,6060.432642698288,5505.6386440992355,2045.6375181674957,4334.856867790222,-3466.903418302536,-4494.3613559007645
1,558,11.16,6742.691099643707,5593.075901269913,9524.15019273758,10000.0,-2028.5725593566895,-4348.392337560654,3463.7175500392914,4494.3613559007645
1,559,11.18,8739.606738090515,9952.77225971222,6078.149452805519,5524.59217607975,1996.9156384468079,4359.6963584423065,-3446.0007399320602,-4475.40782392025
1,560,11.200000000000001,6759.53209400177,5575.361326336861,9520.402252674103,10000.0,-1980.0746440887451,-4377.410933375359,3442.2527998685837,4475.40782392025
1,561,11.22,8714.01458978653,9963.210821151733,6100.207045674324,5543.080493807793,1954.4824957847595,4387.849494814873,-3420.1952069997787,-4456.919506192207
1,562,11.24,6772.933155298233,5562.300346791744,9511.447250843048,10000.0,-1941.0814344882965,-4400.910474359989,3411.240205168724,4456.919506192207
1,563,11.26,8696.80792093277,9971.220195293427,6115.282773971558,5545.126795768738,1923.8747656345367,4408.919848501682,-3396.1644768714905,-4454.873204231262
1,564,11.28,6785.762310028076,5565.767921507359,9497.621953487396,10000.0,-1911.0456109046936,-4405.452273786068,3382.3391795158386,4454.873204231262
1,565,11.3,8690.53602218628,9973.532557487488,6117.421165108681,5536.552369594574,1904.7737121582031,4407.764635980129,-3380.2007883787155,-4463.447630405426
1,566,11.32,6786.893457174301,5582.020282745361,9491.223394870758,10000.0,-1903.6425650119781,-4391.5122747421265,3373.8022297620773,4463.447630405426
1,567,11.34,8698.481321334839,9967.32622385025,6104.021221399307,5525.792315602303,1911.5878641605377,4385.305941104889,-3387.202173471451,-4474.207684397697
1,568,11.36,6771.058589220047,5595.7115441560745,9498.057961463928,10000.0,-1927.4227321147919,-4371.614679694176,3394.036740064621,4474.207684397697
1,569,11.38,8719.825446605682,9960.07114648819,6079.424619674683,5523.075088858604,1948.7668573856354,4364.359602332115,-3418.6333417892456,-4476.924911141396
1,570,11.4,6740.61581492424,5596.515536308289,9511.131048202515,10000.0,-1979.2096316814423,-4363.555610179901,3431.706428527832,4476.924911141396
1,571,11.42,8753.218650817871,9956.77500963211,6060.131937265396,5527.026690542698,2012.602835893631,4360.259473323822,-3450.9991109371185,-4472.973309457302
1,572,11.44,6704.547554254532,5592.494793236256,9517.364203929901,10000.0,-2048.6710965633392,-4364.280216395855,3457.232266664505,4472.973309457302
1,573,11.46,8803.560137748718,9958.09018611908,6040.033400058746,5524.239577353001,2099.0125834941864,4365.595392882824,-3477.330803871155,-4475.760422646999
1,574,11.48,6655.602753162384,5588.71541172266,9509.289264678955,10000.0,-2147.9573845863342,-4369.3747743964195,3469.2558646202087,4475.760422646999
1,575,11.5,8870.457112789154,9961.158335208893,6031.590402126312,5514.56406712532,2214.85435962677,4372.442923486233,-3477.698862552643,-4485.43593287468
1,576,11.52,6587.44141459465,5583.96153151989,9495.94110250473,10000.0,-2283.015698194504,-4377.196803689003,3464.350700378418,4485.43593287468
1,577,11.540000000000001,8956.594467163086,9963.497519493103,6027.98268198967,5514.3847316503525,2369.1530525684357,4379.535987973213,-3467.9584205150604,-4485.6152683496475
1,578,11.56,6505.451947450638,5575.098991394043,9484.443962574005,10000.0,-2451.142519712448,-4388.39852809906,3456.4612805843353,4485.6152683496475
1,579,11.58,9044.23862695694,9964.855909347534,6033.112704753876,5522.645823657513,2538.786679506302,4389.756917953491,-3451.3312578201294,-4477.354176342487
1,580,11.6,6424.672156572342,5554.392337799072,9464.27196264267,10000.0,-2619.566470384598,-4410.463571548462,3431.159257888794,4477.354176342487
1,581,11.620000000000001,9119.066596031189,9969.263970851898,6058.451235294342,5534.819588065147,2694.394439458847,4414.871633052826,-3405.8207273483276,-4465.180411934853
1,582,11.64,6369.18842792511,5534.559562802315,9424.998760223389,10000.0,-2749.878168106079,-4434.704408049583,3366.5475249290466,4465.180411934853
1,583,11.66,9165.94535112381,9970.11661529541,6098.484024405479,5540.0944501161575,2796.7569231987,4435.557052493095,-3326.5147358179092,-4459.9055498838425
1,584,11.68,6350.09765625,5527.178458869457,9375.845789909363,10000.0,-2815.84769487381,-4442.938156425953,3277.3617655038834,4459.9055498838425
1,585,11.700000000000001,9174.804985523224,9964.258968830109,6133.361756801605,5536.427944898605,2824.707329273224,4437.080509960651,-3242.4840331077576,-4463.572055101395
1,586,11.72,6377.511918544769,5536.639392375946,9330.925345420837,9998.54952096939,-2797.2930669784546,-4427.619576454163,3197.563588619232,4462.1215760707855
1,587,11.74,9140.562117099762,9950.660169124603,6154.143139719963,5527.157709002495,2763.0501985549927,4414.020776748657,-3176.7822057008743,-4471.391811966896
1,588,11.76,6450.796276330948,5551.475808024406,9299.979507923126,9981.962144374847,-2689.765840768814,-4399.184361100197,3145.836368203163,4454.804435372353
1,589,11.78,9065.096974372864,9937.218129634857,6154.683828353882,5538.385286927223,2614.300698041916,4385.742321610451,-3145.2956795692444,-4443.576857447624
1,590,11.8,6551.947444677353,5559.273436665535,9301.031529903412,9964.90627527237,-2513.149529695511,-4377.944692969322,3146.34770154953,4426.520988345146
1,591,11.82,8982.157707214355,9931.265115737915,6132.893040776253,5555.143803358078,2430.2102625370026,4371.99167907238,-3168.138489127159,-4409.762471914291
1,592,11.84,6630.164682865143,5565.8236891031265,9325.298368930817,9943.10438632965,-2351.9930243492126,-4365.4414266347885,3192.405328154564,4387.960582971573
1,593,11.86,8938.504755496979,9930.87649345398,6093.969419598579,5576.248057186604,2308.340072631836,4365.052804350853,-3231.3289493322372,-4366.856329143047
1,594,11.88,6653.116196393967,5564.868599176407,9364.547431468964,9923.06649684906,-2285.388559103012,-4366.007894277573,3270.578011870384,4346.8184396624565
1,595,11.9,8927.21951007843,9927.328824996948,6060.437709093094,5600.378140807152,2274.1033136844635,4362.460225820541,-3304.1097223758698,-4322.688356041908
1,596,11.92,6661.804020404816,5558.0053478479385,9400.352239608765,9905.42471408844,-2265.4154896736145,-4369.32347714901,3339.914530515671,4305.046573281288
1,597,11.94,8921.60564661026,9924.89755153656,6037.508398294449,5636.75120472908,2259.8016262054443,4366.8922036886215,-3362.843841314316,-4268.67350935936
1,598,11.96,6673.209369182587,5567.209646105766,9422.215521335602,9867.387115955353,-2248.3962774276733,-4357.687905430794,3384.707123041153,4230.635911226273
1,599,11.98,8918.17569732666,9916.974306106567,6015.148162841797,5674.118846654892,2244.9663281440735,4349.764660000801,-3407.067358493805,-4193.268269300461
1,600,12.0,6675.489544868469,5582.340247929096,9450.837969779968,9839.654266834259,-2242.686152458191,-4334.634058177471,3435.6898069381714,4165.535420179367
1,601,12.02,8924.886286258698,9904.371201992035,5994.988903403282,5701.200291514397,2249.3967413902283,4322.030954062939,-3455.849066376686,-4138.453975319862
1,602,12.040000000000001,6663.767099380493,5604.4552475214,9480.188190937042,9820.85645198822,-2261.1191868782043,-4299.9159544706345,3485.19928753376,4119.656160473824
1,603,12.06,8932.560384273529,9887.5692486763,5979.049205780029,5717.978402972221,2268.793284893036,4283.1140011549,-3501.138985157013,-4102.878049015999
1,604,12.08,6637.180000543594,5618.056245148182,9517.858028411865,9816.412031650543,-2295.3803837299347,-4269.513003528118,3538.808822631836,4098.433628678322
1,605,12.1,8945.52856683731,9878.877103328705,5973.8826006650925,5715.419426560402,2308.3485662937164,4260.820858180523,-3543.9754277467728,-4100.992605090141
1,606,12.120000000000001,6604.785472154617,5627.680495381355,9548.768103122711,9831.095933914185,-2340.7430946826935,-4251.19660794735,3574.8855024576187,4115.676507353783
1,607,12.14,8951.938152313232,9874.111115932465,5980.449691414833,5696.004629135132,2347.152680158615,4246.430620551109,-3568.318411707878,-4135.091304779053
1,608,12.16,6592.372804880142,5632.096379995346,9559.40455198288,9857.644438743591,-2359.56534743309,-4242.0147359371185,3578.9548605680466,4161.6398096084595
1,609,12.18,8947.687447071075,9878.311157226562,5996.264666318893,5655.4146111011505,2355.3146421909332,4246.214777231216,-3563.139885663986,-4202.229827642441
1,610,12.200000000000001,6591.327339410782,5633.6406618356705,9558.866024017334,9900.642037391663,-2356.3601076602936,-4244.670495390892,3562.6013576984406,4245.227426290512
1,611,12.22,8935.235142707825,9884.67127084732,6023.183688521385,5596.1572378873825,2343.907803297043,4251.03060901165,-3535.682335495949,-4304.48479950428
1,612,12.24,6615.489423274994,5636.523962020874,9546.568989753723,9954.021573066711,-2319.745719432831,-4248.1473088264465,3523.385301232338,4357.864335179329
1,613,12.26,8902.405500411987,9894.503951072693,6048.227697610855,5523.878373205662,2286.9160771369934,4257.979989051819,-3498.341292142868,-4430.14319986105
1,614,12.280000000000001,6661.369204521179,5649.593248963356,9520.589709281921,10000.0,-2241.036295890808,-4244.910702109337,3472.3620116710663,4476.121626794338
1,615,12.3,8857.10746049881,9899.527728557587,6075.578555464745,5469.218008220196,2195.7382559776306,4249.934479594231,-3445.011153817177,-4530.781991779804
1,616,12.32,6712.305694818497,5677.901357412338,9495.700001716614,10000.0,-2144.801765680313,-4221.626371145248,3420.121446251869,4530.781991779804
1,617,12.34,8816.345036029816,9901.492595672607,6075.176224112511,5466.384403407574,2104.039341211319,4223.591238260269,-3420.523777604103,-4533.615596592426
1,618,12.36,6725.346893072128,5683.304518461227,9508.285820484161,10000.0,-2090.9981429576874,-4218.18807721138,3433.1095963716507,4533.615596592426
1,619,12.38,8790.850937366486,9900.785982608795,6071.7762261629105,5489.61415886879,2065.5040442943573,4217.481464147568,-3436.509594321251,-4510.38584113121
1,620,12.4,6723.501980304718,5655.128508806229,9526.763558387756,10000.0,-2067.3489570617676,-4245.6574738025665,3454.987332224846,4510.38584113121
1,621,12.42,8764.907121658325,9914.72452878952,6098.255440592766,5545.713976025581,2041.4051413536072,4259.596019983292,-3428.5081177949905,-4454.286023974419
1,622,12.44,6719.16276216507,5589.692108333111,9532.43762254715,10000.0,-2045.7443594932556,-4325.032420456409,3434.182181954384,4454.286023974419
1,623,12.46,8746.5301156044,9944.637715816498,6144.009381532669,5583.398267626762,2027.367353439331,4354.945607483387,-3388.4282410144806,-4416.601732373238
1,624,12.48,6729.812175035477,5557.81364440918,9504.17935848236,10000.0,-2016.717940568924,-4386.824071407318,3360.1699769496918,4416.601732373238
1,625,12.5,8735.170066356659,9961.49629354477,6174.1530150175095,5565.476603806019,2005.3578913211823,4403.68264913559,-3330.0263434648514,-4434.523396193981
1,626,12.52,6751.286536455154,5587.573051452637,9465.546607971191,10000.0,-1983.8835299015045,-4373.923242092133,3291.393592953682,4434.523396193981
1,627,12.540000000000001,8733.320236206055,9954.424798488617,6169.4201827049255,5522.51510322094,1982.0336997509003,4366.85174703598,-3296.126425266266,-4477.48489677906
1,628,12.56,6758.165210485458,5642.266422510147,9455.56104183197,10000.0,-1975.1550257205963,-4312.15837597847,3286.1408591270447,4477.48489677906
1,629,12.58,8744.721412658691,9934.317171573639,6122.637763619423,5495.855547487736,1986.556202173233,4292.050749063492,-3332.9232782125473,-4504.144452512264
1,630,12.6,6736.461818218231,5666.946470737457,9482.57565498352,10000.0,-2008.2595944404602,-4267.370700836182,3359.9378913640976,4504.144452512264
1,631,12.620000000000001,8772.207498550415,9920.182228088379,6076.3707756996155,5508.060157299042,2035.7456803321838,4253.235757350922,-3406.204879283905,-4491.939842700958
1,632,12.64,6691.367477178574,5647.573173046112,9517.702758312225,10000.0,-2080.8400213718414,-4272.609055042267,3441.33198261261,4491.939842700958
1,633,12.66,8812.83551454544,9920.684397220612,6053.0124604702,5537.887141108513,2121.468037366867,4273.1112241744995,-3464.6902978420258,-4462.112858891487
1,634,12.68,6644.450128078461,5614.738911390305,9523.177742958069,10000.0,-2168.38538646698,-4305.945485830307,3470.1652824878693,4462.112858891487
1,635,12.700000000000001,8869.081735610962,9932.86907672882,6052.9134422540665,5542.639940977097,2224.631607532501,4318.130165338516,-3470.2643007040024,-4457.360059022903
1,636,12.72,6588.602215051651,5594.06716376543,9500.867128372192,10000.0,-2280.479520559311,-4338.80191296339,3447.953686118126,4457.360059022903
1,637,12.74,8949.097096920013,9943.569004535675,6057.466343045235,5533.377975225449,2360.4948818683624,4349.501840770245,-3443.4007853269577,-4466.622024774551
1,638,12.76,6518.673300743103,5593.553259968758,9474.056661128998,10000.0,-2430.4237961769104,-4350.015744566917,3416.590318083763,4466.622024774551
1,639,12.780000000000001,9031.408429145813,9942.33250617981,6062.293276190758,5525.804683566093,2512.73512840271,4348.779246211052,-3411.76338493824,-4474.195316433907
1,640,12.8,6453.634947538376,5595.078282058239,9447.012841701508,10000.0,-2577.773481607437,-4347.254224121571,3384.71956551075,4474.195316433907
1,641,12.82,9095.885157585144,9937.544465065002,6075.655221939087,5524.815544486046,2642.250210046768,4342.4661830067635,-3371.3576197624207,-4475.184455513954
1,642,12.84,6411.115974187851,5593.339093029499,9409.550428390503,10000.0,-2684.769183397293,-4344.205372035503,3333.895206451416,4475.184455513954
1,643,12.86,9131.974875926971,9931.568801403046,6105.71376979351,5526.193417608738,2720.8589017391205,4338.229708373547,-3303.8366585969925,-4473.806582391262
1,644,12.88,6401.827782392502,5588.581264019012,9368.84343624115,10000.0,-2730.1470935344696,-4342.987537384033,3263.1296664476395,4473.806582391262
1,645,12.9,9136.620461940765,9926.050305366516,6132.044643163681,5527.198985219002,2734.7926795482635,4337.469041347504,-3236.798793077469,-4472.801014780998
1,646,12.92,6424.246728420258,5579.777210950851,9335.483014583588,10000.0,-2712.373733520508,-4346.273094415665,3203.4383714199066,4472.801014780998
1,647,12.94,9098.781049251556,9920.582175254822,6152.347102761269,5536.57241165638,2674.534320831299,4340.80496430397,-3183.135911822319,-4463.42758834362
1,648,12.96,6493.034511804581,5571.786090731621,9312.058091163635,9988.062381744385,-2605.7465374469757,-4348.796084523201,3159.7109884023666,4451.489970088005
1,649,12.98,9023.573696613312,9916.950762271881,6159.856766462326,5551.22934281826,2530.539184808731,4345.16467154026,-3152.201324701309,-4436.833038926125
1,650,13.0,6593.784391880035,5568.693578243256,9303.541481494904,9961.126148700714,-2429.7893047332764,-4348.2571840286255,3143.6847150325775,4409.896805882454
1,651,13.02,8969.987332820892,9926.852285861969,6139.926165342331,5570.481047034264,2376.202940940857,4358.158707618713,-3163.6153161525726,-4390.6451016664505
1,652,13.040000000000001,6629.597544670105,5572.893805801868,9324.518144130707,9935.613870620728,-2340.3897881507874,-4353.958480060101,3184.591978788376,4365.132823586464
1,653,13.06,8950.913846492767,9921.548068523407,6110.242679715157,5597.513169050217,2321.3163018226624,4348.6542627215385,-3214.2754644155502,-4338.100701570511
1,654,13.08,6642.754822969437,5574.563778936863,9355.763792991638,9910.652041435242,-2308.1590235233307,-4346.984289586544,3245.5211132764816,4313.138872385025
1,655,13.1,8945.617079734802,9916.788935661316,6079.802140593529,5626.185759902,2302.8622567653656,4342.225156724453,-3275.9616523981094,-4284.466281533241
1,656,13.120000000000001,6647.697538137436,5570.6267058849335,9390.038847923279,9887.216985225677,-2297.9195415973663,-4346.162229776382,3310.23670732975,4261.031225323677
1,657,13.14,8943.426609039307,9914.86519575119,6053.15163731575,5659.178718924522,2295.7290709018707,4344.238489866257,-3336.8872106075287,-4228.038266301155
1,658,13.16,6659.759879112244,5578.028634190559,9416.044056415558,9854.995906352997,-2283.666729927063,-4336.836561560631,3362.8924190998077,4195.817187428474
1,659,13.18,8936.542570590973,9906.060695648193,6025.751680135727,5694.447010755539,2276.7826914787292,4328.032061457634,-3390.292376279831,-4160.548895597458
1,660,13.200000000000001,6670.070439577103,5598.74065220356,9444.122910499573,9824.729561805725,-2266.4721310138702,-4307.3200434446335,3418.371230363846,4130.282551050186
1,661,13.22,8938.417136669159,9892.265498638153,6002.7071833610535,5717.551410198212,2268.3466970920563,4293.524846434593,-3441.4157271385193,-4107.178151607513
1,662,13.24,6662.404388189316,5620.1207637786865,9474.225342273712,9811.948835849762,-2276.012748479843,-4272.144734859467,3471.5181589126587,4094.3974256515503
1,663,13.26,8943.445980548859,9874.303340911865,5988.515913486481,5733.112543821335,2281.041592359543,4254.182577133179,-3485.7094287872314,-4078.836292028427
1,664,13.280000000000001,6637.1795535087585,5633.774474263191,9509.33814048767,9807.412028312683,-2306.2664270401,-4240.528866648674,3520.82222700119,4074.2994844913483
1,665,13.3,8955.05666732788,9864.490628242493,5984.449237585068,5733.685716986656,2317.8771138191223,4230.716153979301,-3524.888902902603,-4073.726311326027
1,666,13.32,6604.582667350769,5639.9087607860565,9539.40600156784,9818.320572376251,-2350.473999977112,-4224.581867456436,3554.956763982773,4084.634855389595
1,667,13.34,8962.672650814056,9862.17349767685,5994.330048561096,5715.810805559158,2358.0899834632874,4222.264736890793,-3545.0759530067444,-4102.509766817093
1,668,13.36,6587.684899568558,5642.200708389282,9546.34428024292,9844.04593706131,-2374.9877512454987,-4219.972789287567,3552.0142316818237,4128.2351315021515
1,669,13.38,8961.681723594666,9865.978956222534,6015.0109231472015,5675.521939992905,2373.996824026108,4223.778247833252,-3531.3333570957184,-4168.523997068405
1,670,13.4,6581.055819988251,5644.546747207642,9543.078541755676,9886.335134506226,-2380.625903606415,-4221.432209014893,3528.0676186084747,4210.813194513321
1,671,13.42,8954.685926437378,9871.553480625153,6041.010096669197,5614.223927259445,2373.630106449127,4227.006733417511,-3502.068445086479,-4272.11120724678
1,672,13.44,6595.125496387482,5650.18855035305,9531.421065330505,9942.146837711334,-2359.5604300498962,-4221.364930272102,3490.4109686613083,4327.922910451889
1,673,13.46,8932.197988033295,9878.688156604767,6066.851913928986,5539.411157369614,2337.072491645813,4228.499606251717,-3464.56915140152,-4402.735680341721
1,674,13.48,6634.369790554047,5662.864446640015,9506.674706935883,10000.0,-2297.828197479248,-4215.823709964752,3439.822793006897,4460.588842630386
1,675,13.5,8891.186118125916,9883.944690227509,6097.1445590257645,5465.872958302498,2256.816327571869,4221.080243587494,-3409.530147910118,-4534.127041697502
1,676,13.52,6686.102449893951,5698.679536581039,9470.566511154175,10000.0,-2205.083668231964,-4185.265153646469,3373.4219521284103,4534.127041697502
1,677,13.540000000000001,8854.102492332458,9884.02783870697,6096.776872873306,5459.75349843502,2168.000042438507,4185.348302125931,-3373.7896382808685,-4540.24650156498
1,678,13.56,6696.071028709412,5707.071274518967,9484.109580516815,10000.0,-2158.031463623047,-4176.9565641880035,3387.332707643509,4540.24650156498
1,679,13.58,8834.236860275269,9881.711304187775,6091.380566358566,5484.569072723389,2138.165831565857,4174.640029668808,-3392.729014158249,-4515.430927276611
1,680,13.6,6682.990342378616,5671.148970723152,9507.448971271515,10000.0,-2151.246517896652,-4210.5623334646225,3416.0684049129486,4515.430927276611
1,681,13.620000000000001,8812.354505062103,9897.42487668991,6122.146770358086,5549.81030523777,2129.364162683487,4226.275905966759,-3385.3022009134293,-4450.18969476223
1,682,13.64,6676.109582185745,5595.48482298851,9511.930644512177,10000.0,-2136.244922876358,-4301.940053701401,3389.783874154091,4450.18969476223
1,683,13.66,8790.489435195923,9931.921362876892,6173.782870173454,5591.374561190605,2114.3798530101776,4336.436539888382,-3338.1477743387222,-4408.625438809395
1,684,13.68,6693.525016307831,5560.737252235413,9480.332434177399,10000.0,-2096.964418888092,-4371.1841106414795,3306.5495640039444,4408.625438809395
1,685,13.700000000000001,8774.462938308716,9950.519800186157,6204.649433493614,5568.019673228264,2080.937922000885,4389.782547950745,-3275.6830006837845,-4431.980326771736
1,686,13.72,6722.831726074219,5598.4896421432495,9435.463547706604,10000.0,-2051.631212234497,-4352.030158042908,3230.81411421299,4431.980326771736
1,687,13.74,8768.221139907837,9942.587912082672,6200.397610664368,5514.4695565104485,2045.3894138336182,4344.098269939423,-3235.0659370422363,-4485.5304434895515
1,688,13.76,6734.729558229446,5662.573054432869,9422.745406627655,10000.0,-2033.4915816783905,-4280.014857649803,3222.3477959632874,4485.5304434895515
1,689,13.780000000000001,8776.650428771973,9919.028580188751,6149.31657910347,5486.162342131138,2041.9208705425262,4256.455525755882,-3273.428827524185,-4513.837657868862
1,690,13.8,6714.5127058029175,5689.102113246918,9456.592202186584,10000.0,-2062.137722969055,-4229.9264669418335,3307.2756230831146,4513.837657868862
1,691,13.82,8798.089027404785,9903.836250305176,6096.100211143494,5503.7035048007965,2083.5763216018677,4214.734137058258,-3360.491991043091,-4496.2964951992035
1,692,13.84,6671.288758516312,5658.930614590645,9499.803185462952,10000.0,-2126.8002688884735,-4244.905635714531,3403.702974319458,4496.2964951992035
1,693,13.86,8838.407099246979,9911.017715930939,6072.622835636139,5542.884208261967,2167.118340730667,4252.087101340294,-3427.1803498268127,-4457.115791738033
1,694,13.88,6612.882316112518,5612.396262586117,9515.727460384369,10000.0,-2225.5247831344604,-4298.621453344822,3443.10462474823,4457.115791738033
1,695,13.9,8910.267651081085,9930.092990398407,6069.846004247665,5553.044825792313,2297.385334968567,4317.69672781229,-3445.8814561367035,-4446.955174207687
1,696,13.92,6537.990719079971,5592.707768082619,9496.381878852844,10000.0,-2372.276932001114,-4337.385222315788,3426.535874605179,4446.955174207687
1,697,13.94,9008.181691169739,9940.878450870514,6074.671819806099,5530.487708747387,2470.1909720897675,4348.170682787895,-3421.7100590467453,-4469.512291252613
1,698,13.96,6454.794406890869,5605.815872550011,9464.6155834198,10000.0,-2553.3872842788696,-4335.062578320503,3389.943763613701,4469.512291252613
1,699,13.98,9103.34825515747,9934.78387594223,6077.301800251007,5517.253875732422,2648.5538482666016,4328.9680033922195,-3387.3137831687927,-4482.746124267578
1,700,14.0,6377.997696399689,5615.895688533783,9436.096251010895,10000.0,-2725.350558757782,-4318.888187408447,3358.7944507598877,4482.746124267578
1,701,14.02,9179.969131946564,9926.402568817139,6089.1470313072205,5514.560639858246,2801.971435546875,4310.506880283356,-3346.9492197036743,-4485.439360141754
1,702,14.040000000000001,6322.545409202576,5613.511316478252,9402.344226837158,10000.0,-2857.423722743988,-4312.891252338886,3313.1971955299377,4485.439360141754
1,703,14.06,9226.464033126831,9921.092092990875,6116.547882556915,5521.377995610237,2903.9186239242554,4307.580776512623,-3285.796344280243,-4478.622004389763
1,704,14.08,6297.51980304718,5600.584000349045,9364.059269428253,10000.0,-2928.944230079651,-4320.50809264183,3247.511386871338,4478.622004389763
1,705,14.1,9241.489171981812,9921.00864648819,6147.523149847984,5529.507286846638,2943.9693689346313,4320.424646139145,-3216.536119580269,-4470.492713153362
1,706,14.120000000000001,6303.254067897797,5581.36910200119,9329.427778720856,10000.0,-2938.235104084015,-4339.6395444869995,3181.9046288728714,4470.492713153362
1,707,14.14,9224.928617477417,9922.758936882019,6173.8985776901245,5536.155700683594,2921.6745495796204,4341.389834880829,-3155.529201030731,-4463.844299316406
1,708,14.16,6345.467418432236,5568.219572305679,9300.861656665802,10000.0,-2879.4611990451813,-4354.53936457634,3126.9630789756775,4463.844299316406
1,709,14.18,9171.418249607086,9920.539557933807,6190.032064914703,5538.888834416866,2825.9508311748505,4352.319985628128,-3110.8295917510986,-4461.111165583134
1,710,14.200000000000001,6424.0217208862305,5564.216375350952,9284.397065639496,9991.96082353592,-2747.3965287208557,-4356.323182582855,3094.3650007247925,4453.071989119053
1,711,14.22,9088.894426822662,9915.200173854828,6189.0509724617,5545.596070587635,2664.872705936432,4350.983798503876,-3095.3460931777954,-4446.364752948284
1,712,14.24,6528.788059949875,5575.799643993378,9279.950857162476,9966.890811920166,-2560.1063668727875,-4339.40052986145,3090.899884700775,4421.294741332531
1,713,14.26,9010.953605175018,9912.066161632538,6166.439652442932,5562.020838260651,2482.1655452251434,4336.26651763916,-3113.5112047195435,-4404.869973659515
1,714,14.280000000000001,6603.160053491592,5587.3434990644455,9303.849041461945,9944.05448436737,-2407.793551683426,-4324.722662568092,3137.4093890190125,4382.03364610672
1,715,14.3,8971.433937549591,9910.021722316742,6125.230193138123,5574.534609913826,2368.2738840579987,4322.678223252296,-3178.618848323822,-4369.519874453545
1,716,14.32,6628.791242837906,5591.77041053772,9342.058897018433,9931.628704071045,-2342.642694711685,-4318.251311779022,3216.82870388031,4357.094094157219
1,717,14.34,8955.054879188538,9904.755651950836,6093.166545033455,5586.549900472164,2326.2636363506317,4312.9852414131165,-3248.8923519849777,-4345.078803598881
1,718,14.36,6642.279773950577,5588.640198111534,9375.280439853668,9926.18590593338,-2312.775105237961,-4316.115453839302,3282.1138948202133,4339.636005461216
1,719,14.38,8944.267630577087,9900.892078876495,6071.769893169403,5606.301948428154,2301.9878566265106,4312.251880764961,-3303.510546684265,-4319.883957505226
1,720,14.4,6654.441803693771,5600.910931825638,9395.449161529541,9904.88350391388,-2289.825826883316,-4299.9811470508575,3323.679268360138,4298.581555485725
1,721,14.42,8940.542936325073,9892.598092556,6054.304018616676,5626.667067408562,2286.101132631302,4291.687160730362,-3341.1451429128647,-4278.216436505318
1,722,14.44,6656.399369239807,5618.3842569589615,9422.435760498047,9892.39513874054,-2284.143567085266,-4274.213835597038,3368.1317418813705,4265.728071331978
1,723,14.46,8942.502737045288,9879.878759384155,6034.2612117528915,5638.750120997429,2286.103367805481,4261.494502425194,-3388.1745487451553,-4253.645017743111
1,724,14.48,6638.59099149704,5632.73549079895,9456.043243408203,9889.45484161377,-2303.9117455482483,-4247.143268585205,3421.7820316553116,4250.704720616341
1,725,14.5,8950.197994709015,9868.791699409485,6023.368984460831,5641.3668394088745,2311.607003211975,4236.056208610535,-3432.6742589473724,-4248.088002204895
1,726,14.52,6609.159857034683,5635.157078504562,9488.216638565063,9899.673759937286,-2341.0381376743317,-4233.6346209049225,3464.847654104233,4258.306920528412
1,727,14.540000000000001,8960.43986082077,9866.805672645569,6029.374077916145,5628.923028707504,2351.280003786087,4231.6485941410065,-3458.842560648918,-4270.750731229782
1,728,14.56,6592.7523374557495,5642.73476600647,9499.311745166779,9918.241202831268,-2367.6875233650208,-4224.070906639099,3469.9376672506332,4289.318174123764
1,729,14.58,8958.694338798523,9865.788221359253,6038.851290941238,5601.01792216301,2365.9420013427734,4223.053455352783,-3460.46045422554,-4317.223280668259
1,730,14.6,6590.738892555237,5651.541948318481,9500.957131385803,9948.214888572693,-2367.955446243286,-4214.2462730407715,3462.105840444565,4347.196966409683
1,731,14.620000000000001,8947.296738624573,9865.718483924866,6055.300086736679,5558.817088603973,2356.557846069336,4214.176535606384,-3445.657044649124,-4389.3977999687195
1,732,14.64,6597.944647073746,5658.158957958221,9499.339759349823,9988.836646080017,-2349.352091550827,-4207.559525966644,3444.039672613144,4430.019557476044
1,733,14.66,8928.81989479065,9868.807196617126,6074.513494968414,5505.466312170029,2330.8752477169037,4210.648238658905,-3424.8262643814087,-4483.370333909988
1,734,14.68,6627.098470926285,5662.855803966522,9482.435584068298,10000.0,-2301.7214238643646,-4205.951392650604,3407.922089099884,4494.533687829971
1,735,14.700000000000001,8901.205360889435,9882.88402557373,6087.776646018028,5491.0678043961525,2274.10688996315,4220.028221607208,-3394.65893805027,-4508.9321956038475
1,736,14.72,6650.946885347366,5668.371319770813,9473.55717420578,10000.0,-2250.2584755420685,-4214.5127058029175,3385.7805281877518,4508.9321956038475
1,737,14.74,8875.684142112732,9889.48255777359,6099.449396133423,5490.709096193314,2224.7372567653656,4221.111238002777,-3374.107778072357,-4509.290903806686
1,738,14.76,6664.943993091583,5660.324692726135,9477.327167987823,10000.0,-2210.7401490211487,-4229.157865047455,3377.8777718544006,4509.290903806686
1,739,14.780000000000001,8849.999010562897,9899.604320526123,6110.0223660469055,5503.584966063499,2185.0550174713135,4239.279627799988,-3367.304801940918,-4496.415033936501
1,740,14.8,6671.0735857486725,5633.524507284164,9480.977952480316,10000.0,-2178.9254248142242,-4266.079813241959,3370.9555864334106,4496.415033936501
1,741,14.82,8825.578689575195,9916.005432605743,6133.5474997758865,5527.9261618852615,2154.505103826523,4282.480925321579,-3347.4304527044296,-4472.0738381147385
1,742,14.84,6679.487526416779,5602.427423000336,9474.93702173233,10000.0,-2146.0911631584167,-4313.578009605408,3341.389521956444,4472.0738381147385
1,743,14.86,8802.413046360016,9932.140111923218,6162.34228014946,5558.04044008255,2122.9255199432373,4329.712688922882,-3312.5947415828705,-4441.95955991745
1,744,14.88,6691.344082355499,5580.447427928448,9463.263154029846,10000.0,-2111.0689640045166,-4351.69268399477,3300.9208738803864,4441.95955991745
1,745,14.9,8786.229491233826,9943.195581436157,6181.278005242348,5554.310455918312,2094.8854088783264,4362.7481535077095,-3281.9851487874985,-4445.689544081688
1,746,14.92,6708.6926102638245,5594.473630189896,9441.409409046173,10000.0,-2077.536880970001,-4348.721951246262,3260.1314038038254,4445.689544081688
1,747,14.94,8778.165876865387,9941.439032554626,6180.980801582336,5529.934540390968,2069.4732666015625,4346.965402364731,-3260.4286074638367,-4470.065459609032
1,748,14.96,6716.839075088501,5625.325441360474,9431.099593639374,10000.0,-2061.326801776886,-4316.113591194153,3250.1187920570374,4470.065459609032
1,749,14.98,8780.990839004517,9931.600391864777,6156.048029661179,5511.65159791708,2064.1517639160156,4306.274950504303,-3275.051563978195,-4488.34840208292
1,750,15.0,6707.327216863632,5644.74880695343,9443.850219249725,10000.0,-2073.6636221408844,-4286.851584911346,3287.8021895885468,4488.34840208292
1,751,15.02,8795.698583126068,9923.141896724701,6122.102811932564,5513.263493776321,2088.371366262436,4278.393089771271,-3321.7474073171616,-4486.736506223679
1,752,15.040000000000001,6678.542643785477,5635.564178228378,9469.517767429352,10000.0,-2117.1559393405914,-4287.577718496323,3347.414955496788,4486.736506223679
1,753,15.06,8837.750554084778,9929.725527763367,6094.769090414047,5525.476634502411,2159.207910299301,4294.161349534988,-3374.7486770153046,-4474.523365497589
1,754,15.08,6616.679728031158,5610.590651631355,9487.238228321075,10000.0,-2221.0708260536194,-4319.134876132011,3392.469137907028,4474.523365497589
1,755,15.1,8914.366066455841,9940.441250801086,6077.956259250641,5535.472221672535,2297.6863384246826,4329.850599169731,-3409.2819690704346,-4464.527778327465
1,756,15.120000000000001,6526.587754487991,5591.246336698532,9490.85384607315,10000.0,-2387.7783119678497,-4349.194914102554,3412.8975868225098,4464.527778327465
1,757,15.14,9021.224975585938,9949.882924556732,6069.312021136284,5528.83043885231,2494.637221097946,4358.6365878582,-3421.5418249368668,-4471.16956114769
1,758,15.16,6420.063525438309,5588.3293598890305,9474.998712539673,10000.0,-2601.161450147629,-4361.553564667702,3405.686691403389,4471.16956114769
1,759,15.18,9138.069748878479,9951.722919940948,6072.232499718666,5517.481043934822,2718.0062234401703,4363.393560051918,-3402.766212821007,-4482.518956065178
1,760,15.200000000000001,6321.286261081696,5592.153072357178,9449.857473373413,10000.0,-2816.7834877967834,-4359.569847583771,3377.624973654747,4482.518956065178
1,761,15.22,9230.685532093048,9946.940243244171,6089.916005730629,5518.374666571617,2909.3992710113525,4354.787170886993,-3359.941467642784,-4481.625333428383
1,762,15.24,6247.89372086525,5586.894154548645,9414.995610713959,10000.0,-2982.7918112277985,-4360.046088695526,3325.07960498333,4481.625333428383
1,763,15.26,9293.017089366913,9943.443238735199,6118.310913443565,5524.155274033546,3045.123368501663,4356.549084186554,-3296.6846972703934,-4475.844725966454
1,764,15.280000000000001,6207.733899354935,5577.317923307419,9372.21646308899,10000.0,-3085.283190011978,-4366.12531542778,3253.905549645424,4475.844725966454
1,765,15.3,9324.824810028076,9942.926466464996,6152.113229036331,5524.008646607399,3117.0909106731415,4365.6085431575775,-3220.103234052658,-4475.991353392601
1,766,15.32,6198.795288801193,5568.155013024807,9328.7792801857,10000.0,-3126.029521226883,-4374.771453440189,3176.6660511493683,4475.991353392601
1,767,15.34,9326.01273059845,9942.256808280945,6182.786598801613,5524.859130382538,3127.2174417972565,4374.101795256138,-3145.9926813840866,-4475.140869617462
1,768,15.36,6219.2027270793915,5558.367744088173,9296.001493930817,10000.0,-3106.8100035190582,-4383.889064192772,3113.214895129204,4475.140869617462
1,769,15.38,9300.822615623474,9940.360486507416,6198.933869600296,5527.51712501049,3081.6198885440826,4381.992742419243,-3097.0676243305206,-4472.48287498951
1,770,15.4,6262.09944486618,5554.388836026192,9278.964400291443,10000.0,-3038.7231707572937,-4385.971650481224,3080.030530691147,4472.48287498951
1,771,15.42,9254.858195781708,9934.38333272934,6201.658472418785,5527.97868847847,2992.7587509155273,4379.994496703148,-3077.305927872658,-4472.02131152153
1,772,15.44,6323.2421875,5554.868429899216,9276.828169822693,10000.0,-2931.6160082817078,-4379.514902830124,3075.169697403908,4472.02131152153
1,773,15.46,9189.42004442215,9926.12212896347,6191.043108701706,5529.04911339283,2866.1778569221497,4371.253699064255,-3085.785061120987,-4470.95088660717
1,774,15.48,6406.639516353607,5569.495186209679,9280.685484409332,9992.576837539673,-2782.7805280685425,-4356.626942753792,3089.6423757076263,4463.527724146843
1,775,15.5,9103.445410728455,9911.250174045563,6173.11917245388,5528.62673997879,2696.8058943748474,4341.754987835884,-3107.566311955452,-4463.950097560883
1,776,15.52,6508.633643388748,5586.836598813534,9295.449256896973,9977.601766586304,-2594.8117673397064,-4324.413575232029,3122.3300844430923,4448.975026607513
1,777,15.540000000000001,9010.336697101593,9899.885058403015,6142.284348607063,5535.910576581955,2501.703053712845,4313.048459589481,-3153.1649082899094,-4441.691190004349
1,778,15.56,6608.191132545471,5597.94619679451,9320.653080940247,9967.363774776459,-2402.145564556122,-4301.938861608505,3178.3687323331833,4431.453198194504
1,779,15.58,8953.5191655159,9902.631938457489,6104.804873466492,5533.5089564323425,2345.3280329704285,4304.685741662979,-3215.848207473755,-4433.854818344116
1,780,15.6,6644.9253261089325,5602.133274078369,9352.887570858002,9967.298209667206,-2308.593839406967,-4300.49866437912,3248.08269739151,4433.789253234863
1,781,15.620000000000001,8929.221630096436,9896.792769432068,6083.444878458977,5538.395121693611,2284.296303987503,4294.659495353699,-3269.442692399025,-4428.903087973595
1,782,15.64,6662.781834602356,5614.682212471962,9374.198019504547,9962.227940559387,-2266.4397954940796,-4282.110556960106,3290.7531410455704,4423.832818865776
1,783,15.66,8919.202983379364,9886.745512485504,6069.622337818146,5552.719905972481,2256.421148777008,4272.063300013542,-3304.5756816864014,-4409.508034586906
1,784,15.68,6658.059805631638,5626.7863512039185,9404.32757139206,9956.477880477905,-2261.1431777477264,-4259.959161281586,3334.7052335739136,4403.7579745054245
1,785,15.700000000000001,8920.65703868866,9876.46996974945,6053.379699587822,5560.463592410088,2262.597233057022,4249.683618545532,-3350.9478718042374,-4396.014288067818
1,786,15.72,6642.336696386337,5633.087903261185,9435.689747333527,9959.195852279663,-2278.3203423023224,-4243.382066488266,3382.3100477457047,4398.7322598695755
1,787,15.74,8926.491439342499,9869.848787784576,6042.066141963005,5566.732510924339,2284.1547429561615,4236.760884523392,-3393.6236053705215,-4392.463341355324
1,788,15.76,6621.025800704956,5638.682022690773,9463.865160942078,9961.424171924591,-2305.4656386375427,-4231.166765093803,3421.7990189790726,4394.691661000252
1,789,15.780000000000001,8932.937979698181,9866.214990615845,6039.1102731227875,5564.656741917133,2311.912178993225,4227.532967925072,-3424.75488781929,-4396.767430007458
1,790,15.8,6611.136794090271,5650.7907807827,9477.671086788177,9969.965517520905,-2321.80118560791,-4215.424209833145,3438.56081366539,4405.308775603771
1,791,15.82,8928.821980953217,9862.401485443115,6041.830778121948,5544.4008111953735,2317.6851868629456,4211.610704660416,-3435.8403086662292,-4425.564706325531
1,792,15.84,6614.487320184708,5659.727603197098,9484.111666679382,9993.56746673584,-2314.334660768509,-4202.6738822460175,3442.280888557434,4449.166655540466
1,793,15.860000000000001,8914.135694503784,9862.940609455109,6050.512790679932,5508.992969989777,2299.6483743190765,4203.213006258011,-3433.5988759994507,-4484.574496746063
1,794,15.88,6625.64143538475,5664.63902592659,9486.737251281738,10000.0,-2288.494259119034,-4198.301583528519,3436.2244606018066,4491.007030010223
1,795,15.9,8900.521099567413,9872.848689556122,6049.896031618118,5498.3801394701,2274.879664182663,4208.209663629532,-3436.84121966362,-4501.6198605299
1,796,15.92,6634.7333788871765,5662.012025713921,9492.766559123993,10000.0,-2265.787720680237,-4210.836663842201,3442.8705275058746,4501.6198605299
1,797,15.94,8882.27105140686,9881.322085857391,6061.204969882965,5507.061779499054,2247.537672519684,4219.310060143471,-3431.561589241028,-4492.938220500946
1,798,15.96,6647.773832082748,5647.925287485123,9494.201838970184,10000.0,-2234.497219324112,-4233.396798372269,3432.9968690872192,4492.938220500946
1,799,15.98,8859.731256961823,9894.7474360466,6077.59602367878,5515.017732977867,2211.957424879074,4246.822148561478,-3416.6058152914047,-4484.982267022133
1,800,16.0,6661.761850118637,5627.232268452644,9495.144486427307,10000.0,-2197.9694068431854,-4267.515167593956,3417.5484627485275,4484.982267022133
1,801,16.02,8836.382329463959,9911.83876991272,6094.881221652031,5520.070418715477,2174.6204793453217,4284.606501460075,-3400.263264775276,-4479.929581284523
1,802,16.04,6678.030490875244,5610.127747058868,9487.769901752472,10000.0,-2158.3518385887146,-4301.711022853851,3392.888680100441,4479.929581284523
1,803,16.06,8813.28970193863,9927.283525466919,6110.047847032547,5521.910488605499,2135.259211063385,4317.1557784080505,-3377.722054719925,-4478.089511394501
1,804,16.080000000000002,6693.128198385239,5606.78705573082,9477.67049074173,10000.0,-2120.1615035533905,-4320.496469736099,3367.6226437091827,4478.089511394501
1,805,16.1,8794.740438461304,9933.644235134125,6125.176250934601,5526.621863245964,2101.612240076065,4326.857179403305,-3352.494239807129,-4473.378136754036
1,806,16.12,6706.641763448715,5605.079382658005,9469.039738178253,10000.0,-2088.0986750125885,-4328.56485247612,3343.8634872436523,4473.378136754036
1,807,16.14,8777.568638324738,9937.545955181122,6132.327318191528,5531.1621725559235,2070.9268748760223,4332.466572523117,-3336.712419986725,-4468.8378274440765
1,808,16.16,6713.821291923523,5604.018233716488,9465.833902359009,10000.0,-2063.7473464012146,-4333.527721464634,3333.5065841674805,4468.8378274440765
1,809,16.18,8768.338561058044,9939.464032649994,6131.574884057045,5534.178912639618,2054.5172691345215,4335.445798933506,-3334.259018301964,-4465.821087360382
1,810,16.2,6714.599281549454,5603.23640704155,9465.312659740448,10000.0,-2053.7392795085907,-4336.227625608444,3333.737775683403,4465.821087360382
1,811,16.22,8770.28375864029,9941.993653774261,6122.347190976143,5532.802082598209,2055.6844770908356,4338.757246732712,-3342.965468764305,-4467.197917401791
1,812,16.240000000000002,6705.155670642853,5603.257566690445,9468.709528446198,10000.0,-2065.1280879974365,-4338.7360870838165,3346.3623374700546,4467.197917401791
1,813,16.26,8790.97729921341,9945.624768733978,6105.7452112436295,5527.81518548727,2085.8216285705566,4342.367202043533,-3362.964317202568,-4472.18481451273
1,814,16.28,6673.197001218796,5600.24306178093,9474.49505329132,10000.0,-2117.7802979946136,-4345.381706953049,3368.7498420476913,4472.18481451273
1,815,16.3,8841.509222984314,9951.43324136734,6089.297533035278,5523.89495074749,2168.312221765518,4351.1901795864105,-3385.1975202560425,-4476.10504925251
1,816,16.32,6610.3872656822205,5595.576651394367,9480.220973491669,10000.0,-2231.1219573020935,-4355.856589972973,3390.9234404563904,4476.10504925251
1,817,16.34,8922.533988952637,9955.706000328064,6070.465967059135,5520.763732492924,2312.1467232704163,4360.129348933697,-3409.7550064325333,-4479.236267507076
1,818,16.36,6518.349051475525,5589.837171137333,9485.433101654053,10000.0,-2404.184937477112,-4365.868829190731,3414.9671345949173,4479.236267507076
1,819,16.38,9029.15358543396,9959.259927272797,6053.174436092377,5519.127696752548,2510.804533958435,4369.422756135464,-3432.258665561676,-4480.872303247452
1,820,16.4,6408.7629318237305,5584.130361676216,9481.779932975769,10000.0,-2620.3906536102295,-4375.1295655965805,3428.6054968833923,4480.872303247452
1,821,16.42,9142.093360424042,9961.341619491577,6053.031757473946,5518.405623733997,2733.3304286003113,4377.211257815361,-3428.7481755018234,-4481.594376266003
1,822,16.44,6305.367350578308,5575.9672075510025,9466.802179813385,10000.0,-2836.7260098457336,-4385.374411940575,3413.7704223394394,4481.594376266003
1,823,16.46,9239.073097705841,9962.087571620941,6073.221638798714,5523.078441619873,2933.705747127533,4386.120364069939,-3393.5805410146713,-4476.921558380127
1,824,16.48,6224.861443042755,5559.953600168228,9431.465864181519,10000.0,-3014.211654663086,-4402.133971452713,3358.244225382805,4476.921558380127
1,825,16.5,9303.973913192749,9964.221119880676,6107.168421149254,5531.8883061409,3079.112470149994,4404.267519712448,-3324.2974430322647,-4468.1116938591
1,826,16.52,6182.707697153091,5545.827895402908,9385.47670841217,10000.0,-3121.2662160396576,-4418.393224477768,3278.3082872629166,4468.1116938591
1,827,16.54,9336.75229549408,9966.189563274384,6146.123185753822,5529.561936855316,3154.044598340988,4420.361667871475,-3239.353522658348,-4470.438063144684
1,828,16.56,6175.225675106049,5539.7481098771095,9335.891306400299,10000.0,-3161.526620388031,-4426.441453397274,3189.7681206464767,4470.438063144684
1,829,16.580000000000002,9339.755773544312,9964.852929115295,6178.390607237816,5527.055524289608,3164.530098438263,4425.104819238186,-3157.500699162483,-4472.944475710392
1,830,16.6,6192.480027675629,5537.804216146469,9299.639463424683,10000.0,-3147.275745868683,-4427.048712968826,3121.2488561868668,4472.944475710392
1,831,16.62,9322.06928730011,9959.171414375305,6193.547621369362,5522.5686728954315,3129.589259624481,4421.367198228836,-3106.0918420553207,-4477.4313271045685
1,832,16.64,6228.968799114227,5542.731359601021,9282.91141986847,10000.0,-3093.1004881858826,-4416.440054774284,3089.3637984991074,4477.4313271045685
1,833,16.66,9286.022782325745,9949.79202747345,6190.32509624958,5519.320219755173,3057.0539832115173,4407.060667872429,-3092.586323618889,-4480.679780244827
1,834,16.68,6279.240399599075,5548.7313866615295,9285.334348678589,10000.0,-3006.7823827266693,-4401.06064081192,3095.0092524290085,4480.679780244827
1,835,16.7,9234.580993652344,9939.488768577576,6175.559237599373,5520.544499158859,2955.3405940532684,4390.757381916046,-3109.775111079216,-4479.455500841141
1,836,16.72,6341.9221341609955,5557.8697472810745,9294.43508386612,10000.0,-2892.6588594913483,-4381.619021296501,3118.8758462667465,4479.455500841141
1,837,16.740000000000002,9168.215692043304,9926.177263259888,6160.292476415634,5521.160624921322,2826.293557882309,4368.307515978813,-3134.1426074504852,-4478.839375078678
1,838,16.76,6422.227174043655,5569.283366203308,9305.206537246704,9996.749758720398,-2745.988517999649,-4356.89389705658,3144.91406083107,4475.589133799076
1,839,16.78,9085.00075340271,9912.674129009247,6143.945977091789,5518.676750361919,2662.7735793590546,4343.390762805939,-3161.260560154915,-4478.073008358479
1,840,16.8,6519.160717725754,5582.613423466682,9318.045377731323,9986.490309238434,-2565.840035676956,-4330.060705542564,3174.099400639534,4467.813558876514
1,841,16.82,8990.322351455688,9901.736378669739,6120.945960283279,5523.585006594658,2471.1616337299347,4319.122955203056,-3197.099417448044,-4462.905302643776
1,842,16.84,6619.815677404404,5589.740201830864,9337.73785829544,9979.286789894104,-2370.506674051285,-4311.996176838875,3216.7918980121613,4455.701783299446
1,843,16.86,8932.32673406601,9907.544553279877,6091.553494334221,5521.9825357198715,2312.511056661606,4317.804351449013,-3246.18436396122,-4457.3042541742325
1,844,16.88,6658.472567796707,5599.875301122665,9361.750185489655,9974.391758441925,-2273.8541662693024,-4307.669252157211,3270.1966911554337,4452.4092227220535
1,845,16.9,8909.897804260254,9898.608922958374,6073.786914348602,5533.880442380905,2251.4252364635468,4298.733621835709,-3287.9632711410522,-4440.51131606102
1,846,16.92,6668.717265129089,5617.252364754677,9388.736486434937,9967.5652384758,-2241.1805391311646,-4281.356558203697,3314.9495720863342,4433.684796094894
1,847,16.94,8903.931081295013,9886.10178232193,6055.161580443382,5540.313199162483,2235.213816165924,4268.849417567253,-3333.5749059915543,-4427.252039313316
1,848,16.96,6659.603118896484,5628.906190395355,9421.011209487915,9969.452321529388,-2244.327962398529,-4257.195591926575,3365.849629044533,4429.139122366905
1,849,16.98,8904.691636562347,9876.087009906769,6041.1496460437775,5544.193387031555,2245.088517665863,4247.180819511414,-3379.8615634441376,-4425.258934497833
1,850,17.0,6643.293648958206,5635.818839073181,9449.636042118073,9974.685311317444,-2261.3979876041412,-4240.268170833588,3408.486396074295,4430.491924285889
1,851,17.02,8910.08734703064,9869.89140510559,6033.410057425499,5545.689836144447,2266.7936980724335,4234.07256603241,-3416.2259846925735,-4428.9954751729965
1,852,17.04,6626.914590597153,5640.200152993202,9474.288821220398,9982.522130012512,-2283.172756433487,-4229.691252112389,3440.878763794899,4436.832293868065
1,853,17.06,8910.192847251892,9868.492782115936,6032.821759581566,5537.869036197662,2283.2782566547394,4228.292629122734,-3441.467061638832,-4444.65309381485
1,854,17.080000000000002,6626.575440168381,5648.097470402718,9485.094845294952,9995.27096748352,-2283.6174070835114,-4220.395311713219,3452.2730857133865,4457.401931285858
1,855,17.1,8899.771273136139,9868.757426738739,6034.117415547371,5513.774529099464,2273.195832967758,4220.659956336021,-3450.9774297475815,-4481.496438384056
1,856,17.12,6636.159121990204,5653.46285700798,9491.754472255707,10000.0,-2263.612151145935,-4215.294569730759,3457.637056708336,4486.225470900536
1,857,17.14,8887.166380882263,9877.203702926636,6033.198684453964,5500.637590885162,2251.0072588920593,4223.740845918655,-3458.5557878017426,-4499.362409114838
1,858,17.16,6642.393916845322,5651.171058416367,9503.268897533417,10000.0,-2244.7724640369415,-4226.032644510269,3470.0702130794525,4499.362409114838
1,859,17.18,8873.002529144287,9885.726273059845,6035.906821489334,5506.225302815437,2230.6086122989655,4234.555214643478,-3467.3620760440826,-4493.774697184563
1,860,17.2,6652.41539478302,5643.57303082943,9508.991837501526,10000.0,-2220.587134361267,-4242.153242230415,3473.0850160121918,4493.774697184563
1,861,17.22,8854.644000530243,9895.876348018646,6049.418076872826,5510.973036289215,2202.228605747223,4252.303317189217,-3459.5737606287003,-4489.026963710785
1,862,17.240000000000002,6668.062061071396,5627.977102994919,9508.727490901947,10000.0,-2186.581939458847,-4267.899245023727,3459.3094140291214,4489.026963710785
1,863,17.26,8828.74071598053,9910.642504692078,6065.071225166321,5516.66334271431,2160.678654909134,4282.665401697159,-3443.656265735626,-4483.33665728569
1,864,17.28,6685.091704130173,5610.829368233681,9507.462680339813,10000.0,-2143.649011850357,-4299.813136458397,3442.3914551734924,4483.33665728569
1,865,17.3,8804.918229579926,9926.144778728485,6078.3810913562775,5518.333949148655,2119.826525449753,4315.315410494804,-3429.0815889835358,-4481.666050851345
1,866,17.32,6701.945215463638,5601.692385971546,9499.849677085876,10000.0,-2102.9730141162872,-4324.452392756939,3421.468585729599,4481.666050851345
1,867,17.34,8782.3286652565,9936.756193637848,6091.051027178764,5522.876009345055,2080.383449792862,4335.063807666302,-3408.798649907112,-4477.123990654945
1,868,17.36,6719.86997127533,5599.012076854706,9491.007328033447,10000.0,-2062.4586939811707,-4337.744116783142,3399.956300854683,4477.123990654945
1,869,17.38,8762.747645378113,9942.60549545288,6104.1078716516495,5525.161325931549,2042.8776741027832,4343.593418598175,-3386.899456381798,-4474.838674068451
1,870,17.400000000000002,6731.642484664917,5597.828254103661,9483.329951763153,10000.0,-2031.1051607131958,-4344.77724134922,3379.2220801115036,4474.838674068451
1,871,17.42,8747.202754020691,9945.576190948486,6108.729764819145,5531.540438532829,2015.560269355774,4347.747936844826,-3374.600186944008,-4468.459561467171
1,872,17.44,6736.448258161545,5594.452470541,9481.393992900848,10000.0,-2010.7544958591461,-4351.123720407486,3372.664228081703,4468.459561467171
1,873,17.46,8741.243183612823,9948.45986366272,6104.653179645538,5534.032471477985,2004.7949254512787,4354.007393121719,-3376.74081325531,-4465.967528522015
1,874,17.48,6735.014021396637,5593.213886022568,9483.140408992767,10000.0,-2006.2291622161865,-4355.245977640152,3378.487229347229,4465.967528522015
1,875,17.5,8744.189441204071,9950.13415813446,6094.150617718697,5532.722175121307,2009.175419807434,4356.920272111893,-3388.9897912740707,-4467.277824878693
1,876,17.52,6725.814193487167,5591.1508202552795,9486.721456050873,10000.0,-2018.3752477169037,-4358.983337879181,3392.570838332176,4467.277824878693
1,877,17.54,8767.187595367432,9954.84709739685,6077.928766608238,5528.82194519043,2041.3734018802643,4363.696277141571,-3408.7926894426346,-4471.17805480957
1,878,17.56,6691.833734512329,5587.498061358929,9493.41595172882,10000.0,-2075.3538608551025,-4367.349036037922,3415.4871851205826,4471.17805480957
1,879,17.580000000000002,8819.729089736938,9960.356652736664,6059.735789895058,5522.737726569176,2127.8953552246094,4372.858591377735,-3433.680161833763,-4477.262273430824
1,880,17.6,6630.413383245468,5586.251616477966,9497.756958007812,10000.0,-2189.3157064914703,-4374.1050362586975,3438.021168112755,4477.262273430824
1,881,17.62,8899.452686309814,9962.331652641296,6039.703041315079,5517.808049917221,2269.0393030643463,4376.08003616333,-3458.0539166927338,-4482.191950082779
1,882,17.64,6545.861214399338,5585.81255376339,9495.539963245392,10000.0,-2353.5914719104767,-4376.519098877907,3455.836921930313,4482.191950082779
1,883,17.66,9000.049531459808,9965.258538722992,6031.407862901688,5511.161610484123,2454.1883170604706,4379.445984959602,-3464.132100343704,-4488.838389515877
1,884,17.68,6440.970003604889,5579.992234706879,9487.589299678802,10000.0,-2559.0795278549194,-4385.266304016113,3456.181436777115,4488.838389515877
1,885,17.7,9111.585021018982,9967.55838394165,6033.605933189392,5516.23310893774,2670.615017414093,4387.566149234772,-3453.9833664894104,-4483.76689106226
1,886,17.72,6336.227506399155,5564.676038920879,9475.64572095871,10000.0,-2775.3575146198273,-4402.882345020771,3442.0397877693176,4483.76689106226
1,887,17.740000000000002,9205.125868320465,9970.564842224121,6053.993105888367,5528.195686638355,2868.8983619213104,4405.888803303242,-3421.652615070343,-4471.804313361645
1,888,17.76,6255.910098552704,5538.8157814741135,9443.59540939331,10000.0,-2949.2157697677612,-4431.749060750008,3389.602303504944,4471.804313361645
1,889,17.78,9272.471368312836,9976.742565631866,6093.333885073662,5539.301782846451,3016.561269760132,4437.926784157753,-3350.2615243196487,-4460.698217153549
1,890,17.8,6210.206598043442,5520.935207605362,9393.230378627777,10000.0,-3062.264770269394,-4455.8073580265045,3299.8964935541153,4460.698217153549
1,891,17.82,9306.146204471588,9980.102181434631,6137.969121336937,5536.751672625542,3095.9396064281464,4459.166973829269,-3255.26125729084,-4463.248327374458
1,892,17.84,6205.091029405594,5517.987720668316,9339.504539966583,10000.0,-3101.0551750659943,-4462.1144607663155,3201.5354186296463,4463.248327374458
1,893,17.86,9308.55929851532,9976.285696029663,6170.797795057297,5528.450347483158,3103.468269109726,4458.297975361347,-3168.7067449092865,-4471.549652516842
1,894,17.88,6227.021515369415,5526.6400799155235,9301.782548427582,10000.0,-3081.5377831459045,-4449.64561611414,3130.984753370285,4471.549652516842
1,895,17.900000000000002,9288.46389055252,9965.400993824005,6181.194558739662,5517.164841294289,3061.4423751831055,4438.760913908482,-3120.5879896879196,-4482.835158705711
1,896,17.92,6268.778294324875,5541.604459285736,9288.716912269592,10000.0,-3019.685596227646,-4423.796534538269,3107.52235352993,4482.835158705711
1,897,17.94,9247.75093793869,9951.846897602081,6172.790005803108,5513.147786259651,2978.9726436138153,4410.242438316345,-3115.926906466484,-4486.852213740349
1,898,17.96,6322.479248046875,5549.129769206047,9294.317364692688,10000.0,-2925.271689891815,-4402.717128396034,3121.52735888958,4486.852213740349
1,899,17.98,9190.354943275452,9939.481019973755,6159.506067633629,5519.985407590866,2867.8756952285767,4390.351250767708,-3134.811297059059,-4480.014592409134
1,900,18.0,6391.107439994812,5555.909685790539,9304.747581481934,10000.0,-2799.2475032806396,-4383.571334183216,3145.2415138483047,4480.014592409134
1,901,18.02,9116.88894033432,9926.218092441559,6147.275418043137,5518.872328102589,2725.781500339508,4370.30840665102,-3157.472163438797,-4481.127671897411
1,902,18.04,6477.9578149318695,5565.163716673851,9316.202402114868,9991.62644147873,-2638.9311254024506,-4361.054375767708,3168.9269840717316,4472.754113376141
1,903,18.06,9025.467038154602,9914.661347866058,6128.222048282623,5525.874421000481,2547.5092232227325,4349.497631192207,-3187.980353832245,-4465.752020478249
1,904,18.080000000000002,6579.376459121704,5571.582168340683,9333.414733409882,9979.553520679474,-2446.090579032898,-4343.079179525375,3205.1926851272583,4453.679099678993
1,905,18.1,8951.503038406372,9916.007816791534,6100.20786523819,5529.088973999023,2372.126579284668,4344.425648450851,-3233.206868171692,-4450.46454668045
1,906,18.12,6644.476801156998,5577.553175389767,9355.100989341736,9971.425831317902,-2307.0262372493744,-4338.454641401768,3254.893124103546,4442.336857318878
1,907,18.14,8913.636207580566,9915.257692337036,6080.076768994331,5535.553023219109,2269.1594064235687,4337.704516947269,-3275.0242203474045,-4435.872808098793
1,908,18.16,6670.3639924526215,5592.417865991592,9375.961124897003,9962.886273860931,-2243.272215127945,-4322.839826345444,3295.884355902672,4427.333250641823
1,909,18.18,8901.239335536957,9903.729856014252,6061.6907477378845,5549.640953540802,2230.8753430843353,4311.311990022659,-3314.2703771591187,-4413.245320320129
1,910,18.2,6668.2471334934235,5610.427223145962,9407.51314163208,9955.037236213684,-2232.9922020435333,-4293.30263286829,3345.8223938941956,4405.396282672882
1,911,18.22,8902.819752693176,9890.801906585693,6041.57842695713,5554.076582193375,2234.572619199753,4280.374683439732,-3365.9347146749496,-4400.960654020309
1,912,18.240000000000002,6654.1588306427,5621.086619794369,9439.696967601776,9959.655106067657,-2248.660922050476,-4269.715286791325,3398.1185406446457,4405.578523874283
1,913,18.26,8907.746374607086,9882.543981075287,6029.310300946236,5553.278401494026,2253.587543964386,4261.457361280918,-3410.3866666555405,-4406.376704573631
1,914,18.28,6634.847372770309,5624.57874417305,9468.71668100357,9970.069229602814,-2272.8990018367767,-4257.965236902237,3439.406380057335,4416.7908281087875
1,915,18.3,8911.839127540588,9879.14353609085,6026.833802461624,5550.573393702507,2276.991754770279,4254.564791917801,-3441.8828785419464,-4419.495835900307
1,916,18.32,6623.905748128891,5631.850957870483,9486.534893512726,9980.044662952423,-2287.9333794116974,-4247.292578220367,3459.7010910511017,4429.471269249916
1,917,18.34,8907.522559165955,9877.39473581314,6026.690304279327,5536.192320287228,2283.6168110370636,4245.5437779426575,-3459.8445892333984,-4443.8523426651955
1,918,18.36,6627.925485372543,5638.475269079208,9496.875405311584,9998.02976846695,-2279.5970737934113,-4238.9194667339325,3470.185101032257,4461.837448179722
1,919,18.38,8892.947733402252,9879.485368728638,6031.3404351472855,5505.795329809189,2265.022248029709,4241.010099649429,-3465.534970164299,-4492.234438657761
1,920,18.400000000000002,6642.732471227646,5642.994195222855,9501.43814086914,10000.0,-2250.2152621746063,-4236.491173505783,3470.097705721855,4494.204670190811
1,921,18.42,8878.129720687866,9889.934957027435,6028.768345713615,5499.156080186367,2235.3972494602203,4246.940761804581,-3472.669795155525,-4500.843919813633
1,922,18.44,6653.089076280594,5640.558078885078,9511.929452419281,10000.0,-2225.0406444072723,-4249.376878142357,3483.1611067056656,4500.843919813633
1,923,18.46,8857.66714811325,9898.029863834381,6035.483330488205,5504.529140889645,2204.578071832657,4257.471784949303,-3476.446121931076,-4495.470859110355
1,924,18.48,6672.175973653793,5629.8816949129105,9514.968693256378,10000.0,-2185.4911744594574,-4268.148168921471,3479.485362768173,4495.470859110355
1,925,18.5,8831.114768981934,9910.213649272919,6049.026846885681,5509.031414985657,2158.9387953281403,4280.331954360008,-3465.941846370697,-4490.968585014343
1,926,18.52,6689.493656158447,5614.333599805832,9517.699480056763,10000.0,-2141.6211128234863,-4295.880049467087,3468.6726331710815,4490.968585014343
1,927,18.54,8803.935647010803,9924.824237823486,6063.650026917458,5514.531210064888,2114.441990852356,4310.490638017654,-3454.049453139305,-4485.468789935112
1,928,18.56,6708.3340883255005,5598.307400941849,9512.455761432648,10000.0,-2095.6015586853027,-4326.516836881638,3448.80573451519,4485.468789935112
1,929,18.580000000000002,8777.66489982605,9939.528405666351,6077.946349978447,5519.784167408943,2069.3308115005493,4341.221004724503,-3434.5094114542007,-4480.215832591057
1,930,18.6,6726.0585725307465,5591.72198176384,9503.539502620697,10000.0,-2051.6063272953033,-4347.806423902512,3425.59315264225,4480.215832591057
1,931,18.62,8754.681646823883,9947.326481342316,6096.678674221039,5527.300909161568,2028.6230742931366,4355.604499578476,-3406.860828399658,-4472.699090838432
1,932,18.64,6741.209626197815,5586.382858455181,9492.067992687225,10000.0,-2013.4720206260681,-4360.943622887135,3395.3893184661865,4472.699090838432
1,933,18.66,8735.80813407898,9952.460527420044,6108.504682779312,5534.014403820038,1994.5985078811646,4366.077668964863,-3383.563309907913,-4465.985596179962
1,934,18.68,6750.671863555908,5584.461390972137,9486.77271604538,10000.0,-1985.1362705230713,-4367.9991364479065,3378.2680332660675,4465.985596179962
1,935,18.7,8725.607097148895,9955.39128780365,6107.275262475014,5533.677563071251,1974.935233592987,4370.929896831512,-3379.497453570366,-4466.322436928749
1,936,18.72,6754.869520664215,5589.183196425438,9485.572278499603,10000.0,-1970.7375764846802,-4366.208091378212,3378.2970160245895,4466.322436928749
1,937,18.740000000000002,8724.361062049866,9955.461025238037,6096.745803952217,5529.833100736141,1969.4915413856506,4366.277828812599,-3388.826474547386,-4470.166899263859
1,938,18.76,6749.04391169548,5592.895820736885,9489.51542377472,10000.0,-1975.3171503543854,-4362.565204501152,3392.769619822502,4470.166899263859
1,939,18.78,8734.334707260132,9954.212009906769,6081.289276480675,5527.86435931921,1985.2907955646515,4361.316189169884,-3408.2261472940445,-4472.13564068079
1,940,18.8,6731.716692447662,5590.745285153389,9496.984481811523,10000.0,-2002.6180148124695,-4363.46672475338,3415.6952053308487,4472.13564068079
1,941,18.82,8763.178288936615,9957.128167152405,6063.574180006981,5527.403727173805,2031.4615964889526,4366.382881999016,-3433.4103018045425,-4472.596272826195
1,942,18.84,6693.73631477356,5586.324036121368,9504.409730434418,10000.0,-2069.4419741630554,-4370.804131031036,3440.835550427437,4472.596272826195
1,943,18.86,8819.195926189423,9960.910975933075,6043.001115322113,5522.278547286987,2125.459611415863,4374.5869398117065,-3461.4086151123047,-4477.721452713013
1,944,18.88,6633.243709802628,5585.4930728673935,9503.612518310547,10000.0,-2185.952216386795,-4375.4179030656815,3460.611402988434,4477.721452713013
1,945,18.900000000000002,8897.174298763275,9963.544309139252,6030.487567186356,5513.981319963932,2263.9305889606476,4378.051236271858,-3473.1249511241913,-4486.018680036068
1,946,18.92,6551.70813202858,5584.138184785843,9495.744407176971,10000.0,-2345.4661667346954,-4379.406124353409,3465.256839990616,4486.018680036068
1,947,18.94,8996.117413043976,9966.589212417603,6025.562509894371,5509.621948003769,2444.409281015396,4382.45102763176,-3470.1818972826004,-4490.378051996231
1,948,18.96,6451.151669025421,5575.789213180542,9486.196041107178,10000.0,-2544.9657440185547,-4390.799999237061,3460.6335312128067,4490.378051996231
1,949,18.98,9101.519882678986,9969.123601913452,6030.561625957489,5518.4754356741905,2650.3682136535645,4393.33438873291,-3455.6344151496887,-4481.5245643258095
1,950,19.0,6350.7965207099915,5554.760955274105,9472.65774011612,10000.0,-2750.723361968994,-4414.362646639347,3442.0961141586304,4481.5245643258095
1,951,19.02,9189.302921295166,9973.564445972443,6054.164841771126,5534.185320138931,2838.5064005851746,4418.803490698338,-3418.4928983449936,-4465.814679861069
1,952,19.04,6278.251111507416,5527.6235193014145,9437.629580497742,10000.0,-2911.0518097877502,-4445.940926671028,3383.464738726616,4465.814679861069
1,953,19.06,9251.092076301575,9979.954361915588,6096.006408333778,5540.569648146629,2972.840964794159,4452.330842614174,-3341.6231721639633,-4459.430351853371
1,954,19.080000000000002,6241.709887981415,5514.679178595543,9384.454190731049,10000.0,-3009.38218832016,-4465.2751833200455,3288.44778239727,4459.430351853371
1,955,19.1,9276.919662952423,9980.745315551758,6140.070483088493,5537.265054881573,3035.2097749710083,4466.066136956215,-3244.3837076425552,-4462.734945118427
1,956,19.12,6244.067400693893,5516.823306679726,9332.6136469841,10000.0,-3032.8522622585297,-4463.922008872032,3192.543163895607,4462.734945118427
1,957,19.14,9272.833168506622,9973.142445087433,6167.392879724503,5524.135231971741,3028.765767812729,4456.319138407707,-3165.220767259598,-4475.864768028259
1,958,19.16,6276.920884847641,5533.075146377087,9298.568964004517,10000.0,-2995.9122836589813,-4440.067298710346,3131.176084280014,4475.864768028259
1,959,19.18,9241.39678478241,9958.69368314743,6173.403635621071,5512.828417122364,2964.4758999347687,4425.618536770344,-3125.1653283834457,-4487.171582877636
1,960,19.2,6329.692900180817,5546.899363398552,9290.047287940979,10000.0,-2911.703884601593,-4411.7943197488785,3116.643652319908,4487.171582877636
1,961,19.22,9187.771379947662,9944.672882556915,6164.982691407204,5514.129735529423,2858.0784797668457,4397.773519158363,-3125.0645965337753,-4485.870264470577
1,962,19.240000000000002,6396.702229976654,5555.063597857952,9296.346306800842,10000.0,-2791.0691499710083,-4389.609284698963,3131.3636153936386,4485.870264470577
1,963,19.26,9113.617837429047,9930.11862039566,6153.760477900505,5519.55558359623,2716.9156074523926,4375.055022537708,-3142.585828900337,-4480.44441640377
1,964,19.28,6484.437882900238,5560.542270541191,9308.576583862305,9990.721940994263,-2629.1799545288086,-4369.576349854469,3154.8161059617996,4471.166357398033
1,965,19.3,9017.52084493637,9917.99771785736,6135.936751961708,5531.336069107056,2533.082962036133,4357.45544731617,-3172.6398319005966,-4459.385871887207
1,966,19.32,6590.182185173035,5564.526244997978,9327.807128429413,9974.01475906372,-2427.338659763336,-4353.471472859383,3191.870376467705,4442.678689956665
1,967,19.34,8947.803676128387,9923.015832901001,6102.610751986504,5539.994388818741,2357.621490955353,4358.489587903023,-3225.1963764429092,-4434.02037024498
1,968,19.36,6644.6080803871155,5565.158352255821,9356.685280799866,9962.040781974792,-2303.195595741272,-4357.85748064518,3254.074528813362,4422.046393156052
1,969,19.38,8917.145729064941,9923.816621303558,6077.860146760941,5550.902411341667,2272.537648677826,4358.658269047737,-3278.825134038925,-4411.138370633125
1,970,19.400000000000002,6665.426194667816,5575.920343399048,9378.873407840729,9947.492182254791,-2251.7195343971252,-4347.8962779045105,3301.013261079788,4396.589770913124
1,971,19.42,8908.994197845459,9914.59459066391,6059.981361031532,5570.54340839386,2243.568003177643,4338.674247264862,-3318.8920468091965,-4376.948773860931
1,972,19.44,6667.361855506897,5595.118328928947,9405.48300743103,9934.222996234894,-2241.632342338562,-4319.4762617349625,3345.501646399498,4363.679587841034
1,973,19.46,8909.705579280853,9900.372624397278,6039.672717452049,5581.993460655212,2242.3437237739563,4305.25429546833,-3365.810289978981,-4352.229535579681
1,974,19.48,6656.245738267899,5611.640587449074,9437.728822231293,9930.625259876251,-2253.4598410129547,-4288.732036948204,3398.0561047792435,4348.631799221039
1,975,19.5,8916.138112545013,9888.913631439209,6022.780761122704,5583.8435888290405,2259.892374277115,4277.273043990135,-3414.948061108589,-4346.781671047211
1,976,19.52,6635.8862817287445,5617.861747741699,9471.197724342346,9938.983917236328,-2280.251830816269,-4271.05188369751,3448.4169632196426,4355.140328407288
1,977,19.54,8923.950791358948,9884.621798992157,6015.291512012482,5577.335208654404,2288.0645096302032,4266.760051250458,-3455.9062123298645,-4361.648708581924
1,978,19.56,6615.055203437805,5622.477643191814,9496.634006500244,9954.462349414825,-2308.8955879211426,-4262.144155800343,3481.3424944877625,4377.127140760422
1,979,19.580000000000002,8925.082683563232,9882.52878189087,6018.030270934105,5563.862062990665,2310.0274801254272,4260.051138699055,-3478.603735566139,-4390.60028642416
1,980,19.6,6613.844335079193,5631.177127361298,9505.111575126648,9971.814155578613,-2311.2383484840393,-4251.3516545295715,3487.081304192543,4407.952092587948
1,981,19.62,8913.859128952026,9882.509708404541,6023.985669016838,5535.80529987812,2300.0147938728333,4251.332581043243,-3481.12590610981,-4436.008855700493
1,982,19.64,6622.772365808487,5636.643692851067,9510.573148727417,10000.0,-2291.0867631435394,-4245.866015553474,3486.587479710579,4464.19470012188
1,983,19.66,8895.009458065033,9886.08568906784,6035.36918759346,5496.245734393597,2272.237092256546,4249.441996216774,-3475.203961133957,-4503.754265606403
1,984,19.68,6649.378836154938,5642.688497900963,9508.125483989716,10000.0,-2245.630621910095,-4243.397191166878,3472.7562963962555,4503.754265606403
1,985,19.7,8867.178559303284,9897.693991661072,6033.6292535066605,5495.856925845146,2217.799723148346,4255.005493760109,-3474.496230483055,-4504.143074154854
1,986,19.72,6672.219336032867,5637.916773557663,9513.616263866425,10000.0,-2194.9592232704163,-4259.777218103409,3479.987010359764,4504.143074154854
1,987,19.740000000000002,8839.296996593475,9907.425045967102,6046.898439526558,5500.721782445908,2167.077660560608,4269.508272409439,-3466.7178243398666,-4499.278217554092
1,988,19.76,6690.033823251724,5623.215809464455,9517.836272716522,10000.0,-2149.263173341751,-4284.209236502647,3470.9378331899643,4499.278217554092
1,989,19.78,8810.434937477112,9921.307265758514,6062.421873211861,5509.6158012747765,2120.4011142253876,4298.09145629406,-3455.4143995046616,-4490.3841987252235
1,990,19.8,6706.128865480423,5603.970065712929,9515.888094902039,10000.0,-2104.306071996689,-4317.337200045586,3453.466221690178,4490.3841987252235
1,991,19.82,8784.14362668991,9937.133193016052,6080.810055136681,5517.877750098705,2078.014761209488,4333.1631273031235,-3435.078039765358,-4482.122249901295
1,992,19.84,6719.653010368347,5591.360591351986,9505.51450252533,10000.0,-2064.4906163215637,-4345.772601664066,3424.704447388649,4482.122249901295
1,993,19.86,8760.102093219757,9947.071373462677,6104.666069149971,5533.339641988277,2040.44908285141,4355.710782110691,-3400.8484333753586,-4466.660358011723
1,994,19.88,6736.435443162918,5579.377971589565,9492.769837379456,10000.0,-2023.666650056839,-4367.693401873112,3388.1037682294846,4466.660358011723
1,995,19.900000000000002,8738.656044006348,9955.3382396698,6121.295765042305,5539.942309260368,2002.2206008434296,4375.9602680802345,-3371.4740723371506,-4460.057690739632
1,996,19.92,6750.405579805374,5579.245910048485,9484.073221683502,10000.0,-1988.2504642009735,-4376.092329621315,3362.777456641197,4460.057690739632
1,997,19.94,8725.692927837372,9958.088397979736,6122.456640005112,5534.699782729149,1975.2873480319977,4378.8424879312515,-3361.6165816783905,-4465.300217270851
1,998,19.96,6759.233623743057,5590.604245662689,9479.184746742249,10000.0,-1966.4593040943146,-4367.484152317047,3356.728106737137,4465.300217270851
1,999,19.98,8721.366226673126,9956.071674823761,6109.648123383522,5526.437200605869,1962.132602930069,4365.467429161072,-3369.5366233587265,-4473.562799394131
