episode,step,time_s,u1_rpm,u2_rpm,u3_rpm,u4_rpm,du1_rpm,du2_rpm,du3_rpm,du4_rpm
1,0,0.0,5870.962589979172,7846.201658248901,9229.790568351746,7428.6288022994995,0.0,0.0,0.0,0.0
1,1,0.01,6221.681535243988,7844.143509864807,8924.511075019836,7506.3556432724,350.7189452648163,-2.0581483840942383,-305.2794933319092,77.72684097290039
1,2,0.02,6234.456449747086,7927.048206329346,8913.190960884094,7491.264343261719,12.774914503097534,82.90469646453857,-11.320114135742188,-15.091300010681152
1,3,0.03,6305.9401512146,7986.9407415390015,8812.75326013565,7489.760518074036,71.48370146751404,59.89253520965576,-100.4377007484436,-1.5038251876831055
1,4,0.04,6447.620540857315,8022.695779800415,8650.451302528381,7513.826489448547,141.68038964271545,35.755038261413574,-162.3019576072693,24.06597137451172
1,5,0.05,6637.211441993713,8037.849068641663,8470.250070095062,7552.434206008911,189.59090113639832,15.153288841247559,-180.2012324333191,38.60771656036377
1,6,0.06,6958.488374948502,8013.3795738220215,8198.963403701782,7651.861608028412,321.2769329547882,-24.469494819641113,-271.28666639328003,99.42740201950073
1,7,0.07,7328.364700078964,7961.726188659668,7898.874580860138,7790.219187736511,369.87632513046265,-51.653385162353516,-300.0888228416443,138.35757970809937
1,8,0.08,7770.2754735946655,7914.950251579285,7566.075026988983,7935.577034950256,441.9107735157013,-46.7759370803833,-332.7995538711548,145.35784721374512
1,9,0.09,8140.086233615875,7854.20298576355,7283.5299372673035,8079.4888734817505,369.8107600212097,-60.74726581573486,-282.5450897216797,143.91183853149414
1,10,0.1,8287.478685379028,7789.836525917053,7214.847058057785,8132.1680545806885,147.39245176315308,-64.36645984649658,-68.68287920951843,52.67918109893799
1,11,0.11,8397.771120071411,7728.536128997803,7178.376615047455,8169.904947280884,110.29243469238281,-61.30039691925049,-36.4704430103302,37.73689270019531
1,12,0.12,8493.525981903076,7719.751000404358,7166.610956192017,8187.999725341797,95.75486183166504,-8.785128593444824,-11.765658855438232,18.094778060913086
1,13,0.13,8563.21394443512,7723.150849342346,7174.542248249054,8209.039568901062,69.68796253204346,3.3998489379882812,7.9312920570373535,21.039843559265137
1,14,0.14,8597.738146781921,7735.726237297058,7200.4275023937225,8231.61005973816,34.52420234680176,12.575387954711914,25.88525414466858,22.570490837097168
1,15,0.15,8607.836961746216,7758.84747505188,7234.366685152054,8249.495327472687,10.098814964294434,23.121237754821777,33.9391827583313,17.885267734527588
1,16,0.16,8594.22743320465,7788.40184211731,7280.244529247284,8260.959088802338,-13.609528541564941,29.554367065429688,45.8778440952301,11.463761329650879
1,17,0.17,8560.135066509247,7820.883393287659,7338.397353887558,8266.50083065033,-34.09236669540405,32.48155117034912,58.15282464027405,5.541741847991943
1,18,0.18,8511.284589767456,7851.898074150085,7407.506108283997,8269.076943397522,-48.85047674179077,31.014680862426758,69.1087543964386,2.576112747192383
1,19,0.19,8449.411988258362,7882.677316665649,7482.476085424423,8266.75534248352,-61.87260150909424,30.779242515563965,74.96997714042664,-2.321600914001465
1,20,0.2,8377.823233604431,7912.623882293701,7560.55474281311,8259.939551353455,-71.58875465393066,29.946565628051758,78.07865738868713,-6.815791130065918
1,21,0.21,8300.790786743164,7941.686511039734,7636.478841304779,8249.216973781586,-77.03244686126709,29.062628746032715,75.9240984916687,-10.722577571868896
1,22,0.22,8221.10891342163,7969.526648521423,7707.861661911011,8235.121667385101,-79.6818733215332,27.840137481689453,71.38282060623169,-14.095306396484375
1,23,0.23,8139.982223510742,7995.380759239197,7775.74896812439,8218.05477142334,-81.12668991088867,25.854110717773438,67.8873062133789,-17.066895961761475
1,24,0.24,8085.586130619049,8024.744987487793,7820.385694503784,8202.742040157318,-54.396092891693115,29.36422824859619,44.63672637939453,-15.312731266021729
1,25,0.25,8042.893707752228,8055.463433265686,7857.038378715515,8185.164034366608,-42.69242286682129,30.718445777893066,36.65268421173096,-17.57800579071045
1,26,0.26,8001.602590084076,8082.0876359939575,7894.521951675415,8165.580928325653,-41.291117668151855,26.624202728271484,37.4835729598999,-19.58310604095459
1,27,0.27,7961.238920688629,8106.859922409058,7929.707765579224,8145.405054092407,-40.36366939544678,24.772286415100098,35.185813903808594,-20.17587423324585
1,28,0.28,7921.939492225647,8128.981590270996,7963.8272523880005,8126.387596130371,-39.29942846298218,22.121667861938477,34.119486808776855,-19.017457962036133
1,29,0.29,7884.139716625214,8148.854374885559,7995.671033859253,8107.690811157227,-37.79977560043335,19.87278461456299,31.84378147125244,-18.69678497314453
1,30,0.3,7848.066091537476,8166.4276123046875,8025.0149965286255,8089.447915554047,-36.07362508773804,17.573237419128418,29.34396266937256,-18.24289560317993
1,31,0.31,7813.8744831085205,8181.601762771606,8051.825165748596,8071.922063827515,-34.19160842895508,15.174150466918945,26.810169219970703,-17.525851726531982
1,32,0.32,7781.679630279541,8194.313049316406,8076.098263263702,8055.337071418762,-32.19485282897949,12.711286544799805,24.2730975151062,-16.58499240875244
1,33,0.33,7751.556634902954,8204.525709152222,8097.857236862183,8039.880990982056,-30.122995376586914,10.21265983581543,21.758973598480225,-15.456080436706543
1,34,0.34,7723.54394197464,8212.235569953918,8117.150664329529,8025.7028341293335,-28.01269292831421,7.709860801696777,19.29342746734619,-14.178156852722168
1,35,0.35000000000000003,7697.648406028748,8217.468857765198,8134.046196937561,8012.911081314087,-25.895535945892334,5.233287811279297,16.895532608032227,-12.791752815246582
1,36,0.36,7673.846185207367,8220.276236534119,8148.631453514099,8001.578450202942,-23.802220821380615,2.8073787689208984,14.585256576538086,-11.33263111114502
1,37,0.37,7652.0878076553345,8220.73519229889,8161.007463932037,7991.741001605988,-21.75837755203247,0.4589557647705078,12.376010417938232,-9.837448596954346
1,38,0.38,7632.300853729248,8218.945860862732,8171.289563179016,7983.4020137786865,-19.786953926086426,-1.7893314361572266,10.28209924697876,-8.338987827301025
1,39,0.39,7614.392340183258,8215.029835700989,8179.600834846497,7976.532876491547,-17.90851354598999,-3.916025161743164,8.311271667480469,-6.869137287139893
1,40,0.4,7598.060965538025,8209.200501441956,8186.197578907013,7971.135973930359,-16.331374645233154,-5.829334259033203,6.596744060516357,-5.396902561187744
1,41,0.41000000000000003,7582.647800445557,8201.82740688324,8191.555142402649,7967.29177236557,-15.413165092468262,-7.37309455871582,5.357563495635986,-3.8442015647888184
1,42,0.42,7568.83978843689,8192.764520645142,8195.265531539917,7964.673340320587,-13.808012008666992,-9.062886238098145,3.7103891372680664,-2.61843204498291
1,43,0.43,7556.507587432861,8182.184100151062,8197.464346885681,7963.16385269165,-12.33220100402832,-10.58042049407959,2.19881534576416,-1.5094876289367676
1,44,0.44,7545.512020587921,8170.264363288879,8198.291063308716,7962.635159492493,-10.995566844940186,-11.919736862182617,0.826716423034668,-0.5286931991577148
1,45,0.45,7535.824179649353,8155.815601348877,8198.476135730743,7961.91394329071,-9.687840938568115,-14.448761940002441,0.1850724220275879,-0.7212162017822266
1,46,0.46,7527.429759502411,8137.361407279968,8198.84479045868,7959.566712379456,-8.394420146942139,-18.45419406890869,0.368654727935791,-2.347230911254883
1,47,0.47000000000000003,7519.96636390686,8117.462396621704,8198.447823524475,7957.169413566589,-7.463395595550537,-19.89901065826416,-0.39696693420410156,-2.397298812866211
1,48,0.48,7513.943314552307,8096.687793731689,8196.187019348145,7955.385446548462,-6.023049354553223,-20.77460289001465,-2.2608041763305664,-1.7839670181274414
1,49,0.49,7509.903907775879,8075.709342956543,8190.870881080627,7955.015599727631,-4.039406776428223,-20.978450775146484,-5.31613826751709,-0.36984682083129883
1,50,0.5,7506.293058395386,8054.177165031433,8185.0942969322205,7954.419255256653,-3.610849380493164,-21.532177925109863,-5.776584148406982,-0.5963444709777832
1,51,0.51,7503.18706035614,8032.410740852356,8178.895711898804,7953.319251537323,-3.1059980392456055,-21.76642417907715,-6.198585033416748,-1.100003719329834
1,52,0.52,7501.213848590851,8011.443018913269,8171.138763427734,7950.3196477890015,-1.9732117652893066,-20.967721939086914,-7.756948471069336,-2.999603748321533
1,53,0.53,7499.490827322006,7990.772128105164,8162.861466407776,7946.330904960632,-1.7230212688446045,-20.67089080810547,-8.277297019958496,-3.9887428283691406
1,54,0.54,7497.64159321785,7970.274090766907,8154.574632644653,7941.705584526062,-1.8492341041564941,-20.498037338256836,-8.286833763122559,-4.6253204345703125
1,55,0.55,7495.537549257278,7950.073480606079,8146.39151096344,7936.418354511261,-2.104043960571289,-20.200610160827637,-8.183121681213379,-5.287230014801025
1,56,0.56,7493.54675412178,7930.5499792099,8139.06729221344,7930.0084710121155,-1.9907951354980469,-19.5235013961792,-7.32421875,-6.409883499145508
1,57,0.5700000000000001,7491.144388914108,7911.891937255859,8132.250607013702,7922.776937484741,-2.402365207672119,-18.658041954040527,-6.816685199737549,-7.231533527374268
1,58,0.58,7488.3149564266205,7893.739342689514,8125.806152820587,7914.935052394867,-2.829432487487793,-18.152594566345215,-6.444454193115234,-7.841885089874268
1,59,0.59,7485.005110502243,7876.142263412476,8119.785189628601,7906.517386436462,-3.3098459243774414,-17.597079277038574,-6.020963191986084,-8.417665958404541
1,60,0.6,7481.177598237991,7859.145402908325,8114.227652549744,7897.569537162781,-3.827512264251709,-16.99686050415039,-5.557537078857422,-8.94784927368164
1,61,0.61,7476.809173822403,7842.782139778137,8109.1636419296265,7888.144850730896,-4.368424415588379,-16.36326313018799,-5.0640106201171875,-9.424686431884766
1,62,0.62,7471.889406442642,7827.081084251404,8104.614019393921,7878.302335739136,-4.919767379760742,-15.701055526733398,-4.549622535705566,-9.842514991760254
1,63,0.63,7466.4197862148285,7812.061905860901,8100.590705871582,7868.108451366425,-5.469620227813721,-15.01917839050293,-4.023313522338867,-10.193884372711182
1,64,0.64,7460.41402220726,7797.739505767822,8097.097277641296,7857.633829116821,-6.005764007568359,-14.322400093078613,-3.4934282302856445,-10.474622249603271
1,65,0.65,7453.893572092056,7784.125208854675,8094.131946563721,7846.952378749847,-6.520450115203857,-13.614296913146973,-2.9653310775756836,-10.681450366973877
1,66,0.66,7446.891218423843,7771.220803260803,8091.685175895691,7836.142182350159,-7.002353668212891,-12.90440559387207,-2.446770668029785,-10.81019639968872
1,67,0.67,7437.55504488945,7761.979103088379,8093.253672122955,7826.51960849762,-9.33617353439331,-9.241700172424316,1.5684962272644043,-9.622573852539062
1,68,0.68,7427.796870470047,7753.92472743988,8095.642924308777,7817.250192165375,-9.758174419403076,-8.054375648498535,2.389252185821533,-9.269416332244873
1,69,0.6900000000000001,7417.876869440079,7746.796011924744,8098.503947257996,7808.334827423096,-9.920001029968262,-7.128715515136719,2.86102294921875,-8.915364742279053
1,70,0.7000000000000001,7407.916933298111,7740.50772190094,8101.721107959747,7799.836099147797,-9.959936141967773,-6.288290023803711,3.217160701751709,-8.498728275299072
1,71,0.71,7398.804277181625,7735.169529914856,8105.145990848541,7791.44287109375,-9.112656116485596,-5.338191986083984,3.4248828887939453,-8.39322805404663
1,72,0.72,7391.487807035446,7730.9054136276245,8108.6742877960205,7782.825231552124,-7.316470146179199,-4.264116287231445,3.528296947479248,-8.617639541625977
1,73,0.73,7384.013235569,7727.025151252747,8112.311661243439,7774.65432882309,-7.474571466445923,-3.8802623748779297,3.637373447418213,-8.170902729034424
1,74,0.74,7376.615852117538,7723.509073257446,8115.986585617065,7767.027318477631,-7.397383451461792,-3.516077995300293,3.674924373626709,-7.627010345458984
1,75,0.75,7369.562238454819,7720.368504524231,8119.645118713379,7760.0473165512085,-7.053613662719727,-3.140568733215332,3.6585330963134766,-6.980001926422119
1,76,0.76,7362.903207540512,7717.541456222534,8123.230934143066,7753.744721412659,-6.659030914306641,-2.8270483016967773,3.5858154296875,-6.302595138549805
1,77,0.77,7356.685101985931,7714.968919754028,8126.693964004517,7748.141288757324,-6.2181055545806885,-2.5725364685058594,3.4630298614501953,-5.603432655334473
1,78,0.78,7350.9447276592255,7712.605595588684,8129.99427318573,7743.24893951416,-5.740374326705933,-2.3633241653442383,3.300309181213379,-4.8923492431640625
1,79,0.79,7345.713526010513,7710.41214466095,8133.098781108856,7739.071547985077,-5.231201648712158,-2.193450927734375,3.1045079231262207,-4.177391529083252
1,80,0.8,7341.015785932541,7708.3563804626465,8135.98096370697,7735.605835914612,-4.697740077972412,-2.0557641983032227,2.8821825981140137,-3.465712070465088
1,81,0.81,7336.868643760681,7706.41565322876,8138.624429702759,7732.841968536377,-4.147142171859741,-1.9407272338867188,2.643465995788574,-2.7638673782348633
1,82,0.8200000000000001,7333.867251873016,7704.35094833374,8136.612176895142,7727.631330490112,-3.001391887664795,-2.0647048950195312,-2.0122528076171875,-5.210638046264648
1,83,0.8300000000000001,7331.4303159713745,7702.341079711914,8132.89999961853,7722.401022911072,-2.4369359016418457,-2.009868621826172,-3.712177276611328,-5.230307579040527
1,84,0.84,7329.392284154892,7700.170874595642,8128.609657287598,7717.53191947937,-2.038031816482544,-2.1702051162719727,-4.290342330932617,-4.86910343170166
1,85,0.85,7327.692955732346,7697.831988334656,8123.830556869507,7713.037729263306,-1.6993284225463867,-2.338886260986328,-4.77910041809082,-4.494190216064453
1,86,0.86,7326.272875070572,7695.327997207642,8118.646740913391,7708.926200866699,-1.4200806617736816,-2.50399112701416,-5.183815956115723,-4.111528396606445
1,87,0.87,7325.10432600975,7692.499160766602,8113.200068473816,7705.394923686981,-1.1685490608215332,-2.828836441040039,-5.446672439575195,-3.5312771797180176
1,88,0.88,7324.138581752777,7689.340710639954,8107.579946517944,7702.469229698181,-0.9657442569732666,-3.158450126647949,-5.620121955871582,-2.925693988800049
1,89,0.89,7323.294281959534,7686.043977737427,8101.806938648224,7699.955403804779,-0.8442997932434082,-3.2967329025268555,-5.773007869720459,-2.5138258934020996
1,90,0.9,7322.525233030319,7682.632803916931,8095.942735671997,7697.843313217163,-0.7690489292144775,-3.4111738204956055,-5.864202976226807,-2.112090587615967
1,91,0.91,7321.790009737015,7679.1369915008545,8090.0391936302185,7696.119248867035,-0.7352232933044434,-3.49581241607666,-5.9035420417785645,-1.7240643501281738
1,92,0.92,7321.052700281143,7675.58217048645,8084.1392278671265,7694.770395755768,-0.737309455871582,-3.554821014404297,-5.899965763092041,-1.3488531112670898
1,93,0.93,7320.396602153778,7671.940326690674,8078.526258468628,7693.019509315491,-0.6560981273651123,-3.641843795776367,-5.612969398498535,-1.7508864402770996
1,94,0.9400000000000001,7319.829016923904,7668.181657791138,8073.264360427856,7690.666913986206,-0.5675852298736572,-3.758668899536133,-5.261898040771484,-2.352595329284668
1,95,0.9500000000000001,7319.217026233673,7664.341330528259,8068.075478076935,7688.519656658173,-0.6119906902313232,-3.840327262878418,-5.188882350921631,-2.1472573280334473
1,96,0.96,7318.5499012470245,7660.430669784546,8062.959909439087,7686.567604541779,-0.6671249866485596,-3.910660743713379,-5.1155686378479,-1.952052116394043
1,97,0.97,7317.8209364414215,7656.459808349609,8057.912588119507,7684.800624847412,-0.7289648056030273,-3.9708614349365234,-5.047321319580078,-1.766979694366455
1,98,0.98,7315.564602613449,7652.586102485657,8055.918514728546,7682.374119758606,-2.256333827972412,-3.8737058639526367,-1.9940733909606934,-2.4265050888061523
1,99,0.99,7313.044220209122,7648.443579673767,8055.257201194763,7679.795324802399,-2.5203824043273926,-4.142522811889648,-0.661313533782959,-2.5787949562072754
1,100,1.0,7311.241626739502,7643.845081329346,8054.260611534119,7677.506804466248,-1.802593469619751,-4.598498344421387,-0.9965896606445312,-2.288520336151123
1,101,1.01,7309.548705816269,7639.065980911255,8053.253293037415,7675.273418426514,-1.6929209232330322,-4.77910041809082,-1.0073184967041016,-2.2333860397338867
1,102,1.02,7307.9913854599,7634.103298187256,8052.160143852234,7673.062682151794,-1.5573203563690186,-4.962682723999023,-1.093149185180664,-2.2107362747192383
1,103,1.03,7306.594103574753,7628.955245018005,8050.915002822876,7670.842409133911,-1.3972818851470947,-5.148053169250488,-1.2451410293579102,-2.220273017883301
1,104,1.04,7305.374294519424,7623.622715473175,8049.454689025879,7668.578326702118,-1.2198090553283691,-5.332529544830322,-1.4603137969970703,-2.264082431793213
1,105,1.05,7304.346859455109,7618.1066036224365,8047.718107700348,7666.232585906982,-1.027435064315796,-5.516111850738525,-1.7365813255310059,-2.345740795135498
1,106,1.06,7303.521931171417,7612.410187721252,8045.652210712433,7663.769721984863,-0.8249282836914062,-5.696415901184082,-2.065896987915039,-2.4628639221191406
1,107,1.07,7302.90487408638,7606.537938117981,8043.208718299866,7661.15128993988,-0.6170570850372314,-5.872249603271484,-2.4434924125671387,-2.61843204498291
1,108,1.08,7301.068603992462,7603.2209396362305,8044.300079345703,7659.486830234528,-1.8362700939178467,-3.3169984817504883,1.0913610458374023,-1.6644597053527832
1,109,1.09,7299.023419618607,7600.853443145752,8046.547770500183,7658.217549324036,-2.045184373855591,-2.3674964904785156,2.2476911544799805,-1.2692809104919434
1,110,1.1,7297.176420688629,7598.80930185318,8048.9954352378845,7657.105028629303,-1.846998929977417,-2.0441412925720215,2.447664737701416,-1.112520694732666
1,111,1.11,7295.5745458602905,7597.072124481201,8051.581978797913,7656.1325788497925,-1.601874828338623,-1.7371773719787598,2.586543560028076,-0.972449779510498
1,112,1.12,7294.258773326874,7595.6279039382935,8054.247796535492,7655.2823185920715,-1.315772533416748,-1.4442205429077148,2.6658177375793457,-0.8502602577209473
1,113,1.1300000000000001,7293.270081281662,7594.457268714905,8056.930601596832,7654.535174369812,-0.988692045211792,-1.1706352233886719,2.682805061340332,-0.7471442222595215
1,114,1.1400000000000001,7292.644679546356,7593.541741371155,8059.570789337158,7653.869092464447,-0.6254017353057861,-0.91552734375,2.6401877403259277,-0.6660819053649902
1,115,1.1500000000000001,7292.415350675583,7592.858374118805,8062.107563018799,7653.26201915741,-0.22932887077331543,-0.6833672523498535,2.536773681640625,-0.6070733070373535
1,116,1.16,7292.610555887222,7592.384219169617,8064.481616020203,7652.690708637238,0.1952052116394043,-0.4741549491882324,2.3740530014038086,-0.5713105201721191
1,117,1.17,7293.635159730911,7591.941952705383,8066.935837268829,7651.971280574799,1.0246038436889648,-0.44226646423339844,2.454221248626709,-0.7194280624389648
1,118,1.18,7295.5866158008575,7591.480910778046,8069.4809556007385,7651.04740858078,1.951456069946289,-0.4610419273376465,2.5451183319091797,-0.9238719940185547
1,119,1.19,7298.105210065842,7591.131925582886,8071.768879890442,7650.056779384613,2.518594264984131,-0.3489851951599121,2.287924289703369,-0.9906291961669922
1,120,1.2,7301.194220781326,7590.873539447784,8073.735237121582,7648.9803194999695,3.089010715484619,-0.25838613510131836,1.9663572311401367,-1.0764598846435547
1,121,1.21,7304.851412773132,7590.680420398712,8075.321018695831,7647.801637649536,3.6571919918060303,-0.19311904907226562,1.5857815742492676,-1.1786818504333496
1,122,1.22,7309.073060750961,7590.528130531311,8076.4636397361755,7646.50285243988,4.2216479778289795,-0.15228986740112305,1.1426210403442383,-1.2987852096557617
1,123,1.23,7313.8488829135895,7590.392827987671,8077.105283737183,7645.068168640137,4.775822162628174,-0.13530254364013672,0.6416440010070801,-1.4346837997436523
1,124,1.24,7319.165766239166,7590.249180793762,8077.18813419342,7643.483579158783,5.316883325576782,-0.1436471939086914,0.08285045623779297,-1.5845894813537598
1,125,1.25,7325.00746846199,7590.075731277466,8076.658844947815,7641.734182834625,5.841702222824097,-0.17344951629638672,-0.5292892456054688,-1.7493963241577148
1,126,1.26,7331.352531909943,7589.847445487976,8075.464069843292,7639.809548854828,6.3450634479522705,-0.2282857894897461,-1.194775104522705,-1.9246339797973633
1,127,1.27,7338.178008794785,7589.544057846069,8073.55523109436,7637.697756290436,6.825476884841919,-0.3033876419067383,-1.9088387489318848,-2.11179256439209
1,128,1.28,7345.456629991531,7589.145302772522,8070.886135101318,7635.3901624679565,7.278621196746826,-0.3987550735473633,-2.669095993041992,-2.307593822479248
1,129,1.29,7353.158593177795,7588.632702827454,8067.4147605896,7632.879316806793,7.701963186264038,-0.5125999450683594,-3.47137451171875,-2.51084566116333
1,130,1.3,7361.250668764114,7587.989568710327,8063.103556632996,7630.159854888916,8.09207558631897,-0.6431341171264648,-4.311203956604004,-2.7194619178771973
1,131,1.31,7369.697839021683,7587.20189332962,8057.918548583984,7627.228200435638,8.44717025756836,-0.7876753807067871,-5.1850080490112305,-2.931654453277588
1,132,1.32,7378.46165895462,7586.258053779602,8051.830530166626,7624.081373214722,8.763819932937622,-0.9438395500183105,-6.088018417358398,-3.146827220916748
1,133,1.33,7389.407306909561,7584.397196769714,8043.805360794067,7621.25700712204,10.945647954940796,-1.8608570098876953,-8.025169372558594,-2.8243660926818848
1,134,1.34,7402.0059406757355,7581.884264945984,8034.161329269409,7618.595361709595,12.598633766174316,-2.5129318237304688,-9.644031524658203,-2.6616454124450684
1,135,1.35,7415.203303098679,7579.177021980286,8023.48405122757,7615.799903869629,13.197362422943115,-2.707242965698242,-10.6772780418396,-2.7954578399658203
1,136,1.36,7428.906410932541,7576.313316822052,8011.813163757324,7612.864375114441,13.703107833862305,-2.8637051582336426,-11.670887470245361,-2.9355287551879883
1,137,1.37,7443.01900267601,7573.336362838745,7999.194264411926,7609.782814979553,14.112591743469238,-2.9769539833068848,-12.61889934539795,-3.0815601348876953
1,138,1.3800000000000001,7457.536607980728,7570.251226425171,7985.75222492218,7606.484889984131,14.517605304718018,-3.0851364135742188,-13.442039489746094,-3.2979249954223633
1,139,1.3900000000000001,7472.37429022789,7567.095756530762,7971.56035900116,7602.957487106323,14.837682247161865,-3.1554698944091797,-14.191865921020508,-3.527402877807617
1,140,1.4000000000000001,7487.321645021439,7563.955187797546,7956.610918045044,7599.279284477234,14.947354793548584,-3.140568733215332,-14.949440956115723,-3.6782026290893555
1,141,1.41,7502.270936965942,7560.874223709106,7940.973341464996,7595.45624256134,14.949291944503784,-3.0809640884399414,-15.637576580047607,-3.8230419158935547
1,142,1.42,7517.114877700806,7557.897567749023,7924.720644950867,7591.497302055359,14.843940734863281,-2.976655960083008,-16.25269651412964,-3.9589405059814453
1,143,1.43,7531.747817993164,7555.06694316864,7907.930314540863,7587.411105632782,14.632940292358398,-2.830624580383301,-16.790330410003662,-4.086196422576904
1,144,1.44,7546.066045761108,7552.423477172852,7890.682816505432,7583.208978176117,14.318227767944336,-2.643465995788574,-17.247498035430908,-4.202127456665039
1,145,1.45,7559.970319271088,7550.003528594971,7873.0592131614685,7578.902840614319,13.904273509979248,-2.4199485778808594,-17.623603343963623,-4.306137561798096
1,146,1.46,7573.363184928894,7547.841668128967,7855.142652988434,7574.506998062134,13.392865657806396,-2.161860466003418,-17.916560173034668,-4.395842552185059
1,147,1.47,7586.155533790588,7545.9688901901245,7837.016582489014,7570.036053657532,12.792348861694336,-1.8727779388427734,-18.126070499420166,-4.470944404602051
1,148,1.48,7598.26123714447,7544.411718845367,7818.761467933655,7565.5049085617065,12.105703353881836,-1.55717134475708,-18.255114555358887,-4.531145095825195
1,149,1.49,7609.602510929108,7543.192505836487,7800.460457801819,7560.931444168091,11.341273784637451,-1.2192130088806152,-18.301010131835938,-4.573464393615723
1,150,1.5,7620.106339454651,7542.328834533691,7782.190442085266,7556.331157684326,10.503828525543213,-0.8636713027954102,-18.270015716552734,-4.600286483764648
1,151,1.51,7629.708647727966,7541.834115982056,7764.027714729309,7551.721632480621,9.60230827331543,-0.4947185516357422,-18.16272735595703,-4.609525203704834
1,152,1.52,7638.35221529007,7541.716694831848,7746.0432052612305,7547.120153903961,8.643567562103271,-0.11742115020751953,-17.984509468078613,-4.601478576660156
1,153,1.53,7645.988166332245,7541.979551315308,7728.304862976074,7542.544007301331,7.635951042175293,0.26285648345947266,-17.73834228515625,-4.576146602630615
1,154,1.54,7652.575671672821,7542.622089385986,7710.875868797302,7538.01167011261,6.587505340576172,0.6425380706787109,-17.428994178771973,-4.532337188720703
1,155,1.55,7658.0822467803955,7543.6365604400635,7693.813741207123,7533.538937568665,5.506575107574463,1.0144710540771484,-17.062127590179443,-4.4727325439453125
1,156,1.56,7662.484049797058,7545.013427734375,7677.169442176819,7529.143393039703,4.401803016662598,1.3768672943115234,-16.644299030303955,-4.395544528961182
1,157,1.57,7665.766179561615,7546.737194061279,7660.989463329315,7524.840831756592,3.2821297645568848,1.7237663269042969,-16.179978847503662,-4.302561283111572
1,158,1.58,7667.920887470245,7548.787593841553,7645.313441753387,7520.647048950195,2.154707908630371,2.0503997802734375,-15.676021575927734,-4.193782806396484
1,159,1.59,7668.949067592621,7551.141977310181,7630.174458026886,7516.576051712036,1.0281801223754883,2.3543834686279297,-15.138983726501465,-4.07099723815918
1,160,1.6,7668.8602566719055,7553.772330284119,7615.598738193512,7512.64214515686,-0.08881092071533203,2.6303529739379883,-14.575719833374023,-3.9339065551757812
1,161,1.61,7667.670249938965,7556.649446487427,7601.608335971832,7508.858740329742,-1.1900067329406738,2.8771162033081055,-13.990402221679688,-3.78340482711792
1,162,1.62,7665.4040813446045,7559.739649295807,7588.214874267578,7505.236566066742,-2.2661685943603516,3.090202808380127,-13.39346170425415,-3.6221742630004883
1,163,1.6300000000000001,7662.091851234436,7563.005983829498,7575.428485870361,7501.786649227142,-3.312230110168457,3.2663345336914062,-12.786388397216797,-3.4499168395996094
1,164,1.6400000000000001,7657.771706581116,7566.412091255188,7563.2500648498535,7498.518228530884,-4.3201446533203125,3.4061074256896973,-12.178421020507812,-3.268420696258545
1,165,1.6500000000000001,7652.485966682434,7569.917440414429,7551.675736904144,7495.439648628235,-5.285739898681641,3.5053491592407227,-11.574327945709229,-3.078579902648926
1,166,1.6600000000000001,7647.49139547348,7572.98469543457,7541.766166687012,7492.005228996277,-4.994571208953857,3.0672550201416016,-9.909570217132568,-3.434419631958008
1,167,1.67,7639.428973197937,7576.199173927307,7537.9979610443115,7487.127780914307,-8.062422275543213,3.2144784927368164,-3.7682056427001953,-4.877448081970215
1,168,1.68,7631.102502346039,7579.657435417175,7534.675896167755,7482.2551012039185,-8.326470851898193,3.458261489868164,-3.3220648765563965,-4.872679710388184
1,169,1.69,7622.496783733368,7583.0453634262085,7531.758248806,7477.521896362305,-8.605718612670898,3.387928009033203,-2.917647361755371,-4.7332048416137695
1,170,1.7,7613.6314868927,7586.130201816559,7529.18541431427,7473.018765449524,-8.865296840667725,3.084838390350342,-2.5728344917297363,-4.503130912780762
1,171,1.71,7604.612112045288,7588.858604431152,7526.850402355194,7468.77133846283,-9.01937484741211,2.728402614593506,-2.3350119590759277,-4.247426986694336
1,172,1.72,7595.537304878235,7591.180205345154,7524.659335613251,7464.800775051117,-9.074807167053223,2.321600914001465,-2.1910667419433594,-3.9705634117126465
1,173,1.73,7586.494982242584,7593.056559562683,7522.527873516083,7461.118996143341,-9.042322635650635,1.8763542175292969,-2.1314620971679688,-3.681778907775879
1,174,1.74,7577.564418315887,7594.453692436218,7520.38300037384,7457.734644412994,-8.930563926696777,1.3971328735351562,-2.1448731422424316,-3.3843517303466797
1,175,1.75,7568.8159465789795,7595.34478187561,7518.162727355957,7454.649209976196,-8.748471736907959,0.8910894393920898,-2.220273017883301,-3.0854344367980957
1,176,1.76,7560.308873653412,7595.713138580322,7515.813410282135,7451.86060667038,-8.507072925567627,0.36835670471191406,-2.3493170738220215,-2.7886033058166504
1,177,1.77,7552.095055580139,7595.546245574951,7513.294219970703,7449.360191822052,-8.213818073272705,-0.16689300537109375,-2.5191903114318848,-2.5004148483276367
1,178,1.78,7544.216513633728,7594.837546348572,7510.570585727692,7447.138428688049,-7.878541946411133,-0.7086992263793945,-2.7236342430114746,-2.2217631340026855
1,179,1.79,7536.706030368805,7593.588829040527,7507.617175579071,7445.178329944611,-7.510483264923096,-1.2487173080444336,-2.9534101486206055,-1.9600987434387207
1,180,1.8,7529.589831829071,7591.806054115295,7504.41700220108,7443.462908267975,-7.116198539733887,-1.7827749252319336,-3.2001733779907227,-1.7154216766357422
1,181,1.81,7522.885203361511,7589.499354362488,7500.95933675766,7441.971302032471,-6.7046284675598145,-2.306699752807617,-3.45766544342041,-1.4916062355041504
1,182,1.82,7516.602873802185,7586.686015129089,7497.241944074631,7440.6808614730835,-6.282329559326172,-2.8133392333984375,-3.717392683029175,-1.290440559387207
1,183,1.83,7510.799765586853,7583.363950252533,7493.303716182709,7439.531683921814,-5.803108215332031,-3.3220648765563965,-3.938227891921997,-1.1491775512695312
1,184,1.84,7505.440711975098,7579.56862449646,7489.128410816193,7438.521385192871,-5.359053611755371,-3.795325756072998,-4.175305366516113,-1.010298728942871
1,185,1.85,7500.503361225128,7575.331926345825,7484.716773033142,7437.637746334076,-4.937350749969482,-4.236698150634766,-4.411637783050537,-0.883638858795166
1,186,1.86,7495.97504734993,7570.68008184433,7480.083703994751,7436.856627464294,-4.528313875198364,-4.651844501495361,-4.633069038391113,-0.7811188697814941
1,187,1.87,7491.839677095413,7565.644383430481,7475.24619102478,7436.152100563049,-4.135370254516602,-5.035698413848877,-4.837512969970703,-0.7045269012451172
1,188,1.8800000000000001,7488.076835870743,7560.253143310547,7470.225691795349,7435.503005981445,-3.76284122467041,-5.391240119934082,-5.020499229431152,-0.6490945816040039
1,189,1.8900000000000001,7484.664767980576,7554.539442062378,7465.042173862457,7434.885799884796,-3.4120678901672363,-5.713701248168945,-5.183517932891846,-0.6172060966491699
1,190,1.9000000000000001,7481.57724738121,7548.531591892242,7459.72141623497,7434.279024600983,-3.0875205993652344,-6.007850170135498,-5.320757627487183,-0.6067752838134766
1,191,1.9100000000000001,7478.788048028946,7542.262077331543,7454.286217689514,7433.664798736572,-2.7891993522644043,-6.269514560699463,-5.435198545455933,-0.6142258644104004
1,192,1.92,7476.268261671066,7535.760998725891,7448.762208223343,7433.023750782013,-2.5197863578796387,-6.5010786056518555,-5.524009466171265,-0.6410479545593262
1,193,1.93,7473.990172147751,7529.056668281555,7443.173378705978,7432.3394894599915,-2.2780895233154297,-6.7043304443359375,-5.588829517364502,-0.6842613220214844
1,194,1.94,7471.92457318306,7522.181272506714,7437.540888786316,7431.575655937195,-2.065598964691162,-6.875395774841309,-5.632489919662476,-0.7638335227966309
1,195,1.95,7470.054775476456,7515.257000923157,7431.812882423401,7430.253624916077,-1.869797706604004,-6.924271583557129,-5.728006362915039,-1.322031021118164
1,196,1.96,7468.332499265671,7508.16285610199,7426.093518733978,7428.929507732391,-1.722276210784912,-7.094144821166992,-5.719363689422607,-1.3241171836853027
1,197,1.97,7466.728240251541,7500.919997692108,7420.4084277153015,7427.607774734497,-1.6042590141296387,-7.242858409881592,-5.685091018676758,-1.321732997894287
1,198,1.98,7465.182691812515,7493.691295385361,7414.79218006134,7426.080405712128,-1.545548439025879,-7.2287023067474365,-5.616247653961182,-1.5273690223693848
1,199,1.99,7463.640421628952,7486.601620912552,7409.269958734512,7424.182891845703,-1.5422701835632324,-7.089674472808838,-5.522221326828003,-1.8975138664245605
1,200,2.0,7462.130635976791,7479.42790389061,7403.835505247116,7422.249317169189,-1.5097856521606445,-7.173717021942139,-5.43445348739624,-1.9335746765136719
1,201,2.0100000000000002,7460.7424437999725,7472.354918718338,7398.665249347687,7420.398592948914,-1.3881921768188477,-7.0729851722717285,-5.170255899429321,-1.850724220275879
1,202,2.02,7460.043579339981,7466.310113668442,7394.610941410065,7419.216632843018,-0.6988644599914551,-6.04480504989624,-4.05430793762207,-1.181960105895996
1,203,2.0300000000000002,7459.420412778854,7460.343539714813,7390.81010222435,7418.153285980225,-0.623166561126709,-5.96657395362854,-3.8008391857147217,-1.0633468627929688
1,204,2.04,7458.853870630264,7454.452067613602,7387.265563011169,7417.21510887146,-0.5665421485900879,-5.891472101211548,-3.544539213180542,-0.9381771087646484
1,205,2.05,7458.32696557045,7448.635101318359,7383.9810490608215,7416.409850120544,-0.5269050598144531,-5.81696629524231,-3.2845139503479004,-0.8052587509155273
1,206,2.06,7457.837909460068,7443.023771047592,7380.903363227844,7415.27646780014,-0.4890561103820801,-5.611330270767212,-3.077685832977295,-1.1333823204040527
1,207,2.07,7457.364350557327,7437.517046928406,7378.059774637222,7414.09957408905,-0.4735589027404785,-5.506724119186401,-2.8435885906219482,-1.176893711090088
1,208,2.08,7456.890493631363,7432.077974081039,7375.459372997284,7412.9718542099,-0.47385692596435547,-5.439072847366333,-2.6004016399383545,-1.1277198791503906
1,209,2.09,7456.42825961113,7426.687777042389,7373.1595277786255,7411.888241767883,-0.4622340202331543,-5.390197038650513,-2.2998452186584473,-1.0836124420166016
1,210,2.1,7455.980330705643,7421.3336408138275,7371.187508106232,7410.849332809448,-0.44792890548706055,-5.354136228561401,-1.9720196723937988,-1.0389089584350586
1,211,2.11,7455.50349354744,7416.019886732101,7369.450032711029,7409.88701581955,-0.476837158203125,-5.313754081726074,-1.7374753952026367,-0.9623169898986816
1,212,2.12,7454.989105463028,7410.739362239838,7367.942333221436,7409.00993347168,-0.5143880844116211,-5.280524492263794,-1.5076994895935059,-0.877082347869873
1,213,2.13,7454.429715871811,7405.486553907394,7366.65815114975,7408.223748207092,-0.559389591217041,-5.252808332443237,-1.284182071685791,-0.7861852645874023
1,214,2.14,7453.817576169968,7400.256395339966,7365.591526031494,7407.534718513489,-0.6121397018432617,-5.230158567428589,-1.0666251182556152,-0.6890296936035156
1,215,2.15,7453.146725893021,7395.046055316925,7364.737242460251,7406.947910785675,-0.6708502769470215,-5.2103400230407715,-0.8542835712432861,-0.5868077278137207
1,216,2.16,7452.412396669388,7389.853149652481,7364.087700843811,7406.4671993255615,-0.7343292236328125,-5.19290566444397,-0.6495416164398193,-0.4807114601135254
1,217,2.17,7451.458424329758,7385.629117488861,7363.623082637787,7405.298352241516,-0.953972339630127,-4.224032163619995,-0.4646182060241699,-1.1688470840454102
1,218,2.18,7450.468391180038,7382.702976465225,7363.164722919464,7402.963638305664,-0.9900331497192383,-2.9261410236358643,-0.4583597183227539,-2.334713935852051
1,219,2.19,7449.813634157181,7380.717694759369,7362.494766712189,7399.484217166901,-0.654757022857666,-1.9852817058563232,-0.6699562072753906,-3.4794211387634277
1,220,2.2,7449.122816324234,7378.702312707901,7361.932098865509,7396.122217178345,-0.6908178329467773,-2.0153820514678955,-0.5626678466796875,-3.361999988555908
1,221,2.21,7448.386400938034,7376.590371131897,7361.483573913574,7392.945289611816,-0.7364153861999512,-2.1119415760040283,-0.44852495193481445,-3.1769275665283203
1,222,2.22,7447.5957453250885,7374.320179224014,7361.153811216354,7390.014827251434,-0.7906556129455566,-2.2701919078826904,-0.32976269721984863,-2.93046236038208
1,223,2.23,7446.738630533218,7371.836453676224,7360.953241586685,7387.388050556183,-0.8571147918701172,-2.4837255477905273,-0.20056962966918945,-2.626776695251465
1,224,2.24,7445.8034336566925,7369.092255830765,7360.892444849014,7385.120391845703,-0.9351968765258789,-2.7441978454589844,-0.06079673767089844,-2.2676587104797363
1,225,2.25,7444.774657487869,7366.04705452919,7360.983490943909,7383.259534835815,-1.0287761688232422,-3.045201301574707,0.09104609489440918,-1.8608570098876953
1,226,2.2600000000000002,7443.658262491226,7362.660616636276,7361.293137073517,7381.836771965027,-1.1163949966430664,-3.3864378929138184,0.3096461296081543,-1.4227628707885742
1,227,2.27,7442.454844713211,7358.901649713516,7361.873090267181,7380.88071346283,-1.2034177780151367,-3.7589669227600098,0.5799531936645508,-0.9560585021972656
1,228,2.2800000000000002,7441.119104623795,7354.762703180313,7362.662851810455,7380.4450035095215,-1.335740089416504,-4.138946533203125,0.7897615432739258,-0.43570995330810547
1,229,2.29,7439.635246992111,7350.235283374786,7363.672256469727,7380.5588483810425,-1.4838576316833496,-4.527419805526733,1.0094046592712402,0.1138448715209961
1,230,2.3000000000000003,7437.986880540848,7345.316559076309,7364.914268255234,7381.243407726288,-1.6483664512634277,-4.918724298477173,1.2420117855072021,0.6845593452453613
1,231,2.31,7436.157912015915,7340.012937784195,7366.399317979813,7382.516860961914,-1.8289685249328613,-5.303621292114258,1.4850497245788574,1.2734532356262207
1,232,2.32,7434.133440256119,7334.337681531906,7368.137091398239,7384.389936923981,-2.0244717597961426,-5.675256252288818,1.7377734184265137,1.8730759620666504
1,233,2.33,7431.899756193161,7328.311055898666,7370.134890079498,7386.86740398407,-2.2336840629577637,-6.026625633239746,1.9977986812591553,2.4774670600891113
1,234,2.34,7429.444640874863,7321.960479021072,7372.396886348724,7389.948666095734,-2.45511531829834,-6.350576877593994,2.261996269226074,3.0812621116638184
1,235,2.35,7426.757365465164,7315.3190314769745,7374.927848577499,7393.627762794495,-2.6872754096984863,-6.6414475440979,2.5309622287750244,3.6790966987609863
1,236,2.36,7423.831075429916,7308.426350355148,7377.72673368454,7397.890090942383,-2.9262900352478027,-6.892681121826172,2.7988851070404053,4.262328147888184
1,237,2.37,7420.658618211746,7301.327437162399,7380.79160451889,7402.718067169189,-3.172457218170166,-7.098913192749023,3.064870834350586,4.827976226806641
1,238,2.38,7417.23820567131,7294.071763753891,7384.115755558014,7408.088147640228,-3.420412540435791,-7.255673408508301,3.324151039123535,5.370080471038818
1,239,2.39,7413.569241762161,7286.713719367981,7387.690842151642,7413.96963596344,-3.66896390914917,-7.358044385910034,3.5750865936279297,5.88148832321167
1,240,2.4,7409.654408693314,7279.312461614609,7391.504347324371,7420.327067375183,-3.9148330688476562,-7.401257753372192,3.813505172729492,6.357431411743164
1,241,2.41,7405.717223882675,7272.420674562454,7395.362555980682,7426.451146602631,-3.9371848106384277,-6.891787052154541,3.858208656311035,6.12407922744751
1,242,2.42,7402.770668268204,7268.33775639534,7398.425936698914,7429.240643978119,-2.9465556144714355,-4.082918167114258,3.063380718231201,2.7894973754882812
1,243,2.43,7399.862557649612,7264.741957187653,7401.473224163055,7431.800365447998,-2.9081106185913086,-3.595799207687378,3.0472874641418457,2.5597214698791504
1,244,2.44,7397.000044584274,7261.621952056885,7404.492497444153,7434.145510196686,-2.8625130653381348,-3.1200051307678223,3.019273281097412,2.345144748687744
1,245,2.45,7394.19087767601,7258.964627981186,7407.470643520355,7436.290383338928,-2.80916690826416,-2.6573240756988525,2.9781460762023926,2.1448731422424316
1,246,2.46,7391.442060470581,7256.755083799362,7410.397380590439,7438.249588012695,-2.748817205429077,-2.2095441818237305,2.926737070083618,1.9592046737670898
1,247,2.47,7388.759404420853,7254.975885152817,7413.261830806732,7440.039813518524,-2.6826560497283936,-1.7791986465454102,2.864450216293335,1.7902255058288574
1,248,2.48,7386.149764060974,7253.61093878746,7416.054904460907,7441.674768924713,-2.60964035987854,-1.3649463653564453,2.7930736541748047,1.6349554061889648
1,249,2.49,7383.6179077625275,7252.642661333084,7418.767064809799,7443.168759346008,-2.5318562984466553,-0.9682774543762207,2.712160348892212,1.493990421295166
1,250,2.5,7381.169348955154,7252.051681280136,7421.390861272812,7444.5366859436035,-2.448558807373047,-0.590980052947998,2.6237964630126953,1.3679265975952148
1,251,2.5100000000000002,7378.809005022049,7251.821309328079,7423.9203333854675,7445.790767669678,-2.3603439331054688,-0.23037195205688477,2.5294721126556396,1.2540817260742188
1,252,2.52,7376.540154218674,7251.932173967361,7426.349073648453,7446.9441175460815,-2.268850803375244,0.11086463928222656,2.4287402629852295,1.1533498764038086
1,253,2.5300000000000002,7374.365478754044,7252.368479967117,7428.672909736633,7448.006272315979,-2.174675464630127,0.4363059997558594,2.323836088180542,1.062154769897461
1,254,2.54,7372.287958860397,7253.113240003586,7430.887818336487,7448.987364768982,-2.0775198936462402,0.7447600364685059,2.2149085998535156,0.9810924530029297
1,255,2.5500000000000003,7370.310127735138,7254.1506588459015,7432.990670204163,7449.8966336250305,-1.9778311252593994,1.0374188423156738,2.1028518676757812,0.909268856048584
1,256,2.56,7368.432134389877,7255.465239286423,7434.979826211929,7450.740933418274,-1.8779933452606201,1.3145804405212402,1.9891560077667236,0.8442997932434082
1,257,2.57,7366.677671670914,7257.081568241119,7436.842322349548,7451.516091823578,-1.754462718963623,1.6163289546966553,1.8624961376190186,0.7751584053039551
1,258,2.58,7365.216165781021,7259.276956319809,7438.491880893707,7452.144622802734,-1.4615058898925781,2.195388078689575,1.6495585441589355,0.6285309791564941
1,259,2.59,7363.865673542023,7261.720150709152,7440.028637647629,7452.741265296936,-1.350492238998413,2.4431943893432617,1.5367567539215088,0.5966424942016602
1,260,2.6,7362.622916698456,7264.3934190273285,7441.455721855164,7453.3116817474365,-1.2427568435668945,2.6732683181762695,1.42708420753479,0.5704164505004883
1,261,2.61,7361.483722925186,7267.282605171204,7442.77685880661,7453.860342502594,-1.1391937732696533,2.889186143875122,1.3211369514465332,0.5486607551574707
1,262,2.62,7360.443025827408,7270.372360944748,7443.9965188503265,7454.391121864319,-1.0406970977783203,3.0897557735443115,1.2196600437164307,0.5307793617248535
1,263,2.63,7359.4968020915985,7273.651212453842,7445.118129253387,7454.905807971954,-0.9462237358093262,3.2788515090942383,1.121610403060913,0.514686107635498
1,264,2.64,7358.6405813694,7277.107089757919,7446.146011352539,7455.406188964844,-0.8562207221984863,3.4558773040771484,1.0278820991516113,0.5003809928894043
1,265,2.65,7357.8692972660065,7280.730456113815,7447.085082530975,7455.891370773315,-0.7712841033935547,3.623366355895996,0.9390711784362793,0.4851818084716797
1,266,2.66,7357.178777456284,7284.51281785965,7447.939217090607,7456.360161304474,-0.6905198097229004,3.7823617458343506,0.8541345596313477,0.46879053115844727
1,267,2.67,7356.563359498978,7288.445681333542,7448.714077472687,7456.812262535095,-0.6154179573059082,3.932863473892212,0.7748603820800781,0.4521012306213379
1,268,2.68,7356.019914150238,7292.5229370594025,7449.41309094429,7457.243204116821,-0.543445348739624,4.077255725860596,0.6990134716033936,0.4309415817260742
1,269,2.69,7355.542927980423,7296.737879514694,7450.041174888611,7457.652390003204,-0.4769861698150635,4.214942455291748,0.6280839443206787,0.40918588638305664
1,270,2.7,7355.128973722458,7301.086187362671,7450.602501630783,7458.03564786911,-0.4139542579650879,4.348307847976685,0.5613267421722412,0.3832578659057617
1,271,2.71,7354.773730039597,7305.562645196915,7451.102435588837,7458.389401435852,-0.3552436828613281,4.476457834243774,0.49993395805358887,0.35375356674194336
1,272,2.72,7354.474514722824,7310.163527727127,7451.543062925339,7458.7103724479675,-0.29921531677246094,4.600882530212402,0.4406273365020752,0.3209710121154785
1,273,2.73,7354.227155447006,7314.88436460495,7451.930344104767,7458.99498462677,-0.2473592758178711,4.720836877822876,0.3872811794281006,0.28461217880249023
1,274,2.74,7354.029566049576,7319.7223246097565,7452.267110347748,7459.239959716797,-0.19758939743041992,4.8379600048065186,0.33676624298095703,0.24497509002685547
1,275,2.75,7353.87846827507,7324.674278497696,7452.557682991028,7459.442317485809,-0.15109777450561523,4.951953887939453,0.2905726432800293,0.20235776901245117
1,276,2.7600000000000002,7353.772670030594,7329.737544059753,7452.804744243622,7459.598183631897,-0.10579824447631836,5.063265562057495,0.24706125259399414,0.15586614608764648
1,277,2.77,7353.709936141968,7334.908246994019,7453.012466430664,7459.70606803894,-0.06273388862609863,5.170702934265137,0.20772218704223633,0.10788440704345703
1,278,2.7800000000000002,7353.689074516296,7340.184599161148,7453.183084726334,7459.762096405029,-0.02086162567138672,5.276352167129517,0.17061829566955566,0.05602836608886719
1,279,2.79,7353.708893060684,7345.563024282455,7453.320771455765,7459.766566753387,0.019818544387817383,5.378425121307373,0.13768672943115234,0.004470348358154297
1,280,2.8000000000000003,7353.769689798355,7351.040095090866,7453.4279108047485,7459.717094898224,0.06079673767089844,5.4770708084106445,0.10713934898376465,-0.04947185516357422
1,281,2.81,7353.870719671249,7356.613725423813,7453.506886959076,7459.612786769867,0.10102987289428711,5.573630332946777,0.07897615432739258,-0.1043081283569336
1,282,2.82,7354.012578725815,7362.278997898102,7453.56097817421,7459.453344345093,0.1418590545654297,5.66527247428894,0.05409121513366699,-0.15944242477416992
1,283,2.83,7354.195266962051,7368.033826351166,7453.591823577881,7459.240555763245,0.18268823623657227,5.754828453063965,0.03084540367126465,-0.21278858184814453
1,284,2.84,7354.419529438019,7373.873740434647,7453.603595495224,7458.974123001099,0.22426247596740723,5.839914083480835,0.011771917343139648,-0.2664327621459961
1,285,2.85,7354.687452316284,7379.794418811798,7453.597337007523,7458.656132221222,0.26792287826538086,5.920678377151489,-0.006258487701416016,-0.317990779876709
1,286,2.86,7354.999333620071,7385.79124212265,7453.5757303237915,7458.2889676094055,0.31188130378723145,5.996823310852051,-0.0216066837310791,-0.36716461181640625
1,287,2.87,7355.357855558395,7391.859740018845,7453.541457653046,7457.875609397888,0.3585219383239746,6.068497896194458,-0.03427267074584961,-0.413358211517334
1,288,2.88,7355.763912200928,7397.995144128799,7453.496754169464,7457.419037818909,0.40605664253234863,6.135404109954834,-0.04470348358154297,-0.4565715789794922
1,289,2.89,7356.220036745071,7404.192537069321,7453.443259000778,7456.923127174377,0.45612454414367676,6.19739294052124,-0.053495168685913086,-0.49591064453125
1,290,2.9,7356.727868318558,7410.445660352707,7453.384101390839,7456.3926458358765,0.5078315734863281,6.2531232833862305,-0.059157609939575195,-0.5304813385009766
1,291,2.91,7357.289493083954,7416.748553514481,7453.320622444153,7455.832958221436,0.5616247653961182,6.302893161773682,-0.06347894668579102,-0.559687614440918
1,292,2.92,7357.907444238663,7423.094809055328,7453.256547451019,7455.2494287490845,0.6179511547088623,6.346255540847778,-0.06407499313354492,-0.5835294723510742
1,293,2.93,7358.5838079452515,7429.479211568832,7453.192621469498,7454.6462297439575,0.6763637065887451,6.384402513504028,-0.06392598152160645,-0.6031990051269531
1,294,2.94,7359.3200743198395,7435.894161462784,7453.132271766663,7454.0311098098755,0.7362663745880127,6.414949893951416,-0.06034970283508301,-0.6151199340820312
1,295,2.95,7360.119670629501,7442.333549261093,7453.076541423798,7453.41032743454,0.7995963096618652,6.439387798309326,-0.055730342864990234,-0.6207823753356934
1,296,2.96,7360.983043909073,7448.788434267044,7453.028857707977,7452.789545059204,0.8633732795715332,6.454885005950928,-0.0476837158203125,-0.6207823753356934
1,297,2.97,7361.912578344345,7455.253452062607,7452.991008758545,7452.176511287689,0.9295344352722168,6.465017795562744,-0.03784894943237305,-0.6130337715148926
1,298,2.98,7362.910360097885,7461.720257997513,7452.964931726456,7451.57778263092,0.9977817535400391,6.466805934906006,-0.0260770320892334,-0.5987286567687988
1,299,2.99,7363.976687192917,7468.181401491165,7452.953159809113,7451.000809669495,1.0663270950317383,6.461143493652344,-0.011771917343139648,-0.5769729614257812
1,300,3.0,7365.113943815231,7474.628835916519,7452.957630157471,7450.452148914337,1.1372566223144531,6.447434425354004,0.004470348358154297,-0.5486607551574707
1,301,3.0100000000000002,7366.323322057724,7481.055110692978,7452.980875968933,7449.939250946045,1.2093782424926758,6.42627477645874,0.023245811462402344,-0.5128979682922363
1,302,3.02,7367.604523897171,7487.451881170273,7453.024685382843,7449.468374252319,1.2812018394470215,6.396770477294922,0.04380941390991211,-0.47087669372558594
1,303,3.0300000000000002,7368.958443403244,7493.811696767807,7453.0914425849915,7449.046969413757,1.353919506072998,6.35981559753418,0.0667572021484375,-0.4214048385620117
1,304,3.04,7370.385527610779,7500.125765800476,7453.182637691498,7448.681890964508,1.42708420753479,6.314069032669067,0.09119510650634766,-0.3650784492492676
1,305,3.0500000000000003,7371.885776519775,7506.386041641235,7453.300356864929,7448.379099369049,1.500248908996582,6.260275840759277,0.11771917343139648,-0.3027915954589844
1,306,3.06,7373.457998037338,7512.5861167907715,7453.446686267853,7448.14395904541,1.5722215175628662,6.200075149536133,0.14632940292358398,-0.23514032363891602
1,307,3.0700000000000003,7375.1020431518555,7518.715858459473,7453.623116016388,7447.98481464386,1.644045114517212,6.129741668701172,0.17642974853515625,-0.15914440155029297
1,308,3.08,7376.817017793655,7524.768114089966,7453.83158326149,7447.904348373413,1.7149746417999268,6.052255630493164,0.2084672451019287,-0.08046627044677734
1,309,3.09,7378.601431846619,7530.73513507843,7454.073280096054,7447.910010814667,1.7844140529632568,5.9670209884643555,0.24169683456420898,0.005662441253662109
1,310,3.1,7380.453944206238,7536.610960960388,7454.349249601364,7448.004186153412,1.8525123596191406,5.875825881958008,0.2759695053100586,0.09417533874511719
1,311,3.11,7382.372319698334,7542.384564876556,7454.661875963211,7448.193430900574,1.9183754920959473,5.773603916168213,0.31262636184692383,0.18924474716186523
1,312,3.12,7384.354323148727,7548.051476478577,7455.011159181595,7448.479533195496,1.9820034503936768,5.666911602020264,0.34928321838378906,0.286102294921875
1,313,3.13,7386.397421360016,7553.604245185852,7455.398142337799,7448.866069316864,2.043098211288452,5.552768707275391,0.38698315620422363,0.3865361213684082
1,314,3.14,7388.468682765961,7559.264898300171,7455.834746360779,7449.159622192383,2.071261405944824,5.660653114318848,0.43660402297973633,0.29355287551879883
1,315,3.15,7390.521764755249,7565.340995788574,7456.330358982086,7449.093461036682,2.05308198928833,6.07609748840332,0.49561262130737305,-0.0661611557006836
1,316,3.16,7392.632812261581,7571.245431900024,7456.8504095077515,7449.170649051666,2.1110475063323975,5.904436111450195,0.5200505256652832,0.07718801498413086
1,317,3.17,7394.831627607346,7576.9442319869995,7457.415461540222,7449.381947517395,2.19881534576416,5.698800086975098,0.5650520324707031,0.21129846572875977
1,318,3.18,7397.185415029526,7582.3915004730225,7458.075284957886,7449.692189693451,2.353787422180176,5.447268486022949,0.6598234176635742,0.3102421760559082
1,319,3.19,7399.603873491287,7587.605714797974,7458.7684869766235,7450.170516967773,2.4184584617614746,5.214214324951172,0.693202018737793,0.47832727432250977
1,320,3.2,7402.0834267139435,7592.57435798645,7459.494769573212,7450.823485851288,2.47955322265625,4.9686431884765625,0.7262825965881348,0.6529688835144043
1,321,3.21,7404.618710279465,7597.286105155945,7460.253983736038,7451.655864715576,2.5352835655212402,4.711747169494629,0.7592141628265381,0.8323788642883301
1,322,3.22,7407.204955816269,7601.7338037490845,7461.046874523163,7452.667653560638,2.586245536804199,4.447698593139648,0.7928907871246338,1.0117888450622559
1,323,3.23,7409.835010766983,7605.91447353363,7461.875081062317,7453.858256340027,2.6300549507141113,4.180669784545898,0.8282065391540527,1.1906027793884277
1,324,3.24,7412.5029146671295,7609.822154045105,7462.737262248993,7455.223798751831,2.6679039001464844,3.9076805114746094,0.8621811866760254,1.3655424118041992
1,325,3.25,7415.202409029007,7613.459527492523,7463.63490819931,7456.758916378021,2.6994943618774414,3.637373447418213,0.8976459503173828,1.5351176261901855
1,326,3.2600000000000002,7417.925745248795,7616.826295852661,7464.568912982941,7458.45764875412,2.7233362197875977,3.3667683601379395,0.9340047836303711,1.6987323760986328
1,327,3.27,7420.6651747226715,7619.925737380981,7465.540170669556,7460.310757160187,2.739429473876953,3.0994415283203125,0.9712576866149902,1.8531084060668945
1,328,3.2800000000000002,7423.413246870041,7622.762322425842,7466.547936201096,7462.3095989227295,2.7480721473693848,2.83658504486084,1.007765531539917,1.9988417625427246
1,329,3.29,7426.162511110306,7625.343203544617,7467.592656612396,7464.442551136017,2.7492642402648926,2.580881118774414,1.0447204113006592,2.1329522132873535
1,330,3.3000000000000003,7428.905218839645,7627.673447132111,7468.675374984741,7466.699481010437,2.7427077293395996,2.3302435874938965,1.0827183723449707,2.256929874420166
1,331,3.31,7431.634813547134,7629.762291908264,7469.794154167175,7469.067573547363,2.7295947074890137,2.0888447761535645,1.118779182434082,2.3680925369262695
1,332,3.3200000000000003,7434.3441426754,7631.617188453674,7470.949590206146,7471.535205841064,2.709329128265381,1.8548965454101562,1.1554360389709473,2.467632293701172
1,333,3.33,7437.057048082352,7633.302211761475,7472.123801708221,7474.073767662048,2.7129054069519043,1.685023307800293,1.1742115020751953,2.5385618209838867
1,334,3.34,7439.795285463333,7634.872794151306,7473.303377628326,7476.6606092453,2.7382373809814453,1.570582389831543,1.1795759201049805,2.586841583251953
1,335,3.35,7442.498654127121,7636.242210865021,7474.516481161118,7479.315996170044,2.703368663787842,1.3694167137145996,1.2131035327911377,2.6553869247436523
1,336,3.36,7445.159405469894,7637.417018413544,7475.763261318207,7482.02919960022,2.6607513427734375,1.1748075485229492,1.2467801570892334,2.7132034301757812
1,337,3.37,7447.772175073624,7638.404369354248,7477.042078971863,7484.790086746216,2.612769603729248,0.9873509407043457,1.2788176536560059,2.7608871459960938
1,338,3.38,7450.331300497055,7639.212608337402,7478.3506989479065,7487.587332725525,2.5591254234313965,0.8082389831542969,1.3086199760437012,2.797245979309082
1,339,3.39,7452.830821275711,7639.848291873932,7479.689419269562,7490.410804748535,2.499520778656006,0.635683536529541,1.3387203216552734,2.823472023010254
1,340,3.4,7455.266863107681,7640.320062637329,7481.053471565247,7493.251264095306,2.436041831970215,0.4717707633972168,1.3640522956848145,2.8404593467712402
1,341,3.41,7457.635551691055,7640.6329870224,7482.442259788513,7496.098875999451,2.3686885833740234,0.3129243850708008,1.3887882232666016,2.847611904144287
1,342,3.42,7459.9336087703705,7640.7963037490845,7483.852207660675,7498.944103717804,2.2980570793151855,0.1633167266845703,1.4099478721618652,2.8452277183532715
1,343,3.43,7462.158054113388,7640.8156752586365,7485.280781984329,7501.779496669769,2.224445343017578,0.019371509552001953,1.4285743236541748,2.835392951965332
1,344,3.44,7464.307099580765,7640.69676399231,7486.724257469177,7504.596412181854,2.149045467376709,-0.1189112663269043,1.4434754848480225,2.816915512084961
1,345,3.45,7466.379255056381,7640.446424484253,7488.180249929428,7507.388591766357,2.072155475616455,-0.2503395080566406,1.4559924602508545,2.792179584503174
1,346,3.46,7468.373030424118,7640.070617198944,7489.644289016724,7510.148286819458,1.9937753677368164,-0.3758072853088379,1.4640390872955322,2.759695053100586
1,347,3.47,7470.2878296375275,7639.572620391846,7491.114139556885,7512.87043094635,1.9147992134094238,-0.49799680709838867,1.4698505401611328,2.72214412689209
1,348,3.48,7472.124248743057,7638.958692550659,7492.585182189941,7515.548765659332,1.8364191055297852,-0.6139278411865234,1.4710426330566406,2.6783347129821777
1,349,3.49,7473.881393671036,7638.233304023743,7494.054734706879,7518.179416656494,1.7571449279785156,-0.7253885269165039,1.4695525169372559,2.6306509971618652
1,350,3.5,7475.561648607254,7637.398838996887,7495.519071817398,7520.75731754303,1.6802549362182617,-0.8344650268554688,1.4643371105194092,2.5779008865356445
1,351,3.5100000000000002,7477.164417505264,7636.46125793457,7496.973872184753,7523.277997970581,1.602768898010254,-0.9375810623168945,1.4548003673553467,2.5206804275512695
1,352,3.52,7478.691786527634,7635.4217529296875,7498.416006565094,7525.740563869476,1.5273690223693848,-1.0395050048828125,1.4421343803405762,2.4625658988952637
1,353,3.5300000000000002,7480.145543813705,7634.283900260925,7499.842941761017,7528.13994884491,1.4537572860717773,-1.137852668762207,1.4269351959228516,2.3993849754333496
1,354,3.54,7481.527477502823,7633.05127620697,7501.251101493835,7530.474960803986,1.3819336891174316,-1.2326240539550781,1.4081597328186035,2.3350119590759277
1,355,3.5500000000000003,7482.839375734329,7631.72447681427,7502.637207508087,7532.7447056770325,1.3118982315063477,-1.3267993927001953,1.386106014251709,2.269744873046875
1,356,3.56,7484.084218740463,7630.307078361511,7503.997981548309,7534.945607185364,1.2448430061340332,-1.417398452758789,1.360774040222168,2.200901508331299
1,357,3.5700000000000003,7485.263794660568,7628.799676895142,7505.331337451935,7537.0776653289795,1.1795759201049805,-1.507401466369629,1.3333559036254883,2.1320581436157227
1,358,3.58,7486.380487680435,7627.205848693848,7506.634593009949,7539.139986038208,1.1166930198669434,-1.5938282012939453,1.303255558013916,2.0623207092285156
1,359,3.59,7487.437278032303,7625.525891780853,7507.905662059784,7541.132271289825,1.0567903518676758,-1.6799569129943848,1.271069049835205,1.9922852516174316
1,360,3.6,7488.43714594841,7623.761892318726,7509.1418623924255,7543.054223060608,0.9998679161071777,-1.7639994621276855,1.2362003326416016,1.9219517707824707
1,361,3.61,7489.381581544876,7621.915340423584,7510.342299938202,7544.9055433273315,0.9444355964660645,-1.8465518951416016,1.2004375457763672,1.8513202667236328
1,362,3.62,7490.273863077164,7619.987726211548,7511.504292488098,7546.68653011322,0.8922815322875977,-1.9276142120361328,1.1619925498962402,1.7809867858886719
1,363,3.63,7491.116672754288,7617.98083782196,7512.626647949219,7548.396587371826,0.8428096771240234,-2.0068883895874023,1.1223554611206055,1.710057258605957
1,364,3.64,7491.912394762039,7615.8952713012695,7513.70906829834,7550.037801265717,0.7957220077514648,-2.085566520690918,1.0824203491210938,1.6412138938903809
1,365,3.65,7492.664009332657,7613.73370885849,7514.74916934967,7551.60927772522,0.7516145706176758,-2.161562442779541,1.0401010513305664,1.5714764595031738
1,366,3.66,7493.372708559036,7611.497640609741,7515.747547149658,7553.111910820007,0.7086992263793945,-2.2360682487487793,0.998377799987793,1.5026330947875977
1,367,3.67,7494.041472673416,7609.187960624695,7516.703903675079,7554.547488689423,0.6687641143798828,-2.3096799850463867,0.9563565254211426,1.4355778694152832
1,368,3.68,7494.673281908035,7606.807351112366,7517.616450786591,7555.91481924057,0.6318092346191406,-2.3806095123291016,0.9125471115112305,1.367330551147461
1,369,3.69,7495.269328355789,7604.357004165649,7518.486380577087,7557.2168827056885,0.5960464477539062,-2.4503469467163086,0.8699297904968262,1.3020634651184082
1,370,3.7,7495.831996202469,7601.839303970337,7519.31369304657,7558.451890945435,0.5626678466796875,-2.5177001953125,0.8273124694824219,1.2350082397460938
1,371,3.71,7496.364265680313,7599.256336688995,7520.097494125366,7559.623420238495,0.5322694778442383,-2.5829672813415527,0.7838010787963867,1.1715292930603027
1,372,3.72,7496.865838766098,7596.61078453064,7520.839273929596,7560.730278491974,0.5015730857849121,-2.645552158355713,0.7417798042297363,1.106858253479004
1,373,3.73,7497.3393976688385,7593.904137611389,7521.5402245521545,7561.774253845215,0.4735589027404785,-2.7066469192504883,0.7009506225585938,1.0439753532409668
1,374,3.74,7497.787326574326,7591.1396741867065,7522.199749946594,7562.756538391113,0.44792890548706055,-2.764463424682617,0.6595253944396973,0.9822845458984375
1,375,3.75,7498.210817575455,7588.319182395935,7522.819340229034,7563.677132129669,0.4234910011291504,-2.8204917907714844,0.6195902824401855,0.9205937385559082
1,376,3.7600000000000002,7498.611360788345,7585.446238517761,7523.399293422699,7564.537227153778,0.400543212890625,-2.872943878173828,0.5799531936645508,0.8600950241088867
1,377,3.77,7498.989552259445,7582.523226737976,7523.941695690155,7565.338611602783,0.3781914710998535,-2.9230117797851562,0.5424022674560547,0.801384449005127
1,378,3.7800000000000002,7499.343305826187,7579.590678215027,7524.448931217194,7566.047310829163,0.35375356674194336,-2.9325485229492188,0.5072355270385742,0.7086992263793945
1,379,3.79,7499.6985495090485,7576.920688152313,7524.9820947647095,7566.36768579483,0.3552436828613281,-2.669990062713623,0.5331635475158691,0.3203749656677246
1,380,3.8000000000000003,7500.0739097595215,7574.202120304108,7525.503635406494,7566.597163677216,0.37536025047302246,-2.7185678482055664,0.521540641784668,0.2294778823852539
1,381,3.81,7500.44047832489,7571.4439153671265,7525.9929895401,7566.76584482193,0.36656856536865234,-2.758204936981201,0.48935413360595703,0.16868114471435547
1,382,3.8200000000000003,7500.8004903793335,7568.642497062683,7526.448369026184,7566.879987716675,0.3600120544433594,-2.8014183044433594,0.4553794860839844,0.11414289474487305
1,383,3.83,7501.153945922852,7565.794289112091,7526.871562004089,7566.9461488723755,0.3534555435180664,-2.848207950592041,0.42319297790527344,0.0661611557006836
1,384,3.84,7501.502633094788,7562.897801399231,7527.263164520264,7566.9702887535095,0.34868717193603516,-2.8964877128601074,0.3916025161743164,0.024139881134033203
1,385,3.85,7501.847445964813,7559.952735900879,7527.6243686676025,7566.957473754883,0.34481287002563477,-2.945065498352051,0.3612041473388672,-0.012814998626708984
1,386,3.86,7502.1883845329285,7556.9576025009155,7527.95547246933,7566.911578178406,0.3409385681152344,-2.995133399963379,0.3311038017272949,-0.04589557647705078
1,387,3.87,7502.526938915253,7553.912997245789,7528.25915813446,7566.836476325989,0.33855438232421875,-3.044605255126953,0.30368566513061523,-0.07510185241699219
1,388,3.88,7502.86340713501,7550.820708274841,7528.535425662994,7566.735148429871,0.3364682197570801,-3.0922889709472656,0.27626752853393555,-0.10132789611816406
1,389,3.89,7503.197193145752,7547.683119773865,7528.785765171051,7566.6093826293945,0.3337860107421875,-3.1375885009765625,0.2503395080566406,-0.12576580047607422
1,390,3.9,7503.528594970703,7544.501423835754,7529.013156890869,7566.462159156799,0.3314018249511719,-3.1816959381103516,0.22739171981811523,-0.14722347259521484
1,391,3.91,7503.858804702759,7541.280090808868,7529.2181968688965,7566.293776035309,0.33020973205566406,-3.2213330268859863,0.20503997802734375,-0.16838312149047852
1,392,3.92,7504.186928272247,7538.021802902222,7529.4029712677,7566.106617450714,0.3281235694885254,-3.2582879066467285,0.18477439880371094,-0.18715858459472656
1,393,3.93,7504.512071609497,7534.732222557068,7529.568672180176,7565.900683403015,0.32514333724975586,-3.2895803451538086,0.16570091247558594,-0.2059340476989746
1,394,3.94,7504.836320877075,7531.414031982422,7529.716789722443,7565.675973892212,0.324249267578125,-3.318190574645996,0.1481175422668457,-0.22470951080322266
1,395,3.95,7505.156993865967,7528.073787689209,7529.849410057068,7565.433382987976,0.32067298889160156,-3.3402442932128906,0.13262033462524414,-0.24259090423583984
1,396,3.96,7505.475282669067,7524.7156620025635,7529.968023300171,7565.17231464386,0.31828880310058594,-3.358125686645508,0.11861324310302734,-0.26106834411621094
1,397,3.97,7505.7923793792725,7521.346211433411,7530.072927474976,7564.892470836639,0.3170967102050781,-3.369450569152832,0.1049041748046875,-0.279843807220459
1,398,3.98,7506.105303764343,7517.9702043533325,7530.166208744049,7564.593851566315,0.3129243850708008,-3.376007080078125,0.09328126907348633,-0.29861927032470703
1,399,3.99,7506.416440010071,7514.593601226807,7530.248165130615,7564.274966716766,0.31113624572753906,-3.376603126525879,0.08195638656616211,-0.31888484954833984
1,400,4.0,7506.723999977112,7511.222958564758,7530.321180820465,7563.936114311218,0.3075599670410156,-3.37064266204834,0.07301568984985352,-0.3388524055480957
1,401,4.01,7507.029473781586,7507.862448692322,7530.384659767151,7563.575506210327,0.30547380447387695,-3.3605098724365234,0.06347894668579102,-0.3606081008911133
1,402,4.0200000000000005,7507.332265377045,7504.51922416687,7530.439794063568,7563.193440437317,0.3027915954589844,-3.34322452545166,0.05513429641723633,-0.3820657730102539
1,403,4.03,7507.632374763489,7501.198053359985,7530.487477779388,7562.78932094574,0.3001093864440918,-3.3211708068847656,0.0476837158203125,-0.40411949157714844
1,404,4.04,7507.930099964142,7497.905343770981,7530.527710914612,7562.3619556427,0.29772520065307617,-3.2927095890045166,0.04023313522338867,-0.4273653030395508
1,405,4.05,7508.225739002228,7494.646459817886,7530.560493469238,7561.911046504974,0.2956390380859375,-3.2588839530944824,0.032782554626464844,-0.4509091377258301
1,406,4.0600000000000005,7508.519887924194,7491.425722837448,7530.586719512939,7561.436295509338,0.29414892196655273,-3.2207369804382324,0.026226043701171875,-0.47475099563598633
1,407,4.07,7508.813142776489,7488.248199224472,7530.605792999268,7560.936808586121,0.2932548522949219,-3.177523612976074,0.019073486328125,-0.49948692321777344
1,408,4.08,7509.105503559113,7485.1202964782715,7530.617415904999,7560.412287712097,0.292360782623291,-3.1279027462005615,0.011622905731201172,-0.5245208740234375
1,409,4.09,7509.397864341736,7482.044547796249,7530.622184276581,7559.863030910492,0.292360782623291,-3.0757486820220947,0.00476837158203125,-0.5492568016052246
1,410,4.1,7509.691417217255,7479.026317596436,7530.619204044342,7559.288144111633,0.29355287551879883,-3.0182301998138428,-0.0029802322387695312,-0.5748867988586426
1,411,4.11,7509.984970092773,7476.069629192352,7530.607879161835,7558.687925338745,0.29355287551879883,-2.956688404083252,-0.011324882507324219,-0.6002187728881836
1,412,4.12,7510.280609130859,7473.177909851074,7530.588209629059,7558.062672615051,0.2956390380859375,-2.891719341278076,-0.019669532775878906,-0.6252527236938477
1,413,4.13,7510.578632354736,7470.355033874512,7530.559003353119,7557.410895824432,0.2980232238769531,-2.8228759765625,-0.029206275939941406,-0.6517767906188965
1,414,4.14,7510.8802318573,7467.603832483292,7530.519664287567,7556.734383106232,0.30159950256347656,-2.7512013912200928,-0.03933906555175781,-0.6765127182006836
1,415,4.15,7511.185705661774,7464.928179979324,7530.470192432404,7556.032240390778,0.30547380447387695,-2.675652503967285,-0.04947185516357422,-0.7021427154541016
1,416,4.16,7511.496543884277,7462.330013513565,7530.409097671509,7555.305063724518,0.3108382225036621,-2.5981664657592773,-0.06109476089477539,-0.7271766662597656
1,417,4.17,7511.812150478363,7459.811866283417,7530.335783958435,7554.553151130676,0.31560659408569336,-2.5181472301483154,-0.07331371307373047,-0.7519125938415527
1,418,4.18,7512.134611606598,7457.377165555954,7530.2499532699585,7553.776502609253,0.3224611282348633,-2.4347007274627686,-0.0858306884765625,-0.7766485214233398
1,419,4.19,7512.463629245758,7455.0265073776245,7530.15011548996,7552.975118160248,0.32901763916015625,-2.3506581783294678,-0.0998377799987793,-0.801384449005127
1,420,4.2,7512.800395488739,7452.761679887772,7530.035674571991,7552.1498918533325,0.33676624298095703,-2.2648274898529053,-0.11444091796875,-0.8252263069152832
1,421,4.21,7513.145208358765,7450.585216283798,7529.906630516052,7551.301121711731,0.34481287002563477,-2.1764636039733887,-0.1290440559387207,-0.8487701416015625
1,422,4.22,7513.498663902283,7448.498755693436,7529.7611951828,7550.428509712219,0.3534555435180664,-2.086460590362549,-0.14543533325195312,-0.8726119995117188
1,423,4.23,7513.861656188965,7446.501702070236,7529.599070549011,7549.533247947693,0.3629922866821289,-1.997053623199463,-0.1621246337890625,-0.8952617645263672
1,424,4.24,7514.234185218811,7444.596439599991,7529.419660568237,7548.615038394928,0.3725290298461914,-1.9052624702453613,-0.17940998077392578,-0.9182095527648926
1,425,4.25,7514.617145061493,7442.783862352371,7529.222071170807,7547.674775123596,0.38295984268188477,-1.812577247619629,-0.19758939743041992,-0.9402632713317871
1,426,4.26,7515.010237693787,7441.063672304153,7529.00630235672,7546.711564064026,0.39309263229370117,-1.7201900482177734,-0.21576881408691406,-0.9632110595703125
1,427,4.2700000000000005,7515.413761138916,7439.436465501785,7528.771758079529,7545.727491378784,0.40352344512939453,-1.627206802368164,-0.2345442771911621,-0.9840726852416992
1,428,4.28,7515.828609466553,7437.903583049774,7528.517246246338,7544.721364974976,0.41484832763671875,-1.5328824520111084,-0.25451183319091797,-1.0061264038085938
1,429,4.29,7516.254186630249,7436.463087797165,7528.243362903595,7543.6946749687195,0.42557716369628906,-1.440495252609253,-0.2738833427429199,-1.0266900062561035
1,430,4.3,7516.690492630005,7435.117810964584,7527.949213981628,7542.645335197449,0.4363059997558594,-1.3452768325805664,-0.29414892196655273,-1.049339771270752
1,431,4.3100000000000005,7517.13752746582,7433.864772319794,7527.634799480438,7541.576325893402,0.4470348358154297,-1.2530386447906494,-0.31441450119018555,-1.0690093040466309
1,432,4.32,7517.595291137695,7432.705461978912,7527.299225330353,7540.486752986908,0.457763671875,-1.1593103408813477,-0.3355741500854492,-1.0895729064941406
1,433,4.33,7518.063187599182,7431.638985872269,7526.943683624268,7539.376020431519,0.4678964614868164,-1.0664761066436768,-0.3555417060852051,-1.1107325553894043
1,434,4.34,7518.541216850281,7430.664300918579,7526.566684246063,7538.245320320129,0.4780292510986328,-0.9746849536895752,-0.3769993782043457,-1.1307001113891602
1,435,4.3500000000000005,7519.028186798096,7429.781854152679,7526.170313358307,7537.094354629517,0.4869699478149414,-0.8824467658996582,-0.39637088775634766,-1.150965690612793
1,436,4.36,7519.524693489075,7428.990304470062,7525.7521867752075,7535.923421382904,0.4965066909790039,-0.7915496826171875,-0.41812658309936523,-1.1709332466125488
1,437,4.37,7520.029544830322,7428.28756570816,7525.314688682556,7534.732818603516,0.5048513412475586,-0.7027387619018555,-0.4374980926513672,-1.1906027793884277
1,438,4.38,7520.541846752167,7427.674829959869,7524.856328964233,7533.522248268127,0.5123019218444824,-0.6127357482910156,-0.4583597183227539,-1.2105703353881836
1,439,4.39,7521.061301231384,7427.14911699295,7524.3788957595825,7532.292008399963,0.5194544792175293,-0.5257129669189453,-0.4774332046508789,-1.2302398681640625
1,440,4.4,7521.586716175079,7426.710724830627,7523.881793022156,7531.043291091919,0.5254149436950684,-0.43839216232299805,-0.4971027374267578,-1.2487173080444336
1,441,4.41,7522.117495536804,7426.3569712638855,7523.365914821625,7529.774904251099,0.5307793617248535,-0.35375356674194336,-0.5158782005310059,-1.2683868408203125
1,442,4.42,7522.652149200439,7426.087409257889,7522.831857204437,7528.48744392395,0.5346536636352539,-0.2695620059967041,-0.5340576171875,-1.2874603271484375
1,443,4.43,7523.190975189209,7425.900250673294,7522.280216217041,7527.181506156921,0.5388259887695312,-0.18715858459472656,-0.5516409873962402,-1.3059377670288086
1,444,4.44,7523.730993270874,7425.79385638237,7521.711885929108,7525.857090950012,0.5400180816650391,-0.10639429092407227,-0.5683302879333496,-1.3244152069091797
1,445,4.45,7524.273097515106,7425.766587257385,7521.126568317413,7524.514198303223,0.5421042442321777,-0.02726912498474121,-0.5853176116943359,-1.3428926467895508
1,446,4.46,7524.814605712891,7425.816506147385,7520.526051521301,7523.154020309448,0.5415081977844238,0.04991888999938965,-0.6005167961120605,-1.360177993774414
1,447,4.47,7525.355219841003,7425.942569971085,7519.910931587219,7521.775960922241,0.540614128112793,0.12606382369995117,-0.6151199340820312,-1.3780593872070312
1,448,4.48,7525.893747806549,7426.142245531082,7519.281506538391,7520.380616188049,0.5385279655456543,0.1996755599975586,-0.629425048828125,-1.3953447341918945
1,449,4.49,7526.42810344696,7426.413595676422,7518.638968467712,7518.969476222992,0.534355640411377,0.2713501453399658,-0.6425380706787109,-1.411139965057373
1,450,4.5,7526.95769071579,7426.754385232925,7517.9848074913025,7517.5416469573975,0.5295872688293457,0.3407895565032959,-0.6541609764099121,-1.4278292655944824
1,451,4.51,7527.481317520142,7427.162975072861,7517.319023609161,7516.098320484161,0.5236268043518066,0.40858983993530273,-0.6657838821411133,-1.443326473236084
1,452,4.5200000000000005,7527.9974937438965,7427.636533975601,7516.643702983856,7514.640688896179,0.5161762237548828,0.4735589027404785,-0.6753206253051758,-1.4576315879821777
1,453,4.53,7528.504729270935,7428.174018859863,7515.958547592163,7513.168156147003,0.5072355270385742,0.537484884262085,-0.6851553916931152,-1.4725327491760254
1,454,4.54,7529.00242805481,7428.772151470184,7515.265941619873,7511.682212352753,0.4976987838745117,0.5981326103210449,-0.6926059722900391,-1.4859437942504883
1,455,4.55,7529.487907886505,7429.428547620773,7514.566779136658,7510.184049606323,0.48547983169555664,0.6563961505889893,-0.699162483215332,-1.4981627464294434
1,456,4.5600000000000005,7529.961466789246,7430.141121149063,7513.861656188965,7508.674263954163,0.4735589027404785,0.7125735282897949,-0.7051229476928711,-1.5097856521606445
1,457,4.57,7530.42072057724,7430.9079349040985,7513.151466846466,7507.153153419495,0.45925378799438477,0.7668137550354004,-0.7101893424987793,-1.5211105346679688
1,458,4.58,7530.864775180817,7431.726157665253,7512.438595294952,7505.621910095215,0.44405460357666016,0.8182227611541748,-0.7128715515136719,-1.5312433242797852
1,459,4.59,7531.292736530304,7432.592958211899,7511.722445487976,7504.081726074219,0.4279613494873047,0.8668005466461182,-0.7161498069763184,-1.5401840209960938
1,460,4.6000000000000005,7531.702518463135,7433.506399393082,7511.005699634552,7502.534985542297,0.40978193283081055,0.9134411811828613,-0.7167458534240723,-1.5467405319213867
1,461,4.61,7532.09263086319,7434.463948011398,7510.289549827576,7500.980496406555,0.39011240005493164,0.9575486183166504,-0.7161498069763184,-1.5544891357421875
1,462,4.62,7532.463371753693,7435.462474822998,7509.573400020599,7499.421238899231,0.3707408905029297,0.9985268115997314,-0.7161498069763184,-1.5592575073242188
1,463,4.63,7532.8123569488525,7436.500638723373,7508.860528469086,7497.8578090667725,0.3489851951599121,1.0381639003753662,-0.7128715515136719,-1.563429832458496
1,464,4.64,7533.138692378998,7437.57501244545,7508.150935173035,7496.291100978851,0.32633543014526367,1.074373722076416,-0.7095932960510254,-1.5667080879211426
1,465,4.65,7533.441185951233,7438.6827647686005,7507.446110248566,7494.7234988212585,0.3024935722351074,1.1077523231506348,-0.7048249244689941,-1.5676021575927734
1,466,4.66,7533.718943595886,7439.822256565094,7506.74694776535,7493.15619468689,0.2777576446533203,1.1394917964935303,-0.699162483215332,-1.5673041343688965
1,467,4.67,7533.970475196838,7440.990060567856,7506.055533885956,7491.589784622192,0.25153160095214844,1.1678040027618408,-0.6914138793945312,-1.5664100646972656
1,468,4.68,7534.195780754089,7442.1848356723785,7505.371868610382,7490.026950836182,0.22530555725097656,1.194775104522705,-0.6836652755737305,-1.5628337860107422
1,469,4.69,7534.428834915161,7443.389147520065,7504.723966121674,7488.442361354828,0.23305416107177734,1.2043118476867676,-0.6479024887084961,-1.5845894813537598
1,470,4.7,7534.666061401367,7444.601356983185,7504.111528396606,7486.841082572937,0.2372264862060547,1.2122094631195068,-0.6124377250671387,-1.6012787818908691
1,471,4.71,7534.880042076111,7445.830851793289,7503.514885902405,7485.2436780929565,0.21398067474365234,1.2294948101043701,-0.5966424942016602,-1.5974044799804688
1,472,4.72,7535.067498683929,7447.074800729752,7502.935528755188,7483.653128147125,0.18745660781860352,1.2439489364624023,-0.5793571472167969,-1.5905499458312988
1,473,4.73,7535.227537155151,7448.330372571945,7502.373456954956,7482.072114944458,0.16003847122192383,1.2555718421936035,-0.5620718002319336,-1.5810132026672363
1,474,4.74,7535.359263420105,7449.5963752269745,7501.830160617828,7480.5015325546265,0.13172626495361328,1.2660026550292969,-0.5432963371276855,-1.570582389831543
1,475,4.75,7535.461187362671,7450.869828462601,7501.305341720581,7478.9440631866455,0.10192394256591797,1.2734532356262207,-0.5248188972473145,-1.557469367980957
1,476,4.76,7535.531520843506,7452.149540185928,7500.8004903793335,7477.402091026306,0.07033348083496094,1.2797117233276367,-0.5048513412475586,-1.5419721603393555
1,477,4.7700000000000005,7535.569071769714,7453.4328281879425,7500.31590461731,7475.878596305847,0.037550926208496094,1.2832880020141602,-0.4845857620239258,-1.5234947204589844
1,478,4.78,7535.5735421180725,7454.718500375748,7499.852180480957,7474.374175071716,0.004470348358154297,1.2856721878051758,-0.46372413635253906,-1.5044212341308594
1,479,4.79,7535.544037818909,7456.003725528717,7499.4096159935,7472.891211509705,-0.02950429916381836,1.2852251529693604,-0.4425644874572754,-1.4829635620117188
1,480,4.8,7535.47877073288,7457.287758588791,7498.9888072013855,7471.432685852051,-0.06526708602905273,1.2840330600738525,-0.4208087921142578,-1.4585256576538086
1,481,4.8100000000000005,7535.376250743866,7458.568066358566,7498.590052127838,7470.000982284546,-0.10251998901367188,1.2803077697753906,-0.3987550735473633,-1.4317035675048828
1,482,4.82,7535.237073898315,7459.8439037799835,7498.2136487960815,7468.595802783966,-0.1391768455505371,1.2758374214172363,-0.3764033317565918,-1.405179500579834
1,483,4.83,7535.059452056885,7461.113333702087,7497.860789299011,7467.221319675446,-0.17762184143066406,1.2694299221038818,-0.3528594970703125,-1.3744831085205078
1,484,4.84,7534.844279289246,7462.374269962311,7497.530579566956,7465.87872505188,-0.21517276763916016,1.2609362602233887,-0.33020973205566406,-1.3425946235656738
1,485,4.8500000000000005,7534.588277339935,7463.62641453743,7497.224658727646,7464.570105075836,-0.25600194931030273,1.2521445751190186,-0.3059208393096924,-1.3086199760437012
1,486,4.86,7534.293532371521,7464.868724346161,7496.941685676575,7463.296055793762,-0.29474496841430664,1.242309808731079,-0.282973051071167,-1.2740492820739746
1,487,4.87,7533.957958221436,7466.099709272385,7496.682405471802,7462.059855461121,-0.3355741500854492,1.2309849262237549,-0.2592802047729492,-1.2362003326416016
1,488,4.88,7533.5827469825745,7467.3183262348175,7496.446967124939,7460.862696170807,-0.375211238861084,1.2186169624328613,-0.23543834686279297,-1.1971592903137207
1,489,4.89,7533.165812492371,7468.522936105728,7496.235966682434,7459.70606803894,-0.4169344902038574,1.2046098709106445,-0.2110004425048828,-1.156628131866455
1,490,4.9,7532.708942890167,7469.713538885117,7496.0485100746155,7458.592057228088,-0.45686960220336914,1.1906027793884277,-0.18745660781860352,-1.1140108108520508
1,491,4.91,7532.210350036621,7470.889538526535,7495.884895324707,7457.5212597846985,-0.4985928535461426,1.175999641418457,-0.16361474990844727,-1.0707974433898926
1,492,4.92,7531.670928001404,7472.050040960312,7495.745122432709,7456.495463848114,-0.5394220352172852,1.1605024337768555,-0.13977289199829102,-1.0257959365844727
1,493,4.93,7531.0903787612915,7473.193556070328,7495.6294894218445,7455.516755580902,-0.5805492401123047,1.1435151100158691,-0.11563301086425781,-0.9787082672119141
1,494,4.94,7530.469000339508,7474.320977926254,7495.536506175995,7454.585433006287,-0.6213784217834473,1.1274218559265137,-0.09298324584960938,-0.9313225746154785
1,495,4.95,7529.807686805725,7475.43141245842,7495.467364788055,7453.703880310059,-0.661313533782959,1.1104345321655273,-0.06914138793945312,-0.8815526962280273
1,496,4.96,7529.105544090271,7476.523816585541,7495.420873165131,7452.872395515442,-0.7021427154541016,1.0924041271209717,-0.04649162292480469,-0.8314847946166992
1,497,4.97,7528.364062309265,7477.598786354065,7495.397329330444,7452.092468738556,-0.7414817810058594,1.07496976852417,-0.023543834686279297,-0.7799267768859863
1,498,4.98,7527.582943439484,7478.655427694321,7495.396733283997,7451.36559009552,-0.7811188697814941,1.0566413402557373,-0.0005960464477539062,-0.7268786430358887
1,499,4.99,7526.763379573822,7479.69388961792,7495.417296886444,7450.692057609558,-0.8195638656616211,1.0384619235992432,0.020563602447509766,-0.6735324859619141
1,500,5.0,7525.905966758728,7480.7146191596985,7495.459020137787,7450.073063373566,-0.8574128150939941,1.0207295417785645,0.04172325134277344,-0.6189942359924316
1,501,5.01,7525.011301040649,7481.7173182964325,7495.522350072861,7449.509501457214,-0.8946657180786133,1.0026991367340088,0.06332993507385254,-0.5635619163513184
1,502,5.0200000000000005,7524.080276489258,7482.701390981674,7495.606243610382,7449.0025639534,-0.9310245513916016,0.9840726852416992,0.0838935375213623,-0.5069375038146973
1,503,5.03,7523.113489151001,7483.667880296707,7495.709657669067,7448.551654815674,-0.9667873382568359,0.966489315032959,0.10341405868530273,-0.4509091377258301
1,504,5.04,7522.112429141998,7484.616786241531,7495.832741260529,7448.158860206604,-1.0010600090026855,0.9489059448242188,0.12308359146118164,-0.3927946090698242
1,505,5.05,7521.077394485474,7485.547661781311,7495.974898338318,7447.82418012619,-1.0350346565246582,0.9308755397796631,0.14215707778930664,-0.33468008041381836
1,506,5.0600000000000005,7520.011365413666,7486.460655927658,7496.135234832764,7447.548508644104,-1.0660290718078613,0.9129941463470459,0.16033649444580078,-0.27567148208618164
1,507,5.07,7518.913447856903,7487.357258796692,7496.313154697418,7447.331249713898,-1.0979175567626953,0.8966028690338135,0.17791986465454102,-0.21725893020629883
1,508,5.08,7517.785727977753,7488.237172365189,7496.507465839386,7447.173595428467,-1.1277198791503906,0.8799135684967041,0.19431114196777344,-0.1576542854309082
1,509,5.09,7516.629695892334,7489.101141691208,7496.718168258667,7447.075843811035,-1.1560320854187012,0.8639693260192871,0.21070241928100586,-0.09775161743164062
1,510,5.1000000000000005,7515.44713973999,7489.947974681854,7496.944814920425,7447.038888931274,-1.18255615234375,0.8468329906463623,0.22664666175842285,-0.03695487976074219
1,511,5.11,7514.238357543945,7490.781098604202,7497.185170650482,7447.060346603394,-1.2087821960449219,0.8331239223480225,0.2403557300567627,0.021457672119140625
1,512,5.12,7513.006329536438,7491.598278284073,7497.439980506897,7447.14230298996,-1.2320280075073242,0.8171796798706055,0.2548098564147949,0.08195638656616211
1,513,5.13,7511.751353740692,7492.4008548259735,7497.708201408386,7447.285056114197,-1.2549757957458496,0.8025765419006348,0.2682209014892578,0.14275312423706055
1,514,5.14,7510.4764103889465,7493.189722299576,7497.988343238831,7447.487115859985,-1.2749433517456055,0.7888674736022949,0.28014183044433594,0.20205974578857422
1,515,5.15,7509.182095527649,7493.965178728104,7498.281002044678,7447.749674320221,-1.2943148612976074,0.775456428527832,0.29265880584716797,0.2625584602355957
1,516,5.16,7507.87079334259,7494.727224111557,7498.583346605301,7448.07094335556,-1.3113021850585938,0.7620453834533691,0.30234456062316895,0.32126903533935547
1,517,5.17,7506.54399394989,7495.477050542831,7498.89612197876,7448.452115058899,-1.3267993927001953,0.7498264312744141,0.3127753734588623,0.38117170333862305
1,518,5.18,7505.204081535339,7496.215254068375,7499.217987060547,7448.891401290894,-1.3399124145507812,0.7382035255432129,0.3218650817871094,0.4392862319946289
1,519,5.19,7503.8522481918335,7496.941983699799,7499.547600746155,7449.389398097992,-1.3518333435058594,0.7267296314239502,0.32961368560791016,0.49799680709838867
1,520,5.2,7502.49058008194,7497.657984495163,7499.885261058807,7449.9452114105225,-1.3616681098937988,0.7160007953643799,0.3376603126525879,0.5558133125305176
1,521,5.21,7501.121759414673,7498.363703489304,7500.229477882385,7450.5579471588135,-1.3688206672668457,0.705718994140625,0.34421682357788086,0.6127357482910156
1,522,5.22,7499.7468292713165,7499.05988574028,7500.579059123993,7451.227009296417,-1.3749301433563232,0.6961822509765625,0.349581241607666,0.6690621376037598
1,523,5.23,7498.367577791214,7499.7469782829285,7500.933408737183,7451.951801776886,-1.379251480102539,0.6870925426483154,0.35434961318969727,0.72479248046875
1,524,5.24,7496.987134218216,7500.424385070801,7501.2922286987305,7452.731132507324,-1.3804435729980469,0.6774067878723145,0.35881996154785156,0.7793307304382324
1,525,5.25,7495.606690645218,7501.094937324524,7501.653432846069,7453.56410741806,-1.3804435729980469,0.6705522537231445,0.3612041473388672,0.832974910736084
1,526,5.26,7494.229227304459,7501.7571449279785,7502.017319202423,7454.449534416199,-1.3774633407592773,0.6622076034545898,0.36388635635375977,0.8854269981384277
1,527,5.2700000000000005,7492.85563826561,7502.41219997406,7502.382397651672,7455.387115478516,-1.373589038848877,0.655055046081543,0.3650784492492676,0.9375810623168945
1,528,5.28,7491.488605737686,7503.060698509216,7502.748072147369,7456.37446641922,-1.367032527923584,0.64849853515625,0.3656744956970215,0.9873509407043457
1,529,5.29,7490.130215883255,7503.702640533447,7503.1134486198425,7457.411289215088,-1.3583898544311523,0.641942024230957,0.36537647247314453,1.03682279586792
1,530,5.3,7488.78225684166,7504.338622093201,7503.477334976196,7458.495199680328,-1.347959041595459,0.635981559753418,0.36388635635375977,1.0839104652404785
1,531,5.3100000000000005,7487.447112798691,7504.968643188477,7503.8400292396545,7459.626495838165,-1.33514404296875,0.6300210952758789,0.36269426345825195,1.131296157836914
1,532,5.32,7486.126571893692,7505.5935978889465,7504.19944524765,7460.801899433136,-1.3205409049987793,0.6249547004699707,0.35941600799560547,1.1754035949707031
1,533,5.33,7484.8224222660065,7506.2137842178345,7504.554986953735,7462.021112442017,-1.3041496276855469,0.6201863288879395,0.3555417060852051,1.2192130088806152
1,534,5.34,7483.536750078201,7506.82920217514,7504.906058311462,7463.281750679016,-1.2856721878051758,0.6154179573059082,0.3510713577270508,1.2606382369995117
1,535,5.3500000000000005,7482.273131608963,7507.4392557144165,7505.2520632743835,7464.582622051239,-1.2636184692382812,0.610053539276123,0.3460049629211426,1.3008713722229004
1,536,5.36,7481.03067278862,7508.045732975006,7505.592405796051,7465.921640396118,-1.2424588203430176,0.6064772605895996,0.34034252166748047,1.3390183448791504
1,537,5.37,7479.812949895859,7508.648037910461,7505.9255957603455,7467.29701757431,-1.2177228927612305,0.6023049354553223,0.3331899642944336,1.3753771781921387
1,538,5.38,7478.621155023575,7509.246468544006,7506.251335144043,7468.70756149292,-1.1917948722839355,0.5984306335449219,0.32573938369750977,1.4105439186096191
1,539,5.39,7477.458268404007,7509.840130805969,7506.568133831024,7470.150589942932,-1.162886619567871,0.5936622619628906,0.31679868698120117,1.443028450012207
1,540,5.4,7476.324588060379,7510.430812835693,7506.875991821289,7471.624314785004,-1.1336803436279297,0.5906820297241211,0.3078579902648926,1.4737248420715332
1,541,5.41,7475.222498178482,7511.017024517059,7507.174611091614,7473.126947879791,-1.1020898818969727,0.5862116813659668,0.29861927032470703,1.5026330947875977
1,542,5.42,7474.154382944107,7511.599659919739,7507.462203502655,7474.656701087952,-1.068115234375,0.5826354026794434,0.28759241104125977,1.5297532081604004
1,543,5.43,7473.120242357254,7512.178421020508,7507.739067077637,7476.209402084351,-1.0341405868530273,0.578761100769043,0.27686357498168945,1.5527009963989258
1,544,5.44,7472.123056650162,7512.753009796143,7508.003413677216,7477.78594493866,-0.9971857070922852,0.5745887756347656,0.2643465995788574,1.576542854309082
1,545,5.45,7471.163421869278,7513.323724269867,7508.255839347839,7479.382753372192,-0.9596347808837891,0.5707144737243652,0.2524256706237793,1.5968084335327148
1,546,5.46,7470.24342417717,7513.889670372009,7508.494853973389,7480.997145175934,-0.9199976921081543,0.565946102142334,0.2390146255493164,1.614391803741455
1,547,5.47,7469.363957643509,7514.4511461257935,7508.72015953064,7482.627630233765,-0.8794665336608887,0.5614757537841797,0.22530555725097656,1.6304850578308105
1,548,5.48,7468.526512384415,7515.008449554443,7508.931457996368,7484.271228313446,-0.8374452590942383,0.5573034286499023,0.21129846572875977,1.6435980796813965
1,549,5.49,7467.7325785160065,7515.5603885650635,7509.127557277679,7485.925853252411,-0.7939338684082031,0.5519390106201172,0.19609928131103516,1.6546249389648438
1,550,5.5,7466.982752084732,7516.106963157654,7509.308457374573,7487.590312957764,-0.7498264312744141,0.546574592590332,0.18090009689331055,1.6644597053527832
1,551,5.51,7466.277927160263,7516.648173332214,7509.473264217377,7489.26043510437,-0.7048249244689941,0.5412101745605469,0.16480684280395508,1.6701221466064453
1,552,5.5200000000000005,7465.620189905167,7517.18282699585,7509.621977806091,7490.935325622559,-0.6577372550964355,0.5346536636352539,0.1487135887145996,1.6748905181884766
1,553,5.53,7465.009242296219,7517.711520195007,7509.753108024597,7492.61200428009,-0.6109476089477539,0.5286931991577148,0.13113021850585938,1.6766786575317383
1,554,5.54,7464.4531309604645,7518.230080604553,7509.872615337372,7494.283318519592,-0.5561113357543945,0.5185604095458984,0.1195073127746582,1.6713142395019531
1,555,5.55,7463.998049497604,7518.72181892395,7510.012090206146,7495.914399623871,-0.4550814628601074,0.49173831939697266,0.13947486877441406,1.6310811042785645
1,556,5.5600000000000005,7463.597804307938,7519.203424453735,7510.137856006622,7497.538328170776,-0.40024518966674805,0.48160552978515625,0.12576580047607422,1.6239285469055176
1,557,5.57,7463.251501321793,7519.674301147461,7510.249018669128,7499.151527881622,-0.34630298614501953,0.47087669372558594,0.11116266250610352,1.6131997108459473
1,558,5.58,7462.960034608841,7520.134747028351,7510.345280170441,7500.753402709961,-0.29146671295166016,0.4604458808898926,0.09626150131225586,1.601874828338623
1,559,5.59,7462.722808122635,7520.584166049957,7510.426044464111,7502.341866493225,-0.2372264862060547,0.4494190216064453,0.0807642936706543,1.5884637832641602
1,560,5.6000000000000005,7462.539821863174,7521.0219621658325,7510.490119457245,7503.914833068848,-0.18298625946044922,0.43779611587524414,0.06407499313354492,1.5729665756225586
1,561,5.61,7462.410479784012,7521.446943283081,7510.538697242737,7505.470812320709,-0.12934207916259766,0.42498111724853516,0.04857778549194336,1.5559792518615723
1,562,5.62,7462.334781885147,7521.859109401703,7510.569989681244,7507.007718086243,-0.0756978988647461,0.41216611862182617,0.03129243850708008,1.5369057655334473
1,563,5.63,7462.312132120132,7522.25786447525,7510.583996772766,7508.524060249329,-0.022649765014648438,0.3987550735473633,0.014007091522216797,1.5163421630859375
1,564,5.64,7462.342530488968,7522.643208503723,7510.581016540527,7510.018348693848,0.03039836883544922,0.3853440284729004,-0.0029802322387695312,1.494288444519043
1,565,5.65,7462.425380945206,7523.013353347778,7510.55896282196,7511.4887952804565,0.08285045623779297,0.3701448440551758,-0.02205371856689453,1.4704465866088867
1,566,5.66,7462.560087442398,7523.368000984192,7510.519325733185,7512.93271780014,0.1347064971923828,0.3546476364135742,-0.039637088775634766,1.443922519683838
1,567,5.67,7462.7454578876495,7523.707151412964,7510.4621052742,7514.349818229675,0.18537044525146484,0.33915042877197266,-0.057220458984375,1.417100429534912
1,568,5.68,7462.98149228096,7524.030804634094,7510.385811328888,7515.737414360046,0.23603439331054688,0.3236532211303711,-0.0762939453125,1.3875961303710938
1,569,5.69,7463.26670050621,7524.336576461792,7510.291635990143,7517.094612121582,0.28520822525024414,0.3057718276977539,-0.09417533874511719,1.3571977615356445
1,570,5.7,7463.6010825634,7524.625062942505,7510.178983211517,7518.420219421387,0.3343820571899414,0.2884864807128906,-0.11265277862548828,1.3256072998046875
1,571,5.71,7463.983446359634,7524.896264076233,7510.047256946564,7519.711852073669,0.38236379623413086,0.27120113372802734,-0.13172626495361328,1.2916326522827148
1,572,5.72,7464.412599802017,7525.148391723633,7509.8976492881775,7520.969212055206,0.4291534423828125,0.25212764739990234,-0.14960765838623047,1.2573599815368652
1,573,5.73,7464.887648820877,7525.381445884705,7509.728670120239,7522.19021320343,0.4750490188598633,0.23305416107177734,-0.16897916793823242,1.221001148223877
1,574,5.74,7465.407699346542,7525.5948305130005,7509.542405605316,7523.373961448669,0.5200505256652832,0.21338462829589844,-0.1862645149230957,1.1837482452392578
1,575,5.75,7465.971857309341,7525.787949562073,7509.337663650513,7524.518072605133,0.5641579627990723,0.19311904907226562,-0.2047419548034668,1.144111156463623
1,576,5.76,7466.578632593155,7525.960206985474,7509.114742279053,7525.623142719269,0.6067752838134766,0.1722574234008789,-0.22292137145996094,1.1050701141357422
1,577,5.7700000000000005,7467.226535081863,7526.111602783203,7508.8754296302795,7526.686787605286,0.6479024887084961,0.1513957977294922,-0.23931264877319336,1.0636448860168457
1,578,5.78,7467.914968729019,7526.2415409088135,7508.61793756485,7527.7093052864075,0.6884336471557617,0.12993812561035156,-0.2574920654296875,1.0225176811218262
1,579,5.79,7468.643039464951,7526.348233222961,7508.343160152435,7528.688907623291,0.7280707359313965,0.10669231414794922,-0.2747774124145508,0.9796023368835449
1,580,5.8,7469.408065080643,7526.4328718185425,7508.052885532379,7529.625296592712,0.7650256156921387,0.08463859558105469,-0.29027462005615234,0.9363889694213867
1,581,5.8100000000000005,7470.209151506424,7526.494264602661,7507.745623588562,7530.517578125,0.80108642578125,0.061392784118652344,-0.30726194381713867,0.8922815322875977
1,582,5.82,7471.04600071907,7526.531219482422,7507.423162460327,7531.363964080811,0.8368492126464844,0.03695487976074219,-0.3224611282348633,0.8463859558105469
1,583,5.83,7471.915632486343,7526.5443325042725,7507.085502147675,7532.166242599487,0.8696317672729492,0.013113021850585938,-0.3376603126525879,0.8022785186767578
1,584,5.84,7472.817748785019,7526.533007621765,7506.7338347435,7532.922029495239,0.9021162986755371,-0.011324882507324219,-0.3516674041748047,0.7557868957519531
1,585,5.8500000000000005,7473.75026345253,7526.496648788452,7506.367564201355,7533.631920814514,0.9325146675109863,-0.03635883331298828,-0.3662705421447754,0.7098913192749023
1,586,5.86,7474.711686372757,7526.434659957886,7505.9884786605835,7534.2947244644165,0.9614229202270508,-0.06198883056640625,-0.3790855407714844,0.6628036499023438
1,587,5.87,7475.700527429581,7526.34733915329,7505.596876144409,7534.911334514618,0.9888410568237305,-0.08732080459594727,-0.3916025161743164,0.616610050201416
1,588,5.88,7476.715296506882,7526.233792304993,7505.193054676056,7535.480856895447,1.0147690773010254,-0.11354684829711914,-0.4038214683532715,0.5695223808288574
1,589,5.89,7477.7548015117645,7526.093125343323,7504.778504371643,7536.003589630127,1.0395050048828125,-0.14066696166992188,-0.4145503044128418,0.5227327346801758
1,590,5.9,7478.816658258438,7525.9265303611755,7504.3535232543945,7536.479830741882,1.061856746673584,-0.1665949821472168,-0.42498111724853516,0.4762411117553711
1,591,5.91,7479.900270700455,7525.732517242432,7503.918707370758,7536.908984184265,1.0836124420166016,-0.19401311874389648,-0.4348158836364746,0.4291534423828125
1,592,5.92,7481.002658605576,7525.511384010315,7503.475546836853,7537.291347980499,1.1023879051208496,-0.22113323211669922,-0.4431605339050293,0.38236379623413086
1,593,5.93,7482.122927904129,7525.262236595154,7503.024339675903,7537.628412246704,1.1202692985534668,-0.2491474151611328,-0.45120716094970703,0.337064266204834
1,594,5.94,7483.259290456772,7524.98596906662,7502.565681934357,7537.918388843536,1.1363625526428223,-0.27626752853393555,-0.45865774154663086,0.2899765968322754
1,595,5.95,7484.410256147385,7524.6816873550415,7502.101361751556,7538.163363933563,1.150965690612793,-0.30428171157836914,-0.46432018280029297,0.24497509002685547
1,596,5.96,7485.574632883072,7524.349689483643,7501.631081104279,7538.362741470337,1.1643767356872559,-0.3319978713989258,-0.47028064727783203,0.19937753677368164
1,597,5.97,7486.749440431595,7523.988485336304,7501.157522201538,7538.519501686096,1.1748075485229492,-0.3612041473388672,-0.4735589027404785,0.15676021575927734
1,598,5.98,7487.934082746506,7523.600459098816,7500.680685043335,7538.630962371826,1.1846423149108887,-0.38802623748779297,-0.476837158203125,0.11146068572998047
1,599,5.99,7489.126473665237,7523.18412065506,7500.200569629669,7538.699209690094,1.1923909187316895,-0.4163384437561035,-0.4801154136657715,0.06824731826782227
1,600,6.0,7490.324825048447,7522.7391719818115,7499.718964099884,7538.725733757019,1.1983513832092285,-0.444948673248291,-0.48160552978515625,0.026524066925048828
1,601,6.01,7491.528540849686,7522.265911102295,7499.237209558487,7538.710832595825,1.2037158012390137,-0.47326087951660156,-0.4817545413970947,-0.014901161193847656
1,602,6.0200000000000005,7492.734640836716,7521.765828132629,7498.755753040314,7538.654804229736,1.2060999870300293,-0.5000829696655273,-0.4814565181732178,-0.05602836608886719
1,603,6.03,7493.942230939865,7521.236836910248,7498.275339603424,7538.558840751648,1.207590103149414,-0.5289912223815918,-0.48041343688964844,-0.0959634780883789
1,604,6.04,7495.148926973343,7520.681023597717,7497.798055410385,7538.424432277679,1.2066960334777832,-0.5558133125305176,-0.47728419303894043,-0.13440847396850586
1,605,6.05,7496.354132890701,7520.0968980789185,7497.323453426361,7538.251280784607,1.2052059173583984,-0.5841255187988281,-0.47460198402404785,-0.17315149307250977
1,606,6.0600000000000005,7497.555762529373,7519.487142562866,7496.853172779083,7538.04087638855,1.201629638671875,-0.6097555160522461,-0.47028064727783203,-0.2104043960571289
1,607,6.07,7498.752325773239,7518.849968910217,7496.387660503387,7537.795305252075,1.1965632438659668,-0.6371736526489258,-0.4655122756958008,-0.24557113647460938
1,608,6.08,7499.942630529404,7518.186867237091,7495.928555727005,7537.513971328735,1.1903047561645508,-0.6631016731262207,-0.4591047763824463,-0.28133392333984375
1,609,6.09,7501.123547554016,7517.497539520264,7495.476305484772,7537.199556827545,1.1809170246124268,-0.6893277168273926,-0.45225024223327637,-0.31441450119018555
1,610,6.1000000000000005,7502.295970916748,7516.782283782959,7495.031654834747,7536.851763725281,1.1724233627319336,-0.7152557373046875,-0.44465065002441406,-0.3477931022644043
1,611,6.11,7503.456473350525,7516.043186187744,7494.596242904663,7536.472678184509,1.1605024337768555,-0.7390975952148438,-0.4354119300842285,-0.3790855407714844
1,612,6.12,7504.605054855347,7515.279054641724,7494.169473648071,7536.062002182007,1.1485815048217773,-0.7641315460205078,-0.4267692565917969,-0.4106760025024414
1,613,6.13,7505.739331245422,7514.490783214569,7493.752986192703,7535.622715950012,1.1342763900756836,-0.788271427154541,-0.416487455368042,-0.4392862319946289
1,614,6.140000000000001,7506.858706474304,7513.6798620224,7493.3479726314545,7535.154819488525,1.119375228881836,-0.8109211921691895,-0.4050135612487793,-0.4678964614868164
1,615,6.15,7507.960796356201,7512.84658908844,7492.955029010773,7534.659802913666,1.1020898818969727,-0.8332729339599609,-0.3929436206817627,-0.49501657485961914
1,616,6.16,7509.0450048446655,7511.991858482361,7492.573857307434,7534.138560295105,1.0842084884643555,-0.8547306060791016,-0.38117170333862305,-0.521242618560791
1,617,6.17,7510.110139846802,7511.11626625061,7492.20609664917,7533.591985702515,1.0651350021362305,-0.8755922317504883,-0.36776065826416016,-0.546574592590332
1,618,6.18,7511.154413223267,7510.220408439636,7491.852045059204,7533.021569252014,1.0442733764648438,-0.8958578109741211,-0.3540515899658203,-0.5704164505004883
1,619,6.19,7512.176632881165,7509.305477142334,7491.51274561882,7532.428801059723,1.0222196578979492,-0.9149312973022461,-0.33929944038391113,-0.5927681922912598
1,620,6.2,7513.176500797272,7508.372068405151,7491.187751293182,7531.813979148865,0.9998679161071777,-0.9334087371826172,-0.3249943256378174,-0.6148219108581543
1,621,6.21,7514.151334762573,7507.421672344208,7490.878999233246,7531.178593635559,0.9748339653015137,-0.9503960609436035,-0.30875205993652344,-0.6353855133056641
1,622,6.22,7515.101432800293,7506.454586982727,7490.585893392563,7530.5235385894775,0.9500980377197266,-0.9670853614807129,-0.2931058406829834,-0.655055046081543
1,623,6.23,7516.02441072464,7505.472302436829,7490.309327840805,7529.8503041267395,0.9229779243469238,-0.9822845458984375,-0.2765655517578125,-0.6732344627380371
1,624,6.24,7516.921162605286,7504.475712776184,7490.049451589584,7529.159188270569,0.896751880645752,-0.9965896606445312,-0.2598762512207031,-0.6911158561706543
1,625,6.25,7517.7887082099915,7503.466606140137,7489.806711673737,7528.451383113861,0.8675456047058105,-1.0091066360473633,-0.24273991584777832,-0.7078051567077637
1,626,6.26,7518.627345561981,7502.445578575134,7489.581108093262,7527.727782726288,0.8386373519897461,-1.0210275650024414,-0.22560358047485352,-0.7236003875732422
1,627,6.2700000000000005,7519.435286521912,7501.413822174072,7489.372938871384,7526.989579200745,0.8079409599304199,-1.0317564010620117,-0.20816922187805176,-0.7382035255432129
1,628,6.28,7520.212233066559,7500.371932983398,7489.183247089386,7526.237964630127,0.7769465446472168,-1.0418891906738281,-0.18969178199768066,-0.7516145706176758
1,629,6.29,7520.957589149475,7499.32199716568,7489.011138677597,7525.473237037659,0.7453560829162598,-1.0499358177185059,-0.17210841178894043,-0.7647275924682617
1,630,6.3,7521.670460700989,7498.265951871872,7488.857209682465,7524.696588516235,0.7128715515136719,-1.0560452938079834,-0.1539289951324463,-0.7766485214233398
1,631,6.3100000000000005,7522.3493576049805,7497.202754020691,7488.721609115601,7523.909509181976,0.6788969039916992,-1.0631978511810303,-0.13560056686401367,-0.7870793342590332
1,632,6.32,7522.994875907898,7496.135532855988,7488.604187965393,7523.110806941986,0.6455183029174805,-1.0672211647033691,-0.11742115020751953,-0.7987022399902344
1,633,6.33,7523.605525493622,7495.065927505493,7488.504946231842,7522.302865982056,0.610649585723877,-1.0696053504943848,-0.09924173355102539,-0.8079409599304199
1,634,6.34,7524.1804122924805,7493.993490934372,7488.424181938171,7521.486282348633,0.5748867988586426,-1.0724365711212158,-0.0807642936706543,-0.8165836334228516
1,635,6.3500000000000005,7524.7204303741455,7492.921352386475,7488.360702991486,7520.660758018494,0.5400180816650391,-1.0721385478973389,-0.06347894668579102,-0.8255243301391602
1,636,6.36,7525.22349357605,7491.849809885025,7488.315254449844,7519.828677177429,0.5030632019042969,-1.071542501449585,-0.04544854164123535,-0.8320808410644531
1,637,6.37,7525.689601898193,7490.780204534531,7488.287687301636,7518.990039825439,0.4661083221435547,-1.0696053504943848,-0.027567148208618164,-0.8386373519897461
1,638,6.38,7526.118755340576,7489.714622497559,7488.277852535248,7518.144249916077,0.4291534423828125,-1.065582036972046,-0.009834766387939453,-0.845789909362793
1,639,6.390000000000001,7526.5103578567505,7488.654553890228,7488.284409046173,7517.293691635132,0.3916025161743164,-1.0600686073303223,0.006556510925292969,-0.8505582809448242
1,640,6.4,7526.864409446716,7487.6004457473755,7488.308101892471,7516.437768936157,0.3540515899658203,-1.0541081428527832,0.023692846298217773,-0.8559226989746094
1,641,6.41,7527.180016040802,7486.553937196732,7488.348335027695,7515.577673912048,0.31560659408569336,-1.046508550643921,0.04023313522338867,-0.8600950241088867
1,642,6.42,7527.458071708679,7485.5175614356995,7488.403916358948,7514.712810516357,0.27805566787719727,-1.0363757610321045,0.05558133125305176,-0.864863395690918
1,643,6.43,7527.6970863342285,7484.491318464279,7488.475739955902,7513.8455629348755,0.2390146255493164,-1.026242971420288,0.0718235969543457,-0.8672475814819336
1,644,6.44,7527.898550033569,7483.477145433426,7488.5620176792145,7512.974739074707,0.2014636993408203,-1.0141730308532715,0.08627772331237793,-0.870823860168457
1,645,6.45,7528.060674667358,7482.476383447647,7488.6637926101685,7512.101829051971,0.1621246337890625,-1.0007619857788086,0.10177493095397949,-0.8729100227355957
1,646,6.46,7528.184652328491,7481.490075588226,7488.779425621033,7511.227130889893,0.1239776611328125,-0.9863078594207764,0.11563301086425781,-0.8746981620788574
1,647,6.47,7528.26988697052,7480.5207550525665,7488.908171653748,7510.350346565247,0.0852346420288086,-0.96932053565979,0.12874603271484375,-0.8767843246459961
1,648,6.48,7528.3172726631165,7479.567974805832,7489.050328731537,7509.471774101257,0.04738569259643555,-0.9527802467346191,0.14215707778930664,-0.8785724639892578
1,649,6.49,7528.325915336609,7478.634417057037,7489.204704761505,7508.59409570694,0.00864267349243164,-0.9335577487945557,0.15437602996826172,-0.877678394317627
1,650,6.5,7528.296709060669,7477.720379829407,7489.370703697205,7507.714927196503,-0.029206275939941406,-0.9140372276306152,0.1659989356994629,-0.8791685104370117
1,651,6.51,7528.2299518585205,7476.828396320343,7489.548474550247,7506.83605670929,-0.0667572021484375,-0.8919835090637207,0.17777085304260254,-0.8788704872131348
1,652,6.5200000000000005,7528.125047683716,7475.95801949501,7489.7366762161255,7505.958676338196,-0.1049041748046875,-0.8703768253326416,0.1882016658782959,-0.87738037109375
1,653,6.53,7527.983486652374,7475.112080574036,7489.934265613556,7505.08040189743,-0.14156103134155273,-0.8459389209747314,0.19758939743041992,-0.8782744407653809
1,654,6.54,7527.804672718048,7474.290877580643,7490.141689777374,7504.204511642456,-0.17881393432617188,-0.8212029933929443,0.20742416381835938,-0.8758902549743652
1,655,6.55,7527.589797973633,7473.496049642563,7490.357309579849,7503.329515457153,-0.2148747444152832,-0.794827938079834,0.21561980247497559,-0.8749961853027344
1,656,6.5600000000000005,7527.338862419128,7472.727745771408,7490.581274032593,7502.4572014808655,-0.25093555450439453,-0.7683038711547852,0.22396445274353027,-0.8723139762878418
1,657,6.57,7527.052164077759,7471.9880521297455,7490.8119440078735,7501.586675643921,-0.2866983413696289,-0.7396936416625977,0.23066997528076172,-0.8705258369445801
1,658,6.58,7526.730895042419,7471.277862787247,7491.049766540527,7500.719130039215,-0.32126903533935547,-0.7101893424987793,0.2378225326538086,-0.8675456047058105
1,659,6.59,7526.375353336334,7470.598071813583,7491.292953491211,7499.854564666748,-0.3555417060852051,-0.6797909736633301,0.24318695068359375,-0.864565372467041
1,660,6.6000000000000005,7525.986135005951,7469.9486792087555,7491.541653871536,7498.993277549744,-0.3892183303833008,-0.6493926048278809,0.24870038032531738,-0.8612871170043945
1,661,6.61,7525.563836097717,7469.332069158554,7491.79482460022,7498.1361627578735,-0.4222989082336426,-0.616610050201416,0.2531707286834717,-0.8571147918701172
1,662,6.62,7525.109946727753,7468.748241662979,7492.0520186424255,7497.283220291138,-0.4538893699645996,-0.5838274955749512,0.25719404220581055,-0.8529424667358398
1,663,6.63,7524.623870849609,7468.19794178009,7492.312490940094,7496.435344219208,-0.48607587814331055,-0.550299882888794,0.26047229766845703,-0.8478760719299316
1,664,6.640000000000001,7524.107098579407,7467.682808637619,7492.575645446777,7495.592534542084,-0.5167722702026367,-0.5151331424713135,0.2631545066833496,-0.8428096771240234
1,665,6.65,7523.56082201004,7467.203438282013,7492.84103512764,7494.7550892829895,-0.5462765693664551,-0.4793703556060791,0.26538968086242676,-0.8374452590942383
1,666,6.66,7522.985339164734,7466.759383678436,7493.107914924622,7493.923902511597,-0.5754828453063965,-0.44405460357666016,0.2668797969818115,-0.8311867713928223
1,667,6.67,7522.381544113159,7466.351538896561,7493.375837802887,7493.100166320801,-0.603795051574707,-0.40784478187561035,0.26792287826538086,-0.8237361907958984
1,668,6.68,7521.750926971436,7465.9813940525055,7493.643760681152,7492.282390594482,-0.6306171417236328,-0.3701448440551758,0.26792287826538086,-0.8177757263183594
1,669,6.69,7521.098554134369,7465.647011995316,7493.91496181488,7491.468787193298,-0.6523728370666504,-0.3343820571899414,0.27120113372802734,-0.813603401184082
1,670,6.7,7520.421743392944,7465.350925922394,7494.186162948608,7490.664124488831,-0.6768107414245605,-0.29608607292175293,0.27120113372802734,-0.8046627044677734
1,671,6.71,7519.71960067749,7465.09313583374,7494.455873966217,7489.868402481079,-0.7021427154541016,-0.25779008865356445,0.2697110176086426,-0.7957220077514648
1,672,6.72,7518.99391412735,7464.874982833862,7494.723051786423,7489.082217216492,-0.7256865501403809,-0.2181529998779297,0.2671778202056885,-0.7861852645874023
1,673,6.73,7518.245279788971,7464.6957218647,7494.987845420837,7488.306760787964,-0.7486343383789062,-0.1792609691619873,0.26479363441467285,-0.775456428527832
1,674,6.74,7517.474591732025,7464.556246995926,7495.249509811401,7487.543225288391,-0.7706880569458008,-0.13947486877441406,0.26166439056396484,-0.7635354995727539
1,675,6.75,7516.683340072632,7464.457154273987,7495.507895946503,7486.79131269455,-0.7912516593933105,-0.09909272193908691,0.25838613510131836,-0.7519125938415527
1,676,6.76,7515.8727169036865,7464.397698640823,7495.762258768082,7486.051917076111,-0.8106231689453125,-0.05945563316345215,0.2543628215789795,-0.7393956184387207
1,677,6.7700000000000005,7515.043616294861,7464.378327131271,7496.012449264526,7485.325336456299,-0.8291006088256836,-0.019371509552001953,0.25019049644470215,-0.7265806198120117
1,678,6.78,7514.1966342926025,7464.399188756943,7496.258616447449,7484.613358974457,-0.8469820022583008,0.02086162567138672,0.24616718292236328,-0.711977481842041
1,679,6.79,7513.333559036255,7464.459985494614,7496.499419212341,7483.916282653809,-0.8630752563476562,0.06079673767089844,0.24080276489257812,-0.6970763206481934
1,680,6.8,7512.454986572266,7464.56116437912,7496.735453605652,7483.234405517578,-0.8785724639892578,0.10117888450622559,0.23603439331054688,-0.6818771362304688
1,681,6.8100000000000005,7511.562705039978,7464.702129364014,7496.964931488037,7482.568621635437,-0.8922815322875977,0.14096498489379883,0.2294778823852539,-0.6657838821411133
1,682,6.82,7510.659694671631,7464.881986379623,7497.192025184631,7481.918931007385,-0.903010368347168,0.1798570156097412,0.22709369659423828,-0.6496906280517578
1,683,6.83,7509.749531745911,7465.100139379501,7497.414648532867,7481.28354549408,-0.9101629257202148,0.2181529998779297,0.22262334823608398,-0.6353855133056641
1,684,6.84,7508.829832077026,7465.356290340424,7497.633099555969,7480.6660413742065,-0.9196996688842773,0.2561509609222412,0.21845102310180664,-0.6175041198730469
1,685,6.8500000000000005,7507.902085781097,7465.651035308838,7497.846186161041,7480.067014694214,-0.9277462959289551,0.29474496841430664,0.21308660507202148,-0.5990266799926758
1,686,6.86,7506.968677043915,7465.983480215073,7498.054504394531,7479.487359523773,-0.9334087371826172,0.3324449062347412,0.20831823348999023,-0.5796551704406738
1,687,6.87,7506.029009819031,7466.353923082352,7498.257011175156,7478.927373886108,-0.9396672248840332,0.37044286727905273,0.20250678062438965,-0.5599856376647949
1,688,6.88,7505.08576631546,7466.760724782944,7498.4535574913025,7478.388249874115,-0.9432435035705566,0.406801700592041,0.19654631614685059,-0.5391240119934082
1,689,6.890000000000001,7504.139244556427,7467.203885316849,7498.645931482315,7477.870881557465,-0.9465217590332031,0.4431605339050293,0.19237399101257324,-0.5173683166503906
1,690,6.9,7503.190636634827,7467.682957649231,7498.832643032074,7477.375268936157,-0.9486079216003418,0.47907233238220215,0.18671154975891113,-0.49561262130737305
1,691,6.91,7502.24232673645,7468.196302652359,7499.013543128967,7476.903200149536,-0.9483098983764648,0.5133450031280518,0.18090009689331055,-0.47206878662109375
1,692,6.92,7501.294314861298,7468.744665384293,7499.189078807831,7476.454973220825,-0.9480118751525879,0.5483627319335938,0.1755356788635254,-0.4482269287109375
1,693,6.93,7500.348687171936,7469.3261086940765,7499.3593990802765,7476.031482219696,-0.9456276893615723,0.5814433097839355,0.1703202724456787,-0.4234910011291504
1,694,6.94,7499.405890703201,7469.940334558487,7499.52495098114,7475.633025169373,-0.9427964687347412,0.6142258644104004,0.16555190086364746,-0.39845705032348633
1,695,6.95,7498.467117547989,7470.586746931076,7499.685287475586,7475.260496139526,-0.9387731552124023,0.6464123725891113,0.16033649444580078,-0.3725290298461914
1,696,6.96,7497.534602880478,7471.2638556957245,7499.840259552002,7474.914789199829,-0.9325146675109863,0.6771087646484375,0.15497207641601562,-0.3457069396972656
1,697,6.97,7496.608644723892,7471.970915794373,7499.990165233612,7474.595904350281,-0.9259581565856934,0.7070600986480713,0.14990568161010742,-0.31888484954833984
1,698,6.98,7495.68983912468,7472.707182168961,7500.135600566864,7474.305033683777,-0.9188055992126465,0.7362663745880127,0.14543533325195312,-0.29087066650390625
1,699,6.99,7494.779974222183,7473.471313714981,7500.276267528534,7474.042773246765,-0.9098649024963379,0.7641315460205078,0.14066696166992188,-0.26226043701171875
1,700,7.0,7493.880540132523,7474.262714385986,7500.411868095398,7473.809719085693,-0.8994340896606445,0.791400671005249,0.13560056686401367,-0.23305416107177734
1,701,7.01,7492.992132902145,7475.080788135529,7500.543296337128,7473.606169223785,-0.8884072303771973,0.8180737495422363,0.13142824172973633,-0.20354986190795898
1,702,7.0200000000000005,7492.115348577499,7475.922703742981,7500.670254230499,7473.432719707489,-0.8767843246459961,0.8419156074523926,0.12695789337158203,-0.17344951629638672
1,703,7.03,7491.252273321152,7476.7884612083435,7500.793039798737,7473.290264606476,-0.8630752563476562,0.8657574653625488,0.12278556823730469,-0.1424551010131836
1,704,7.04,7490.4026091098785,7477.6773154735565,7500.91165304184,7473.177909851074,-0.8496642112731934,0.8888542652130127,0.11861324310302734,-0.11235475540161133
1,705,7.05,7489.568144083023,7478.587329387665,7501.02698802948,7473.097443580627,-0.8344650268554688,0.9100139141082764,0.11533498764038086,-0.08046627044677734
1,706,7.0600000000000005,7488.750070333481,7479.517757892609,7501.137256622314,7473.048567771912,-0.8180737495422363,0.9304285049438477,0.11026859283447266,-0.04887580871582031
1,707,7.07,7487.948089838028,7480.467110872269,7501.244843006134,7473.0318784713745,-0.8019804954528809,0.9493529796600342,0.10758638381958008,-0.016689300537109375
1,708,7.08,7487.164586782455,7481.434643268585,7501.348555088043,7473.046779632568,-0.7835030555725098,0.9675323963165283,0.10371208190917969,0.014901161193847656
1,709,7.09,7486.399561166763,7482.418864965439,7501.449286937714,7473.093867301941,-0.7650256156921387,0.9842216968536377,0.10073184967041016,0.047087669372558594
1,710,7.1000000000000005,7485.654205083847,7483.417838811874,7501.54584646225,7473.173141479492,-0.7453560829162598,0.9989738464355469,0.09655952453613281,0.07927417755126953
1,711,7.11,7484.9288165569305,7484.43141579628,7501.639723777771,7473.28519821167,-0.7253885269165039,1.0135769844055176,0.09387731552124023,0.11205673217773438
1,712,7.12,7484.224587678909,7485.45840382576,7501.730024814606,7473.4291434288025,-0.7042288780212402,1.0269880294799805,0.0903010368347168,0.14394521713256836
1,713,7.13,7483.542114496231,7486.496716737747,7501.8176436424255,7473.605275154114,-0.6824731826782227,1.0383129119873047,0.08761882781982422,0.1761317253112793
1,714,7.140000000000001,7482.88169503212,7487.544864416122,7501.901686191559,7473.813891410828,-0.6604194641113281,1.0481476783752441,0.08404254913330078,0.2086162567138672
1,715,7.15,7482.244521379471,7488.60165476799,7501.983344554901,7474.05469417572,-0.6371736526489258,1.0567903518676758,0.08165836334228516,0.24080276489257812
1,716,7.16,7481.631189584732,7489.666640758514,7502.0623207092285,7474.327087402344,-0.6133317947387695,1.064985990524292,0.07897615432739258,0.27239322662353516
1,717,7.17,7481.041699647903,7490.7386302948,7502.137720584869,7474.6304750442505,-0.5894899368286133,1.0719895362854004,0.07539987564086914,0.3033876419067383
1,718,7.18,7480.4772436618805,7491.8147921562195,7502.211332321167,7474.965155124664,-0.5644559860229492,1.0761618614196777,0.07361173629760742,0.33468008041381836
1,719,7.19,7479.937821626663,7492.895126342773,7502.281367778778,7475.330829620361,-0.5394220352172852,1.080334186553955,0.07003545761108398,0.3656744956970215
1,720,7.2,7479.424625635147,7493.97799372673,7502.349019050598,7475.72660446167,-0.5131959915161133,1.0828673839569092,0.06765127182006836,0.39577484130859375
1,721,7.21,7478.937655687332,7495.062053203583,7502.413690090179,7476.151883602142,-0.4869699478149414,1.084059476852417,0.06467103958129883,0.4252791404724121
1,722,7.22,7478.476911783218,7496.145963668823,7502.475678920746,7476.606369018555,-0.46074390411376953,1.0839104652404785,0.06198883056640625,0.4544854164123535
1,723,7.23,7478.0429899692535,7497.228533029556,7502.5346875190735,7477.089166641235,-0.43392181396484375,1.0825693607330322,0.05900859832763672,0.48279762268066406
1,724,7.24,7477.636486291885,7498.309463262558,7502.591013908386,7477.599382400513,-0.40650367736816406,1.080930233001709,0.05632638931274414,0.5102157592773438
1,725,7.25,7477.257996797562,7499.385327100754,7502.644658088684,7478.136718273163,-0.37848949432373047,1.0758638381958008,0.05364418029785156,0.5373358726501465
1,726,7.26,7476.906925439835,7500.457167625427,7502.695322036743,7478.700280189514,-0.3510713577270508,1.071840524673462,0.05066394805908203,0.5635619163513184
1,727,7.2700000000000005,7476.5844643116,7501.521706581116,7502.74270772934,7479.289472103119,-0.3224611282348633,1.0645389556884766,0.04738569259643555,0.5891919136047363
1,728,7.28,7476.290017366409,7502.579689025879,7502.787411212921,7479.902505874634,-0.2944469451904297,1.0579824447631836,0.04470348358154297,0.6130337715148926
1,729,7.29,7476.022988557816,7503.6293268203735,7502.82883644104,7480.539083480835,-0.26702880859375,1.049637794494629,0.041425228118896484,0.6365776062011719
1,730,7.3,7475.785166025162,7504.668235778809,7502.86728143692,7481.198012828827,-0.2378225326538086,1.0389089584350586,0.03844499588012695,0.6589293479919434
1,731,7.3100000000000005,7475.575357675552,7505.696415901184,7502.90185213089,7481.878101825714,-0.209808349609375,1.0281801223754883,0.03457069396972656,0.680088996887207
1,732,7.32,7475.394755601883,7506.713271141052,7502.933144569397,7482.578456401825,-0.1806020736694336,1.016855239868164,0.03129243850708008,0.7003545761108398
1,733,7.33,7475.242167711258,7507.715821266174,7502.961158752441,7483.298778533936,-0.152587890625,1.0025501251220703,0.028014183044433594,0.7203221321105957
1,734,7.34,7475.118786096573,7508.704960346222,7502.985894680023,7484.036684036255,-0.1233816146850586,0.9891390800476074,0.02473592758178711,0.7379055023193359
1,735,7.3500000000000005,7475.0228226184845,7509.678602218628,7503.006756305695,7484.791874885559,-0.0959634780883789,0.9736418724060059,0.02086162567138672,0.7551908493041992
1,736,7.36,7474.955767393112,7510.635554790497,7503.023445606232,7485.561966896057,-0.06705522537231445,0.9569525718688965,0.016689300537109375,0.7700920104980469
1,737,7.37,7474.916726350784,7511.575222015381,7503.036260604858,7486.346960067749,-0.03904104232788086,0.9396672248840332,0.012814998626708984,0.7849931716918945
1,738,7.38,7474.905401468277,7512.496113777161,7503.045201301575,7487.145364284515,-0.011324882507324219,0.9208917617797852,0.008940696716308594,0.7984042167663574
1,739,7.390000000000001,7474.922090768814,7513.39852809906,7503.049671649933,7487.955689430237,0.016689300537109375,0.9024143218994141,0.004470348358154297,0.8103251457214355
1,740,7.4,7474.966198205948,7514.280080795288,7503.0505657196045,7488.776445388794,0.04410743713378906,0.8815526962280273,0.0008940696716308594,0.8207559585571289
1,741,7.41,7475.037723779678,7515.140175819397,7503.046691417694,7489.607036113739,0.07152557373046875,0.8600950241088867,-0.0038743019104003906,0.8305907249450684
1,742,7.42,7475.136071443558,7515.978813171387,7503.037750720978,7490.444779396057,0.09834766387939453,0.8386373519897461,-0.008940696716308594,0.8377432823181152
1,743,7.43,7475.260645151138,7516.79390668869,7503.024637699127,7491.289973258972,0.1245737075805664,0.8150935173034668,-0.013113021850585938,0.8451938629150391
1,744,7.44,7475.412040948868,7517.585456371307,7503.006756305695,7492.140531539917,0.1513957977294922,0.7915496826171875,-0.017881393432617188,0.8505582809448242
1,745,7.45,7475.588768720627,7518.352270126343,7502.98410654068,7492.995858192444,0.1767277717590332,0.7668137550354004,-0.022649765014648438,0.8553266525268555
1,746,7.46,7475.791126489639,7519.093751907349,7502.9560923576355,7493.853569030762,0.20235776901245117,0.7414817810058594,-0.028014183044433594,0.8577108383178711
1,747,7.47,7476.0182201862335,7519.809305667877,7502.924203872681,7494.713068008423,0.22709369659423828,0.7155537605285645,-0.031888484954833984,0.8594989776611328
1,748,7.48,7476.27004981041,7520.496845245361,7502.886652946472,7495.573163032532,0.2518296241760254,0.6875395774841309,-0.037550926208496094,0.8600950241088867
1,749,7.49,7476.545721292496,7521.158456802368,7502.843737602234,7496.4311718940735,0.27567148208618164,0.6616115570068359,-0.04291534423828125,0.858008861541748
1,750,7.5,7476.844936609268,7521.791458129883,7502.796351909637,7497.28798866272,0.29921531677246094,0.6330013275146484,-0.04738569259643555,0.8568167686462402
1,751,7.51,7477.166503667831,7522.3952531814575,7502.743601799011,7498.141229152679,0.3215670585632324,0.603795051574707,-0.0527501106262207,0.8532404899597168
1,752,7.5200000000000005,7477.510720491409,7522.970139980316,7502.685487270355,7498.989701271057,0.34421682357788086,0.5748867988586426,-0.05811452865600586,0.8484721183776855
1,753,7.53,7477.87669301033,7523.514628410339,7502.622008323669,7499.831914901733,0.36597251892089844,0.5444884300231934,-0.06347894668579102,0.8422136306762695
1,754,7.54,7478.2635271549225,7524.029016494751,7502.553761005402,7500.668168067932,0.38683414459228516,0.5143880844116211,-0.06824731826782227,0.8362531661987305
1,755,7.55,7478.670924901962,7524.513006210327,7502.479553222656,7501.494884490967,0.4073977470397949,0.4839897155761719,-0.07420778274536133,0.826716423034668
1,756,7.5600000000000005,7479.097992181778,7524.964809417725,7502.401173114777,7502.312660217285,0.42706727981567383,0.45180320739746094,-0.07838010787963867,0.8177757263183594
1,757,7.57,7479.544132947922,7525.384426116943,7502.317428588867,7503.121495246887,0.44614076614379883,0.41961669921875,-0.08374452590942383,0.8088350296020508
1,758,7.58,7480.008453130722,7525.773048400879,7502.228021621704,7503.916621208191,0.46432018280029297,0.3886222839355469,-0.08940696716308594,0.7951259613037109
1,759,7.59,7480.490952730179,7526.12829208374,7502.134144306183,7504.701614379883,0.4824995994567871,0.3552436828613281,-0.09387731552124023,0.7849931716918945
1,760,7.6000000000000005,7480.990439653397,7526.450753211975,7502.034902572632,7505.471706390381,0.49948692321777344,0.3224611282348633,-0.09924173355102539,0.7700920104980469
1,761,7.61,7481.50572180748,7526.740729808807,7501.931190490723,7506.228089332581,0.515282154083252,0.2899765968322754,-0.10371208190917969,0.756382942199707
1,762,7.62,7482.035905122757,7526.996731758118,7501.823008060455,7506.969571113586,0.5301833152770996,0.25600194931030273,-0.10818243026733398,0.7414817810058594
1,763,7.63,7482.581287622452,7527.219653129578,7501.710057258606,7507.694959640503,0.5453824996948242,0.22292137145996094,-0.11295080184936523,0.7253885269165039
1,764,7.640000000000001,7483.140975236893,7527.408599853516,7501.592040061951,7508.402466773987,0.559687614440918,0.18894672393798828,-0.11801719665527344,0.7075071334838867
1,765,7.65,7483.71347784996,7527.563571929932,7501.470446586609,7509.093284606934,0.572502613067627,0.15497207641601562,-0.12159347534179688,0.6908178329467773
1,766,7.66,7484.298199415207,7527.683973312378,7501.344382762909,7509.766221046448,0.584721565246582,0.12040138244628906,-0.12606382369995117,0.6729364395141602
1,767,7.67,7484.894543886185,7527.771294116974,7501.214444637299,7510.419189929962,0.5963444709777832,0.08732080459594727,-0.12993812561035156,0.6529688835144043
1,768,7.68,7485.501319169998,7527.8240442276,7501.080930233002,7511.052787303925,0.6067752838134766,0.0527501106262207,-0.133514404296875,0.6335973739624023
1,769,7.69,7486.118525266647,7527.843415737152,7500.943541526794,7511.665821075439,0.6172060966491699,0.019371509552001953,-0.1373887062072754,0.6130337715148926
1,770,7.7,7486.744672060013,7527.8279185295105,7500.8028745651245,7512.258589267731,0.6261467933654785,-0.015497207641601562,-0.14066696166992188,0.5927681922912598
1,771,7.71,7487.378865480423,7527.779340744019,7500.658929347992,7512.829899787903,0.6341934204101562,-0.04857778549194336,-0.14394521713256836,0.5713105201721191
1,772,7.72,7488.020807504654,7527.696490287781,7500.512599945068,7513.379454612732,0.641942024230957,-0.08285045623779297,-0.14632940292358398,0.5495548248291016
1,773,7.73,7488.66930603981,7527.579665184021,7500.363290309906,7513.906955718994,0.64849853515625,-0.11682510375976562,-0.14930963516235352,0.527501106262207
1,774,7.74,7489.323168992996,7527.429759502411,7500.211596488953,7514.411807060242,0.6538629531860352,-0.14990568161010742,-0.15169382095336914,0.5048513412475586
1,775,7.75,7489.982694387436,7527.246475219727,7500.057816505432,7514.893710613251,0.6595253944396973,-0.18328428268432617,-0.1537799835205078,0.4819035530090332
1,776,7.76,7490.646094083786,7527.030110359192,7499.902099370956,7515.352964401245,0.6633996963500977,-0.21636486053466797,-0.155717134475708,0.45925378799438477
1,777,7.7700000000000005,7491.312772035599,7526.781260967255,7499.745339155197,7515.788674354553,0.6666779518127441,-0.24884939193725586,-0.15676021575927734,0.43570995330810547
1,778,7.78,7491.982132196426,7526.500225067139,7499.586790800095,7516.200542449951,0.6693601608276367,-0.2810359001159668,-0.15854835510253906,0.4118680953979492
1,779,7.79,7492.653280496597,7526.187300682068,7499.4271993637085,7516.588568687439,0.6711483001708984,-0.3129243850708008,-0.1595914363861084,0.38802623748779297
1,780,7.8,7493.325620889664,7525.842785835266,7499.26745891571,7516.953349113464,0.6723403930664062,-0.3445148468017578,-0.15974044799804688,0.3647804260253906
1,781,7.8100000000000005,7493.99796128273,7525.466978549957,7499.106526374817,7517.29428768158,0.6723403930664062,-0.3758072853088379,-0.1609325408935547,0.3409385681152344
1,782,7.82,7494.669705629349,7525.061368942261,7498.946189880371,7517.610192298889,0.6717443466186523,-0.4056096076965332,-0.16033649444580078,0.3159046173095703
1,783,7.83,7495.340257883072,7524.625062942505,7498.786002397537,7517.90314912796,0.6705522537231445,-0.4363059997558594,-0.1601874828338623,0.2929568290710449
1,784,7.84,7496.008425951004,7524.159550666809,7498.626559972763,7518.171966075897,0.6681680679321289,-0.4655122756958008,-0.15944242477416992,0.2688169479370117
1,785,7.8500000000000005,7496.674209833145,7523.665428161621,7498.467564582825,7518.4166431427,0.6657838821411133,-0.4941225051879883,-0.1589953899383545,0.24467706680297852
1,786,7.86,7497.335821390152,7523.142099380493,7498.309910297394,7518.638372421265,0.6616115570068359,-0.5233287811279297,-0.1576542854309082,0.22172927856445312
1,787,7.87,7497.9932606220245,7522.592544555664,7498.15359711647,7518.835365772247,0.6574392318725586,-0.5495548248291016,-0.15631318092346191,0.19699335098266602
1,788,7.88,7498.645335435867,7522.016167640686,7497.99907207489,7519.009709358215,0.6520748138427734,-0.5763769149780273,-0.1545250415802002,0.17434358596801758
1,789,7.890000000000001,7499.292641878128,7521.412670612335,7497.846782207489,7519.160509109497,0.6473064422607422,-0.6034970283508301,-0.15228986740112305,0.15079975128173828
1,790,7.9,7499.932795763016,7520.783543586731,7497.697174549103,7519.2877650260925,0.6401538848876953,-0.629127025604248,-0.14960765838623047,0.12725591659545898
1,791,7.91,7500.5656480789185,7520.131468772888,7497.549653053284,7519.392371177673,0.63285231590271,-0.6520748138427734,-0.1475214958190918,0.10460615158081055
1,792,7.92,7501.191198825836,7519.454658031464,7497.405111789703,7519.474923610687,0.6255507469177246,-0.6768107414245605,-0.14454126358032227,0.08255243301391602
1,793,7.930000000000001,7501.808404922485,7518.754601478577,7497.26414680481,7519.5348262786865,0.6172060966491699,-0.7000565528869629,-0.14096498489379883,0.05990266799926758
1,794,7.94,7502.416968345642,7518.033385276794,7497.125864028931,7519.572377204895,0.6085634231567383,-0.7212162017822266,-0.13828277587890625,0.037550926208496094
1,795,7.95,7503.015995025635,7517.290711402893,7496.991753578186,7519.588768482208,0.5990266799926758,-0.7426738739013672,-0.1341104507446289,0.016391277313232422
1,796,7.96,7503.603994846344,7516.528367996216,7496.861815452576,7519.583106040955,0.5879998207092285,-0.7623434066772461,-0.12993812561035156,-0.005662441253662109
1,797,7.97,7504.182457923889,7515.745759010315,7496.735751628876,7519.556879997253,0.578463077545166,-0.7826089859008789,-0.12606382369995117,-0.026226043701171875
1,798,7.98,7504.749000072479,7514.945566654205,7496.61386013031,7519.5106863975525,0.5665421485900879,-0.8001923561096191,-0.12189149856567383,-0.046193599700927734
1,799,7.99,7505.304217338562,7514.128386974335,7496.49703502655,7519.443333148956,0.5552172660827637,-0.8171796798706055,-0.11682510375976562,-0.0673532485961914
1,800,8.0,7505.846619606018,7513.294219970703,7496.385276317596,7519.357204437256,0.5424022674560547,-0.8341670036315918,-0.11175870895385742,-0.08612871170043945
1,801,8.01,7506.376504898071,7512.445449829102,7496.277987957001,7519.250810146332,0.5298852920532227,-0.8487701416015625,-0.10728836059570312,-0.10639429092407227
1,802,8.02,7506.893575191498,7511.582374572754,7496.176064014435,7519.1256403923035,0.5170702934265137,-0.8630752563476562,-0.10192394256591797,-0.1251697540283203
1,803,8.03,7507.396936416626,7510.706782341003,7496.079206466675,7518.981695175171,0.5033612251281738,-0.8755922317504883,-0.09685754776000977,-0.14394521713256836
1,804,8.040000000000001,7507.885992527008,7509.81867313385,7495.988458395004,7518.819570541382,0.4890561103820801,-0.8881092071533203,-0.09074807167053223,-0.1621246337890625
1,805,8.05,7508.360147476196,7508.920133113861,7495.90277671814,7518.640756607056,0.4741549491882324,-0.8985400199890137,-0.08568167686462402,-0.17881393432617188
1,806,8.06,7508.820295333862,7508.012056350708,7495.822608470917,7518.443465232849,0.4601478576660156,-0.9080767631530762,-0.08016824722290039,-0.19729137420654297
1,807,8.07,7509.264945983887,7507.0953369140625,7495.748698711395,7518.230080604553,0.44465065002441406,-0.9167194366455078,-0.07390975952148438,-0.21338462829589844
1,808,8.08,7509.6940994262695,7506.170868873596,7495.680451393127,7518.00000667572,0.4291534423828125,-0.9244680404663086,-0.06824731826782227,-0.2300739288330078
1,809,8.09,7510.107755661011,7505.240440368652,7495.618164539337,7517.754137516022,0.41365623474121094,-0.9304285049438477,-0.0622868537902832,-0.24586915969848633
1,810,8.1,7510.504722595215,7504.304647445679,7495.562136173248,7517.492771148682,0.39696693420410156,-0.9357929229736328,-0.05602836608886719,-0.2613663673400879
1,811,8.11,7510.88559627533,7503.365278244019,7495.512068271637,7517.216801643372,0.3808736801147461,-0.9393692016601562,-0.050067901611328125,-0.2759695053100586
1,812,8.120000000000001,7511.250078678131,7502.423524856567,7495.467662811279,7516.925632953644,0.36448240280151367,-0.9417533874511719,-0.044405460357666016,-0.2911686897277832
1,813,8.13,7511.597573757172,7501.479387283325,7495.429515838623,7516.621351242065,0.34749507904052734,-0.9441375732421875,-0.03814697265625,-0.30428171157836914
1,814,8.14,7511.927485466003,7500.535249710083,7495.3970313072205,7516.302168369293,0.3299117088317871,-0.9441375732421875,-0.03248453140258789,-0.3191828727722168
1,815,8.15,7512.241005897522,7499.591559171677,7495.371103286743,7515.971064567566,0.3135204315185547,-0.9436905384063721,-0.025928020477294922,-0.3311038017272949
1,816,8.16,7512.536644935608,7498.6498057842255,7495.350539684296,7515.626847743988,0.2956390380859375,-0.9417533874511719,-0.020563602447509766,-0.34421682357788086
1,817,8.17,7512.814998626709,7497.711330652237,7495.335936546326,7515.269815921783,0.2783536911010742,-0.9384751319885254,-0.014603137969970703,-0.35703182220458984
1,818,8.18,7513.075470924377,7496.776729822159,7495.327293872833,7514.9014592170715,0.26047229766845703,-0.934600830078125,-0.00864267349243164,-0.36835670471191406
1,819,8.19,7513.318061828613,7495.847195386887,7495.324611663818,7514.521479606628,0.24259090423583984,-0.9295344352722168,-0.002682209014892578,-0.37997961044311523
1,820,8.2,7513.5427713394165,7494.924515485764,7495.327293872833,7514.13106918335,0.22470951080322266,-0.9226799011230469,0.002682209014892578,-0.3904104232788086
1,821,8.21,7513.749897480011,7494.009584188461,7495.335340499878,7513.7293338775635,0.20712614059448242,-0.9149312973022461,0.008046627044677734,-0.4017353057861328
1,822,8.22,7513.938546180725,7493.102699518204,7495.349049568176,7513.318061828613,0.18864870071411133,-0.9068846702575684,0.013709068298339844,-0.4112720489501953
1,823,8.23,7514.109015464783,7492.20609664917,7495.367228984833,7512.896656990051,0.1704692840576172,-0.8966028690338135,0.01817941665649414,-0.4214048385620117
1,824,8.24,7514.2621994018555,7491.319924592972,7495.390772819519,7512.466311454773,0.1531839370727539,-0.8861720561981201,0.023543834686279297,-0.4303455352783203
1,825,8.25,7514.396905899048,7490.445524454117,7495.419234037399,7512.027025222778,0.1347064971923828,-0.8744001388549805,0.028461217880249023,-0.4392862319946289
1,826,8.26,7514.513731002808,7489.584386348724,7495.452463626862,7511.579096317291,0.11682510375976562,-0.861138105392456,0.03322958946228027,-0.44792890548706055
1,827,8.27,7514.612674713135,7488.737255334854,7495.489716529846,7511.122226715088,0.09894371032714844,-0.8471310138702393,0.03725290298461914,-0.45686960220336914
1,828,8.28,7514.693737030029,7487.90442943573,7495.531737804413,7510.658502578735,0.08106231689453125,-0.8328258991241455,0.04202127456665039,-0.46372413635253906
1,829,8.290000000000001,7514.757215976715,7487.087994813919,7495.57763338089,7510.18762588501,0.06347894668579102,-0.8164346218109131,0.04589557647705078,-0.47087669372558594
1,830,8.3,7514.802813529968,7486.287355422974,7495.627403259277,7509.709298610687,0.04559755325317383,-0.8006393909454346,0.04976987838745117,-0.47832727432250977
1,831,8.31,7514.831125736237,7485.505044460297,7495.680600404739,7509.224414825439,0.028312206268310547,-0.782310962677002,0.05319714546203613,-0.48488378524780273
1,832,8.32,7514.8409605026245,7484.741061925888,7495.7375228405,7508.733868598938,0.009834766387939453,-0.7639825344085693,0.05692243576049805,-0.49054622650146484
1,833,8.33,7514.834702014923,7483.997344970703,7495.797276496887,7508.236765861511,-0.006258487701416016,-0.7437169551849365,0.0597536563873291,-0.4971027374267578
1,834,8.34,7514.810264110565,7483.272850513458,7495.860308408737,7507.735192775726,-0.024437904357910156,-0.724494457244873,0.06303191184997559,-0.5015730857849121
1,835,8.35,7514.770328998566,7482.569664716721,7495.926022529602,7507.227659225464,-0.03993511199951172,-0.7031857967376709,0.06571412086486816,-0.5075335502624512
1,836,8.36,7514.712810516357,7481.888085603714,7495.993822813034,7506.715953350067,-0.05751848220825195,-0.6815791130065918,0.06780028343200684,-0.5117058753967285
1,837,8.370000000000001,7514.63919878006,7481.228858232498,7496.063709259033,7506.198883056641,-0.07361173629760742,-0.6592273712158203,0.06988644599914551,-0.5170702934265137
1,838,8.38,7514.548897743225,7480.592578649521,7496.136128902435,7505.6785345077515,-0.0903010368347168,-0.6362795829772949,0.07241964340209961,-0.5203485488891602
1,839,8.39,7514.442801475525,7479.980289936066,7496.210038661957,7505.154609680176,-0.10609626770019531,-0.6122887134552002,0.07390975952148438,-0.5239248275756836
1,840,8.4,7514.320909976959,7479.393035173416,7496.285140514374,7504.627704620361,-0.12189149856567383,-0.5872547626495361,0.07510185241699219,-0.5269050598144531
1,841,8.41,7514.182925224304,7478.8302183151245,7496.361583471298,7504.097521305084,-0.1379847526550293,-0.562816858291626,0.07644295692443848,-0.5301833152770996
1,842,8.42,7514.030337333679,7478.292286396027,7496.438920497894,7503.564953804016,-0.152587890625,-0.5379319190979004,0.07733702659606934,-0.5325675010681152
1,843,8.43,7513.86284828186,7477.781623601913,7496.517151594162,7503.029108047485,-0.16748905181884766,-0.5106627941131592,0.0782310962677002,-0.5358457565307617
1,844,8.44,7513.680458068848,7477.296441793442,7496.595978736877,7502.492666244507,-0.1823902130126953,-0.4851818084716797,0.0788271427154541,-0.5364418029785156
1,845,8.45,7513.483762741089,7476.838827133179,7496.674656867981,7501.954436302185,-0.19669532775878906,-0.4576146602630615,0.07867813110351562,-0.5382299423217773
1,846,8.46,7513.272762298584,7476.408332586288,7496.75378203392,7501.415014266968,-0.2110004425048828,-0.4304945468902588,0.07912516593933105,-0.5394220352172852
1,847,8.47,7513.0486488342285,7476.005703210831,7496.832609176636,7500.874698162079,-0.22411346435546875,-0.40262937545776367,0.0788271427154541,-0.540316104888916
1,848,8.48,7512.8114223480225,7475.6306409835815,7496.911585330963,7500.334084033966,-0.2372264862060547,-0.3750622272491455,0.07897615432739258,-0.540614128112793
1,849,8.49,7512.561082839966,7475.28463602066,7496.988922357559,7499.793171882629,-0.2503395080566406,-0.3460049629211426,0.07733702659606934,-0.5409121513366699
1,850,8.5,7512.297630310059,7474.96634721756,7497.066110372543,7499.253153800964,-0.26345252990722656,-0.31828880310058594,0.07718801498413086,-0.5400180816650391
1,851,8.51,7512.022256851196,7474.676817655563,7497.142404317856,7498.713731765747,-0.2753734588623047,-0.28952956199645996,0.0762939453125,-0.5394220352172852
1,852,8.52,7511.734962463379,7474.416345357895,7497.217953205109,7498.175203800201,-0.2872943878173828,-0.26047229766845703,0.07554888725280762,-0.5385279655456543
1,853,8.53,7511.436641216278,7474.184185266495,7497.291713953018,7497.638761997223,-0.2983212471008301,-0.23216009140014648,0.0737607479095459,-0.5364418029785156
1,854,8.540000000000001,7511.126697063446,7473.981827497482,7497.36413359642,7497.103810310364,-0.30994415283203125,-0.20235776901245117,0.07241964340209961,-0.5349516868591309
1,855,8.55,7510.806620121002,7473.80793094635,7497.435212135315,7496.571838855743,-0.32007694244384766,-0.17389655113220215,0.07107853889465332,-0.5319714546203613
1,856,8.56,7510.4764103889465,7473.663091659546,7497.5040555000305,7496.042251586914,-0.33020973205566406,-0.14483928680419922,0.06884336471557617,-0.5295872688293457
1,857,8.57,7510.136365890503,7473.547607660294,7497.571408748627,7495.5156445503235,-0.3400444984436035,-0.11548399925231934,0.0673532485961914,-0.5266070365905762
1,858,8.58,7509.786486625671,7473.46043586731,7497.63697385788,7494.993805885315,-0.34987926483154297,-0.08717179298400879,0.06556510925292969,-0.5218386650085449
1,859,8.59,7509.428262710571,7473.403215408325,7497.700154781342,7494.474649429321,-0.35822391510009766,-0.057220458984375,0.06318092346191406,-0.5191564559936523
1,860,8.6,7509.061396121979,7473.374009132385,7497.761398553848,7493.960857391357,-0.3668665885925293,-0.029206275939941406,0.06124377250671387,-0.5137920379638672
1,861,8.61,7508.686482906342,7473.372966051102,7497.820407152176,7493.451833724976,-0.37491321563720703,-0.001043081283569336,0.05900859832763672,-0.5090236663818359
1,862,8.620000000000001,7508.30352306366,7473.400682210922,7497.877776622772,7492.9481744766235,-0.38295984268188477,0.02771615982055664,0.05736947059631348,-0.5036592483520508
1,863,8.63,7507.914304733276,7473.4558165073395,7497.93216586113,7492.449879646301,-0.3892183303833008,0.05513429641723633,0.054389238357543945,-0.4982948303222656
1,864,8.64,7507.517337799072,7473.538964986801,7497.98446893692,7491.958141326904,-0.39696693420410156,0.08314847946166992,0.05230307579040527,-0.49173831939697266
1,865,8.65,7507.1147084236145,7473.649233579636,7498.034238815308,7491.4732575416565,-0.40262937545776367,0.11026859283447266,0.04976987838745117,-0.48488378524780273
1,866,8.66,7506.706118583679,7473.787069320679,7498.081922531128,7490.995526313782,-0.40858983993530273,0.13783574104309082,0.0476837158203125,-0.47773122787475586
1,867,8.67,7506.292164325714,7473.950833082199,7498.126924037933,7490.52494764328,-0.4139542579650879,0.16376376152038574,0.04500150680541992,-0.470578670501709
1,868,8.68,7505.873739719391,7474.14156794548,7498.169541358948,7490.062415599823,-0.4184246063232422,0.19073486328125,0.0426173210144043,-0.46253204345703125
1,869,8.69,7505.450248718262,7474.357634782791,7498.210370540619,7489.608824253082,-0.4234910011291504,0.21606683731079102,0.04082918167114258,-0.45359134674072266
1,870,8.700000000000001,7505.023181438446,7474.5988845825195,7498.248368501663,7489.164471626282,-0.42706727981567383,0.24124979972839355,0.03799796104431152,-0.4443526268005371
1,871,8.71,7504.59223985672,7474.865019321442,7498.2839822769165,7488.729357719421,-0.4309415817260742,0.26613473892211914,0.0356137752532959,-0.43511390686035156
1,872,8.72,7504.159212112427,7475.155144929886,7498.3179569244385,7488.303780555725,-0.4330277442932129,0.29012560844421387,0.033974647521972656,-0.42557716369628906
1,873,8.73,7503.722310066223,7475.46911239624,7498.349100351334,7487.888932228088,-0.4369020462036133,0.3139674663543701,0.0311434268951416,-0.41484832763671875
1,874,8.74,7503.2839179039,7475.806474685669,7498.378157615662,7487.484812736511,-0.43839216232299805,0.33736228942871094,0.02905726432800293,-0.40411949157714844
1,875,8.75,7502.843737602234,7476.1663377285,7498.405277729034,7487.091422080994,-0.44018030166625977,0.3598630428314209,0.027120113372802734,-0.3933906555175781
1,876,8.76,7502.402663230896,7476.547360420227,7498.430460691452,7486.710846424103,-0.4410743713378906,0.38102269172668457,0.02518296241760254,-0.38057565689086914
1,877,8.77,7501.960396766663,7476.950585842133,7498.4535574913025,7486.341297626495,-0.44226646423339844,0.4032254219055176,0.023096799850463867,-0.3695487976074219
1,878,8.78,7501.518130302429,7477.373331785202,7498.4753131866455,7485.985457897186,-0.44226646423339844,0.422745943069458,0.021755695343017578,-0.35583972930908203
1,879,8.790000000000001,7501.075267791748,7477.816492319107,7498.494982719421,7485.641837120056,-0.44286251068115234,0.4431605339050293,0.019669532775878906,-0.34362077713012695
1,880,8.8,7500.633597373962,7478.278577327728,7498.513162136078,7485.312521457672,-0.44167041778564453,0.4620850086212158,0.01817941665649414,-0.3293156623840332
1,881,8.81,7500.1925230026245,7478.758990764618,7498.530000448227,7484.996318817139,-0.4410743713378906,0.48041343688964844,0.01683831214904785,-0.31620264053344727
1,882,8.82,7499.753385782242,7479.257434606552,7498.545050621033,7484.694123268127,-0.43913722038269043,0.4984438419342041,0.015050172805786133,-0.30219554901123047
1,883,8.83,7499.315291643143,7479.7724187374115,7498.558759689331,7484.407126903534,-0.4380941390991211,0.514984130859375,0.013709068298339844,-0.28699636459350586
1,884,8.84,7498.8798797130585,7480.303943157196,7498.571872711182,7484.135329723358,-0.4354119300842285,0.5315244197845459,0.013113021850585938,-0.27179718017578125
1,885,8.85,7498.447149991989,7480.850964784622,7498.583644628525,7483.878433704376,-0.43272972106933594,0.5470216274261475,0.011771917343139648,-0.2568960189819336
1,886,8.86,7498.017102479935,7481.412291526794,7498.5939264297485,7483.63733291626,-0.43004751205444336,0.5613267421722412,0.010281801223754883,-0.24110078811645508
1,887,8.870000000000001,7497.590631246567,7481.988072395325,7498.603910207748,7483.412027359009,-0.4264712333679199,0.5757808685302734,0.00998377799987793,-0.22530555725097656
1,888,8.88,7497.168034315109,7482.576817274094,7498.612999916077,7483.203113079071,-0.42259693145751953,0.5887448787689209,0.00908970832824707,-0.20891427993774414
1,889,8.89,7496.749609708786,7483.177334070206,7498.621940612793,7483.011484146118,-0.4184246063232422,0.6005167961120605,0.008940696716308594,-0.19162893295288086
1,890,8.9,7496.335655450821,7483.789473772049,7498.629987239838,7482.8362464904785,-0.4139542579650879,0.6121397018432617,0.008046627044677734,-0.17523765563964844
1,891,8.91,7495.927065610886,7484.412342309952,7498.637735843658,7482.6779961586,-0.40858983993530273,0.622868537902832,0.007748603820800781,-0.1582503318786621
1,892,8.92,7495.523542165756,7485.045343637466,7498.644590377808,7482.536435127258,-0.40352344512939453,0.6330013275146484,0.006854534149169922,-0.14156103134155273
1,893,8.93,7495.125085115433,7485.686242580414,7498.6520409584045,7482.413947582245,-0.39845705032348633,0.6408989429473877,0.007450580596923828,-0.12248754501342773
1,894,8.94,7494.733184576035,7486.336231231689,7498.6594915390015,7482.308745384216,-0.39190053939819336,0.6499886512756348,0.007450580596923828,-0.10520219802856445
1,895,8.950000000000001,7494.347840547562,7486.99352145195,7498.666346073151,7482.2211265563965,-0.3853440284729004,0.6572902202606201,0.006854534149169922,-0.08761882781982422
1,896,8.96,7493.96875500679,7487.6569211483,7498.673796653748,7482.152283191681,-0.3790855407714844,0.6633996963500977,0.007450580596923828,-0.06884336471557617
1,897,8.97,7493.596822023392,7488.326579332352,7498.6812472343445,7482.101321220398,-0.3719329833984375,0.6696581840515137,0.007450580596923828,-0.050961971282958984
1,898,8.98,7493.23233962059,7489.0004098415375,7498.688697814941,7482.0685386657715,-0.36448240280151367,0.673830509185791,0.007450580596923828,-0.032782554626464844
1,899,8.99,7492.8756058216095,7489.678710699081,7498.696744441986,7482.054233551025,-0.3567337989807129,0.6783008575439453,0.008046627044677734,-0.01430511474609375
1,900,9.0,7492.52662062645,7490.360885858536,7498.7053871154785,7482.057809829712,-0.3489851951599121,0.6821751594543457,0.00864267349243164,0.0035762786865234375
1,901,9.01,7492.1853840351105,7491.045296192169,7498.714625835419,7482.079863548279,-0.34123659133911133,0.6844103336334229,0.009238719940185547,0.02205371856689453
1,902,9.02,7491.853088140488,7491.730898618698,7498.723864555359,7482.12069272995,-0.33229589462280273,0.6856024265289307,0.009238719940185547,0.04082918167114258
1,903,9.03,7491.52883887291,7492.417693138123,7498.7344443798065,7482.1799993515015,-0.324249267578125,0.6867945194244385,0.010579824447631836,0.05930662155151367
1,904,9.040000000000001,7491.213828325272,7493.104636669159,7498.74547123909,7482.2574853897095,-0.31501054763793945,0.686943531036377,0.011026859283447266,0.07748603820800781
1,905,9.05,7490.908056497574,7493.791282176971,7498.757243156433,7482.35285282135,-0.3057718276977539,0.6866455078125,0.011771917343139648,0.095367431640625
1,906,9.06,7490.61182141304,7494.476288557053,7498.769164085388,7482.466101646423,-0.2962350845336914,0.6850063800811768,0.011920928955078125,0.11324882507324219
1,907,9.07,7490.3251230716705,7495.159059762955,7498.781830072403,7482.598125934601,-0.2866983413696289,0.6827712059020996,0.012665987014770508,0.13202428817749023
1,908,9.08,7490.047961473465,7495.83899974823,7498.795688152313,7482.747733592987,-0.2771615982055664,0.6799399852752686,0.01385807991027832,0.14960765838623047
1,909,9.09,7489.781528711319,7496.515512466431,7498.810142278671,7482.914626598358,-0.2664327621459961,0.6765127182006836,0.014454126358032227,0.16689300537109375
1,910,9.1,7489.524632692337,7497.188001871109,7498.825192451477,7483.098804950714,-0.2568960189819336,0.6724894046783447,0.015050172805786133,0.18417835235595703
1,911,9.11,7489.278763532639,7497.854679822922,7498.84158372879,7483.300268650055,-0.24586915969848633,0.6666779518127441,0.016391277313232422,0.2014636993408203
1,912,9.120000000000001,7489.043027162552,7498.516291379929,7498.8579750061035,7483.517527580261,-0.23573637008666992,0.6616115570068359,0.016391277313232422,0.21725893020629883
1,913,9.13,7488.818019628525,7499.17209148407,7498.875260353088,7483.752071857452,-0.2250075340270996,0.6558001041412354,0.01728534698486328,0.2345442771911621
1,914,9.14,7488.604038953781,7499.819993972778,7498.893737792969,7484.002709388733,-0.21398067474365234,0.6479024887084961,0.018477439880371094,0.2506375312805176
1,915,9.15,7488.401085138321,7500.461041927338,7498.912215232849,7484.269142150879,-0.20295381546020508,0.6410479545593262,0.018477439880371094,0.2664327621459961
1,916,9.16,7488.208562135696,7501.0934472084045,7498.931586742401,7484.550774097443,-0.19252300262451172,0.6324052810668945,0.019371509552001953,0.2816319465637207
1,917,9.17,7488.028258085251,7501.717507839203,7498.951256275177,7484.8473072052,-0.18030405044555664,0.6240606307983398,0.019669532775878906,0.29653310775756836
1,918,9.18,7487.858384847641,7502.331733703613,7498.971521854401,7485.158443450928,-0.16987323760986328,0.6142258644104004,0.020265579223632812,0.31113624572753906
1,919,9.19,7487.700432538986,7502.936124801636,7498.992830514908,7485.4835867881775,-0.15795230865478516,0.6043910980224609,0.02130866050720215,0.32514333724975586
1,920,9.200000000000001,7487.553507089615,7503.530383110046,7499.013841152191,7485.822439193726,-0.1469254493713379,0.5942583084106445,0.021010637283325195,0.3388524055480957
1,921,9.21,7487.418204545975,7504.112720489502,7499.03529882431,7486.1741065979,-0.13530254364013672,0.5823373794555664,0.021457672119140625,0.3516674041748047
1,922,9.22,7487.29482293129,7504.684329032898,7499.057054519653,7486.538887023926,-0.1233816146850586,0.5716085433959961,0.021755695343017578,0.3647804260253906
1,923,9.23,7487.182766199112,7505.243420600891,7499.07910823822,7486.915588378906,-0.11205673217773438,0.5590915679931641,0.02205371856689453,0.37670135498046875
1,924,9.24,7487.082630395889,7505.790591239929,7499.101012945175,7487.303614616394,-0.10013580322265625,0.5471706390380859,0.021904706954956055,0.38802623748779297
1,925,9.25,7486.994117498398,7506.324052810669,7499.12291765213,7487.703263759613,-0.08851289749145508,0.5334615707397461,0.021904706954956055,0.39964914321899414
1,926,9.26,7486.91663146019,7506.844997406006,7499.144971370697,7488.112151622772,-0.07748603820800781,0.5209445953369141,0.02205371856689453,0.4088878631591797
1,927,9.27,7486.852258443832,7507.351636886597,7499.166429042816,7488.531470298767,-0.06437301635742188,0.5066394805908203,0.021457672119140625,0.41931867599487305
1,928,9.28,7486.798316240311,7507.843375205994,7499.188035726547,7488.960027694702,-0.053942203521728516,0.49173831939697266,0.0216066837310791,0.4285573959350586
1,929,9.290000000000001,7486.756592988968,7508.321702480316,7499.209046363831,7489.396929740906,-0.04172325134277344,0.47832727432250977,0.021010637283325195,0.4369020462036133
1,930,9.3,7486.726492643356,7508.784532546997,7499.229311943054,7489.842176437378,-0.030100345611572266,0.4628300666809082,0.020265579223632812,0.44524669647216797
1,931,9.31,7486.707717180252,7509.2315673828125,7499.250024557114,7490.294277667999,-0.018775463104248047,0.4470348358154297,0.020712614059448242,0.4521012306213379
1,932,9.32,7486.700564622879,7509.663701057434,7499.269098043442,7490.753531455994,-0.007152557373046875,0.43213367462158203,0.019073486328125,0.45925378799438477
1,933,9.33,7486.705034971237,7510.079145431519,7499.287724494934,7491.218447685242,0.004470348358154297,0.41544437408447266,0.01862645149230957,0.4649162292480469
1,934,9.34,7486.720830202103,7510.479092597961,7499.305158853531,7491.689324378967,0.015795230865478516,0.3999471664428711,0.017434358596801758,0.47087669372558594
1,935,9.35,7486.7479503154755,7510.861754417419,7499.321848154068,7492.164671421051,0.027120113372802734,0.3826618194580078,0.016689300537109375,0.47534704208374023
1,936,9.36,7486.786097288132,7511.228322982788,7499.337941408157,7492.643892765045,0.03814697265625,0.36656856536865234,0.01609325408935547,0.4792213439941406
1,937,9.370000000000001,7486.835271120071,7511.577606201172,7499.352693557739,7493.12698841095,0.049173831939697266,0.34928321838378906,0.01475214958190918,0.483095645904541
1,938,9.38,7486.895769834518,7511.909604072571,7499.366104602814,7493.613064289093,0.060498714447021484,0.3319978713989258,0.01341104507446289,0.48607587814331055
1,939,9.39,7486.967593431473,7512.223720550537,7499.377876520157,7494.10092830658,0.0718235969543457,0.3141164779663086,0.011771917343139648,0.48786401748657227
1,940,9.4,7487.048953771591,7512.520551681519,7499.388605356216,7494.589984416962,0.0813603401184082,0.2968311309814453,0.010728836059570312,0.4890561103820801
1,941,9.41,7487.141042947769,7512.800097465515,7499.397695064545,7495.080828666687,0.09208917617797852,0.27954578399658203,0.00908970832824707,0.4908442497253418
1,942,9.42,7487.2444570064545,7513.061165809631,7499.4052946567535,7495.5713748931885,0.10341405868530273,0.26106834411621094,0.007599592208862305,0.49054622650146484
1,943,9.43,7487.35710978508,7513.304948806763,7499.411702156067,7496.061325073242,0.11265277862548828,0.24378299713134766,0.006407499313354492,0.48995018005371094
1,944,9.44,7487.480789422989,7513.529658317566,7499.416023492813,7496.5500831604,0.12367963790893555,0.22470951080322266,0.00432133674621582,0.4887580871582031
1,945,9.450000000000001,7487.613707780838,7513.7364864349365,7499.418705701828,7497.037649154663,0.1329183578491211,0.20682811737060547,0.002682209014892578,0.4875659942626953
1,946,9.46,7487.756758928299,7513.924837112427,7499.419748783112,7497.5234270095825,0.1430511474609375,0.18835067749023438,0.001043081283569336,0.4857778549194336
1,947,9.47,7487.909346818924,7514.095306396484,7499.41810965538,7498.005330562592,0.152587890625,0.1704692840576172,-0.0016391277313232422,0.4819035530090332
1,948,9.48,7488.070875406265,7514.246702194214,7499.415427446365,7498.48484992981,0.1615285873413086,0.1513957977294922,-0.002682209014892578,0.4795193672180176
1,949,9.49,7488.241344690323,7514.380216598511,7499.410808086395,7498.959898948669,0.1704692840576172,0.133514404296875,-0.0046193599700927734,0.4750490188598633
1,950,9.5,7488.421350717545,7514.495253562927,7499.40350651741,7499.429881572723,0.1800060272216797,0.1150369644165039,-0.0073015689849853516,0.4699826240539551
1,951,9.51,7488.609701395035,7514.591813087463,7499.394416809082,7499.895393848419,0.18835067749023438,0.09655952453613281,-0.00908970832824707,0.4655122756958008
1,952,9.52,7488.806396722794,7514.669895172119,7499.383389949799,7500.355541706085,0.19669532775878906,0.07808208465576172,-0.011026859283447266,0.4601478576660156
1,953,9.53,7489.010840654373,7514.7294998168945,7499.370574951172,7500.808835029602,0.20444393157958984,0.059604644775390625,-0.012814998626708984,0.4532933235168457
1,954,9.540000000000001,7489.223629236221,7514.77062702179,7499.355375766754,7501.2558698654175,0.21278858184814453,0.04112720489501953,-0.01519918441772461,0.4470348358154297
1,955,9.55,7489.44416642189,7514.7950649261475,7499.337941408157,7501.695156097412,0.2205371856689453,0.024437904357910156,-0.017434358596801758,0.4392862319946289
1,956,9.56,7489.671856164932,7514.800429344177,7499.3181228637695,7502.12699174881,0.2276897430419922,0.005364418029785156,-0.019818544387817383,0.4318356513977051
1,957,9.57,7489.906698465347,7514.787912368774,7499.297261238098,7502.5516748428345,0.23484230041503906,-0.012516975402832031,-0.02086162567138672,0.4246830940246582
1,958,9.58,7490.1483952999115,7514.758110046387,7499.273121356964,7502.966523170471,0.24169683456420898,-0.029802322387695312,-0.024139881134033203,0.41484832763671875
1,959,9.59,7490.396648645401,7514.709234237671,7499.247640371323,7503.373324871063,0.24825334548950195,-0.04887580871582031,-0.025480985641479492,0.406801700592041
1,960,9.6,7490.651160478592,7514.644265174866,7499.220371246338,7503.770589828491,0.25451183319091797,-0.06496906280517578,-0.02726912498474121,0.3972649574279785
1,961,9.61,7490.91163277626,7514.561712741852,7499.190270900726,7504.158020019531,0.26047229766845703,-0.08255243301391602,-0.030100345611572266,0.38743019104003906
1,962,9.620000000000001,7491.178065538406,7514.461874961853,7499.158680438995,7504.5353174209595,0.2664327621459961,-0.0998377799987793,-0.03159046173095703,0.37729740142822266
1,963,9.63,7491.449266672134,7514.345049858093,7499.124854803085,7504.902184009552,0.27120113372802734,-0.11682510375976562,-0.03382563591003418,0.3668665885925293
1,964,9.64,7491.7252361774445,7514.211535453796,7499.089539051056,7505.258619785309,0.2759695053100586,-0.133514404296875,-0.035315752029418945,0.35643577575683594
1,965,9.65,7492.007166147232,7514.06192779541,7499.0516901016235,7505.6034326553345,0.28192996978759766,-0.14960765838623047,-0.03784894943237305,0.34481287002563477
1,966,9.66,7492.293268442154,7513.896226882935,7499.012649059296,7505.937218666077,0.286102294921875,-0.16570091247558594,-0.03904104232788086,0.3337860107421875
1,967,9.67,7492.582947015762,7513.713836669922,7498.971372842789,7506.259083747864,0.28967857360839844,-0.1823902130126953,-0.04127621650695801,0.3218650817871094
1,968,9.68,7492.876499891281,7513.516545295715,7498.928755521774,7506.56932592392,0.29355287551879883,-0.19729137420654297,-0.0426173210144043,0.3102421760559082
1,969,9.69,7493.17392706871,7513.303756713867,7498.884201049805,7506.867051124573,0.2974271774291992,-0.21278858184814453,-0.04455447196960449,0.29772520065307617
1,970,9.700000000000001,7493.474334478378,7513.075470924377,7498.8386034965515,7507.153153419495,0.30040740966796875,-0.2282857894897461,-0.04559755325317383,0.286102294921875
1,971,9.71,7493.777424097061,7512.833476066589,7498.790919780731,7507.426738739014,0.30308961868286133,-0.24199485778808594,-0.0476837158203125,0.27358531951904297
1,972,9.72,7494.083195924759,7512.57598400116,7498.742341995239,7507.687509059906,0.3057718276977539,-0.2574920654296875,-0.04857778549194336,0.260770320892334
1,973,9.73,7494.391351938248,7512.304782867432,7498.692125082016,7507.935166358948,0.30815601348876953,-0.27120113372802734,-0.0502169132232666,0.24765729904174805
1,974,9.74,7494.70129609108,7512.019872665405,7498.641014099121,7508.170306682587,0.30994415283203125,-0.2849102020263672,-0.05111098289489746,0.23514032363891602
1,975,9.75,7495.012432336807,7511.721849441528,7498.588562011719,7508.392333984375,0.31113624572753906,-0.2980232238769531,-0.05245208740234375,0.22202730178833008
1,976,9.76,7495.325654745102,7511.410713195801,7498.534917831421,7508.600354194641,0.31322240829467773,-0.31113624572753906,-0.05364418029785156,0.20802021026611328
1,977,9.77,7495.639473199844,7511.087656021118,7498.480379581451,7508.7955594062805,0.31381845474243164,-0.3230571746826172,-0.05453824996948242,0.1952052116394043
1,978,9.78,7495.953589677811,7510.752081871033,7498.425096273422,7508.977949619293,0.3141164779663086,-0.3355741500854492,-0.055283308029174805,0.1823902130126953
1,979,9.790000000000001,7496.268302202225,7510.403990745544,7498.369216918945,7509.146928787231,0.3147125244140625,-0.34809112548828125,-0.05587935447692871,0.16897916793823242
1,980,9.8,7496.582418680191,7510.046362876892,7498.312592506409,7509.3019008636475,0.3141164779663086,-0.35762786865234375,-0.056624412536621094,0.15497207641601562
1,981,9.81,7496.896833181381,7509.676218032837,7498.2549250125885,7509.444355964661,0.31441450119018555,-0.3701448440551758,-0.05766749382019043,0.1424551010131836
1,982,9.82,7497.210055589676,7509.296238422394,7498.197853565216,7509.572505950928,0.31322240829467773,-0.37997961044311523,-0.05707144737243652,0.12814998626708984
1,983,9.83,7497.522383928299,7508.906126022339,7498.139292001724,7509.687542915344,0.3123283386230469,-0.39011240005493164,-0.05856156349182129,0.1150369644165039
1,984,9.84,7497.8335201740265,7508.506178855896,7498.08132648468,7509.78946685791,0.31113624572753906,-0.3999471664428711,-0.05796551704406738,0.10192394256591797
1,985,9.85,7498.142868280411,7508.098483085632,7498.022764921188,7509.877681732178,0.30934810638427734,-0.4076957702636719,-0.05856156349182129,0.08821487426757812
1,986,9.86,7498.450428247452,7507.681250572205,7497.96450138092,7509.952783584595,0.3075599670410156,-0.4172325134277344,-0.058263540267944336,0.07510185241699219
1,987,9.870000000000001,7498.755902051926,7507.255673408508,7497.905790805817,7510.015070438385,0.30547380447387695,-0.42557716369628906,-0.058710575103759766,0.0622868537902832
1,988,9.88,7499.0589916706085,7506.822645664215,7497.847527265549,7510.063946247101,0.30308961868286133,-0.4330277442932129,-0.058263540267944336,0.04887580871582031
1,989,9.89,7499.358803033829,7506.382465362549,7497.7898597717285,7510.10000705719,0.29981136322021484,-0.44018030166625977,-0.05766749382019043,0.03606081008911133
1,990,9.9,7499.656230211258,7505.935728549957,7497.73234128952,7510.123252868652,0.2974271774291992,-0.44673681259155273,-0.05751848220825195,0.023245811462402344
1,991,9.91,7499.949187040329,7505.483031272888,7497.675120830536,7510.133683681488,0.2929568290710449,-0.4526972770690918,-0.057220458984375,0.01043081283569336
1,992,9.92,7500.239014625549,7505.024373531342,7497.618198394775,7510.131001472473,0.2898275852203369,-0.45865774154663086,-0.05692243576049805,-0.002682209014892578
1,993,9.93,7500.525116920471,7504.560947418213,7497.56246805191,7510.115802288055,0.286102294921875,-0.4634261131286621,-0.055730342864990234,-0.01519918441772461
1,994,9.94,7500.806748867035,7504.093050956726,7497.507184743881,7510.088384151459,0.2816319465637207,-0.4678964614868164,-0.055283308029174805,-0.027418136596679688
1,995,9.950000000000001,7501.084208488464,7503.620982170105,7497.452795505524,7510.048747062683,0.27745962142944336,-0.47206878662109375,-0.054389238357543945,-0.039637088775634766
1,996,9.96,7501.357197761536,7503.144145011902,7497.399300336838,7509.9977850914,0.27298927307128906,-0.476837158203125,-0.053495168685913086,-0.050961971282958984
1,997,9.97,7501.624226570129,7502.664923667908,7497.346997261047,7509.934902191162,0.26702880859375,-0.4792213439941406,-0.05230307579040527,-0.06288290023803711
1,998,9.98,7501.887083053589,7502.183616161346,7497.295141220093,7509.860396385193,0.26285648345947266,-0.4813075065612793,-0.051856040954589844,-0.07450580596923828
1,999,9.99,7502.143979072571,7501.700520515442,7497.244775295258,7509.773373603821,0.2568960189819336,-0.483095645904541,-0.05036592483520508,-0.08702278137207031
1,1000,10.0,7502.395510673523,7501.21533870697,7497.195601463318,7509.676218032837,0.25153160095214844,-0.4851818084716797,-0.049173831939697266,-0.09715557098388672
1,1001,10.01,7502.64048576355,7500.7301568984985,7497.147619724274,7509.567141532898,0.24497509002685547,-0.4851818084716797,-0.04798173904418945,-0.10907649993896484
1,1002,10.02,7502.880096435547,7500.2434849739075,7497.100830078125,7509.447634220123,0.2396106719970703,-0.48667192459106445,-0.04678964614868164,-0.1195073127746582
1,1003,10.03,7503.1134486198425,7499.757260084152,7497.055232524872,7509.317398071289,0.2333521842956543,-0.486224889755249,-0.04559755325317383,-0.13023614883422852
1,1004,10.040000000000001,7503.339052200317,7499.271482229233,7497.011423110962,7509.176731109619,0.22560358047485352,-0.4857778549194336,-0.04380941390991211,-0.14066696166992188
1,1005,10.05,7503.559291362762,7498.786896467209,7496.969103813171,7509.026229381561,0.22023916244506836,-0.4845857620239258,-0.042319297790527344,-0.15050172805786133
1,1006,10.06,7503.771781921387,7498.304098844528,7496.9282746315,7508.865594863892,0.21249055862426758,-0.48279762268066406,-0.04082918167114258,-0.16063451766967773
1,1007,10.07,7503.977417945862,7497.822791337967,7496.88908457756,7508.695721626282,0.20563602447509766,-0.4813075065612793,-0.039190053939819336,-0.16987323760986328
1,1008,10.08,7504.175901412964,7497.344464063644,7496.850937604904,7508.516311645508,0.19848346710205078,-0.47832727432250977,-0.03814697265625,-0.17940998077392578
1,1009,10.09,7504.367232322693,7496.8695640563965,7496.814727783203,7508.32736492157,0.1913309097290039,-0.4749000072479248,-0.036209821701049805,-0.18894672393798828
1,1010,10.1,7504.550814628601,7496.397942304611,7496.7798590660095,7508.1294775009155,0.18358230590820312,-0.4716217517852783,-0.034868717193603516,-0.19788742065429688
1,1011,10.11,7504.7266483306885,7495.930939912796,7496.746927499771,7507.922649383545,0.17583370208740234,-0.46700239181518555,-0.03293156623840332,-0.20682811737060547
1,1012,10.120000000000001,7504.894733428955,7495.46691775322,7496.715486049652,7507.708668708801,0.16808509826660156,-0.464022159576416,-0.031441450119018555,-0.21398067474365234
1,1013,10.13,7505.054771900177,7495.009005069733,7496.685981750488,7507.485747337341,0.16003847122192383,-0.4579126834869385,-0.02950429916381836,-0.22292137145996094
1,1014,10.14,7505.207061767578,7494.556754827499,7496.658265590668,7507.254481315613,0.15228986740112305,-0.45225024223327637,-0.02771615982055664,-0.23126602172851562
1,1015,10.15,7505.350112915039,7494.110316038132,7496.632039546967,7507.016360759735,0.1430511474609375,-0.4464387893676758,-0.026226043701171875,-0.23812055587768555
1,1016,10.16,7505.485713481903,7493.669539690018,7496.607601642609,7506.771087646484,0.13560056686401367,-0.44077634811401367,-0.024437904357910156,-0.24527311325073242
1,1017,10.17,7505.612373352051,7493.236362934113,7496.584951877594,7506.517767906189,0.12665987014770508,-0.43317675590515137,-0.022649765014648438,-0.25331974029541016
1,1018,10.18,7505.73068857193,7492.810636758804,7496.563792228699,7506.258487701416,0.11831521987915039,-0.42572617530822754,-0.021159648895263672,-0.2592802047729492
1,1019,10.19,7505.840957164764,7492.391914129257,7496.5448677539825,7505.992650985718,0.11026859283447266,-0.41872262954711914,-0.018924474716186523,-0.2658367156982422
1,1020,10.200000000000001,7505.941987037659,7491.981238126755,7496.527135372162,7505.720555782318,0.10102987289428711,-0.4106760025024414,-0.01773238182067871,-0.2720952033996582
1,1021,10.21,7506.034374237061,7491.579353809357,7496.5110421180725,7505.441904067993,0.09238719940185547,-0.4018843173980713,-0.01609325408935547,-0.27865171432495117
1,1022,10.22,7506.117820739746,7491.185814142227,7496.49703502655,7505.158483982086,0.08344650268554688,-0.3935396671295166,-0.014007091522216797,-0.2834200859069824
1,1023,10.23,7506.192922592163,7490.8022582530975,7496.484220027924,7504.868805408478,0.07510185241699219,-0.38355588912963867,-0.012814998626708984,-0.28967857360839844
1,1024,10.24,7506.258487701416,7490.427494049072,7496.47319316864,7504.574656486511,0.06556510925292969,-0.37476420402526855,-0.011026859283447266,-0.29414892196655273
1,1025,10.25,7506.316006183624,7490.063011646271,7496.463656425476,7504.275441169739,0.05751848220825195,-0.36448240280151367,-0.0095367431640625,-0.29921531677246094
1,1026,10.26,7506.364583969116,7489.708065986633,7496.455609798431,7503.972053527832,0.04857778549194336,-0.35494565963745117,-0.008046627044677734,-0.3033876419067383
1,1027,10.27,7506.403625011444,7489.364296197891,7496.449649333954,7503.664493560791,0.03904104232788086,-0.34376978874206543,-0.0059604644775390625,-0.3075599670410156
1,1028,10.28,7506.434321403503,7489.031404256821,7496.444582939148,7503.352165222168,0.030696392059326172,-0.33289194107055664,-0.005066394805908203,-0.3123283386230469
1,1029,10.290000000000001,7506.455779075623,7488.7096881866455,7496.441006660461,7503.036856651306,0.021457672119140625,-0.3217160701751709,-0.0035762786865234375,-0.3153085708618164
1,1030,10.3,7506.468296051025,7488.399296998978,7496.438920497894,7502.717971801758,0.012516975402832031,-0.3103911876678467,-0.002086162567138672,-0.31888484954833984
1,1031,10.31,7506.471872329712,7488.100081682205,7496.43862247467,7502.396106719971,0.0035762786865234375,-0.29921531677246094,-0.0002980232238769531,-0.3218650817871094
1,1032,10.32,7506.46710395813,7487.813383340836,7496.438920497894,7502.071559429169,-0.00476837158203125,-0.2866983413696289,0.0002980232238769531,-0.32454729080200195
1,1033,10.33,7506.4533948898315,7487.538307905197,7496.440708637238,7501.744031906128,-0.013709068298339844,-0.27507543563842773,0.0017881393432617188,-0.3275275230407715
1,1034,10.34,7506.430745124817,7487.2758984565735,7496.444284915924,7501.415014266968,-0.022649765014648438,-0.2624094486236572,0.0035762786865234375,-0.32901763916015625
1,1035,10.35,7506.399750709534,7487.026005983353,7496.449053287506,7501.083612442017,-0.030994415283203125,-0.2498924732208252,0.00476837158203125,-0.3314018249511719
1,1036,10.36,7506.359815597534,7486.788779497147,7496.454566717148,7500.750720500946,-0.03993511199951172,-0.2372264862060547,0.005513429641723633,-0.33289194107055664
1,1037,10.370000000000001,7506.311535835266,7486.564517021179,7496.461719274521,7500.416934490204,-0.048279762268066406,-0.22426247596740723,0.007152557373046875,-0.3337860107421875
1,1038,10.38,7506.254613399506,7486.35321855545,7496.46931886673,7500.081658363342,-0.05692243576049805,-0.21129846572875977,0.007599592208862305,-0.33527612686157227
1,1039,10.39,7506.189942359924,7486.155480146408,7496.477961540222,7499.745786190033,-0.06467103958129883,-0.1977384090423584,0.00864267349243164,-0.33587217330932617
1,1040,10.4,7506.116032600403,7485.970556735992,7496.488690376282,7499.409317970276,-0.07390975952148438,-0.18492341041564941,0.010728836059570312,-0.3364682197570801
1,1041,10.41,7506.034672260284,7485.799342393875,7496.499568223953,7499.073147773743,-0.0813603401184082,-0.17121434211730957,0.010877847671508789,-0.3361701965332031
1,1042,10.42,7505.945265293121,7485.641688108444,7496.511191129684,7498.736679553986,-0.08940696716308594,-0.1576542854309082,0.011622905731201172,-0.3364682197570801
1,1043,10.43,7505.848109722137,7485.497444868088,7496.523857116699,7498.4011054039,-0.09715557098388672,-0.1442432403564453,0.012665987014770508,-0.3355741500854492
1,1044,10.44,7505.742907524109,7485.3672087192535,7496.537268161774,7498.065829277039,-0.10520219802856445,-0.13023614883422852,0.01341104507446289,-0.33527612686157227
1,1045,10.450000000000001,7505.629658699036,7485.2509796619415,7496.552020311356,7497.731447219849,-0.11324882507324219,-0.11622905731201172,0.01475214958190918,-0.3343820571899414
1,1046,10.46,7505.509257316589,7485.147714614868,7496.567368507385,7497.398853302002,-0.12040138244628906,-0.10326504707336426,0.015348196029663086,-0.3325939178466797
1,1047,10.47,7505.38170337677,7485.058754682541,7496.583163738251,7497.067749500275,-0.12755393981933594,-0.08895993232727051,0.015795230865478516,-0.3311038017272949
1,1048,10.48,7505.246698856354,7484.983652830124,7496.599555015564,7496.738433837891,-0.13500452041625977,-0.07510185241699219,0.016391277313232422,-0.3293156623840332
1,1049,10.49,7505.104541778564,7484.921813011169,7496.616542339325,7496.4118003845215,-0.14215707778930664,-0.06183981895446777,0.016987323760986328,-0.3266334533691406
1,1050,10.5,7504.956126213074,7484.873831272125,7496.634274721146,7496.087551116943,-0.14841556549072266,-0.04798173904418945,0.01773238182067871,-0.324249267578125
1,1051,10.51,7504.799962043762,7484.8392605781555,7496.653348207474,7495.76598405838,-0.15616416931152344,-0.03457069396972656,0.019073486328125,-0.3215670585632324
1,1052,10.52,7504.637837409973,7484.819144010544,7496.672421693802,7495.447397232056,-0.1621246337890625,-0.020116567611694336,0.019073486328125,-0.3185868263244629
1,1053,10.53,7504.4697523117065,7484.811842441559,7496.691942214966,7495.132684707642,-0.16808509826660156,-0.0073015689849853516,0.01952052116394043,-0.3147125244140625
1,1054,10.540000000000001,7504.295110702515,7484.818994998932,7496.711760759354,7494.820952415466,-0.17464160919189453,0.007152557373046875,0.019818544387817383,-0.31173229217529297
1,1055,10.55,7504.115104675293,7484.838366508484,7496.732473373413,7494.513690471649,-0.1800060272216797,0.019371509552001953,0.020712614059448242,-0.30726194381713867
1,1056,10.56,7503.928542137146,7484.87189412117,7496.753484010696,7494.210600852966,-0.18656253814697266,0.03352761268615723,0.021010637283325195,-0.30308961868286133
1,1057,10.57,7503.737211227417,7484.917640686035,7496.774792671204,7493.911981582642,-0.1913309097290039,0.045746564865112305,0.02130866050720215,-0.29861927032470703
1,1058,10.58,7503.53991985321,7484.976649284363,7496.796697378159,7493.618428707123,-0.19729137420654297,0.05900859832763672,0.021904706954956055,-0.29355287551879883
1,1059,10.59,7503.338158130646,7485.048472881317,7496.819347143173,7493.32994222641,-0.20176172256469727,0.0718235969543457,0.022649765014648438,-0.2884864807128906
1,1060,10.6,7503.131330013275,7485.132813453674,7496.841996908188,7493.046522140503,-0.20682811737060547,0.08434057235717773,0.022649765014648438,-0.2834200859069824
1,1061,10.61,7502.920031547546,7485.230416059494,7496.8646466732025,7492.76876449585,-0.21129846572875977,0.09760260581970215,0.022649765014648438,-0.2777576446533203
1,1062,10.620000000000001,7502.7042627334595,7485.339343547821,7496.888041496277,7492.49666929245,-0.21576881408691406,0.10892748832702637,0.02339482307434082,-0.2720952033996582
1,1063,10.63,7502.4837255477905,7485.460638999939,7496.912181377411,7492.231130599976,-0.2205371856689453,0.12129545211791992,0.024139881134033203,-0.26553869247436523
1,1064,10.64,7502.259910106659,7485.594004392624,7496.936321258545,7491.971850395203,-0.2238154411315918,0.13336539268493652,0.024139881134033203,-0.2592802047729492
1,1065,10.65,7502.032220363617,7485.738843679428,7496.960461139679,7491.719424724579,-0.2276897430419922,0.14483928680419922,0.024139881134033203,-0.2524256706237793
1,1066,10.66,7501.801252365112,7485.894709825516,7496.985495090485,7491.473853588104,-0.23096799850463867,0.15586614608764648,0.025033950805664062,-0.24557113647460938
1,1067,10.67,7501.567006111145,7486.0624969005585,7497.01052904129,7491.235136985779,-0.23424625396728516,0.1677870750427246,0.025033950805664062,-0.23871660232543945
1,1068,10.68,7501.329183578491,7486.240565776825,7497.03586101532,7491.004765033722,-0.2378225326538086,0.1780688762664795,0.025331974029541016,-0.23037195205688477
1,1069,10.69,7501.08927488327,7486.429214477539,7497.061491012573,7490.781247615814,-0.23990869522094727,0.18864870071411133,0.02562999725341797,-0.22351741790771484
1,1070,10.700000000000001,7500.846982002258,7486.628890037537,7497.086971998215,7490.565478801727,-0.2422928810119629,0.1996755599975586,0.025480985641479492,-0.21576881408691406
1,1071,10.71,7500.602602958679,7486.837953329086,7497.113049030304,7490.358054637909,-0.24437904357910156,0.20906329154968262,0.0260770320892334,-0.20742416381835938
1,1072,10.72,7500.355839729309,7487.057000398636,7497.139871120453,7490.158975124359,-0.2467632293701172,0.21904706954956055,0.02682209014892578,-0.1990795135498047
1,1073,10.73,7500.108182430267,7487.285286188126,7497.16654419899,7489.968538284302,-0.24765729904174805,0.2282857894897461,0.026673078536987305,-0.19043684005737305
1,1074,10.74,7499.858886003494,7487.523108720779,7497.192919254303,7489.786446094513,-0.2492964267730713,0.2378225326538086,0.02637505531311035,-0.18209218978881836
1,1075,10.75,7499.608248472214,7487.769424915314,7497.2206354141235,7489.612698554993,-0.2506375312805176,0.24631619453430176,0.02771615982055664,-0.17374753952026367
1,1076,10.76,7499.356120824814,7488.0242347717285,7497.248351573944,7489.449381828308,-0.25212764739990234,0.2548098564147949,0.02771615982055664,-0.1633167266845703
1,1077,10.77,7499.104887247086,7488.287538290024,7497.275769710541,7489.294409751892,-0.2512335777282715,0.2633035182952881,0.027418136596679688,-0.15497207641601562
1,1078,10.78,7498.852163553238,7488.55859041214,7497.304081916809,7489.148378372192,-0.25272369384765625,0.27105212211608887,0.028312206268310547,-0.14603137969970703
1,1079,10.790000000000001,7498.599141836166,7488.836944103241,7497.332394123077,7489.012777805328,-0.2530217170715332,0.2783536911010742,0.028312206268310547,-0.13560056686401367
1,1080,10.8,7498.346716165543,7489.122301340103,7497.36100435257,7488.887012004852,-0.2524256706237793,0.2853572368621826,0.0286102294921875,-0.12576580047607422
1,1081,10.81,7498.094588518143,7489.415109157562,7497.389912605286,7488.7701869010925,-0.25212764739990234,0.29280781745910645,0.028908252716064453,-0.11682510375976562
1,1082,10.82,7497.843056917191,7489.714175462723,7497.418969869614,7488.663494586945,-0.25153160095214844,0.29906630516052246,0.02905726432800293,-0.10669231414794922
1,1083,10.83,7497.592717409134,7490.019053220749,7497.448027133942,7488.567233085632,-0.2503395080566406,0.30487775802612305,0.02905726432800293,-0.09626150131225586
1,1084,10.84,7497.343271970749,7490.329891443253,7497.477829456329,7488.480806350708,-0.24944543838500977,0.3108382225036621,0.029802322387695312,-0.0864267349243164
1,1085,10.85,7497.0947206020355,7490.645945072174,7497.507929801941,7488.4045124053955,-0.2485513687133789,0.3160536289215088,0.030100345611572266,-0.0762939453125
1,1086,10.86,7496.848851442337,7490.967363119125,7497.537434101105,7488.338947296143,-0.24586915969848633,0.32141804695129395,0.02950429916381836,-0.06556510925292969
1,1087,10.870000000000001,7496.604770421982,7491.293549537659,7497.567385435104,7488.282918930054,-0.2440810203552246,0.3261864185333252,0.02995133399963379,-0.05602836608886719
1,1088,10.88,7496.362179517746,7491.623908281326,7497.5985288619995,7488.238215446472,-0.24259090423583984,0.33035874366760254,0.0311434268951416,-0.04470348358154297
1,1089,10.89,7496.122270822525,7491.95784330368,7497.629076242447,7488.203346729279,-0.23990869522094727,0.333935022354126,0.030547380447387695,-0.034868717193603516
1,1090,10.9,7495.885044336319,7492.295354604721,7497.659921646118,7488.1792068481445,-0.2372264862060547,0.3375113010406494,0.03084540367126465,-0.024139881134033203
1,1091,10.91,7495.650798082352,7492.636740207672,7497.690916061401,7488.165199756622,-0.23424625396728516,0.3413856029510498,0.030994415283203125,-0.014007091522216797
1,1092,10.92,7495.419830083847,7492.980509996414,7497.721463441849,7488.16192150116,-0.23096799850463867,0.34376978874206543,0.030547380447387695,-0.0032782554626464844
1,1093,10.93,7495.192438364029,7493.327111005783,7497.752904891968,7488.169074058533,-0.22739171981811523,0.3466010093688965,0.031441450119018555,0.007152557373046875
1,1094,10.94,7494.96802687645,7493.675202131271,7497.784495353699,7488.1866574287415,-0.2244114875793457,0.34809112548828125,0.03159046173095703,0.017583370208740234
1,1095,10.950000000000001,7494.7477877140045,7494.025230407715,7497.815489768982,7488.214373588562,-0.22023916244506836,0.35002827644348145,0.030994415283203125,0.02771615982055664
1,1096,10.96,7494.530826807022,7494.376450777054,7497.846782207489,7488.252520561218,-0.21696090698242188,0.35122036933898926,0.03129243850708008,0.03814697265625
1,1097,10.97,7494.318634271622,7494.729608297348,7497.878223657608,7488.30109834671,-0.21219253540039062,0.35315752029418945,0.031441450119018555,0.04857778549194336
1,1098,10.98,7494.110614061356,7495.081573724747,7497.909963130951,7488.360404968262,-0.20802021026611328,0.35196542739868164,0.03173947334289551,0.05930662155151367
1,1099,10.99,7493.907660245895,7495.435178279877,7497.94140458107,7488.428950309753,-0.20295381546020508,0.3536045551300049,0.031441450119018555,0.06854534149169922
1,1100,11.0,7493.708580732346,7495.788782835007,7497.972846031189,7488.507628440857,-0.1990795135498047,0.3536045551300049,0.031441450119018555,0.07867813110351562
1,1101,11.01,7493.515759706497,7496.141344308853,7498.00443649292,7488.596141338348,-0.19282102584838867,0.35256147384643555,0.03159046173095703,0.08851289749145508
1,1102,11.02,7493.327409029007,7496.49316072464,7498.036026954651,7488.694787025452,-0.18835067749023438,0.35181641578674316,0.03159046173095703,0.09864568710327148
1,1103,11.03,7493.1444227695465,7496.844381093979,7498.067170381546,7488.802671432495,-0.18298625946044922,0.35122036933898926,0.0311434268951416,0.10788440704345703
1,1104,11.040000000000001,7492.96709895134,7497.193962335587,7498.097717761993,7488.9203906059265,-0.1773238182067871,0.349581241607666,0.030547380447387695,0.11771917343139648
1,1105,11.05,7492.795139551163,7497.541308403015,7498.128861188889,7489.047348499298,-0.17195940017700195,0.34734606742858887,0.0311434268951416,0.12695789337158203
1,1106,11.06,7492.628842592239,7497.887015342712,7498.159110546112,7489.183247089386,-0.16629695892333984,0.3457069396972656,0.030249357223510742,0.13589859008789062
1,1107,11.07,7492.469102144241,7498.230189085007,7498.1895089149475,7489.32808637619,-0.15974044799804688,0.3431737422943115,0.03039836883544922,0.14483928680419922
1,1108,11.08,7492.315322160721,7498.57023358345,7498.219162225723,7489.481568336487,-0.1537799835205078,0.3400444984436035,0.029653310775756836,0.15348196029663086
1,1109,11.09,7492.167502641678,7498.907297849655,7498.248815536499,7489.643692970276,-0.14781951904296875,0.337064266204834,0.029653310775756836,0.1621246337890625
1,1110,11.1,7492.026537656784,7499.241083860397,7498.277872800827,7489.8141622543335,-0.14096498489379883,0.3337860107421875,0.02905726432800293,0.1704692840576172
1,1111,11.11,7491.891533136368,7499.570995569229,7498.306632041931,7489.992380142212,-0.13500452041625977,0.3299117088317871,0.028759241104125977,0.17821788787841797
1,1112,11.120000000000001,7491.7639791965485,7499.8970329761505,7498.334646224976,7490.178942680359,-0.12755393981933594,0.3260374069213867,0.028014183044433594,0.18656253814697266
1,1113,11.13,7491.642385721207,7500.218749046326,7498.362362384796,7490.372657775879,-0.12159347534179688,0.3217160701751709,0.02771615982055664,0.19371509552001953
1,1114,11.14,7491.527944803238,7500.535249710083,7498.389482498169,7490.573525428772,-0.11444091796875,0.3165006637573242,0.027120113372802734,0.2008676528930664
1,1115,11.15,7491.420656442642,7500.847280025482,7498.415857553482,7490.781843662262,-0.10728836059570312,0.3120303153991699,0.02637505531311035,0.20831823348999023
1,1116,11.16,7491.320222616196,7501.153647899628,7498.441636562347,7490.996718406677,-0.1004338264465332,0.3063678741455078,0.025779008865356445,0.2148747444152832
1,1117,11.17,7491.226941347122,7501.455545425415,7498.466372489929,7491.218149662018,-0.09328126907348633,0.3018975257873535,0.02473592758178711,0.22143125534057617
1,1118,11.18,7491.140514612198,7501.750588417053,7498.490214347839,7491.445541381836,-0.0864267349243164,0.2950429916381836,0.02384185791015625,0.22739171981811523
1,1119,11.19,7491.061240434647,7502.040266990662,7498.513758182526,7491.6791915893555,-0.07927417755126953,0.28967857360839844,0.023543834686279297,0.23365020751953125
1,1120,11.200000000000001,7490.99001288414,7502.3239850997925,7498.536258935928,7491.917908191681,-0.0712275505065918,0.2837181091308594,0.02250075340270996,0.23871660232543945
1,1121,11.21,7490.9259378910065,7502.60055065155,7498.557567596436,7492.16228723526,-0.06407499313354492,0.2765655517578125,0.02130866050720215,0.24437904357910156
1,1122,11.22,7490.868717432022,7502.871155738831,7498.578131198883,7492.411136627197,-0.057220458984375,0.27060508728027344,0.020563602447509766,0.24884939193725586
1,1123,11.23,7490.818947553635,7503.13401222229,7498.598545789719,7492.665648460388,-0.04976987838745117,0.26285648345947266,0.02041459083557129,0.25451183319091797
1,1124,11.24,7490.776926279068,7503.3897161483765,7498.616576194763,7492.923736572266,-0.04202127456665039,0.2557039260864258,0.018030405044555664,0.2580881118774414
1,1125,11.25,7490.742355585098,7503.638863563538,7498.634159564972,7493.185102939606,-0.03457069396972656,0.2491474151611328,0.017583370208740234,0.2613663673400879
1,1126,11.26,7490.714937448502,7503.87966632843,7498.651146888733,7493.451237678528,-0.027418136596679688,0.24080276489257812,0.016987323760986328,0.26613473892211914
1,1127,11.27,7490.695267915726,7504.11331653595,7498.666048049927,7493.719756603241,-0.019669532775878906,0.23365020751953125,0.014901161193847656,0.26851892471313477
1,1128,11.28,7490.682750940323,7504.338920116425,7498.680353164673,7493.991851806641,-0.012516975402832031,0.22560358047485352,0.01430511474609375,0.2720952033996582
1,1129,11.290000000000001,7490.677386522293,7504.555583000183,7498.6931681633,7494.266331195831,-0.005364418029785156,0.21666288375854492,0.012814998626708984,0.27447938919067383
1,1130,11.3,7490.680068731308,7504.7653913497925,7498.704195022583,7494.542598724365,0.002682209014892578,0.209808349609375,0.011026859283447266,0.27626752853393555
1,1131,11.31,7490.689605474472,7504.965662956238,7498.7150728702545,7494.821548461914,0.0095367431640625,0.2002716064453125,0.010877847671508789,0.2789497375488281
1,1132,11.32,7490.706592798233,7505.158185958862,7498.724013566971,7495.1013922691345,0.016987323760986328,0.19252300262451172,0.008940696716308594,0.279843807220459
1,1133,11.33,7490.731030702591,7505.3417682647705,7498.73161315918,7495.3824281692505,0.024437904357910156,0.18358230590820312,0.007599592208862305,0.2810359001159668
1,1134,11.34,7490.762323141098,7505.516409873962,7498.738169670105,7495.664358139038,0.03129243850708008,0.17464160919189453,0.006556510925292969,0.28192996978759766
1,1135,11.35,7490.800768136978,7505.68151473999,7498.743087053299,7495.947480201721,0.03844499588012695,0.16510486602783203,0.0049173831939697266,0.28312206268310547
1,1136,11.36,7490.846663713455,7505.8382749557495,7498.74621629715,7496.229708194733,0.04589557647705078,0.15676021575927734,0.003129243850708008,0.2822279930114746
1,1137,11.370000000000001,7490.8991158008575,7505.985498428345,7498.748600482941,7496.512532234192,0.05245208740234375,0.14722347259521484,0.002384185791015625,0.2828240394592285
1,1138,11.38,7490.958720445633,7506.123185157776,7498.7490475177765,7496.7944622039795,0.059604644775390625,0.13768672943115234,0.0004470348358154297,0.28192996978759766
1,1139,11.39,7491.024881601334,7506.251931190491,7498.748004436493,7497.076392173767,0.0661611557006836,0.12874603271484375,-0.001043081283569336,0.28192996978759766
1,1140,11.4,7491.098195314407,7506.3711404800415,7498.745620250702,7497.355937957764,0.07331371307373047,0.11920928955078125,-0.002384185791015625,0.27954578399658203
1,1141,11.41,7491.178065538406,7506.480515003204,7498.74159693718,7497.6348876953125,0.07987022399902344,0.1093745231628418,-0.004023313522338867,0.2789497375488281
1,1142,11.42,7491.263896226883,7506.580352783203,7498.736083507538,7497.911751270294,0.0858306884765625,0.0998377799987793,-0.005513429641723633,0.27686357498168945
1,1143,11.43,7491.356283426285,7506.670951843262,7498.729228973389,7498.186528682709,0.09238719940185547,0.09059906005859375,-0.006854534149169922,0.2747774124145508
1,1144,11.44,7491.454929113388,7506.750822067261,7498.72088432312,7498.459219932556,0.09864568710327148,0.07987022399902344,-0.008344650268554688,0.2726912498474121
1,1145,11.450000000000001,7491.560131311417,7506.822049617767,7498.710751533508,7498.728334903717,0.10520219802856445,0.0712275505065918,-0.010132789611816406,0.26911497116088867
1,1146,11.46,7491.670995950699,7506.882548332214,7498.699426651001,7498.995661735535,0.11086463928222656,0.060498714447021484,-0.011324882507324219,0.26732683181762695
1,1147,11.47,7491.787225008011,7506.934404373169,7498.686909675598,7499.258816242218,0.11622905731201172,0.051856040954589844,-0.012516975402832031,0.2631545066833496
1,1148,11.48,7491.908818483353,7506.975531578064,7498.672604560852,7499.518990516663,0.12159347534179688,0.04112720489501953,-0.01430511474609375,0.2601742744445801
1,1149,11.49,7492.037266492844,7507.007718086243,7498.656511306763,7499.774694442749,0.1284480094909668,0.03218650817871094,-0.01609325408935547,0.2557039260864258
1,1150,11.5,7492.170482873917,7507.02977180481,7498.638927936554,7500.026226043701,0.13321638107299805,0.02205371856689453,-0.017583370208740234,0.25153160095214844
1,1151,11.51,7492.308467626572,7507.041692733765,7498.620450496674,7500.273585319519,0.1379847526550293,0.011920928955078125,-0.018477439880371094,0.2473592758178711
1,1152,11.52,7492.451220750809,7507.044076919556,7498.600482940674,7500.516474246979,0.14275312423706055,0.002384185791015625,-0.01996755599975586,0.2428889274597168
1,1153,11.53,7492.599040269852,7507.036924362183,7498.579025268555,7500.754296779633,0.14781951904296875,-0.007152557373046875,-0.021457672119140625,0.2378225326538086
1,1154,11.540000000000001,7492.751926183701,7507.0202350616455,7498.556226491928,7500.9870529174805,0.15288591384887695,-0.016689300537109375,-0.022798776626586914,0.2327561378479004
1,1155,11.55,7492.908984422684,7506.994009017944,7498.531937599182,7501.214444637299,0.1570582389831543,-0.026226043701171875,-0.02428889274597168,0.22739171981811523
1,1156,11.56,7493.070214986801,7506.958246231079,7498.506605625153,7501.436173915863,0.16123056411743164,-0.035762786865234375,-0.025331974029541016,0.22172927856445312
1,1157,11.57,7493.235319852829,7506.91294670105,7498.4800815582275,7501.652836799622,0.16510486602783203,-0.045299530029296875,-0.026524066925048828,0.21666288375854492
1,1158,11.58,7493.404597043991,7506.858110427856,7498.452365398407,7501.862943172455,0.16927719116210938,-0.054836273193359375,-0.02771615982055664,0.21010637283325195
1,1159,11.59,7493.57745051384,7506.794035434723,7498.423308134079,7502.067089080811,0.1728534698486328,-0.06407499313354492,-0.02905726432800293,0.2041459083557129
1,1160,11.6,7493.753582239151,7506.721615791321,7498.393505811691,7502.264976501465,0.1761317253112793,-0.07241964340209961,-0.029802322387695312,0.19788742065429688
1,1161,11.61,7493.933290243149,7506.639361381531,7498.362362384796,7502.45600938797,0.17970800399780273,-0.08225440979003906,-0.0311434268951416,0.19103288650512695
1,1162,11.620000000000001,7494.1156804561615,7506.548762321472,7498.32957983017,7502.64048576355,0.1823902130126953,-0.09059906005859375,-0.032782554626464844,0.18447637557983398
1,1163,11.63,7494.301348924637,7506.4486265182495,7498.296499252319,7502.818703651428,0.1856684684753418,-0.10013580322265625,-0.0330805778503418,0.17821788787841797
1,1164,11.64,7494.489103555679,7506.340444087982,7498.262822628021,7502.989172935486,0.18775463104248047,-0.10818243026733398,-0.0336766242980957,0.1704692840576172
1,1165,11.65,7494.679242372513,7506.2233209609985,7498.227804899216,7503.153085708618,0.1901388168334961,-0.11712312698364258,-0.03501772880554199,0.16391277313232422
1,1166,11.66,7494.872361421585,7506.097853183746,7498.1918931007385,7503.310143947601,0.19311904907226562,-0.12546777725219727,-0.03591179847717285,0.1570582389831543
1,1167,11.67,7495.066672563553,7505.964636802673,7498.155832290649,7503.458857536316,0.19431114196777344,-0.13321638107299805,-0.03606081008911133,0.1487135887145996
1,1168,11.68,7495.262771844864,7505.823075771332,7498.117983341217,7503.600716590881,0.19609928131103516,-0.14156103134155273,-0.03784894943237305,0.1418590545654297
1,1169,11.69,7495.460361242294,7505.673766136169,7498.080730438232,7503.7360191345215,0.19758939743041992,-0.14930963516235352,-0.03725290298461914,0.13530254364013672
1,1170,11.700000000000001,7495.65914273262,7505.51700592041,7498.0416893959045,7503.862380981445,0.19878149032592773,-0.15676021575927734,-0.03904104232788086,0.12636184692382812
1,1171,11.71,7495.859414339066,7505.35249710083,7498.002797365189,7503.98188829422,0.2002716064453125,-0.16450881958007812,-0.03889203071594238,0.1195073127746582
1,1172,11.72,7496.060281991959,7505.180239677429,7497.9642033576965,7504.093647003174,0.2008676528930664,-0.1722574234008789,-0.03859400749206543,0.11175870895385742
1,1173,11.73,7496.262043714523,7505.001425743103,7497.924268245697,7504.197359085083,0.20176172256469727,-0.17881393432617188,-0.03993511199951172,0.10371208190917969
1,1174,11.74,7496.463507413864,7504.816353321075,7497.884035110474,7504.2930245399475,0.2014636993408203,-0.1850724220275879,-0.04023313522338867,0.09566545486450195
1,1175,11.75,7496.665567159653,7504.622936248779,7497.843950986862,7504.382133483887,0.20205974578857422,-0.19341707229614258,-0.040084123611450195,0.08910894393920898
1,1176,11.76,7496.867924928665,7504.424452781677,7497.803270816803,7504.462003707886,0.20235776901245117,-0.19848346710205078,-0.0406801700592041,0.07987022399902344
1,1177,11.77,7497.069388628006,7504.21941280365,7497.762739658356,7504.534721374512,0.2014636993408203,-0.20503997802734375,-0.040531158447265625,0.07271766662597656
1,1178,11.78,7497.270852327347,7504.007816314697,7497.722208499908,7504.599690437317,0.2014636993408203,-0.21159648895263672,-0.040531158447265625,0.06496906280517578
1,1179,11.790000000000001,7497.471123933792,7503.791451454163,7497.681081295013,7504.65601682663,0.2002716064453125,-0.21636486053466797,-0.04112720489501953,0.05632638931274414
1,1180,11.8,7497.671395540237,7503.568530082703,7497.640401124954,7504.705190658569,0.2002716064453125,-0.22292137145996094,-0.0406801700592041,0.049173831939697266
1,1181,11.81,7497.869282960892,7503.340840339661,7497.600018978119,7504.746913909912,0.19788742065429688,-0.2276897430419922,-0.04038214683532715,0.04172325134277344
1,1182,11.82,7498.066574335098,7503.108382225037,7497.559487819672,7504.780292510986,0.19729137420654297,-0.23245811462402344,-0.040531158447265625,0.03337860107421875
1,1183,11.83,7498.262375593185,7502.870857715607,7497.519552707672,7504.805326461792,0.1958012580871582,-0.23752450942993164,-0.03993511199951172,0.025033950805664062
1,1184,11.84,7498.456686735153,7502.629458904266,7497.479319572449,7504.823207855225,0.19431114196777344,-0.24139881134033203,-0.04023313522338867,0.017881393432617188
1,1185,11.85,7498.64861369133,7502.383589744568,7497.439831495285,7504.83363866806,0.1919269561767578,-0.24586915969848633,-0.03948807716369629,0.01043081283569336
1,1186,11.86,7498.83845448494,7502.1326541900635,7497.401088476181,7504.836916923523,0.18984079360961914,-0.25093555450439453,-0.038743019104003906,0.0032782554626464844
1,1187,11.870000000000001,7499.026209115982,7501.879632472992,7497.362196445465,7504.831552505493,0.18775463104248047,-0.2530217170715332,-0.03889203071594238,-0.005364418029785156
1,1188,11.88,7499.21128153801,7501.622438430786,7497.324049472809,7504.81903553009,0.1850724220275879,-0.25719404220581055,-0.03814697265625,-0.012516975402832031
1,1189,11.89,7499.393671751022,7501.361966133118,7497.2864985466,7504.799365997314,0.1823902130126953,-0.26047229766845703,-0.037550926208496094,-0.019669532775878906
1,1190,11.9,7499.57337975502,7501.099109649658,7497.249245643616,7504.772245883942,0.17970800399780273,-0.26285648345947266,-0.03725290298461914,-0.027120113372802734
1,1191,11.91,7499.749809503555,7500.83327293396,7497.213184833527,7504.73827123642,0.17642974853515625,-0.2658367156982422,-0.03606081008911133,-0.033974647521972656
1,1192,11.92,7499.922960996628,7500.565052032471,7497.177869081497,7504.696846008301,0.17315149307250977,-0.2682209014892578,-0.035315752029418945,-0.041425228118896484
1,1193,11.93,7500.092387199402,7500.295341014862,7497.1431493759155,7504.648566246033,0.16942620277404785,-0.2697110176086426,-0.03471970558166504,-0.048279762268066406
1,1194,11.94,7500.258684158325,7500.02384185791,7497.1093237400055,7504.592835903168,0.16629695892333984,-0.2714991569519043,-0.03382563591003418,-0.055730342864990234
1,1195,11.950000000000001,7500.420808792114,7499.750703573227,7497.076094150543,7504.530549049377,0.1621246337890625,-0.27313828468322754,-0.03322958946228027,-0.0622868537902832
1,1196,11.96,7500.579357147217,7499.47726726532,7497.043758630753,7504.461407661438,0.15854835510253906,-0.2734363079071045,-0.032335519790649414,-0.06914138793945312
1,1197,11.97,7500.734329223633,7499.201744794846,7497.012615203857,7504.386007785797,0.15497207641601562,-0.27552247047424316,-0.0311434268951416,-0.07539987564086914
1,1198,11.98,7500.884532928467,7498.926967382431,7496.982365846634,7504.304051399231,0.15020370483398438,-0.2747774124145508,-0.030249357223510742,-0.08195638656616211
1,1199,11.99,7501.0305643081665,7498.650997877121,7496.953010559082,7504.215836524963,0.14603137969970703,-0.2759695053100586,-0.029355287551879883,-0.08821487426757812
1,1200,12.0,7501.171827316284,7498.375326395035,7496.925443410873,7504.121661186218,0.14126300811767578,-0.27567148208618164,-0.027567148208618164,-0.09417533874511719
1,1201,12.01,7501.308619976044,7498.099505901337,7496.898025274277,7504.021525382996,0.13679265975952148,-0.2758204936981201,-0.027418136596679688,-0.10013580322265625
1,1202,12.02,7501.440942287445,7497.825771570206,7496.8719482421875,7503.9151310920715,0.1323223114013672,-0.27373433113098145,-0.0260770320892334,-0.10639429092407227
1,1203,12.030000000000001,7501.568794250488,7497.551590204239,7496.847212314606,7503.803372383118,0.1278519630432129,-0.2741813659667969,-0.02473592758178711,-0.11175870895385742
1,1204,12.040000000000001,7501.690983772278,7497.279047966003,7496.823072433472,7503.685653209686,0.12218952178955078,-0.27254223823547363,-0.024139881134033203,-0.11771917343139648
1,1205,12.05,7501.808404922485,7497.008293867111,7496.800273656845,7503.562867641449,0.11742115020751953,-0.2707540988922119,-0.022798776626586914,-0.12278556823730469
1,1206,12.06,7501.921057701111,7496.739327907562,7496.77836894989,7503.434717655182,0.11265277862548828,-0.2689659595489502,-0.021904706954956055,-0.12814998626708984
1,1207,12.07,7502.027750015259,7496.471852064133,7496.75840139389,7503.301203250885,0.10669231414794922,-0.26747584342956543,-0.01996755599975586,-0.133514404296875
1,1208,12.08,7502.129077911377,7496.20720744133,7496.739625930786,7503.16321849823,0.10132789611816406,-0.2646446228027344,-0.018775463104248047,-0.1379847526550293
1,1209,12.09,7502.225339412689,7495.944648981094,7496.721595525742,7503.020465373993,0.09626150131225586,-0.2625584602355957,-0.018030405044555664,-0.14275312423706055
1,1210,12.1,7502.316236495972,7495.685368776321,7496.7047572135925,7502.872943878174,0.0908970832824707,-0.2592802047729492,-0.01683831214904785,-0.1475214958190918
1,1211,12.11,7502.4014711380005,7495.429366827011,7496.689409017563,7502.720355987549,0.0852346420288086,-0.25600194931030273,-0.015348196029663086,-0.152587890625
1,1212,12.120000000000001,7502.4813413619995,7495.176643133163,7496.675252914429,7502.563893795013,0.07987022399902344,-0.25272369384765625,-0.014156103134155273,-0.1564621925354004
1,1213,12.13,7502.555251121521,7494.927793741226,7496.661990880966,7502.403557300568,0.07390975952148438,-0.24884939193725586,-0.013262033462524414,-0.16033649444580078
1,1214,12.14,7502.623200416565,7494.682222604752,7496.650367975235,7502.239346504211,0.06794929504394531,-0.24557113647460938,-0.011622905731201172,-0.16421079635620117
1,1215,12.15,7502.685785293579,7494.441121816635,7496.6394901275635,7502.071261405945,0.06258487701416016,-0.24110078811645508,-0.010877847671508789,-0.16808509826660156
1,1216,12.16,7502.742409706116,7494.204193353653,7496.630102396011,7501.899898052216,0.056624412536621094,-0.23692846298217773,-0.009387731552124023,-0.17136335372924805
1,1217,12.17,7502.793371677399,7493.971437215805,7496.622055768967,7501.725554466248,0.050961971282958984,-0.2327561378479004,-0.008046627044677734,-0.17434358596801758
1,1218,12.18,7502.837777137756,7493.744641542435,7496.615052223206,7501.547038555145,0.044405460357666016,-0.22679567337036133,-0.0070035457611083984,-0.17851591110229492
1,1219,12.19,7502.877116203308,7493.522465229034,7496.609091758728,7501.366138458252,0.03933906555175781,-0.22217631340026855,-0.0059604644775390625,-0.18090009689331055
1,1220,12.200000000000001,7502.910196781158,7493.30535531044,7496.604919433594,7501.1831521987915,0.0330805778503418,-0.21710991859436035,-0.004172325134277344,-0.18298625946044922
1,1221,12.21,7502.937316894531,7493.093758821487,7496.601343154907,7500.995993614197,0.027120113372802734,-0.21159648895263672,-0.0035762786865234375,-0.18715858459472656
1,1222,12.22,7502.959072589874,7492.888122797012,7496.59925699234,7500.807344913483,0.021755695343017578,-0.20563602447509766,-0.002086162567138672,-0.18864870071411133
1,1223,12.23,7502.974271774292,7492.687851190567,7496.597766876221,7500.616908073425,0.01519918441772461,-0.2002716064453125,-0.0014901161193847656,-0.19043684005737305
1,1224,12.24,7502.98410654068,7492.494434118271,7496.5983629226685,7500.423789024353,0.009834766387939453,-0.19341707229614258,0.0005960464477539062,-0.19311904907226562
1,1225,12.25,7502.98798084259,7492.306232452393,7496.59925699234,7500.2288818359375,0.0038743019104003906,-0.1882016658782959,0.0008940696716308594,-0.19490718841552734
1,1226,12.26,7502.985596656799,7492.125034332275,7496.601194143295,7500.0327825546265,-0.002384185791015625,-0.1811981201171875,0.0019371509552001953,-0.19609928131103516
1,1227,12.27,7502.9778480529785,7491.9503927230835,7496.603727340698,7499.834895133972,-0.007748603820800781,-0.17464160919189453,0.0025331974029541016,-0.19788742065429688
1,1228,12.280000000000001,7502.96413898468,7491.782456636429,7496.60849571228,7499.635815620422,-0.013709068298339844,-0.16793608665466309,0.00476837158203125,-0.1990795135498047
1,1229,12.290000000000001,7502.945065498352,7491.622120141983,7496.613264083862,7499.434947967529,-0.019073486328125,-0.16033649444580078,0.00476837158203125,-0.2008676528930664
1,1230,12.3,7502.919435501099,7491.467744112015,7496.619522571564,7499.23437833786,-0.02562999725341797,-0.15437602996826172,0.006258487701416016,-0.20056962966918945
1,1231,12.31,7502.889037132263,7491.320818662643,7496.626377105713,7499.032616615295,-0.03039836883544922,-0.1469254493713379,0.006854534149169922,-0.20176172256469727
1,1232,12.32,7502.853274345398,7491.181343793869,7496.634423732758,7498.830556869507,-0.035762786865234375,-0.13947486877441406,0.008046627044677734,-0.20205974578857422
1,1233,12.33,7502.811551094055,7491.04917049408,7496.643215417862,7498.628199100494,-0.04172325134277344,-0.1321732997894287,0.008791685104370117,-0.20235776901245117
1,1234,12.34,7502.7647614479065,7490.924596786499,7496.65305018425,7498.425245285034,-0.04678964614868164,-0.1245737075805664,0.009834766387939453,-0.20295381546020508
1,1235,12.35,7502.712309360504,7490.807920694351,7496.663182973862,7498.222589492798,-0.05245208740234375,-0.11667609214782715,0.010132789611816406,-0.20265579223632812
1,1236,12.36,7502.654790878296,7490.698546171188,7496.674954891205,7498.020529747009,-0.05751848220825195,-0.1093745231628418,0.011771917343139648,-0.20205974578857422
1,1237,12.370000000000001,7502.591609954834,7490.596622228622,7496.68687582016,7497.8190660476685,-0.06318092346191406,-0.10192394256591797,0.011920928955078125,-0.2014636993408203
1,1238,12.38,7502.52366065979,7490.503042936325,7496.699690818787,7497.6179003715515,-0.06794929504394531,-0.09357929229736328,0.012814998626708984,-0.20116567611694336
1,1239,12.39,7502.451241016388,7490.41736125946,7496.713101863861,7497.417032718658,-0.07241964340209961,-0.08568167686462402,0.01341104507446289,-0.2008676528930664
1,1240,12.4,7502.373456954956,7490.3397262096405,7496.727406978607,7497.2182512283325,-0.07778406143188477,-0.07763504981994629,0.01430511474609375,-0.19878149032592773
1,1241,12.41,7502.290904521942,7490.269690752029,7496.742308139801,7497.020065784454,-0.08255243301391602,-0.07003545761108398,0.014901161193847656,-0.19818544387817383
1,1242,12.42,7502.204179763794,7490.208148956299,7496.757656335831,7496.823370456696,-0.08672475814819336,-0.06154179573059082,0.015348196029663086,-0.19669532775878906
1,1243,12.43,7502.11238861084,7490.154504776001,7496.773451566696,7496.628761291504,-0.09179115295410156,-0.05364418029785156,0.015795230865478516,-0.1946091651916504
1,1244,12.44,7502.0164251327515,7490.108609199524,7496.790289878845,7496.4359402656555,-0.0959634780883789,-0.04589557647705078,0.01683831214904785,-0.19282102584838867
1,1245,12.450000000000001,7501.916587352753,7490.071207284927,7496.807426214218,7496.2446093559265,-0.0998377799987793,-0.03740191459655762,0.017136335372924805,-0.1913309097290039
1,1246,12.46,7501.812279224396,7490.042001008987,7496.825158596039,7496.055364608765,-0.1043081283569336,-0.029206275939941406,0.01773238182067871,-0.18924474716186523
1,1247,12.47,7501.703500747681,7490.020394325256,7496.843338012695,7495.869100093842,-0.10877847671508789,-0.0216066837310791,0.01817941665649414,-0.1862645149230957
1,1248,12.48,7501.591145992279,7490.006536245346,7496.862709522247,7495.6852197647095,-0.11235475540161133,-0.01385807991027832,0.019371509552001953,-0.18388032913208008
1,1249,12.49,7501.475214958191,7490.001767873764,7496.881186962128,7495.503127574921,-0.11593103408813477,-0.00476837158203125,0.018477439880371094,-0.18209218978881836
1,1250,12.5,7501.355409622192,7490.004003047943,7496.900856494904,7495.324611663818,-0.11980533599853516,0.0022351741790771484,0.019669532775878906,-0.17851591110229492
1,1251,12.51,7501.232624053955,7490.014731884003,7496.920824050903,7495.149075984955,-0.12278556823730469,0.010728836059570312,0.01996755599975586,-0.1755356788635254
1,1252,12.52,7501.106262207031,7490.033358335495,7496.940791606903,7494.97652053833,-0.12636184692382812,0.01862645149230957,0.01996755599975586,-0.17255544662475586
1,1253,12.530000000000001,7500.976324081421,7490.059286355972,7496.961057186127,7494.807243347168,-0.12993812561035156,0.025928020477294922,0.020265579223632812,-0.16927719116210938
1,1254,12.540000000000001,7500.8440017700195,7490.093410015106,7496.981918811798,7494.641542434692,-0.1323223114013672,0.03412365913391113,0.02086162567138672,-0.16570091247558594
1,1255,12.55,7500.708103179932,7490.135133266449,7497.003674507141,7494.479715824127,-0.13589859008789062,0.04172325134277344,0.021755695343017578,-0.16182661056518555
1,1256,12.56,7500.569820404053,7490.184456110001,7497.024834156036,7494.3214654922485,-0.13828277587890625,0.04932284355163574,0.021159648895263672,-0.1582503318786621
1,1257,12.57,7500.429749488831,7490.241676568985,7497.0462918281555,7494.166791439056,-0.14007091522216797,0.057220458984375,0.021457672119140625,-0.15467405319213867
1,1258,12.58,7500.28669834137,7490.3059005737305,7497.068345546722,7494.016587734222,-0.1430511474609375,0.0642240047454834,0.02205371856689453,-0.15020370483398438
1,1259,12.59,7500.140964984894,7490.377426147461,7497.090697288513,7493.870556354523,-0.14573335647583008,0.07152557373046875,0.022351741790771484,-0.14603137969970703
1,1260,12.6,7499.994188547134,7490.456104278564,7497.11275100708,7493.728995323181,-0.14677643775939941,0.07867813110351562,0.02205371856689453,-0.14156103134155273
1,1261,12.61,7499.844878911972,7490.541785955429,7497.135102748871,7493.591904640198,-0.14930963516235352,0.08568167686462402,0.022351741790771484,-0.13709068298339844
1,1262,12.620000000000001,7499.694377183914,7490.634769201279,7497.157603502274,7493.4592843055725,-0.15050172805786133,0.09298324584960938,0.02250075340270996,-0.13262033462524414
1,1263,12.63,7499.541789293289,7490.73401093483,7497.179955244064,7493.331134319305,-0.152587890625,0.09924173355102539,0.022351741790771484,-0.12814998626708984
1,1264,12.64,7499.388605356216,7490.84010720253,7497.202754020691,7493.208646774292,-0.1531839370727539,0.10609626770019531,0.022798776626586914,-0.12248754501342773
1,1265,12.65,7499.233037233353,7490.9524619579315,7497.225701808929,7493.090629577637,-0.15556812286376953,0.11235475540161133,0.02294778823852539,-0.11801719665527344
1,1266,12.66,7499.077469110489,7491.071373224258,7497.248351573944,7492.977976799011,-0.15556812286376953,0.1189112663269043,0.022649765014648438,-0.11265277862548828
1,1267,12.67,7498.92070889473,7491.196393966675,7497.271001338959,7492.870390415192,-0.15676021575927734,0.12502074241638184,0.022649765014648438,-0.10758638381958008
1,1268,12.68,7498.763352632523,7491.327226161957,7497.293949127197,7492.768168449402,-0.15735626220703125,0.13083219528198242,0.02294778823852539,-0.10222196578979492
1,1269,12.69,7498.605400323868,7491.464167833328,7497.316598892212,7492.671012878418,-0.15795230865478516,0.13694167137145996,0.022649765014648438,-0.09715557098388672
1,1270,12.700000000000001,7498.447448015213,7491.606324911118,7497.339844703674,7492.579817771912,-0.15795230865478516,0.14215707778930664,0.023245811462402344,-0.09119510650634766
1,1271,12.71,7498.2888996601105,7491.75488948822,7497.362643480301,7492.493391036987,-0.15854835510253906,0.14856457710266113,0.022798776626586914,-0.0864267349243164
1,1272,12.72,7498.130649328232,7491.908222436905,7497.3854422569275,7492.413222789764,-0.1582503318786621,0.15333294868469238,0.022798776626586914,-0.08016824722290039
1,1273,12.73,7497.972100973129,7492.066472768784,7497.408092021942,7492.338418960571,-0.15854835510253906,0.1582503318786621,0.022649765014648438,-0.07480382919311523
1,1274,12.74,7497.814446687698,7492.229491472244,7497.431635856628,7492.26987361908,-0.1576542854309082,0.16301870346069336,0.023543834686279297,-0.06854534149169922
1,1275,12.75,7497.6567924022675,7492.397725582123,7497.453689575195,7492.20609664917,-0.1576542854309082,0.16823410987854004,0.02205371856689453,-0.06377696990966797
1,1276,12.76,7497.500032186508,7492.569535970688,7497.47633934021,7492.150068283081,-0.15676021575927734,0.17181038856506348,0.022649765014648438,-0.05602836608886719
1,1277,12.77,7497.344464063644,7492.746263742447,7497.498840093613,7492.09851026535,-0.15556812286376953,0.1767277717590332,0.02250075340270996,-0.05155801773071289
1,1278,12.780000000000001,7497.189790010452,7492.927014827728,7497.520744800568,7492.053508758545,-0.15467405319213867,0.18075108528137207,0.021904706954956055,-0.04500150680541992
1,1279,12.790000000000001,7497.035712003708,7493.11164021492,7497.5427985191345,7492.014169692993,-0.15407800674438477,0.18462538719177246,0.02205371856689453,-0.03933906555175781
1,1280,12.8,7496.883720159531,7493.299692869186,7497.564852237701,7491.981089115143,-0.1519918441772461,0.18805265426635742,0.02205371856689453,-0.0330805778503418
1,1281,12.81,7496.733218431473,7493.491470813751,7497.5864589214325,7491.95396900177,-0.15050172805786133,0.19177794456481934,0.0216066837310791,-0.027120113372802734
1,1282,12.82,7496.583610773087,7493.686079978943,7497.608065605164,7491.932213306427,-0.14960765838623047,0.1946091651916504,0.0216066837310791,-0.021755695343017578
1,1283,12.83,7496.435791254044,7493.883818387985,7497.629523277283,7491.917908191681,-0.14781951904296875,0.1977384090423584,0.021457672119140625,-0.01430511474609375
1,1284,12.84,7496.2906539440155,7494.0840899944305,7497.650682926178,7491.908669471741,-0.14513731002807617,0.2002716064453125,0.021159648895263672,-0.009238719940185547
1,1285,12.85,7496.147304773331,7494.287043809891,7497.671842575073,7491.905689239502,-0.14334917068481445,0.20295381546020508,0.021159648895263672,-0.0029802322387695312
1,1286,12.86,7496.006041765213,7494.492381811142,7497.692257165909,7491.908669471741,-0.14126300811767578,0.2053380012512207,0.02041459083557129,0.0029802322387695312
1,1287,12.870000000000001,7495.867758989334,7494.699656963348,7497.712969779968,7491.917312145233,-0.13828277587890625,0.2072751522064209,0.020712614059448242,0.00864267349243164
1,1288,12.88,7495.730668306351,7494.908422231674,7497.733235359192,7491.933107376099,-0.13709068298339844,0.20876526832580566,0.020265579223632812,0.015795230865478516
1,1289,12.89,7495.59685587883,7495.119422674179,7497.752904891968,7491.953670978546,-0.13381242752075195,0.2110004425048828,0.019669532775878906,0.020563602447509766
1,1290,12.9,7495.466023683548,7495.331913232803,7497.772574424744,7491.980791091919,-0.13083219528198242,0.21249055862426758,0.019669532775878906,0.027120113372802734
1,1291,12.91,7495.337873697281,7495.544254779816,7497.791796922684,7492.013573646545,-0.12814998626708984,0.2123415470123291,0.019222497940063477,0.032782554626464844
1,1292,12.92,7495.212703943253,7495.758682489395,7497.810572385788,7492.052316665649,-0.1251697540283203,0.21442770957946777,0.018775463104248047,0.038743019104003906
1,1293,12.93,7495.090514421463,7495.972812175751,7497.829794883728,7492.097020149231,-0.12218952178955078,0.21412968635559082,0.019222497940063477,0.04470348358154297
1,1294,12.94,7494.97190117836,7496.188133955002,7497.8479743003845,7492.146790027618,-0.11861324310302734,0.21532177925109863,0.01817941665649414,0.04976987838745117
1,1295,12.950000000000001,7494.856268167496,7496.403306722641,7497.865557670593,7492.202818393707,-0.11563301086425781,0.21517276763916016,0.017583370208740234,0.05602836608886719
1,1296,12.96,7494.744807481766,7496.61847949028,7497.883141040802,7492.263317108154,-0.11146068572998047,0.21517276763916016,0.017583370208740234,0.060498714447021484
1,1297,12.97,7494.635730981827,7496.833354234695,7497.900426387787,7492.330372333527,-0.10907649993896484,0.2148747444152832,0.01728534698486328,0.06705522537231445
1,1298,12.98,7494.53142285347,7497.047930955887,7497.9168176651,7492.402195930481,-0.1043081283569336,0.21457672119140625,0.016391277313232422,0.0718235969543457
1,1299,12.99,7494.430094957352,7497.261315584183,7497.933506965637,7492.479383945465,-0.10132789611816406,0.21338462829589844,0.016689300537109375,0.07718801498413086
1,1300,13.0,7494.332939386368,7497.474551200867,7497.949004173279,7492.561340332031,-0.09715557098388672,0.21323561668395996,0.015497207641601562,0.08195638656616211
1,1301,13.01,7494.23936009407,7497.686296701431,7497.964650392532,7492.648959159851,-0.09357929229736328,0.2117455005645752,0.01564621925354004,0.08761882781982422
1,1302,13.02,7494.150251150131,7497.8965520858765,7497.979998588562,7492.741346359253,-0.08910894393920898,0.21025538444519043,0.015348196029663086,0.09238719940185547
1,1303,13.030000000000001,7494.064420461655,7498.105615377426,7497.994303703308,7492.837905883789,-0.0858306884765625,0.20906329154968262,0.01430511474609375,0.09655952453613281
1,1304,13.040000000000001,7493.98335814476,7498.312741518021,7498.008161783218,7492.939829826355,-0.08106231689453125,0.20712614059448242,0.01385807991027832,0.10192394256591797
1,1305,13.05,7493.906170129776,7498.517781496048,7498.021572828293,7493.045628070831,-0.07718801498413086,0.20503997802734375,0.01341104507446289,0.10579824447631836
1,1306,13.06,7493.833750486374,7498.720735311508,7498.0345368385315,7493.15619468689,-0.07241964340209961,0.20295381546020508,0.012964010238647461,0.11056661605834961
1,1307,13.07,7493.765205144882,7498.92070889473,7498.047053813934,7493.270933628082,-0.06854534149169922,0.19997358322143555,0.012516975402832031,0.11473894119262695
1,1308,13.08,7493.700832128525,7499.118596315384,7498.058974742889,7493.389844894409,-0.06437301635742188,0.19788742065429688,0.011920928955078125,0.1189112663269043
1,1309,13.09,7493.6409294605255,7499.313801527023,7498.070597648621,7493.512332439423,-0.05990266799926758,0.1952052116394043,0.011622905731201172,0.12248754501342773
1,1310,13.1,7493.585497140884,7499.506026506424,7498.081028461456,7493.63899230957,-0.05543231964111328,0.19222497940063477,0.01043081283569336,0.12665987014770508
1,1311,13.11,7493.534833192825,7499.694973230362,7498.091161251068,7493.769526481628,-0.05066394805908203,0.18894672393798828,0.010132789611816406,0.13053417205810547
1,1312,13.120000000000001,7493.4883415699005,7499.880343675613,7498.100697994232,7493.9024448394775,-0.04649162292480469,0.18537044525146484,0.0095367431640625,0.1329183578491211
1,1313,13.13,7493.446618318558,7500.062584877014,7498.109489679337,7494.038939476013,-0.04172325134277344,0.18224120140075684,0.008791685104370117,0.13649463653564453
1,1314,13.14,7493.409365415573,7500.24139881134,7498.117387294769,7494.1787123680115,-0.03725290298461914,0.17881393432617188,0.007897615432739258,0.13977289199829102
1,1315,13.15,7493.3768808841705,7500.416040420532,7498.124837875366,7494.3214654922485,-0.03248453140258789,0.17464160919189453,0.007450580596923828,0.14275312423706055
1,1316,13.16,7493.348866701126,7500.58650970459,7498.131990432739,7494.4669008255005,-0.028014183044433594,0.1704692840576172,0.007152557373046875,0.14543533325195312
1,1317,13.17,7493.325024843216,7500.753104686737,7498.138099908829,7494.615316390991,-0.02384185791015625,0.1665949821472168,0.006109476089477539,0.14841556549072266
1,1318,13.18,7493.305951356888,7500.91552734375,7498.143911361694,7494.765222072601,-0.019073486328125,0.16242265701293945,0.005811452865600586,0.14990568161010742
1,1319,13.19,7493.2922422885895,7501.072883605957,7498.1483817100525,7494.917511940002,-0.013709068298339844,0.15735626220703125,0.004470348358154297,0.15228986740112305
1,1320,13.200000000000001,7493.282109498978,7501.22606754303,7498.152852058411,7495.072185993195,-0.010132789611816406,0.1531839370727539,0.004470348358154297,0.15467405319213867
1,1321,13.21,7493.276447057724,7501.3744831085205,7498.156130313873,7495.228350162506,-0.005662441253662109,0.14841556549072266,0.0032782554626464844,0.15616416931152344
1,1322,13.22,7493.2761490345,7501.518130302429,7498.158812522888,7495.386600494385,-0.0002980232238769531,0.1436471939086914,0.002682209014892578,0.1582503318786621
1,1323,13.23,7493.279725313187,7501.657009124756,7498.160898685455,7495.545744895935,0.0035762786865234375,0.13887882232666016,0.002086162567138672,0.15914440155029297
1,1324,13.24,7493.287473917007,7501.789927482605,7498.162388801575,7495.706677436829,0.007748603820800781,0.1329183578491211,0.0014901161193847656,0.1609325408935547
1,1325,13.25,7493.300288915634,7501.918375492096,7498.1629848480225,7495.868504047394,0.012814998626708984,0.1284480094909668,0.0005960464477539062,0.16182661056518555
1,1326,13.26,7493.317574262619,7502.041459083557,7498.162090778351,7496.030926704407,0.01728534698486328,0.12308359146118164,-0.0008940696716308594,0.16242265701293945
1,1327,13.27,7493.339031934738,7502.158880233765,7498.161494731903,7496.193647384644,0.021457672119140625,0.11742115020751953,-0.0005960464477539062,0.1627206802368164
1,1328,13.280000000000001,7493.364959955215,7502.270340919495,7498.160004615784,7496.357560157776,0.025928020477294922,0.11146068572998047,-0.0014901161193847656,0.16391277313232422
1,1329,13.290000000000001,7493.395060300827,7502.377033233643,7498.157322406769,7496.521770954132,0.030100345611572266,0.10669231414794922,-0.002682209014892578,0.16421079635620117
1,1330,13.3,7493.429332971573,7502.477765083313,7498.154044151306,7496.685981750488,0.03427267074584961,0.10073184967041016,-0.0032782554626464844,0.16421079635620117
1,1331,13.31,7493.467479944229,7502.572536468506,7498.15046787262,7496.849894523621,0.03814697265625,0.0947713851928711,-0.0035762786865234375,0.16391277313232422
1,1332,13.32,7493.5100972652435,7502.661347389221,7498.145699501038,7497.013807296753,0.0426173210144043,0.08881092071533203,-0.00476837158203125,0.16391277313232422
1,1333,13.33,7493.5562908649445,7502.744793891907,7498.140037059784,7497.176826000214,0.046193599700927734,0.08344650268554688,-0.005662441253662109,0.16301870346069336
1,1334,13.34,7493.6069548130035,7502.821683883667,7498.134225606918,7497.339844703674,0.05066394805908203,0.0768899917602539,-0.005811452865600586,0.16301870346069336
1,1335,13.35,7493.660598993301,7502.893507480621,7498.127073049545,7497.5016713142395,0.05364418029785156,0.0718235969543457,-0.007152557373046875,0.16182661056518555
1,1336,13.36,7493.719309568405,7502.958178520203,7498.119473457336,7497.662305831909,0.058710575103759766,0.06467103958129883,-0.007599592208862305,0.16063451766967773
1,1337,13.370000000000001,7493.780702352524,7503.01718711853,7498.111426830292,7497.822642326355,0.061392784118652344,0.05900859832763672,-0.008046627044677734,0.16033649444580078
1,1338,13.38,7493.846267461777,7503.07023525238,7498.102486133575,7497.98059463501,0.06556510925292969,0.053048133850097656,-0.008940696716308594,0.15795230865478516
1,1339,13.39,7493.914812803268,7503.116726875305,7498.0926513671875,7498.137652873993,0.06854534149169922,0.04649162292480469,-0.009834766387939453,0.1570582389831543
1,1340,13.4,7493.9872324466705,7503.1578540802,7498.082220554352,7498.292326927185,0.07241964340209961,0.04112720489501953,-0.01043081283569336,0.15467405319213867
1,1341,13.41,7494.062930345535,7503.192126750946,7498.071044683456,7498.445808887482,0.0756978988647461,0.03427267074584961,-0.011175870895385742,0.15348196029663086
1,1342,13.42,7494.141608476639,7503.220438957214,7498.059272766113,7498.597502708435,0.07867813110351562,0.028312206268310547,-0.011771917343139648,0.15169382095336914
1,1343,13.43,7494.223266839981,7503.242492675781,7498.046904802322,7498.7465143203735,0.08165836334228516,0.02205371856689453,-0.012367963790893555,0.14901161193847656
1,1344,13.44,7494.308203458786,7503.257989883423,7498.03438782692,7498.893141746521,0.08493661880493164,0.015497207641601562,-0.012516975402832031,0.14662742614746094
1,1345,13.450000000000001,7494.39612030983,7503.268122673035,7498.020529747009,7499.037981033325,0.08791685104370117,0.010132789611816406,-0.01385807991027832,0.14483928680419922
1,1346,13.46,7494.486719369888,7503.272294998169,7498.006224632263,7499.179840087891,0.09059906005859375,0.004172325134277344,-0.01430511474609375,0.1418590545654297
1,1347,13.47,7494.580298662186,7503.26931476593,7497.991323471069,7499.318718910217,0.09357929229736328,-0.0029802322387695312,-0.014901161193847656,0.13887882232666016
1,1348,13.48,7494.67596411705,7503.260970115662,7497.976124286652,7499.455213546753,0.09566545486450195,-0.008344650268554688,-0.01519918441772461,0.13649463653564453
1,1349,13.49,7494.774609804153,7503.246068954468,7497.959733009338,7499.587833881378,0.09864568710327148,-0.014901161193847656,-0.016391277313232422,0.13262033462524414
1,1350,13.5,7494.8750436306,7503.225207328796,7497.943639755249,7499.71866607666,0.1004338264465332,-0.02086162567138672,-0.01609325408935547,0.13083219528198242
1,1351,13.51,7494.9778616428375,7503.198981285095,7497.926503419876,7499.84472990036,0.10281801223754883,-0.026226043701171875,-0.017136335372924805,0.12606382369995117
1,1352,13.52,7495.082765817642,7503.165602684021,7497.909218072891,7499.968707561493,0.1049041748046875,-0.03337860107421875,-0.01728534698486328,0.1239776611328125
1,1353,13.530000000000001,7495.190054178238,7503.1280517578125,7497.891038656235,7500.088214874268,0.10728836059570312,-0.037550926208496094,-0.01817941665649414,0.1195073127746582
1,1354,13.540000000000001,7495.298534631729,7503.083944320679,7497.872710227966,7500.2047419548035,0.10848045349121094,-0.04410743713378906,-0.018328428268432617,0.11652708053588867
1,1355,13.55,7495.4091012477875,7503.034174442291,7497.854232788086,7500.317692756653,0.11056661605834961,-0.04976987838745117,-0.018477439880371094,0.11295080184936523
1,1356,13.56,7495.521157979965,7502.978444099426,7497.835159301758,7500.427067279816,0.11205673217773438,-0.055730342864990234,-0.019073486328125,0.1093745231628418
1,1357,13.57,7495.634108781815,7502.917647361755,7497.815489768982,7500.5316734313965,0.11295080184936523,-0.06079673767089844,-0.019669532775878906,0.10460615158081055
1,1358,13.58,7495.749443769455,7502.850890159607,7497.795522212982,7500.633001327515,0.11533498764038086,-0.0667572021484375,-0.01996755599975586,0.10132789611816406
1,1359,13.59,7495.865374803543,7502.7793645858765,7497.775554656982,7500.729560852051,0.11593103408813477,-0.07152557373046875,-0.01996755599975586,0.09655952453613281
1,1360,13.6,7495.982795953751,7502.7018785476685,7497.755289077759,7500.8225440979,0.11742115020751953,-0.07748603820800781,-0.020265579223632812,0.09298324584960938
1,1361,13.61,7496.100813150406,7502.620220184326,7497.734725475311,7500.911355018616,0.11801719665527344,-0.08165836334228516,-0.020563602447509766,0.08881092071533203
1,1362,13.620000000000001,7496.219128370285,7502.532601356506,7497.71386384964,7500.996291637421,0.11831521987915039,-0.08761882781982422,-0.02086162567138672,0.08493661880493164
1,1363,13.63,7496.338933706284,7502.440810203552,7497.692406177521,7501.075863838196,0.11980533599853516,-0.09179115295410156,-0.021457672119140625,0.07957220077514648
1,1364,13.64,7496.458441019058,7502.343654632568,7497.671842575073,7501.151859760284,0.1195073127746582,-0.09715557098388672,-0.020563602447509766,0.07599592208862305
1,1365,13.65,7496.5788424015045,7502.24232673645,7497.649937868118,7501.223683357239,0.12040138244628906,-0.10132789611816406,-0.021904706954956055,0.0718235969543457
1,1366,13.66,7496.699541807175,7502.135634422302,7497.628629207611,7501.291036605835,0.12069940567016602,-0.10669231414794922,-0.02130866050720215,0.0673532485961914
1,1367,13.67,7496.820837259293,7502.025365829468,7497.607171535492,7501.353323459625,0.12129545211791992,-0.11026859283447266,-0.021457672119140625,0.0622868537902832
1,1368,13.68,7496.941834688187,7501.910328865051,7497.585713863373,7501.411437988281,0.12099742889404297,-0.1150369644165039,-0.021457672119140625,0.05811452865600586
1,1369,13.69,7497.061938047409,7501.791715621948,7497.564256191254,7501.464784145355,0.12010335922241211,-0.11861324310302734,-0.021457672119140625,0.05334615707397461
1,1370,13.700000000000001,7497.182637453079,7501.668334007263,7497.542351484299,7501.513361930847,0.12069940567016602,-0.1233816146850586,-0.021904706954956055,0.04857778549194336
1,1371,13.71,7497.302442789078,7501.541376113892,7497.5210428237915,7501.558065414429,0.11980533599853516,-0.12695789337158203,-0.02130866050720215,0.04470348358154297
1,1372,13.72,7497.422248125076,7501.4108419418335,7497.499585151672,7501.598000526428,0.11980533599853516,-0.13053417205810547,-0.021457672119140625,0.03993511199951172
1,1373,13.73,7497.541159391403,7501.277327537537,7497.478127479553,7501.632869243622,0.1189112663269043,-0.133514404296875,-0.021457672119140625,0.034868717193603516
1,1374,13.74,7497.659474611282,7501.1396408081055,7497.456669807434,7501.663267612457,0.11831521987915039,-0.13768672943115234,-0.021457672119140625,0.03039836883544922
1,1375,13.75,7497.776597738266,7500.998973846436,7497.435510158539,7501.689195632935,0.11712312698364258,-0.14066696166992188,-0.021159648895263672,0.025928020477294922
1,1376,13.76,7497.893124818802,7500.855028629303,7497.414648532867,7501.710057258606,0.11652708053588867,-0.14394521713256836,-0.02086162567138672,0.02086162567138672
1,1377,13.77,7498.008161783218,7500.708699226379,7497.393786907196,7501.727342605591,0.1150369644165039,-0.14632940292358398,-0.02086162567138672,0.01728534698486328
1,1378,13.780000000000001,7498.122304677963,7500.559687614441,7497.3732233047485,7501.738965511322,0.11414289474487305,-0.14901161193847656,-0.020563602447509766,0.011622905731201172
1,1379,13.790000000000001,7498.234659433365,7500.407099723816,7497.353255748749,7501.747310161591,0.11235475540161133,-0.152587890625,-0.01996755599975586,0.008344650268554688
1,1380,13.8,7498.345822095871,7500.253319740295,7497.333288192749,7501.7499923706055,0.11116266250610352,-0.1537799835205078,-0.01996755599975586,0.002682209014892578
1,1381,13.81,7498.455196619034,7500.096559524536,7497.314065694809,7501.749098300934,0.1093745231628418,-0.15676021575927734,-0.019222497940063477,-0.0008940696716308594
1,1382,13.82,7498.563379049301,7499.938011169434,7497.294247150421,7501.742839813232,0.10818243026733398,-0.15854835510253906,-0.019818544387817383,-0.006258487701416016
1,1383,13.83,7498.669475317001,7499.777674674988,7497.275471687317,7501.732707023621,0.10609626770019531,-0.16033649444580078,-0.018775463104248047,-0.010132789611816406
1,1384,13.84,7498.774081468582,7499.615848064423,7497.2569942474365,7501.7184019088745,0.10460615158081055,-0.16182661056518555,-0.018477439880371094,-0.01430511474609375
1,1385,13.85,7498.876005411148,7499.452084302902,7497.23881483078,7501.699328422546,0.10192394256591797,-0.16376376152038574,-0.01817941665649414,-0.019073486328125
1,1386,13.86,7498.976439237595,7499.287277460098,7497.220933437347,7501.676380634308,0.1004338264465332,-0.16480684280395508,-0.017881393432617188,-0.02294778823852539
1,1387,13.870000000000001,7499.07448887825,7499.121278524399,7497.203499078751,7501.648664474487,0.09804964065551758,-0.1659989356994629,-0.017434358596801758,-0.02771615982055664
1,1388,13.88,7499.169856309891,7498.954683542252,7497.186660766602,7501.6167759895325,0.095367431640625,-0.1665949821472168,-0.01683831214904785,-0.031888484954833984
1,1389,13.89,7499.263435602188,7498.786896467209,7497.170269489288,7501.581907272339,0.09357929229736328,-0.1677870750427246,-0.016391277313232422,-0.034868717193603516
1,1390,13.9,7499.3546307086945,7498.618811368942,7497.154325246811,7501.541972160339,0.09119510650634766,-0.16808509826660156,-0.015944242477416992,-0.03993511199951172
1,1391,13.91,7499.442845582962,7498.450428247452,7497.138977050781,7501.498162746429,0.08821487426757812,-0.16838312149047852,-0.015348196029663086,-0.04380941390991211
1,1392,13.92,7499.528676271439,7498.281449079514,7497.124373912811,7501.451075077057,0.0858306884765625,-0.16897916793823242,-0.014603137969970703,-0.047087669372558594
1,1393,13.93,7499.611526727676,7498.112469911575,7497.109621763229,7501.399219036102,0.08285045623779297,-0.16897916793823242,-0.01475214958190918,-0.051856040954589844
1,1394,13.94,7499.691992998123,7497.943937778473,7497.096359729767,7501.344680786133,0.08046627044677734,-0.168532133102417,-0.013262033462524414,-0.05453824996948242
1,1395,13.950000000000001,7499.769777059555,7497.775852680206,7497.082948684692,7501.285672187805,0.07778406143188477,-0.16808509826660156,-0.01341104507446289,-0.05900859832763672
1,1396,13.96,7499.844282865524,7497.608065605164,7497.07043170929,7501.223385334015,0.07450580596923828,-0.1677870750427246,-0.012516975402832031,-0.0622868537902832
1,1397,13.97,7499.916106462479,7497.4410235881805,7497.058212757111,7501.157224178314,0.0718235969543457,-0.16704201698303223,-0.012218952178955078,-0.0661611557006836
1,1398,13.98,7499.985247850418,7497.274726629257,7497.0464408397675,7501.087784767151,0.06914138793945312,-0.16629695892333984,-0.011771917343139648,-0.06943941116333008
1,1399,13.99,7500.050663948059,7497.109174728394,7497.03586101532,7501.015663146973,0.06541609764099121,-0.16555190086364746,-0.010579824447631836,-0.07212162017822266
1,1400,14.0,7500.113248825073,7496.945559978485,7497.025579214096,7500.939965248108,0.06258487701416016,-0.16361474990844727,-0.010281801223754883,-0.0756978988647461
1,1401,14.01,7500.172555446625,7496.783137321472,7497.015744447708,7500.8609890937805,0.05930662155151367,-0.16242265701293945,-0.009834766387939453,-0.07897615432739258
1,1402,14.02,7500.229179859161,7496.622204780579,7497.00665473938,7500.7787346839905,0.056624412536621094,-0.1609325408935547,-0.00908970832824707,-0.08225440979003906
1,1403,14.030000000000001,7500.281631946564,7496.463060379028,7496.998608112335,7500.694394111633,0.05245208740234375,-0.15914440155029297,-0.008046627044677734,-0.08434057235717773
1,1404,14.040000000000001,7500.331699848175,7496.305406093597,7496.990859508514,7500.6067752838135,0.050067901611328125,-0.1576542854309082,-0.007748603820800781,-0.08761882781982422
1,1405,14.05,7500.3781914711,7496.149837970734,7496.983557939529,7500.516772270203,0.04649162292480469,-0.15556812286376953,-0.0073015689849853516,-0.09000301361083984
1,1406,14.06,7500.421106815338,7495.997101068497,7496.97670340538,7500.423192977905,0.04291534423828125,-0.15273690223693848,-0.006854534149169922,-0.09357929229736328
1,1407,14.07,7500.460743904114,7495.845705270767,7496.970593929291,7500.328421592712,0.039637088775634766,-0.1513957977294922,-0.006109476089477539,-0.0947713851928711
1,1408,14.08,7500.497102737427,7495.697438716888,7496.965229511261,7500.230669975281,0.03635883331298828,-0.14826655387878418,-0.005364418029785156,-0.09775161743164062
1,1409,14.09,7500.529885292053,7495.552152395248,7496.960163116455,7500.12993812561,0.032782554626464844,-0.14528632164001465,-0.005066394805908203,-0.10073184967041016
1,1410,14.1,7500.559091567993,7495.408803224564,7496.956586837769,7500.028312206268,0.029206275939941406,-0.14334917068481445,-0.0035762786865234375,-0.10162591934204102
1,1411,14.11,7500.585317611694,7495.269477367401,7496.952414512634,7499.9237060546875,0.026226043701171875,-0.13932585716247559,-0.004172325134277344,-0.10460615158081055
1,1412,14.120000000000001,7500.607669353485,7495.132386684418,7496.949732303619,7499.818205833435,0.022351741790771484,-0.13709068298339844,-0.002682209014892578,-0.1055002212524414
1,1413,14.13,7500.627040863037,7494.998723268509,7496.947348117828,7499.709725379944,0.019371509552001953,-0.13366341590881348,-0.002384185791015625,-0.10848045349121094
1,1414,14.14,7500.642538070679,7494.868189096451,7496.945858001709,7499.600052833557,0.015497207641601562,-0.13053417205810547,-0.0014901161193847656,-0.10967254638671875
1,1415,14.15,7500.654458999634,7494.741678237915,7496.94436788559,7499.488592147827,0.011920928955078125,-0.1265108585357666,-0.0014901161193847656,-0.11146068572998047
1,1416,14.16,7500.66339969635,7494.617700576782,7496.94362282753,7499.375939369202,0.008940696716308594,-0.1239776611328125,-0.0007450580596923828,-0.11265277862548828
1,1417,14.17,7500.66876411438,7494.4983422756195,7496.943175792694,7499.261796474457,0.005364418029785156,-0.11935830116271973,-0.0004470348358154297,-0.11414289474487305
1,1418,14.18,7500.670552253723,7494.382709264755,7496.944069862366,7499.146461486816,0.0017881393432617188,-0.11563301086425781,0.0008940696716308594,-0.11533498764038086
1,1419,14.19,7500.6696581840515,7494.270801544189,7496.945261955261,7499.0299344062805,-0.0008940696716308594,-0.1119077205657959,0.0011920928955078125,-0.11652708053588867
1,1420,14.200000000000001,7500.664591789246,7494.163364171982,7496.946752071381,7498.912513256073,-0.005066394805908203,-0.1074373722076416,0.0014901161193847656,-0.11742115020751953
1,1421,14.21,7500.656247138977,7494.059354066849,7496.948838233948,7498.794496059418,-0.008344650268554688,-0.10401010513305664,0.002086162567138672,-0.11801719665527344
1,1422,14.22,7500.64492225647,7493.95951628685,7496.951520442963,7498.675286769867,-0.011324882507324219,-0.0998377799987793,0.002682209014892578,-0.11920928955078125
1,1423,14.23,7500.630021095276,7493.864148855209,7496.954500675201,7498.556077480316,-0.014901161193847656,-0.095367431640625,0.0029802322387695312,-0.11920928955078125
1,1424,14.24,7500.6115436553955,7493.772953748703,7496.958523988724,7498.435974121094,-0.018477439880371094,-0.09119510650634766,0.004023313522338867,-0.12010335922241211
1,1425,14.25,7500.590682029724,7493.686228990555,7496.962547302246,7498.3149766922,-0.02086162567138672,-0.08672475814819336,0.004023313522338867,-0.12099742889404297
1,1426,14.26,7500.565946102142,7493.6047196388245,7496.967315673828,7498.193979263306,-0.02473592758178711,-0.08150935173034668,0.00476837158203125,-0.12099742889404297
1,1427,14.27,7500.538229942322,7493.527680635452,7496.97208404541,7498.072981834412,-0.02771615982055664,-0.07703900337219238,0.00476837158203125,-0.12099742889404297
1,1428,14.280000000000001,7500.507533550262,7493.454068899155,7496.977597475052,7497.9522824287415,-0.030696392059326172,-0.07361173629760742,0.005513429641723633,-0.12069940567016602
1,1429,14.290000000000001,7500.473856925964,7493.386268615723,7496.9832599163055,7497.831284999847,-0.0336766242980957,-0.06780028343200684,0.005662441253662109,-0.12099742889404297
1,1430,14.3,7500.436902046204,7493.322789669037,7496.990114450455,7497.711181640625,-0.03695487976074219,-0.06347894668579102,0.006854534149169922,-0.12010335922241211
1,1431,14.31,7500.397264957428,7493.264079093933,7496.996819972992,7497.590184211731,-0.039637088775634766,-0.058710575103759766,0.006705522537231445,-0.12099742889404297
1,1432,14.32,7500.354647636414,7493.209987878799,7497.004270553589,7497.470676898956,-0.0426173210144043,-0.05409121513366699,0.007450580596923828,-0.1195073127746582
1,1433,14.33,7500.309348106384,7493.160963058472,7497.011870145798,7497.351169586182,-0.045299530029296875,-0.04902482032775879,0.007599592208862305,-0.1195073127746582
1,1434,14.34,7500.261068344116,7493.11700463295,7497.0197677612305,7497.2328543663025,-0.048279762268066406,-0.043958425521850586,0.007897615432739258,-0.11831521987915039
1,1435,14.35,7500.210404396057,7493.077367544174,7497.028112411499,7497.115433216095,-0.05066394805908203,-0.039637088775634766,0.008344650268554688,-0.11742115020751953
1,1436,14.36,7500.156760215759,7493.042945861816,7497.0366060733795,7496.998310089111,-0.05364418029785156,-0.034421682357788086,0.008493661880493164,-0.11712312698364258
1,1437,14.370000000000001,7500.10073184967,7493.0135905742645,7497.045695781708,7496.882081031799,-0.05602836608886719,-0.029355287551879883,0.00908970832824707,-0.11622905731201172
1,1438,14.38,7500.0423192977905,7492.988556623459,7497.054934501648,7496.767640113831,-0.05841255187988281,-0.025033950805664062,0.009238719940185547,-0.11444091796875
1,1439,14.39,7499.981969594955,7492.969334125519,7497.064620256424,7496.65379524231,-0.06034970283508301,-0.019222497940063477,0.009685754776000977,-0.1138448715209961
1,1440,14.4,7499.91849064827,7492.954581975937,7497.0743060112,7496.542036533356,-0.06347894668579102,-0.01475214958190918,0.009685754776000977,-0.11175870895385742
1,1441,14.41,7499.8535215854645,7492.944598197937,7497.084438800812,7496.431469917297,-0.06496906280517578,-0.00998377799987793,0.010132789611816406,-0.11056661605834961
1,1442,14.42,7499.785274267197,7492.939978837967,7497.095018625259,7496.322691440582,-0.06824731826782227,-0.0046193599700927734,0.010579824447631836,-0.10877847671508789
1,1443,14.43,7499.716132879257,7492.939829826355,7497.105896472931,7496.214807033539,-0.06914138793945312,-0.00014901161193847656,0.010877847671508789,-0.10788440704345703
1,1444,14.44,7499.644309282303,7492.944002151489,7497.1166253089905,7496.10960483551,-0.0718235969543457,0.004172325134277344,0.010728836059570312,-0.10520219802856445
1,1445,14.450000000000001,7499.570697546005,7492.953687906265,7497.12735414505,7496.005892753601,-0.07361173629760742,0.009685754776000977,0.010728836059570312,-0.10371208190917969
1,1446,14.46,7499.495297670364,7492.9676949977875,7497.138828039169,7495.904564857483,-0.07539987564086914,0.014007091522216797,0.011473894119262695,-0.10132789611816406
1,1447,14.47,7499.41810965538,7492.9870665073395,7497.150599956512,7495.804727077484,-0.07718801498413086,0.019371509552001953,0.011771917343139648,-0.0998377799987793
1,1448,14.48,7499.3400275707245,7493.01016330719,7497.162222862244,7495.7069754600525,-0.07808208465576172,0.023096799850463867,0.011622905731201172,-0.09775161743164062
1,1449,14.49,7499.259561300278,7493.038773536682,7497.173547744751,7495.611906051636,-0.08046627044677734,0.0286102294921875,0.011324882507324219,-0.09506940841674805
1,1450,14.5,7499.177604913712,7493.071109056473,7497.18576669693,7495.518922805786,-0.08195638656616211,0.032335519790649414,0.012218952178955078,-0.09298324584960938
1,1451,14.51,7499.09445643425,7493.108659982681,7497.198283672333,7495.428621768951,-0.08314847946166992,0.037550926208496094,0.012516975402832031,-0.0903010368347168
1,1452,14.52,7499.010115861893,7493.150383234024,7497.210204601288,7495.340704917908,-0.08434057235717773,0.04172325134277344,0.011920928955078125,-0.08791685104370117
1,1453,14.530000000000001,7498.924881219864,7493.195980787277,7497.222721576691,7495.255470275879,-0.0852346420288086,0.04559755325317383,0.012516975402832031,-0.0852346420288086
1,1454,14.540000000000001,7498.837858438492,7493.246048688889,7497.235536575317,7495.172917842865,-0.08702278137207031,0.050067901611328125,0.012814998626708984,-0.08255243301391602
1,1455,14.55,7498.75083565712,7493.300884962082,7497.247606515884,7495.092749595642,-0.08702278137207031,0.054836273193359375,0.012069940567016602,-0.08016824722290039
1,1456,14.56,7498.6617267131805,7493.359744548798,7497.260421514511,7495.015859603882,-0.08910894393920898,0.05885958671569824,0.012814998626708984,-0.0768899917602539
1,1457,14.57,7498.572617769241,7493.421882390976,7497.273087501526,7494.94194984436,-0.08910894393920898,0.06213784217834473,0.012665987014770508,-0.07390975952148438
1,1458,14.58,7498.482316732407,7493.488192558289,7497.2864985466,7494.871020317078,-0.0903010368347168,0.06631016731262207,0.01341104507446289,-0.07092952728271484
1,1459,14.59,7498.392015695572,7493.5586750507355,7497.299313545227,7494.80277299881,-0.0903010368347168,0.07048249244689941,0.012814998626708984,-0.06824731826782227
1,1460,14.6,7498.300820589066,7493.632584810257,7497.31183052063,7494.7381019592285,-0.09119510650634766,0.07390975952148438,0.012516975402832031,-0.06467103958129883
1,1461,14.61,7498.209625482559,7493.710666894913,7497.324645519257,7494.675517082214,-0.09119510650634766,0.07808208465576172,0.012814998626708984,-0.06258487701416016
1,1462,14.620000000000001,7498.117834329605,7493.791878223419,7497.338056564331,7494.616508483887,-0.09179115295410156,0.08121132850646973,0.01341104507446289,-0.05900859832763672
1,1463,14.63,7498.025745153427,7493.876367807388,7497.351318597794,7494.561672210693,-0.09208917617797852,0.08448958396911621,0.013262033462524414,-0.054836273193359375
1,1464,14.64,7497.933655977249,7493.964582681656,7497.364282608032,7494.509220123291,-0.09208917617797852,0.08821487426757812,0.012964010238647461,-0.05245208740234375
1,1465,14.65,7497.841864824295,7494.055926799774,7497.377246618271,7494.460344314575,-0.09179115295410156,0.09134411811828613,0.012964010238647461,-0.04887580871582031
1,1466,14.66,7497.750073671341,7494.149804115295,7497.390061616898,7494.415044784546,-0.09179115295410156,0.09387731552124023,0.012814998626708984,-0.045299530029296875
1,1467,14.67,7497.658282518387,7494.247108697891,7497.403174638748,7494.373023509979,-0.09179115295410156,0.0973045825958252,0.013113021850585938,-0.04202127456665039
1,1468,14.68,7497.566789388657,7494.347244501114,7497.415542602539,7494.333982467651,-0.09149312973022461,0.10013580322265625,0.012367963790893555,-0.03904104232788086
1,1469,14.69,7497.47559428215,7494.450360536575,7497.428804636002,7494.298815727234,-0.09119510650634766,0.10311603546142578,0.013262033462524414,-0.03516674041748047
1,1470,14.700000000000001,7497.385293245316,7494.555711746216,7497.441470623016,7494.267225265503,-0.0903010368347168,0.10535120964050293,0.012665987014770508,-0.03159046173095703
1,1471,14.71,7497.295290231705,7494.663596153259,7497.454285621643,7494.2392110824585,-0.09000301361083984,0.10788440704345703,0.012814998626708984,-0.028014183044433594
1,1472,14.72,7497.205585241318,7494.774013757706,7497.466802597046,7494.214177131653,-0.08970499038696289,0.11041760444641113,0.012516975402832031,-0.025033950805664062
1,1473,14.73,7497.11737036705,7494.886219501495,7497.479021549225,7494.193315505981,-0.08821487426757812,0.11220574378967285,0.012218952178955078,-0.02086162567138672
1,1474,14.74,7497.0294535160065,7495.0011074543,7497.491836547852,7494.175434112549,-0.08791685104370117,0.11488795280456543,0.012814998626708984,-0.017881393432617188
1,1475,14.75,7496.942430734634,7495.117783546448,7497.503906488419,7494.161128997803,-0.08702278137207031,0.11667609214782715,0.012069940567016602,-0.01430511474609375
1,1476,14.76,7496.856898069382,7495.235353708267,7497.5162744522095,7494.150996208191,-0.08553266525268555,0.11757016181945801,0.012367963790893555,-0.010132789611816406
1,1477,14.77,7496.772259473801,7495.356053113937,7497.528195381165,7494.143843650818,-0.08463859558105469,0.12069940567016602,0.011920928955078125,-0.007152557373046875
1,1478,14.780000000000001,7496.688514947891,7495.477050542831,7497.54011631012,7494.140863418579,-0.08374452590942383,0.12099742889404297,0.011920928955078125,-0.0029802322387695312
1,1479,14.790000000000001,7496.606260538101,7495.6002831459045,7497.551739215851,7494.141161441803,-0.08225440979003906,0.12323260307312012,0.011622905731201172,0.0002980232238769531
1,1480,14.8,7496.525794267654,7495.724111795425,7497.563362121582,7494.144439697266,-0.08046627044677734,0.12382864952087402,0.011622905731201172,0.0032782554626464844
1,1481,14.81,7496.445924043655,7495.849281549454,7497.575283050537,7494.151890277863,-0.07987022399902344,0.1251697540283203,0.011920928955078125,0.007450580596923828
1,1482,14.82,7496.367841959,7495.975345373154,7497.58705496788,7494.162917137146,-0.07808208465576172,0.12606382369995117,0.011771917343139648,0.011026859283447266
1,1483,14.83,7496.291548013687,7496.102452278137,7497.597932815552,7494.177222251892,-0.0762939453125,0.1271069049835205,0.010877847671508789,0.01430511474609375
1,1484,14.84,7496.21644616127,7496.230453252792,7497.609108686447,7494.194507598877,-0.07510185241699219,0.12800097465515137,0.011175870895385742,0.01728534698486328
1,1485,14.85,7496.143132448196,7496.358305215836,7497.619986534119,7494.215667247772,-0.07331371307373047,0.1278519630432129,0.010877847671508789,0.021159648895263672
1,1486,14.86,7496.072202920914,7496.487349271774,7497.630715370178,7494.239807128906,-0.07092952728271484,0.1290440559387207,0.010728836059570312,0.024139881134033203
1,1487,14.870000000000001,7496.0024654865265,7496.616393327713,7497.64084815979,7494.267225265503,-0.06973743438720703,0.1290440559387207,0.010132789611816406,0.027418136596679688
1,1488,14.88,7495.934814214706,7496.745437383652,7497.65157699585,7494.29851770401,-0.06765127182006836,0.1290440559387207,0.010728836059570312,0.03129243850708008
1,1489,14.89,7495.869547128677,7496.874034404755,7497.66081571579,7494.332492351532,-0.06526708602905273,0.12859702110290527,0.009238719940185547,0.033974647521972656
1,1490,14.9,7495.805770158768,7497.002929449081,7497.6712465286255,7494.370341300964,-0.06377696990966797,0.12889504432678223,0.01043081283569336,0.03784894943237305
1,1491,14.91,7495.744079351425,7497.132271528244,7497.680187225342,7494.410276412964,-0.0616908073425293,0.12934207916259766,0.008940696716308594,0.03993511199951172
1,1492,14.92,7495.684772729874,7497.260421514511,7497.689723968506,7494.45378780365,-0.05930662155151367,0.12814998626708984,0.0095367431640625,0.043511390686035156
1,1493,14.93,7495.6269562244415,7497.388273477554,7497.698664665222,7494.500279426575,-0.057816505432128906,0.1278519630432129,0.008940696716308594,0.04649162292480469
1,1494,14.94,7495.572715997696,7497.514933347702,7497.707307338715,7494.550347328186,-0.05424022674560547,0.12665987014770508,0.00864267349243164,0.050067901611328125
1,1495,14.950000000000001,7495.519667863846,7497.641146183014,7497.715801000595,7494.602203369141,-0.053048133850097656,0.12621283531188965,0.008493661880493164,0.051856040954589844
1,1496,14.96,7495.469003915787,7497.76691198349,7497.723996639252,7494.657039642334,-0.05066394805908203,0.12576580047607422,0.008195638656616211,0.054836273193359375
1,1497,14.97,7495.421022176743,7497.890740633011,7497.732192277908,7494.71515417099,-0.04798173904418945,0.12382864952087402,0.008195638656616211,0.05811452865600586
1,1498,14.98,7495.375424623489,7498.014122247696,7497.739493846893,7494.775652885437,-0.04559755325317383,0.1233816146850586,0.0073015689849853516,0.060498714447021484
1,1499,14.99,7495.331913232803,7498.135417699814,7497.74694442749,7494.838833808899,-0.043511390686035156,0.12129545211791992,0.007450580596923828,0.06318092346191406
1,1500,15.0,7495.291382074356,7498.25581908226,7497.753798961639,7494.904398918152,-0.040531158447265625,0.12040138244628906,0.006854534149169922,0.06556510925292969
1,1501,15.01,7495.2532351017,7498.374432325363,7497.7608025074005,7494.972348213196,-0.03814697265625,0.11861324310302734,0.0070035457611083984,0.06794929504394531
1,1502,15.02,7495.217174291611,7498.491853475571,7497.76691198349,7495.042681694031,-0.03606081008911133,0.11742115020751953,0.006109476089477539,0.07033348083496094
1,1503,15.030000000000001,7495.18409371376,7498.607337474823,7497.7730214595795,7495.115101337433,-0.0330805778503418,0.11548399925231934,0.006109476089477539,0.07241964340209961
1,1504,15.040000000000001,7495.153397321701,7498.720735311508,7497.778236865997,7495.189905166626,-0.030696392059326172,0.11339783668518066,0.00521540641784668,0.07480382919311523
1,1505,15.05,7495.125383138657,7498.832494020462,7497.783899307251,7495.2661991119385,-0.028014183044433594,0.11175870895385742,0.005662441253662109,0.0762939453125
1,1506,15.06,7495.099455118179,7498.942017555237,7497.789263725281,7495.345175266266,-0.025928020477294922,0.10952353477478027,0.005364418029785156,0.07897615432739258
1,1507,15.07,7495.076805353165,7499.048858880997,7497.793883085251,7495.4259395599365,-0.022649765014648438,0.1068413257598877,0.0046193599700927734,0.0807642936706543
1,1508,15.08,7495.056539773941,7499.154061079025,7497.797608375549,7495.507597923279,-0.020265579223632812,0.10520219802856445,0.003725290298461914,0.08165836334228516
1,1509,15.09,7495.039254426956,7499.256581068039,7497.801780700684,7495.591938495636,-0.01728534698486328,0.10251998901367188,0.004172325134277344,0.08434057235717773
1,1510,15.1,7495.023757219315,7499.356716871262,7497.80535697937,7495.676875114441,-0.015497207641601562,0.10013580322265625,0.0035762786865234375,0.08493661880493164
1,1511,15.11,7495.011240243912,7499.454170465469,7497.808337211609,7495.764195919037,-0.012516975402832031,0.09745359420776367,0.0029802322387695312,0.08732080459594727
1,1512,15.120000000000001,7495.001703500748,7499.548941850662,7497.811019420624,7495.852112770081,-0.0095367431640625,0.0947713851928711,0.002682209014892578,0.08791685104370117
1,1513,15.13,7494.994550943375,7499.640882015228,7497.813701629639,7495.9418177604675,-0.007152557373046875,0.09194016456604004,0.002682209014892578,0.08970499038696289
1,1514,15.14,7494.9900805950165,7499.729692935944,7497.815489768982,7496.03271484375,-0.004470348358154297,0.08881092071533203,0.0017881393432617188,0.0908970832824707
1,1515,15.15,7494.987994432449,7499.81626868248,7497.817277908325,7496.12420797348,-0.002086162567138672,0.08657574653625488,0.0017881393432617188,0.09149312973022461
1,1516,15.16,7494.988888502121,7499.8995661735535,7497.818768024445,7496.216595172882,0.0008940696716308594,0.0832974910736084,0.0014901161193847656,0.09238719940185547
1,1517,15.17,7494.992166757584,7499.979585409164,7497.8190660476685,7496.309876441956,0.0032782554626464844,0.08001923561096191,0.0002980232238769531,0.09328126907348633
1,1518,15.18,7494.997829198837,7500.056624412537,7497.819662094116,7496.404349803925,0.005662441253662109,0.07703900337219238,0.0005960464477539062,0.09447336196899414
1,1519,15.19,7495.00647187233,7500.131130218506,7497.81996011734,7496.498823165894,0.00864267349243164,0.07450580596923828,0.0002980232238769531,0.09447336196899414
1,1520,15.200000000000001,7495.017200708389,7500.201463699341,7497.8190660476685,7496.59389257431,0.010728836059570312,0.07033348083496094,-0.0008940696716308594,0.09506940841674805
1,1521,15.21,7495.030909776688,7500.268816947937,7497.818470001221,7496.689260005951,0.013709068298339844,0.0673532485961914,-0.0005960464477539062,0.095367431640625
1,1522,15.22,7495.046705007553,7500.332891941071,7497.817575931549,7496.784925460815,0.015795230865478516,0.06407499313354492,-0.0008940696716308594,0.09566545486450195
1,1523,15.23,7495.06488442421,7500.3936886787415,7497.81608581543,7496.881186962128,0.01817941665649414,0.06079673767089844,-0.0014901161193847656,0.09626150131225586
1,1524,15.24,7495.085448026657,7500.45120716095,7497.8141486644745,7496.976852416992,0.020563602447509766,0.05751848220825195,-0.0019371509552001953,0.09566545486450195
1,1525,15.25,7495.108395814896,7500.504553318024,7497.811913490295,7497.073113918304,0.02294778823852539,0.05334615707397461,-0.0022351741790771484,0.09626150131225586
1,1526,15.26,7495.134025812149,7500.554919242859,7497.808933258057,7497.168779373169,0.02562999725341797,0.05036592483520508,-0.0029802322387695312,0.09566545486450195
1,1527,15.27,7495.161443948746,7500.601708889008,7497.805804014206,7497.26414680481,0.027418136596679688,0.04678964614868164,-0.003129243850708008,0.095367431640625
1,1528,15.280000000000001,7495.191246271133,7500.644624233246,7497.802227735519,7497.35951423645,0.029802322387695312,0.04291534423828125,-0.0035762786865234375,0.095367431640625
1,1529,15.290000000000001,7495.223730802536,7500.6842613220215,7497.798502445221,7497.454285621643,0.03248453140258789,0.039637088775634766,-0.003725290298461914,0.0947713851928711
1,1530,15.3,7495.257407426834,7500.720024108887,7497.794330120087,7497.548460960388,0.0336766242980957,0.035762786865234375,-0.004172325134277344,0.09417533874511719
1,1531,15.31,7495.294064283371,7500.752508640289,7497.789561748505,7497.642040252686,0.036656856536865234,0.03248453140258789,-0.00476837158203125,0.09357929229736328
1,1532,15.32,7495.333105325699,7500.7811188697815,7497.784197330475,7497.7341294288635,0.03904104232788086,0.0286102294921875,-0.005364418029785156,0.09208917617797852
1,1533,15.33,7495.373636484146,7500.805854797363,7497.778832912445,7497.826814651489,0.040531158447265625,0.02473592758178711,-0.005364418029785156,0.09268522262573242
1,1534,15.34,7495.415955781937,7500.826716423035,7497.7728724479675,7497.917115688324,0.042319297790527344,0.02086162567138672,-0.0059604644775390625,0.0903010368347168
1,1535,15.35,7495.46006321907,7500.844299793243,7497.76691198349,7498.007416725159,0.04410743713378906,0.017583370208740234,-0.0059604644775390625,0.0903010368347168
1,1536,15.36,7495.5059587955475,7500.858306884766,7497.760951519012,7498.096525669098,0.04589557647705078,0.014007091522216797,-0.0059604644775390625,0.08910894393920898
1,1537,15.370000000000001,7495.553940534592,7500.868439674377,7497.754096984863,7498.18354845047,0.04798173904418945,0.010132789611816406,-0.006854534149169922,0.08702278137207031
1,1538,15.38,7495.603710412979,7500.874996185303,7497.746497392654,7498.26967716217,0.04976987838745117,0.006556510925292969,-0.007599592208862305,0.08612871170043945
1,1539,15.39,7495.654970407486,7500.8779764175415,7497.7390468120575,7498.354017734528,0.05125999450683594,0.0029802322387695312,-0.007450580596923828,0.08434057235717773
1,1540,15.4,7495.707422494888,7500.876486301422,7497.731596231461,7498.438358306885,0.05245208740234375,-0.0014901161193847656,-0.007450580596923828,0.08434057235717773
1,1541,15.41,7495.762258768082,7500.872313976288,7497.723549604416,7498.519718647003,0.054836273193359375,-0.004172325134277344,-0.008046627044677734,0.0813603401184082
1,1542,15.42,7495.8182871341705,7500.864565372467,7497.7149069309235,7498.599290847778,0.05602836608886719,-0.007748603820800781,-0.00864267349243164,0.07957220077514648
1,1543,15.43,7495.875507593155,7500.852942466736,7497.706413269043,7498.677670955658,0.057220458984375,-0.011622905731201172,-0.008493661880493164,0.07838010787963867
1,1544,15.44,7495.934218168259,7500.838041305542,7497.6977705955505,7498.754560947418,0.058710575103759766,-0.014901161193847656,-0.00864267349243164,0.0768899917602539
1,1545,15.450000000000001,7495.994120836258,7500.818967819214,7497.6882338523865,7498.829066753387,0.05990266799926758,-0.019073486328125,-0.0095367431640625,0.07450580596923828
1,1546,15.46,7496.055513620377,7500.797510147095,7497.678697109222,7498.90148639679,0.061392784118652344,-0.021457672119140625,-0.0095367431640625,0.07241964340209961
1,1547,15.47,7496.117502450943,7500.771880149841,7497.669160366058,7498.972415924072,0.06198883056640625,-0.02562999725341797,-0.0095367431640625,0.07092952728271484
1,1548,15.48,7496.180683374405,7500.743269920349,7497.659474611282,7499.04066324234,0.06318092346191406,-0.0286102294921875,-0.009685754776000977,0.06824731826782227
1,1549,15.49,7496.244758367538,7500.71108341217,7497.649639844894,7499.107122421265,0.06407499313354492,-0.03218650817871094,-0.009834766387939453,0.06645917892456055
1,1550,15.5,7496.3100254535675,7500.675916671753,7497.639358043671,7499.171495437622,0.06526708602905273,-0.03516674041748047,-0.010281801223754883,0.06437301635742188
1,1551,15.51,7496.376186609268,7500.637173652649,7497.628927230835,7499.2334842681885,0.0661611557006836,-0.038743019104003906,-0.01043081283569336,0.06198883056640625
1,1552,15.52,7496.442645788193,7500.595450401306,7497.6179003715515,7499.293386936188,0.06645917892456055,-0.04172325134277344,-0.011026859283447266,0.05990266799926758
1,1553,15.530000000000001,7496.509999036789,7500.550150871277,7497.607171535492,7499.350905418396,0.0673532485961914,-0.045299530029296875,-0.010728836059570312,0.05751848220825195
1,1554,15.540000000000001,7496.577948331833,7500.501871109009,7497.595995664597,7499.406039714813,0.06794929504394531,-0.048279762268066406,-0.011175870895385742,0.05513429641723633
1,1555,15.55,7496.6467916965485,7500.45120716095,7497.584670782089,7499.458491802216,0.06884336471557617,-0.05066394805908203,-0.011324882507324219,0.05245208740234375
1,1556,15.56,7496.71533703804,7500.396966934204,7497.573494911194,7499.508857727051,0.06854534149169922,-0.05424022674560547,-0.011175870895385742,0.05036592483520508
1,1557,15.57,7496.7847764492035,7500.3403425216675,7497.56246805191,7499.556243419647,0.06943941116333008,-0.056624412536621094,-0.011026859283447266,0.04738569259643555
1,1558,15.58,7496.854215860367,7500.280737876892,7497.551292181015,7499.6018409729,0.06943941116333008,-0.059604644775390625,-0.011175870895385742,0.04559755325317383
1,1559,15.59,7496.924251317978,7500.218749046326,7497.54011631012,7499.644458293915,0.07003545761108398,-0.06198883056640625,-0.011175870895385742,0.0426173210144043
1,1560,15.6,7496.994286775589,7500.1537799835205,7497.528195381165,7499.68409538269,0.07003545761108398,-0.06496906280517578,-0.011920928955078125,0.039637088775634766
1,1561,15.610000000000001,7497.064620256424,7500.087022781372,7497.516572475433,7499.721348285675,0.07033348083496094,-0.0667572021484375,-0.011622905731201172,0.03725290298461914
1,1562,15.620000000000001,7497.134953737259,7500.017285346985,7497.504949569702,7499.755918979645,0.07033348083496094,-0.06973743438720703,-0.011622905731201172,0.03457069396972656
1,1563,15.63,7497.204691171646,7499.9454617500305,7497.492730617523,7499.7878074646,0.06973743438720703,-0.0718235969543457,-0.012218952178955078,0.031888484954833984
1,1564,15.64,7497.274428606033,7499.870955944061,7497.481554746628,7499.817311763763,0.06973743438720703,-0.07450580596923828,-0.011175870895385742,0.02950429916381836
1,1565,15.65,7497.3441660404205,7499.793916940689,7497.469484806061,7499.844133853912,0.06973743438720703,-0.07703900337219238,-0.012069940567016602,0.02682209014892578
1,1566,15.66,7497.41330742836,7499.715685844421,7497.45786190033,7499.8679757118225,0.06914138793945312,-0.0782310962677002,-0.011622905731201172,0.02384185791015625
1,1567,15.67,7497.483044862747,7499.635219573975,7497.446238994598,7499.889135360718,0.06973743438720703,-0.08046627044677734,-0.011622905731201172,0.021159648895263672
1,1568,15.68,7497.551292181015,7499.552816152573,7497.434616088867,7499.907314777374,0.06824731826782227,-0.08240342140197754,-0.011622905731201172,0.01817941665649414
1,1569,15.69,7497.619539499283,7499.468773603439,7497.422993183136,7499.923408031464,0.06824731826782227,-0.08404254913330078,-0.011622905731201172,0.01609325408935547
1,1570,15.700000000000001,7497.687488794327,7499.382644891739,7497.411668300629,7499.93622303009,0.06794929504394531,-0.08612871170043945,-0.011324882507324219,0.012814998626708984
1,1571,15.71,7497.753947973251,7499.295175075531,7497.400492429733,7499.94695186615,0.06645917892456055,-0.08746981620788574,-0.011175870895385742,0.010728836059570312
1,1572,15.72,7497.820407152176,7499.206364154816,7497.389018535614,7499.954104423523,0.06645917892456055,-0.08881092071533203,-0.011473894119262695,0.007152557373046875
1,1573,15.73,7497.885972261429,7499.115616083145,7497.378587722778,7499.959468841553,0.06556510925292969,-0.09074807167053223,-0.01043081283569336,0.005364418029785156
1,1574,15.74,7497.950345277786,7499.023824930191,7497.366666793823,7499.961853027344,0.06437301635742188,-0.09179115295410156,-0.011920928955078125,0.002384185791015625
1,1575,15.75,7498.014122247696,7498.930841684341,7497.356235980988,7499.961256980896,0.06377696990966797,-0.09298324584960938,-0.01043081283569336,-0.0005960464477539062
1,1576,15.76,7498.077005147934,7498.836666345596,7497.345507144928,7499.958574771881,0.06288290023803711,-0.09417533874511719,-0.010728836059570312,-0.002682209014892578
1,1577,15.77,7498.1386959552765,7498.7417459487915,7497.334778308868,7499.952912330627,0.0616908073425293,-0.09492039680480957,-0.010728836059570312,-0.005662441253662109
1,1578,15.780000000000001,7498.199492692947,7498.646229505539,7497.324645519257,7499.943971633911,0.06079673767089844,-0.09551644325256348,-0.010132789611816406,-0.008940696716308594
1,1579,15.790000000000001,7498.258501291275,7498.549371957779,7497.314512729645,7499.933838844299,0.05900859832763672,-0.09685754776000977,-0.010132789611816406,-0.010132789611816406
1,1580,15.8,7498.316913843155,7498.452216386795,7497.304528951645,7499.920129776001,0.05841255187988281,-0.09715557098388672,-0.00998377799987793,-0.013709068298339844
1,1581,15.81,7498.374432325363,7498.354464769363,7497.294396162033,7499.904036521912,0.05751848220825195,-0.09775161743164062,-0.010132789611816406,-0.01609325408935547
1,1582,15.82,7498.430162668228,7498.256117105484,7497.285008430481,7499.885857105255,0.055730342864990234,-0.09834766387939453,-0.009387731552124023,-0.01817941665649414
1,1583,15.83,7498.483806848526,7498.157322406769,7497.275769710541,7499.864995479584,0.05364418029785156,-0.09879469871520996,-0.009238719940185547,-0.02086162567138672
1,1584,15.84,7498.5371530056,7498.058974742889,7497.2668290138245,7499.841153621674,0.05334615707397461,-0.09834766387939453,-0.008940696716308594,-0.02384185791015625
1,1585,15.85,7498.589009046555,7497.959583997726,7497.257888317108,7499.815821647644,0.051856040954589844,-0.09939074516296387,-0.008940696716308594,-0.025331974029541016
1,1586,15.860000000000001,7498.638778924942,7497.860640287399,7497.248947620392,7499.7881054878235,0.04976987838745117,-0.09894371032714844,-0.008940696716308594,-0.02771615982055664
1,1587,15.870000000000001,7498.687654733658,7497.761994600296,7497.240602970123,7499.75711107254,0.04887580871582031,-0.09864568710327148,-0.008344650268554688,-0.030994415283203125
1,1588,15.88,7498.734146356583,7497.663050889969,7497.233152389526,7499.724626541138,0.04649162292480469,-0.09894371032714844,-0.007450580596923828,-0.03248453140258789
1,1589,15.89,7498.78004193306,7497.564107179642,7497.225254774094,7499.690055847168,0.04589557647705078,-0.09894371032714844,-0.007897615432739258,-0.03457069396972656
1,1590,15.9,7498.82385134697,7497.466653585434,7497.217357158661,7499.652802944183,0.04380941390991211,-0.09745359420776367,-0.007897615432739258,-0.03725290298461914
1,1591,15.91,7498.8652765750885,7497.368901968002,7497.210502624512,7499.6137619018555,0.041425228118896484,-0.09775161743164062,-0.006854534149169922,-0.03904104232788086
1,1592,15.92,7498.905509710312,7497.272491455078,7497.203648090363,7499.572932720184,0.04023313522338867,-0.09641051292419434,-0.006854534149169922,-0.04082918167114258
1,1593,15.93,7498.943954706192,7497.17578291893,7497.196793556213,7499.53031539917,0.03844499588012695,-0.09670853614807129,-0.006854534149169922,-0.0426173210144043
1,1594,15.94,7498.980313539505,7497.0802664756775,7497.190833091736,7499.4853138923645,0.03635883331298828,-0.09551644325256348,-0.0059604644775390625,-0.04500150680541992
1,1595,15.950000000000001,7499.0154802799225,7496.985644102097,7497.184574604034,7499.438226222992,0.03516674041748047,-0.09462237358093262,-0.006258487701416016,-0.047087669372558594
1,1596,15.96,7499.048262834549,7496.891617774963,7497.178912162781,7499.3896484375,0.032782554626464844,-0.09402632713317871,-0.005662441253662109,-0.04857778549194336
1,1597,15.97,7499.079555273056,7496.7992305755615,7497.173547744751,7499.339580535889,0.03129243850708008,-0.09238719940185547,-0.005364418029785156,-0.050067901611328125
1,1598,15.98,7499.108761548996,7496.707588434219,7497.168183326721,7499.286830425262,0.029206275939941406,-0.09164214134216309,-0.005364418029785156,-0.0527501106262207
1,1599,15.99,7499.135881662369,7496.617883443832,7497.164011001587,7499.232888221741,0.027120113372802734,-0.08970499038696289,-0.004172325134277344,-0.053942203521728516
1,1600,16.0,7499.160915613174,7496.528774499893,7497.159689664841,7499.178051948547,0.025033950805664062,-0.08910894393920898,-0.00432133674621582,-0.054836273193359375
1,1601,16.01,7499.184161424637,7496.441155672073,7497.1553683280945,7499.121427536011,0.023245811462402344,-0.08761882781982422,-0.00432133674621582,-0.056624412536621094
1,1602,16.02,7499.205619096756,7496.355623006821,7497.151792049408,7499.063014984131,0.021457672119140625,-0.08553266525268555,-0.0035762786865234375,-0.05841255187988281
1,1603,16.03,7499.22439455986,7496.27098441124,7497.148960828781,7499.003708362579,0.018775463104248047,-0.08463859558105469,-0.0028312206268310547,-0.05930662155151367
1,1604,16.04,7499.242275953293,7496.188431978226,7497.1455335617065,7498.942315578461,0.017881393432617188,-0.08255243301391602,-0.003427267074584961,-0.061392784118652344
1,1605,16.05,7499.257773160934,7496.107518672943,7497.14270234108,7498.88002872467,0.015497207641601562,-0.08091330528259277,-0.0028312206268310547,-0.0622868537902832
1,1606,16.06,7499.270886182785,7496.028691530228,7497.140467166901,7498.817145824432,0.013113021850585938,-0.0788271427154541,-0.0022351741790771484,-0.06288290023803711
1,1607,16.07,7499.282509088516,7495.951801538467,7497.13808298111,7498.752474784851,0.011622905731201172,-0.0768899917602539,-0.002384185791015625,-0.06467103958129883
1,1608,16.080000000000002,7499.2914497852325,7495.8764016628265,7497.13659286499,7498.687207698822,0.008940696716308594,-0.07539987564086914,-0.0014901161193847656,-0.06526708602905273
1,1609,16.09,7499.298602342606,7495.803534984589,7497.135102748871,7498.6207485198975,0.007152557373046875,-0.07286667823791504,-0.0014901161193847656,-0.06645917892456055
1,1610,16.1,7499.304264783859,7495.732754468918,7497.134655714035,7498.553395271301,0.005662441253662109,-0.07078051567077637,-0.0004470348358154297,-0.0673532485961914
1,1611,16.11,7499.307543039322,7495.664060115814,7497.133314609528,7498.485743999481,0.0032782554626464844,-0.0686943531036377,-0.001341104507446289,-0.06765127182006836
1,1612,16.12,7499.308735132217,7495.597749948502,7497.133016586304,7498.416900634766,0.0011920928955078125,-0.06631016731262207,-0.0002980232238769531,-0.06884336471557617
1,1613,16.13,7499.30813908577,7495.533376932144,7497.132867574692,7498.347461223602,-0.0005960464477539062,-0.06437301635742188,-0.00014901161193847656,-0.06943941116333008
1,1614,16.14,7499.305754899979,7495.471835136414,7497.133314609528,7498.277127742767,-0.002384185791015625,-0.06154179573059082,0.0004470348358154297,-0.07033348083496094
1,1615,16.15,7499.300986528397,7495.41237950325,7497.134059667587,7498.2064962387085,-0.00476837158203125,-0.05945563316345215,0.0007450580596923828,-0.07063150405883789
1,1616,16.16,7499.294131994247,7495.355159044266,7497.134506702423,7498.1361627578735,-0.006854534149169922,-0.057220458984375,0.0004470348358154297,-0.07033348083496094
1,1617,16.17,7499.286085367203,7495.301067829132,7497.135549783707,7498.064339160919,-0.008046627044677734,-0.05409121513366699,0.001043081283569336,-0.0718235969543457
1,1618,16.18,7499.275654554367,7495.249062776566,7497.137188911438,7497.992813587189,-0.01043081283569336,-0.05200505256652832,0.0016391277313232422,-0.07152557373046875
1,1619,16.19,7499.263435602188,7495.199739933014,7497.138977050781,7497.921288013458,-0.012218952178955078,-0.04932284355163574,0.0017881393432617188,-0.07152557373046875
1,1620,16.2,7499.249428510666,7495.153099298477,7497.1407651901245,7497.848868370056,-0.014007091522216797,-0.046640634536743164,0.0017881393432617188,-0.07241964340209961
1,1621,16.21,7499.2336332798,7495.109140872955,7497.142851352692,7497.776746749878,-0.015795230865478516,-0.043958425521850586,0.002086162567138672,-0.07212162017822266
1,1622,16.22,7499.215751886368,7495.068162679672,7497.1456825733185,7497.704923152924,-0.017881393432617188,-0.040978193283081055,0.0028312206268310547,-0.0718235969543457
1,1623,16.23,7499.196082353592,7495.029419660568,7497.148662805557,7497.633397579193,-0.019669532775878906,-0.038743019104003906,0.0029802322387695312,-0.07152557373046875
1,1624,16.240000000000002,7499.174624681473,7494.993656873703,7497.151643037796,7497.561872005463,-0.021457672119140625,-0.035762786865234375,0.0029802322387695312,-0.07152557373046875
1,1625,16.25,7499.151676893234,7494.960278272629,7497.155666351318,7497.490346431732,-0.02294778823852539,-0.03337860107421875,0.004023313522338867,-0.07152557373046875
1,1626,16.26,7499.127238988876,7494.930773973465,7497.158646583557,7497.418522834778,-0.024437904357910156,-0.02950429916381836,0.0029802322387695312,-0.0718235969543457
1,1627,16.27,7499.101310968399,7494.903206825256,7497.162222862244,7497.347295284271,-0.025928020477294922,-0.027567148208618164,0.0035762786865234375,-0.0712275505065918
1,1628,16.28,7499.072998762131,7494.8786199092865,7497.166693210602,7497.27725982666,-0.028312206268310547,-0.024586915969848633,0.004470348358154297,-0.07003545761108398
1,1629,16.29,7499.042898416519,7494.857162237167,7497.170865535736,7497.207522392273,-0.030100345611572266,-0.021457672119140625,0.004172325134277344,-0.06973743438720703
1,1630,16.3,7499.012500047684,7494.837939739227,7497.175633907318,7497.1383810043335,-0.03039836883544922,-0.019222497940063477,0.00476837158203125,-0.06914138793945312
1,1631,16.31,7498.979419469833,7494.82199549675,7497.180551290512,7497.069537639618,-0.0330805778503418,-0.015944242477416992,0.0049173831939697266,-0.06884336471557617
1,1632,16.32,7498.945742845535,7494.809031486511,7497.185617685318,7497.001886367798,-0.0336766242980957,-0.012964010238647461,0.005066394805908203,-0.06765127182006836
1,1633,16.330000000000002,7498.90998005867,7494.798451662064,7497.190535068512,7496.9348311424255,-0.035762786865234375,-0.010579824447631836,0.0049173831939697266,-0.06705522537231445
1,1634,16.34,7498.873621225357,7494.790852069855,7497.196197509766,7496.868073940277,-0.03635883331298828,-0.007599592208862305,0.005662441253662109,-0.0667572021484375
1,1635,16.35,7498.835176229477,7494.786232709885,7497.201710939407,7496.802806854248,-0.03844499588012695,-0.0046193599700927734,0.005513429641723633,-0.06526708602905273
1,1636,16.36,7498.796135187149,7494.7841465473175,7497.207075357437,7496.738135814667,-0.03904104232788086,-0.002086162567138672,0.005364418029785156,-0.06467103958129883
1,1637,16.37,7498.755306005478,7494.785338640213,7497.2134828567505,7496.675252914429,-0.04082918167114258,0.0011920928955078125,0.006407499313354492,-0.06288290023803711
1,1638,16.38,7498.712986707687,7494.789361953735,7497.219890356064,7496.612370014191,-0.042319297790527344,0.004023313522338867,0.006407499313354492,-0.06288290023803711
1,1639,16.39,7498.670071363449,7494.795769453049,7497.225999832153,7496.550977230072,-0.04291534423828125,0.006407499313354492,0.006109476089477539,-0.061392784118652344
1,1640,16.4,7498.626261949539,7494.804710149765,7497.231960296631,7496.491968631744,-0.04380941390991211,0.008940696716308594,0.0059604644775390625,-0.05900859832763672
1,1641,16.41,7498.581260442734,7494.81663107872,7497.23881483078,7496.433258056641,-0.04500150680541992,0.011920928955078125,0.006854534149169922,-0.058710575103759766
1,1642,16.42,7498.535066843033,7494.83197927475,7497.245669364929,7496.3754415512085,-0.046193599700927734,0.015348196029663086,0.006854534149169922,-0.057816505432128906
1,1643,16.43,7498.48797917366,7494.848668575287,7497.252821922302,7496.320009231567,-0.047087669372558594,0.016689300537109375,0.007152557373046875,-0.05543231964111328
1,1644,16.44,7498.440593481064,7494.869083166122,7497.259676456451,7496.265769004822,-0.04738569259643555,0.02041459083557129,0.006854534149169922,-0.05424022674560547
1,1645,16.45,7498.391717672348,7494.891732931137,7497.267127037048,7496.212124824524,-0.04887580871582031,0.022649765014648438,0.007450580596923828,-0.05364418029785156
1,1646,16.46,7498.342543840408,7494.916766881943,7497.2739815711975,7496.160864830017,-0.049173831939697266,0.025033950805664062,0.006854534149169922,-0.05125999450683594
1,1647,16.47,7498.291879892349,7494.944185018539,7497.281730175018,7496.110796928406,-0.05066394805908203,0.027418136596679688,0.007748603820800781,-0.050067901611328125
1,1648,16.48,7498.241513967514,7494.974881410599,7497.289180755615,7496.062517166138,-0.05036592483520508,0.030696392059326172,0.007450580596923828,-0.048279762268066406
1,1649,16.490000000000002,7498.190253973007,7495.007216930389,7497.296631336212,7496.015429496765,-0.05125999450683594,0.032335519790649414,0.007450580596923828,-0.047087669372558594
1,1650,16.5,7498.1386959552765,7495.041936635971,7497.304081916809,7495.971322059631,-0.05155801773071289,0.03471970558166504,0.007450580596923828,-0.04410743713378906
1,1651,16.51,7498.086243867874,7495.079338550568,7497.31183052063,7495.927512645721,-0.05245208740234375,0.03740191459655762,0.007748603820800781,-0.04380941390991211
1,1652,16.52,7498.033493757248,7495.119124650955,7497.319579124451,7495.8860874176025,-0.0527501106262207,0.03978610038757324,0.007748603820800781,-0.041425228118896484
1,1653,16.53,7497.980147600174,7495.160549879074,7497.32717871666,7495.847046375275,-0.05334615707397461,0.041425228118896484,0.007599592208862305,-0.03904104232788086
1,1654,16.54,7497.926503419876,7495.204657316208,7497.335374355316,7495.809495449066,-0.05364418029785156,0.04410743713378906,0.008195638656616211,-0.037550926208496094
1,1655,16.55,7497.873157262802,7495.250403881073,7497.343122959137,7495.773732662201,-0.05334615707397461,0.045746564865112305,0.007748603820800781,-0.035762786865234375
1,1656,16.56,7497.81921505928,7495.298534631729,7497.350871562958,7495.739758014679,-0.053942203521728516,0.04813075065612793,0.007748603820800781,-0.033974647521972656
1,1657,16.57,7497.7655708789825,7495.348900556564,7497.358620166779,7495.7075715065,-0.05364418029785156,0.05036592483520508,0.007748603820800781,-0.03218650817871094
1,1658,16.580000000000002,7497.711628675461,7495.400458574295,7497.366964817047,7495.677769184113,-0.053942203521728516,0.05155801773071289,0.008344650268554688,-0.029802322387695312
1,1659,16.59,7497.657686471939,7495.454698801041,7497.374713420868,7495.649456977844,-0.053942203521728516,0.05424022674560547,0.007748603820800781,-0.028312206268310547
1,1660,16.6,7497.6034462451935,7495.510131120682,7497.3830580711365,7495.623528957367,-0.05424022674560547,0.05543231964111328,0.008344650268554688,-0.025928020477294922
1,1661,16.61,7497.549802064896,7495.567351579666,7497.391104698181,7495.599389076233,-0.05364418029785156,0.057220458984375,0.008046627044677734,-0.024139881134033203
1,1662,16.62,7497.496157884598,7495.626509189606,7497.398853302002,7495.577335357666,-0.05364418029785156,0.059157609939575195,0.007748603820800781,-0.02205371856689453
1,1663,16.63,7497.442215681076,7495.686858892441,7497.406899929047,7495.557367801666,-0.053942203521728516,0.06034970283508301,0.008046627044677734,-0.01996755599975586
1,1664,16.64,7497.389167547226,7495.748847723007,7497.414946556091,7495.53918838501,-0.053048133850097656,0.06198883056640625,0.008046627044677734,-0.01817941665649414
1,1665,16.65,7497.336119413376,7495.812326669693,7497.422695159912,7495.523989200592,-0.053048133850097656,0.06347894668579102,0.007748603820800781,-0.01519918441772461
1,1666,16.66,7497.28336930275,7495.87669968605,7497.431039810181,7495.510578155518,-0.0527501106262207,0.06437301635742188,0.008344650268554688,-0.01341104507446289
1,1667,16.67,7497.231811285019,7495.942860841751,7497.438490390778,7495.4986572265625,-0.05155801773071289,0.0661611557006836,0.007450580596923828,-0.011920928955078125
1,1668,16.68,7497.17965722084,7496.010214090347,7497.446537017822,7495.489418506622,-0.0521540641784668,0.0673532485961914,0.008046627044677734,-0.009238719940185547
1,1669,16.69,7497.128993272781,7496.078759431839,7497.453838586807,7495.481371879578,-0.05066394805908203,0.06854534149169922,0.0073015689849853516,-0.008046627044677734
1,1670,16.7,7497.078627347946,7496.14804983139,7497.46173620224,7495.476603507996,-0.05036592483520508,0.0692903995513916,0.007897615432739258,-0.00476837158203125
1,1671,16.71,7497.028559446335,7496.218532323837,7497.469037771225,7495.473027229309,-0.050067901611328125,0.07048249244689941,0.0073015689849853516,-0.0035762786865234375
1,1672,16.72,7496.979385614395,7496.289312839508,7497.476637363434,7495.472431182861,-0.049173831939697266,0.07078051567077637,0.007599592208862305,-0.0005960464477539062
1,1673,16.73,7496.931105852127,7496.361583471298,7497.484087944031,7495.473027229309,-0.048279762268066406,0.07227063179016113,0.007450580596923828,0.0005960464477539062
1,1674,16.740000000000002,7496.883124113083,7496.434301137924,7497.491538524628,7495.476603507996,-0.04798173904418945,0.07271766662597656,0.007450580596923828,0.0035762786865234375
1,1675,16.75,7496.836930513382,7496.507316827774,7497.498691082001,7495.481371879578,-0.046193599700927734,0.07301568984985352,0.007152557373046875,0.00476837158203125
1,1676,16.76,7496.790438890457,7496.581524610519,7497.50554561615,7495.488524436951,-0.04649162292480469,0.07420778274536133,0.006854534149169922,0.007152557373046875
1,1677,16.77,7496.745735406876,7496.655732393265,7497.512549161911,7495.497763156891,-0.04470348358154297,0.07420778274536133,0.0070035457611083984,0.009238719940185547
1,1678,16.78,7496.701627969742,7496.730536222458,7497.519850730896,7495.508790016174,-0.04410743713378906,0.07480382919311523,0.0073015689849853516,0.011026859283447266
1,1679,16.79,7496.6587126255035,7496.805787086487,7497.526407241821,7495.521903038025,-0.04291534423828125,0.07525086402893066,0.006556510925292969,0.013113021850585938
1,1680,16.8,7496.616095304489,7496.881037950516,7497.533559799194,7495.5374002456665,-0.0426173210144043,0.07525086402893066,0.007152557373046875,0.015497207641601562
1,1681,16.81,7496.575266122818,7496.956884860992,7497.539669275284,7495.5543875694275,-0.04082918167114258,0.07584691047668457,0.006109476089477539,0.016987323760986328
1,1682,16.82,7496.5353310108185,7497.0318377017975,7497.546374797821,7495.573163032532,-0.03993511199951172,0.07495284080505371,0.006705522537231445,0.018775463104248047
1,1683,16.830000000000002,7496.496886014938,7497.107535600662,7497.552335262299,7495.594024658203,-0.03844499588012695,0.0756978988647461,0.0059604644775390625,0.02086162567138672
1,1684,16.84,7496.459037065506,7497.182935476303,7497.55859375,7495.616972446442,-0.03784894943237305,0.07539987564086914,0.006258487701416016,0.02294778823852539
1,1685,16.85,7496.422678232193,7497.258484363556,7497.5645542144775,7495.641112327576,-0.03635883331298828,0.07554888725280762,0.0059604644775390625,0.024139881134033203
1,1686,16.86,7496.387809514999,7497.333139181137,7497.570216655731,7495.667636394501,-0.034868717193603516,0.07465481758117676,0.005662441253662109,0.026524066925048828
1,1687,16.87,7496.354132890701,7497.408092021942,7497.575879096985,7495.695054531097,-0.0336766242980957,0.07495284080505371,0.005662441253662109,0.027418136596679688
1,1688,16.88,7496.321350336075,7497.4822998046875,7497.581392526627,7495.725154876709,-0.032782554626464844,0.07420778274536133,0.005513429641723633,0.030100345611572266
1,1689,16.89,7496.290355920792,7497.556209564209,7497.586309909821,7495.756447315216,-0.030994415283203125,0.07390975952148438,0.0049173831939697266,0.03129243850708008
1,1690,16.9,7496.26025557518,7497.629374265671,7497.5913763046265,7495.7892298698425,-0.030100345611572266,0.07316470146179199,0.005066394805908203,0.032782554626464844
1,1691,16.91,7496.231645345688,7497.701793909073,7497.596442699432,7495.823800563812,-0.0286102294921875,0.07241964340209961,0.005066394805908203,0.03457069396972656
1,1692,16.92,7496.204823255539,7497.773915529251,7497.601211071014,7495.860159397125,-0.02682209014892578,0.07212162017822266,0.00476837158203125,0.03635883331298828
1,1693,16.93,7496.178895235062,7497.844994068146,7497.605979442596,7495.897710323334,-0.025928020477294922,0.07107853889465332,0.00476837158203125,0.037550926208496094
1,1694,16.94,7496.1550533771515,7497.915476560593,7497.609853744507,7495.936453342438,-0.02384185791015625,0.07048249244689941,0.0038743019104003906,0.038743019104003906
1,1695,16.95,7496.132403612137,7497.984915971756,7497.614324092865,7495.977282524109,-0.022649765014648438,0.06943941116333008,0.004470348358154297,0.04082918167114258
1,1696,16.96,7496.111243963242,7498.05361032486,7497.618198394775,7496.018707752228,-0.021159648895263672,0.0686943531036377,0.0038743019104003906,0.041425228118896484
1,1697,16.97,7496.091276407242,7498.120814561844,7497.622221708298,7496.061623096466,-0.01996755599975586,0.06720423698425293,0.004023313522338867,0.04291534423828125
1,1698,16.98,7496.073096990585,7498.1871247291565,7497.625648975372,7496.106028556824,-0.01817941665649414,0.06631016731262207,0.003427267074584961,0.044405460357666016
1,1699,16.990000000000002,7496.056705713272,7498.252391815186,7497.628629207611,7496.151328086853,-0.016391277313232422,0.06526708602905273,0.0029802322387695312,0.045299530029296875
1,1700,17.0,7496.0412085056305,7498.316317796707,7497.63160943985,7496.197819709778,-0.015497207641601562,0.06392598152160645,0.0029802322387695312,0.04649162292480469
1,1701,17.01,7496.027797460556,7498.378902673721,7497.634589672089,7496.245801448822,-0.01341104507446289,0.06258487701416016,0.0029802322387695312,0.04798173904418945
1,1702,17.02,7496.015578508377,7498.44029545784,7497.637122869492,7496.29408121109,-0.012218952178955078,0.061392784118652344,0.0025331974029541016,0.048279762268066406
1,1703,17.03,7496.005147695541,7498.500347137451,7497.6396560668945,7496.343553066254,-0.01043081283569336,0.060051679611206055,0.0025331974029541016,0.04947185516357422
1,1704,17.04,7495.996505022049,7498.558610677719,7497.641742229462,7496.393918991089,-0.00864267349243164,0.058263540267944336,0.002086162567138672,0.05036592483520508
1,1705,17.05,7495.988756418228,7498.61553311348,7497.643530368805,7496.444582939148,-0.007748603820800781,0.05692243576049805,0.0017881393432617188,0.05066394805908203
1,1706,17.06,7495.982795953751,7498.671114444733,7497.645169496536,7496.49703502655,-0.0059604644775390625,0.05558133125305176,0.0016391277313232422,0.05245208740234375
1,1707,17.07,7495.978623628616,7498.724609613419,7497.646510601044,7496.5497851371765,-0.004172325134277344,0.053495168685913086,0.001341104507446289,0.0527501106262207
1,1708,17.080000000000002,7495.975643396378,7498.776465654373,7497.647702693939,7496.603429317474,-0.0029802322387695312,0.051856040954589844,0.0011920928955078125,0.05364418029785156
1,1709,17.09,7495.974749326706,7498.827129602432,7497.648745775223,7496.656775474548,-0.0008940696716308594,0.05066394805908203,0.001043081283569336,0.05334615707397461
1,1710,17.1,7495.97504734993,7498.8754093647,7497.6494908332825,7496.711611747742,0.0002980232238769531,0.048279762268066406,0.0007450580596923828,0.054836273193359375
1,1711,17.11,7495.976537466049,7498.922348022461,7497.649937868118,7496.766746044159,0.0014901161193847656,0.04693865776062012,0.0004470348358154297,0.05513429641723633
1,1712,17.12,7495.98041176796,7498.967349529266,7497.649788856506,7496.821880340576,0.0038743019104003906,0.04500150680541992,-0.00014901161193847656,0.05513429641723633
1,1713,17.13,7495.984584093094,7499.01071190834,7497.65008687973,7496.877312660217,0.004172325134277344,0.04336237907409668,0.0002980232238769531,0.05543231964111328
1,1714,17.14,7495.991140604019,7499.0516901016235,7497.649788856506,7496.933341026306,0.006556510925292969,0.040978193283081055,-0.0002980232238769531,0.05602836608886719
1,1715,17.150000000000002,7495.999485254288,7499.091327190399,7497.648894786835,7496.989369392395,0.008344650268554688,0.039637088775634766,-0.0008940696716308594,0.05602836608886719
1,1716,17.16,7496.008723974228,7499.12902712822,7497.648298740387,7497.045695781708,0.009238719940185547,0.03769993782043457,-0.0005960464477539062,0.05632638931274414
1,1717,17.17,7496.019750833511,7499.164193868637,7497.6471066474915,7497.101724147797,0.011026859283447266,0.03516674041748047,-0.0011920928955078125,0.05602836608886719
1,1718,17.18,7496.031671762466,7499.197423458099,7497.645914554596,7497.158646583557,0.011920928955078125,0.03322958946228027,-0.0011920928955078125,0.05692243576049805
1,1719,17.19,7496.045380830765,7499.2285668849945,7497.644424438477,7497.215270996094,0.013709068298339844,0.0311434268951416,-0.0014901161193847656,0.056624412536621094
1,1720,17.2,7496.060281991959,7499.257773160934,7497.642636299133,7497.271299362183,0.014901161193847656,0.029206275939941406,-0.0017881393432617188,0.05602836608886719
1,1721,17.21,7496.076375246048,7499.284893274307,7497.641146183014,7497.3273277282715,0.01609325408935547,0.027120113372802734,-0.0014901161193847656,0.05602836608886719
1,1722,17.22,7496.094256639481,7499.310225248337,7497.638761997223,7497.3830580711365,0.017881393432617188,0.025331974029541016,-0.002384185791015625,0.055730342864990234
1,1723,17.23,7496.113032102585,7499.332875013351,7497.63622879982,7497.438490390778,0.018775463104248047,0.022649765014648438,-0.0025331974029541016,0.05543231964111328
1,1724,17.240000000000002,7496.132999658585,7499.353736639023,7497.633695602417,7497.494220733643,0.01996755599975586,0.02086162567138672,-0.0025331974029541016,0.055730342864990234
1,1725,17.25,7496.154457330704,7499.372512102127,7497.630715370178,7497.549057006836,0.021457672119140625,0.018775463104248047,-0.0029802322387695312,0.054836273193359375
1,1726,17.26,7496.177703142166,7499.38890337944,7497.627437114716,7497.6032972335815,0.023245811462402344,0.016391277313232422,-0.0032782554626464844,0.05424022674560547
1,1727,17.27,7496.2009489536285,7499.4029104709625,7497.624605894089,7497.657835483551,0.023245811462402344,0.014007091522216797,-0.0028312206268310547,0.05453824996948242
1,1728,17.28,7496.226578950882,7499.4151294231415,7497.621178627014,7497.710585594177,0.02562999725341797,0.012218952178955078,-0.003427267074584961,0.0527501106262207
1,1729,17.29,7496.252506971359,7499.425560235977,7497.617155313492,7497.7633357048035,0.025928020477294922,0.01043081283569336,-0.004023313522338867,0.0527501106262207
1,1730,17.3,7496.279627084732,7499.43345785141,7497.613430023193,7497.815489768982,0.027120113372802734,0.007897615432739258,-0.003725290298461914,0.0521540641784668
1,1731,17.31,7496.307939291,7499.438971281052,7497.609257698059,7497.866749763489,0.028312206268310547,0.005513429641723633,-0.004172325134277344,0.05125999450683594
1,1732,17.32,7496.337443590164,7499.44269657135,7497.604787349701,7497.918009757996,0.02950429916381836,0.003725290298461914,-0.004470348358154297,0.05125999450683594
1,1733,17.330000000000002,7496.367841959,7499.4440376758575,7497.600615024567,7497.967481613159,0.03039836883544922,0.001341104507446289,-0.004172325134277344,0.04947185516357422
1,1734,17.34,7496.398836374283,7499.44344162941,7497.595846652985,7498.016357421875,0.030994415283203125,-0.0005960464477539062,-0.00476837158203125,0.04887580871582031
1,1735,17.35,7496.431320905685,7499.440610408783,7497.590631246567,7498.064637184143,0.03248453140258789,-0.0028312206268310547,-0.00521540641784668,0.048279762268066406
1,1736,17.36,7496.464103460312,7499.435693025589,7497.586607933044,7498.111724853516,0.032782554626464844,-0.0049173831939697266,-0.004023313522338867,0.047087669372558594
1,1737,17.37,7496.49778008461,7499.428540468216,7497.581392526627,7498.157918453217,0.0336766242980957,-0.007152557373046875,-0.00521540641784668,0.046193599700927734
1,1738,17.38,7496.5329468250275,7499.4198977947235,7497.575581073761,7498.202323913574,0.03516674041748047,-0.00864267349243164,-0.005811452865600586,0.044405460357666016
1,1739,17.39,7496.568113565445,7499.40812587738,7497.570216655731,7498.246431350708,0.03516674041748047,-0.011771917343139648,-0.005364418029785156,0.04410743713378906
1,1740,17.400000000000002,7496.604472398758,7499.395161867142,7497.5647032260895,7498.28964471817,0.03635883331298828,-0.012964010238647461,-0.005513429641723633,0.0432133674621582
1,1741,17.41,7496.641129255295,7499.379962682724,7497.559189796448,7498.331069946289,0.036656856536865234,-0.01519918441772461,-0.005513429641723633,0.041425228118896484
1,1742,17.42,7496.678978204727,7499.362975358963,7497.552931308746,7498.371005058289,0.03784894943237305,-0.016987323760986328,-0.006258487701416016,0.03993511199951172
1,1743,17.43,7496.71682715416,7499.343752861023,7497.546970844269,7498.41034412384,0.03784894943237305,-0.019222497940063477,-0.0059604644775390625,0.03933906555175781
1,1744,17.44,7496.75527215004,7499.322444200516,7497.541010379791,7498.448491096497,0.03844499588012695,-0.02130866050720215,-0.0059604644775390625,0.03814697265625
1,1745,17.45,7496.794313192368,7499.299794435501,7497.53475189209,7498.48484992981,0.03904104232788086,-0.022649765014648438,-0.006258487701416016,0.03635883331298828
1,1746,17.46,7496.833652257919,7499.275058507919,7497.528493404388,7498.520016670227,0.03933906555175781,-0.02473592758178711,-0.006258487701416016,0.03516674041748047
1,1747,17.47,7496.873587369919,7499.248385429382,7497.522532939911,7498.554289340973,0.03993511199951172,-0.026673078536987305,-0.0059604644775390625,0.03427267074584961
1,1748,17.48,7496.914118528366,7499.219924211502,7497.515976428986,7498.5867738723755,0.040531158447265625,-0.028461217880249023,-0.006556510925292969,0.03248453140258789
1,1749,17.490000000000002,7496.9543516635895,7499.190121889114,7497.509270906448,7498.616874217987,0.04023313522338867,-0.029802322387695312,-0.006705522537231445,0.030100345611572266
1,1750,17.5,7496.9954788684845,7499.158531427383,7497.502714395523,7498.6472725868225,0.04112720489501953,-0.03159046173095703,-0.006556510925292969,0.03039836883544922
1,1751,17.51,7497.036308050156,7499.124854803085,7497.49630689621,7498.675286769867,0.04082918167114258,-0.0336766242980957,-0.006407499313354492,0.028014183044433594
1,1752,17.52,7497.078031301498,7499.089688062668,7497.489154338837,7498.701810836792,0.04172325134277344,-0.03516674041748047,-0.007152557373046875,0.026524066925048828
1,1753,17.53,7497.11886048317,7499.053031206131,7497.4822998046875,7498.726844787598,0.04082918167114258,-0.036656856536865234,-0.006854534149169922,0.025033950805664062
1,1754,17.54,7497.160583734512,7499.015182256699,7497.475445270538,7498.75009059906,0.04172325134277344,-0.03784894943237305,-0.006854534149169922,0.023245811462402344
1,1755,17.55,7497.202306985855,7498.975694179535,7497.468590736389,7498.772144317627,0.04172325134277344,-0.03948807716369629,-0.006854534149169922,0.02205371856689453
1,1756,17.56,7497.244030237198,7498.934417963028,7497.462034225464,7498.793005943298,0.04172325134277344,-0.04127621650695801,-0.006556510925292969,0.02086162567138672
1,1757,17.57,7497.285455465317,7498.8919496536255,7497.454881668091,7498.8120794296265,0.041425228118896484,-0.04246830940246582,-0.007152557373046875,0.019073486328125
1,1758,17.580000000000002,7497.326880693436,7498.847991228104,7497.4483251571655,7498.828768730164,0.041425228118896484,-0.043958425521850586,-0.006556510925292969,0.016689300537109375
1,1759,17.59,7497.368007898331,7498.803436756134,7497.441321611404,7498.844265937805,0.04112720489501953,-0.04455447196960449,-0.0070035457611083984,0.015497207641601562
1,1760,17.6,7497.40943312645,7498.757094144821,7497.434318065643,7498.858273029327,0.041425228118896484,-0.04634261131286621,-0.0070035457611083984,0.014007091522216797
1,1761,17.61,7497.450262308121,7498.709410429001,7497.428059577942,7498.871088027954,0.04082918167114258,-0.0476837158203125,-0.006258487701416016,0.012814998626708984
1,1762,17.62,7497.490793466568,7498.660981655121,7497.421205043793,7498.881816864014,0.040531158447265625,-0.04842877388000488,-0.006854534149169922,0.010728836059570312
1,1763,17.63,7497.5307285785675,7498.611658811569,7497.41405248642,7498.891353607178,0.03993511199951172,-0.04932284355163574,-0.007152557373046875,0.0095367431640625
1,1764,17.64,7497.571259737015,7498.56099486351,7497.4071979522705,7498.898804187775,0.040531158447265625,-0.05066394805908203,-0.006854534149169922,0.007450580596923828
1,1765,17.650000000000002,7497.61089682579,7498.509585857391,7497.400641441345,7498.904764652252,0.039637088775634766,-0.051409006118774414,-0.006556510925292969,0.0059604644775390625
1,1766,17.66,7497.650533914566,7498.457133769989,7497.39408493042,7498.909533023834,0.039637088775634766,-0.05245208740234375,-0.006556510925292969,0.00476837158203125
1,1767,17.67,7497.689574956894,7498.404532670975,7497.386932373047,7498.912215232849,0.03904104232788086,-0.05260109901428223,-0.007152557373046875,0.002682209014892578
1,1768,17.68,7497.727423906326,7498.349994421005,7497.380971908569,7498.9137053489685,0.03784894943237305,-0.05453824996948242,-0.0059604644775390625,0.0014901161193847656
1,1769,17.69,7497.7655708789825,7498.2950091362,7497.374415397644,7498.913407325745,0.03814697265625,-0.05498528480529785,-0.006556510925292969,-0.0002980232238769531
1,1770,17.7,7497.802525758743,7498.240023851395,7497.367858886719,7498.911619186401,0.03695487976074219,-0.05498528480529785,-0.006556510925292969,-0.0017881393432617188
1,1771,17.71,7497.83918261528,7498.18429350853,7497.362196445465,7498.908340930939,0.036656856536865234,-0.055730342864990234,-0.005662441253662109,-0.0032782554626464844
1,1772,17.72,7497.875243425369,7498.128265142441,7497.356235980988,7498.903274536133,0.03606081008911133,-0.05602836608886719,-0.0059604644775390625,-0.005066394805908203
1,1773,17.73,7497.910410165787,7498.07134270668,7497.349828481674,7498.897016048431,0.03516674041748047,-0.05692243576049805,-0.006407499313354492,-0.006258487701416016
1,1774,17.740000000000002,7497.9449808597565,7498.013824224472,7497.3441660404205,7498.888969421387,0.03457069396972656,-0.05751848220825195,-0.005662441253662109,-0.008046627044677734
1,1775,17.75,7497.978955507278,7497.95600771904,7497.338205575943,7498.879432678223,0.033974647521972656,-0.057816505432128906,-0.0059604644775390625,-0.0095367431640625
1,1776,17.76,7498.012036085129,7497.89834022522,7497.332543134689,7498.868703842163,0.0330805778503418,-0.05766749382019043,-0.005662441253662109,-0.010728836059570312
1,1777,17.77,7498.0442225933075,7497.840970754623,7497.327029705048,7498.85618686676,0.03218650817871094,-0.05736947059631348,-0.005513429641723633,-0.012516975402832031
1,1778,17.78,7498.075515031815,7497.782409191132,7497.321665287018,7498.842179775238,0.03129243850708008,-0.05856156349182129,-0.005364418029785156,-0.014007091522216797
1,1779,17.79,7498.106211423874,7497.724145650864,7497.316002845764,7498.827278614044,0.030696392059326172,-0.058263540267944336,-0.005662441253662109,-0.014901161193847656
1,1780,17.8,7498.135715723038,7497.6663291454315,7497.311234474182,7498.810291290283,0.02950429916381836,-0.057816505432128906,-0.00476837158203125,-0.016987323760986328
1,1781,17.81,7498.164921998978,7497.608512639999,7497.306317090988,7498.792111873627,0.029206275939941406,-0.057816505432128906,-0.0049173831939697266,-0.01817941665649414
1,1782,17.82,7498.192638158798,7497.550249099731,7497.301399707794,7498.772740364075,0.02771615982055664,-0.058263540267944336,-0.0049173831939697266,-0.019371509552001953
1,1783,17.830000000000002,7498.219162225723,7497.492581605911,7497.296929359436,7498.751878738403,0.026524066925048828,-0.05766749382019043,-0.004470348358154297,-0.02086162567138672
1,1784,17.84,7498.244792222977,7497.435212135315,7497.292459011078,7498.73012304306,0.02562999725341797,-0.05736947059631348,-0.004470348358154297,-0.021755695343017578
1,1785,17.85,7498.269826173782,7497.377544641495,7497.288286685944,7498.706877231598,0.025033950805664062,-0.05766749382019043,-0.004172325134277344,-0.023245811462402344
1,1786,17.86,7498.2936680316925,7497.320622205734,7497.284412384033,7498.68243932724,0.02384185791015625,-0.05692243576049805,-0.0038743019104003906,-0.024437904357910156
1,1787,17.87,7498.316913843155,7497.26414680481,7497.279942035675,7498.65710735321,0.023245811462402344,-0.05647540092468262,-0.004470348358154297,-0.025331974029541016
1,1788,17.88,7498.338371515274,7497.207671403885,7497.2763657569885,7498.630583286285,0.021457672119140625,-0.05647540092468262,-0.0035762786865234375,-0.026524066925048828
1,1789,17.89,7498.358935117722,7497.152239084244,7497.272789478302,7498.602271080017,0.020563602447509766,-0.05543231964111328,-0.0035762786865234375,-0.028312206268310547
1,1790,17.900000000000002,7498.378604650497,7497.0972537994385,7497.269362211227,7498.573362827301,0.019669532775878906,-0.05498528480529785,-0.003427267074584961,-0.028908252716064453
1,1791,17.91,7498.396784067154,7497.042864561081,7497.266232967377,7498.543560504913,0.01817941665649414,-0.054389238357543945,-0.003129243850708008,-0.029802322387695312
1,1792,17.92,7498.414069414139,7496.989220380783,7497.262954711914,7498.51256608963,0.01728534698486328,-0.05364418029785156,-0.0032782554626464844,-0.030994415283203125
1,1793,17.93,7498.430162668228,7496.936619281769,7497.260570526123,7498.4800815582275,0.01609325408935547,-0.05260109901428223,-0.002384185791015625,-0.03248453140258789
1,1794,17.94,7498.445063829422,7496.884763240814,7497.257739305496,7498.447597026825,0.014901161193847656,-0.051856040954589844,-0.0028312206268310547,-0.03248453140258789
1,1795,17.95,7498.45877289772,7496.832758188248,7497.255206108093,7498.413920402527,0.013709068298339844,-0.05200505256652832,-0.0025331974029541016,-0.0336766242980957
1,1796,17.96,7498.471587896347,7496.7823922634125,7497.252821922302,7498.379349708557,0.012814998626708984,-0.05036592483520508,-0.002384185791015625,-0.03457069396972656
1,1797,17.97,7498.482912778854,7496.732920408249,7497.251182794571,7498.343586921692,0.011324882507324219,-0.04947185516357422,-0.0016391277313232422,-0.035762786865234375
1,1798,17.98,7498.493045568466,7496.684640645981,7497.249394655228,7498.307526111603,0.010132789611816406,-0.048279762268066406,-0.0017881393432617188,-0.03606081008911133
1,1799,17.990000000000002,7498.502284288406,7496.637254953384,7497.2474575042725,7498.270571231842,0.009238719940185547,-0.04738569259643555,-0.0019371509552001953,-0.03695487976074219
1,1800,18.0,7498.510032892227,7496.590614318848,7497.245967388153,7498.233318328857,0.007748603820800781,-0.046640634536743164,-0.0014901161193847656,-0.03725290298461914
1,1801,18.01,7498.5165894031525,7496.545761823654,7497.2449243068695,7498.194575309753,0.006556510925292969,-0.044852495193481445,-0.001043081283569336,-0.038743019104003906
1,1802,18.02,7498.521953821182,7496.501505374908,7497.24417924881,7498.155832290649,0.005364418029785156,-0.04425644874572754,-0.0007450580596923828,-0.038743019104003906
1,1803,18.03,7498.5261261463165,7496.458142995834,7497.242987155914,7498.116493225098,0.004172325134277344,-0.04336237907409668,-0.0011920928955078125,-0.03933906555175781
1,1804,18.04,7498.529404401779,7496.416419744492,7497.242391109467,7498.076856136322,0.0032782554626464844,-0.04172325134277344,-0.0005960464477539062,-0.039637088775634766
1,1805,18.05,7498.531192541122,7496.376484632492,7497.241795063019,7498.036026954651,0.0017881393432617188,-0.03993511199951172,-0.0005960464477539062,-0.04082918167114258
1,1806,18.06,7498.53178858757,7496.337443590164,7497.241497039795,7497.995495796204,0.0005960464477539062,-0.03904104232788086,-0.0002980232238769531,-0.040531158447265625
1,1807,18.07,7498.531490564346,7496.30019068718,7497.241199016571,7497.953474521637,-0.0002980232238769531,-0.03725290298461914,-0.0002980232238769531,-0.04202127456665039
1,1808,18.080000000000002,7498.529702425003,7496.263682842255,7497.241497039795,7497.912049293518,-0.0017881393432617188,-0.03650784492492676,0.0002980232238769531,-0.041425228118896484
1,1809,18.09,7498.526722192764,7496.228814125061,7497.241497039795,7497.870028018951,-0.0029802322387695312,-0.034868717193603516,0.0,-0.04202127456665039
1,1810,18.1,7498.522847890854,7496.194988489151,7497.242093086243,7497.828006744385,-0.0038743019104003906,-0.03382563591003418,0.0005960464477539062,-0.04202127456665039
1,1811,18.11,7498.517781496048,7496.163249015808,7497.24268913269,7497.785985469818,-0.005066394805908203,-0.03173947334289551,0.0005960464477539062,-0.04202127456665039
1,1812,18.12,7498.51182103157,7496.132999658585,7497.24343419075,7497.742772102356,-0.0059604644775390625,-0.030249357223510742,0.0007450580596923828,-0.0432133674621582
1,1813,18.13,7498.50407242775,7496.103793382645,7497.244477272034,7497.700452804565,-0.007748603820800781,-0.029206275939941406,0.001043081283569336,-0.042319297790527344
1,1814,18.14,7498.495429754257,7496.076673269272,7497.245669364929,7497.658133506775,-0.00864267349243164,-0.027120113372802734,0.0011920928955078125,-0.042319297790527344
1,1815,18.150000000000002,7498.486489057541,7496.051043272018,7497.246563434601,7497.614622116089,-0.008940696716308594,-0.02562999725341797,0.0008940696716308594,-0.043511390686035156
1,1816,18.16,7498.475462198257,7496.0266053676605,7497.248351573944,7497.572302818298,-0.011026859283447266,-0.024437904357910156,0.0017881393432617188,-0.042319297790527344
1,1817,18.17,7498.463839292526,7496.003955602646,7497.250437736511,7497.529983520508,-0.011622905731201172,-0.022649765014648438,0.002086162567138672,-0.042319297790527344
1,1818,18.18,7498.451322317123,7495.9830939769745,7497.251629829407,7497.4870681762695,-0.012516975402832031,-0.02086162567138672,0.0011920928955078125,-0.04291534423828125
1,1819,18.19,7498.437613248825,7495.9637224674225,7497.253715991974,7497.444748878479,-0.013709068298339844,-0.019371509552001953,0.002086162567138672,-0.042319297790527344
1,1820,18.2,7498.422712087631,7495.946139097214,7497.255802154541,7497.4024295806885,-0.014901161193847656,-0.017583370208740234,0.002086162567138672,-0.042319297790527344
1,1821,18.21,7498.406916856766,7495.930045843124,7497.258484363556,7497.360408306122,-0.015795230865478516,-0.01609325408935547,0.002682209014892578,-0.04202127456665039
1,1822,18.22,7498.390227556229,7495.915442705154,7497.261166572571,7497.319281101227,-0.016689300537109375,-0.014603137969970703,0.002682209014892578,-0.04112720489501953
1,1823,18.23,7498.372346162796,7495.902627706528,7497.263550758362,7497.277855873108,-0.017881393432617188,-0.012814998626708984,0.002384185791015625,-0.041425228118896484
1,1824,18.240000000000002,7498.354464769363,7495.891749858856,7497.266232967377,7497.236728668213,-0.017881393432617188,-0.010877847671508789,0.002682209014892578,-0.04112720489501953
1,1825,18.25,7498.3347952365875,7495.882660150528,7497.268915176392,7497.196197509766,-0.019669532775878906,-0.00908970832824707,0.002682209014892578,-0.040531158447265625
1,1826,18.26,7498.314529657364,7495.874911546707,7497.272044420242,7497.155964374542,-0.020265579223632812,-0.007748603820800781,0.003129243850708008,-0.04023313522338867
1,1827,18.27,7498.293071985245,7495.86895108223,7497.275173664093,7497.1166253089905,-0.021457672119140625,-0.0059604644775390625,0.003129243850708008,-0.03933906555175781
1,1828,18.28,7498.271316289902,7495.864182710648,7497.278153896332,7497.077584266663,-0.021755695343017578,-0.00476837158203125,0.0029802322387695312,-0.03904104232788086
1,1829,18.29,7498.248666524887,7495.861500501633,7497.282177209854,7497.039437294006,-0.022649765014648438,-0.002682209014892578,0.004023313522338867,-0.03814697265625
1,1830,18.3,7498.225122690201,7495.860904455185,7497.285306453705,7497.000694274902,-0.023543834686279297,-0.0005960464477539062,0.003129243850708008,-0.038743019104003906
1,1831,18.31,7498.200684785843,7495.861202478409,7497.289180755615,7496.963739395142,-0.024437904357910156,0.0002980232238769531,0.0038743019104003906,-0.03695487976074219
1,1832,18.32,7498.175948858261,7495.8635866642,7497.293055057526,7496.926784515381,-0.02473592758178711,0.002384185791015625,0.0038743019104003906,-0.03695487976074219
1,1833,18.330000000000002,7498.150318861008,7495.86746096611,7497.296631336212,7496.891021728516,-0.02562999725341797,0.0038743019104003906,0.0035762786865234375,-0.035762786865234375
1,1834,18.34,7498.1240928173065,7495.872974395752,7497.300803661346,7496.855556964874,-0.026226043701171875,0.005513429641723633,0.004172325134277344,-0.03546476364135742
1,1835,18.35,7498.096972703934,7495.879828929901,7497.304677963257,7496.821284294128,-0.027120113372802734,0.006854534149169922,0.0038743019104003906,-0.03427267074584961
1,1836,18.36,7498.069852590561,7495.888918638229,7497.308552265167,7496.787309646606,-0.027120113372802734,0.00908970832824707,0.0038743019104003906,-0.033974647521972656
1,1837,18.37,7498.04213643074,7495.899051427841,7497.313171625137,7496.75452709198,-0.02771615982055664,0.010132789611816406,0.0046193599700927734,-0.032782554626464844
1,1838,18.38,7498.013526201248,7495.91127038002,7497.31719493866,7496.722340583801,-0.0286102294921875,0.012218952178955078,0.004023313522338867,-0.03218650817871094
1,1839,18.39,7497.984617948532,7495.924383401871,7497.321963310242,7496.691048145294,-0.028908252716064453,0.013113021850585938,0.00476837158203125,-0.03129243850708008
1,1840,18.400000000000002,7497.955411672592,7495.939284563065,7497.326284646988,7496.660947799683,-0.029206275939941406,0.014901161193847656,0.00432133674621582,-0.030100345611572266
1,1841,18.41,7497.9256093502045,7495.955675840378,7497.330605983734,7496.631741523743,-0.029802322387695312,0.016391277313232422,0.00432133674621582,-0.029206275939941406
1,1842,18.42,7497.894912958145,7495.973110198975,7497.335523366928,7496.604323387146,-0.030696392059326172,0.017434358596801758,0.0049173831939697266,-0.027418136596679688
1,1843,18.43,7497.86451458931,7495.992630720139,7497.340142726898,7496.576905250549,-0.03039836883544922,0.01952052116394043,0.0046193599700927734,-0.027418136596679688
1,1844,18.44,7497.83381819725,7496.013194322586,7497.344613075256,7496.550381183624,-0.030696392059326172,0.020563602447509766,0.004470348358154297,-0.026524066925048828
1,1845,18.45,7497.803121805191,7496.035546064377,7497.348934412003,7496.524453163147,-0.030696392059326172,0.022351741790771484,0.00432133674621582,-0.025928020477294922
1,1846,18.46,7497.77153134346,7496.058493852615,7497.3540008068085,7496.500611305237,-0.03159046173095703,0.02294778823852539,0.005066394805908203,-0.02384185791015625
1,1847,18.47,7497.740536928177,7496.083080768585,7497.358620166779,7496.477961540222,-0.030994415283203125,0.024586915969848633,0.0046193599700927734,-0.022649765014648438
1,1848,18.48,7497.708350419998,7496.1090087890625,7497.3636865615845,7496.456205844879,-0.03218650817871094,0.025928020477294922,0.005066394805908203,-0.021755695343017578
1,1849,18.490000000000002,7497.676461935043,7496.136426925659,7497.36875295639,7496.435046195984,-0.031888484954833984,0.027418136596679688,0.005066394805908203,-0.021159648895263672
1,1850,18.5,7497.6445734500885,7496.164590120316,7497.3732233047485,7496.415376663208,-0.031888484954833984,0.02816319465637207,0.004470348358154297,-0.019669532775878906
1,1851,18.51,7497.6129829883575,7496.194094419479,7497.377693653107,7496.396899223328,-0.03159046173095703,0.02950429916381836,0.004470348358154297,-0.018477439880371094
1,1852,18.52,7497.580498456955,7496.225088834763,7497.3830580711365,7496.379613876343,-0.03248453140258789,0.030994415283203125,0.005364418029785156,-0.01728534698486328
1,1853,18.53,7497.548907995224,7496.2566792964935,7497.38797545433,7496.363520622253,-0.03159046173095703,0.03159046173095703,0.0049173831939697266,-0.01609325408935547
1,1854,18.54,7497.516423463821,7496.289610862732,7497.3925948143005,7496.34861946106,-0.03248453140258789,0.03293156623840332,0.0046193599700927734,-0.014901161193847656
1,1855,18.55,7497.484236955643,7496.323138475418,7497.397661209106,7496.334612369537,-0.03218650817871094,0.03352761268615723,0.005066394805908203,-0.014007091522216797
1,1856,18.56,7497.452944517136,7496.358007192612,7497.4025785923,7496.322393417358,-0.03129243850708008,0.034868717193603516,0.0049173831939697266,-0.012218952178955078
1,1857,18.57,7497.421056032181,7496.393322944641,7497.407495975494,7496.311366558075,-0.031888484954833984,0.035315752029418945,0.0049173831939697266,-0.011026859283447266
1,1858,18.580000000000002,7497.389763593674,7496.430426836014,7497.4121153354645,7496.300935745239,-0.03129243850708008,0.037103891372680664,0.0046193599700927734,-0.01043081283569336
1,1859,18.59,7497.357875108719,7496.467679738998,7497.417032718658,7496.292591094971,-0.031888484954833984,0.03725290298461914,0.0049173831939697266,-0.008344650268554688
1,1860,18.6,7497.32717871666,7496.5061247348785,7497.422099113464,7496.284246444702,-0.030696392059326172,0.03844499588012695,0.005066394805908203,-0.008344650268554688
1,1861,18.61,7497.2964823246,7496.544569730759,7497.426718473434,7496.278285980225,-0.030696392059326172,0.03844499588012695,0.0046193599700927734,-0.0059604644775390625
1,1862,18.62,7497.265785932541,7496.584504842758,7497.431635856628,7496.273219585419,-0.030696392059326172,0.03993511199951172,0.0049173831939697266,-0.005066394805908203
1,1863,18.63,7497.235685586929,7496.6248869895935,7497.4362552165985,7496.269047260284,-0.030100345611572266,0.04038214683532715,0.0046193599700927734,-0.004172325134277344
1,1864,18.64,7497.205287218094,7496.665716171265,7497.440874576569,7496.2663650512695,-0.03039836883544922,0.04082918167114258,0.0046193599700927734,-0.002682209014892578
1,1865,18.650000000000002,7497.176080942154,7496.7072904109955,7497.445344924927,7496.26487493515,-0.029206275939941406,0.04157423973083496,0.004470348358154297,-0.0014901161193847656
1,1866,18.66,7497.146874666214,7496.749460697174,7497.450411319733,7496.264576911926,-0.029206275939941406,0.04217028617858887,0.005066394805908203,-0.0002980232238769531
1,1867,18.67,7497.118264436722,7496.791630983353,7497.454583644867,7496.265769004822,-0.0286102294921875,0.04217028617858887,0.004172325134277344,0.0011920928955078125
1,1868,18.68,7497.090250253677,7496.834844350815,7497.459352016449,7496.267855167389,-0.028014183044433594,0.0432133674621582,0.00476837158203125,0.002086162567138672
1,1869,18.69,7497.063130140305,7496.878355741501,7497.463524341583,7496.271133422852,-0.027120113372802734,0.043511390686035156,0.004172325134277344,0.0032782554626464844
1,1870,18.7,7497.035413980484,7496.921867132187,7497.467994689941,7496.275901794434,-0.02771615982055664,0.043511390686035156,0.004470348358154297,0.00476837158203125
1,1871,18.71,7497.008889913559,7496.966272592545,7497.472167015076,7496.281266212463,-0.026524066925048828,0.044405460357666016,0.004172325134277344,0.005364418029785156
1,1872,18.72,7496.982961893082,7497.010380029678,7497.476041316986,7496.288418769836,-0.025928020477294922,0.04410743713378906,0.0038743019104003906,0.007152557373046875
1,1873,18.73,7496.957331895828,7497.054785490036,7497.480362653732,7496.296763420105,-0.02562999725341797,0.044405460357666016,0.00432133674621582,0.008344650268554688
1,1874,18.740000000000002,7496.93289399147,7497.09889292717,7497.483789920807,7496.305406093597,-0.024437904357910156,0.04410743713378906,0.003427267074584961,0.00864267349243164
1,1875,18.75,7496.908754110336,7497.143745422363,7497.487962245941,7496.316134929657,-0.024139881134033203,0.044852495193481445,0.004172325134277344,0.010728836059570312
1,1876,18.76,7496.88521027565,7497.187852859497,7497.492134571075,7496.327757835388,-0.023543834686279297,0.04410743713378906,0.004172325134277344,0.011622905731201172
1,1877,18.77,7496.8622624874115,7497.232705354691,7497.496008872986,7496.340274810791,-0.02294778823852539,0.044852495193481445,0.0038743019104003906,0.012516975402832031
1,1878,18.78,7496.8405067920685,7497.277110815048,7497.4992871284485,7496.353983879089,-0.021755695343017578,0.044405460357666016,0.0032782554626464844,0.013709068298339844
1,1879,18.79,7496.819049119949,7497.321963310242,7497.502863407135,7496.368288993835,-0.021457672119140625,0.044852495193481445,0.0035762786865234375,0.01430511474609375
1,1880,18.8,7496.798187494278,7497.366666793823,7497.50629067421,7496.384084224701,-0.02086162567138672,0.04470348358154297,0.003427267074584961,0.015795230865478516
1,1881,18.81,7496.778219938278,7497.410923242569,7497.509866952896,7496.400773525238,-0.01996755599975586,0.04425644874572754,0.0035762786865234375,0.016689300537109375
1,1882,18.82,7496.75914645195,7497.454732656479,7497.512996196747,7496.418654918671,-0.019073486328125,0.04380941390991211,0.003129243850708008,0.017881393432617188
1,1883,18.830000000000002,7496.740967035294,7497.498393058777,7497.515976428986,7496.437430381775,-0.01817941665649414,0.04366040229797363,0.0029802322387695312,0.018775463104248047
1,1884,18.84,7496.723681688309,7497.541904449463,7497.5186586380005,7496.457099914551,-0.01728534698486328,0.043511390686035156,0.002682209014892578,0.019669532775878906
1,1885,18.85,7496.706992387772,7497.584372758865,7497.521638870239,7496.477961540222,-0.016689300537109375,0.04246830940246582,0.0029802322387695312,0.02086162567138672
1,1886,18.86,7496.69149518013,7497.62699007988,7497.524917125702,7496.499419212341,-0.015497207641601562,0.0426173210144043,0.0032782554626464844,0.021457672119140625
1,1887,18.87,7496.676295995712,7497.6687133312225,7497.527003288269,7496.521770954132,-0.01519918441772461,0.04172325134277344,0.002086162567138672,0.022351741790771484
1,1888,18.88,7496.66228890419,7497.710734605789,7497.52938747406,7496.544420719147,-0.014007091522216797,0.04202127456665039,0.002384185791015625,0.022649765014648438
1,1889,18.89,7496.648579835892,7497.751861810684,7497.532218694687,7496.568560600281,-0.013709068298339844,0.04112720489501953,0.0028312206268310547,0.024139881134033203
1,1890,18.900000000000002,7496.636658906937,7497.7923929691315,7497.534602880478,7496.593594551086,-0.011920928955078125,0.040531158447265625,0.002384185791015625,0.025033950805664062
1,1891,18.91,7496.625334024429,7497.832030057907,7497.536242008209,7496.618628501892,-0.011324882507324219,0.039637088775634766,0.0016391277313232422,0.025033950805664062
1,1892,18.92,7496.61460518837,7497.871369123459,7497.538328170776,7496.645152568817,-0.010728836059570312,0.03933906555175781,0.002086162567138672,0.026524066925048828
1,1893,18.93,7496.605068445206,7497.909963130951,7497.5404143333435,7496.671974658966,-0.0095367431640625,0.03859400749206543,0.002086162567138672,0.02682209014892578
1,1894,18.94,7496.596127748489,7497.947663068771,7497.541904449463,7496.699690818787,-0.008940696716308594,0.03769993782043457,0.0014901161193847656,0.02771615982055664
1,1895,18.95,7496.588379144669,7497.984617948532,7497.543394565582,7496.727705001831,-0.007748603820800781,0.03695487976074219,0.0014901161193847656,0.028014183044433594
1,1896,18.96,7496.581524610519,7498.021125793457,7497.544884681702,7496.756315231323,-0.006854534149169922,0.03650784492492676,0.0014901161193847656,0.0286102294921875
1,1897,18.97,7496.575266122818,7498.05673956871,7497.546076774597,7496.785223484039,-0.006258487701416016,0.0356137752532959,0.0011920928955078125,0.028908252716064453
1,1898,18.98,7496.570497751236,7498.091012239456,7497.546970844269,7496.815323829651,-0.00476837158203125,0.03427267074584961,0.0008940696716308594,0.030100345611572266
1,1899,18.990000000000002,7496.566325426102,7498.124837875366,7497.548013925552,7496.845424175262,-0.004172325134277344,0.03382563591003418,0.001043081283569336,0.030100345611572266
1,1900,19.0,7496.563345193863,7498.157173395157,7497.549057006836,7496.875822544098,-0.0029802322387695312,0.032335519790649414,0.001043081283569336,0.03039836883544922
1,1901,19.01,7496.560961008072,7498.189359903336,7497.54935503006,7496.907413005829,-0.002384185791015625,0.03218650817871094,0.0002980232238769531,0.03159046173095703
1,1902,19.02,7496.559172868729,7498.219758272171,7497.550547122955,7496.93900346756,-0.0017881393432617188,0.03039836883544922,0.0011920928955078125,0.03159046173095703
1,1903,19.03,7496.558278799057,7498.249858617783,7497.550845146179,7496.970593929291,-0.0008940696716308594,0.030100345611572266,0.0002980232238769531,0.03159046173095703
1,1904,19.04,7496.559172868729,7498.278468847275,7497.550994157791,7497.0027804374695,0.0008940696716308594,0.0286102294921875,0.00014901161193847656,0.03218650817871094
1,1905,19.05,7496.560364961624,7498.306483030319,7497.550845146179,7497.034966945648,0.0011920928955078125,0.028014183044433594,-0.00014901161193847656,0.03218650817871094
1,1906,19.06,7496.562749147415,7498.333007097244,7497.551143169403,7497.067749500275,0.002384185791015625,0.026524066925048828,0.0002980232238769531,0.032782554626464844
1,1907,19.07,7496.565729379654,7498.358190059662,7497.550994157791,7497.100830078125,0.0029802322387695312,0.02518296241760254,-0.00014901161193847656,0.0330805778503418
1,1908,19.080000000000002,7496.569901704788,7498.382776975632,7497.550845146179,7497.1336126327515,0.004172325134277344,0.024586915969848633,-0.00014901161193847656,0.032782554626464844
1,1909,19.09,7496.57467007637,7498.405426740646,7497.5501000881195,7497.166693210602,0.00476837158203125,0.022649765014648438,-0.0007450580596923828,0.0330805778503418
1,1910,19.1,7496.580630540848,7498.427778482437,7497.549504041672,7497.199773788452,0.0059604644775390625,0.022351741790771484,-0.0005960464477539062,0.0330805778503418
1,1911,19.11,7496.586889028549,7498.448342084885,7497.548758983612,7497.233152389526,0.006258487701416016,0.020563602447509766,-0.0007450580596923828,0.03337860107421875
1,1912,19.12,7496.594041585922,7498.4680116176605,7497.54786491394,7497.266232967377,0.007152557373046875,0.019669532775878906,-0.0008940696716308594,0.0330805778503418
1,1913,19.13,7496.602386236191,7498.486489057541,7497.547119855881,7497.299313545227,0.008344650268554688,0.018477439880371094,-0.0007450580596923828,0.0330805778503418
1,1914,19.14,7496.611624956131,7498.503774404526,7497.545480728149,7497.332394123077,0.009238719940185547,0.01728534698486328,-0.0016391277313232422,0.0330805778503418
1,1915,19.150000000000002,7496.621459722519,7498.519718647003,7497.54473567009,7497.365176677704,0.009834766387939453,0.015944242477416992,-0.0007450580596923828,0.032782554626464844
1,1916,19.16,7496.632486581802,7498.534768819809,7497.543096542358,7497.39795923233,0.011026859283447266,0.015050172805786133,-0.0016391277313232422,0.032782554626464844
1,1917,19.17,7496.64381146431,7498.54788184166,7497.541606426239,7497.431039810181,0.011324882507324219,0.013113021850585938,-0.0014901161193847656,0.0330805778503418
1,1918,19.18,7496.655434370041,7498.559951782227,7497.539818286896,7497.463822364807,0.011622905731201172,0.012069940567016602,-0.0017881393432617188,0.032782554626464844
1,1919,19.19,7496.668249368668,7498.57097864151,7497.538179159164,7497.495710849762,0.012814998626708984,0.011026859283447266,-0.0016391277313232422,0.031888484954833984
1,1920,19.2,7496.68225646019,7498.580366373062,7497.536092996597,7497.527897357941,0.014007091522216797,0.009387731552124023,-0.002086162567138672,0.03218650817871094
1,1921,19.21,7496.69685959816,7498.588860034943,7497.534453868866,7497.559189796448,0.014603137969970703,0.008493661880493164,-0.0016391277313232422,0.03129243850708008
1,1922,19.22,7496.711760759354,7498.596161603928,7497.531920671463,7497.590780258179,0.014901161193847656,0.0073015689849853516,-0.0025331974029541016,0.03159046173095703
1,1923,19.23,7496.727555990219,7498.601675033569,7497.529685497284,7497.621774673462,0.015795230865478516,0.005513429641723633,-0.0022351741790771484,0.030994415283203125
1,1924,19.240000000000002,7496.7436492443085,7498.606443405151,7497.527301311493,7497.652173042297,0.01609325408935547,0.00476837158203125,-0.002384185791015625,0.03039836883544922
1,1925,19.25,7496.7606365680695,7498.609274625778,7497.524917125702,7497.682571411133,0.016987323760986328,0.0028312206268310547,-0.002384185791015625,0.03039836883544922
1,1926,19.26,7496.777921915054,7498.611360788345,7497.522383928299,7497.7123737335205,0.01728534698486328,0.002086162567138672,-0.0025331974029541016,0.029802322387695312
1,1927,19.27,7496.796101331711,7498.612254858017,7497.519552707672,7497.742176055908,0.01817941665649414,0.0008940696716308594,-0.0028312206268310547,0.029802322387695312
1,1928,19.28,7496.814876794815,7498.611658811569,7497.516572475433,7497.770190238953,0.018775463104248047,-0.0005960464477539062,-0.0029802322387695312,0.028014183044433594
1,1929,19.29,7496.834248304367,7498.610019683838,7497.5137412548065,7497.798502445221,0.019371509552001953,-0.0016391277313232422,-0.0028312206268310547,0.028312206268310547
1,1930,19.3,7496.853619813919,7498.606592416763,7497.510612010956,7497.8262186050415,0.019371509552001953,-0.003427267074584961,-0.003129243850708008,0.02771615982055664
1,1931,19.31,7496.873885393143,7498.602122068405,7497.507631778717,7497.853636741638,0.020265579223632812,-0.004470348358154297,-0.0029802322387695312,0.027418136596679688
1,1932,19.32,7496.894747018814,7498.596757650375,7497.504353523254,7497.879862785339,0.02086162567138672,-0.005364418029785156,-0.0032782554626464844,0.026226043701171875
1,1933,19.330000000000002,7496.916204690933,7498.589903116226,7497.501075267792,7497.905492782593,0.021457672119140625,-0.006854534149169922,-0.0032782554626464844,0.02562999725341797
1,1934,19.34,7496.9373643398285,7498.582154512405,7497.498095035553,7497.930526733398,0.021159648895263672,-0.007748603820800781,-0.0029802322387695312,0.025033950805664062
1,1935,19.35,7496.959716081619,7498.572915792465,7497.4943697452545,7497.954964637756,0.022351741790771484,-0.009238719940185547,-0.003725290298461914,0.024437904357910156
1,1936,19.36,7496.981769800186,7498.5624849796295,7497.491091489792,7497.9788064956665,0.02205371856689453,-0.01043081283569336,-0.0032782554626464844,0.02384185791015625
1,1937,19.37,7497.004121541977,7498.551160097122,7497.487664222717,7498.002052307129,0.022351741790771484,-0.011324882507324219,-0.003427267074584961,0.023245811462402344
1,1938,19.38,7497.027367353439,7498.5383450984955,7497.483789920807,7498.023509979248,0.023245811462402344,-0.012814998626708984,-0.0038743019104003906,0.021457672119140625
1,1939,19.39,7497.050017118454,7498.524934053421,7497.480511665344,7498.045563697815,0.022649765014648438,-0.01341104507446289,-0.0032782554626464844,0.02205371856689453
1,1940,19.400000000000002,7497.07356095314,7498.510330915451,7497.476637363434,7498.066425323486,0.023543834686279297,-0.014603137969970703,-0.0038743019104003906,0.02086162567138672
1,1941,19.41,7497.09740281105,7498.494535684586,7497.473061084747,7498.085796833038,0.02384185791015625,-0.015795230865478516,-0.0035762786865234375,0.019371509552001953
1,1942,19.42,7497.121244668961,7498.477250337601,7497.468888759613,7498.10516834259,0.02384185791015625,-0.01728534698486328,-0.004172325134277344,0.019371509552001953
1,1943,19.43,7497.1456825733185,7498.459070920944,7497.464716434479,7498.123347759247,0.024437904357910156,-0.01817941665649414,-0.004172325134277344,0.01817941665649414
1,1944,19.44,7497.169524431229,7498.44029545784,7497.461140155792,7498.140633106232,0.02384185791015625,-0.018775463104248047,-0.0035762786865234375,0.01728534698486328
1,1945,19.45,7497.193664312363,7498.42032790184,7497.457265853882,7498.157620429993,0.024139881134033203,-0.01996755599975586,-0.0038743019104003906,0.016987323760986328
1,1946,19.46,7497.2184002399445,7498.399168252945,7497.453093528748,7498.173117637634,0.02473592758178711,-0.021159648895263672,-0.004172325134277344,0.015497207641601562
1,1947,19.47,7497.242838144302,7498.377561569214,7497.449517250061,7498.188018798828,0.024437904357910156,-0.0216066837310791,-0.0035762786865234375,0.014901161193847656
1,1948,19.48,7497.267872095108,7498.354464769363,7497.445344924927,7498.201429843903,0.025033950805664062,-0.023096799850463867,-0.004172325134277344,0.01341104507446289
1,1949,19.490000000000002,7497.292011976242,7498.330920934677,7497.44176864624,7498.214244842529,0.024139881134033203,-0.023543834686279297,-0.0035762786865234375,0.012814998626708984
1,1950,19.5,7497.3164498806,7498.306334018707,7497.437596321106,7498.226761817932,0.024437904357910156,-0.024586915969848633,-0.004172325134277344,0.012516975402832031
1,1951,19.51,7497.341185808182,7498.281449079514,7497.433423995972,7498.237490653992,0.02473592758178711,-0.024884939193725586,-0.004172325134277344,0.010728836059570312
1,1952,19.52,7497.36562371254,7498.2550740242,7497.429996728897,7498.247921466827,0.024437904357910156,-0.02637505531311035,-0.003427267074584961,0.01043081283569336
1,1953,19.53,7497.390061616898,7498.228400945663,7497.425675392151,7498.256862163544,0.024437904357910156,-0.026673078536987305,-0.00432133674621582,0.008940696716308594
1,1954,19.54,7497.4144995212555,7498.201280832291,7497.421950101852,7498.265206813812,0.024437904357910156,-0.027120113372802734,-0.003725290298461914,0.008344650268554688
1,1955,19.55,7497.438341379166,7498.173117637634,7497.417777776718,7498.272359371185,0.02384185791015625,-0.02816319465637207,-0.004172325134277344,0.007152557373046875
1,1956,19.56,7497.4624812603,7498.144060373306,7497.413754463196,7498.2792139053345,0.024139881134033203,-0.02905726432800293,-0.004023313522338867,0.006854534149169922
1,1957,19.57,7497.486621141434,7498.1144070625305,7497.4095821380615,7498.284578323364,0.024139881134033203,-0.029653310775756836,-0.004172325134277344,0.005364418029785156
1,1958,19.580000000000002,7497.509866952896,7498.084455728531,7497.406005859375,7498.289048671722,0.023245811462402344,-0.02995133399963379,-0.0035762786865234375,0.004470348358154297
1,1959,19.59,7497.533708810806,7498.053759336472,7497.401833534241,7498.292326927185,0.02384185791015625,-0.030696392059326172,-0.004172325134277344,0.0032782554626464844
1,1960,19.6,7497.556358575821,7498.022764921188,7497.398257255554,7498.2950091362,0.022649765014648438,-0.030994415283203125,-0.0035762786865234375,0.002682209014892578
1,1961,19.61,7497.579604387283,7497.9908764362335,7497.394531965256,7498.296797275543,0.023245811462402344,-0.031888484954833984,-0.003725290298461914,0.0017881393432617188
1,1962,19.62,7497.602254152298,7497.958838939667,7497.390508651733,7498.297393321991,0.022649765014648438,-0.03203749656677246,-0.004023313522338867,0.0005960464477539062
1,1963,19.63,7497.624307870865,7497.926950454712,7497.387230396271,7498.297095298767,0.02205371856689453,-0.031888484954833984,-0.0032782554626464844,-0.0002980232238769531
1,1964,19.64,7497.646063566208,7497.894614934921,7497.3829090595245,7498.295903205872,0.021755695343017578,-0.032335519790649414,-0.00432133674621582,-0.0011920928955078125
1,1965,19.650000000000002,7497.667819261551,7497.861236333847,7497.379779815674,7498.293519020081,0.021755695343017578,-0.03337860107421875,-0.003129243850708008,-0.002384185791015625
1,1966,19.66,7497.688978910446,7497.827559709549,7497.376501560211,7498.290538787842,0.021159648895263672,-0.0336766242980957,-0.0032782554626464844,-0.0029802322387695312
1,1967,19.67,7497.709542512894,7497.793883085251,7497.3732233047485,7498.287260532379,0.020563602447509766,-0.0336766242980957,-0.0032782554626464844,-0.0032782554626464844
1,1968,19.68,7497.729808092117,7497.760355472565,7497.369647026062,7498.282194137573,0.020265579223632812,-0.03352761268615723,-0.0035762786865234375,-0.005066394805908203
1,1969,19.69,7497.749775648117,7497.725933790207,7497.3660707473755,7498.2768297195435,0.01996755599975586,-0.034421682357788086,-0.0035762786865234375,-0.005364418029785156
1,1970,19.7,7497.769445180893,7497.691661119461,7497.362792491913,7498.270273208618,0.019669532775878906,-0.03427267074584961,-0.0032782554626464844,-0.006556510925292969
1,1971,19.71,7497.788220643997,7497.657239437103,7497.36025929451,7498.263120651245,0.018775463104248047,-0.034421682357788086,-0.0025331974029541016,-0.007152557373046875
1,1972,19.72,7497.806698083878,7497.623413801193,7497.356832027435,7498.254477977753,0.018477439880371094,-0.03382563591003418,-0.003427267074584961,-0.00864267349243164
1,1973,19.73,7497.82457947731,7497.5888431072235,7497.3538517951965,7498.2452392578125,0.017881393432617188,-0.03457069396972656,-0.0029802322387695312,-0.009238719940185547
1,1974,19.740000000000002,7497.841864824295,7497.554272413254,7497.350573539734,7498.235106468201,0.01728534698486328,-0.03457069396972656,-0.0032782554626464844,-0.010132789611816406
1,1975,19.75,7497.858852148056,7497.520297765732,7497.347891330719,7498.224377632141,0.016987323760986328,-0.033974647521972656,-0.002682209014892578,-0.010728836059570312
1,1976,19.76,7497.875243425369,7497.485876083374,7497.34491109848,7498.212456703186,0.016391277313232422,-0.034421682357788086,-0.0029802322387695312,-0.011920928955078125
1,1977,19.77,7497.890740633011,7497.451603412628,7497.342526912689,7498.200535774231,0.015497207641601562,-0.03427267074584961,-0.002384185791015625,-0.011920928955078125
1,1978,19.78,7497.905641794205,7497.417628765106,7497.340142726898,7498.188018798828,0.014901161193847656,-0.033974647521972656,-0.002384185791015625,-0.012516975402832031
1,1979,19.79,7497.920542955399,7497.383803129196,7497.337311506271,7498.174011707306,0.014901161193847656,-0.03382563591003418,-0.0028312206268310547,-0.014007091522216797
1,1980,19.8,7497.934252023697,7497.349679470062,7497.335374355316,7498.15970659256,0.013709068298339844,-0.03412365913391113,-0.0019371509552001953,-0.01430511474609375
1,1981,19.81,7497.947961091995,7497.316747903824,7497.332692146301,7498.143911361694,0.013709068298339844,-0.03293156623840332,-0.002682209014892578,-0.015795230865478516
1,1982,19.82,7497.960478067398,7497.283518314362,7497.330904006958,7498.127818107605,0.012516975402832031,-0.03322958946228027,-0.0017881393432617188,-0.01609325408935547
1,1983,19.830000000000002,7497.972398996353,7497.250586748123,7497.328519821167,7498.1120228767395,0.011920928955078125,-0.03293156623840332,-0.002384185791015625,-0.015795230865478516
1,1984,19.84,7497.984319925308,7497.217804193497,7497.3264336586,7498.094737529755,0.011920928955078125,-0.032782554626464844,-0.002086162567138672,-0.01728534698486328
1,1985,19.85,7497.99445271492,7497.186213731766,7497.325092554092,7498.076558113098,0.010132789611816406,-0.03159046173095703,-0.001341104507446289,-0.01817941665649414
1,1986,19.86,7498.004585504532,7497.154623270035,7497.322857379913,7498.058080673218,0.010132789611816406,-0.03159046173095703,-0.0022351741790771484,-0.018477439880371094
1,1987,19.87,7498.014122247696,7497.123181819916,7497.321367263794,7498.0393052101135,0.0095367431640625,-0.031441450119018555,-0.0014901161193847656,-0.018775463104248047
1,1988,19.88,7498.022764921188,7497.092634439468,7497.319728136063,7498.019337654114,0.00864267349243164,-0.030547380447387695,-0.0016391277313232422,-0.01996755599975586
1,1989,19.89,7498.030513525009,7497.062236070633,7497.318089008331,7497.999370098114,0.007748603820800781,-0.03039836883544922,-0.0016391277313232422,-0.01996755599975586
1,1990,19.900000000000002,7498.037964105606,7497.032731771469,7497.317045927048,7497.9788064956665,0.007450580596923828,-0.02950429916381836,-0.001043081283569336,-0.020563602447509766
1,1991,19.91,7498.0442225933075,7497.003823518753,7497.31570482254,7497.957348823547,0.006258487701416016,-0.028908252716064453,-0.001341104507446289,-0.021457672119140625
1,1992,19.92,7498.050481081009,7496.975213289261,7497.314810752869,7497.936487197876,0.006258487701416016,-0.0286102294921875,-0.0008940696716308594,-0.02086162567138672
1,1993,19.93,7498.055547475815,7496.947199106216,7497.313320636749,7497.914135456085,0.005066394805908203,-0.028014183044433594,-0.0014901161193847656,-0.022351741790771484
1,1994,19.94,7498.060017824173,7496.920078992844,7497.313022613525,7497.891783714294,0.004470348358154297,-0.027120113372802734,-0.0002980232238769531,-0.022351741790771484
1,1995,19.95,7498.064190149307,7496.893256902695,7497.31183052063,7497.86913394928,0.004172325134277344,-0.02682209014892578,-0.0011920928955078125,-0.022649765014648438
1,1996,19.96,7498.067170381546,7496.8671798706055,7497.31183052063,7497.846484184265,0.0029802322387695312,-0.0260770320892334,0.0,-0.022649765014648438
1,1997,19.97,7498.069554567337,7496.841847896576,7497.311234474182,7497.822940349579,0.002384185791015625,-0.025331974029541016,-0.0005960464477539062,-0.023543834686279297
1,1998,19.98,7498.0707466602325,7496.817857027054,7497.310936450958,7497.799098491669,0.0011920928955078125,-0.023990869522094727,-0.0002980232238769531,-0.02384185791015625
1,1999,19.990000000000002,7498.071938753128,7496.794015169144,7497.310638427734,7497.7752566337585,0.0011920928955078125,-0.02384185791015625,-0.0002980232238769531,-0.02384185791015625
1,2000,20.0,7498.072236776352,7496.771365404129,7497.310191392899,7497.750520706177,0.0002980232238769531,-0.022649765014648438,-0.0004470348358154297,-0.02473592758178711
1,2001,20.01,7498.071938753128,7496.748864650726,7497.3103404045105,7497.726678848267,-0.0002980232238769531,-0.02250075340270996,0.00014901161193847656,-0.02384185791015625
1,2002,20.02,7498.070150613785,7496.727555990219,7497.3103404045105,7497.701644897461,-0.0017881393432617188,-0.02130866050720215,0.0,-0.025033950805664062
1,2003,20.03,7498.069256544113,7496.7072904109955,7497.309744358063,7497.676610946655,-0.0008940696716308594,-0.020265579223632812,-0.0005960464477539062,-0.025033950805664062
1,2004,20.04,7498.066574335098,7496.68762087822,7497.310191392899,7497.652173042297,-0.002682209014892578,-0.019669532775878906,0.0004470348358154297,-0.024437904357910156
1,2005,20.05,7498.063296079636,7496.668994426727,7497.310936450958,7497.627139091492,-0.0032782554626464844,-0.01862645149230957,0.0007450580596923828,-0.025033950805664062
1,2006,20.06,7498.0588257312775,7496.650665998459,7497.311681509018,7497.602105140686,-0.004470348358154297,-0.018328428268432617,0.0007450580596923828,-0.025033950805664062
1,2007,20.07,7498.054653406143,7496.634274721146,7497.312128543854,7497.576475143433,-0.004172325134277344,-0.016391277313232422,0.0004470348358154297,-0.02562999725341797
1,2008,20.080000000000002,7498.049885034561,7496.618330478668,7497.312277555466,7497.550845146179,-0.00476837158203125,-0.015944242477416992,0.00014901161193847656,-0.02562999725341797
1,2009,20.09,7498.043924570084,7496.603280305862,7497.313320636749,7497.525215148926,-0.0059604644775390625,-0.015050172805786133,0.001043081283569336,-0.02562999725341797
1,2010,20.1,7498.037368059158,7496.589124202728,7497.314065694809,7497.500479221344,-0.006556510925292969,-0.014156103134155273,0.0007450580596923828,-0.02473592758178711
1,2011,20.11,7498.030513525009,7496.575862169266,7497.3151087760925,7497.475147247314,-0.006854534149169922,-0.013262033462524414,0.001043081283569336,-0.025331974029541016
1,2012,20.12,7498.0224668979645,7496.563643217087,7497.316300868988,7497.4507093429565,-0.008046627044677734,-0.012218952178955078,0.0011920928955078125,-0.024437904357910156
1,2013,20.13,7498.01442027092,7496.5521693229675,7497.3174929618835,7497.425377368927,-0.008046627044677734,-0.011473894119262695,0.0011920928955078125,-0.025331974029541016
1,2014,20.14,7498.0054795742035,7496.542185544968,7497.318685054779,7497.4000453948975,-0.008940696716308594,-0.00998377799987793,0.0011920928955078125,-0.025331974029541016
1,2015,20.150000000000002,7497.996240854263,7496.5329468250275,7497.319877147675,7497.375309467316,-0.009238719940185547,-0.009238719940185547,0.0011920928955078125,-0.02473592758178711
1,2016,20.16,7497.9861080646515,7496.524304151535,7497.321218252182,7497.351169586182,-0.010132789611816406,-0.00864267349243164,0.001341104507446289,-0.024139881134033203
1,2017,20.17,7497.97597527504,7496.517300605774,7497.323155403137,7497.3264336586,-0.010132789611816406,-0.0070035457611083984,0.0019371509552001953,-0.02473592758178711
1,2018,20.18,7497.9643523693085,7496.510893106461,7497.324347496033,7497.302293777466,-0.011622905731201172,-0.006407499313354492,0.0011920928955078125,-0.024139881134033203
1,2019,20.19,7497.952729463577,7496.505528688431,7497.3264336586,7497.278153896332,-0.011622905731201172,-0.005364418029785156,0.002086162567138672,-0.024139881134033203
1,2020,20.2,7497.940808534622,7496.501207351685,7497.328221797943,7497.254312038422,-0.011920928955078125,-0.00432133674621582,0.0017881393432617188,-0.02384185791015625
1,2021,20.21,7497.928291559219,7496.49778008461,7497.329860925674,7497.230768203735,-0.012516975402832031,-0.003427267074584961,0.0016391277313232422,-0.023543834686279297
1,2022,20.22,7497.915178537369,7496.495693922043,7497.331947088242,7497.208118438721,-0.013113021850585938,-0.002086162567138672,0.002086162567138672,-0.022649765014648438
1,2023,20.23,7497.901767492294,7496.493607759476,7497.334033250809,7497.185170650482,-0.01341104507446289,-0.002086162567138672,0.002086162567138672,-0.02294778823852539
1,2024,20.240000000000002,7497.887760400772,7496.493607759476,7497.336119413376,7497.1625208854675,-0.014007091522216797,0.0,0.002086162567138672,-0.022649765014648438
1,2025,20.25,7497.873157262802,7496.494650840759,7497.338503599167,7497.140467166901,-0.014603137969970703,0.001043081283569336,0.002384185791015625,-0.02205371856689453
1,2026,20.26,7497.858554124832,7496.495395898819,7497.340440750122,7497.118711471558,-0.014603137969970703,0.0007450580596923828,0.0019371509552001953,-0.021755695343017578
1,2027,20.27,7497.843354940414,7496.498376131058,7497.342824935913,7497.097849845886,-0.01519918441772461,0.0029802322387695312,0.002384185791015625,-0.02086162567138672
1,2028,20.28,7497.827857732773,7496.5013563632965,7497.345209121704,7497.077584266663,-0.015497207641601562,0.0029802322387695312,0.002384185791015625,-0.020265579223632812
1,2029,20.29,7497.8117644786835,7496.505826711655,7497.347891330719,7497.057318687439,-0.01609325408935547,0.004470348358154297,0.002682209014892578,-0.020265579223632812
1,2030,20.3,7497.795969247818,7496.5110421180725,7497.350126504898,7497.037053108215,-0.015795230865478516,0.00521540641784668,0.0022351741790771484,-0.020265579223632812
1,2031,20.31,7497.778981924057,7496.51774764061,7497.352361679077,7497.017979621887,-0.016987323760986328,0.006705522537231445,0.0022351741790771484,-0.019073486328125
1,2032,20.32,7497.76229262352,7496.524602174759,7497.355341911316,7496.999204158783,-0.016689300537109375,0.006854534149169922,0.0029802322387695312,-0.018775463104248047
1,2033,20.330000000000002,7497.745305299759,7496.5327978134155,7497.357875108719,7496.980428695679,-0.016987323760986328,0.008195638656616211,0.0025331974029541016,-0.018775463104248047
1,2034,20.34,7497.72772192955,7496.54158949852,7497.360408306122,7496.96284532547,-0.017583370208740234,0.008791685104370117,0.0025331974029541016,-0.017583370208740234
1,2035,20.35,7497.709840536118,7496.551424264908,7497.363090515137,7496.946156024933,-0.017881393432617188,0.009834766387939453,0.002682209014892578,-0.016689300537109375
1,2036,20.36,7497.692257165909,7496.562153100967,7497.365772724152,7496.929168701172,-0.017583370208740234,0.010728836059570312,0.002682209014892578,-0.016987323760986328
1,2037,20.37,7497.674375772476,7496.573477983475,7497.368603944778,7496.913373470306,-0.017881393432617188,0.011324882507324219,0.0028312206268310547,-0.015795230865478516
1,2038,20.38,7497.655898332596,7496.5861439704895,7497.371733188629,7496.897876262665,-0.018477439880371094,0.012665987014770508,0.003129243850708008,-0.015497207641601562
1,2039,20.39,7497.637420892715,7496.599406003952,7497.374415397644,7496.883869171143,-0.018477439880371094,0.013262033462524414,0.002682209014892578,-0.014007091522216797
1,2040,20.400000000000002,7497.618943452835,7496.61311507225,7497.376799583435,7496.8695640563965,-0.018477439880371094,0.013709068298339844,0.002384185791015625,-0.01430511474609375
1,2041,20.41,7497.600466012955,7496.62771821022,7497.38022685051,7496.856451034546,-0.018477439880371094,0.014603137969970703,0.003427267074584961,-0.013113021850585938
1,2042,20.42,7497.5816905498505,7496.643364429474,7497.382760047913,7496.843338012695,-0.018775463104248047,0.01564621925354004,0.0025331974029541016,-0.013113021850585938
1,2043,20.43,7497.562915086746,7496.659308671951,7497.385740280151,7496.83141708374,-0.018775463104248047,0.015944242477416992,0.0029802322387695312,-0.011920928955078125
1,2044,20.44,7497.543841600418,7496.675997972488,7497.388869524002,7496.820092201233,-0.019073486328125,0.016689300537109375,0.003129243850708008,-0.011324882507324219
1,2045,20.45,7497.525066137314,7496.693879365921,7497.391849756241,7496.808767318726,-0.018775463104248047,0.017881393432617188,0.0029802322387695312,-0.011324882507324219
1,2046,20.46,7497.50629067421,7496.7120587825775,7497.394382953644,7496.798932552338,-0.018775463104248047,0.01817941665649414,0.0025331974029541016,-0.009834766387939453
1,2047,20.47,7497.487515211105,7496.731132268906,7497.397363185883,7496.7896938323975,-0.018775463104248047,0.019073486328125,0.0029802322387695312,-0.009238719940185547
1,2048,20.48,7497.468143701553,7496.7508018016815,7497.4000453948975,7496.781349182129,-0.019371509552001953,0.019669532775878906,0.002682209014892578,-0.008344650268554688
1,2049,20.490000000000002,7497.449666261673,7496.771067380905,7497.403025627136,7496.77300453186,-0.018477439880371094,0.020265579223632812,0.0029802322387695312,-0.008344650268554688
1,2050,20.5,7497.430890798569,7496.791481971741,7497.406005859375,7496.765851974487,-0.018775463104248047,0.02041459083557129,0.0029802322387695312,-0.007152557373046875
1,2051,20.51,7497.411817312241,7496.812790632248,7497.409284114838,7496.75989151001,-0.019073486328125,0.02130866050720215,0.0032782554626464844,-0.0059604644775390625
1,2052,20.52,7497.393637895584,7496.833801269531,7497.411817312241,7496.753931045532,-0.01817941665649414,0.021010637283325195,0.0025331974029541016,-0.0059604644775390625
1,2053,20.53,7497.375458478928,7496.856600046158,7497.414648532867,7496.748566627502,-0.01817941665649414,0.022798776626586914,0.0028312206268310547,-0.005364418029785156
1,2054,20.54,7497.356981039047,7496.879547834396,7497.417628765106,7496.744096279144,-0.018477439880371094,0.02294778823852539,0.0029802322387695312,-0.004470348358154297
1,2055,20.55,7497.338801622391,7496.902942657471,7497.420459985733,7496.740520000458,-0.01817941665649414,0.02339482307434082,0.0028312206268310547,-0.0035762786865234375
1,2056,20.56,7497.320920228958,7496.926337480545,7497.42329120636,7496.737837791443,-0.017881393432617188,0.02339482307434082,0.0028312206268310547,-0.002682209014892578
1,2057,20.57,7497.302740812302,7496.950179338455,7497.426122426987,7496.735751628876,-0.01817941665649414,0.02384185791015625,0.0028312206268310547,-0.002086162567138672
1,2058,20.580000000000002,7497.285157442093,7496.974021196365,7497.428804636002,7496.734261512756,-0.017583370208740234,0.02384185791015625,0.002682209014892578,-0.0014901161193847656
1,2059,20.59,7497.267574071884,7496.999353170395,7497.4313378334045,7496.7339634895325,-0.017583370208740234,0.025331974029541016,0.0025331974029541016,-0.0002980232238769531
1,2060,20.6,7497.250586748123,7497.024387121201,7497.434169054031,7496.733665466309,-0.016987323760986328,0.025033950805664062,0.0028312206268310547,-0.0002980232238769531
1,2061,20.61,7497.233897447586,7497.049272060394,7497.437000274658,7496.734857559204,-0.016689300537109375,0.024884939193725586,0.0028312206268310547,0.0011920928955078125
1,2062,20.62,7497.217506170273,7497.074902057648,7497.439235448837,7496.735453605652,-0.016391277313232422,0.02562999725341797,0.0022351741790771484,0.0005960464477539062
1,2063,20.63,7497.20111489296,7497.100383043289,7497.442364692688,7496.738433837891,-0.016391277313232422,0.025480985641479492,0.003129243850708008,0.0029802322387695312
1,2064,20.64,7497.18502163887,7497.12660908699,7497.444748878479,7496.740818023682,-0.01609325408935547,0.026226043701171875,0.002384185791015625,0.002384185791015625
1,2065,20.650000000000002,7497.169524431229,7497.152537107468,7497.447431087494,7496.744692325592,-0.015497207641601562,0.025928020477294922,0.002682209014892578,0.0038743019104003906
1,2066,20.66,7497.154027223587,7497.178763151169,7497.449666261673,7496.74916267395,-0.015497207641601562,0.026226043701171875,0.0022351741790771484,0.004470348358154297
1,2067,20.67,7497.139126062393,7497.20498919487,7497.452199459076,7496.753931045532,-0.014901161193847656,0.026226043701171875,0.0025331974029541016,0.00476837158203125
1,2068,20.68,7497.124820947647,7497.231215238571,7497.454136610031,7496.759593486786,-0.01430511474609375,0.026226043701171875,0.0019371509552001953,0.005662441253662109
1,2069,20.69,7497.110515832901,7497.25803732872,7497.456669807434,7496.76525592804,-0.01430511474609375,0.02682209014892578,0.0025331974029541016,0.005662441253662109
1,2070,20.7,7497.096806764603,7497.283816337585,7497.459053993225,7496.7727065086365,-0.013709068298339844,0.025779008865356445,0.002384185791015625,0.007450580596923828
1,2071,20.71,7497.083395719528,7497.310191392899,7497.461438179016,7496.780157089233,-0.01341104507446289,0.02637505531311035,0.002384185791015625,0.007450580596923828
1,2072,20.72,7497.0705807209015,7497.336715459824,7497.463226318359,7496.788501739502,-0.012814998626708984,0.026524066925048828,0.0017881393432617188,0.008344650268554688
1,2073,20.73,7497.058063745499,7497.362792491913,7497.465461492538,7496.797442436218,-0.012516975402832031,0.0260770320892334,0.0022351741790771484,0.008940696716308594
1,2074,20.740000000000002,7497.04584479332,7497.388869524002,7497.4676966667175,7496.806979179382,-0.012218952178955078,0.0260770320892334,0.0022351741790771484,0.0095367431640625
1,2075,20.75,7497.034519910812,7497.415542602539,7497.469186782837,7496.81681394577,-0.011324882507324219,0.026673078536987305,0.0014901161193847656,0.009834766387939453
1,2076,20.76,7497.023195028305,7497.441321611404,7497.471272945404,7496.827244758606,-0.011324882507324219,0.025779008865356445,0.002086162567138672,0.01043081283569336
1,2077,20.77,7497.012764215469,7497.466951608658,7497.473061084747,7496.838867664337,-0.01043081283569336,0.02562999725341797,0.0017881393432617188,0.011622905731201172
1,2078,20.78,7497.0026314258575,7497.492283582687,7497.474700212479,7496.850788593292,-0.010132789611816406,0.025331974029541016,0.0016391277313232422,0.011920928955078125
1,2079,20.79,7496.99279665947,7497.518062591553,7497.476041316986,7496.862709522247,-0.009834766387939453,0.025779008865356445,0.001341104507446289,0.011920928955078125
1,2080,20.8,7496.983557939529,7497.54324555397,7497.477829456329,7496.874928474426,-0.009238719940185547,0.02518296241760254,0.0017881393432617188,0.012218952178955078
1,2081,20.81,7496.974915266037,7497.567981481552,7497.479319572449,7496.888339519501,-0.00864267349243164,0.02473592758178711,0.0014901161193847656,0.01341104507446289
1,2082,20.82,7496.966868638992,7497.59241938591,7497.480660676956,7496.902346611023,-0.008046627044677734,0.024437904357910156,0.001341104507446289,0.014007091522216797
1,2083,20.830000000000002,7496.958822011948,7497.616559267044,7497.482001781464,7496.916651725769,-0.008046627044677734,0.024139881134033203,0.001341104507446289,0.01430511474609375
1,2084,20.84,7496.9519674777985,7497.640550136566,7497.483193874359,7496.931254863739,-0.006854534149169922,0.023990869522094727,0.0011920928955078125,0.014603137969970703
1,2085,20.85,7496.944814920425,7497.6639449596405,7497.4846839904785,7496.946752071381,-0.007152557373046875,0.02339482307434082,0.0014901161193847656,0.015497207641601562
1,2086,20.86,7496.939450502396,7497.687190771103,7497.485429048538,7496.961951255798,-0.005364418029785156,0.023245811462402344,0.0007450580596923828,0.01519918441772461
1,2087,20.87,7496.933490037918,7497.710138559341,7497.486770153046,7496.978044509888,-0.0059604644775390625,0.02294778823852539,0.001341104507446289,0.01609325408935547
1,2088,20.88,7496.928721666336,7497.732490301132,7497.487515211105,7496.994137763977,-0.00476837158203125,0.022351741790771484,0.0007450580596923828,0.01609325408935547
1,2089,20.89,7496.923953294754,7497.753947973251,7497.488558292389,7497.011125087738,-0.00476837158203125,0.021457672119140625,0.001043081283569336,0.016987323760986328
1,2090,20.900000000000002,7496.920078992844,7497.775554656982,7497.489452362061,7497.027516365051,-0.0038743019104003906,0.0216066837310791,0.0008940696716308594,0.016391277313232422
1,2091,20.91,7496.916204690933,7497.796416282654,7497.490048408508,7497.04509973526,-0.0038743019104003906,0.02086162567138672,0.0005960464477539062,0.017583370208740234
1,2092,20.92,7496.913820505142,7497.8165328502655,7497.490644454956,7497.0632791519165,-0.002384185791015625,0.020116567611694336,0.0005960464477539062,0.01817941665649414
1,2093,20.93,7496.910840272903,7497.836202383041,7497.491538524628,7497.080862522125,-0.0029802322387695312,0.019669532775878906,0.0008940696716308594,0.017583370208740234
1,2094,20.94,7496.90905213356,7497.855573892593,7497.491836547852,7497.098743915558,-0.0017881393432617188,0.019371509552001953,0.0002980232238769531,0.017881393432617188
1,2095,20.95,7496.907860040665,7497.874349355698,7497.492283582687,7497.117221355438,-0.0011920928955078125,0.018775463104248047,0.0004470348358154297,0.018477439880371094
1,2096,20.96,7496.907562017441,7497.89223074913,7497.492730617523,7497.1359968185425,-0.0002980232238769531,0.017881393432617188,0.0004470348358154297,0.018775463104248047
1,2097,20.97,7496.907263994217,7497.909814119339,7497.492730617523,7497.154474258423,-0.0002980232238769531,0.017583370208740234,0.0,0.018477439880371094
1,2098,20.98,7496.907562017441,7497.9268014431,7497.493028640747,7497.173547744751,0.0002980232238769531,0.016987323760986328,0.0002980232238769531,0.019073486328125
1,2099,20.990000000000002,7496.908456087112,7497.942894697189,7497.492730617523,7497.192025184631,0.0008940696716308594,0.01609325408935547,-0.0002980232238769531,0.018477439880371094
1,2100,21.0,7496.909946203232,7497.958987951279,7497.492879629135,7497.2110986709595,0.0014901161193847656,0.01609325408935547,0.00014901161193847656,0.019073486328125
1,2101,21.01,7496.912032365799,7497.973293066025,7497.493028640747,7497.231364250183,0.002086162567138672,0.01430511474609375,0.00014901161193847656,0.020265579223632812
1,2102,21.02,7496.91441655159,7497.988045215607,7497.492432594299,7497.250437736511,0.002384185791015625,0.01475214958190918,-0.0005960464477539062,0.019073486328125
1,2103,21.03,7496.917396783829,7498.001158237457,7497.492134571075,7497.270405292511,0.0029802322387695312,0.013113021850585938,-0.0002980232238769531,0.01996755599975586
1,2104,21.04,7496.920675039291,7498.013973236084,7497.49168753624,7497.289776802063,0.0032782554626464844,0.012814998626708984,-0.0004470348358154297,0.019371509552001953
1,2105,21.05,7496.924549341202,7498.026639223099,7497.491538524628,7497.308850288391,0.0038743019104003906,0.012665987014770508,-0.00014901161193847656,0.019073486328125
1,2106,21.06,7496.929317712784,7498.037815093994,7497.49094247818,7497.328519821167,0.00476837158203125,0.011175870895385742,-0.0005960464477539062,0.019669532775878906
1,2107,21.07,7496.93438410759,7498.04824590683,7497.490346431732,7497.348189353943,0.005066394805908203,0.01043081283569336,-0.0005960464477539062,0.019669532775878906
1,2108,21.080000000000002,7496.939450502396,7498.0588257312775,7497.489452362061,7497.367858886719,0.005066394805908203,0.010579824447631836,-0.0008940696716308594,0.019669532775878906
1,2109,21.09,7496.945410966873,7498.067915439606,7497.488856315613,7497.386932373047,0.0059604644775390625,0.00908970832824707,-0.0005960464477539062,0.019073486328125
1,2110,21.1,7496.9519674777985,7498.07670712471,7497.487962245941,7497.406303882599,0.006556510925292969,0.008791685104370117,-0.0008940696716308594,0.019371509552001953
1,2111,21.11,7496.9591200351715,7498.084455728531,7497.486770153046,7497.425675392151,0.007152557373046875,0.007748603820800781,-0.0011920928955078125,0.019371509552001953
1,2112,21.12,7496.966272592545,7498.091012239456,7497.486025094986,7497.445046901703,0.007152557373046875,0.006556510925292969,-0.0007450580596923828,0.019371509552001953
1,2113,21.13,7496.974021196365,7498.0974197387695,7497.484982013702,7497.463822364807,0.007748603820800781,0.006407499313354492,-0.001043081283569336,0.018775463104248047
1,2114,21.14,7496.982365846634,7498.103231191635,7497.483491897583,7497.482597827911,0.008344650268554688,0.005811452865600586,-0.0014901161193847656,0.018775463104248047
1,2115,21.150000000000002,7496.991008520126,7498.107701539993,7497.482597827911,7497.501373291016,0.00864267349243164,0.004470348358154297,-0.0008940696716308594,0.018775463104248047
1,2116,21.16,7496.999353170395,7498.111873865128,7497.481107711792,7497.519850730896,0.008344650268554688,0.004172325134277344,-0.0014901161193847656,0.018477439880371094
1,2117,21.17,7497.008889913559,7498.11515212059,7497.479766607285,7497.538328170776,0.0095367431640625,0.0032782554626464844,-0.001341104507446289,0.018477439880371094
1,2118,21.18,7497.018128633499,7498.117536306381,7497.478425502777,7497.556209564209,0.009238719940185547,0.002384185791015625,-0.001341104507446289,0.017881393432617188
1,2119,21.19,7497.028261423111,7498.1193244457245,7497.476786375046,7497.574090957642,0.010132789611816406,0.0017881393432617188,-0.0016391277313232422,0.017881393432617188
1,2120,21.2,7497.0389902591705,7498.120218515396,7497.475445270538,7497.59167432785,0.010728836059570312,0.0008940696716308594,-0.001341104507446289,0.017583370208740234
1,2121,21.21,7497.04971909523,7498.12051653862,7497.473955154419,7497.608661651611,0.010728836059570312,0.0002980232238769531,-0.0014901161193847656,0.016987323760986328
1,2122,21.22,7497.060745954514,7498.120218515396,7497.471421957016,7497.625648975372,0.011026859283447266,-0.0002980232238769531,-0.0025331974029541016,0.016987323760986328
1,2123,21.23,7497.072368860245,7498.119026422501,7497.470378875732,7497.642040252686,0.011622905731201172,-0.0011920928955078125,-0.001043081283569336,0.016391277313232422
1,2124,21.240000000000002,7497.083693742752,7498.1169402599335,7497.468590736389,7497.658133506775,0.011324882507324219,-0.002086162567138672,-0.0017881393432617188,0.01609325408935547
1,2125,21.25,7497.095614671707,7498.114109039307,7497.466653585434,7497.674524784088,0.011920928955078125,-0.0028312206268310547,-0.0019371509552001953,0.016391277313232422
1,2126,21.26,7497.10813164711,7498.110681772232,7497.464865446091,7497.69002199173,0.012516975402832031,-0.003427267074584961,-0.0017881393432617188,0.015497207641601562
1,2127,21.27,7497.120350599289,7498.106956481934,7497.4629282951355,7497.7052211761475,0.012218952178955078,-0.003725290298461914,-0.0019371509552001953,0.01519918441772461
1,2128,21.28,7497.133761644363,7498.101741075516,7497.460842132568,7497.719824314117,0.01341104507446289,-0.00521540641784668,-0.002086162567138672,0.014603137969970703
1,2129,21.29,7497.146278619766,7498.096078634262,7497.458755970001,7497.734427452087,0.012516975402832031,-0.005662441253662109,-0.002086162567138672,0.014603137969970703
1,2130,21.3,7497.159689664841,7498.090118169785,7497.456967830658,7497.747838497162,0.01341104507446289,-0.0059604644775390625,-0.0017881393432617188,0.01341104507446289
1,2131,21.31,7497.173100709915,7498.0829656124115,7497.455179691315,7497.761845588684,0.01341104507446289,-0.007152557373046875,-0.0017881393432617188,0.014007091522216797
1,2132,21.32,7497.18651175499,7498.075515031815,7497.453093528748,7497.774660587311,0.01341104507446289,-0.007450580596923828,-0.002086162567138672,0.012814998626708984
1,2133,21.330000000000002,7497.200518846512,7498.067021369934,7497.450560331345,7497.787177562714,0.014007091522216797,-0.008493661880493164,-0.0025331974029541016,0.012516975402832031
1,2134,21.34,7497.21422791481,7498.058378696442,7497.448623180389,7497.798800468445,0.013709068298339844,-0.00864267349243164,-0.0019371509552001953,0.011622905731201172
1,2135,21.35,7497.2279369831085,7498.048692941666,7497.446089982986,7497.8107213974,0.013709068298339844,-0.009685754776000977,-0.0025331974029541016,0.011920928955078125
1,2136,21.36,7497.2425401210785,7498.038560152054,7497.443854808807,7497.821748256683,0.014603137969970703,-0.010132789611816406,-0.0022351741790771484,0.011026859283447266
1,2137,21.37,7497.256547212601,7498.028129339218,7497.44176864624,7497.832477092743,0.014007091522216797,-0.01043081283569336,-0.002086162567138672,0.010728836059570312
1,2138,21.38,7497.270852327347,7498.016208410263,7497.439682483673,7497.8432059288025,0.01430511474609375,-0.011920928955078125,-0.002086162567138672,0.010728836059570312
1,2139,21.39,7497.285455465317,7498.004287481308,7497.437000274658,7497.85304069519,0.014603137969970703,-0.011920928955078125,-0.002682209014892578,0.009834766387939453
1,2140,21.400000000000002,7497.300058603287,7497.991919517517,7497.434616088867,7497.861981391907,0.014603137969970703,-0.012367963790893555,-0.002384185791015625,0.008940696716308594
1,2141,21.41,7497.314363718033,7497.978657484055,7497.432827949524,7497.870624065399,0.01430511474609375,-0.013262033462524414,-0.0017881393432617188,0.00864267349243164
1,2142,21.42,7497.328668832779,7497.96524643898,7497.430443763733,7497.878670692444,0.01430511474609375,-0.01341104507446289,-0.002384185791015625,0.008046627044677734
1,2143,21.43,7497.343569993973,7497.951239347458,7497.427761554718,7497.886121273041,0.014901161193847656,-0.014007091522216797,-0.002682209014892578,0.007450580596923828
1,2144,21.44,7497.357875108719,7497.936636209488,7497.425675392151,7497.893571853638,0.01430511474609375,-0.014603137969970703,-0.002086162567138672,0.007450580596923828
1,2145,21.45,7497.372180223465,7497.92143702507,7497.423142194748,7497.900128364563,0.01430511474609375,-0.01519918441772461,-0.0025331974029541016,0.006556510925292969
1,2146,21.46,7497.387081384659,7497.9062378406525,7497.420907020569,7497.905790805817,0.014901161193847656,-0.01519918441772461,-0.0022351741790771484,0.005662441253662109
1,2147,21.47,7497.401088476181,7497.889846563339,7497.41867184639,7497.91145324707,0.014007091522216797,-0.016391277313232422,-0.0022351741790771484,0.005662441253662109
1,2148,21.48,7497.415095567703,7497.87375330925,7497.416436672211,7497.9159235954285,0.014007091522216797,-0.01609325408935547,-0.0022351741790771484,0.004470348358154297
1,2149,21.490000000000002,7497.429996728897,7497.857213020325,7497.413754463196,7497.920095920563,0.014901161193847656,-0.0165402889251709,-0.002682209014892578,0.004172325134277344
1,2150,21.5,7497.444003820419,7497.839778661728,7497.4119663238525,7497.923970222473,0.014007091522216797,-0.017434358596801758,-0.0017881393432617188,0.0038743019104003906
1,2151,21.51,7497.4580109119415,7497.822493314743,7497.4097311496735,7497.926950454712,0.014007091522216797,-0.01728534698486328,-0.0022351741790771484,0.0029802322387695312
1,2152,21.52,7497.47171998024,7497.804760932922,7497.4071979522705,7497.929334640503,0.013709068298339844,-0.01773238182067871,-0.0025331974029541016,0.002384185791015625
1,2153,21.53,7497.485429048538,7497.786581516266,7497.4048137664795,7497.93142080307,0.013709068298339844,-0.01817941665649414,-0.002384185791015625,0.002086162567138672
1,2154,21.54,7497.499734163284,7497.76765704155,7497.402876615524,7497.932910919189,0.01430511474609375,-0.018924474716186523,-0.0019371509552001953,0.0014901161193847656
1,2155,21.55,7497.512847185135,7497.749328613281,7497.400641441345,7497.934103012085,0.013113021850585938,-0.018328428268432617,-0.0022351741790771484,0.0011920928955078125
1,2156,21.56,7497.5259602069855,7497.730255126953,7497.398555278778,7497.934401035309,0.013113021850585938,-0.019073486328125,-0.002086162567138672,0.0002980232238769531
1,2157,21.57,7497.53937125206,7497.711330652237,7497.396767139435,7497.933804988861,0.01341104507446289,-0.018924474716186523,-0.0017881393432617188,-0.0005960464477539062
1,2158,21.580000000000002,7497.551888227463,7497.691959142685,7497.394382953644,7497.933208942413,0.012516975402832031,-0.019371509552001953,-0.002384185791015625,-0.0005960464477539062
1,2159,21.59,7497.5647032260895,7497.672140598297,7497.392296791077,7497.932314872742,0.012814998626708984,-0.019818544387817383,-0.002086162567138672,-0.0008940696716308594
1,2160,21.6,7497.577220201492,7497.652471065521,7497.3902106285095,7497.930228710175,0.012516975402832031,-0.019669532775878906,-0.002086162567138672,-0.002086162567138672
1,2161,21.61,7497.589141130447,7497.6325035095215,7497.388124465942,7497.928142547607,0.011920928955078125,-0.01996755599975586,-0.002086162567138672,-0.002086162567138672
1,2162,21.62,7497.6010620594025,7497.612684965134,7497.385740280151,7497.924864292145,0.011920928955078125,-0.019818544387817383,-0.002384185791015625,-0.0032782554626464844
1,2163,21.63,7497.612684965134,7497.592270374298,7497.384399175644,7497.921586036682,0.011622905731201172,-0.02041459083557129,-0.001341104507446289,-0.0032782554626464844
1,2164,21.64,7497.624307870865,7497.572153806686,7497.382760047913,7497.918009757996,0.011622905731201172,-0.020116567611694336,-0.0016391277313232422,-0.0035762786865234375
1,2165,21.650000000000002,7497.635036706924,7497.552186250687,7497.380375862122,7497.913241386414,0.010728836059570312,-0.01996755599975586,-0.002384185791015625,-0.00476837158203125
1,2166,21.66,7497.646361589432,7497.531771659851,7497.37873673439,7497.907876968384,0.011324882507324219,-0.02041459083557129,-0.0016391277313232422,-0.005364418029785156
1,2167,21.67,7497.656494379044,7497.511506080627,7497.376948595047,7497.903108596802,0.010132789611816406,-0.020265579223632812,-0.0017881393432617188,-0.00476837158203125
1,2168,21.68,7497.666925191879,7497.49094247818,7497.375309467316,7497.897148132324,0.01043081283569336,-0.020563602447509766,-0.0016391277313232422,-0.0059604644775390625
1,2169,21.69,7497.677356004715,7497.470825910568,7497.373074293137,7497.890591621399,0.01043081283569336,-0.020116567611694336,-0.0022351741790771484,-0.006556510925292969
1,2170,21.7,7497.686296701431,7497.450560331345,7497.371882200241,7497.883439064026,0.008940696716308594,-0.020265579223632812,-0.0011920928955078125,-0.007152557373046875
1,2171,21.71,7497.695237398148,7497.430294752121,7497.370094060898,7497.876286506653,0.008940696716308594,-0.020265579223632812,-0.0017881393432617188,-0.007152557373046875
1,2172,21.72,7497.704178094864,7497.410029172897,7497.36875295639,7497.868835926056,0.008940696716308594,-0.020265579223632812,-0.001341104507446289,-0.007450580596923828
1,2173,21.73,7497.71311879158,7497.3903596401215,7497.367560863495,7497.8601932525635,0.008940696716308594,-0.019669532775878906,-0.0011920928955078125,-0.00864267349243164
1,2174,21.740000000000002,7497.721463441849,7497.370541095734,7497.3660707473755,7497.851550579071,0.008344650268554688,-0.019818544387817383,-0.0014901161193847656,-0.00864267349243164
1,2175,21.75,7497.72921204567,7497.350871562958,7497.364580631256,7497.842609882355,0.007748603820800781,-0.019669532775878906,-0.0014901161193847656,-0.008940696716308594
1,2176,21.76,7497.7366626262665,7497.33105301857,7497.363239526749,7497.833371162415,0.007450580596923828,-0.019818544387817383,-0.001341104507446289,-0.009238719940185547
1,2177,21.77,7497.742921113968,7497.311979532242,7497.362494468689,7497.823238372803,0.006258487701416016,-0.019073486328125,-0.0007450580596923828,-0.010132789611816406
1,2178,21.78,7497.749775648117,7497.292906045914,7497.36100435257,7497.813403606415,0.006854534149169922,-0.019073486328125,-0.0014901161193847656,-0.009834766387939453
1,2179,21.79,7497.7560341358185,7497.2739815711975,7497.359812259674,7497.802674770355,0.006258487701416016,-0.018924474716186523,-0.0011920928955078125,-0.010728836059570312
1,2180,21.8,7497.761994600296,7497.255504131317,7497.358918190002,7497.791647911072,0.0059604644775390625,-0.018477439880371094,-0.0008940696716308594,-0.011026859283447266
1,2181,21.81,7497.76765704155,7497.237175703049,7497.358024120331,7497.780025005341,0.005662441253662109,-0.018328428268432617,-0.0008940696716308594,-0.011622905731201172
1,2182,21.82,7497.772723436356,7497.21884727478,7497.356832027435,7497.768700122833,0.005066394805908203,-0.018328428268432617,-0.0011920928955078125,-0.011324882507324219
1,2183,21.830000000000002,7497.777193784714,7497.200816869736,7497.355937957764,7497.757077217102,0.004470348358154297,-0.018030405044555664,-0.0008940696716308594,-0.011622905731201172
1,2184,21.84,7497.781366109848,7497.183829545975,7497.355341911316,7497.744262218475,0.004172325134277344,-0.016987323760986328,-0.0005960464477539062,-0.012814998626708984
1,2185,21.85,7497.784942388535,7497.16654419899,7497.355043888092,7497.7317452430725,0.0035762786865234375,-0.01728534698486328,-0.0002980232238769531,-0.012516975402832031
1,2186,21.86,7497.788816690445,7497.149705886841,7497.354447841644,7497.719526290894,0.0038743019104003906,-0.01683831214904785,-0.0005960464477539062,-0.012218952178955078
1,2187,21.87,7497.791796922684,7497.1334636211395,7497.353553771973,7497.706115245819,0.0029802322387695312,-0.016242265701293945,-0.0008940696716308594,-0.01341104507446289
1,2188,21.88,7497.794181108475,7497.11737036705,7497.353255748749,7497.6930022239685,0.002384185791015625,-0.01609325408935547,-0.0002980232238769531,-0.013113021850585938
1,2189,21.89,7497.796565294266,7497.101873159409,7497.352808713913,7497.67929315567,0.002384185791015625,-0.015497207641601562,-0.0004470348358154297,-0.013709068298339844
1,2190,21.900000000000002,7497.798353433609,7497.086971998215,7497.352361679077,7497.665882110596,0.0017881393432617188,-0.014901161193847656,-0.0004470348358154297,-0.01341104507446289
1,2191,21.91,7497.7995455265045,7497.072070837021,7497.351765632629,7497.65157699585,0.0011920928955078125,-0.014901161193847656,-0.0005960464477539062,-0.01430511474609375
1,2192,21.92,7497.8007376194,7497.057467699051,7497.351765632629,7497.637867927551,0.0011920928955078125,-0.014603137969970703,0.0,-0.013709068298339844
1,2193,21.93,7497.8007376194,7497.043758630753,7497.3514676094055,7497.622966766357,0.0,-0.013709068298339844,-0.0002980232238769531,-0.014901161193847656
1,2194,21.94,7497.801035642624,7497.030198574066,7497.3514676094055,7497.608661651611,0.0002980232238769531,-0.013560056686401367,0.0,-0.01430511474609375
1,2195,21.95,7497.8007376194,7497.0172345638275,7497.351318597794,7497.594356536865,-0.0002980232238769531,-0.012964010238647461,-0.00014901161193847656,-0.01430511474609375
1,2196,21.96,7497.800141572952,7497.004419565201,7497.351169586182,7497.580349445343,-0.0005960464477539062,-0.012814998626708984,-0.00014901161193847656,-0.014007091522216797
1,2197,21.97,7497.798949480057,7496.993243694305,7497.3514676094055,7497.565150260925,-0.0011920928955078125,-0.011175870895385742,0.0002980232238769531,-0.01519918441772461
1,2198,21.98,7497.7971613407135,7496.981620788574,7497.351169586182,7497.550249099731,-0.0017881393432617188,-0.011622905731201172,-0.0002980232238769531,-0.014901161193847656
1,2199,21.990000000000002,7497.795671224594,7496.970444917679,7497.351914644241,7497.5356459617615,-0.0014901161193847656,-0.011175870895385742,0.0007450580596923828,-0.014603137969970703
1,2200,22.0,7497.793287038803,7496.960014104843,7497.352361679077,7497.520446777344,-0.002384185791015625,-0.01043081283569336,0.0004470348358154297,-0.01519918441772461
1,2201,22.01,7497.790306806564,7496.950179338455,7497.352659702301,7497.505843639374,-0.0029802322387695312,-0.009834766387939453,0.0002980232238769531,-0.014603137969970703
1,2202,22.02,7497.787326574326,7496.940642595291,7497.352659702301,7497.490644454956,-0.0029802322387695312,-0.0095367431640625,0.0,-0.01519918441772461
1,2203,22.03,7497.783452272415,7496.931999921799,7497.353255748749,7497.476041316986,-0.0038743019104003906,-0.00864267349243164,0.0005960464477539062,-0.014603137969970703
1,2204,22.04,7497.779875993729,7496.923953294754,7497.353702783585,7497.460842132568,-0.0035762786865234375,-0.008046627044677734,0.0004470348358154297,-0.01519918441772461
1,2205,22.05,7497.775703668594,7496.915906667709,7497.35414981842,7497.4459409713745,-0.004172325134277344,-0.008046627044677734,0.0004470348358154297,-0.014901161193847656
1,2206,22.06,7497.770339250565,7496.90905213356,7497.355043888092,7497.431635856628,-0.005364418029785156,-0.006854534149169922,0.0008940696716308594,-0.01430511474609375
1,2207,22.07,7497.76616692543,7496.902346611023,7497.355937957764,7497.416734695435,-0.004172325134277344,-0.006705522537231445,0.0008940696716308594,-0.014901161193847656
1,2208,22.080000000000002,7497.760504484177,7496.896386146545,7497.356981039047,7497.401535511017,-0.005662441253662109,-0.0059604644775390625,0.001043081283569336,-0.01519918441772461
1,2209,22.09,7497.754842042923,7496.8913197517395,7497.357726097107,7497.386932373047,-0.005662441253662109,-0.005066394805908203,0.0007450580596923828,-0.014603137969970703
1,2210,22.1,7497.748881578445,7496.8865513801575,7497.358620166779,7497.372329235077,-0.0059604644775390625,-0.00476837158203125,0.0008940696716308594,-0.014603137969970703
1,2211,22.11,7497.742623090744,7496.882677078247,7497.359216213226,7497.358024120331,-0.006258487701416016,-0.0038743019104003906,0.0005960464477539062,-0.01430511474609375
1,2212,22.12,7497.736364603043,7496.878802776337,7497.360110282898,7497.344017028809,-0.006258487701416016,-0.0038743019104003906,0.0008940696716308594,-0.014007091522216797
1,2213,22.13,7497.729510068893,7496.875673532486,7497.36100435257,7497.3297119140625,-0.006854534149169922,-0.003129243850708008,0.0008940696716308594,-0.01430511474609375
1,2214,22.14,7497.72235751152,7496.873289346695,7497.361898422241,7497.31570482254,-0.007152557373046875,-0.002384185791015625,0.0008940696716308594,-0.014007091522216797
1,2215,22.150000000000002,7497.715204954147,7496.871501207352,7497.362941503525,7497.301697731018,-0.007152557373046875,-0.0017881393432617188,0.001043081283569336,-0.014007091522216797
1,2216,22.16,7497.707158327103,7496.870458126068,7497.364282608032,7497.28798866272,-0.008046627044677734,-0.001043081283569336,0.001341104507446289,-0.013709068298339844
1,2217,22.17,7497.699409723282,7496.869117021561,7497.365474700928,7497.274577617645,-0.007748603820800781,-0.001341104507446289,0.0011920928955078125,-0.01341104507446289
1,2218,22.18,7497.690767049789,7496.869117021561,7497.366964817047,7497.261762619019,-0.00864267349243164,0.0,0.0014901161193847656,-0.012814998626708984
1,2219,22.19,7497.682124376297,7496.870011091232,7497.368007898331,7497.248351573944,-0.00864267349243164,0.0008940696716308594,0.001043081283569336,-0.01341104507446289
1,2220,22.2,7497.673481702805,7496.87060713768,7497.369349002838,7497.236132621765,-0.00864267349243164,0.0005960464477539062,0.001341104507446289,-0.012218952178955078
1,2221,22.21,7497.664839029312,7496.872395277023,7497.370541095734,7497.223615646362,-0.00864267349243164,0.0017881393432617188,0.0011920928955078125,-0.012516975402832031
1,2222,22.22,7497.655302286148,7496.8743324279785,7497.371882200241,7497.2110986709595,-0.0095367431640625,0.0019371509552001953,0.001341104507446289,-0.012516975402832031
1,2223,22.23,7497.646063566208,7496.877163648605,7497.3732233047485,7497.1988797187805,-0.009238719940185547,0.0028312206268310547,0.001341104507446289,-0.012218952178955078
1,2224,22.240000000000002,7497.636526823044,7496.879994869232,7497.374713420868,7497.188150882721,-0.0095367431640625,0.0028312206268310547,0.0014901161193847656,-0.010728836059570312
1,2225,22.25,7497.626692056656,7496.883720159531,7497.376799583435,7497.176229953766,-0.009834766387939453,0.003725290298461914,0.002086162567138672,-0.011920928955078125
1,2226,22.26,7497.616559267044,7496.888488531113,7497.377991676331,7497.165501117706,-0.010132789611816406,0.00476837158203125,0.0011920928955078125,-0.010728836059570312
1,2227,22.27,7497.606426477432,7496.893256902695,7497.37948179245,7497.154772281647,-0.010132789611816406,0.00476837158203125,0.0014901161193847656,-0.010728836059570312
1,2228,22.28,7497.595697641373,7496.898323297501,7497.381269931793,7497.144937515259,-0.010728836059570312,0.005066394805908203,0.0017881393432617188,-0.009834766387939453
1,2229,22.29,7497.585564851761,7496.904283761978,7497.382462024689,7497.134506702423,-0.010132789611816406,0.0059604644775390625,0.0011920928955078125,-0.01043081283569336
1,2230,22.3,7497.575134038925,7496.910840272903,7497.38410115242,7497.124671936035,-0.01043081283569336,0.006556510925292969,0.0016391277313232422,-0.009834766387939453
1,2231,22.31,7497.564405202866,7496.917843818665,7497.385591268539,7497.115135192871,-0.010728836059570312,0.0070035457611083984,0.0014901161193847656,-0.0095367431640625
1,2232,22.32,7497.55397439003,7496.9251453876495,7497.387528419495,7497.106194496155,-0.01043081283569336,0.0073015689849853516,0.0019371509552001953,-0.008940696716308594
1,2233,22.330000000000002,7497.54324555397,7496.933192014694,7497.389614582062,7497.097551822662,-0.010728836059570312,0.008046627044677734,0.002086162567138672,-0.00864267349243164
1,2234,22.34,7497.531920671463,7496.941685676575,7497.391104698181,7497.089505195618,-0.011324882507324219,0.008493661880493164,0.0014901161193847656,-0.008046627044677734
1,2235,22.35,7497.52089381218,7496.950179338455,7497.392445802689,7497.081756591797,-0.011026859283447266,0.008493661880493164,0.001341104507446289,-0.007748603820800781
1,2236,22.36,7497.509866952896,7496.960014104843,7497.39408493042,7497.073709964752,-0.011026859283447266,0.009834766387939453,0.0016391277313232422,-0.008046627044677734
1,2237,22.37,7497.499138116837,7496.969401836395,7497.395575046539,7497.066855430603,-0.010728836059570312,0.009387731552124023,0.0014901161193847656,-0.006854534149169922
1,2238,22.38,7497.4872171878815,7496.979236602783,7497.398257255554,7497.060298919678,-0.011920928955078125,0.009834766387939453,0.002682209014892578,-0.006556510925292969
1,2239,22.39,7497.475892305374,7496.989816427231,7497.399747371674,7497.054040431976,-0.011324882507324219,0.010579824447631836,0.0014901161193847656,-0.006258487701416016
1,2240,22.400000000000002,7497.465163469315,7497.00054526329,7497.401088476181,7497.0486760139465,-0.010728836059570312,0.010728836059570312,0.001341104507446289,-0.005364418029785156
1,2241,22.41,7497.454136610031,7497.011870145798,7497.403025627136,7497.042715549469,-0.011026859283447266,0.011324882507324219,0.0019371509552001953,-0.0059604644775390625
1,2242,22.42,7497.443109750748,7497.023642063141,7497.405111789703,7497.037947177887,-0.011026859283447266,0.011771917343139648,0.002086162567138672,-0.00476837158203125
1,2243,22.43,7497.43178486824,7497.035712003708,7497.406601905823,7497.033476829529,-0.011324882507324219,0.012069940567016602,0.0014901161193847656,-0.004470348358154297
1,2244,22.44,7497.420459985733,7497.047930955887,7497.408092021942,7497.0293045043945,-0.011324882507324219,0.012218952178955078,0.0014901161193847656,-0.004172325134277344
1,2245,22.45,7497.4097311496735,7497.06044793129,7497.409880161285,7497.02513217926,-0.010728836059570312,0.012516975402832031,0.0017881393432617188,-0.004172325134277344
1,2246,22.46,7497.398406267166,7497.073411941528,7497.411817312241,7497.021555900574,-0.011324882507324219,0.012964010238647461,0.0019371509552001953,-0.0035762786865234375
1,2247,22.47,7497.387677431107,7497.086375951767,7497.413456439972,7497.019171714783,-0.010728836059570312,0.012964010238647461,0.0016391277313232422,-0.002384185791015625
1,2248,22.48,7497.376948595047,7497.099190950394,7497.415244579315,7497.017085552216,-0.010728836059570312,0.012814998626708984,0.0017881393432617188,-0.002086162567138672
1,2249,22.490000000000002,7497.366219758987,7497.11349606514,7497.41718173027,7497.014701366425,-0.010728836059570312,0.01430511474609375,0.0019371509552001953,-0.002384185791015625
1,2250,22.5,7497.356086969376,7497.127652168274,7497.418522834778,7497.013211250305,-0.010132789611816406,0.014156103134155273,0.001341104507446289,-0.0014901161193847656
1,2251,22.51,7497.345358133316,7497.141510248184,7497.419863939285,7497.01201915741,-0.010728836059570312,0.01385807991027832,0.001341104507446289,-0.0011920928955078125
1,2252,22.52,7497.335225343704,7497.156113386154,7497.4216520786285,7497.010827064514,-0.010132789611816406,0.014603137969970703,0.0017881393432617188,-0.0011920928955078125
1,2253,22.53,7497.324496507645,7497.1704185009,7497.423440217972,7497.010827064514,-0.010728836059570312,0.01430511474609375,0.0017881393432617188,0.0
1,2254,22.54,7497.314661741257,7497.184872627258,7497.425079345703,7497.010827064514,-0.009834766387939453,0.014454126358032227,0.0016391277313232422,0.0
1,2255,22.55,7497.304826974869,7497.200220823288,7497.4265694618225,7497.011423110962,-0.009834766387939453,0.015348196029663086,0.0014901161193847656,0.0005960464477539062
1,2256,22.56,7497.294694185257,7497.215270996094,7497.428357601166,7497.012615203857,-0.010132789611816406,0.015050172805786133,0.0017881393432617188,0.0011920928955078125
1,2257,22.57,7497.285455465317,7497.230619192123,7497.429698705673,7497.013509273529,-0.009238719940185547,0.015348196029663086,0.001341104507446289,0.0008940696716308594
1,2258,22.580000000000002,7497.276216745377,7497.245520353317,7497.431635856628,7497.015595436096,-0.009238719940185547,0.014901161193847656,0.0019371509552001953,0.002086162567138672
1,2259,22.59,7497.2666800022125,7497.261017560959,7497.432976961136,7497.018277645111,-0.0095367431640625,0.015497207641601562,0.001341104507446289,0.002682209014892578
1,2260,22.6,7497.257739305496,7497.276216745377,7497.434318065643,7497.020959854126,-0.008940696716308594,0.01519918441772461,0.001341104507446289,0.002682209014892578
1,2261,22.61,7497.249096632004,7497.292011976242,7497.435510158539,7497.023940086365,-0.00864267349243164,0.015795230865478516,0.0011920928955078125,0.0029802322387695312
1,2262,22.62,7497.240751981735,7497.307509183884,7497.43714928627,7497.0269203186035,-0.008344650268554688,0.015497207641601562,0.0016391277313232422,0.0029802322387695312
1,2263,22.63,7497.232109308243,7497.323304414749,7497.438490390778,7497.030794620514,-0.00864267349243164,0.015795230865478516,0.001341104507446289,0.0038743019104003906
1,2264,22.64,7497.224360704422,7497.338503599167,7497.439533472061,7497.034966945648,-0.007748603820800781,0.01519918441772461,0.001043081283569336,0.004172325134277344
1,2265,22.650000000000002,7497.216314077377,7497.354298830032,7497.4410235881805,7497.03973531723,-0.008046627044677734,0.015795230865478516,0.0014901161193847656,0.00476837158203125
1,2266,22.66,7497.208267450333,7497.369796037674,7497.442364692688,7497.044801712036,-0.008046627044677734,0.015497207641601562,0.001341104507446289,0.005066394805908203
1,2267,22.67,7497.201710939407,7497.385293245316,7497.4435567855835,7497.049570083618,-0.006556510925292969,0.015497207641601562,0.0011920928955078125,0.00476837158203125
1,2268,22.68,7497.194558382034,7497.400790452957,7497.444748878479,7497.055530548096,-0.007152557373046875,0.015497207641601562,0.0011920928955078125,0.0059604644775390625
1,2269,22.69,7497.187405824661,7497.416287660599,7497.445642948151,7497.061491012573,-0.007152557373046875,0.015497207641601562,0.0008940696716308594,0.0059604644775390625
1,2270,22.7,7497.180849313736,7497.4314868450165,7497.446686029434,7497.0680475234985,-0.006556510925292969,0.01519918441772461,0.001043081283569336,0.006556510925292969
1,2271,22.71,7497.174888849258,7497.446984052658,7497.447729110718,7497.074604034424,-0.0059604644775390625,0.015497207641601562,0.001043081283569336,0.006556510925292969
1,2272,22.72,7497.168630361557,7497.462183237076,7497.449070215225,7497.081756591797,-0.006258487701416016,0.01519918441772461,0.001341104507446289,0.007152557373046875
1,2273,22.73,7497.162967920303,7497.47708439827,7497.450113296509,7497.08890914917,-0.005662441253662109,0.014901161193847656,0.001043081283569336,0.007152557373046875
1,2274,22.740000000000002,7497.157901525497,7497.491538524628,7497.4507093429565,7497.096061706543,-0.005066394805908203,0.014454126358032227,0.0005960464477539062,0.007152557373046875
1,2275,22.75,7497.1528351306915,7497.5064396858215,7497.451901435852,7497.104108333588,-0.005066394805908203,0.014901161193847656,0.0011920928955078125,0.008046627044677734
1,2276,22.76,7497.1480667591095,7497.521191835403,7497.4524974823,7497.112452983856,-0.00476837158203125,0.01475214958190918,0.0005960464477539062,0.008344650268554688
1,2277,22.77,7497.1432983875275,7497.5354969501495,7497.453391551971,7497.120499610901,-0.00476837158203125,0.01430511474609375,0.0008940696716308594,0.008046627044677734
1,2278,22.78,7497.139126062393,7497.548907995224,7497.454285621643,7497.129738330841,-0.004172325134277344,0.01341104507446289,0.0008940696716308594,0.009238719940185547
1,2279,22.79,7497.134953737259,7497.562617063522,7497.455179691315,7497.139275074005,-0.004172325134277344,0.013709068298339844,0.0008940696716308594,0.0095367431640625
1,2280,22.8,7497.13197350502,7497.576624155045,7497.4556267261505,7497.147917747498,-0.0029802322387695312,0.014007091522216797,0.0004470348358154297,0.00864267349243164
1,2281,22.81,7497.128397226334,7497.589886188507,7497.456073760986,7497.156858444214,-0.0035762786865234375,0.013262033462524414,0.0004470348358154297,0.008940696716308594
1,2282,22.82,7497.125416994095,7497.602850198746,7497.456669807434,7497.166693210602,-0.0029802322387695312,0.012964010238647461,0.0005960464477539062,0.009834766387939453
1,2283,22.830000000000002,7497.12273478508,7497.615814208984,7497.457563877106,7497.176826000214,-0.002682209014892578,0.012964010238647461,0.0008940696716308594,0.010132789611816406
1,2284,22.84,7497.120350599289,7497.628480195999,7497.457414865494,7497.186660766602,-0.002384185791015625,0.012665987014770508,-0.00014901161193847656,0.009834766387939453
1,2285,22.85,7497.11886048317,7497.640699148178,7497.4580109119415,7497.196793556213,-0.0014901161193847656,0.012218952178955078,0.0005960464477539062,0.010132789611816406
1,2286,22.86,7497.117072343826,7497.652918100357,7497.458308935165,7497.206926345825,-0.0017881393432617188,0.012218952178955078,0.0002980232238769531,0.010132789611816406
1,2287,22.87,7497.115880250931,7497.664242982864,7497.459053993225,7497.2182512283325,-0.0011920928955078125,0.011324882507324219,0.0007450580596923828,0.011324882507324219
1,2288,22.88,7497.114688158035,7497.675269842148,7497.459053993225,7497.229278087616,-0.0011920928955078125,0.011026859283447266,0.0,0.011026859283447266
1,2289,22.89,7497.1140921115875,7497.686296701431,7497.459053993225,7497.239708900452,-0.0005960464477539062,0.011026859283447266,0.0,0.01043081283569336
1,2290,22.900000000000002,7497.113794088364,7497.697025537491,7497.458904981613,7497.250735759735,-0.0002980232238769531,0.010728836059570312,-0.00014901161193847656,0.011026859283447266
1,2291,22.91,7497.11349606514,7497.70775437355,7497.459053993225,7497.261166572571,-0.0002980232238769531,0.010728836059570312,0.00014901161193847656,0.01043081283569336
1,2292,22.92,7497.114390134811,7497.717589139938,7497.459352016449,7497.272491455078,0.0008940696716308594,0.009834766387939453,0.0002980232238769531,0.011324882507324219
1,2293,22.93,7497.114688158035,7497.7268278598785,7497.459352016449,7497.284412384033,0.0002980232238769531,0.009238719940185547,0.0,0.011920928955078125
1,2294,22.94,7497.115284204483,7497.735470533371,7497.459352016449,7497.2957372665405,0.0005960464477539062,0.00864267349243164,0.0,0.011324882507324219
1,2295,22.95,7497.1164762973785,7497.744411230087,7497.459650039673,7497.307062149048,0.0011920928955078125,0.008940696716308594,0.0002980232238769531,0.011324882507324219
1,2296,22.96,7497.117966413498,7497.752755880356,7497.459352016449,7497.318387031555,0.0014901161193847656,0.008344650268554688,-0.0002980232238769531,0.011324882507324219
1,2297,22.97,7497.119754552841,7497.761100530624,7497.459352016449,7497.330009937286,0.0017881393432617188,0.008344650268554688,0.0,0.011622905731201172
1,2298,22.98,7497.121840715408,7497.768253087997,7497.459053993225,7497.341632843018,0.002086162567138672,0.007152557373046875,-0.0002980232238769531,0.011622905731201172
1,2299,22.990000000000002,7497.124224901199,7497.775554656982,7497.458755970001,7497.353553771973,0.002384185791015625,0.0073015689849853516,-0.0002980232238769531,0.011920928955078125
1,2300,23.0,7497.127205133438,7497.78226017952,7497.4581599235535,7497.364282608032,0.0029802322387695312,0.006705522537231445,-0.0005960464477539062,0.010728836059570312
1,2301,23.01,7497.130185365677,7497.788369655609,7497.457563877106,7497.375905513763,0.0029802322387695312,0.006109476089477539,-0.0005960464477539062,0.011622905731201172
1,2302,23.02,7497.133761644363,7497.794479131699,7497.457265853882,7497.387230396271,0.0035762786865234375,0.006109476089477539,-0.0002980232238769531,0.011324882507324219
1,2303,23.03,7497.137039899826,7497.7996945381165,7497.45711684227,7497.399151325226,0.0032782554626464844,0.00521540641784668,-0.00014901161193847656,0.011920928955078125
1,2304,23.04,7497.140914201736,7497.804909944534,7497.456222772598,7497.410178184509,0.0038743019104003906,0.00521540641784668,-0.0008940696716308594,0.011026859283447266
1,2305,23.05,7497.144788503647,7497.8092312812805,7497.455924749374,7497.422099113464,0.0038743019104003906,0.00432133674621582,-0.0002980232238769531,0.011920928955078125
1,2306,23.06,7497.149258852005,7497.812956571579,7497.455179691315,7497.433423995972,0.004470348358154297,0.003725290298461914,-0.0007450580596923828,0.011324882507324219
1,2307,23.07,7497.153431177139,7497.817128896713,7497.454434633255,7497.444450855255,0.004172325134277344,0.004172325134277344,-0.0007450580596923828,0.011026859283447266
1,2308,23.080000000000002,7497.158795595169,7497.820109128952,7497.453391551971,7497.454881668091,0.005364418029785156,0.0029802322387695312,-0.001043081283569336,0.01043081283569336
1,2309,23.09,7497.163861989975,7497.822791337967,7497.452795505524,7497.466504573822,0.005066394805908203,0.002682209014892578,-0.0005960464477539062,0.011622905731201172
1,2310,23.1,7497.169524431229,7497.825175523758,7497.452050447464,7497.476935386658,0.005662441253662109,0.002384185791015625,-0.0007450580596923828,0.01043081283569336
1,2311,23.11,7497.174888849258,7497.826963663101,7497.451305389404,7497.488260269165,0.005364418029785156,0.0017881393432617188,-0.0007450580596923828,0.011324882507324219
1,2312,23.12,7497.180551290512,7497.8286027908325,7497.450560331345,7497.498691082001,0.005662441253662109,0.0016391277313232422,-0.0007450580596923828,0.01043081283569336
1,2313,23.13,7497.1868097782135,7497.829049825668,7497.449666261673,7497.509121894836,0.006258487701416016,0.0004470348358154297,-0.0008940696716308594,0.01043081283569336
1,2314,23.14,7497.192770242691,7497.829645872116,7497.448623180389,7497.519254684448,0.0059604644775390625,0.0005960464477539062,-0.001043081283569336,0.010132789611816406
1,2315,23.150000000000002,7497.199326753616,7497.82994389534,7497.447729110718,7497.52938747406,0.006556510925292969,0.0002980232238769531,-0.0008940696716308594,0.010132789611816406
1,2316,23.16,7497.205883264542,7497.829347848892,7497.446835041046,7497.539222240448,0.006556510925292969,-0.0005960464477539062,-0.0008940696716308594,0.009834766387939453
1,2317,23.17,7497.212439775467,7497.8286027908325,7497.4459409713745,7497.549057006836,0.006556510925292969,-0.0007450580596923828,-0.0008940696716308594,0.009834766387939453
1,2318,23.18,7497.21959233284,7497.827261686325,7497.444748878479,7497.55859375,0.007152557373046875,-0.001341104507446289,-0.0011920928955078125,0.0095367431640625
1,2319,23.19,7497.226446866989,7497.825920581818,7497.4435567855835,7497.56783246994,0.006854534149169922,-0.001341104507446289,-0.0011920928955078125,0.009238719940185547
1,2320,23.2,7497.233897447586,7497.8238344192505,7497.4425137043,7497.57707118988,0.007450580596923828,-0.002086162567138672,-0.001043081283569336,0.009238719940185547
1,2321,23.21,7497.241050004959,7497.820407152176,7497.441470623016,7497.586607933044,0.007152557373046875,-0.003427267074584961,-0.001043081283569336,0.0095367431640625
1,2322,23.22,7497.248202562332,7497.818320989609,7497.440427541733,7497.594952583313,0.007152557373046875,-0.002086162567138672,-0.001043081283569336,0.008344650268554688
1,2323,23.23,7497.256547212601,7497.814446687698,7497.4387884140015,7497.6032972335815,0.008344650268554688,-0.0038743019104003906,-0.0016391277313232422,0.008344650268554688
1,2324,23.240000000000002,7497.2642958164215,7497.811168432236,7497.43789434433,7497.611045837402,0.007748603820800781,-0.0032782554626464844,-0.0008940696716308594,0.007748603820800781
1,2325,23.25,7497.272044420242,7497.806698083878,7497.436702251434,7497.619390487671,0.007748603820800781,-0.004470348358154297,-0.0011920928955078125,0.008344650268554688
1,2326,23.26,7497.280091047287,7497.802525758743,7497.435212135315,7497.626841068268,0.008046627044677734,-0.004172325134277344,-0.0014901161193847656,0.007450580596923828
1,2327,23.27,7497.288137674332,7497.797459363937,7497.4338710308075,7497.634589672089,0.008046627044677734,-0.005066394805908203,-0.001341104507446289,0.007748603820800781
1,2328,23.28,7497.296184301376,7497.7923929691315,7497.432827949524,7497.641444206238,0.008046627044677734,-0.005066394805908203,-0.001043081283569336,0.006854534149169922
1,2329,23.29,7497.304528951645,7497.786432504654,7497.4314868450165,7497.648596763611,0.008344650268554688,-0.0059604644775390625,-0.001341104507446289,0.007152557373046875
1,2330,23.3,7497.31257557869,7497.780472040176,7497.430145740509,7497.654557228088,0.008046627044677734,-0.0059604644775390625,-0.001341104507446289,0.0059604644775390625
1,2331,23.31,7497.321516275406,7497.773915529251,7497.4289536476135,7497.661113739014,0.008940696716308594,-0.006556510925292969,-0.0011920928955078125,0.006556510925292969
1,2332,23.32,7497.329860925674,7497.767210006714,7497.42716550827,7497.667074203491,0.008344650268554688,-0.006705522537231445,-0.0017881393432617188,0.0059604644775390625
1,2333,23.330000000000002,7497.338205575943,7497.760206460953,7497.426122426987,7497.672736644745,0.008344650268554688,-0.0070035457611083984,-0.001043081283569336,0.005662441253662109
1,2334,23.34,7497.347146272659,7497.752457857132,7497.424781322479,7497.678101062775,0.008940696716308594,-0.007748603820800781,-0.001341104507446289,0.005364418029785156
1,2335,23.35,7497.355490922928,7497.744560241699,7497.42329120636,7497.683167457581,0.008344650268554688,-0.007897615432739258,-0.0014901161193847656,0.005066394805908203
1,2336,23.36,7497.363835573196,7497.7366626262665,7497.422099113464,7497.687637805939,0.008344650268554688,-0.007897615432739258,-0.0011920928955078125,0.004470348358154297
1,2337,23.37,7497.372776269913,7497.727870941162,7497.421056032181,7497.692704200745,0.008940696716308594,-0.008791685104370117,-0.001043081283569336,0.005066394805908203
1,2338,23.38,7497.381120920181,7497.71922826767,7497.419118881226,7497.696280479431,0.008344650268554688,-0.00864267349243164,-0.0019371509552001953,0.0035762786865234375
1,2339,23.39,7497.389763593674,7497.710436582565,7497.41792678833,7497.700154781342,0.00864267349243164,-0.008791685104370117,-0.0011920928955078125,0.0038743019104003906
1,2340,23.400000000000002,7497.398406267166,7497.701495885849,7497.416585683823,7497.703433036804,0.00864267349243164,-0.008940696716308594,-0.001341104507446289,0.0032782554626464844
1,2341,23.41,7497.407048940659,7497.691810131073,7497.415244579315,7497.706711292267,0.00864267349243164,-0.009685754776000977,-0.001341104507446289,0.0032782554626464844
1,2342,23.42,7497.415393590927,7497.682124376297,7497.413754463196,7497.709393501282,0.008344650268554688,-0.009685754776000977,-0.0014901161193847656,0.002682209014892578
1,2343,23.43,7497.42403626442,7497.671842575073,7497.4125623703,7497.712075710297,0.00864267349243164,-0.010281801223754883,-0.0011920928955078125,0.002682209014892578
1,2344,23.44,7497.432082891464,7497.662454843521,7497.410774230957,7497.714161872864,0.008046627044677734,-0.009387731552124023,-0.0017881393432617188,0.002086162567138672
1,2345,23.45,7497.440725564957,7497.651726007462,7497.409880161285,7497.715651988983,0.00864267349243164,-0.010728836059570312,-0.0008940696716308594,0.0014901161193847656
1,2346,23.46,7497.4484741687775,7497.640997171402,7497.408390045166,7497.71773815155,0.007748603820800781,-0.010728836059570312,-0.0014901161193847656,0.002086162567138672
1,2347,23.47,7497.456818819046,7497.630417346954,7497.406899929047,7497.718632221222,0.008344650268554688,-0.010579824447631836,-0.0014901161193847656,0.0008940696716308594
1,2348,23.48,7497.464567422867,7497.619539499283,7497.406303882599,7497.719526290894,0.007748603820800781,-0.010877847671508789,-0.0005960464477539062,0.0008940696716308594
1,2349,23.490000000000002,7497.4726140499115,7497.608512639999,7497.4048137664795,7497.720122337341,0.008046627044677734,-0.011026859283447266,-0.0014901161193847656,0.0005960464477539062
1,2350,23.5,7497.480362653732,7497.597485780716,7497.403472661972,7497.719824314117,0.007748603820800781,-0.011026859283447266,-0.001341104507446289,-0.0002980232238769531
1,2351,23.51,7497.488409280777,7497.586160898209,7497.402131557465,7497.719526290894,0.008046627044677734,-0.011324882507324219,-0.001341104507446289,-0.0002980232238769531
1,2352,23.52,7497.496157884598,7497.574836015701,7497.400641441345,7497.718930244446,0.007748603820800781,-0.011324882507324219,-0.0014901161193847656,-0.0005960464477539062
1,2353,23.53,7497.503310441971,7497.562915086746,7497.399747371674,7497.718632221222,0.007152557373046875,-0.011920928955078125,-0.0008940696716308594,-0.0002980232238769531
1,2354,23.54,7497.510761022568,7497.551143169403,7497.398555278778,7497.71773815155,0.007450580596923828,-0.011771917343139648,-0.0011920928955078125,-0.0008940696716308594
1,2355,23.55,7497.517615556717,7497.539669275284,7497.397214174271,7497.715950012207,0.006854534149169922,-0.011473894119262695,-0.001341104507446289,-0.0017881393432617188
1,2356,23.56,7497.52476811409,7497.5283443927765,7497.396171092987,7497.714161872864,0.007152557373046875,-0.011324882507324219,-0.001043081283569336,-0.0017881393432617188
1,2357,23.57,7497.531324625015,7497.515827417374,7497.395277023315,7497.7123737335205,0.006556510925292969,-0.012516975402832031,-0.0008940696716308594,-0.0017881393432617188
1,2358,23.580000000000002,7497.538179159164,7497.5040555000305,7497.39408493042,7497.7099895477295,0.006854534149169922,-0.011771917343139648,-0.0011920928955078125,-0.002384185791015625
1,2359,23.59,7497.54473567009,7497.492134571075,7497.393041849136,7497.707307338715,0.006556510925292969,-0.011920928955078125,-0.001043081283569336,-0.002682209014892578
1,2360,23.6,7497.550994157791,7497.479617595673,7497.392296791077,7497.7046251297,0.006258487701416016,-0.012516975402832031,-0.0007450580596923828,-0.002682209014892578
1,2361,23.61,7497.557550668716,7497.468143701553,7497.391104698181,7497.700750827789,0.006556510925292969,-0.011473894119262695,-0.0011920928955078125,-0.0038743019104003906
1,2362,23.62,7497.56321310997,7497.455924749374,7497.38946557045,7497.697174549103,0.005662441253662109,-0.012218952178955078,-0.0016391277313232422,-0.0035762786865234375
1,2363,23.63,7497.5694715976715,7497.444301843643,7497.38872051239,7497.693300247192,0.006258487701416016,-0.011622905731201172,-0.0007450580596923828,-0.0038743019104003906
1,2364,23.64,7497.574537992477,7497.43178486824,7497.388124465942,7497.689723968506,0.005066394805908203,-0.012516975402832031,-0.0005960464477539062,-0.0035762786865234375
1,2365,23.650000000000002,7497.580200433731,7497.420161962509,7497.386932373047,7497.685253620148,0.005662441253662109,-0.011622905731201172,-0.0011920928955078125,-0.004470348358154297
1,2366,23.66,7497.585564851761,7497.408241033554,7497.385889291763,7497.680187225342,0.005364418029785156,-0.011920928955078125,-0.001043081283569336,-0.005066394805908203
1,2367,23.67,7497.590333223343,7497.396618127823,7497.385144233704,7497.67541885376,0.00476837158203125,-0.011622905731201172,-0.0007450580596923828,-0.00476837158203125
1,2368,23.68,7497.595101594925,7497.385144233704,7497.384548187256,7497.670352458954,0.00476837158203125,-0.011473894119262695,-0.0005960464477539062,-0.005066394805908203
1,2369,23.69,7497.599869966507,7497.373521327972,7497.383654117584,7497.664988040924,0.00476837158203125,-0.011622905731201172,-0.0008940696716308594,-0.005364418029785156
1,2370,23.7,7497.604638338089,7497.361898422241,7497.382611036301,7497.65932559967,0.00476837158203125,-0.011622905731201172,-0.001043081283569336,-0.005662441253662109
1,2371,23.71,7497.6082146167755,7497.35027551651,7497.382164001465,7497.653961181641,0.0035762786865234375,-0.011622905731201172,-0.0004470348358154297,-0.005364418029785156
1,2372,23.72,7497.612088918686,7497.3393976688385,7497.381269931793,7497.647702693939,0.0038743019104003906,-0.010877847671508789,-0.0008940696716308594,-0.006258487701416016
1,2373,23.73,7497.615665197372,7497.328072786331,7497.3806738853455,7497.641444206238,0.0035762786865234375,-0.011324882507324219,-0.0005960464477539062,-0.006258487701416016
1,2374,23.740000000000002,7497.619241476059,7497.317343950272,7497.379928827286,7497.634589672089,0.0035762786865234375,-0.010728836059570312,-0.0007450580596923828,-0.006854534149169922
1,2375,23.75,7497.622519731522,7497.306317090988,7497.379779815674,7497.628033161163,0.0032782554626464844,-0.011026859283447266,-0.00014901161193847656,-0.006556510925292969
1,2376,23.76,7497.62549996376,7497.295290231705,7497.379183769226,7497.62088060379,0.0029802322387695312,-0.011026859283447266,-0.0005960464477539062,-0.007152557373046875
1,2377,23.77,7497.627884149551,7497.285306453705,7497.378885746002,7497.613728046417,0.002384185791015625,-0.00998377799987793,-0.0002980232238769531,-0.007152557373046875
1,2378,23.78,7497.630566358566,7497.275620698929,7497.377842664719,7497.60627746582,0.002682209014892578,-0.009685754776000977,-0.001043081283569336,-0.007450580596923828
1,2379,23.79,7497.632652521133,7497.264891862869,7497.377991676331,7497.599720954895,0.002086162567138672,-0.010728836059570312,0.00014901161193847656,-0.006556510925292969
1,2380,23.8,7497.634440660477,7497.255504131317,7497.377544641495,7497.591972351074,0.0017881393432617188,-0.009387731552124023,-0.0004470348358154297,-0.007748603820800781
1,2381,23.81,7497.636526823044,7497.245520353317,7497.376799583435,7497.584223747253,0.002086162567138672,-0.00998377799987793,-0.0007450580596923828,-0.007748603820800781
1,2382,23.82,7497.638016939163,7497.235983610153,7497.376799583435,7497.575879096985,0.0014901161193847656,-0.0095367431640625,0.0,-0.008344650268554688
1,2383,23.830000000000002,7497.638911008835,7497.226744890213,7497.376203536987,7497.568428516388,0.0008940696716308594,-0.009238719940185547,-0.0005960464477539062,-0.007450580596923828
1,2384,23.84,7497.64010310173,7497.217655181885,7497.375905513763,7497.560083866119,0.0011920928955078125,-0.00908970832824707,-0.0002980232238769531,-0.008344650268554688
1,2385,23.85,7497.640997171402,7497.209161520004,7497.375905513763,7497.551739215851,0.0008940696716308594,-0.008493661880493164,0.0,-0.008344650268554688
1,2386,23.86,7497.64159321785,7497.200518846512,7497.37560749054,7497.543394565582,0.0005960464477539062,-0.00864267349243164,-0.0002980232238769531,-0.008344650268554688
1,2387,23.87,7497.64159321785,7497.192323207855,7497.3757565021515,7497.53475189209,0.0,-0.008195638656616211,0.00014901161193847656,-0.00864267349243164
1,2388,23.88,7497.641295194626,7497.184723615646,7497.375905513763,7497.526407241821,-0.0002980232238769531,-0.007599592208862305,0.00014901161193847656,-0.008344650268554688
1,2389,23.89,7497.641295194626,7497.177571058273,7497.37560749054,7497.518062591553,0.0,-0.007152557373046875,-0.0002980232238769531,-0.008344650268554688
1,2390,23.900000000000002,7497.640699148178,7497.170120477676,7497.375905513763,7497.509121894836,-0.0005960464477539062,-0.007450580596923828,0.0002980232238769531,-0.008940696716308594
1,2391,23.91,7497.64010310173,7497.163265943527,7497.376054525375,7497.50018119812,-0.0005960464477539062,-0.006854534149169922,0.00014901161193847656,-0.008940696716308594
1,2392,23.92,7497.639209032059,7497.156113386154,7497.37560749054,7497.491836547852,-0.0008940696716308594,-0.007152557373046875,-0.0004470348358154297,-0.008344650268554688
1,2393,23.93,7497.637718915939,7497.149854898453,7497.376203536987,7497.482895851135,-0.0014901161193847656,-0.006258487701416016,0.0005960464477539062,-0.008940696716308594
1,2394,23.94,7497.636526823044,7497.143894433975,7497.376501560211,7497.474253177643,-0.0011920928955078125,-0.0059604644775390625,0.0002980232238769531,-0.00864267349243164
1,2395,23.95,7497.635036706924,7497.137933969498,7497.376501560211,7497.4653124809265,-0.0014901161193847656,-0.0059604644775390625,0.0,-0.008940696716308594
1,2396,23.96,7497.632950544357,7497.132271528244,7497.377097606659,7497.456669807434,-0.002086162567138672,-0.005662441253662109,0.0005960464477539062,-0.00864267349243164
1,2397,23.97,7497.630566358566,7497.127503156662,7497.377395629883,7497.447729110718,-0.002384185791015625,-0.00476837158203125,0.0002980232238769531,-0.008940696716308594
1,2398,23.98,7497.628480195999,7497.123032808304,7497.377395629883,7497.4387884140015,-0.002086162567138672,-0.004470348358154297,0.0,-0.008940696716308594
1,2399,23.990000000000002,7497.626096010208,7497.117966413498,7497.377842664719,7497.430443763733,-0.002384185791015625,-0.005066394805908203,0.0004470348358154297,-0.008344650268554688
1,2400,24.0,7497.623115777969,7497.114390134811,7497.377991676331,7497.421503067017,-0.0029802322387695312,-0.0035762786865234375,0.00014901161193847656,-0.008940696716308594
1,2401,24.01,7497.620135545731,7497.110515832901,7497.378438711166,7497.412860393524,-0.0029802322387695312,-0.0038743019104003906,0.0004470348358154297,-0.00864267349243164
1,2402,24.02,7497.617155313492,7497.106492519379,7497.37948179245,7497.404217720032,-0.0029802322387695312,-0.004023313522338867,0.001043081283569336,-0.00864267349243164
1,2403,24.03,7497.613877058029,7497.10351228714,7497.37948179245,7497.395277023315,-0.0032782554626464844,-0.0029802322387695312,0.0,-0.008940696716308594
1,2404,24.04,7497.610002756119,7497.101128101349,7497.379928827286,7497.386634349823,-0.0038743019104003906,-0.002384185791015625,0.0004470348358154297,-0.00864267349243164
1,2405,24.05,7497.606426477432,7497.098594903946,7497.3805248737335,7497.378885746002,-0.0035762786865234375,-0.0025331974029541016,0.0005960464477539062,-0.007748603820800781
1,2406,24.060000000000002,7497.602254152298,7497.096806764603,7497.381269931793,7497.369647026062,-0.004172325134277344,-0.0017881393432617188,0.0007450580596923828,-0.009238719940185547
1,2407,24.07,7497.598081827164,7497.0948696136475,7497.381567955017,7497.361600399017,-0.004172325134277344,-0.0019371509552001953,0.0002980232238769531,-0.008046627044677734
1,2408,24.080000000000002,7497.594505548477,7497.09352850914,7497.382014989853,7497.352957725525,-0.0035762786865234375,-0.001341104507446289,0.0004470348358154297,-0.00864267349243164
1,2409,24.09,7497.589439153671,7497.092038393021,7497.38335609436,7497.345209121704,-0.005066394805908203,-0.0014901161193847656,0.001341104507446289,-0.007748603820800781
1,2410,24.1,7497.585266828537,7497.091591358185,7497.383654117584,7497.336864471436,-0.004172325134277344,-0.0004470348358154297,0.0002980232238769531,-0.008344650268554688
1,2411,24.11,7497.580200433731,7497.091591358185,7497.384399175644,7497.328817844391,-0.005066394805908203,0.0,0.0007450580596923828,-0.008046627044677734
1,2412,24.12,7497.575134038925,7497.091144323349,7497.3854422569275,7497.321367263794,-0.005066394805908203,-0.0004470348358154297,0.001043081283569336,-0.007450580596923828
1,2413,24.13,7497.570067644119,7497.091740369797,7497.386038303375,7497.313618659973,-0.005066394805908203,0.0005960464477539062,0.0005960464477539062,-0.007748603820800781
1,2414,24.14,7497.565001249313,7497.092485427856,7497.386634349823,7497.305870056152,-0.005066394805908203,0.0007450580596923828,0.0005960464477539062,-0.007748603820800781
1,2415,24.150000000000002,7497.559636831284,7497.093081474304,7497.387677431107,7497.298717498779,-0.005364418029785156,0.0005960464477539062,0.001043081283569336,-0.007152557373046875
1,2416,24.16,7497.55397439003,7497.094571590424,7497.388422489166,7497.291564941406,-0.005662441253662109,0.0014901161193847656,0.0007450580596923828,-0.007152557373046875
1,2417,24.17,7497.548609972,7497.096061706543,7497.388869524002,7497.284710407257,-0.005364418029785156,0.0014901161193847656,0.0004470348358154297,-0.006854534149169922
1,2418,24.18,7497.542649507523,7497.098296880722,7497.389912605286,7497.277855873108,-0.0059604644775390625,0.0022351741790771484,0.001043081283569336,-0.006854534149169922
1,2419,24.19,7497.537285089493,7497.100532054901,7497.391104698181,7497.271299362183,-0.005364418029785156,0.0022351741790771484,0.0011920928955078125,-0.006556510925292969
1,2420,24.2,7497.531920671463,7497.10276722908,7497.391551733017,7497.264742851257,-0.005364418029785156,0.0022351741790771484,0.0004470348358154297,-0.006556510925292969
1,2421,24.21,7497.525364160538,7497.106194496155,7497.3927438259125,7497.258186340332,-0.006556510925292969,0.003427267074584961,0.0011920928955078125,-0.006556510925292969
1,2422,24.22,7497.519105672836,7497.109174728394,7497.393786907196,7497.2522258758545,-0.006258487701416016,0.0029802322387695312,0.001043081283569336,-0.0059604644775390625
1,2423,24.23,7497.512847185135,7497.112900018692,7497.394680976868,7497.246563434601,-0.006258487701416016,0.003725290298461914,0.0008940696716308594,-0.005662441253662109
1,2424,24.240000000000002,7497.50629067421,7497.1164762973785,7497.395426034927,7497.241199016571,-0.006556510925292969,0.0035762786865234375,0.0007450580596923828,-0.005364418029785156
1,2425,24.25,7497.500330209732,7497.120648622513,7497.396767139435,7497.235536575317,-0.0059604644775390625,0.004172325134277344,0.001341104507446289,-0.005662441253662109
1,2426,24.26,7497.493773698807,7497.124820947647,7497.39795923233,7497.2304701805115,-0.006556510925292969,0.004172325134277344,0.0011920928955078125,-0.005066394805908203
1,2427,24.27,7497.487515211105,7497.129887342453,7497.398555278778,7497.225105762482,-0.006258487701416016,0.005066394805908203,0.0005960464477539062,-0.005364418029785156
1,2428,24.28,7497.48095870018,7497.134655714035,7497.399151325226,7497.2203373909,-0.006556510925292969,0.00476837158203125,0.0005960464477539062,-0.00476837158203125
1,2429,24.29,7497.474402189255,7497.139722108841,7497.400641441345,7497.2158670425415,-0.006556510925292969,0.005066394805908203,0.0014901161193847656,-0.004470348358154297
1,2430,24.3,7497.4678456783295,7497.1456825733185,7497.401386499405,7497.2110986709595,-0.006556510925292969,0.0059604644775390625,0.0007450580596923828,-0.00476837158203125
1,2431,24.310000000000002,7497.461587190628,7497.15119600296,7497.4025785923,7497.206926345825,-0.006258487701416016,0.005513429641723633,0.0011920928955078125,-0.004172325134277344
1,2432,24.32,7497.455030679703,7497.157156467438,7497.403621673584,7497.203350067139,-0.006556510925292969,0.0059604644775390625,0.001043081283569336,-0.0035762786865234375
1,2433,24.330000000000002,7497.4484741687775,7497.163563966751,7497.404515743256,7497.199773788452,-0.006556510925292969,0.006407499313354492,0.0008940696716308594,-0.0035762786865234375
1,2434,24.34,7497.441321611404,7497.170120477676,7497.405707836151,7497.196197509766,-0.007152557373046875,0.006556510925292969,0.0011920928955078125,-0.0035762786865234375
1,2435,24.35,7497.434765100479,7497.176080942154,7497.406899929047,7497.193515300751,-0.006556510925292969,0.0059604644775390625,0.0011920928955078125,-0.002682209014892578
1,2436,24.36,7497.428208589554,7497.183382511139,7497.407793998718,7497.190535068512,-0.006556510925292969,0.0073015689849853516,0.0008940696716308594,-0.0029802322387695312
1,2437,24.37,7497.421950101852,7497.190237045288,7497.408837080002,7497.187554836273,-0.006258487701416016,0.006854534149169922,0.001043081283569336,-0.0029802322387695312
1,2438,24.38,7497.415393590927,7497.197836637497,7497.409880161285,7497.185170650482,-0.006556510925292969,0.007599592208862305,0.001043081283569336,-0.002384185791015625
1,2439,24.39,7497.409135103226,7497.205138206482,7497.411072254181,7497.183084487915,-0.006258487701416016,0.0073015689849853516,0.0011920928955078125,-0.002086162567138672
1,2440,24.400000000000002,7497.4025785923,7497.213035821915,7497.411668300629,7497.181296348572,-0.006556510925292969,0.007897615432739258,0.0005960464477539062,-0.0017881393432617188
1,2441,24.41,7497.396022081375,7497.221082448959,7497.412860393524,7497.1795082092285,-0.006556510925292969,0.008046627044677734,0.0011920928955078125,-0.0017881393432617188
1,2442,24.42,7497.390061616898,7497.229129076004,7497.413605451584,7497.178018093109,-0.0059604644775390625,0.008046627044677734,0.0007450580596923828,-0.0014901161193847656
1,2443,24.43,7497.383207082748,7497.237026691437,7497.415244579315,7497.1771240234375,-0.006854534149169922,0.007897615432739258,0.0016391277313232422,-0.0008940696716308594
1,2444,24.44,7497.377544641495,7497.245073318481,7497.415691614151,7497.175931930542,-0.005662441253662109,0.008046627044677734,0.0004470348358154297,-0.0011920928955078125
1,2445,24.45,7497.3709881305695,7497.253566980362,7497.416734695435,7497.175633907318,-0.006556510925292969,0.008493661880493164,0.001043081283569336,-0.0002980232238769531
1,2446,24.46,7497.365027666092,7497.261762619019,7497.418075799942,7497.175931930542,-0.0059604644775390625,0.008195638656616211,0.001341104507446289,0.0002980232238769531
1,2447,24.47,7497.359067201614,7497.271150350571,7497.418522834778,7497.1747398376465,-0.0059604644775390625,0.009387731552124023,0.0004470348358154297,-0.0011920928955078125
1,2448,24.48,7497.353106737137,7497.279345989227,7497.4194169044495,7497.175335884094,-0.0059604644775390625,0.008195638656616211,0.0008940696716308594,0.0005960464477539062
1,2449,24.490000000000002,7497.347444295883,7497.288137674332,7497.420310974121,7497.175335884094,-0.005662441253662109,0.008791685104370117,0.0008940696716308594,0.0
1,2450,24.5,7497.341483831406,7497.296929359436,7497.4216520786285,7497.17652797699,-0.0059604644775390625,0.008791685104370117,0.001341104507446289,0.0011920928955078125
1,2451,24.51,7497.3364174366,7497.306764125824,7497.422099113464,7497.176826000214,-0.005066394805908203,0.009834766387939453,0.0004470348358154297,0.0002980232238769531
1,2452,24.52,7497.330456972122,7497.314810752869,7497.422993183136,7497.178614139557,-0.0059604644775390625,0.008046627044677734,0.0008940696716308594,0.0017881393432617188
1,2453,24.53,7497.325092554092,7497.324496507645,7497.4241852760315,7497.179210186005,-0.005364418029785156,0.009685754776000977,0.0011920928955078125,0.0005960464477539062
1,2454,24.54,7497.3200261592865,7497.333586215973,7497.424781322479,7497.180998325348,-0.005066394805908203,0.00908970832824707,0.0005960464477539062,0.0017881393432617188
1,2455,24.55,7497.314363718033,7497.342973947525,7497.425973415375,7497.183084487915,-0.005662441253662109,0.009387731552124023,0.0011920928955078125,0.002086162567138672
1,2456,24.560000000000002,7497.309595346451,7497.352212667465,7497.426867485046,7497.184872627258,-0.00476837158203125,0.009238719940185547,0.0008940696716308594,0.0017881393432617188
1,2457,24.57,7497.304528951645,7497.361451387405,7497.427612543106,7497.187554836273,-0.005066394805908203,0.009238719940185547,0.0007450580596923828,0.002682209014892578
1,2458,24.580000000000002,7497.300058603287,7497.370690107346,7497.428357601166,7497.18964099884,-0.004470348358154297,0.009238719940185547,0.0007450580596923828,0.002086162567138672
1,2459,24.59,7497.295290231705,7497.379332780838,7497.4291026592255,7497.192621231079,-0.00476837158203125,0.00864267349243164,0.0007450580596923828,0.0029802322387695312
1,2460,24.6,7497.290521860123,7497.388571500778,7497.430145740509,7497.195899486542,-0.00476837158203125,0.009238719940185547,0.001043081283569336,0.0032782554626464844
1,2461,24.61,7497.286647558212,7497.3975121974945,7497.430741786957,7497.198581695557,-0.0038743019104003906,0.008940696716308594,0.0005960464477539062,0.002682209014892578
1,2462,24.62,7497.282177209854,7497.407346963882,7497.431635856628,7497.202157974243,-0.004470348358154297,0.009834766387939453,0.0008940696716308594,0.0035762786865234375
1,2463,24.63,7497.278302907944,7497.416287660599,7497.431635856628,7497.20573425293,-0.0038743019104003906,0.008940696716308594,0.0,0.0035762786865234375
1,2464,24.64,7497.274726629257,7497.425079345703,7497.432380914688,7497.209310531616,-0.0035762786865234375,0.008791685104370117,0.0007450580596923828,0.0035762786865234375
1,2465,24.650000000000002,7497.270852327347,7497.434020042419,7497.433423995972,7497.2134828567505,-0.0038743019104003906,0.008940696716308594,0.001043081283569336,0.004172325134277344
1,2466,24.66,7497.267872095108,7497.443109750748,7497.433573007584,7497.217357158661,-0.0029802322387695312,0.00908970832824707,0.00014901161193847656,0.0038743019104003906
1,2467,24.67,7497.263997793198,7497.45175242424,7497.434169054031,7497.222125530243,-0.0038743019104003906,0.00864267349243164,0.0005960464477539062,0.00476837158203125
1,2468,24.68,7497.260719537735,7497.4605441093445,7497.435212135315,7497.226595878601,-0.0032782554626464844,0.008791685104370117,0.001043081283569336,0.004470348358154297
1,2469,24.69,7497.257739305496,7497.469186782837,7497.435808181763,7497.231364250183,-0.0029802322387695312,0.00864267349243164,0.0005960464477539062,0.00476837158203125
1,2470,24.7,7497.255057096481,7497.4775314331055,7497.435808181763,7497.236132621765,-0.002682209014892578,0.008344650268554688,0.0,0.00476837158203125
1,2471,24.71,7497.252374887466,7497.486025094986,7497.436553239822,7497.240900993347,-0.002682209014892578,0.008493661880493164,0.0007450580596923828,0.00476837158203125
1,2472,24.72,7497.2496926784515,7497.4943697452545,7497.437000274658,7497.246563434601,-0.002682209014892578,0.008344650268554688,0.0004470348358154297,0.005662441253662109
1,2473,24.73,7497.248202562332,7497.502565383911,7497.437298297882,7497.251331806183,-0.0014901161193847656,0.008195638656616211,0.0002980232238769531,0.00476837158203125
1,2474,24.740000000000002,7497.246116399765,7497.510313987732,7497.438043355942,7497.25729227066,-0.002086162567138672,0.007748603820800781,0.0007450580596923828,0.0059604644775390625
1,2475,24.75,7497.244030237198,7497.518509626389,7497.437745332718,7497.262954711914,-0.002086162567138672,0.008195638656616211,-0.0002980232238769531,0.005662441253662109
1,2476,24.76,7497.242242097855,7497.5259602069855,7497.438490390778,7497.268319129944,-0.0017881393432617188,0.007450580596923828,0.0007450580596923828,0.005364418029785156
1,2477,24.77,7497.241050004959,7497.533708810806,7497.438490390778,7497.274279594421,-0.0011920928955078125,0.007748603820800781,0.0,0.0059604644775390625
1,2478,24.78,7497.239857912064,7497.541159391403,7497.438490390778,7497.279942035675,-0.0011920928955078125,0.007450580596923828,0.0,0.005662441253662109
1,2479,24.79,7497.238665819168,7497.548609972,7497.4387884140015,7497.2862005233765,-0.0011920928955078125,0.007450580596923828,0.0002980232238769531,0.006258487701416016
1,2480,24.8,7497.237473726273,7497.555464506149,7497.439384460449,7497.292757034302,-0.0011920928955078125,0.006854534149169922,0.0005960464477539062,0.006556510925292969
1,2481,24.810000000000002,7497.236877679825,7497.5623190402985,7497.439384460449,7497.298717498779,-0.0005960464477539062,0.006854534149169922,0.0,0.0059604644775390625
1,2482,24.82,7497.236281633377,7497.569173574448,7497.439384460449,7497.304677963257,-0.0005960464477539062,0.006854534149169922,0.0,0.0059604644775390625
1,2483,24.830000000000002,7497.235983610153,7497.575134038925,7497.439682483673,7497.311532497406,-0.0002980232238769531,0.0059604644775390625,0.0002980232238769531,0.006854534149169922
1,2484,24.84,7497.235983610153,7497.581392526627,7497.439533472061,7497.318089008331,0.0,0.006258487701416016,-0.00014901161193847656,0.006556510925292969
1,2485,24.85,7497.235685586929,7497.587949037552,7497.439682483673,7497.324347496033,-0.0002980232238769531,0.006556510925292969,0.00014901161193847656,0.006258487701416016
1,2486,24.86,7497.236281633377,7497.593462467194,7497.439533472061,7497.330904006958,0.0005960464477539062,0.005513429641723633,-0.00014901161193847656,0.006556510925292969
1,2487,24.87,7497.236877679825,7497.598826885223,7497.439682483673,7497.338056564331,0.0005960464477539062,0.005364418029785156,0.00014901161193847656,0.007152557373046875
1,2488,24.88,7497.236877679825,7497.604340314865,7497.439831495285,7497.3443150520325,0.0,0.005513429641723633,0.00014901161193847656,0.006258487701416016
1,2489,24.89,7497.2377717494965,7497.609406709671,7497.439682483673,7497.351169586182,0.0008940696716308594,0.005066394805908203,-0.00014901161193847656,0.006854534149169922
1,2490,24.900000000000002,7497.238665819168,7497.614175081253,7497.439384460449,7497.358024120331,0.0008940696716308594,0.00476837158203125,-0.0002980232238769531,0.006854534149169922
1,2491,24.91,7497.239857912064,7497.619241476059,7497.439384460449,7497.364580631256,0.0011920928955078125,0.005066394805908203,0.0,0.006556510925292969
1,2492,24.92,7497.241050004959,7497.623264789581,7497.439235448837,7497.371733188629,0.0011920928955078125,0.004023313522338867,-0.00014901161193847656,0.007152557373046875
1,2493,24.93,7497.242838144302,7497.6275861263275,7497.439235448837,7497.378587722778,0.0017881393432617188,0.00432133674621582,0.0,0.006854534149169922
1,2494,24.94,7497.244030237198,7497.63160943985,7497.439086437225,7497.385144233704,0.0011920928955078125,0.004023313522338867,-0.00014901161193847656,0.006556510925292969
1,2495,24.95,7497.245818376541,7497.635334730148,7497.438937425613,7497.392296791077,0.0017881393432617188,0.003725290298461914,-0.00014901161193847656,0.007152557373046875
1,2496,24.96,7497.248202562332,7497.638612985611,7497.438192367554,7497.398853302002,0.002384185791015625,0.0032782554626464844,-0.0007450580596923828,0.006556510925292969
1,2497,24.97,7497.249990701675,7497.641444206238,7497.438192367554,7497.406005859375,0.0017881393432617188,0.0028312206268310547,0.0,0.007152557373046875
1,2498,24.98,7497.252374887466,7497.6445734500885,7497.438043355942,7497.4125623703,0.002384185791015625,0.003129243850708008,-0.00014901161193847656,0.006556510925292969
1,2499,24.990000000000002,7497.255057096481,7497.6469576358795,7497.437596321106,7497.419118881226,0.002682209014892578,0.002384185791015625,-0.0004470348358154297,0.006556510925292969
1,2500,25.0,7497.2571432590485,7497.649788856506,7497.43714928627,7497.425675392151,0.002086162567138672,0.0028312206268310547,-0.0004470348358154297,0.006556510925292969
1,2501,25.01,7497.260123491287,7497.651129961014,7497.437000274658,7497.4325299263,0.0029802322387695312,0.001341104507446289,-0.00014901161193847656,0.006854534149169922
1,2502,25.02,7497.262805700302,7497.653514146805,7497.436702251434,7497.439086437225,0.002682209014892578,0.002384185791015625,-0.0002980232238769531,0.006556510925292969
1,2503,25.03,7497.266083955765,7497.655302286148,7497.435808181763,7497.445046901703,0.0032782554626464844,0.0017881393432617188,-0.0008940696716308594,0.0059604644775390625
1,2504,25.04,7497.269362211227,7497.6567924022675,7497.435063123703,7497.451603412628,0.0032782554626464844,0.0014901161193847656,-0.0007450580596923828,0.006556510925292969
1,2505,25.05,7497.27264046669,7497.657239437103,7497.435063123703,7497.4581599235535,0.0032782554626464844,0.0004470348358154297,0.0,0.006556510925292969
1,2506,25.060000000000002,7497.276216745377,7497.657984495163,7497.434318065643,7497.464120388031,0.0035762786865234375,0.0007450580596923828,-0.0007450580596923828,0.0059604644775390625
1,2507,25.07,7497.279793024063,7497.658878564835,7497.434020042419,7497.4700808525085,0.0035762786865234375,0.0008940696716308594,-0.0002980232238769531,0.0059604644775390625
1,2508,25.080000000000002,7497.283071279526,7497.6591765880585,7497.433423995972,7497.47633934021,0.0032782554626464844,0.0002980232238769531,-0.0005960464477539062,0.006258487701416016
1,2509,25.09,7497.286945581436,7497.658729553223,7497.432827949524,7497.482597827911,0.0038743019104003906,-0.0004470348358154297,-0.0005960464477539062,0.006258487701416016
1,2510,25.1,7497.290819883347,7497.658729553223,7497.432082891464,7497.488260269165,0.0038743019104003906,0.0,-0.0007450580596923828,0.005662441253662109
1,2511,25.11,7497.294694185257,7497.657984495163,7497.43178486824,7497.494220733643,0.0038743019104003906,-0.0007450580596923828,-0.0002980232238769531,0.0059604644775390625
1,2512,25.12,7497.299164533615,7497.657090425491,7497.431039810181,7497.50018119812,0.004470348358154297,-0.0008940696716308594,-0.0007450580596923828,0.0059604644775390625
1,2513,25.13,7497.3030388355255,7497.65619635582,7497.430145740509,7497.504949569702,0.0038743019104003906,-0.0008940696716308594,-0.0008940696716308594,0.00476837158203125
1,2514,25.14,7497.3078072071075,7497.6547062397,7497.429549694061,7497.510313987732,0.00476837158203125,-0.0014901161193847656,-0.0005960464477539062,0.005364418029785156
1,2515,25.150000000000002,7497.311681509018,7497.652918100357,7497.429251670837,7497.5162744522095,0.0038743019104003906,-0.0017881393432617188,-0.0002980232238769531,0.0059604644775390625
1,2516,25.16,7497.316151857376,7497.65157699585,7497.42865562439,7497.520744800568,0.004470348358154297,-0.001341104507446289,-0.0005960464477539062,0.004470348358154297
1,2517,25.17,7497.320920228958,7497.6494908332825,7497.427612543106,7497.5258111953735,0.00476837158203125,-0.002086162567138672,-0.001043081283569336,0.005066394805908203
1,2518,25.18,7497.32568860054,7497.6471066474915,7497.426867485046,7497.530579566956,0.00476837158203125,-0.002384185791015625,-0.0007450580596923828,0.00476837158203125
1,2519,25.19,7497.330456972122,7497.6445734500885,7497.426122426987,7497.535347938538,0.00476837158203125,-0.0025331974029541016,-0.0007450580596923828,0.00476837158203125
1,2520,25.2,7497.3346292972565,7497.641891241074,7497.425526380539,7497.539520263672,0.004172325134277344,-0.002682209014892578,-0.0005960464477539062,0.004172325134277344
1,2521,25.21,7497.339695692062,7497.638165950775,7497.424781322479,7497.544586658478,0.005066394805908203,-0.003725290298461914,-0.0007450580596923828,0.005066394805908203
1,2522,25.22,7497.344762086868,7497.635632753372,7497.423887252808,7497.548460960388,0.005066394805908203,-0.0025331974029541016,-0.0008940696716308594,0.0038743019104003906
1,2523,25.23,7497.34953045845,7497.632056474686,7497.423589229584,7497.5526332855225,0.00476837158203125,-0.0035762786865234375,-0.0002980232238769531,0.004172325134277344
1,2524,25.240000000000002,7497.354298830032,7497.628182172775,7497.422695159912,7497.556209564209,0.00476837158203125,-0.0038743019104003906,-0.0008940696716308594,0.0035762786865234375
1,2525,25.25,7497.359067201614,7497.624456882477,7497.4218010902405,7497.560083866119,0.00476837158203125,-0.003725290298461914,-0.0008940696716308594,0.0038743019104003906
1,2526,25.26,7497.36413359642,7497.6204335689545,7497.421205043793,7497.563660144806,0.005066394805908203,-0.004023313522338867,-0.0005960464477539062,0.0035762786865234375
1,2527,25.27,7497.369199991226,7497.616559267044,7497.420310974121,7497.566640377045,0.005066394805908203,-0.0038743019104003906,-0.0008940696716308594,0.0029802322387695312
1,2528,25.28,7497.374564409256,7497.612088918686,7497.419714927673,7497.56932258606,0.005364418029785156,-0.004470348358154297,-0.0005960464477539062,0.002682209014892578
1,2529,25.29,7497.379332780838,7497.607171535492,7497.41867184639,7497.572600841522,0.00476837158203125,-0.0049173831939697266,-0.001043081283569336,0.0032782554626464844
1,2530,25.3,7497.384697198868,7497.602552175522,7497.41792678833,7497.575283050537,0.005364418029785156,-0.0046193599700927734,-0.0007450580596923828,0.002682209014892578
1,2531,25.310000000000002,7497.389763593674,7497.59778380394,7497.417032718658,7497.577667236328,0.005066394805908203,-0.00476837158203125,-0.0008940696716308594,0.002384185791015625
1,2532,25.32,7497.39482998848,7497.592121362686,7497.415989637375,7497.580647468567,0.005066394805908203,-0.005662441253662109,-0.001043081283569336,0.0029802322387695312
1,2533,25.330000000000002,7497.3998963832855,7497.586756944656,7497.415244579315,7497.58243560791,0.005066394805908203,-0.005364418029785156,-0.0007450580596923828,0.0017881393432617188
1,2534,25.34,7497.404664754868,7497.5816905498505,7497.414350509644,7497.584223747253,0.00476837158203125,-0.005066394805908203,-0.0008940696716308594,0.0017881393432617188
1,2535,25.35,7497.4097311496735,7497.576177120209,7497.413754463196,7497.586011886597,0.005066394805908203,-0.005513429641723633,-0.0005960464477539062,0.0017881393432617188
1,2536,25.36,7497.4144995212555,7497.569769620895,7497.412860393524,7497.588396072388,0.00476837158203125,-0.006407499313354492,-0.0008940696716308594,0.002384185791015625
1,2537,25.37,7497.419863939285,7497.5645542144775,7497.412264347076,7497.588992118835,0.005364418029785156,-0.00521540641784668,-0.0005960464477539062,0.0005960464477539062
1,2538,25.38,7497.424334287643,7497.558146715164,7497.411370277405,7497.591078281403,0.004470348358154297,-0.006407499313354492,-0.0008940696716308594,0.002086162567138672
1,2539,25.39,7497.429400682449,7497.552037239075,7497.410476207733,7497.59167432785,0.005066394805908203,-0.006109476089477539,-0.0008940696716308594,0.0005960464477539062
1,2540,25.400000000000002,7497.434765100479,7497.545629739761,7497.4095821380615,7497.592568397522,0.005364418029785156,-0.006407499313354492,-0.0008940696716308594,0.0008940696716308594
1,2541,25.41,7497.439235448837,7497.539073228836,7497.409135103226,7497.593462467194,0.004470348358154297,-0.006556510925292969,-0.0004470348358154297,0.0008940696716308594
1,2542,25.42,7497.444003820419,7497.5331127643585,7497.407793998718,7497.593462467194,0.00476837158203125,-0.0059604644775390625,-0.001341104507446289,0.0
1,2543,25.43,7497.4484741687775,7497.526407241821,7497.407495975494,7497.5937604904175,0.004470348358154297,-0.006705522537231445,-0.0002980232238769531,0.0002980232238769531
1,2544,25.44,7497.4532425403595,7497.519999742508,7497.406899929047,7497.594356536865,0.00476837158203125,-0.006407499313354492,-0.0005960464477539062,0.0005960464477539062
1,2545,25.45,7497.4580109119415,7497.513443231583,7497.405707836151,7497.59316444397,0.00476837158203125,-0.006556510925292969,-0.0011920928955078125,-0.0011920928955078125
1,2546,25.46,7497.461587190628,7497.50629067421,7497.405409812927,7497.59316444397,0.0035762786865234375,-0.007152557373046875,-0.0002980232238769531,0.0
1,2547,25.47,7497.46635556221,7497.49943614006,7497.4048137664795,7497.59316444397,0.00476837158203125,-0.006854534149169922,-0.0005960464477539062,0.0
1,2548,25.48,7497.470527887344,7497.492581605911,7497.403919696808,7497.592270374298,0.004172325134277344,-0.006854534149169922,-0.0008940696716308594,-0.0008940696716308594
1,2549,25.490000000000002,7497.4749982357025,7497.485727071762,7497.40332365036,7497.5913763046265,0.004470348358154297,-0.006854534149169922,-0.0005960464477539062,-0.0008940696716308594
1,2550,25.5,7497.478872537613,7497.478574514389,7497.4024295806885,7497.590482234955,0.0038743019104003906,-0.007152557373046875,-0.0008940696716308594,-0.0008940696716308594
1,2551,25.51,7497.483044862747,7497.471123933792,7497.401684522629,7497.589290142059,0.004172325134277344,-0.007450580596923828,-0.0007450580596923828,-0.0011920928955078125
1,2552,25.52,7497.4872171878815,7497.464269399643,7497.401237487793,7497.58780002594,0.004172325134277344,-0.006854534149169922,-0.0004470348358154297,-0.0014901161193847656
1,2553,25.53,7497.491091489792,7497.45786190033,7497.400641441345,7497.586011886597,0.0038743019104003906,-0.006407499313354492,-0.0005960464477539062,-0.0017881393432617188
1,2554,25.54,7497.494965791702,7497.450411319733,7497.399747371674,7497.584223747253,0.0038743019104003906,-0.007450580596923828,-0.0008940696716308594,-0.0017881393432617188
1,2555,25.55,7497.498542070389,7497.443407773972,7497.39944934845,7497.582137584686,0.0035762786865234375,-0.0070035457611083984,-0.0002980232238769531,-0.002086162567138672
1,2556,25.560000000000002,7497.501522302628,7497.436553239822,7497.39870429039,7497.580051422119,0.0029802322387695312,-0.006854534149169922,-0.0007450580596923828,-0.002086162567138672
1,2557,25.57,7497.505098581314,7497.429400682449,7497.39795923233,7497.577667236328,0.0035762786865234375,-0.007152557373046875,-0.0007450580596923828,-0.002384185791015625
1,2558,25.580000000000002,7497.508674860001,7497.422397136688,7497.397661209106,7497.575581073761,0.0035762786865234375,-0.0070035457611083984,-0.0002980232238769531,-0.002086162567138672
1,2559,25.59,7497.511655092239,7497.415542602539,7497.396767139435,7497.572600841522,0.0029802322387695312,-0.006854534149169922,-0.0008940696716308594,-0.0029802322387695312
1,2560,25.6,7497.514635324478,7497.408092021942,7497.396767139435,7497.569918632507,0.0029802322387695312,-0.007450580596923828,0.0,-0.002682209014892578
1,2561,25.61,7497.517615556717,7497.401684522629,7497.395873069763,7497.566640377045,0.0029802322387695312,-0.006407499313354492,-0.0008940696716308594,-0.0032782554626464844
1,2562,25.62,7497.520595788956,7497.394382953644,7497.395575046539,7497.56395816803,0.0029802322387695312,-0.0073015689849853516,-0.0002980232238769531,-0.002682209014892578
1,2563,25.63,7497.522979974747,7497.387677431107,7497.394979000092,7497.560381889343,0.002384185791015625,-0.006705522537231445,-0.0005960464477539062,-0.0035762786865234375
1,2564,25.64,7497.525364160538,7497.380971908569,7497.394680976868,7497.5574016571045,0.002384185791015625,-0.006705522537231445,-0.0002980232238769531,-0.0029802322387695312
1,2565,25.650000000000002,7497.5283443927765,7497.373968362808,7497.39408493042,7497.553527355194,0.0029802322387695312,-0.0070035457611083984,-0.0005960464477539062,-0.0038743019104003906
1,2566,25.66,7497.53013253212,7497.367411851883,7497.393935918808,7497.550249099731,0.0017881393432617188,-0.006556510925292969,-0.00014901161193847656,-0.0032782554626464844
1,2567,25.67,7497.532516717911,7497.3613023757935,7497.393041849136,7497.546374797821,0.002384185791015625,-0.006109476089477539,-0.0008940696716308594,-0.0038743019104003906
1,2568,25.68,7497.534304857254,7497.354298830032,7497.393041849136,7497.5427985191345,0.0017881393432617188,-0.0070035457611083984,0.0,-0.0035762786865234375
1,2569,25.69,7497.536092996597,7497.348338365555,7497.3925948143005,7497.538924217224,0.0017881393432617188,-0.0059604644775390625,-0.0004470348358154297,-0.0038743019104003906
1,2570,25.7,7497.537881135941,7497.3417818546295,7497.392892837524,7497.535049915314,0.0017881393432617188,-0.006556510925292969,0.0002980232238769531,-0.0038743019104003906
1,2571,25.71,7497.539073228836,7497.335821390152,7497.392445802689,7497.530579566956,0.0011920928955078125,-0.0059604644775390625,-0.0004470348358154297,-0.004470348358154297
1,2572,25.72,7497.540861368179,7497.329562902451,7497.391998767853,7497.526407241821,0.0017881393432617188,-0.006258487701416016,-0.0004470348358154297,-0.004172325134277344
1,2573,25.73,7497.542351484299,7497.324049472809,7497.391700744629,7497.521638870239,0.0014901161193847656,-0.005513429641723633,-0.0002980232238769531,-0.00476837158203125
1,2574,25.740000000000002,7497.54324555397,7497.317939996719,7497.391402721405,7497.517466545105,0.0008940696716308594,-0.006109476089477539,-0.0002980232238769531,-0.004172325134277344
1,2575,25.75,7497.544437646866,7497.312128543854,7497.391253709793,7497.512698173523,0.0011920928955078125,-0.005811452865600586,-0.00014901161193847656,-0.00476837158203125
1,2576,25.76,7497.5453317165375,7497.3064661026,7497.391104698181,7497.508525848389,0.0008940696716308594,-0.005662441253662109,-0.00014901161193847656,-0.004172325134277344
1,2577,25.77,7497.545927762985,7497.30110168457,7497.391104698181,7497.503161430359,0.0005960464477539062,-0.005364418029785156,0.0,-0.005364418029785156
1,2578,25.78,7497.546225786209,7497.296035289764,7497.390955686569,7497.498691082001,0.0002980232238769531,-0.005066394805908203,-0.00014901161193847656,-0.004470348358154297
1,2579,25.79,7497.546821832657,7497.29111790657,7497.390508651733,7497.493624687195,0.0005960464477539062,-0.0049173831939697266,-0.0004470348358154297,-0.005066394805908203
1,2580,25.8,7497.547119855881,7497.285753488541,7497.390508651733,7497.488856315613,0.0002980232238769531,-0.005364418029785156,0.0,-0.00476837158203125
1,2581,25.810000000000002,7497.547417879105,7497.2812831401825,7497.3902106285095,7497.483491897583,0.0002980232238769531,-0.004470348358154297,-0.0002980232238769531,-0.005364418029785156
1,2582,25.82,7497.547119855881,7497.2765147686005,7497.390508651733,7497.478723526001,-0.0002980232238769531,-0.00476837158203125,0.0002980232238769531,-0.00476837158203125
1,2583,25.830000000000002,7497.547119855881,7497.272342443466,7497.390508651733,7497.473657131195,0.0,-0.004172325134277344,0.0,-0.005066394805908203
1,2584,25.84,7497.547119855881,7497.268170118332,7497.390508651733,7497.467994689941,0.0,-0.004172325134277344,0.0,-0.005662441253662109
1,2585,25.85,7497.546225786209,7497.2642958164215,7497.3902106285095,7497.462630271912,-0.0008940696716308594,-0.0038743019104003906,-0.0002980232238769531,-0.005364418029785156
1,2586,25.86,7497.545927762985,7497.260123491287,7497.3903596401215,7497.4581599235535,-0.0002980232238769531,-0.004172325134277344,0.00014901161193847656,-0.004470348358154297
1,2587,25.87,7497.545033693314,7497.256547212601,7497.390508651733,7497.4524974823,-0.0008940696716308594,-0.0035762786865234375,0.00014901161193847656,-0.005662441253662109
1,2588,25.88,7497.544139623642,7497.252970933914,7497.390806674957,7497.44713306427,-0.0008940696716308594,-0.0035762786865234375,0.0002980232238769531,-0.005364418029785156
1,2589,25.89,7497.5429475307465,7497.249990701675,7497.390657663345,7497.442066669464,-0.0011920928955078125,-0.0029802322387695312,-0.00014901161193847656,-0.005066394805908203
1,2590,25.900000000000002,7497.542351484299,7497.246414422989,7497.390657663345,7497.437000274658,-0.0005960464477539062,-0.0035762786865234375,0.0,-0.005066394805908203
1,2591,25.91,7497.540861368179,7497.24343419075,7497.391402721405,7497.431635856628,-0.0014901161193847656,-0.0029802322387695312,0.0007450580596923828,-0.005364418029785156
1,2592,25.92,7497.539669275284,7497.240751981735,7497.391104698181,7497.425973415375,-0.0011920928955078125,-0.002682209014892578,-0.0002980232238769531,-0.005662441253662109
1,2593,25.93,7497.537881135941,7497.237920761108,7497.391253709793,7497.421503067017,-0.0017881393432617188,-0.0028312206268310547,0.00014901161193847656,-0.004470348358154297
1,2594,25.94,7497.536391019821,7497.235685586929,7497.391402721405,7497.415840625763,-0.0014901161193847656,-0.0022351741790771484,0.00014901161193847656,-0.005662441253662109
1,2595,25.95,7497.534900903702,7497.233003377914,7497.391998767853,7497.411072254181,-0.0014901161193847656,-0.002682209014892578,0.0005960464477539062,-0.00476837158203125
1,2596,25.96,7497.532516717911,7497.231215238571,7497.391998767853,7497.406005859375,-0.002384185791015625,-0.0017881393432617188,0.0,-0.005066394805908203
1,2597,25.97,7497.531324625015,7497.229427099228,7497.392445802689,7497.400641441345,-0.0011920928955078125,-0.0017881393432617188,0.0004470348358154297,-0.005364418029785156
1,2598,25.98,7497.528940439224,7497.227787971497,7497.3925948143005,7497.395873069763,-0.002384185791015625,-0.0016391277313232422,0.00014901161193847656,-0.00476837158203125
1,2599,25.990000000000002,7497.526556253433,7497.226446866989,7497.392892837524,7497.390806674957,-0.002384185791015625,-0.001341104507446289,0.0002980232238769531,-0.005066394805908203
1,2600,26.0,7497.524172067642,7497.2255527973175,7497.39333987236,7497.3854422569275,-0.002384185791015625,-0.0008940696716308594,0.0004470348358154297,-0.005364418029785156
1,2601,26.01,7497.521787881851,7497.224062681198,7497.393935918808,7497.380971908569,-0.002384185791015625,-0.0014901161193847656,0.0005960464477539062,-0.004470348358154297
1,2602,26.02,7497.519105672836,7497.22346663475,7497.394233942032,7497.376203536987,-0.002682209014892578,-0.0005960464477539062,0.0002980232238769531,-0.00476837158203125
1,2603,26.03,7497.5161254405975,7497.222870588303,7497.394979000092,7497.371137142181,-0.0029802322387695312,-0.0005960464477539062,0.0007450580596923828,-0.005066394805908203
1,2604,26.04,7497.5137412548065,7497.222274541855,7497.394979000092,7497.366666793823,-0.002384185791015625,-0.0005960464477539062,0.0,-0.004470348358154297
1,2605,26.05,7497.510462999344,7497.222274541855,7497.395873069763,7497.362196445465,-0.0032782554626464844,0.0,0.0008940696716308594,-0.004470348358154297
1,2606,26.060000000000002,7497.508078813553,7497.222274541855,7497.396171092987,7497.357130050659,-0.002384185791015625,0.0,0.0002980232238769531,-0.005066394805908203
1,2607,26.07,7497.505098581314,7497.222870588303,7497.396469116211,7497.352659702301,-0.0029802322387695312,0.0005960464477539062,0.0002980232238769531,-0.004470348358154297
1,2608,26.080000000000002,7497.501522302628,7497.223317623138,7497.396469116211,7497.348189353943,-0.0035762786865234375,0.0004470348358154297,0.0,-0.004470348358154297
1,2609,26.09,7497.498542070389,7497.223615646362,7497.397363185883,7497.344017028809,-0.0029802322387695312,0.0002980232238769531,0.0008940696716308594,-0.004172325134277344
1,2610,26.1,7497.49556183815,7497.223764657974,7497.397661209106,7497.340142726898,-0.0029802322387695312,0.00014901161193847656,0.0002980232238769531,-0.0038743019104003906
1,2611,26.11,7497.492283582687,7497.225105762482,7497.398406267166,7497.33567237854,-0.0032782554626464844,0.001341104507446289,0.0007450580596923828,-0.004470348358154297
1,2612,26.12,7497.488409280777,7497.225701808929,7497.399151325226,7497.3320960998535,-0.0038743019104003906,0.0005960464477539062,0.0007450580596923828,-0.0035762786865234375
1,2613,26.13,7497.485429048538,7497.228235006332,7497.399300336838,7497.327625751495,-0.0029802322387695312,0.0025331974029541016,0.00014901161193847656,-0.004470348358154297
1,2614,26.14,7497.481554746628,7497.229427099228,7497.399747371674,7497.324347496033,-0.0038743019104003906,0.0011920928955078125,0.0004470348358154297,-0.0032782554626464844
1,2615,26.150000000000002,7497.478276491165,7497.231364250183,7497.400492429733,7497.320473194122,-0.0032782554626464844,0.0019371509552001953,0.0007450580596923828,-0.0038743019104003906
1,2616,26.16,7497.474402189255,7497.233003377914,7497.401237487793,7497.316896915436,-0.0038743019104003906,0.0016391277313232422,0.0007450580596923828,-0.0035762786865234375
1,2617,26.17,7497.471123933792,7497.235685586929,7497.401833534241,7497.313022613525,-0.0032782554626464844,0.002682209014892578,0.0005960464477539062,-0.0038743019104003906
1,2618,26.18,7497.467547655106,7497.2377717494965,7497.402131557465,7497.309744358063,-0.0035762786865234375,0.002086162567138672,0.0002980232238769531,-0.0032782554626464844
1,2619,26.19,7497.463375329971,7497.239857912064,7497.402727603912,7497.306764125824,-0.004172325134277344,0.002086162567138672,0.0005960464477539062,-0.0029802322387695312
1,2620,26.2,7497.459203004837,7497.24268913269,7497.40332365036,7497.303485870361,-0.004172325134277344,0.0028312206268310547,0.0005960464477539062,-0.0032782554626464844
1,2621,26.21,7497.4556267261505,7497.245520353317,7497.404217720032,7497.300803661346,-0.0035762786865234375,0.0028312206268310547,0.0008940696716308594,-0.002682209014892578
1,2622,26.22,7497.45175242424,7497.248500585556,7497.404515743256,7497.297823429108,-0.0038743019104003906,0.0029802322387695312,0.0002980232238769531,-0.0029802322387695312
1,2623,26.23,7497.448176145554,7497.251629829407,7497.405409812927,7497.295141220093,-0.0035762786865234375,0.003129243850708008,0.0008940696716308594,-0.002682209014892578
1,2624,26.240000000000002,7497.444003820419,7497.254759073257,7497.406005859375,7497.292757034302,-0.004172325134277344,0.003129243850708008,0.0005960464477539062,-0.002384185791015625
1,2625,26.25,7497.440427541733,7497.258633375168,7497.406005859375,7497.290372848511,-0.0035762786865234375,0.0038743019104003906,0.0,-0.002384185791015625
1,2626,26.26,7497.436553239822,7497.262507677078,7497.406750917435,7497.287690639496,-0.0038743019104003906,0.0038743019104003906,0.0007450580596923828,-0.002682209014892578
1,2627,26.27,7497.432380914688,7497.265785932541,7497.407495975494,7497.285902500153,-0.004172325134277344,0.0032782554626464844,0.0007450580596923828,-0.0017881393432617188
1,2628,26.28,7497.428804636002,7497.269809246063,7497.408092021942,7497.283816337585,-0.0035762786865234375,0.004023313522338867,0.0005960464477539062,-0.002086162567138672
1,2629,26.29,7497.424632310867,7497.273534536362,7497.408837080002,7497.282028198242,-0.004172325134277344,0.003725290298461914,0.0007450580596923828,-0.0017881393432617188
1,2630,26.3,7497.420758008957,7497.277855873108,7497.40943312645,7497.280538082123,-0.0038743019104003906,0.00432133674621582,0.0005960464477539062,-0.0014901161193847656
1,2631,26.310000000000002,7497.4168837070465,7497.281730175018,7497.410476207733,7497.279047966003,-0.0038743019104003906,0.0038743019104003906,0.001043081283569336,-0.0014901161193847656
1,2632,26.32,7497.413009405136,7497.2860515117645,7497.410774230957,7497.277557849884,-0.0038743019104003906,0.00432133674621582,0.0002980232238769531,-0.0014901161193847656
1,2633,26.330000000000002,7497.409135103226,7497.290521860123,7497.411370277405,7497.276663780212,-0.0038743019104003906,0.004470348358154297,0.0005960464477539062,-0.0008940696716308594
1,2634,26.34,7497.405558824539,7497.295141220093,7497.4119663238525,7497.275173664093,-0.0035762786865234375,0.0046193599700927734,0.0005960464477539062,-0.0014901161193847656
1,2635,26.35,7497.401982545853,7497.299760580063,7497.4125623703,7497.274577617645,-0.0035762786865234375,0.0046193599700927734,0.0005960464477539062,-0.0005960464477539062
1,2636,26.36,7497.397810220718,7497.304230928421,7497.413456439972,7497.2739815711975,-0.004172325134277344,0.004470348358154297,0.0008940696716308594,-0.0005960464477539062
1,2637,26.37,7497.393935918808,7497.308999300003,7497.41405248642,7497.27338552475,-0.0038743019104003906,0.00476837158203125,0.0005960464477539062,-0.0005960464477539062
1,2638,26.38,7497.3903596401215,7497.314363718033,7497.4144995212555,7497.272789478302,-0.0035762786865234375,0.005364418029785156,0.0004470348358154297,-0.0005960464477539062
1,2639,26.39,7497.386783361435,7497.319430112839,7497.414946556091,7497.272193431854,-0.0035762786865234375,0.005066394805908203,0.0004470348358154297,-0.0005960464477539062
1,2640,26.400000000000002,7497.3829090595245,7497.324347496033,7497.415840625763,7497.272193431854,-0.0038743019104003906,0.0049173831939697266,0.0008940696716308594,0.0
1,2641,26.41,7497.379332780838,7497.329264879227,7497.416138648987,7497.272491455078,-0.0035762786865234375,0.0049173831939697266,0.0002980232238769531,0.0002980232238769531
1,2642,26.42,7497.376352548599,7497.334331274033,7497.4168837070465,7497.272491455078,-0.0029802322387695312,0.005066394805908203,0.0007450580596923828,0.0
1,2643,26.43,7497.373074293137,7497.339695692062,7497.417479753494,7497.272491455078,-0.0032782554626464844,0.005364418029785156,0.0005960464477539062,0.0
1,2644,26.44,7497.36949801445,7497.345060110092,7497.41792678833,7497.273087501526,-0.0035762786865234375,0.005364418029785156,0.0004470348358154297,0.0005960464477539062
1,2645,26.45,7497.366219758987,7497.350424528122,7497.418075799942,7497.273683547974,-0.0032782554626464844,0.005364418029785156,0.00014901161193847656,0.0005960464477539062
1,2646,26.46,7497.363239526749,7497.355788946152,7497.418522834778,7497.274279594421,-0.0029802322387695312,0.005364418029785156,0.0004470348358154297,0.0005960464477539062
1,2647,26.47,7497.359663248062,7497.3611533641815,7497.4194169044495,7497.274875640869,-0.0035762786865234375,0.005364418029785156,0.0008940696716308594,0.0005960464477539062
1,2648,26.48,7497.356683015823,7497.366517782211,7497.419565916061,7497.276067733765,-0.0029802322387695312,0.005364418029785156,0.00014901161193847656,0.0011920928955078125
1,2649,26.490000000000002,7497.353404760361,7497.372329235077,7497.420459985733,7497.276663780212,-0.0032782554626464844,0.005811452865600586,0.0008940696716308594,0.0005960464477539062
1,2650,26.5,7497.350722551346,7497.377544641495,7497.420907020569,7497.277855873108,-0.002682209014892578,0.00521540641784668,0.0004470348358154297,0.0011920928955078125
1,2651,26.51,7497.347742319107,7497.382611036301,7497.4216520786285,7497.279644012451,-0.0029802322387695312,0.005066394805908203,0.0007450580596923828,0.0017881393432617188
1,2652,26.52,7497.345060110092,7497.38872051239,7497.4218010902405,7497.280836105347,-0.002682209014892578,0.006109476089477539,0.00014901161193847656,0.0011920928955078125
1,2653,26.53,7497.3417818546295,7497.393637895584,7497.422397136688,7497.282922267914,-0.0032782554626464844,0.0049173831939697266,0.0005960464477539062,0.002086162567138672
1,2654,26.54,7497.3393976688385,7497.39944934845,7497.422844171524,7497.284710407257,-0.002384185791015625,0.005811452865600586,0.0004470348358154297,0.0017881393432617188
1,2655,26.55,7497.3370134830475,7497.404664754868,7497.422695159912,7497.2862005233765,-0.002384185791015625,0.00521540641784668,-0.00014901161193847656,0.0014901161193847656
1,2656,26.560000000000002,7497.33492732048,7497.410327196121,7497.423440217972,7497.2885847091675,-0.002086162567138672,0.005662441253662109,0.0007450580596923828,0.002384185791015625
1,2657,26.57,7497.332245111465,7497.415542602539,7497.423887252808,7497.290670871735,-0.002682209014892578,0.00521540641784668,0.0004470348358154297,0.002086162567138672
1,2658,26.580000000000002,7497.330158948898,7497.420758008957,7497.4241852760315,7497.292757034302,-0.002086162567138672,0.00521540641784668,0.0002980232238769531,0.002086162567138672
1,2659,26.59,7497.327774763107,7497.426122426987,7497.424483299255,7497.295439243317,-0.002384185791015625,0.005364418029785156,0.0002980232238769531,0.002682209014892578
1,2660,26.6,7497.325986623764,7497.4313378334045,7497.424632310867,7497.297525405884,-0.0017881393432617188,0.00521540641784668,0.00014901161193847656,0.002086162567138672
1,2661,26.61,7497.323900461197,7497.436553239822,7497.425526380539,7497.300207614899,-0.002086162567138672,0.00521540641784668,0.0008940696716308594,0.002682209014892578
1,2662,26.62,7497.322112321854,7497.442215681076,7497.425675392151,7497.302889823914,-0.0017881393432617188,0.005662441253662109,0.00014901161193847656,0.002682209014892578
1,2663,26.63,7497.320920228958,7497.446835041046,7497.425675392151,7497.305870056152,-0.0011920928955078125,0.0046193599700927734,0.0,0.0029802322387695312
1,2664,26.64,7497.319132089615,7497.451454401016,7497.426271438599,7497.308850288391,-0.0017881393432617188,0.0046193599700927734,0.0005960464477539062,0.0029802322387695312
1,2665,26.650000000000002,7497.317343950272,7497.45711684227,7497.426271438599,7497.311234474182,-0.0017881393432617188,0.005662441253662109,0.0,0.002384185791015625
1,2666,26.66,7497.316151857376,7497.461885213852,7497.4265694618225,7497.314512729645,-0.0011920928955078125,0.00476837158203125,0.0002980232238769531,0.0032782554626464844
1,2667,26.67,7497.314959764481,7497.466653585434,7497.426867485046,7497.317790985107,-0.0011920928955078125,0.00476837158203125,0.0002980232238769531,0.0032782554626464844
1,2668,26.68,7497.313767671585,7497.471272945404,7497.427016496658,7497.320771217346,-0.0011920928955078125,0.0046193599700927734,0.00014901161193847656,0.0029802322387695312
1,2669,26.69,7497.31257557869,7497.476041316986,7497.427463531494,7497.324049472809,-0.0011920928955078125,0.00476837158203125,0.0004470348358154297,0.0032782554626464844
1,2670,26.7,7497.311979532242,7497.480362653732,7497.42716550827,7497.327923774719,-0.0005960464477539062,0.00432133674621582,-0.0002980232238769531,0.0038743019104003906
1,2671,26.71,7497.310787439346,7497.48483300209,7497.427612543106,7497.331202030182,-0.0011920928955078125,0.004470348358154297,0.0004470348358154297,0.0032782554626464844
1,2672,26.72,7497.310191392899,7497.489303350449,7497.427612543106,7497.334778308868,-0.0005960464477539062,0.004470348358154297,0.0,0.0035762786865234375
1,2673,26.73,7497.309595346451,7497.493773698807,7497.427761554718,7497.338056564331,-0.0005960464477539062,0.004470348358154297,0.00014901161193847656,0.0032782554626464844
1,2674,26.740000000000002,7497.309297323227,7497.497797012329,7497.427761554718,7497.3419308662415,-0.0002980232238769531,0.004023313522338867,0.0,0.0038743019104003906
1,2675,26.75,7497.308403253555,7497.501522302628,7497.42791056633,7497.345507144928,-0.0008940696716308594,0.003725290298461914,0.00014901161193847656,0.0035762786865234375
1,2676,26.76,7497.308403253555,7497.505247592926,7497.428357601166,7497.349381446838,0.0,0.003725290298461914,0.0004470348358154297,0.0038743019104003906
1,2677,26.77,7497.3078072071075,7497.509270906448,7497.428059577942,7497.353255748749,-0.0005960464477539062,0.004023313522338867,-0.0002980232238769531,0.0038743019104003906
1,2678,26.78,7497.308105230331,7497.512698173523,7497.428357601166,7497.357130050659,0.0002980232238769531,0.003427267074584961,0.0002980232238769531,0.0038743019104003906
1,2679,26.79,7497.3078072071075,7497.516572475433,7497.428059577942,7497.3613023757935,-0.0002980232238769531,0.0038743019104003906,-0.0002980232238769531,0.004172325134277344
1,2680,26.8,7497.3078072071075,7497.519701719284,7497.428208589554,7497.365176677704,0.0,0.003129243850708008,0.00014901161193847656,0.0038743019104003906
1,2681,26.810000000000002,7497.308105230331,7497.522532939911,7497.428357601166,7497.369349002838,0.0002980232238769531,0.0028312206268310547,0.00014901161193847656,0.004172325134277344
1,2682,26.82,7497.308701276779,7497.5259602069855,7497.428357601166,7497.3732233047485,0.0005960464477539062,0.003427267074584961,0.0,0.0038743019104003906
1,2683,26.830000000000002,7497.309297323227,7497.529238462448,7497.428059577942,7497.376501560211,0.0005960464477539062,0.0032782554626464844,-0.0002980232238769531,0.0032782554626464844
1,2684,26.84,7497.309595346451,7497.531473636627,7497.428208589554,7497.380971908569,0.0002980232238769531,0.0022351741790771484,0.00014901161193847656,0.004470348358154297
1,2685,26.85,7497.310191392899,7497.534602880478,7497.428208589554,7497.385144233704,0.0005960464477539062,0.003129243850708008,0.0,0.004172325134277344
1,2686,26.86,7497.311383485794,7497.537285089493,7497.427761554718,7497.38872051239,0.0011920928955078125,0.002682209014892578,-0.0004470348358154297,0.0035762786865234375
1,2687,26.87,7497.311979532242,7497.53937125206,7497.428059577942,7497.393190860748,0.0005960464477539062,0.002086162567138672,0.0002980232238769531,0.004470348358154297
1,2688,26.88,7497.312873601913,7497.541755437851,7497.427463531494,7497.397065162659,0.0008940696716308594,0.002384185791015625,-0.0005960464477539062,0.0038743019104003906
1,2689,26.89,7497.314363718033,7497.543841600418,7497.427463531494,7497.400939464569,0.0014901161193847656,0.002086162567138672,0.0,0.0038743019104003906
1,2690,26.900000000000002,7497.314959764481,7497.546225786209,7497.427761554718,7497.4048137664795,0.0005960464477539062,0.002384185791015625,0.0002980232238769531,0.0038743019104003906
1,2691,26.91,7497.3164498806,7497.5477159023285,7497.427612543106,7497.408986091614,0.0014901161193847656,0.0014901161193847656,-0.00014901161193847656,0.004172325134277344
1,2692,26.92,7497.3176419734955,7497.549504041672,7497.42716550827,7497.412860393524,0.0011920928955078125,0.0017881393432617188,-0.0004470348358154297,0.0038743019104003906
1,2693,26.93,7497.319132089615,7497.550994157791,7497.427016496658,7497.416734695435,0.0014901161193847656,0.0014901161193847656,-0.00014901161193847656,0.0038743019104003906
1,2694,26.94,7497.320622205734,7497.552335262299,7497.426867485046,7497.421205043793,0.0014901161193847656,0.001341104507446289,-0.00014901161193847656,0.004470348358154297
1,2695,26.95,7497.322708368301,7497.553676366806,7497.4265694618225,7497.424483299255,0.002086162567138672,0.001341104507446289,-0.0002980232238769531,0.0032782554626464844
1,2696,26.96,7497.324198484421,7497.554272413254,7497.426122426987,7497.42865562439,0.0014901161193847656,0.0005960464477539062,-0.0004470348358154297,0.004172325134277344
1,2697,26.97,7497.325986623764,7497.555911540985,7497.425824403763,7497.431933879852,0.0017881393432617188,0.0016391277313232422,-0.0002980232238769531,0.0032782554626464844
1,2698,26.98,7497.328072786331,7497.555911540985,7497.425675392151,7497.436106204987,0.002086162567138672,0.0,-0.00014901161193847656,0.004172325134277344
1,2699,26.990000000000002,7497.329860925674,7497.556656599045,7497.425675392151,7497.439682483673,0.0017881393432617188,0.0007450580596923828,0.0,0.0035762786865234375
1,2700,27.0,7497.331947088242,7497.5574016571045,7497.425228357315,7497.44325876236,0.002086162567138672,0.0007450580596923828,-0.0004470348358154297,0.0035762786865234375
1,2701,27.01,7497.333735227585,7497.55784869194,7497.424930334091,7497.446835041046,0.0017881393432617188,0.0004470348358154297,-0.0002980232238769531,0.0035762786865234375
1,2702,27.02,7497.3364174366,7497.557997703552,7497.4241852760315,7497.450411319733,0.002682209014892578,0.00014901161193847656,-0.0007450580596923828,0.0035762786865234375
1,2703,27.03,7497.338503599167,7497.557550668716,7497.4241852760315,7497.454285621643,0.002086162567138672,-0.0004470348358154297,0.0,0.0038743019104003906
1,2704,27.04,7497.340589761734,7497.557252645493,7497.4241852760315,7497.457563877106,0.002086162567138672,-0.0002980232238769531,0.0,0.0032782554626464844
1,2705,27.05,7497.343271970749,7497.556954622269,7497.423589229584,7497.4605441093445,0.002682209014892578,-0.0002980232238769531,-0.0005960464477539062,0.0029802322387695312
1,2706,27.060000000000002,7497.34565615654,7497.556358575821,7497.42329120636,7497.464418411255,0.002384185791015625,-0.0005960464477539062,-0.0002980232238769531,0.0038743019104003906
1,2707,27.07,7497.348338365555,7497.556060552597,7497.422695159912,7497.467398643494,0.002682209014892578,-0.0002980232238769531,-0.0005960464477539062,0.0029802322387695312
1,2708,27.080000000000002,7497.350722551346,7497.555464506149,7497.422099113464,7497.470378875732,0.002384185791015625,-0.0005960464477539062,-0.0005960464477539062,0.0029802322387695312
1,2709,27.09,7497.353702783585,7497.554272413254,7497.421950101852,7497.473359107971,0.0029802322387695312,-0.0011920928955078125,-0.00014901161193847656,0.0029802322387695312
1,2710,27.1,7497.355788946152,7497.553080320358,7497.4218010902405,7497.476935386658,0.002086162567138672,-0.0011920928955078125,-0.00014901161193847656,0.0035762786865234375
1,2711,27.11,7497.3587691783905,7497.551888227463,7497.421354055405,7497.4799156188965,0.0029802322387695312,-0.0011920928955078125,-0.0004470348358154297,0.0029802322387695312
1,2712,27.12,7497.361451387405,7497.550547122955,7497.420608997345,7497.482895851135,0.002682209014892578,-0.001341104507446289,-0.0007450580596923828,0.0029802322387695312
1,2713,27.13,7497.364431619644,7497.548609972,7497.420310974121,7497.485280036926,0.0029802322387695312,-0.0019371509552001953,-0.0002980232238769531,0.002384185791015625
1,2714,27.14,7497.367113828659,7497.547119855881,7497.419714927673,7497.487962245941,0.002682209014892578,-0.0014901161193847656,-0.0005960464477539062,0.002682209014892578
1,2715,27.150000000000002,7497.369796037674,7497.545629739761,7497.4192678928375,7497.490644454956,0.002682209014892578,-0.0014901161193847656,-0.0004470348358154297,0.002682209014892578
1,2716,27.16,7497.3733723163605,7497.543841600418,7497.41867184639,7497.492730617523,0.0035762786865234375,-0.0017881393432617188,-0.0005960464477539062,0.002086162567138672
1,2717,27.17,7497.3757565021515,7497.541755437851,7497.418373823166,7497.495114803314,0.002384185791015625,-0.002086162567138672,-0.0002980232238769531,0.002384185791015625
1,2718,27.18,7497.378438711166,7497.53937125206,7497.41792678833,7497.497797012329,0.002682209014892578,-0.002384185791015625,-0.0004470348358154297,0.002682209014892578
1,2719,27.19,7497.381418943405,7497.536987066269,7497.417330741882,7497.50018119812,0.0029802322387695312,-0.002384185791015625,-0.0005960464477539062,0.002384185791015625
1,2720,27.2,7497.384697198868,7497.534602880478,7497.417032718658,7497.5016713142395,0.0032782554626464844,-0.002384185791015625,-0.0002980232238769531,0.0014901161193847656
1,2721,27.21,7497.387081384659,7497.531920671463,7497.416734695435,7497.503757476807,0.002384185791015625,-0.002682209014892578,-0.0002980232238769531,0.002086162567138672
1,2722,27.22,7497.390061616898,7497.529834508896,7497.416287660599,7497.50554561615,0.0029802322387695312,-0.002086162567138672,-0.0004470348358154297,0.0017881393432617188
1,2723,27.23,7497.39333987236,7497.526854276657,7497.415691614151,7497.507333755493,0.0032782554626464844,-0.0029802322387695312,-0.0005960464477539062,0.0017881393432617188
1,2724,27.240000000000002,7497.396320104599,7497.523874044418,7497.415393590927,7497.509121894836,0.0029802322387695312,-0.0029802322387695312,-0.0002980232238769531,0.0017881393432617188
1,2725,27.25,7497.399598360062,7497.521191835403,7497.4144995212555,7497.510313987732,0.0032782554626464844,-0.002682209014892578,-0.0008940696716308594,0.0011920928955078125
1,2726,27.26,7497.4022805690765,7497.518062591553,7497.414350509644,7497.511804103851,0.002682209014892578,-0.003129243850708008,-0.00014901161193847656,0.0014901161193847656
1,2727,27.27,7497.404962778091,7497.515231370926,7497.413754463196,7497.512698173523,0.002682209014892578,-0.0028312206268310547,-0.0005960464477539062,0.0008940696716308594
1,2728,27.28,7497.408241033554,7497.511506080627,7497.413158416748,7497.5138902664185,0.0032782554626464844,-0.003725290298461914,-0.0005960464477539062,0.0011920928955078125
1,2729,27.29,7497.410923242569,7497.508376836777,7497.412860393524,7497.515082359314,0.002682209014892578,-0.003129243850708008,-0.0002980232238769531,0.0011920928955078125
1,2730,27.3,7497.414201498032,7497.50480055809,7497.4121153354645,7497.515976428986,0.0032782554626464844,-0.0035762786865234375,-0.0007450580596923828,0.0008940696716308594
1,2731,27.310000000000002,7497.4168837070465,7497.5016713142395,7497.4119663238525,7497.516870498657,0.002682209014892578,-0.003129243850708008,-0.00014901161193847656,0.0008940696716308594
1,2732,27.32,7497.419863939285,7497.497648000717,7497.411221265793,7497.517764568329,0.0029802322387695312,-0.004023313522338867,-0.0007450580596923828,0.0008940696716308594
1,2733,27.330000000000002,7497.422248125076,7497.494071722031,7497.411072254181,7497.518360614777,0.002384185791015625,-0.0035762786865234375,-0.00014901161193847656,0.0005960464477539062
1,2734,27.34,7497.425526380539,7497.49019742012,7497.410327196121,7497.518956661224,0.0032782554626464844,-0.0038743019104003906,-0.0007450580596923828,0.0005960464477539062
1,2735,27.35,7497.428208589554,7497.486919164658,7497.410327196121,7497.518956661224,0.002682209014892578,-0.0032782554626464844,0.0,0.0
1,2736,27.36,7497.431188821793,7497.482895851135,7497.4095821380615,7497.518956661224,0.0029802322387695312,-0.004023313522338867,-0.0007450580596923828,0.0
1,2737,27.37,7497.434169054031,7497.478574514389,7497.409284114838,7497.519254684448,0.0029802322387695312,-0.00432133674621582,-0.0002980232238769531,0.0002980232238769531
1,2738,27.38,7497.436553239822,7497.474700212479,7497.40868806839,7497.519850730896,0.002384185791015625,-0.0038743019104003906,-0.0005960464477539062,0.0005960464477539062
1,2739,27.39,7497.439533472061,7497.470825910568,7497.408390045166,7497.519552707672,0.0029802322387695312,-0.0038743019104003906,-0.0002980232238769531,-0.0002980232238769531
1,2740,27.400000000000002,7497.4425137043,7497.466653585434,7497.407793998718,7497.519254684448,0.0029802322387695312,-0.004172325134277344,-0.0005960464477539062,-0.0002980232238769531
1,2741,27.41,7497.444897890091,7497.462630271912,7497.407346963882,7497.5186586380005,0.002384185791015625,-0.004023313522338867,-0.0004470348358154297,-0.0005960464477539062
1,2742,27.42,7497.447580099106,7497.458755970001,7497.406601905823,7497.518062591553,0.002682209014892578,-0.0038743019104003906,-0.0007450580596923828,-0.0005960464477539062
1,2743,27.43,7497.449368238449,7497.454285621643,7497.406899929047,7497.518062591553,0.0017881393432617188,-0.004470348358154297,0.0002980232238769531,0.0
1,2744,27.44,7497.452348470688,7497.450262308121,7497.406005859375,7497.517466545105,0.0029802322387695312,-0.004023313522338867,-0.0008940696716308594,-0.0005960464477539062
1,2745,27.45,7497.454434633255,7497.446089982986,7497.405707836151,7497.5162744522095,0.002086162567138672,-0.004172325134277344,-0.0002980232238769531,-0.0011920928955078125
1,2746,27.46,7497.45711684227,7497.441917657852,7497.405260801315,7497.515678405762,0.002682209014892578,-0.004172325134277344,-0.0004470348358154297,-0.0005960464477539062
1,2747,27.47,7497.458904981613,7497.437447309494,7497.405409812927,7497.51478433609,0.0017881393432617188,-0.004470348358154297,0.00014901161193847656,-0.0008940696716308594
1,2748,27.48,7497.461289167404,7497.4338710308075,7497.404515743256,7497.513294219971,0.002384185791015625,-0.0035762786865234375,-0.0008940696716308594,-0.0014901161193847656
1,2749,27.490000000000002,7497.463375329971,7497.429400682449,7497.404515743256,7497.512400150299,0.002086162567138672,-0.004470348358154297,0.0,-0.0008940696716308594
1,2750,27.5,7497.465759515762,7497.425228357315,7497.403770685196,7497.51091003418,0.002384185791015625,-0.004172325134277344,-0.0007450580596923828,-0.0014901161193847656
1,2751,27.51,7497.467547655106,7497.421205043793,7497.403621673584,7497.509717941284,0.0017881393432617188,-0.004023313522338867,-0.00014901161193847656,-0.0011920928955078125
1,2752,27.52,7497.469335794449,7497.416436672211,7497.403621673584,7497.508227825165,0.0017881393432617188,-0.00476837158203125,0.0,-0.0014901161193847656
1,2753,27.53,7497.471123933792,7497.4125623703,7497.402727603912,7497.506737709045,0.0017881393432617188,-0.0038743019104003906,-0.0008940696716308594,-0.0014901161193847656
1,2754,27.54,7497.472912073135,7497.40868806839,7497.402727603912,7497.504949569702,0.0017881393432617188,-0.0038743019104003906,0.0,-0.0017881393432617188
1,2755,27.55,7497.474700212479,7497.4048137664795,7497.4022805690765,7497.503161430359,0.0017881393432617188,-0.0038743019104003906,-0.0004470348358154297,-0.0017881393432617188
1,2756,27.560000000000002,7497.476190328598,7497.400492429733,7497.402131557465,7497.501373291016,0.0014901161193847656,-0.00432133674621582,-0.00014901161193847656,-0.0017881393432617188
1,2757,27.57,7497.477978467941,7497.396320104599,7497.401833534241,7497.499585151672,0.0017881393432617188,-0.004172325134277344,-0.0002980232238769531,-0.0017881393432617188
1,2758,27.580000000000002,7497.479468584061,7497.3925948143005,7497.401535511017,7497.497200965881,0.0014901161193847656,-0.003725290298461914,-0.0002980232238769531,-0.002384185791015625
1,2759,27.59,7497.480362653732,7497.388571500778,7497.401535511017,7497.495710849762,0.0008940696716308594,-0.004023313522338867,0.0,-0.0014901161193847656
1,2760,27.6,7497.481554746628,7497.384548187256,7497.401088476181,7497.493624687195,0.0011920928955078125,-0.004023313522338867,-0.0004470348358154297,-0.002086162567138672
1,2761,27.61,7497.482448816299,7497.3806738853455,7497.401386499405,7497.491240501404,0.0008940696716308594,-0.0038743019104003906,0.0002980232238769531,-0.002384185791015625
1,2762,27.62,7497.484236955643,7497.377544641495,7497.400343418121,7497.488260269165,0.0017881393432617188,-0.003129243850708008,-0.001043081283569336,-0.0029802322387695312
1,2763,27.63,7497.485429048538,7497.373670339584,7497.400194406509,7497.485876083374,0.0011920928955078125,-0.0038743019104003906,-0.00014901161193847656,-0.002384185791015625
1,2764,27.64,7497.486025094986,7497.369796037674,7497.400641441345,7497.483789920807,0.0005960464477539062,-0.0038743019104003906,0.0004470348358154297,-0.002086162567138672
1,2765,27.650000000000002,7497.4872171878815,7497.366219758987,7497.399747371674,7497.481107711792,0.0011920928955078125,-0.0035762786865234375,-0.0008940696716308594,-0.002682209014892578
1,2766,27.66,7497.488409280777,7497.362643480301,7497.399747371674,7497.478723526001,0.0011920928955078125,-0.0035762786865234375,0.0,-0.002384185791015625
1,2767,27.67,7497.489005327225,7497.359067201614,7497.39944934845,7497.47633934021,0.0005960464477539062,-0.0035762786865234375,-0.0002980232238769531,-0.002384185791015625
1,2768,27.68,7497.489899396896,7497.355937957764,7497.399598360062,7497.473061084747,0.0008940696716308594,-0.003129243850708008,0.00014901161193847656,-0.0032782554626464844
1,2769,27.69,7497.490495443344,7497.352510690689,7497.39944934845,7497.470378875732,0.0005960464477539062,-0.003427267074584961,-0.00014901161193847656,-0.002682209014892578
1,2770,27.7,7497.490495443344,7497.3490834236145,7497.39944934845,7497.468590736389,0.0,-0.003427267074584961,0.0,-0.0017881393432617188
1,2771,27.71,7497.490793466568,7497.34565615654,7497.39944934845,7497.4653124809265,0.0002980232238769531,-0.003427267074584961,0.0,-0.0032782554626464844
1,2772,27.72,7497.491389513016,7497.342973947525,7497.399151325226,7497.462630271912,0.0005960464477539062,-0.002682209014892578,-0.0002980232238769531,-0.002682209014892578
1,2773,27.73,7497.491389513016,7497.339844703674,7497.399300336838,7497.459650039673,0.0,-0.003129243850708008,0.00014901161193847656,-0.0029802322387695312
1,2774,27.740000000000002,7497.491389513016,7497.336566448212,7497.39944934845,7497.456669807434,0.0,-0.0032782554626464844,0.00014901161193847656,-0.0029802322387695312
1,2775,27.75,7497.4919855594635,7497.334331274033,7497.398853302002,7497.453987598419,0.0005960464477539062,-0.0022351741790771484,-0.0005960464477539062,-0.002682209014892578
1,2776,27.76,7497.49168753624,7497.331500053406,7497.399151325226,7497.45100736618,-0.0002980232238769531,-0.0028312206268310547,0.0002980232238769531,-0.0029802322387695312
1,2777,27.77,7497.491389513016,7497.328668832779,7497.398853302002,7497.447431087494,-0.0002980232238769531,-0.0028312206268310547,-0.0002980232238769531,-0.0035762786865234375
1,2778,27.78,7497.491389513016,7497.326582670212,7497.399151325226,7497.444152832031,0.0,-0.002086162567138672,0.0002980232238769531,-0.0032782554626464844
1,2779,27.79,7497.491389513016,7497.324049472809,7497.399300336838,7497.44176864624,0.0,-0.0025331974029541016,0.00014901161193847656,-0.002384185791015625
1,2780,27.8,7497.491091489792,7497.321516275406,7497.399151325226,7497.4387884140015,-0.0002980232238769531,-0.0025331974029541016,-0.00014901161193847656,-0.0029802322387695312
1,2781,27.810000000000002,7497.49019742012,7497.319430112839,7497.399151325226,7497.435212135315,-0.0008940696716308594,-0.002086162567138672,0.0,-0.0035762786865234375
1,2782,27.82,7497.4896013736725,7497.317790985107,7497.399151325226,7497.432231903076,-0.0005960464477539062,-0.0016391277313232422,0.0,-0.0029802322387695312
1,2783,27.830000000000002,7497.489303350449,7497.31570482254,7497.398853302002,7497.429251670837,-0.0002980232238769531,-0.002086162567138672,-0.0002980232238769531,-0.0029802322387695312
1,2784,27.84,7497.488409280777,7497.313469648361,7497.39944934845,7497.425973415375,-0.0008940696716308594,-0.0022351741790771484,0.0005960464477539062,-0.0032782554626464844
1,2785,27.85,7497.487813234329,7497.31183052063,7497.39944934845,7497.422993183136,-0.0005960464477539062,-0.0016391277313232422,0.0,-0.0029802322387695312
1,2786,27.86,7497.487515211105,7497.310489416122,7497.399598360062,7497.4194169044495,-0.0002980232238769531,-0.001341104507446289,0.00014901161193847656,-0.0035762786865234375
1,2787,27.87,7497.486025094986,7497.308701276779,7497.399747371674,7497.416436672211,-0.0014901161193847656,-0.0017881393432617188,0.00014901161193847656,-0.0029802322387695312
1,2788,27.88,7497.485429048538,7497.30721116066,7497.4000453948975,7497.413456439972,-0.0005960464477539062,-0.0014901161193847656,0.0002980232238769531,-0.0029802322387695312
1,2789,27.89,7497.484236955643,7497.306317090988,7497.399747371674,7497.410178184509,-0.0011920928955078125,-0.0008940696716308594,-0.0002980232238769531,-0.0032782554626464844
1,2790,27.900000000000002,7497.483342885971,7497.305124998093,7497.4000453948975,7497.4071979522705,-0.0008940696716308594,-0.0011920928955078125,0.0002980232238769531,-0.0029802322387695312
1,2791,27.91,7497.481852769852,7497.303932905197,7497.4000453948975,7497.404515743256,-0.0014901161193847656,-0.0011920928955078125,0.0,-0.002682209014892578
1,2792,27.92,7497.481256723404,7497.303187847137,7497.400194406509,7497.401237487793,-0.0005960464477539062,-0.0007450580596923828,0.00014901161193847656,-0.0032782554626464844
1,2793,27.93,7497.479468584061,7497.302144765854,7497.400641441345,7497.398257255554,-0.0017881393432617188,-0.001043081283569336,0.0004470348358154297,-0.0029802322387695312
1,2794,27.94,7497.477680444717,7497.301697731018,7497.400939464569,7497.395873069763,-0.0017881393432617188,-0.0004470348358154297,0.0002980232238769531,-0.002384185791015625
1,2795,27.95,7497.476786375046,7497.300952672958,7497.400939464569,7497.392892837524,-0.0008940696716308594,-0.0007450580596923828,0.0,-0.0029802322387695312
1,2796,27.96,7497.474700212479,7497.3006546497345,7497.401237487793,7497.389614582062,-0.002086162567138672,-0.0002980232238769531,0.0002980232238769531,-0.0032782554626464844
1,2797,27.97,7497.473210096359,7497.300356626511,7497.401535511017,7497.386932373047,-0.0014901161193847656,-0.0002980232238769531,0.0002980232238769531,-0.002682209014892578
1,2798,27.98,7497.47171998024,7497.300058603287,7497.401684522629,7497.384250164032,-0.0014901161193847656,-0.0002980232238769531,0.00014901161193847656,-0.002682209014892578
1,2799,27.990000000000002,7497.469931840897,7497.300058603287,7497.401833534241,7497.381567955017,-0.0017881393432617188,0.0,0.00014901161193847656,-0.002682209014892578
1,2800,28.0,7497.468441724777,7497.299909591675,7497.401833534241,7497.379183769226,-0.0014901161193847656,-0.00014901161193847656,0.0,-0.002384185791015625
1,2801,28.01,7497.46635556221,7497.300058603287,7497.402727603912,7497.376203536987,-0.002086162567138672,0.00014901161193847656,0.0008940696716308594,-0.0029802322387695312
1,2802,28.02,7497.464567422867,7497.300058603287,7497.402727603912,7497.373819351196,-0.0017881393432617188,0.0,0.0,-0.002384185791015625
1,2803,28.03,7497.462779283524,7497.3006546497345,7497.403025627136,7497.3708391189575,-0.0017881393432617188,0.0005960464477539062,0.0002980232238769531,-0.0029802322387695312
1,2804,28.04,7497.460693120956,7497.301250696182,7497.403621673584,7497.369050979614,-0.002086162567138672,0.0005960464477539062,0.0005960464477539062,-0.0017881393432617188
1,2805,28.05,7497.458904981613,7497.30184674263,7497.403919696808,7497.3660707473755,-0.0017881393432617188,0.0005960464477539062,0.0002980232238769531,-0.0029802322387695312
1,2806,28.060000000000002,7497.456818819046,7497.302740812302,7497.403919696808,7497.363388538361,-0.002086162567138672,0.0008940696716308594,0.0,-0.002682209014892578
1,2807,28.07,7497.454732656479,7497.303336858749,7497.4048137664795,7497.361898422241,-0.002086162567138672,0.0005960464477539062,0.0008940696716308594,-0.0014901161193847656
1,2808,28.080000000000002,7497.452646493912,7497.303932905197,7497.405111789703,7497.35951423645,-0.002086162567138672,0.0005960464477539062,0.0002980232238769531,-0.002384185791015625
1,2809,28.09,7497.450560331345,7497.3054230213165,7497.405111789703,7497.357428073883,-0.002086162567138672,0.0014901161193847656,0.0,-0.002086162567138672
1,2810,28.1,7497.4484741687775,7497.3064661026,7497.405707836151,7497.355341911316,-0.002086162567138672,0.001043081283569336,0.0005960464477539062,-0.002086162567138672
1,2811,28.11,7497.44638800621,7497.307509183884,7497.405856847763,7497.353255748749,-0.002086162567138672,0.001043081283569336,0.00014901161193847656,-0.002086162567138672
1,2812,28.12,7497.444003820419,7497.309297323227,7497.406303882599,7497.350871562958,-0.002384185791015625,0.0017881393432617188,0.0004470348358154297,-0.002384185791015625
1,2813,28.13,7497.441619634628,7497.310638427734,7497.406750917435,7497.349381446838,-0.002384185791015625,0.001341104507446289,0.0004470348358154297,-0.0014901161193847656
1,2814,28.14,7497.439235448837,7497.312426567078,7497.407048940659,7497.347593307495,-0.002384185791015625,0.0017881393432617188,0.0002980232238769531,-0.0017881393432617188
1,2815,28.150000000000002,7497.43714928627,7497.313767671585,7497.407644987106,7497.346103191376,-0.002086162567138672,0.001341104507446289,0.0005960464477539062,-0.0014901161193847656
1,2816,28.16,7497.434765100479,7497.315555810928,7497.407495975494,7497.3443150520325,-0.002384185791015625,0.0017881393432617188,-0.00014901161193847656,-0.0017881393432617188
1,2817,28.17,7497.432678937912,7497.3174929618835,7497.408092021942,7497.342824935913,-0.002086162567138672,0.0019371509552001953,0.0005960464477539062,-0.0014901161193847656
1,2818,28.18,7497.430592775345,7497.319728136063,7497.408092021942,7497.340440750122,-0.002086162567138672,0.0022351741790771484,0.0,-0.002384185791015625
1,2819,28.19,7497.428208589554,7497.321963310242,7497.40868806839,7497.33954668045,-0.002384185791015625,0.0022351741790771484,0.0005960464477539062,-0.0008940696716308594
1,2820,28.2,7497.425228357315,7497.323453426361,7497.409284114838,7497.338652610779,-0.0029802322387695312,0.0014901161193847656,0.0005960464477539062,-0.0008940696716308594
1,2821,28.21,7497.423440217972,7497.325986623764,7497.409284114838,7497.336864471436,-0.0017881393432617188,0.0025331974029541016,0.0,-0.0017881393432617188
1,2822,28.22,7497.421354055405,7497.328370809555,7497.409880161285,7497.335970401764,-0.002086162567138672,0.002384185791015625,0.0005960464477539062,-0.0008940696716308594
1,2823,28.23,7497.41867184639,7497.330904006958,7497.410178184509,7497.335076332092,-0.002682209014892578,0.0025331974029541016,0.0002980232238769531,-0.0008940696716308594
1,2824,28.240000000000002,7497.416585683823,7497.332841157913,7497.410476207733,7497.334182262421,-0.002086162567138672,0.0019371509552001953,0.0002980232238769531,-0.0008940696716308594
1,2825,28.25,7497.414201498032,7497.335374355316,7497.410923242569,7497.333288192749,-0.002384185791015625,0.0025331974029541016,0.0004470348358154297,-0.0008940696716308594
1,2826,28.26,7497.411817312241,7497.338205575943,7497.411668300629,7497.3320960998535,-0.002384185791015625,0.0028312206268310547,0.0007450580596923828,-0.0011920928955078125
1,2827,28.27,7497.4097311496735,7497.340440750122,7497.411370277405,7497.331500053406,-0.002086162567138672,0.0022351741790771484,-0.0002980232238769531,-0.0005960464477539062
1,2828,28.28,7497.407346963882,7497.343271970749,7497.411817312241,7497.331202030182,-0.002384185791015625,0.0028312206268310547,0.0004470348358154297,-0.0002980232238769531
1,2829,28.29,7497.405260801315,7497.34565615654,7497.412413358688,7497.330605983734,-0.002086162567138672,0.002384185791015625,0.0005960464477539062,-0.0005960464477539062
1,2830,28.3,7497.403174638748,7497.348487377167,7497.412860393524,7497.3297119140625,-0.002086162567138672,0.0028312206268310547,0.0004470348358154297,-0.0008940696716308594
1,2831,28.310000000000002,7497.400790452957,7497.351318597794,7497.413009405136,7497.3297119140625,-0.002384185791015625,0.0028312206268310547,0.00014901161193847656,0.0
1,2832,28.32,7497.39870429039,7497.354298830032,7497.413456439972,7497.329115867615,-0.002086162567138672,0.0029802322387695312,0.0004470348358154297,-0.0005960464477539062
1,2833,28.330000000000002,7497.396618127823,7497.357577085495,7497.413754463196,7497.329115867615,-0.002086162567138672,0.0032782554626464844,0.0002980232238769531,0.0
1,2834,28.34,7497.394233942032,7497.360408306122,7497.41405248642,7497.328817844391,-0.002384185791015625,0.0028312206268310547,0.0002980232238769531,-0.0002980232238769531
1,2835,28.35,7497.392445802689,7497.363388538361,7497.4144995212555,7497.329115867615,-0.0017881393432617188,0.0029802322387695312,0.0004470348358154297,0.0002980232238769531
1,2836,28.36,7497.390061616898,7497.366368770599,7497.414946556091,7497.329115867615,-0.002384185791015625,0.0029802322387695312,0.0004470348358154297,0.0
1,2837,28.37,7497.388273477554,7497.369647026062,7497.415244579315,7497.3297119140625,-0.0017881393432617188,0.0032782554626464844,0.0002980232238769531,0.0005960464477539062
1,2838,28.38,7497.386187314987,7497.372478246689,7497.415542602539,7497.3297119140625,-0.002086162567138672,0.0028312206268310547,0.0002980232238769531,0.0
1,2839,28.39,7497.384399175644,7497.3757565021515,7497.415542602539,7497.33030796051,-0.0017881393432617188,0.0032782554626464844,0.0,0.0005960464477539062
1,2840,28.400000000000002,7497.382313013077,7497.379034757614,7497.416138648987,7497.330605983734,-0.002086162567138672,0.0032782554626464844,0.0005960464477539062,0.0002980232238769531
1,2841,28.41,7497.3805248737335,7497.382014989853,7497.416138648987,7497.330904006958,-0.0017881393432617188,0.0029802322387695312,0.0,0.0002980232238769531
1,2842,28.42,7497.37873673439,7497.385293245316,7497.416734695435,7497.33179807663,-0.0017881393432617188,0.0032782554626464844,0.0005960464477539062,0.0008940696716308594
1,2843,28.43,7497.376948595047,7497.388571500778,7497.417032718658,7497.3320960998535,-0.0017881393432617188,0.0032782554626464844,0.0002980232238769531,0.0002980232238769531
1,2844,28.44,7497.375458478928,7497.392147779465,7497.417032718658,7497.332990169525,-0.0014901161193847656,0.0035762786865234375,0.0,0.0008940696716308594
1,2845,28.45,7497.373968362808,7497.3951280117035,7497.417330741882,7497.333884239197,-0.0014901161193847656,0.0029802322387695312,0.0002980232238769531,0.0008940696716308594
1,2846,28.46,7497.371882200241,7497.398406267166,7497.417628765106,7497.334778308868,-0.002086162567138672,0.0032782554626464844,0.0002980232238769531,0.0008940696716308594
1,2847,28.47,7497.370392084122,7497.401833534241,7497.41792678833,7497.33567237854,-0.0014901161193847656,0.003427267074584961,0.0002980232238769531,0.0008940696716308594
1,2848,28.48,7497.368901968002,7497.404664754868,7497.418224811554,7497.336864471436,-0.0014901161193847656,0.0028312206268310547,0.0002980232238769531,0.0011920928955078125
1,2849,28.490000000000002,7497.367113828659,7497.408092021942,7497.41867184639,7497.337758541107,-0.0017881393432617188,0.003427267074584961,0.0004470348358154297,0.0008940696716308594
1,2850,28.5,7497.36562371254,7497.411668300629,7497.419118881226,7497.338652610779,-0.0014901161193847656,0.0035762786865234375,0.0004470348358154297,0.0008940696716308594
1,2851,28.51,7497.364729642868,7497.4144995212555,7497.419118881226,7497.340440750122,-0.0008940696716308594,0.0028312206268310547,0.0,0.0017881393432617188
1,2852,28.52,7497.363239526749,7497.417777776718,7497.4194169044495,7497.341632843018,-0.0014901161193847656,0.0032782554626464844,0.0002980232238769531,0.0011920928955078125
1,2853,28.53,7497.362047433853,7497.420907020569,7497.419565916061,7497.342824935913,-0.0011920928955078125,0.003129243850708008,0.00014901161193847656,0.0011920928955078125
1,2854,28.54,7497.360855340958,7497.42403626442,7497.419714927673,7497.3443150520325,-0.0011920928955078125,0.003129243850708008,0.00014901161193847656,0.0014901161193847656
1,2855,28.55,7497.359961271286,7497.42716550827,7497.419714927673,7497.346103191376,-0.0008940696716308594,0.003129243850708008,0.0,0.0017881393432617188
1,2856,28.560000000000002,7497.3587691783905,7497.430145740509,7497.420012950897,7497.347891330719,-0.0011920928955078125,0.0029802322387695312,0.0002980232238769531,0.0017881393432617188
1,2857,28.57,7497.357875108719,7497.433125972748,7497.420161962509,7497.349381446838,-0.0008940696716308594,0.0029802322387695312,0.00014901161193847656,0.0014901161193847656
1,2858,28.580000000000002,7497.356683015823,7497.43640422821,7497.420310974121,7497.350871562958,-0.0011920928955078125,0.0032782554626464844,0.00014901161193847656,0.0014901161193847656
1,2859,28.59,7497.356086969376,7497.438937425613,7497.420608997345,7497.352957725525,-0.0005960464477539062,0.0025331974029541016,0.0002980232238769531,0.002086162567138672
1,2860,28.6,7497.355192899704,7497.441917657852,7497.420608997345,7497.354745864868,-0.0008940696716308594,0.0029802322387695312,0.0,0.0017881393432617188
1,2861,28.61,7497.354298830032,7497.444897890091,7497.420608997345,7497.356534004211,-0.0008940696716308594,0.0029802322387695312,0.0,0.0017881393432617188
1,2862,28.62,7497.353106737137,7497.44787812233,7497.420907020569,7497.358322143555,-0.0011920928955078125,0.0029802322387695312,0.0002980232238769531,0.0017881393432617188
1,2863,28.63,7497.352808713913,7497.450262308121,7497.421205043793,7497.360408306122,-0.0002980232238769531,0.002384185791015625,0.0002980232238769531,0.002086162567138672
1,2864,28.64,7497.352212667465,7497.452944517136,7497.421205043793,7497.362494468689,-0.0005960464477539062,0.002682209014892578,0.0,0.002086162567138672
1,2865,28.650000000000002,7497.351914644241,7497.455477714539,7497.421205043793,7497.364580631256,-0.0002980232238769531,0.0025331974029541016,0.0,0.002086162567138672
1,2866,28.66,7497.351914644241,7497.458308935165,7497.420907020569,7497.366666793823,0.0,0.0028312206268310547,-0.0002980232238769531,0.002086162567138672
1,2867,28.67,7497.35102057457,7497.4605441093445,7497.421205043793,7497.36875295639,-0.0008940696716308594,0.0022351741790771484,0.0002980232238769531,0.002086162567138672
1,2868,28.68,7497.350722551346,7497.462779283524,7497.421503067017,7497.3708391189575,-0.0002980232238769531,0.0022351741790771484,0.0002980232238769531,0.002086162567138672
1,2869,28.69,7497.350722551346,7497.465163469315,7497.421205043793,7497.3732233047485,0.0,0.002384185791015625,-0.0002980232238769531,0.002384185791015625
1,2870,28.7,7497.350126504898,7497.467547655106,7497.421503067017,7497.37560749054,-0.0005960464477539062,0.002384185791015625,0.0002980232238769531,0.002384185791015625
1,2871,28.71,7497.350126504898,7497.469782829285,7497.421503067017,7497.377395629883,0.0,0.0022351741790771484,0.0,0.0017881393432617188
1,2872,28.72,7497.350126504898,7497.471570968628,7497.421503067017,7497.380077838898,0.0,0.0017881393432617188,0.0,0.002682209014892578
1,2873,28.73,7497.350126504898,7497.473806142807,7497.421354055405,7497.382760047913,0.0,0.0022351741790771484,-0.00014901161193847656,0.002682209014892578
1,2874,28.740000000000002,7497.350424528122,7497.47559428215,7497.421205043793,7497.385144233704,0.0002980232238769531,0.0017881393432617188,-0.00014901161193847656,0.002384185791015625
1,2875,28.75,7497.350424528122,7497.477829456329,7497.421503067017,7497.386932373047,0.0,0.0022351741790771484,0.0002980232238769531,0.0017881393432617188
1,2876,28.76,7497.350722551346,7497.479468584061,7497.421503067017,7497.389316558838,0.0002980232238769531,0.0016391277313232422,0.0,0.002384185791015625
1,2877,28.77,7497.351318597794,7497.481405735016,7497.421503067017,7497.391402721405,0.0005960464477539062,0.0019371509552001953,0.0,0.002086162567138672
1,2878,28.78,7497.3516166210175,7497.482746839523,7497.421354055405,7497.394382953644,0.0002980232238769531,0.001341104507446289,-0.00014901161193847656,0.0029802322387695312
1,2879,28.79,7497.3516166210175,7497.48483300209,7497.421503067017,7497.396469116211,0.0,0.002086162567138672,0.00014901161193847656,0.002086162567138672
1,2880,28.8,7497.352212667465,7497.48632311821,7497.421354055405,7497.398555278778,0.0005960464477539062,0.0014901161193847656,-0.00014901161193847656,0.002086162567138672
1,2881,28.810000000000002,7497.352808713913,7497.4872171878815,7497.420907020569,7497.401237487793,0.0005960464477539062,0.0008940696716308594,-0.0004470348358154297,0.002682209014892578
1,2882,28.82,7497.353404760361,7497.488707304001,7497.420907020569,7497.403621673584,0.0005960464477539062,0.0014901161193847656,0.0,0.002384185791015625
1,2883,28.830000000000002,7497.353702783585,7497.49019742012,7497.421205043793,7497.406005859375,0.0002980232238769531,0.0014901161193847656,0.0002980232238769531,0.002384185791015625
1,2884,28.84,7497.35489487648,7497.491091489792,7497.420758008957,7497.408390045166,0.0011920928955078125,0.0008940696716308594,-0.0004470348358154297,0.002384185791015625
1,2885,28.85,7497.355490922928,7497.492581605911,7497.420459985733,7497.410178184509,0.0005960464477539062,0.0014901161193847656,-0.0002980232238769531,0.0017881393432617188
1,2886,28.86,7497.356683015823,7497.493475675583,7497.420459985733,7497.4125623703,0.0011920928955078125,0.0008940696716308594,0.0,0.002384185791015625
1,2887,28.87,7497.357279062271,7497.494220733643,7497.420608997345,7497.415542602539,0.0005960464477539062,0.0007450580596923828,0.00014901161193847656,0.0029802322387695312
1,2888,28.88,7497.357875108719,7497.495263814926,7497.420459985733,7497.417330741882,0.0005960464477539062,0.001043081283569336,-0.00014901161193847656,0.0017881393432617188
1,2889,28.89,7497.359067201614,7497.49556183815,7497.420161962509,7497.419714927673,0.0011920928955078125,0.0002980232238769531,-0.0002980232238769531,0.002384185791015625
1,2890,28.900000000000002,7497.36025929451,7497.49630689621,7497.420459985733,7497.422695159912,0.0011920928955078125,0.0007450580596923828,0.0002980232238769531,0.0029802322387695312
1,2891,28.91,7497.361451387405,7497.4967539310455,7497.420012950897,7497.424483299255,0.0011920928955078125,0.0004470348358154297,-0.0004470348358154297,0.0017881393432617188
1,2892,28.92,7497.362047433853,7497.497648000717,7497.420161962509,7497.426271438599,0.0005960464477539062,0.0008940696716308594,0.00014901161193847656,0.0017881393432617188
1,2893,28.93,7497.363239526749,7497.497648000717,7497.420012950897,7497.4289536476135,0.0011920928955078125,0.0,-0.00014901161193847656,0.002682209014892578
1,2894,28.94,7497.364431619644,7497.497797012329,7497.419714927673,7497.431039810181,0.0011920928955078125,0.00014901161193847656,-0.0002980232238769531,0.002086162567138672
1,2895,28.95,7497.365921735764,7497.497648000717,7497.4194169044495,7497.433423995972,0.0014901161193847656,-0.00014901161193847656,-0.0002980232238769531,0.002384185791015625
1,2896,28.96,7497.367411851883,7497.498095035553,7497.4194169044495,7497.435212135315,0.0014901161193847656,0.0004470348358154297,0.0,0.0017881393432617188
1,2897,28.97,7497.368603944778,7497.498244047165,7497.418969869614,7497.437298297882,0.0011920928955078125,0.00014901161193847656,-0.0004470348358154297,0.002086162567138672
1,2898,28.98,7497.370392084122,7497.497946023941,7497.418373823166,7497.439384460449,0.0017881393432617188,-0.0002980232238769531,-0.0005960464477539062,0.002086162567138672
1,2899,28.990000000000002,7497.371584177017,7497.497648000717,7497.418522834778,7497.4411725997925,0.0011920928955078125,-0.0002980232238769531,0.00014901161193847656,0.0017881393432617188
1,2900,29.0,7497.372776269913,7497.497946023941,7497.418075799942,7497.442960739136,0.0011920928955078125,0.0002980232238769531,-0.0004470348358154297,0.0017881393432617188
1,2901,29.01,7497.374564409256,7497.497051954269,7497.41792678833,7497.445046901703,0.0017881393432617188,-0.0008940696716308594,-0.00014901161193847656,0.002086162567138672
1,2902,29.02,7497.3757565021515,7497.4967539310455,7497.417777776718,7497.44713306427,0.0011920928955078125,-0.0002980232238769531,-0.00014901161193847656,0.002086162567138672
1,2903,29.03,7497.377544641495,7497.496455907822,7497.417628765106,7497.448921203613,0.0017881393432617188,-0.0002980232238769531,-0.00014901161193847656,0.0017881393432617188
1,2904,29.04,7497.379034757614,7497.495263814926,7497.417032718658,7497.450411319733,0.0014901161193847656,-0.0011920928955078125,-0.0005960464477539062,0.0014901161193847656
1,2905,29.05,7497.381120920181,7497.494965791702,7497.416734695435,7497.451901435852,0.002086162567138672,-0.0002980232238769531,-0.0002980232238769531,0.0014901161193847656
1,2906,29.060000000000002,7497.382014989853,7497.493624687195,7497.417032718658,7497.454285621643,0.0008940696716308594,-0.001341104507446289,0.0002980232238769531,0.002384185791015625
1,2907,29.07,7497.383505105972,7497.492879629135,7497.416734695435,7497.456073760986,0.0014901161193847656,-0.0007450580596923828,-0.0002980232238769531,0.0017881393432617188
1,2908,29.080000000000002,7497.385293245316,7497.492134571075,7497.416287660599,7497.457265853882,0.0017881393432617188,-0.0007450580596923828,-0.0004470348358154297,0.0011920928955078125
1,2909,29.09,7497.387081384659,7497.49094247818,7497.416287660599,7497.458755970001,0.0017881393432617188,-0.0011920928955078125,0.0,0.0014901161193847656
1,2910,29.1,7497.388571500778,7497.489452362061,7497.416138648987,7497.460842132568,0.0014901161193847656,-0.0014901161193847656,-0.00014901161193847656,0.002086162567138672
1,2911,29.11,7497.390657663345,7497.488409280777,7497.415542602539,7497.46173620224,0.002086162567138672,-0.001043081283569336,-0.0005960464477539062,0.0008940696716308594
1,2912,29.12,7497.3927438259125,7497.486919164658,7497.415244579315,7497.463226318359,0.002086162567138672,-0.0014901161193847656,-0.0002980232238769531,0.0014901161193847656
1,2913,29.13,7497.394233942032,7497.48557806015,7497.415095567703,7497.464120388031,0.0014901161193847656,-0.001341104507446289,-0.00014901161193847656,0.0008940696716308594
1,2914,29.14,7497.396022081375,7497.484385967255,7497.414946556091,7497.46561050415,0.0017881393432617188,-0.0011920928955078125,-0.00014901161193847656,0.0014901161193847656
1,2915,29.150000000000002,7497.397810220718,7497.482895851135,7497.414797544479,7497.466802597046,0.0017881393432617188,-0.0014901161193847656,-0.00014901161193847656,0.0011920928955078125
1,2916,29.16,7497.399598360062,7497.481405735016,7497.414201498032,7497.4676966667175,0.0017881393432617188,-0.0014901161193847656,-0.0005960464477539062,0.0008940696716308594
1,2917,29.17,7497.401088476181,7497.479468584061,7497.413903474808,7497.468888759613,0.0014901161193847656,-0.0019371509552001953,-0.0002980232238769531,0.0011920928955078125
1,2918,29.18,7497.403174638748,7497.477680444717,7497.413754463196,7497.469484806061,0.002086162567138672,-0.0017881393432617188,-0.00014901161193847656,0.0005960464477539062
1,2919,29.19,7497.405260801315,7497.476190328598,7497.41330742836,7497.470378875732,0.002086162567138672,-0.0014901161193847656,-0.0004470348358154297,0.0008940696716308594
1,2920,29.2,7497.406750917435,7497.474104166031,7497.413158416748,7497.47097492218,0.0014901161193847656,-0.002086162567138672,-0.00014901161193847656,0.0005960464477539062
1,2921,29.21,7497.408539056778,7497.472763061523,7497.412413358688,7497.471570968628,0.0017881393432617188,-0.001341104507446289,-0.0007450580596923828,0.0005960464477539062
1,2922,29.22,7497.410327196121,7497.470527887344,7497.412264347076,7497.472167015076,0.0017881393432617188,-0.0022351741790771484,-0.00014901161193847656,0.0005960464477539062
1,2923,29.23,7497.4121153354645,7497.468739748001,7497.4119663238525,7497.472763061523,0.0017881393432617188,-0.0017881393432617188,-0.0002980232238769531,0.0005960464477539062
1,2924,29.240000000000002,7497.413605451584,7497.466653585434,7497.411668300629,7497.473061084747,0.0014901161193847656,-0.002086162567138672,-0.0002980232238769531,0.0002980232238769531
1,2925,29.25,7497.415393590927,7497.464269399643,7497.411370277405,7497.473955154419,0.0017881393432617188,-0.002384185791015625,-0.0002980232238769531,0.0008940696716308594
1,2926,29.26,7497.417479753494,7497.462332248688,7497.411072254181,7497.474253177643,0.002086162567138672,-0.0019371509552001953,-0.0002980232238769531,0.0002980232238769531
1,2927,29.27,7497.41867184639,7497.460097074509,7497.410923242569,7497.474849224091,0.0011920928955078125,-0.0022351741790771484,-0.00014901161193847656,0.0005960464477539062
1,2928,29.28,7497.420459985733,7497.4580109119415,7497.410476207733,7497.474849224091,0.0017881393432617188,-0.002086162567138672,-0.0004470348358154297,0.0
1,2929,29.29,7497.422248125076,7497.455775737762,7497.410476207733,7497.475147247314,0.0017881393432617188,-0.0022351741790771484,0.0,0.0002980232238769531
1,2930,29.3,7497.423738241196,7497.453391551971,7497.410178184509,7497.475445270538,0.0014901161193847656,-0.002384185791015625,-0.0002980232238769531,0.0002980232238769531
1,2931,29.310000000000002,7497.426122426987,7497.4508583545685,7497.4097311496735,7497.475147247314,0.002384185791015625,-0.0025331974029541016,-0.0004470348358154297,-0.0002980232238769531
1,2932,29.32,7497.427016496658,7497.4484741687775,7497.40943312645,7497.475445270538,0.0008940696716308594,-0.002384185791015625,-0.0002980232238769531,0.0002980232238769531
1,2933,29.330000000000002,7497.428804636002,7497.445791959763,7497.4095821380615,7497.475147247314,0.0017881393432617188,-0.002682209014892578,0.00014901161193847656,-0.0002980232238769531
1,2934,29.34,7497.430294752121,7497.443854808807,7497.408986091614,7497.475147247314,0.0014901161193847656,-0.0019371509552001953,-0.0005960464477539062,0.0
1,2935,29.35,7497.43178486824,7497.4410235881805,7497.408986091614,7497.475147247314,0.0014901161193847656,-0.0028312206268310547,0.0,0.0
1,2936,29.36,7497.43327498436,7497.438937425613,7497.408837080002,7497.474551200867,0.0014901161193847656,-0.002086162567138672,-0.00014901161193847656,-0.0005960464477539062
1,2937,29.37,7497.434765100479,7497.436553239822,7497.40868806839,7497.474253177643,0.0014901161193847656,-0.002384185791015625,-0.00014901161193847656,-0.0002980232238769531
1,2938,29.38,7497.4362552165985,7497.4338710308075,7497.40868806839,7497.474253177643,0.0014901161193847656,-0.002682209014892578,0.0,0.0
1,2939,29.39,7497.437447309494,7497.431188821793,7497.408390045166,7497.473359107971,0.0011920928955078125,-0.002682209014892578,-0.0002980232238769531,-0.0008940696716308594
1,2940,29.400000000000002,7497.4386394023895,7497.429549694061,7497.407793998718,7497.4724650383,0.0011920928955078125,-0.0016391277313232422,-0.0005960464477539062,-0.0008940696716308594
1,2941,29.41,7497.439831495285,7497.426420450211,7497.40794301033,7497.472167015076,0.0011920928955078125,-0.003129243850708008,0.00014901161193847656,-0.0002980232238769531
1,2942,29.42,7497.441321611404,7497.424334287643,7497.407495975494,7497.471272945404,0.0014901161193847656,-0.002086162567138672,-0.0004470348358154297,-0.0008940696716308594
1,2943,29.43,7497.4425137043,7497.421503067017,7497.407644987106,7497.471272945404,0.0011920928955078125,-0.0028312206268310547,0.00014901161193847656,0.0
1,2944,29.44,7497.443705797195,7497.418969869614,7497.407048940659,7497.470378875732,0.0011920928955078125,-0.0025331974029541016,-0.0005960464477539062,-0.0008940696716308594
1,2945,29.45,7497.445493936539,7497.416585683823,7497.407346963882,7497.468888759613,0.0017881393432617188,-0.002384185791015625,0.0002980232238769531,-0.0014901161193847656
1,2946,29.46,7497.44638800621,7497.4144995212555,7497.406899929047,7497.467994689941,0.0008940696716308594,-0.002086162567138672,-0.0004470348358154297,-0.0008940696716308594
1,2947,29.47,7497.447282075882,7497.411817312241,7497.406750917435,7497.46710062027,0.0008940696716308594,-0.002682209014892578,-0.00014901161193847656,-0.0008940696716308594
1,2948,29.48,7497.448176145554,7497.40943312645,7497.406154870987,7497.466206550598,0.0008940696716308594,-0.002384185791015625,-0.0005960464477539062,-0.0008940696716308594
1,2949,29.490000000000002,7497.449070215225,7497.406899929047,7497.406601905823,7497.46561050415,0.0008940696716308594,-0.0025331974029541016,0.0004470348358154297,-0.0005960464477539062
1,2950,29.5,7497.450262308121,7497.40406870842,7497.406303882599,7497.464716434479,0.0011920928955078125,-0.0028312206268310547,-0.0002980232238769531,-0.0008940696716308594
1,2951,29.51,7497.451156377792,7497.4025785923,7497.406005859375,7497.4629282951355,0.0008940696716308594,-0.0014901161193847656,-0.0002980232238769531,-0.0017881393432617188
1,2952,29.52,7497.452050447464,7497.3998963832855,7497.405707836151,7497.462034225464,0.0008940696716308594,-0.002682209014892578,-0.0002980232238769531,-0.0008940696716308594
1,2953,29.53,7497.452944517136,7497.3975121974945,7497.405558824539,7497.460842132568,0.0008940696716308594,-0.002384185791015625,-0.00014901161193847656,-0.0011920928955078125
1,2954,29.54,7497.453540563583,7497.395426034927,7497.405558824539,7497.459650039673,0.0005960464477539062,-0.002086162567138672,0.0,-0.0011920928955078125
1,2955,29.55,7497.454434633255,7497.3925948143005,7497.405409812927,7497.458457946777,0.0008940696716308594,-0.0028312206268310547,-0.00014901161193847656,-0.0011920928955078125
1,2956,29.560000000000002,7497.455030679703,7497.390955686569,7497.404962778091,7497.456669807434,0.0005960464477539062,-0.0016391277313232422,-0.0004470348358154297,-0.0017881393432617188
1,2957,29.57,7497.4556267261505,7497.388571500778,7497.405409812927,7497.455477714539,0.0005960464477539062,-0.002384185791015625,0.0004470348358154297,-0.0011920928955078125
1,2958,29.580000000000002,7497.456222772598,7497.386485338211,7497.405260801315,7497.453689575195,0.0005960464477539062,-0.002086162567138672,-0.00014901161193847656,-0.0017881393432617188
1,2959,29.59,7497.456818819046,7497.38410115242,7497.405409812927,7497.452199459076,0.0005960464477539062,-0.002384185791015625,0.00014901161193847656,-0.0014901161193847656
1,2960,29.6,7497.45711684227,7497.382313013077,7497.405111789703,7497.45100736618,0.0002980232238769531,-0.0017881393432617188,-0.0002980232238769531,-0.0011920928955078125
1,2961,29.61,7497.457712888718,7497.379928827286,7497.404515743256,7497.449517250061,0.0005960464477539062,-0.002384185791015625,-0.0005960464477539062,-0.0014901161193847656
1,2962,29.62,7497.4580109119415,7497.378289699554,7497.4048137664795,7497.447729110718,0.0002980232238769531,-0.0016391277313232422,0.0002980232238769531,-0.0017881393432617188
1,2963,29.63,7497.458606958389,7497.376054525375,7497.4048137664795,7497.446238994598,0.0005960464477539062,-0.0022351741790771484,0.0,-0.0014901161193847656
1,2964,29.64,7497.458606958389,7497.373670339584,7497.4048137664795,7497.444748878479,0.0,-0.002384185791015625,0.0,-0.0014901161193847656
1,2965,29.650000000000002,7497.458904981613,7497.372180223465,7497.404515743256,7497.442960739136,0.0002980232238769531,-0.0014901161193847656,-0.0002980232238769531,-0.0017881393432617188
1,2966,29.66,7497.459203004837,7497.370541095734,7497.404515743256,7497.440874576569,0.0002980232238769531,-0.0016391277313232422,0.0,-0.002086162567138672
1,2967,29.67,7497.459203004837,7497.36875295639,7497.404366731644,7497.439384460449,0.0,-0.0017881393432617188,-0.00014901161193847656,-0.0014901161193847656
1,2968,29.68,7497.459501028061,7497.366815805435,7497.404217720032,7497.43789434433,0.0002980232238769531,-0.0019371509552001953,-0.00014901161193847656,-0.0014901161193847656
1,2969,29.69,7497.459203004837,7497.36562371254,7497.404664754868,7497.436106204987,-0.0002980232238769531,-0.0011920928955078125,0.0004470348358154297,-0.0017881393432617188
1,2970,29.7,7497.459203004837,7497.3636865615845,7497.404515743256,7497.434616088867,0.0,-0.0019371509552001953,-0.00014901161193847656,-0.0014901161193847656
1,2971,29.71,7497.459203004837,7497.361898422241,7497.4048137664795,7497.432827949524,0.0,-0.0017881393432617188,0.0002980232238769531,-0.0017881393432617188
1,2972,29.72,7497.458904981613,7497.36025929451,7497.404962778091,7497.431039810181,-0.0002980232238769531,-0.0016391277313232422,0.00014901161193847656,-0.0017881393432617188
1,2973,29.73,7497.459203004837,7497.359365224838,7497.404366731644,7497.42865562439,0.0002980232238769531,-0.0008940696716308594,-0.0005960464477539062,-0.002384185791015625
1,2974,29.740000000000002,7497.458606958389,7497.358173131943,7497.404664754868,7497.42716550827,-0.0005960464477539062,-0.0011920928955078125,0.0002980232238769531,-0.0014901161193847656
1,2975,29.75,7497.4580109119415,7497.356683015823,7497.404515743256,7497.425079345703,-0.0005960464477539062,-0.0014901161193847656,-0.00014901161193847656,-0.002086162567138672
1,2976,29.76,7497.4580109119415,7497.355490922928,7497.404515743256,7497.42329120636,0.0,-0.0011920928955078125,0.0,-0.0017881393432617188
1,2977,29.77,7497.457414865494,7497.354447841644,7497.4048137664795,7497.421503067017,-0.0005960464477539062,-0.001043081283569336,0.0002980232238769531,-0.0017881393432617188
1,2978,29.78,7497.45711684227,7497.353255748749,7497.404962778091,7497.420012950897,-0.0002980232238769531,-0.0011920928955078125,0.00014901161193847656,-0.0014901161193847656
1,2979,29.79,7497.456818819046,7497.352212667465,7497.4048137664795,7497.41792678833,-0.0002980232238769531,-0.001043081283569336,-0.00014901161193847656,-0.002086162567138672
1,2980,29.8,7497.456222772598,7497.351765632629,7497.4048137664795,7497.416138648987,-0.0005960464477539062,-0.0004470348358154297,0.0,-0.0017881393432617188
1,2981,29.810000000000002,7497.455328702927,7497.350424528122,7497.405111789703,7497.414350509644,-0.0008940696716308594,-0.001341104507446289,0.0002980232238769531,-0.0017881393432617188
1,2982,29.82,7497.454732656479,7497.349381446838,7497.405111789703,7497.4119663238525,-0.0005960464477539062,-0.001043081283569336,0.0,-0.002384185791015625
1,2983,29.830000000000002,7497.454434633255,7497.348636388779,7497.4048137664795,7497.410774230957,-0.0002980232238769531,-0.0007450580596923828,-0.0002980232238769531,-0.0011920928955078125
1,2984,29.84,7497.453540563583,7497.348189353943,7497.405409812927,7497.40868806839,-0.0008940696716308594,-0.0004470348358154297,0.0005960464477539062,-0.002086162567138672
1,2985,29.85,7497.452944517136,7497.347444295883,7497.405409812927,7497.4071979522705,-0.0005960464477539062,-0.0007450580596923828,0.0,-0.0014901161193847656
1,2986,29.86,7497.452050447464,7497.346550226212,7497.405707836151,7497.406005859375,-0.0008940696716308594,-0.0008940696716308594,0.0002980232238769531,-0.0011920928955078125
1,2987,29.87,7497.451454401016,7497.346997261047,7497.405707836151,7497.40332365036,-0.0005960464477539062,0.0004470348358154297,0.0,-0.002682209014892578
1,2988,29.88,7497.450262308121,7497.3464012146,7497.406005859375,7497.402131557465,-0.0011920928955078125,-0.0005960464477539062,0.0002980232238769531,-0.0011920928955078125
1,2989,29.89,7497.449666261673,7497.346550226212,7497.406005859375,7497.399747371674,-0.0005960464477539062,0.00014901161193847656,0.0,-0.002384185791015625
1,2990,29.900000000000002,7497.449070215225,7497.345954179764,7497.406005859375,7497.398555278778,-0.0005960464477539062,-0.0005960464477539062,0.0,-0.0011920928955078125
1,2991,29.91,7497.447580099106,7497.345358133316,7497.406303882599,7497.397065162659,-0.0014901161193847656,-0.0005960464477539062,0.0002980232238769531,-0.0014901161193847656
1,2992,29.92,7497.446686029434,7497.345358133316,7497.406452894211,7497.395277023315,-0.0008940696716308594,0.0,0.00014901161193847656,-0.0017881393432617188
1,2993,29.93,7497.445791959763,7497.345358133316,7497.406601905823,7497.393786907196,-0.0008940696716308594,0.0,0.00014901161193847656,-0.0014901161193847656
1,2994,29.94,7497.444897890091,7497.34565615654,7497.406303882599,7497.391998767853,-0.0008940696716308594,0.0002980232238769531,-0.0002980232238769531,-0.0017881393432617188
1,2995,29.95,7497.443705797195,7497.345358133316,7497.406899929047,7497.390806674957,-0.0011920928955078125,-0.0002980232238769531,0.0005960464477539062,-0.0011920928955078125
1,2996,29.96,7497.4425137043,7497.345805168152,7497.406899929047,7497.389018535614,-0.0011920928955078125,0.0004470348358154297,0.0,-0.0017881393432617188
1,2997,29.97,7497.441321611404,7497.34565615654,7497.4071979522705,7497.387528419495,-0.0011920928955078125,-0.00014901161193847656,0.0002980232238769531,-0.0014901161193847656
1,2998,29.98,7497.440129518509,7497.346550226212,7497.4071979522705,7497.386038303375,-0.0011920928955078125,0.0008940696716308594,0.0,-0.0014901161193847656
1,2999,29.990000000000002,7497.438937425613,7497.346848249435,7497.407495975494,7497.385144233704,-0.0011920928955078125,0.0002980232238769531,0.0002980232238769531,-0.0008940696716308594
1,3000,30.0,7497.438043355942,7497.347444295883,7497.407346963882,7497.3830580711365,-0.0008940696716308594,0.0005960464477539062,-0.00014901161193847656,-0.002086162567138672
1,3001,30.01,7497.43714928627,7497.347742319107,7497.4071979522705,7497.381865978241,-0.0008940696716308594,0.0002980232238769531,-0.00014901161193847656,-0.0011920928955078125
1,3002,30.02,7497.435659170151,7497.348636388779,7497.407793998718,7497.380375862122,-0.0014901161193847656,0.0008940696716308594,0.0005960464477539062,-0.0014901161193847656
1,3003,30.03,7497.434169054031,7497.348934412003,7497.407793998718,7497.379183769226,-0.0014901161193847656,0.0002980232238769531,0.0,-0.0011920928955078125
1,3004,30.04,7497.432976961136,7497.349828481674,7497.408390045166,7497.377991676331,-0.0011920928955078125,0.0008940696716308594,0.0005960464477539062,-0.0011920928955078125
1,3005,30.05,7497.43178486824,7497.350573539734,7497.408092021942,7497.376501560211,-0.0011920928955078125,0.0007450580596923828,-0.0002980232238769531,-0.0014901161193847656
1,3006,30.060000000000002,7497.430294752121,7497.351169586182,7497.40868806839,7497.375905513763,-0.0014901161193847656,0.0005960464477539062,0.0005960464477539062,-0.0005960464477539062
1,3007,30.07,7497.428804636002,7497.352212667465,7497.408986091614,7497.374415397644,-0.0014901161193847656,0.001043081283569336,0.0002980232238769531,-0.0014901161193847656
1,3008,30.080000000000002,7497.428208589554,7497.353106737137,7497.408986091614,7497.373819351196,-0.0005960464477539062,0.0008940696716308594,0.0,-0.0005960464477539062
1,3009,30.09,7497.426420450211,7497.3538517951965,7497.409135103226,7497.372627258301,-0.0017881393432617188,0.0007450580596923828,0.00014901161193847656,-0.0011920928955078125
1,3010,30.1,7497.425228357315,7497.355192899704,7497.409284114838,7497.371733188629,-0.0011920928955078125,0.001341104507446289,0.00014901161193847656,-0.0008940696716308594
1,3011,30.11,7497.42403626442,7497.3563849925995,7497.4095821380615,7497.37024307251,-0.0011920928955078125,0.0011920928955078125,0.0002980232238769531,-0.0014901161193847656
1,3012,30.12,7497.4225461483,7497.357577085495,7497.4097311496735,7497.369647026062,-0.0014901161193847656,0.0011920928955078125,0.00014901161193847656,-0.0005960464477539062
1,3013,30.13,7497.421056032181,7497.358620166779,7497.410029172897,7497.369050979614,-0.0014901161193847656,0.001043081283569336,0.0002980232238769531,-0.0005960464477539062
1,3014,30.14,7497.419863939285,7497.359961271286,7497.409880161285,7497.367858886719,-0.0011920928955078125,0.001341104507446289,-0.00014901161193847656,-0.0011920928955078125
1,3015,30.150000000000002,7497.41867184639,7497.3611533641815,7497.410178184509,7497.367560863495,-0.0011920928955078125,0.0011920928955078125,0.0002980232238769531,-0.0002980232238769531
1,3016,30.16,7497.41718173027,7497.362941503525,7497.410625219345,7497.366964817047,-0.0014901161193847656,0.0017881393432617188,0.0004470348358154297,-0.0005960464477539062
1,3017,30.17,7497.415691614151,7497.36413359642,7497.410476207733,7497.3660707473755,-0.0014901161193847656,0.0011920928955078125,-0.00014901161193847656,-0.0008940696716308594
1,3018,30.18,7497.4144995212555,7497.36562371254,7497.411072254181,7497.3660707473755,-0.0011920928955078125,0.0014901161193847656,0.0005960464477539062,0.0
1,3019,30.19,7497.413009405136,7497.367262840271,7497.411668300629,7497.365474700928,-0.0014901161193847656,0.0016391277313232422,0.0005960464477539062,-0.0005960464477539062
1,3020,30.2,7497.411817312241,7497.368603944778,7497.411370277405,7497.36487865448,-0.0011920928955078125,0.001341104507446289,-0.0002980232238769531,-0.0005960464477539062
1,3021,30.21,7497.410327196121,7497.37024307251,7497.411668300629,7497.364580631256,-0.0014901161193847656,0.0016391277313232422,0.0002980232238769531,-0.0002980232238769531
1,3022,30.22,7497.409135103226,7497.371733188629,7497.412264347076,7497.363984584808,-0.0011920928955078125,0.0014901161193847656,0.0005960464477539062,-0.0005960464477539062
1,3023,30.23,7497.40794301033,7497.373670339584,7497.4119663238525,7497.3636865615845,-0.0011920928955078125,0.0019371509552001953,-0.0002980232238769531,-0.0002980232238769531
1,3024,30.240000000000002,7497.406452894211,7497.375458478928,7497.412264347076,7497.363388538361,-0.0014901161193847656,0.0017881393432617188,0.0002980232238769531,-0.0002980232238769531
1,3025,30.25,7497.404962778091,7497.377097606659,7497.412264347076,7497.363090515137,-0.0014901161193847656,0.0016391277313232422,0.0,-0.0002980232238769531
1,3026,30.26,7497.403770685196,7497.37873673439,7497.412860393524,7497.363090515137,-0.0011920928955078125,0.0016391277313232422,0.0005960464477539062,0.0
1,3027,30.27,7497.4025785923,7497.380822896957,7497.412860393524,7497.362792491913,-0.0011920928955078125,0.002086162567138672,0.0,-0.0002980232238769531
1,3028,30.28,7497.401386499405,7497.382313013077,7497.413456439972,7497.363090515137,-0.0011920928955078125,0.0014901161193847656,0.0005960464477539062,0.0002980232238769531
1,3029,30.29,7497.400194406509,7497.383952140808,7497.413158416748,7497.363090515137,-0.0011920928955078125,0.0016391277313232422,-0.0002980232238769531,0.0
1,3030,30.3,7497.399002313614,7497.386634349823,7497.413456439972,7497.362494468689,-0.0011920928955078125,0.002682209014892578,0.0002980232238769531,-0.0005960464477539062
1,3031,30.310000000000002,7497.3975121974945,7497.388124465942,7497.41405248642,7497.363090515137,-0.0014901161193847656,0.0014901161193847656,0.0005960464477539062,0.0005960464477539062
1,3032,30.32,7497.396618127823,7497.38946557045,7497.413754463196,7497.363388538361,-0.0008940696716308594,0.001341104507446289,-0.0002980232238769531,0.0002980232238769531
1,3033,30.330000000000002,7497.395724058151,7497.391551733017,7497.414350509644,7497.3636865615845,-0.0008940696716308594,0.002086162567138672,0.0005960464477539062,0.0002980232238769531
1,3034,30.34,7497.394233942032,7497.39333987236,7497.414648532867,7497.3636865615845,-0.0014901161193847656,0.0017881393432617188,0.0002980232238769531,0.0
1,3035,30.35,7497.39333987236,7497.3951280117035,7497.414350509644,7497.364282608032,-0.0008940696716308594,0.0017881393432617188,-0.0002980232238769531,0.0005960464477539062
1,3036,30.36,7497.392147779465,7497.397363185883,7497.414946556091,7497.364282608032,-0.0011920928955078125,0.0022351741790771484,0.0005960464477539062,0.0
1,3037,30.37,7497.390955686569,7497.39944934845,7497.414350509644,7497.364580631256,-0.0011920928955078125,0.002086162567138672,-0.0005960464477539062,0.0002980232238769531
1,3038,30.38,7497.390061616898,7497.401088476181,7497.414946556091,7497.365176677704,-0.0008940696716308594,0.0016391277313232422,0.0005960464477539062,0.0005960464477539062
1,3039,30.39,7497.389167547226,7497.40332365036,7497.414648532867,7497.365474700928,-0.0008940696716308594,0.0022351741790771484,-0.0002980232238769531,0.0002980232238769531
1,3040,30.400000000000002,7497.38797545433,7497.404366731644,7497.415244579315,7497.366666793823,-0.0011920928955078125,0.001043081283569336,0.0005960464477539062,0.0011920928955078125
1,3041,30.41,7497.387081384659,7497.406452894211,7497.415542602539,7497.367262840271,-0.0008940696716308594,0.002086162567138672,0.0002980232238769531,0.0005960464477539062
1,3042,30.42,7497.386187314987,7497.408241033554,7497.415840625763,7497.367858886719,-0.0008940696716308594,0.0017881393432617188,0.0002980232238769531,0.0005960464477539062
1,3043,30.43,7497.385591268539,7497.410476207733,7497.415542602539,7497.3684549331665,-0.0005960464477539062,0.0022351741790771484,-0.0002980232238769531,0.0005960464477539062
1,3044,30.44,7497.384697198868,7497.4121153354645,7497.415542602539,7497.369050979614,-0.0008940696716308594,0.0016391277313232422,0.0,0.0005960464477539062
1,3045,30.45,7497.383803129196,7497.414201498032,7497.416287660599,7497.369349002838,-0.0008940696716308594,0.002086162567138672,0.0007450580596923828,0.0002980232238769531
1,3046,30.46,7497.3829090595245,7497.416287660599,7497.415840625763,7497.37024307251,-0.0008940696716308594,0.002086162567138672,-0.0004470348358154297,0.0008940696716308594
1,3047,30.47,7497.382014989853,7497.417777776718,7497.416436672211,7497.371435165405,-0.0008940696716308594,0.0014901161193847656,0.0005960464477539062,0.0011920928955078125
1,3048,30.48,7497.381418943405,7497.4194169044495,7497.416585683823,7497.372627258301,-0.0005960464477539062,0.0016391277313232422,0.00014901161193847656,0.0011920928955078125
1,3049,30.490000000000002,7497.380822896957,7497.421503067017,7497.416734695435,7497.3732233047485,-0.0005960464477539062,0.002086162567138672,0.00014901161193847656,0.0005960464477539062
1,3050,30.5,7497.379928827286,7497.423440217972,7497.416585683823,7497.37411737442,-0.0008940696716308594,0.0019371509552001953,-0.00014901161193847656,0.0008940696716308594
1,3051,30.51,7497.379928827286,7497.425228357315,7497.416734695435,7497.375011444092,0.0,0.0017881393432617188,0.00014901161193847656,0.0008940696716308594
1,3052,30.52,7497.379034757614,7497.4265694618225,7497.416734695435,7497.376203536987,-0.0008940696716308594,0.001341104507446289,0.0,0.0011920928955078125
1,3053,30.53,7497.37873673439,7497.42791056633,7497.416436672211,7497.377097606659,-0.0002980232238769531,0.001341104507446289,-0.0002980232238769531,0.0008940696716308594
1,3054,30.54,7497.3781406879425,7497.429996728897,7497.417032718658,7497.378587722778,-0.0005960464477539062,0.002086162567138672,0.0005960464477539062,0.0014901161193847656
1,3055,30.55,7497.377544641495,7497.431188821793,7497.417330741882,7497.379779815674,-0.0005960464477539062,0.0011920928955078125,0.0002980232238769531,0.0011920928955078125
1,3056,30.560000000000002,7497.376948595047,7497.432976961136,7497.417628765106,7497.380375862122,-0.0005960464477539062,0.0017881393432617188,0.0002980232238769531,0.0005960464477539062
1,3057,30.57,7497.376948595047,7497.434616088867,7497.417032718658,7497.381865978241,0.0,0.0016391277313232422,-0.0005960464477539062,0.0014901161193847656
1,3058,30.580000000000002,7497.376948595047,7497.4362552165985,7497.417330741882,7497.3830580711365,0.0,0.0016391277313232422,0.0002980232238769531,0.0011920928955078125
1,3059,30.59,7497.376650571823,7497.438043355942,7497.41718173027,7497.383952140808,-0.0002980232238769531,0.0017881393432617188,-0.00014901161193847656,0.0008940696716308594
1,3060,30.6,7497.376352548599,7497.439533472061,7497.41718173027,7497.38484621048,-0.0002980232238769531,0.0014901161193847656,0.0,0.0008940696716308594
1,3061,30.61,7497.376352548599,7497.440576553345,7497.417330741882,7497.386932373047,0.0,0.001043081283569336,0.00014901161193847656,0.002086162567138672
1,3062,30.62,7497.3757565021515,7497.442215681076,7497.417330741882,7497.387528419495,-0.0005960464477539062,0.0016391277313232422,0.0,0.0005960464477539062
1,3063,30.63,7497.3757565021515,7497.4435567855835,7497.417330741882,7497.389614582062,0.0,0.001341104507446289,0.0,0.002086162567138672
1,3064,30.64,7497.3757565021515,7497.444897890091,7497.417479753494,7497.390806674957,0.0,0.001341104507446289,0.00014901161193847656,0.0011920928955078125
1,3065,30.650000000000002,7497.3757565021515,7497.446238994598,7497.417628765106,7497.391700744629,0.0,0.001341104507446289,0.00014901161193847656,0.0008940696716308594
1,3066,30.66,7497.376054525375,7497.447580099106,7497.417330741882,7497.3925948143005,0.0002980232238769531,0.001341104507446289,-0.0002980232238769531,0.0008940696716308594
1,3067,30.67,7497.3757565021515,7497.449070215225,7497.417479753494,7497.394680976868,-0.0002980232238769531,0.0014901161193847656,0.00014901161193847656,0.002086162567138672
1,3068,30.68,7497.375458478928,7497.449666261673,7497.41792678833,7497.396171092987,-0.0002980232238769531,0.0005960464477539062,0.0004470348358154297,0.0014901161193847656
1,3069,30.69,7497.376054525375,7497.451156377792,7497.41792678833,7497.397363185883,0.0005960464477539062,0.0014901161193847656,0.0,0.0011920928955078125
1,3070,30.7,7497.376054525375,7497.452050447464,7497.417479753494,7497.399151325226,0.0,0.0008940696716308594,-0.0004470348358154297,0.0017881393432617188
1,3071,30.71,7497.376054525375,7497.453093528748,7497.417479753494,7497.400343418121,0.0,0.001043081283569336,0.0,0.0011920928955078125
1,3072,30.72,7497.376352548599,7497.454434633255,7497.417628765106,7497.401535511017,0.0002980232238769531,0.001341104507446289,0.00014901161193847656,0.0011920928955078125
1,3073,30.73,7497.376948595047,7497.455477714539,7497.417330741882,7497.402727603912,0.0005960464477539062,0.001043081283569336,-0.0002980232238769531,0.0011920928955078125
1,3074,30.740000000000002,7497.376948595047,7497.455924749374,7497.417330741882,7497.404217720032,0.0,0.0004470348358154297,0.0,0.0014901161193847656
1,3075,30.75,7497.377544641495,7497.456818819046,7497.417032718658,7497.405707836151,0.0005960464477539062,0.0008940696716308594,-0.0002980232238769531,0.0014901161193847656
1,3076,30.76,7497.377544641495,7497.457414865494,7497.417330741882,7497.4071979522705,0.0,0.0005960464477539062,0.0002980232238769531,0.0014901161193847656
1,3077,30.77,7497.377544641495,7497.458308935165,7497.417479753494,7497.408986091614,0.0,0.0008940696716308594,0.00014901161193847656,0.0017881393432617188
1,3078,30.78,7497.378438711166,7497.458904981613,7497.417330741882,7497.4095821380615,0.0008940696716308594,0.0005960464477539062,-0.00014901161193847656,0.0005960464477539062
1,3079,30.79,7497.379034757614,7497.459799051285,7497.417032718658,7497.411072254181,0.0005960464477539062,0.0008940696716308594,-0.0002980232238769531,0.0014901161193847656
1,3080,30.8,7497.37873673439,7497.459799051285,7497.41718173027,7497.4125623703,-0.0002980232238769531,0.0,0.00014901161193847656,0.0014901161193847656
1,3081,30.810000000000002,7497.379928827286,7497.4605441093445,7497.417032718658,7497.414350509644,0.0011920928955078125,0.0007450580596923828,-0.00014901161193847656,0.0017881393432617188
1,3082,30.82,7497.38022685051,7497.461140155792,7497.416734695435,7497.414946556091,0.0002980232238769531,0.0005960464477539062,-0.0002980232238769531,0.0005960464477539062
1,3083,30.830000000000002,7497.380822896957,7497.461587190628,7497.416734695435,7497.416734695435,0.0005960464477539062,0.0004470348358154297,0.0,0.0017881393432617188
1,3084,30.84,7497.381716966629,7497.461885213852,7497.416585683823,7497.418224811554,0.0008940696716308594,0.0002980232238769531,-0.00014901161193847656,0.0014901161193847656
1,3085,30.85,7497.382014989853,7497.461885213852,7497.416585683823,7497.419714927673,0.0002980232238769531,0.0,0.0,0.0014901161193847656
1,3086,30.86,7497.3829090595245,7497.462183237076,7497.416436672211,7497.420907020569,0.0008940696716308594,0.0002980232238769531,-0.00014901161193847656,0.0011920928955078125
1,3087,30.87,7497.383505105972,7497.462779283524,7497.415989637375,7497.4218010902405,0.0005960464477539062,0.0005960464477539062,-0.0004470348358154297,0.0008940696716308594
1,3088,30.88,7497.38410115242,7497.462630271912,7497.416436672211,7497.423887252808,0.0005960464477539062,-0.00014901161193847656,0.0004470348358154297,0.002086162567138672
1,3089,30.89,7497.384995222092,7497.462779283524,7497.416138648987,7497.424781322479,0.0008940696716308594,0.00014901161193847656,-0.0002980232238769531,0.0008940696716308594
1,3090,30.900000000000002,7497.385293245316,7497.4624812603,7497.416436672211,7497.426271438599,0.0002980232238769531,-0.0002980232238769531,0.0002980232238769531,0.0014901161193847656
1,3091,30.91,7497.386485338211,7497.4624812603,7497.415840625763,7497.426867485046,0.0011920928955078125,0.0,-0.0005960464477539062,0.0005960464477539062
1,3092,30.92,7497.387379407883,7497.4624812603,7497.415840625763,7497.428059577942,0.0008940696716308594,0.0,0.0,0.0011920928955078125
1,3093,30.93,7497.388273477554,7497.462034225464,7497.415691614151,7497.429847717285,0.0008940696716308594,-0.0004470348358154297,-0.00014901161193847656,0.0017881393432617188
1,3094,30.94,7497.38946557045,7497.461885213852,7497.415691614151,7497.430443763733,0.0011920928955078125,-0.00014901161193847656,0.0,0.0005960464477539062
1,3095,30.95,7497.390061616898,7497.461587190628,7497.415542602539,7497.431933879852,0.0005960464477539062,-0.0002980232238769531,-0.00014901161193847656,0.0014901161193847656
1,3096,30.96,7497.391253709793,7497.461438179016,7497.415095567703,7497.432827949524,0.0011920928955078125,-0.00014901161193847656,-0.0004470348358154297,0.0008940696716308594
1,3097,30.970000000000002,7497.391849756241,7497.461289167404,7497.415542602539,7497.434318065643,0.0005960464477539062,-0.00014901161193847656,0.0004470348358154297,0.0014901161193847656
1,3098,30.98,7497.3927438259125,7497.460693120956,7497.415244579315,7497.434914112091,0.0008940696716308594,-0.0005960464477539062,-0.0002980232238769531,0.0005960464477539062
1,3099,30.990000000000002,7497.393637895584,7497.460097074509,7497.415244579315,7497.436106204987,0.0008940696716308594,-0.0005960464477539062,0.0,0.0011920928955078125
1,3100,31.0,7497.394531965256,7497.459799051285,7497.414946556091,7497.437000274658,0.0008940696716308594,-0.0002980232238769531,-0.0002980232238769531,0.0008940696716308594
1,3101,31.01,7497.395426034927,7497.458904981613,7497.414350509644,7497.438192367554,0.0008940696716308594,-0.0008940696716308594,-0.0005960464477539062,0.0011920928955078125
1,3102,31.02,7497.396618127823,7497.458457946777,7497.414648532867,7497.4387884140015,0.0011920928955078125,-0.0004470348358154297,0.0002980232238769531,0.0005960464477539062
1,3103,31.03,7497.397810220718,7497.457712888718,7497.414350509644,7497.439682483673,0.0011920928955078125,-0.0007450580596923828,-0.0002980232238769531,0.0008940696716308594
1,3104,31.04,7497.398406267166,7497.45711684227,7497.414648532867,7497.440576553345,0.0005960464477539062,-0.0005960464477539062,0.0002980232238769531,0.0008940696716308594
1,3105,31.05,7497.400194406509,7497.456222772598,7497.41405248642,7497.440874576569,0.0017881393432617188,-0.0008940696716308594,-0.0005960464477539062,0.0002980232238769531
1,3106,31.060000000000002,7497.400790452957,7497.4556267261505,7497.413605451584,7497.44176864624,0.0005960464477539062,-0.0005960464477539062,-0.0004470348358154297,0.0008940696716308594
1,3107,31.07,7497.401982545853,7497.454583644867,7497.413456439972,7497.442662715912,0.0011920928955078125,-0.001043081283569336,-0.00014901161193847656,0.0008940696716308594
1,3108,31.080000000000002,7497.402876615524,7497.453689575195,7497.413754463196,7497.44325876236,0.0008940696716308594,-0.0008940696716308594,0.0002980232238769531,0.0005960464477539062
1,3109,31.09,7497.403770685196,7497.452944517136,7497.413605451584,7497.444152832031,0.0008940696716308594,-0.0007450580596923828,-0.00014901161193847656,0.0008940696716308594
1,3110,31.1,7497.404962778091,7497.452050447464,7497.41330742836,7497.444748878479,0.0011920928955078125,-0.0008940696716308594,-0.0002980232238769531,0.0005960464477539062
1,3111,31.11,7497.405558824539,7497.451156377792,7497.413158416748,7497.445642948151,0.0005960464477539062,-0.0008940696716308594,-0.00014901161193847656,0.0008940696716308594
1,3112,31.12,7497.406750917435,7497.450113296509,7497.412860393524,7497.445642948151,0.0011920928955078125,-0.001043081283569336,-0.0002980232238769531,0.0
1,3113,31.13,7497.407346963882,7497.449368238449,7497.412860393524,7497.446537017822,0.0005960464477539062,-0.0007450580596923828,0.0,0.0008940696716308594
1,3114,31.14,7497.408837080002,7497.44787812233,7497.4125623703,7497.44713306427,0.0014901161193847656,-0.0014901161193847656,-0.0002980232238769531,0.0005960464477539062
1,3115,31.150000000000002,7497.4097311496735,7497.446686029434,7497.4125623703,7497.447431087494,0.0008940696716308594,-0.0011920928955078125,0.0,0.0002980232238769531
1,3116,31.16,7497.410923242569,7497.445642948151,7497.4121153354645,7497.44713306427,0.0011920928955078125,-0.001043081283569336,-0.0004470348358154297,-0.0002980232238769531
1,3117,31.17,7497.4121153354645,7497.444003820419,7497.4121153354645,7497.4483251571655,0.0011920928955078125,-0.0016391277313232422,0.0,0.0011920928955078125
1,3118,31.18,7497.413009405136,7497.443407773972,7497.4119663238525,7497.4483251571655,0.0008940696716308594,-0.0005960464477539062,-0.00014901161193847656,0.0
1,3119,31.19,7497.414201498032,7497.441917657852,7497.4119663238525,7497.4483251571655,0.0011920928955078125,-0.0014901161193847656,0.0,0.0
1,3120,31.2,7497.415095567703,7497.440427541733,7497.411668300629,7497.448921203613,0.0008940696716308594,-0.0014901161193847656,-0.0002980232238769531,0.0005960464477539062
1,3121,31.21,7497.415989637375,7497.439533472061,7497.411668300629,7497.448921203613,0.0008940696716308594,-0.0008940696716308594,0.0,0.0
1,3122,31.220000000000002,7497.4168837070465,7497.438192367554,7497.411370277405,7497.449517250061,0.0008940696716308594,-0.001341104507446289,-0.0002980232238769531,0.0005960464477539062
1,3123,31.23,7497.418075799942,7497.436851263046,7497.411072254181,7497.449219226837,0.0011920928955078125,-0.001341104507446289,-0.0002980232238769531,-0.0002980232238769531
1,3124,31.240000000000002,7497.41867184639,7497.435659170151,7497.411072254181,7497.449517250061,0.0005960464477539062,-0.0011920928955078125,0.0,0.0002980232238769531
1,3125,31.25,7497.419565916061,7497.434169054031,7497.410923242569,7497.449219226837,0.0008940696716308594,-0.0014901161193847656,-0.00014901161193847656,-0.0002980232238769531
1,3126,31.26,7497.420459985733,7497.432976961136,7497.411072254181,7497.449219226837,0.0008940696716308594,-0.0011920928955078125,0.00014901161193847656,0.0
1,3127,31.27,7497.421950101852,7497.431188821793,7497.410476207733,7497.448921203613,0.0014901161193847656,-0.0017881393432617188,-0.0005960464477539062,-0.0002980232238769531
1,3128,31.28,7497.422844171524,7497.429698705673,7497.410178184509,7497.449219226837,0.0008940696716308594,-0.0014901161193847656,-0.0002980232238769531,0.0002980232238769531
1,3129,31.29,7497.423440217972,7497.428804636002,7497.410476207733,7497.448921203613,0.0005960464477539062,-0.0008940696716308594,0.0002980232238769531,-0.0002980232238769531
1,3130,31.3,7497.42403626442,7497.427612543106,7497.410476207733,7497.448623180389,0.0005960464477539062,-0.0011920928955078125,0.0,-0.0002980232238769531
1,3131,31.310000000000002,7497.425228357315,7497.425973415375,7497.410178184509,7497.448623180389,0.0011920928955078125,-0.0016391277313232422,-0.0002980232238769531,0.0
1,3132,31.32,7497.426122426987,7497.4241852760315,7497.4095821380615,7497.4483251571655,0.0008940696716308594,-0.0017881393432617188,-0.0005960464477539062,-0.0002980232238769531
1,3133,31.330000000000002,7497.427016496658,7497.422844171524,7497.4097311496735,7497.448027133942,0.0008940696716308594,-0.001341104507446289,0.00014901161193847656,-0.0002980232238769531
1,3134,31.34,7497.427314519882,7497.421205043793,7497.4095821380615,7497.4483251571655,0.0002980232238769531,-0.0016391277313232422,-0.00014901161193847656,0.0002980232238769531
1,3135,31.35,7497.428506612778,7497.420161962509,7497.40943312645,7497.447431087494,0.0011920928955078125,-0.001043081283569336,-0.00014901161193847656,-0.0008940696716308594
1,3136,31.36,7497.428506612778,7497.418820858002,7497.4095821380615,7497.44713306427,0.0,-0.001341104507446289,0.00014901161193847656,-0.0002980232238769531
1,3137,31.37,7497.429996728897,7497.41718173027,7497.409284114838,7497.446537017822,0.0014901161193847656,-0.0016391277313232422,-0.0002980232238769531,-0.0005960464477539062
1,3138,31.38,7497.430592775345,7497.415542602539,7497.409135103226,7497.4459409713745,0.0005960464477539062,-0.0016391277313232422,-0.00014901161193847656,-0.0005960464477539062
1,3139,31.39,7497.4314868450165,7497.414350509644,7497.408986091614,7497.445344924927,0.0008940696716308594,-0.0011920928955078125,-0.00014901161193847656,-0.0005960464477539062
1,3140,31.400000000000002,7497.43178486824,7497.413158416748,7497.408986091614,7497.444748878479,0.0002980232238769531,-0.0011920928955078125,0.0,-0.0005960464477539062
1,3141,31.41,7497.432380914688,7497.411668300629,7497.408986091614,7497.444450855255,0.0005960464477539062,-0.0014901161193847656,0.0,-0.0002980232238769531
1,3142,31.42,7497.43327498436,7497.410327196121,7497.40868806839,7497.444152832031,0.0008940696716308594,-0.001341104507446289,-0.0002980232238769531,-0.0002980232238769531
1,3143,31.43,7497.433573007584,7497.408539056778,7497.408390045166,7497.44325876236,0.0002980232238769531,-0.0017881393432617188,-0.0002980232238769531,-0.0008940696716308594
1,3144,31.44,7497.434467077255,7497.407048940659,7497.408390045166,7497.442662715912,0.0008940696716308594,-0.0014901161193847656,0.0,-0.0005960464477539062
1,3145,31.45,7497.435361146927,7497.405856847763,7497.408390045166,7497.44176864624,0.0008940696716308594,-0.0011920928955078125,0.0,-0.0008940696716308594
1,3146,31.46,7497.435361146927,7497.404664754868,7497.408092021942,7497.4411725997925,0.0,-0.0011920928955078125,-0.0002980232238769531,-0.0005960464477539062
1,3147,31.470000000000002,7497.435957193375,7497.403472661972,7497.40794301033,7497.439980506897,0.0005960464477539062,-0.0011920928955078125,-0.00014901161193847656,-0.0011920928955078125
1,3148,31.48,7497.436553239822,7497.402131557465,7497.408092021942,7497.439682483673,0.0005960464477539062,-0.001341104507446289,0.00014901161193847656,-0.0002980232238769531
1,3149,31.490000000000002,7497.436851263046,7497.400343418121,7497.407793998718,7497.439086437225,0.0002980232238769531,-0.0017881393432617188,-0.0002980232238769531,-0.0005960464477539062
1,3150,31.5,7497.43714928627,7497.399002313614,7497.408092021942,7497.43789434433,0.0002980232238769531,-0.001341104507446289,0.0002980232238769531,-0.0011920928955078125
1,3151,31.51,7497.43714928627,7497.39795923233,7497.407793998718,7497.437298297882,0.0,-0.001043081283569336,-0.0002980232238769531,-0.0005960464477539062
1,3152,31.52,7497.437745332718,7497.396767139435,7497.407495975494,7497.43640422821,0.0005960464477539062,-0.0011920928955078125,-0.0002980232238769531,-0.0008940696716308594
1,3153,31.53,7497.438341379166,7497.3951280117035,7497.407495975494,7497.435808181763,0.0005960464477539062,-0.0016391277313232422,0.0,-0.0005960464477539062
1,3154,31.54,7497.438341379166,7497.39408493042,7497.407495975494,7497.434616088867,0.0,-0.001043081283569336,0.0,-0.0011920928955078125
1,3155,31.55,7497.438937425613,7497.3927438259125,7497.407793998718,7497.434020042419,0.0005960464477539062,-0.001341104507446289,0.0002980232238769531,-0.0005960464477539062
1,3156,31.560000000000002,7497.438937425613,7497.391551733017,7497.407495975494,7497.432827949524,0.0,-0.0011920928955078125,-0.0002980232238769531,-0.0011920928955078125
1,3157,31.57,7497.439533472061,7497.390806674957,7497.407495975494,7497.431933879852,0.0005960464477539062,-0.0007450580596923828,0.0,-0.0008940696716308594
1,3158,31.580000000000002,7497.439235448837,7497.38946557045,7497.4071979522705,7497.431039810181,-0.0002980232238769531,-0.001341104507446289,-0.0002980232238769531,-0.0008940696716308594
1,3159,31.59,7497.439235448837,7497.388273477554,7497.407495975494,7497.429847717285,0.0,-0.0011920928955078125,0.0002980232238769531,-0.0011920928955078125
1,3160,31.6,7497.439235448837,7497.387379407883,7497.407346963882,7497.4289536476135,0.0,-0.0008940696716308594,-0.00014901161193847656,-0.0008940696716308594
1,3161,31.61,7497.439533472061,7497.386187314987,7497.407048940659,7497.428357601166,0.0002980232238769531,-0.0011920928955078125,-0.0002980232238769531,-0.0005960464477539062
1,3162,31.62,7497.439533472061,7497.385144233704,7497.407793998718,7497.42716550827,0.0,-0.001043081283569336,0.0007450580596923828,-0.0011920928955078125
1,3163,31.63,7497.439533472061,7497.384399175644,7497.407346963882,7497.425973415375,0.0,-0.0007450580596923828,-0.0004470348358154297,-0.0011920928955078125
1,3164,31.64,7497.439533472061,7497.383654117584,7497.4071979522705,7497.424781322479,0.0,-0.0007450580596923828,-0.00014901161193847656,-0.0011920928955078125
1,3165,31.650000000000002,7497.439533472061,7497.382462024689,7497.4071979522705,7497.423589229584,0.0,-0.0011920928955078125,0.0,-0.0011920928955078125
1,3166,31.66,7497.439235448837,7497.381865978241,7497.407495975494,7497.422993183136,-0.0002980232238769531,-0.0005960464477539062,0.0002980232238769531,-0.0005960464477539062
1,3167,31.67,7497.438937425613,7497.380971908569,7497.407346963882,7497.421205043793,-0.0002980232238769531,-0.0008940696716308594,-0.00014901161193847656,-0.0017881393432617188
1,3168,31.68,7497.438937425613,7497.380077838898,7497.407495975494,7497.420608997345,0.0,-0.0008940696716308594,0.00014901161193847656,-0.0005960464477539062
1,3169,31.69,7497.438937425613,7497.379034757614,7497.407644987106,7497.419714927673,0.0,-0.001043081283569336,0.00014901161193847656,-0.0008940696716308594
1,3170,31.7,7497.438937425613,7497.378438711166,7497.407495975494,7497.418522834778,0.0,-0.0005960464477539062,-0.00014901161193847656,-0.0011920928955078125
1,3171,31.71,7497.438341379166,7497.378289699554,7497.407793998718,7497.417330741882,-0.0005960464477539062,-0.00014901161193847656,0.0002980232238769531,-0.0011920928955078125
1,3172,31.720000000000002,7497.437745332718,7497.377246618271,7497.407495975494,7497.416734695435,-0.0005960464477539062,-0.001043081283569336,-0.0002980232238769531,-0.0005960464477539062
1,3173,31.73,7497.437745332718,7497.376501560211,7497.407346963882,7497.415542602539,0.0,-0.0007450580596923828,-0.00014901161193847656,-0.0011920928955078125
1,3174,31.740000000000002,7497.437447309494,7497.375905513763,7497.40794301033,7497.414648532867,-0.0002980232238769531,-0.0005960464477539062,0.0005960464477539062,-0.0008940696716308594
1,3175,31.75,7497.43714928627,7497.375458478928,7497.407644987106,7497.413158416748,-0.0002980232238769531,-0.0004470348358154297,-0.0002980232238769531,-0.0014901161193847656
1,3176,31.76,7497.43714928627,7497.3757565021515,7497.407495975494,7497.411668300629,0.0,0.0002980232238769531,-0.00014901161193847656,-0.0014901161193847656
1,3177,31.77,7497.436553239822,7497.375011444092,7497.40794301033,7497.411370277405,-0.0005960464477539062,-0.0007450580596923828,0.0004470348358154297,-0.0002980232238769531
1,3178,31.78,7497.436553239822,7497.37486243248,7497.407644987106,7497.410178184509,0.0,-0.00014901161193847656,-0.0002980232238769531,-0.0011920928955078125
1,3179,31.79,7497.435957193375,7497.373670339584,7497.40794301033,7497.408986091614,-0.0005960464477539062,-0.0011920928955078125,0.0002980232238769531,-0.0011920928955078125
1,3180,31.8,7497.435361146927,7497.373968362808,7497.408092021942,7497.407793998718,-0.0005960464477539062,0.0002980232238769531,0.00014901161193847656,-0.0011920928955078125
1,3181,31.810000000000002,7497.435063123703,7497.3733723163605,7497.408092021942,7497.406899929047,-0.0002980232238769531,-0.0005960464477539062,0.0,-0.0008940696716308594
1,3182,31.82,7497.434169054031,7497.373074293137,7497.408390045166,7497.406005859375,-0.0008940696716308594,-0.0002980232238769531,0.0002980232238769531,-0.0008940696716308594
1,3183,31.830000000000002,7497.434169054031,7497.3733723163605,7497.408092021942,7497.404515743256,0.0,0.0002980232238769531,-0.0002980232238769531,-0.0014901161193847656
1,3184,31.84,7497.43327498436,7497.372776269913,7497.408390045166,7497.404217720032,-0.0008940696716308594,-0.0005960464477539062,0.0002980232238769531,-0.0002980232238769531
1,3185,31.85,7497.432678937912,7497.373074293137,7497.408241033554,7497.402727603912,-0.0005960464477539062,0.0002980232238769531,-0.00014901161193847656,-0.0014901161193847656
1,3186,31.86,7497.432380914688,7497.3732233047485,7497.408390045166,7497.402131557465,-0.0002980232238769531,0.00014901161193847656,0.00014901161193847656,-0.0005960464477539062
1,3187,31.87,7497.4314868450165,7497.372925281525,7497.408390045166,7497.400939464569,-0.0008940696716308594,-0.0002980232238769531,0.0,-0.0011920928955078125
1,3188,31.88,7497.431188821793,7497.3733723163605,7497.40868806839,7497.4000453948975,-0.0002980232238769531,0.0004470348358154297,0.0002980232238769531,-0.0008940696716308594
1,3189,31.89,7497.429996728897,7497.3733723163605,7497.40868806839,7497.399151325226,-0.0011920928955078125,0.0,0.0,-0.0008940696716308594
1,3190,31.900000000000002,7497.429400682449,7497.3733723163605,7497.40868806839,7497.39795923233,-0.0005960464477539062,0.0,0.0,-0.0011920928955078125
1,3191,31.91,7497.429400682449,7497.373521327972,7497.409135103226,7497.397661209106,0.0,0.00014901161193847656,0.0004470348358154297,-0.0002980232238769531
1,3192,31.92,7497.428208589554,7497.373670339584,7497.409284114838,7497.397065162659,-0.0011920928955078125,0.00014901161193847656,0.00014901161193847656,-0.0005960464477539062
1,3193,31.93,7497.427612543106,7497.373819351196,7497.408986091614,7497.395575046539,-0.0005960464477539062,0.00014901161193847656,-0.0002980232238769531,-0.0014901161193847656
1,3194,31.94,7497.427314519882,7497.374415397644,7497.409135103226,7497.394680976868,-0.0002980232238769531,0.0005960464477539062,0.00014901161193847656,-0.0008940696716308594
1,3195,31.95,7497.426420450211,7497.374564409256,7497.409284114838,7497.393786907196,-0.0008940696716308594,0.00014901161193847656,0.00014901161193847656,-0.0008940696716308594
1,3196,31.96,7497.425824403763,7497.374564409256,7497.409284114838,7497.392892837524,-0.0005960464477539062,0.0,0.0,-0.0008940696716308594
1,3197,31.970000000000002,7497.425526380539,7497.3757565021515,7497.409284114838,7497.391998767853,-0.0002980232238769531,0.0011920928955078125,0.0,-0.0008940696716308594
1,3198,31.98,7497.424632310867,7497.376054525375,7497.409135103226,7497.391700744629,-0.0008940696716308594,0.0002980232238769531,-0.00014901161193847656,-0.0002980232238769531
1,3199,31.990000000000002,7497.423440217972,7497.376054525375,7497.4097311496735,7497.390806674957,-0.0011920928955078125,0.0,0.0005960464477539062,-0.0008940696716308594
1,3200,32.0,7497.422844171524,7497.376650571823,7497.4097311496735,7497.389912605286,-0.0005960464477539062,0.0005960464477539062,0.0,-0.0008940696716308594
1,3201,32.01,7497.422248125076,7497.377246618271,7497.4095821380615,7497.389316558838,-0.0005960464477539062,0.0005960464477539062,-0.00014901161193847656,-0.0005960464477539062
1,3202,32.02,7497.4216520786285,7497.377991676331,7497.409880161285,7497.389018535614,-0.0005960464477539062,0.0007450580596923828,0.0002980232238769531,-0.0002980232238769531
1,3203,32.03,7497.420758008957,7497.3781406879425,7497.409880161285,7497.388422489166,-0.0008940696716308594,0.00014901161193847656,0.0,-0.0005960464477539062
1,3204,32.04,7497.419863939285,7497.37873673439,7497.409880161285,7497.388124465942,-0.0008940696716308594,0.0005960464477539062,0.0,-0.0002980232238769531
1,3205,32.05,7497.418969869614,7497.379630804062,7497.4097311496735,7497.387230396271,-0.0008940696716308594,0.0008940696716308594,-0.00014901161193847656,-0.0008940696716308594
1,3206,32.06,7497.418075799942,7497.3805248737335,7497.410476207733,7497.386932373047,-0.0008940696716308594,0.0008940696716308594,0.0007450580596923828,-0.0002980232238769531
1,3207,32.07,7497.41718173027,7497.380822896957,7497.410476207733,7497.386634349823,-0.0008940696716308594,0.0002980232238769531,0.0,-0.0002980232238769531
1,3208,32.08,7497.416585683823,7497.381716966629,7497.410476207733,7497.386336326599,-0.0005960464477539062,0.0008940696716308594,0.0,-0.0002980232238769531
1,3209,32.09,7497.415691614151,7497.382164001465,7497.411072254181,7497.385740280151,-0.0008940696716308594,0.0004470348358154297,0.0005960464477539062,-0.0005960464477539062
1,3210,32.1,7497.4144995212555,7497.3829090595245,7497.411072254181,7497.3854422569275,-0.0011920928955078125,0.0007450580596923828,0.0,-0.0002980232238769531
1,3211,32.11,7497.413903474808,7497.383803129196,7497.410923242569,7497.3854422569275,-0.0005960464477539062,0.0008940696716308594,-0.00014901161193847656,0.0
1,3212,32.12,7497.41330742836,7497.384399175644,7497.411370277405,7497.385144233704,-0.0005960464477539062,0.0005960464477539062,0.0004470348358154297,-0.0002980232238769531
1,3213,32.13,7497.4121153354645,7497.385293245316,7497.411668300629,7497.385144233704,-0.0011920928955078125,0.0008940696716308594,0.0002980232238769531,0.0
1,3214,32.14,7497.411817312241,7497.386187314987,7497.411221265793,7497.384548187256,-0.0002980232238769531,0.0008940696716308594,-0.0004470348358154297,-0.0005960464477539062
1,3215,32.15,7497.410923242569,7497.387677431107,7497.411519289017,7497.383952140808,-0.0008940696716308594,0.0014901161193847656,0.0002980232238769531,-0.0005960464477539062
1,3216,32.160000000000004,7497.410029172897,7497.388422489166,7497.411668300629,7497.383952140808,-0.0008940696716308594,0.0007450580596923828,0.00014901161193847656,0.0
1,3217,32.17,7497.4097311496735,7497.389316558838,7497.4119663238525,7497.383654117584,-0.0002980232238769531,0.0008940696716308594,0.0002980232238769531,-0.0002980232238769531
1,3218,32.18,7497.408539056778,7497.3903596401215,7497.412264347076,7497.383654117584,-0.0011920928955078125,0.001043081283569336,0.0002980232238769531,0.0
1,3219,32.19,7497.40794301033,7497.391551733017,7497.412264347076,7497.3830580711365,-0.0005960464477539062,0.0011920928955078125,0.0,-0.0005960464477539062
1,3220,32.2,7497.406750917435,7497.3927438259125,7497.412264347076,7497.38335609436,-0.0011920928955078125,0.0011920928955078125,0.0,0.0002980232238769531
1,3221,32.21,7497.406154870987,7497.393935918808,7497.4121153354645,7497.38335609436,-0.0005960464477539062,0.0011920928955078125,-0.00014901161193847656,0.0
1,3222,32.22,7497.404962778091,7497.394979000092,7497.4125623703,7497.382760047913,-0.0011920928955078125,0.001043081283569336,0.0004470348358154297,-0.0005960464477539062
1,3223,32.230000000000004,7497.404962778091,7497.395724058151,7497.4125623703,7497.3830580711365,0.0,0.0007450580596923828,0.0,0.0002980232238769531
1,3224,32.24,7497.40406870842,7497.397065162659,7497.413158416748,7497.382760047913,-0.0008940696716308594,0.001341104507446289,0.0005960464477539062,-0.0002980232238769531
1,3225,32.25,7497.403472661972,7497.397810220718,7497.413158416748,7497.3830580711365,-0.0005960464477539062,0.0007450580596923828,0.0,0.0002980232238769531
1,3226,32.26,7497.4025785923,7497.399300336838,7497.413158416748,7497.38335609436,-0.0008940696716308594,0.0014901161193847656,0.0,0.0002980232238769531
1,3227,32.27,7497.401982545853,7497.400492429733,7497.413158416748,7497.3830580711365,-0.0005960464477539062,0.0011920928955078125,0.0,-0.0002980232238769531
1,3228,32.28,7497.401088476181,7497.401237487793,7497.413456439972,7497.383654117584,-0.0008940696716308594,0.0007450580596923828,0.0002980232238769531,0.0005960464477539062
1,3229,32.29,7497.400790452957,7497.4025785923,7497.413903474808,7497.383654117584,-0.0002980232238769531,0.001341104507446289,0.0004470348358154297,0.0
1,3230,32.3,7497.400194406509,7497.403770685196,7497.413605451584,7497.383952140808,-0.0005960464477539062,0.0011920928955078125,-0.0002980232238769531,0.0002980232238769531
1,3231,32.31,7497.399598360062,7497.404664754868,7497.414350509644,7497.384548187256,-0.0005960464477539062,0.0008940696716308594,0.0007450580596923828,0.0005960464477539062
1,3232,32.32,7497.399002313614,7497.405409812927,7497.413903474808,7497.38484621048,-0.0005960464477539062,0.0007450580596923828,-0.0004470348358154297,0.0002980232238769531
1,3233,32.33,7497.398108243942,7497.406601905823,7497.413754463196,7497.38484621048,-0.0008940696716308594,0.0011920928955078125,-0.00014901161193847656,0.0
1,3234,32.34,7497.397810220718,7497.407793998718,7497.414350509644,7497.385144233704,-0.0002980232238769531,0.0011920928955078125,0.0005960464477539062,0.0002980232238769531
1,3235,32.35,7497.396916151047,7497.408539056778,7497.414201498032,7497.385740280151,-0.0008940696716308594,0.0007450580596923828,-0.00014901161193847656,0.0005960464477539062
1,3236,32.36,7497.396618127823,7497.410327196121,7497.41405248642,7497.385740280151,-0.0002980232238769531,0.0017881393432617188,-0.00014901161193847656,0.0
1,3237,32.37,7497.396022081375,7497.411370277405,7497.414350509644,7497.386038303375,-0.0005960464477539062,0.001043081283569336,0.0002980232238769531,0.0002980232238769531
1,3238,32.38,7497.396022081375,7497.4121153354645,7497.414350509644,7497.386634349823,0.0,0.0007450580596923828,0.0,0.0005960464477539062
1,3239,32.39,7497.39482998848,7497.41330742836,7497.41405248642,7497.387230396271,-0.0011920928955078125,0.0011920928955078125,-0.0002980232238769531,0.0005960464477539062
1,3240,32.4,7497.394531965256,7497.414201498032,7497.414350509644,7497.387528419495,-0.0002980232238769531,0.0008940696716308594,0.0002980232238769531,0.0002980232238769531
1,3241,32.410000000000004,7497.394233942032,7497.415095567703,7497.41405248642,7497.388124465942,-0.0002980232238769531,0.0008940696716308594,-0.0002980232238769531,0.0005960464477539062
1,3242,32.42,7497.394233942032,7497.416287660599,7497.414350509644,7497.388124465942,0.0,0.0011920928955078125,0.0002980232238769531,0.0
1,3243,32.43,7497.39333987236,7497.41718173027,7497.414350509644,7497.389316558838,-0.0008940696716308594,0.0008940696716308594,0.0,0.0011920928955078125
1,3244,32.44,7497.39333987236,7497.418224811554,7497.4144995212555,7497.389614582062,0.0,0.001043081283569336,0.00014901161193847656,0.0002980232238769531
1,3245,32.45,7497.3927438259125,7497.419714927673,7497.414946556091,7497.390508651733,-0.0005960464477539062,0.0014901161193847656,0.0004470348358154297,0.0008940696716308594
1,3246,32.46,7497.3927438259125,7497.420161962509,7497.414350509644,7497.391104698181,0.0,0.0004470348358154297,-0.0005960464477539062,0.0005960464477539062
1,3247,32.47,7497.392445802689,7497.421354055405,7497.414946556091,7497.391104698181,-0.0002980232238769531,0.0011920928955078125,0.0005960464477539062,0.0
1,3248,32.480000000000004,7497.392147779465,7497.422844171524,7497.414350509644,7497.391998767853,-0.0002980232238769531,0.0014901161193847656,-0.0005960464477539062,0.0008940696716308594
1,3249,32.49,7497.391551733017,7497.423589229584,7497.414946556091,7497.3925948143005,-0.0005960464477539062,0.0007450580596923828,0.0005960464477539062,0.0005960464477539062
1,3250,32.5,7497.391551733017,7497.424632310867,7497.414648532867,7497.393190860748,0.0,0.001043081283569336,-0.0002980232238769531,0.0005960464477539062
1,3251,32.51,7497.391551733017,7497.425228357315,7497.414946556091,7497.39408493042,0.0,0.0005960464477539062,0.0002980232238769531,0.0008940696716308594
1,3252,32.52,7497.391253709793,7497.426718473434,7497.414946556091,7497.394680976868,-0.0002980232238769531,0.0014901161193847656,0.0,0.0005960464477539062
1,3253,32.53,7497.391253709793,7497.427612543106,7497.414648532867,7497.395575046539,0.0,0.0008940696716308594,-0.0002980232238769531,0.0008940696716308594
1,3254,32.54,7497.391253709793,7497.428208589554,7497.414946556091,7497.396171092987,0.0,0.0005960464477539062,0.0002980232238769531,0.0005960464477539062
1,3255,32.55,7497.390657663345,7497.428804636002,7497.415095567703,7497.397065162659,-0.0005960464477539062,0.0005960464477539062,0.00014901161193847656,0.0008940696716308594
1,3256,32.56,7497.3903596401215,7497.429996728897,7497.415542602539,7497.397661209106,-0.0002980232238769531,0.0011920928955078125,0.0004470348358154297,0.0005960464477539062
1,3257,32.57,7497.3903596401215,7497.430592775345,7497.415095567703,7497.398853302002,0.0,0.0005960464477539062,-0.0004470348358154297,0.0011920928955078125
1,3258,32.58,7497.3903596401215,7497.431635856628,7497.415244579315,7497.39944934845,0.0,0.001043081283569336,0.00014901161193847656,0.0005960464477539062
1,3259,32.59,7497.3903596401215,7497.432231903076,7497.415244579315,7497.400343418121,0.0,0.0005960464477539062,0.0,0.0008940696716308594
1,3260,32.6,7497.3903596401215,7497.432976961136,7497.415542602539,7497.401237487793,0.0,0.0007450580596923828,0.0002980232238769531,0.0008940696716308594
1,3261,32.61,7497.390657663345,7497.433423995972,7497.415244579315,7497.401833534241,0.0002980232238769531,0.0004470348358154297,-0.0002980232238769531,0.0005960464477539062
1,3262,32.62,7497.390657663345,7497.434467077255,7497.415244579315,7497.403025627136,0.0,0.001043081283569336,0.0,0.0011920928955078125
1,3263,32.63,7497.3903596401215,7497.435063123703,7497.415244579315,7497.40332365036,-0.0002980232238769531,0.0005960464477539062,0.0,0.0002980232238769531
1,3264,32.64,7497.390955686569,7497.435957193375,7497.414946556091,7497.404217720032,0.0005960464477539062,0.0008940696716308594,-0.0002980232238769531,0.0008940696716308594
1,3265,32.65,7497.3903596401215,7497.435957193375,7497.415691614151,7497.4048137664795,-0.0005960464477539062,0.0,0.0007450580596923828,0.0005960464477539062
1,3266,32.660000000000004,7497.390657663345,7497.436851263046,7497.415393590927,7497.406005859375,0.0002980232238769531,0.0008940696716308594,-0.0002980232238769531,0.0011920928955078125
1,3267,32.67,7497.391253709793,7497.437447309494,7497.415393590927,7497.406601905823,0.0005960464477539062,0.0005960464477539062,0.0,0.0005960464477539062
1,3268,32.68,7497.390657663345,7497.438192367554,7497.415244579315,7497.407495975494,-0.0005960464477539062,0.0007450580596923828,-0.00014901161193847656,0.0008940696716308594
1,3269,32.69,7497.391253709793,7497.438341379166,7497.415393590927,7497.408986091614,0.0005960464477539062,0.00014901161193847656,0.00014901161193847656,0.0014901161193847656
1,3270,32.7,7497.391253709793,7497.4386394023895,7497.415691614151,7497.4095821380615,0.0,0.0002980232238769531,0.0002980232238769531,0.0005960464477539062
1,3271,32.71,7497.391551733017,7497.438937425613,7497.415542602539,7497.410774230957,0.0002980232238769531,0.0002980232238769531,-0.00014901161193847656,0.0011920928955078125
1,3272,32.72,7497.391849756241,7497.439235448837,7497.415542602539,7497.411370277405,0.0002980232238769531,0.0002980232238769531,0.0,0.0005960464477539062
1,3273,32.730000000000004,7497.392147779465,7497.439980506897,7497.415095567703,7497.4119663238525,0.0002980232238769531,0.0007450580596923828,-0.0004470348358154297,0.0005960464477539062
1,3274,32.74,7497.392445802689,7497.440278530121,7497.414946556091,7497.4125623703,0.0002980232238769531,0.0002980232238769531,-0.00014901161193847656,0.0005960464477539062
1,3275,32.75,7497.392445802689,7497.440874576569,7497.415393590927,7497.413754463196,0.0,0.0005960464477539062,0.0004470348358154297,0.0011920928955078125
1,3276,32.76,7497.392445802689,7497.440874576569,7497.415393590927,7497.414350509644,0.0,0.0,0.0,0.0005960464477539062
1,3277,32.77,7497.39333987236,7497.441321611404,7497.415244579315,7497.414946556091,0.0008940696716308594,0.0004470348358154297,-0.00014901161193847656,0.0005960464477539062
1,3278,32.78,7497.393637895584,7497.441470623016,7497.414946556091,7497.416138648987,0.0002980232238769531,0.00014901161193847656,-0.0002980232238769531,0.0011920928955078125
1,3279,32.79,7497.393637895584,7497.441470623016,7497.414946556091,7497.416734695435,0.0,0.0,0.0,0.0005960464477539062
1,3280,32.8,7497.394233942032,7497.44176864624,7497.414797544479,7497.417032718658,0.0005960464477539062,0.0002980232238769531,-0.00014901161193847656,0.0002980232238769531
1,3281,32.81,7497.39482998848,7497.441619634628,7497.414946556091,7497.41792678833,0.0005960464477539062,-0.00014901161193847656,0.00014901161193847656,0.0008940696716308594
1,3282,32.82,7497.395426034927,7497.441619634628,7497.414648532867,7497.418820858002,0.0005960464477539062,0.0,-0.0002980232238769531,0.0008940696716308594
1,3283,32.83,7497.395724058151,7497.441619634628,7497.414648532867,7497.419714927673,0.0002980232238769531,0.0,0.0,0.0008940696716308594
1,3284,32.84,7497.396022081375,7497.441917657852,7497.414350509644,7497.420310974121,0.0002980232238769531,0.0002980232238769531,-0.0002980232238769531,0.0005960464477539062
1,3285,32.85,7497.396618127823,7497.442215681076,7497.4144995212555,7497.420907020569,0.0005960464477539062,0.0002980232238769531,0.00014901161193847656,0.0005960464477539062
1,3286,32.86,7497.397214174271,7497.441619634628,7497.414201498032,7497.4218010902405,0.0005960464477539062,-0.0005960464477539062,-0.0002980232238769531,0.0008940696716308594
1,3287,32.87,7497.397810220718,7497.441470623016,7497.414350509644,7497.422695159912,0.0005960464477539062,-0.00014901161193847656,0.00014901161193847656,0.0008940696716308594
1,3288,32.88,7497.398406267166,7497.441321611404,7497.413605451584,7497.42329120636,0.0005960464477539062,-0.00014901161193847656,-0.0007450580596923828,0.0005960464477539062
1,3289,32.89,7497.399002313614,7497.4411725997925,7497.413605451584,7497.423589229584,0.0005960464477539062,-0.00014901161193847656,0.0,0.0002980232238769531
1,3290,32.9,7497.399598360062,7497.441321611404,7497.413754463196,7497.424483299255,0.0005960464477539062,0.00014901161193847656,0.00014901161193847656,0.0008940696716308594
1,3291,32.910000000000004,7497.400194406509,7497.440725564957,7497.413754463196,7497.424781322479,0.0005960464477539062,-0.0005960464477539062,0.0,0.0002980232238769531
1,3292,32.92,7497.400194406509,7497.440427541733,7497.414201498032,7497.425973415375,0.0,-0.0002980232238769531,0.0004470348358154297,0.0011920928955078125
1,3293,32.93,7497.400790452957,7497.439980506897,7497.413903474808,7497.426271438599,0.0005960464477539062,-0.0004470348358154297,-0.0002980232238769531,0.0002980232238769531
1,3294,32.94,7497.401386499405,7497.440278530121,7497.413456439972,7497.426867485046,0.0005960464477539062,0.0002980232238769531,-0.0004470348358154297,0.0005960464477539062
1,3295,32.95,7497.401982545853,7497.439831495285,7497.413903474808,7497.427761554718,0.0005960464477539062,-0.0004470348358154297,0.0004470348358154297,0.0008940696716308594
1,3296,32.96,7497.4025785923,7497.439384460449,7497.413456439972,7497.428059577942,0.0005960464477539062,-0.0004470348358154297,-0.0004470348358154297,0.0002980232238769531
1,3297,32.97,7497.403174638748,7497.439384460449,7497.413456439972,7497.428357601166,0.0005960464477539062,0.0,0.0,0.0002980232238769531
1,3298,32.980000000000004,7497.40406870842,7497.438341379166,7497.413754463196,7497.429251670837,0.0008940696716308594,-0.001043081283569336,0.0002980232238769531,0.0008940696716308594
1,3299,32.99,7497.404366731644,7497.438192367554,7497.413158416748,7497.429549694061,0.0002980232238769531,-0.00014901161193847656,-0.0005960464477539062,0.0002980232238769531
1,3300,33.0,7497.404962778091,7497.437745332718,7497.41330742836,7497.430145740509,0.0005960464477539062,-0.0004470348358154297,0.00014901161193847656,0.0005960464477539062
1,3301,33.01,7497.405856847763,7497.437447309494,7497.41330742836,7497.430443763733,0.0008940696716308594,-0.0002980232238769531,0.0,0.0002980232238769531
1,3302,33.02,7497.406750917435,7497.436851263046,7497.413158416748,7497.431039810181,0.0008940696716308594,-0.0005960464477539062,-0.00014901161193847656,0.0005960464477539062
1,3303,33.03,7497.407048940659,7497.4362552165985,7497.413158416748,7497.431039810181,0.0002980232238769531,-0.0005960464477539062,0.0,0.0
1,3304,33.04,7497.40794301033,7497.435510158539,7497.412711381912,7497.431635856628,0.0008940696716308594,-0.0007450580596923828,-0.0004470348358154297,0.0005960464477539062
1,3305,33.05,7497.408241033554,7497.435361146927,7497.4125623703,7497.431635856628,0.0002980232238769531,-0.00014901161193847656,-0.00014901161193847656,0.0
1,3306,33.06,7497.409135103226,7497.434467077255,7497.412264347076,7497.431933879852,0.0008940696716308594,-0.0008940696716308594,-0.0002980232238769531,0.0002980232238769531
1,3307,33.07,7497.4097311496735,7497.434169054031,7497.4119663238525,7497.432231903076,0.0005960464477539062,-0.0002980232238769531,-0.0002980232238769531,0.0002980232238769531
1,3308,33.08,7497.410327196121,7497.43327498436,7497.4119663238525,7497.431933879852,0.0005960464477539062,-0.0008940696716308594,0.0,-0.0002980232238769531
1,3309,33.09,7497.411519289017,7497.432827949524,7497.4119663238525,7497.4325299263,0.0011920928955078125,-0.0004470348358154297,0.0,0.0005960464477539062
1,3310,33.1,7497.411519289017,7497.432082891464,7497.411668300629,7497.432827949524,0.0,-0.0007450580596923828,-0.0002980232238769531,0.0002980232238769531
1,3311,33.11,7497.4121153354645,7497.4314868450165,7497.411519289017,7497.433125972748,0.0005960464477539062,-0.0005960464477539062,-0.00014901161193847656,0.0002980232238769531
1,3312,33.12,7497.412711381912,7497.430592775345,7497.411668300629,7497.432827949524,0.0005960464477539062,-0.0008940696716308594,0.00014901161193847656,-0.0002980232238769531
1,3313,33.13,7497.41330742836,7497.429996728897,7497.411072254181,7497.433423995972,0.0005960464477539062,-0.0005960464477539062,-0.0005960464477539062,0.0005960464477539062
1,3314,33.14,7497.413903474808,7497.4289536476135,7497.411072254181,7497.433722019196,0.0005960464477539062,-0.001043081283569336,0.0,0.0002980232238769531
1,3315,33.15,7497.414797544479,7497.428208589554,7497.411370277405,7497.433423995972,0.0008940696716308594,-0.0007450580596923828,0.0002980232238769531,-0.0002980232238769531
1,3316,33.160000000000004,7497.415095567703,7497.427612543106,7497.411370277405,7497.433722019196,0.0002980232238769531,-0.0005960464477539062,0.0,0.0002980232238769531
1,3317,33.17,7497.415691614151,7497.426867485046,7497.411072254181,7497.433722019196,0.0005960464477539062,-0.0007450580596923828,-0.0002980232238769531,0.0
1,3318,33.18,7497.416287660599,7497.425675392151,7497.410923242569,7497.434020042419,0.0005960464477539062,-0.0011920928955078125,-0.00014901161193847656,0.0002980232238769531
1,3319,33.19,7497.416585683823,7497.425079345703,7497.411072254181,7497.434020042419,0.0002980232238769531,-0.0005960464477539062,0.00014901161193847656,0.0
1,3320,33.2,7497.417479753494,7497.4241852760315,7497.410774230957,7497.433423995972,0.0008940696716308594,-0.0008940696716308594,-0.0002980232238769531,-0.0005960464477539062
1,3321,33.21,7497.418075799942,7497.423589229584,7497.410476207733,7497.434020042419,0.0005960464477539062,-0.0005960464477539062,-0.0002980232238769531,0.0005960464477539062
1,3322,33.22,7497.418075799942,7497.4225461483,7497.411072254181,7497.434020042419,0.0,-0.001043081283569336,0.0005960464477539062,0.0
1,3323,33.230000000000004,7497.418969869614,7497.4218010902405,7497.410625219345,7497.433423995972,0.0008940696716308594,-0.0007450580596923828,-0.0004470348358154297,-0.0005960464477539062
1,3324,33.24,7497.4192678928375,7497.420608997345,7497.410476207733,7497.433722019196,0.0002980232238769531,-0.0011920928955078125,-0.00014901161193847656,0.0002980232238769531
1,3325,33.25,7497.419863939285,7497.419565916061,7497.410774230957,7497.434020042419,0.0005960464477539062,-0.001043081283569336,0.0002980232238769531,0.0002980232238769531
1,3326,33.26,7497.420459985733,7497.4192678928375,7497.410476207733,7497.433423995972,0.0005960464477539062,-0.0002980232238769531,-0.0002980232238769531,-0.0005960464477539062
1,3327,33.27,7497.421056032181,7497.418373823166,7497.410178184509,7497.433423995972,0.0005960464477539062,-0.0008940696716308594,-0.0002980232238769531,0.0
1,3328,33.28,7497.421056032181,7497.41718173027,7497.410476207733,7497.433423995972,0.0,-0.0011920928955078125,0.0002980232238769531,0.0
1,3329,33.29,7497.4216520786285,7497.416585683823,7497.410625219345,7497.432827949524,0.0005960464477539062,-0.0005960464477539062,0.00014901161193847656,-0.0005960464477539062
1,3330,33.3,7497.422248125076,7497.415393590927,7497.410178184509,7497.4325299263,0.0005960464477539062,-0.0011920928955078125,-0.0004470348358154297,-0.0002980232238769531
1,3331,33.31,7497.422844171524,7497.414797544479,7497.410178184509,7497.431933879852,0.0005960464477539062,-0.0005960464477539062,0.0,-0.0005960464477539062
1,3332,33.32,7497.423142194748,7497.414201498032,7497.410178184509,7497.431635856628,0.0002980232238769531,-0.0005960464477539062,0.0,-0.0002980232238769531
1,3333,33.33,7497.423440217972,7497.41330742836,7497.409880161285,7497.431039810181,0.0002980232238769531,-0.0008940696716308594,-0.0002980232238769531,-0.0005960464477539062
1,3334,33.34,7497.423738241196,7497.4125623703,7497.410029172897,7497.431039810181,0.0002980232238769531,-0.0007450580596923828,0.00014901161193847656,0.0
1,3335,33.35,7497.424334287643,7497.411668300629,7497.410178184509,7497.430443763733,0.0005960464477539062,-0.0008940696716308594,0.00014901161193847656,-0.0005960464477539062
1,3336,33.36,7497.424930334091,7497.410625219345,7497.409880161285,7497.430443763733,0.0005960464477539062,-0.001043081283569336,-0.0002980232238769531,0.0
1,3337,33.37,7497.424930334091,7497.4097311496735,7497.409880161285,7497.429847717285,0.0,-0.0008940696716308594,0.0,-0.0005960464477539062
1,3338,33.38,7497.425228357315,7497.409135103226,7497.409880161285,7497.429847717285,0.0002980232238769531,-0.0005960464477539062,0.0,0.0
1,3339,33.39,7497.425228357315,7497.408390045166,7497.4095821380615,7497.429251670837,0.0,-0.0007450580596923828,-0.0002980232238769531,-0.0005960464477539062
1,3340,33.4,7497.425824403763,7497.407346963882,7497.4097311496735,7497.42865562439,0.0005960464477539062,-0.001043081283569336,0.00014901161193847656,-0.0005960464477539062
1,3341,33.410000000000004,7497.425824403763,7497.406601905823,7497.4095821380615,7497.42865562439,0.0,-0.0007450580596923828,-0.00014901161193847656,0.0
1,3342,33.42,7497.426122426987,7497.405856847763,7497.4095821380615,7497.427761554718,0.0002980232238769531,-0.0007450580596923828,0.0,-0.0008940696716308594
1,3343,33.43,7497.426718473434,7497.4048137664795,7497.409284114838,7497.427463531494,0.0005960464477539062,-0.001043081283569336,-0.0002980232238769531,-0.0002980232238769531
1,3344,33.44,7497.426718473434,7497.40406870842,7497.4097311496735,7497.42716550827,0.0,-0.0007450580596923828,0.0004470348358154297,-0.0002980232238769531
1,3345,33.45,7497.427016496658,7497.402876615524,7497.4095821380615,7497.42716550827,0.0002980232238769531,-0.0011920928955078125,-0.00014901161193847656,0.0
1,3346,33.46,7497.427314519882,7497.4022805690765,7497.409284114838,7497.426271438599,0.0002980232238769531,-0.0005960464477539062,-0.0002980232238769531,-0.0008940696716308594
1,3347,33.47,7497.427612543106,7497.401684522629,7497.409284114838,7497.425675392151,0.0002980232238769531,-0.0005960464477539062,0.0,-0.0005960464477539062
1,3348,33.480000000000004,7497.427612543106,7497.401237487793,7497.409135103226,7497.425377368927,0.0,-0.0004470348358154297,-0.00014901161193847656,-0.0002980232238769531
1,3349,33.49,7497.42791056633,7497.400492429733,7497.40943312645,7497.424483299255,0.0002980232238769531,-0.0007450580596923828,0.0002980232238769531,-0.0008940696716308594
1,3350,33.5,7497.427612543106,7497.399598360062,7497.409284114838,7497.4241852760315,-0.0002980232238769531,-0.0008940696716308594,-0.00014901161193847656,-0.0002980232238769531
1,3351,33.51,7497.42791056633,7497.399002313614,7497.409284114838,7497.423589229584,0.0002980232238769531,-0.0005960464477539062,0.0,-0.0005960464477539062
1,3352,33.52,7497.42791056633,7497.398257255554,7497.4095821380615,7497.42329120636,0.0,-0.0007450580596923828,0.0002980232238769531,-0.0002980232238769531
1,3353,33.53,7497.428208589554,7497.397810220718,7497.40943312645,7497.422099113464,0.0002980232238769531,-0.0004470348358154297,-0.00014901161193847656,-0.0011920928955078125
1,3354,33.54,7497.428208589554,7497.396916151047,7497.40943312645,7497.4218010902405,0.0,-0.0008940696716308594,0.0,-0.0002980232238769531
1,3355,33.55,7497.428208589554,7497.396320104599,7497.409284114838,7497.420907020569,0.0,-0.0005960464477539062,-0.00014901161193847656,-0.0008940696716308594
1,3356,33.56,7497.428208589554,7497.395575046539,7497.4095821380615,7497.420907020569,0.0,-0.0007450580596923828,0.0002980232238769531,0.0
1,3357,33.57,7497.428506612778,7497.395426034927,7497.409284114838,7497.419714927673,0.0002980232238769531,-0.00014901161193847656,-0.0002980232238769531,-0.0011920928955078125
1,3358,33.58,7497.428208589554,7497.39482998848,7497.4095821380615,7497.4194169044495,-0.0002980232238769531,-0.0005960464477539062,0.0002980232238769531,-0.0002980232238769531
1,3359,33.59,7497.428208589554,7497.394382953644,7497.409284114838,7497.418820858002,0.0,-0.0004470348358154297,-0.0002980232238769531,-0.0005960464477539062
1,3360,33.6,7497.42791056633,7497.39408493042,7497.4095821380615,7497.41792678833,-0.0002980232238769531,-0.0002980232238769531,0.0002980232238769531,-0.0008940696716308594
1,3361,33.61,7497.427612543106,7497.39333987236,7497.409284114838,7497.417628765106,-0.0002980232238769531,-0.0007450580596923828,-0.0002980232238769531,-0.0002980232238769531
1,3362,33.62,7497.427612543106,7497.3927438259125,7497.4095821380615,7497.417330741882,0.0,-0.0005960464477539062,0.0002980232238769531,-0.0002980232238769531
1,3363,33.63,7497.427612543106,7497.392445802689,7497.409284114838,7497.416138648987,0.0,-0.0002980232238769531,-0.0002980232238769531,-0.0011920928955078125
1,3364,33.64,7497.428208589554,7497.3925948143005,7497.409135103226,7497.414946556091,0.0005960464477539062,0.00014901161193847656,-0.00014901161193847656,-0.0011920928955078125
1,3365,33.65,7497.427612543106,7497.392147779465,7497.409284114838,7497.414648532867,-0.0005960464477539062,-0.0004470348358154297,0.00014901161193847656,-0.0002980232238769531
1,3366,33.660000000000004,7497.427612543106,7497.391551733017,7497.409284114838,7497.414350509644,0.0,-0.0005960464477539062,0.0,-0.0002980232238769531
1,3367,33.67,7497.427612543106,7497.391253709793,7497.409284114838,7497.413754463196,0.0,-0.0002980232238769531,0.0,-0.0005960464477539062
1,3368,33.68,7497.427016496658,7497.390955686569,7497.409284114838,7497.413158416748,-0.0005960464477539062,-0.0002980232238769531,0.0,-0.0005960464477539062
1,3369,33.69,7497.426420450211,7497.3903596401215,7497.4095821380615,7497.412860393524,-0.0005960464477539062,-0.0005960464477539062,0.0002980232238769531,-0.0002980232238769531
1,3370,33.7,7497.426420450211,7497.389912605286,7497.4095821380615,7497.4119663238525,0.0,-0.0004470348358154297,0.0,-0.0008940696716308594
1,3371,33.71,7497.427016496658,7497.389912605286,7497.4095821380615,7497.411370277405,0.0005960464477539062,0.0,0.0,-0.0005960464477539062
1,3372,33.72,7497.426122426987,7497.389763593674,7497.409880161285,7497.410774230957,-0.0008940696716308594,-0.00014901161193847656,0.0002980232238769531,-0.0005960464477539062
1,3373,33.730000000000004,7497.425824403763,7497.389763593674,7497.4097311496735,7497.4095821380615,-0.0002980232238769531,0.0,-0.00014901161193847656,-0.0011920928955078125
1,3374,33.74,7497.425824403763,7497.389167547226,7497.409880161285,7497.4095821380615,0.0,-0.0005960464477539062,0.00014901161193847656,0.0
1,3375,33.75,7497.425228357315,7497.389167547226,7497.409880161285,7497.408986091614,-0.0005960464477539062,0.0,0.0,-0.0005960464477539062
1,3376,33.76,7497.425228357315,7497.389167547226,7497.40943312645,7497.408092021942,0.0,0.0,-0.0004470348358154297,-0.0008940696716308594
1,3377,33.77,7497.424632310867,7497.388869524002,7497.4095821380615,7497.407495975494,-0.0005960464477539062,-0.0002980232238769531,0.00014901161193847656,-0.0005960464477539062
1,3378,33.78,7497.424334287643,7497.389167547226,7497.4095821380615,7497.406601905823,-0.0002980232238769531,0.0002980232238769531,0.0,-0.0008940696716308594
1,3379,33.79,7497.424334287643,7497.388571500778,7497.409880161285,7497.406899929047,0.0,-0.0005960464477539062,0.0002980232238769531,0.0002980232238769531
1,3380,33.8,7497.423738241196,7497.389167547226,7497.4097311496735,7497.405707836151,-0.0005960464477539062,0.0005960464477539062,-0.00014901161193847656,-0.0011920928955078125
1,3381,33.81,7497.423440217972,7497.389167547226,7497.409880161285,7497.4048137664795,-0.0002980232238769531,0.0,0.00014901161193847656,-0.0008940696716308594
1,3382,33.82,7497.423142194748,7497.388869524002,7497.410029172897,7497.4048137664795,-0.0002980232238769531,-0.0002980232238769531,0.00014901161193847656,0.0
1,3383,33.83,7497.422844171524,7497.389316558838,7497.410029172897,7497.403621673584,-0.0002980232238769531,0.0004470348358154297,0.0,-0.0011920928955078125
1,3384,33.84,7497.422248125076,7497.389018535614,7497.410178184509,7497.403621673584,-0.0005960464477539062,-0.0002980232238769531,0.00014901161193847656,0.0
1,3385,33.85,7497.421354055405,7497.389167547226,7497.410476207733,7497.403025627136,-0.0008940696716308594,0.00014901161193847656,0.0002980232238769531,-0.0005960464477539062
1,3386,33.86,7497.421354055405,7497.389167547226,7497.410178184509,7497.403025627136,0.0,0.0,-0.0002980232238769531,0.0
1,3387,33.87,7497.421056032181,7497.389167547226,7497.410178184509,7497.4024295806885,-0.0002980232238769531,0.0,0.0,-0.0005960464477539062
1,3388,33.88,7497.420758008957,7497.38946557045,7497.410327196121,7497.401833534241,-0.0002980232238769531,0.0002980232238769531,0.00014901161193847656,-0.0005960464477539062
1,3389,33.89,7497.419863939285,7497.389763593674,7497.410774230957,7497.401535511017,-0.0008940696716308594,0.0002980232238769531,0.0004470348358154297,-0.0002980232238769531
1,3390,33.9,7497.419863939285,7497.3903596401215,7497.410327196121,7497.400641441345,0.0,0.0005960464477539062,-0.0004470348358154297,-0.0008940696716308594
1,3391,33.910000000000004,7497.419565916061,7497.390061616898,7497.410476207733,7497.400641441345,-0.0002980232238769531,-0.0002980232238769531,0.00014901161193847656,0.0
1,3392,33.92,7497.4192678928375,7497.390508651733,7497.410625219345,7497.39944934845,-0.0002980232238769531,0.0004470348358154297,0.00014901161193847656,-0.0011920928955078125
1,3393,33.93,7497.41867184639,7497.3902106285095,7497.410774230957,7497.39944934845,-0.0005960464477539062,-0.0002980232238769531,0.00014901161193847656,0.0
1,3394,33.94,7497.418075799942,7497.390806674957,7497.410923242569,7497.399151325226,-0.0005960464477539062,0.0005960464477539062,0.00014901161193847656,-0.0002980232238769531
1,3395,33.95,7497.417777776718,7497.391551733017,7497.410923242569,7497.398853302002,-0.0002980232238769531,0.0007450580596923828,0.0,-0.0002980232238769531
1,3396,33.96,7497.417479753494,7497.391700744629,7497.411072254181,7497.398555278778,-0.0002980232238769531,0.00014901161193847656,0.00014901161193847656,-0.0002980232238769531
1,3397,33.97,7497.4168837070465,7497.391849756241,7497.411072254181,7497.398257255554,-0.0005960464477539062,0.00014901161193847656,0.0,-0.0002980232238769531
1,3398,33.980000000000004,7497.4168837070465,7497.392147779465,7497.411072254181,7497.398257255554,0.0,0.0002980232238769531,0.0,0.0
1,3399,33.99,7497.415989637375,7497.3927438259125,7497.410774230957,7497.397661209106,-0.0008940696716308594,0.0005960464477539062,-0.0002980232238769531,-0.0005960464477539062
1,3400,34.0,7497.415393590927,7497.39333987236,7497.411072254181,7497.397065162659,-0.0005960464477539062,0.0005960464477539062,0.0002980232238769531,-0.0005960464477539062
1,3401,34.01,7497.415095567703,7497.393935918808,7497.411370277405,7497.397065162659,-0.0002980232238769531,0.0005960464477539062,0.0002980232238769531,0.0
1,3402,34.02,7497.414201498032,7497.393935918808,7497.411072254181,7497.396469116211,-0.0008940696716308594,0.0,-0.0002980232238769531,-0.0005960464477539062
1,3403,34.03,7497.413903474808,7497.39482998848,7497.411370277405,7497.396171092987,-0.0002980232238769531,0.0008940696716308594,0.0002980232238769531,-0.0002980232238769531
1,3404,34.04,7497.413903474808,7497.3951280117035,7497.411370277405,7497.395873069763,0.0,0.0002980232238769531,0.0,-0.0002980232238769531
1,3405,34.05,7497.41330742836,7497.395873069763,7497.411072254181,7497.395873069763,-0.0005960464477539062,0.0007450580596923828,-0.0002980232238769531,0.0
1,3406,34.06,7497.412711381912,7497.396320104599,7497.411370277405,7497.395277023315,-0.0005960464477539062,0.0004470348358154297,0.0002980232238769531,-0.0005960464477539062
1,3407,34.07,7497.412413358688,7497.396618127823,7497.411668300629,7497.395575046539,-0.0002980232238769531,0.0002980232238769531,0.0002980232238769531,0.0002980232238769531
1,3408,34.08,7497.411817312241,7497.397363185883,7497.411668300629,7497.394979000092,-0.0005960464477539062,0.0007450580596923828,0.0,-0.0005960464477539062
1,3409,34.09,7497.411519289017,7497.398108243942,7497.4119663238525,7497.395277023315,-0.0002980232238769531,0.0007450580596923828,0.0002980232238769531,0.0002980232238769531
1,3410,34.1,7497.410923242569,7497.398257255554,7497.4119663238525,7497.395277023315,-0.0005960464477539062,0.00014901161193847656,0.0,0.0
1,3411,34.11,7497.410327196121,7497.399002313614,7497.4121153354645,7497.395575046539,-0.0005960464477539062,0.0007450580596923828,0.00014901161193847656,0.0002980232238769531
1,3412,34.12,7497.4097311496735,7497.399598360062,7497.4119663238525,7497.395277023315,-0.0005960464477539062,0.0005960464477539062,-0.00014901161193847656,-0.0002980232238769531
1,3413,34.13,7497.40943312645,7497.3998963832855,7497.4121153354645,7497.394979000092,-0.0002980232238769531,0.0002980232238769531,0.00014901161193847656,-0.0002980232238769531
1,3414,34.14,7497.409135103226,7497.400790452957,7497.412264347076,7497.394680976868,-0.0002980232238769531,0.0008940696716308594,0.00014901161193847656,-0.0002980232238769531
1,3415,34.15,7497.408539056778,7497.401088476181,7497.4121153354645,7497.394979000092,-0.0005960464477539062,0.0002980232238769531,-0.00014901161193847656,0.0002980232238769531
1,3416,34.160000000000004,7497.40794301033,7497.4022805690765,7497.4119663238525,7497.394680976868,-0.0005960464477539062,0.0011920928955078125,-0.00014901161193847656,-0.0002980232238769531
1,3417,34.17,7497.407644987106,7497.402727603912,7497.4119663238525,7497.394680976868,-0.0002980232238769531,0.0004470348358154297,0.0,0.0
1,3418,34.18,7497.407346963882,7497.403174638748,7497.412264347076,7497.394680976868,-0.0002980232238769531,0.0004470348358154297,0.0002980232238769531,0.0
1,3419,34.19,7497.406750917435,7497.404366731644,7497.4121153354645,7497.394680976868,-0.0005960464477539062,0.0011920928955078125,-0.00014901161193847656,0.0
1,3420,34.2,7497.406452894211,7497.404366731644,7497.412413358688,7497.394979000092,-0.0002980232238769531,0.0,0.0002980232238769531,0.0002980232238769531
1,3421,34.21,7497.406154870987,7497.404664754868,7497.412860393524,7497.395277023315,-0.0002980232238769531,0.0002980232238769531,0.0004470348358154297,0.0002980232238769531
1,3422,34.22,7497.405558824539,7497.405856847763,7497.412413358688,7497.394680976868,-0.0005960464477539062,0.0011920928955078125,-0.0004470348358154297,-0.0005960464477539062
1,3423,34.230000000000004,7497.405260801315,7497.406154870987,7497.412711381912,7497.394979000092,-0.0002980232238769531,0.0002980232238769531,0.0002980232238769531,0.0002980232238769531
1,3424,34.24,7497.405260801315,7497.406899929047,7497.412860393524,7497.395277023315,0.0,0.0007450580596923828,0.00014901161193847656,0.0002980232238769531
1,3425,34.25,7497.404962778091,7497.407346963882,7497.412711381912,7497.395277023315,-0.0002980232238769531,0.0004470348358154297,-0.00014901161193847656,0.0
1,3426,34.26,7497.404366731644,7497.408241033554,7497.4125623703,7497.395277023315,-0.0005960464477539062,0.0008940696716308594,-0.00014901161193847656,0.0
1,3427,34.27,7497.40406870842,7497.408837080002,7497.4125623703,7497.395873069763,-0.0002980232238769531,0.0005960464477539062,0.0,0.0005960464477539062
1,3428,34.28,7497.403770685196,7497.40943312645,7497.412860393524,7497.396171092987,-0.0002980232238769531,0.0005960464477539062,0.0002980232238769531,0.0002980232238769531
1,3429,34.29,7497.403770685196,7497.410029172897,7497.413009405136,7497.396469116211,0.0,0.0005960464477539062,0.00014901161193847656,0.0002980232238769531
1,3430,34.300000000000004,7497.402876615524,7497.410625219345,7497.412860393524,7497.396469116211,-0.0008940696716308594,0.0005960464477539062,-0.00014901161193847656,0.0
1,3431,34.31,7497.4025785923,7497.411519289017,7497.413158416748,7497.396469116211,-0.0002980232238769531,0.0008940696716308594,0.0002980232238769531,0.0
1,3432,34.32,7497.401982545853,7497.412413358688,7497.413158416748,7497.397065162659,-0.0005960464477539062,0.0008940696716308594,0.0,0.0005960464477539062
1,3433,34.33,7497.4022805690765,7497.4125623703,7497.412860393524,7497.397363185883,0.0002980232238769531,0.00014901161193847656,-0.0002980232238769531,0.0002980232238769531
1,3434,34.34,7497.401684522629,7497.41330742836,7497.413158416748,7497.397661209106,-0.0005960464477539062,0.0007450580596923828,0.0002980232238769531,0.0002980232238769531
1,3435,34.35,7497.401386499405,7497.413903474808,7497.413903474808,7497.397661209106,-0.0002980232238769531,0.0005960464477539062,0.0007450580596923828,0.0
1,3436,34.36,7497.401386499405,7497.4144995212555,7497.413754463196,7497.398257255554,0.0,0.0005960464477539062,-0.00014901161193847656,0.0005960464477539062
1,3437,34.37,7497.401088476181,7497.415095567703,7497.413903474808,7497.398853302002,-0.0002980232238769531,0.0005960464477539062,0.00014901161193847656,0.0005960464477539062
1,3438,34.38,7497.400790452957,7497.415244579315,7497.413754463196,7497.399151325226,-0.0002980232238769531,0.00014901161193847656,-0.00014901161193847656,0.0002980232238769531
1,3439,34.39,7497.400492429733,7497.416138648987,7497.413754463196,7497.39944934845,-0.0002980232238769531,0.0008940696716308594,0.0,0.0002980232238769531
1,3440,34.4,7497.400194406509,7497.4168837070465,7497.413754463196,7497.399747371674,-0.0002980232238769531,0.0007450580596923828,0.0,0.0002980232238769531
1,3441,34.410000000000004,7497.400194406509,7497.417330741882,7497.413754463196,7497.4000453948975,0.0,0.0004470348358154297,0.0,0.0002980232238769531
1,3442,34.42,7497.400194406509,7497.418224811554,7497.41405248642,7497.400343418121,0.0,0.0008940696716308594,0.0002980232238769531,0.0002980232238769531
1,3443,34.43,7497.399598360062,7497.41867184639,7497.41405248642,7497.400641441345,-0.0005960464477539062,0.0004470348358154297,0.0,0.0002980232238769531
1,3444,34.44,7497.399598360062,7497.418969869614,7497.41405248642,7497.401237487793,0.0,0.0002980232238769531,0.0,0.0005960464477539062
1,3445,34.45,7497.399598360062,7497.419565916061,7497.413754463196,7497.401833534241,0.0,0.0005960464477539062,-0.0002980232238769531,0.0005960464477539062
1,3446,34.46,7497.399598360062,7497.420161962509,7497.41405248642,7497.402131557465,0.0,0.0005960464477539062,0.0002980232238769531,0.0002980232238769531
1,3447,34.47,7497.399598360062,7497.420758008957,7497.41405248642,7497.4024295806885,0.0,0.0005960464477539062,0.0,0.0002980232238769531
1,3448,34.480000000000004,7497.399300336838,7497.421205043793,7497.413903474808,7497.403025627136,-0.0002980232238769531,0.0004470348358154297,-0.00014901161193847656,0.0005960464477539062
1,3449,34.49,7497.399002313614,7497.4218010902405,7497.414350509644,7497.403025627136,-0.0002980232238769531,0.0005960464477539062,0.0004470348358154297,0.0
1,3450,34.5,7497.399002313614,7497.422397136688,7497.41405248642,7497.403621673584,0.0,0.0005960464477539062,-0.0002980232238769531,0.0005960464477539062
1,3451,34.51,7497.399300336838,7497.422844171524,7497.413754463196,7497.404217720032,0.0002980232238769531,0.0004470348358154297,-0.0002980232238769531,0.0005960464477539062
1,3452,34.52,7497.399002313614,7497.423440217972,7497.41405248642,7497.404515743256,-0.0002980232238769531,0.0005960464477539062,0.0002980232238769531,0.0002980232238769531
1,3453,34.53,7497.399002313614,7497.423738241196,7497.413754463196,7497.4048137664795,0.0,0.0002980232238769531,-0.0002980232238769531,0.0002980232238769531
1,3454,34.54,7497.399002313614,7497.423887252808,7497.41405248642,7497.405409812927,0.0,0.00014901161193847656,0.0002980232238769531,0.0005960464477539062
1,3455,34.550000000000004,7497.399300336838,7497.424781322479,7497.41405248642,7497.405409812927,0.0002980232238769531,0.0008940696716308594,0.0,0.0
1,3456,34.56,7497.399598360062,7497.424632310867,7497.413903474808,7497.406303882599,0.0002980232238769531,-0.00014901161193847656,-0.00014901161193847656,0.0008940696716308594
1,3457,34.57,7497.399002313614,7497.424781322479,7497.41405248642,7497.407495975494,-0.0005960464477539062,0.00014901161193847656,0.00014901161193847656,0.0011920928955078125
1,3458,34.58,7497.39870429039,7497.424930334091,7497.41405248642,7497.408092021942,-0.0002980232238769531,0.00014901161193847656,0.0,0.0005960464477539062
1,3459,34.59,7497.399002313614,7497.425675392151,7497.41405248642,7497.408092021942,0.0002980232238769531,0.0007450580596923828,0.0,0.0
1,3460,34.6,7497.399002313614,7497.425824403763,7497.414350509644,7497.40868806839,0.0,0.00014901161193847656,0.0002980232238769531,0.0005960464477539062
1,3461,34.61,7497.399598360062,7497.426271438599,7497.41405248642,7497.409284114838,0.0005960464477539062,0.0004470348358154297,-0.0002980232238769531,0.0005960464477539062
1,3462,34.62,7497.399598360062,7497.426867485046,7497.413754463196,7497.4095821380615,0.0,0.0005960464477539062,-0.0002980232238769531,0.0002980232238769531
1,3463,34.63,7497.399598360062,7497.427314519882,7497.413754463196,7497.409880161285,0.0,0.0004470348358154297,0.0,0.0002980232238769531
1,3464,34.64,7497.399598360062,7497.427314519882,7497.41405248642,7497.410476207733,0.0,0.0,0.0002980232238769531,0.0005960464477539062
1,3465,34.65,7497.399598360062,7497.427463531494,7497.413754463196,7497.410774230957,0.0,0.00014901161193847656,-0.0002980232238769531,0.0002980232238769531
1,3466,34.660000000000004,7497.3998963832855,7497.427612543106,7497.413754463196,7497.411370277405,0.0002980232238769531,0.00014901161193847656,0.0,0.0005960464477539062
1,3467,34.67,7497.3998963832855,7497.428208589554,7497.41405248642,7497.4119663238525,0.0,0.0005960464477539062,0.0002980232238769531,0.0005960464477539062
1,3468,34.68,7497.400194406509,7497.428208589554,7497.413903474808,7497.4125623703,0.0002980232238769531,0.0,-0.00014901161193847656,0.0005960464477539062
1,3469,34.69,7497.400790452957,7497.42865562439,7497.413456439972,7497.4125623703,0.0005960464477539062,0.0004470348358154297,-0.0004470348358154297,0.0
1,3470,34.7,7497.400790452957,7497.4289536476135,7497.413605451584,7497.413158416748,0.0,0.0002980232238769531,0.00014901161193847656,0.0005960464477539062
1,3471,34.71,7497.401088476181,7497.4289536476135,7497.413754463196,7497.413754463196,0.0002980232238769531,0.0,0.00014901161193847656,0.0005960464477539062
1,3472,34.72,7497.401088476181,7497.4291026592255,7497.413754463196,7497.41405248642,0.0,0.00014901161193847656,0.0,0.0002980232238769531
1,3473,34.730000000000004,7497.401386499405,7497.429400682449,7497.413605451584,7497.414350509644,0.0002980232238769531,0.0002980232238769531,-0.00014901161193847656,0.0002980232238769531
1,3474,34.74,7497.401386499405,7497.4291026592255,7497.413605451584,7497.414946556091,0.0,-0.0002980232238769531,0.0,0.0005960464477539062
1,3475,34.75,7497.401982545853,7497.429400682449,7497.413456439972,7497.415542602539,0.0005960464477539062,0.0002980232238769531,-0.00014901161193847656,0.0005960464477539062
1,3476,34.76,7497.401982545853,7497.430145740509,7497.413456439972,7497.415542602539,0.0,0.0007450580596923828,0.0,0.0
1,3477,34.77,7497.4025785923,7497.429549694061,7497.413009405136,7497.416436672211,0.0005960464477539062,-0.0005960464477539062,-0.0004470348358154297,0.0008940696716308594
1,3478,34.78,7497.402876615524,7497.429698705673,7497.413009405136,7497.416734695435,0.0002980232238769531,0.00014901161193847656,0.0,0.0002980232238769531
1,3479,34.79,7497.403174638748,7497.429698705673,7497.413158416748,7497.417330741882,0.0002980232238769531,0.0,0.00014901161193847656,0.0005960464477539062
1,3480,34.800000000000004,7497.403472661972,7497.429400682449,7497.413158416748,7497.417628765106,0.0002980232238769531,-0.0002980232238769531,0.0,0.0002980232238769531
1,3481,34.81,7497.40406870842,7497.429400682449,7497.413456439972,7497.41792678833,0.0005960464477539062,0.0,0.0002980232238769531,0.0002980232238769531
1,3482,34.82,7497.403770685196,7497.429698705673,7497.413158416748,7497.418224811554,-0.0002980232238769531,0.0002980232238769531,-0.0002980232238769531,0.0002980232238769531
1,3483,34.83,7497.404366731644,7497.4289536476135,7497.413158416748,7497.418820858002,0.0005960464477539062,-0.0007450580596923828,0.0,0.0005960464477539062
1,3484,34.84,7497.404366731644,7497.429400682449,7497.412711381912,7497.418820858002,0.0,0.0004470348358154297,-0.0004470348358154297,0.0
1,3485,34.85,7497.405260801315,7497.4291026592255,7497.412711381912,7497.4194169044495,0.0008940696716308594,-0.0002980232238769531,0.0,0.0005960464477539062
1,3486,34.86,7497.405558824539,7497.4291026592255,7497.412711381912,7497.419118881226,0.0002980232238769531,0.0,0.0,-0.0002980232238769531
1,3487,34.87,7497.405856847763,7497.428506612778,7497.412264347076,7497.419714927673,0.0002980232238769531,-0.0005960464477539062,-0.0004470348358154297,0.0005960464477539062
1,3488,34.88,7497.405558824539,7497.428804636002,7497.412860393524,7497.420608997345,-0.0002980232238769531,0.0002980232238769531,0.0005960464477539062,0.0008940696716308594
1,3489,34.89,7497.406154870987,7497.428506612778,7497.4125623703,7497.420907020569,0.0005960464477539062,-0.0002980232238769531,-0.0002980232238769531,0.0002980232238769531
1,3490,34.9,7497.406750917435,7497.428208589554,7497.4125623703,7497.421503067017,0.0005960464477539062,-0.0002980232238769531,0.0,0.0005960464477539062
1,3491,34.910000000000004,7497.407346963882,7497.428208589554,7497.412264347076,7497.421205043793,0.0005960464477539062,0.0,-0.0002980232238769531,-0.0002980232238769531
1,3492,34.92,7497.407346963882,7497.428208589554,7497.4121153354645,7497.421205043793,0.0,0.0,-0.00014901161193847656,0.0
1,3493,34.93,7497.407644987106,7497.427314519882,7497.412413358688,7497.422099113464,0.0002980232238769531,-0.0008940696716308594,0.0002980232238769531,0.0008940696716308594
1,3494,34.94,7497.408241033554,7497.427016496658,7497.4119663238525,7497.422695159912,0.0005960464477539062,-0.0002980232238769531,-0.0004470348358154297,0.0005960464477539062
1,3495,34.95,7497.40794301033,7497.426718473434,7497.412264347076,7497.422695159912,-0.0002980232238769531,-0.0002980232238769531,0.0002980232238769531,0.0
1,3496,34.96,7497.409135103226,7497.426420450211,7497.4119663238525,7497.422993183136,0.0011920928955078125,-0.0002980232238769531,-0.0002980232238769531,0.0002980232238769531
1,3497,34.97,7497.409135103226,7497.426420450211,7497.411817312241,7497.422993183136,0.0,0.0,-0.00014901161193847656,0.0
1,3498,34.980000000000004,7497.40943312645,7497.425526380539,7497.411668300629,7497.42329120636,0.0002980232238769531,-0.0008940696716308594,-0.00014901161193847656,0.0002980232238769531
1,3499,34.99,7497.4097311496735,7497.425377368927,7497.411668300629,7497.42329120636,0.0002980232238769531,-0.00014901161193847656,0.0,0.0
1,3500,35.0,7497.4097311496735,7497.425228357315,7497.4119663238525,7497.42329120636,0.0,-0.00014901161193847656,0.0002980232238769531,0.0
1,3501,35.01,7497.410327196121,7497.424632310867,7497.411817312241,7497.423887252808,0.0005960464477539062,-0.0005960464477539062,-0.00014901161193847656,0.0005960464477539062
1,3502,35.02,7497.410923242569,7497.424334287643,7497.411817312241,7497.423887252808,0.0005960464477539062,-0.0002980232238769531,0.0,0.0
1,3503,35.03,7497.410923242569,7497.423738241196,7497.411817312241,7497.424483299255,0.0,-0.0005960464477539062,0.0,0.0005960464477539062
1,3504,35.04,7497.411817312241,7497.423738241196,7497.411668300629,7497.424483299255,0.0008940696716308594,0.0,-0.00014901161193847656,0.0
1,3505,35.050000000000004,7497.411817312241,7497.423142194748,7497.411668300629,7497.424483299255,0.0,-0.0005960464477539062,0.0,0.0
1,3506,35.06,7497.412413358688,7497.422844171524,7497.4119663238525,7497.424483299255,0.0005960464477539062,-0.0002980232238769531,0.0002980232238769531,0.0
1,3507,35.07,7497.412711381912,7497.422397136688,7497.411519289017,7497.425079345703,0.0002980232238769531,-0.0004470348358154297,-0.0004470348358154297,0.0005960464477539062
1,3508,35.08,7497.412711381912,7497.421950101852,7497.411668300629,7497.425079345703,0.0,-0.0004470348358154297,0.00014901161193847656,0.0
1,3509,35.09,7497.41330742836,7497.421354055405,7497.411817312241,7497.424483299255,0.0005960464477539062,-0.0005960464477539062,0.00014901161193847656,-0.0005960464477539062
1,3510,35.1,7497.413605451584,7497.421205043793,7497.411668300629,7497.424483299255,0.0002980232238769531,-0.00014901161193847656,-0.00014901161193847656,0.0
1,3511,35.11,7497.414201498032,7497.419863939285,7497.411519289017,7497.424781322479,0.0005960464477539062,-0.001341104507446289,-0.00014901161193847656,0.0002980232238769531
1,3512,35.12,7497.4144995212555,7497.419863939285,7497.411072254181,7497.424781322479,0.0002980232238769531,0.0,-0.0004470348358154297,0.0
1,3513,35.13,7497.414797544479,7497.419863939285,7497.411221265793,7497.424781322479,0.0002980232238769531,0.0,0.00014901161193847656,0.0
1,3514,35.14,7497.415095567703,7497.419565916061,7497.411072254181,7497.424781322479,0.0002980232238769531,-0.0002980232238769531,-0.00014901161193847656,0.0
1,3515,35.15,7497.415095567703,7497.418969869614,7497.411072254181,7497.424483299255,0.0,-0.0005960464477539062,0.0,-0.0002980232238769531
1,3516,35.160000000000004,7497.415691614151,7497.418373823166,7497.411072254181,7497.424483299255,0.0005960464477539062,-0.0005960464477539062,0.0,0.0
1,3517,35.17,7497.415989637375,7497.417628765106,7497.411370277405,7497.424781322479,0.0002980232238769531,-0.0007450580596923828,0.0002980232238769531,0.0002980232238769531
1,3518,35.18,7497.416287660599,7497.41718173027,7497.411370277405,7497.425079345703,0.0002980232238769531,-0.0004470348358154297,0.0,0.0002980232238769531
1,3519,35.19,7497.416585683823,7497.416585683823,7497.411072254181,7497.424483299255,0.0002980232238769531,-0.0005960464477539062,-0.0002980232238769531,-0.0005960464477539062
1,3520,35.2,7497.41718173027,7497.416436672211,7497.411072254181,7497.424483299255,0.0005960464477539062,-0.00014901161193847656,0.0,0.0
1,3521,35.21,7497.41718173027,7497.415989637375,7497.410476207733,7497.4241852760315,0.0,-0.0004470348358154297,-0.0005960464477539062,-0.0002980232238769531
1,3522,35.22,7497.417479753494,7497.415691614151,7497.410625219345,7497.4241852760315,0.0002980232238769531,-0.0002980232238769531,0.00014901161193847656,0.0
1,3523,35.230000000000004,7497.418075799942,7497.415095567703,7497.410476207733,7497.4241852760315,0.0005960464477539062,-0.0005960464477539062,-0.00014901161193847656,0.0
1,3524,35.24,7497.418075799942,7497.414648532867,7497.410774230957,7497.423887252808,0.0,-0.0004470348358154297,0.0002980232238769531,-0.0002980232238769531
1,3525,35.25,7497.418373823166,7497.41405248642,7497.410774230957,7497.423887252808,0.0002980232238769531,-0.0005960464477539062,0.0,0.0
1,3526,35.26,7497.41867184639,7497.41330742836,7497.410923242569,7497.423887252808,0.0002980232238769531,-0.0007450580596923828,0.00014901161193847656,0.0
1,3527,35.27,7497.418969869614,7497.413009405136,7497.410774230957,7497.423589229584,0.0002980232238769531,-0.0002980232238769531,-0.00014901161193847656,-0.0002980232238769531
1,3528,35.28,7497.4192678928375,7497.412413358688,7497.410774230957,7497.422993183136,0.0002980232238769531,-0.0005960464477539062,0.0,-0.0005960464477539062
1,3529,35.29,7497.4192678928375,7497.4119663238525,7497.410476207733,7497.422993183136,0.0,-0.0004470348358154297,-0.0002980232238769531,0.0
1,3530,35.300000000000004,7497.4192678928375,7497.410923242569,7497.410625219345,7497.422993183136,0.0,-0.001043081283569336,0.00014901161193847656,0.0
1,3531,35.31,7497.419863939285,7497.410923242569,7497.410774230957,7497.422695159912,0.0005960464477539062,0.0,0.00014901161193847656,-0.0002980232238769531
1,3532,35.32,7497.419863939285,7497.410327196121,7497.410476207733,7497.422695159912,0.0,-0.0005960464477539062,-0.0002980232238769531,0.0
1,3533,35.33,7497.419863939285,7497.4097311496735,7497.410625219345,7497.422695159912,0.0,-0.0005960464477539062,0.00014901161193847656,0.0
1,3534,35.34,7497.420459985733,7497.408986091614,7497.410327196121,7497.422099113464,0.0005960464477539062,-0.0007450580596923828,-0.0002980232238769531,-0.0005960464477539062
1,3535,35.35,7497.420459985733,7497.409135103226,7497.410178184509,7497.4218010902405,0.0,0.00014901161193847656,-0.00014901161193847656,-0.0002980232238769531
1,3536,35.36,7497.420758008957,7497.408390045166,7497.410476207733,7497.421503067017,0.0002980232238769531,-0.0007450580596923828,0.0002980232238769531,-0.0002980232238769531
1,3537,35.37,7497.420459985733,7497.408241033554,7497.410625219345,7497.420907020569,-0.0002980232238769531,-0.00014901161193847656,0.00014901161193847656,-0.0005960464477539062
1,3538,35.38,7497.421056032181,7497.407644987106,7497.410327196121,7497.421205043793,0.0005960464477539062,-0.0005960464477539062,-0.0002980232238769531,0.0002980232238769531
1,3539,35.39,7497.421056032181,7497.407048940659,7497.409880161285,7497.420012950897,0.0,-0.0005960464477539062,-0.0004470348358154297,-0.0011920928955078125
1,3540,35.4,7497.4216520786285,7497.406750917435,7497.409880161285,7497.420012950897,0.0005960464477539062,-0.0002980232238769531,0.0,0.0
1,3541,35.410000000000004,7497.421354055405,7497.406601905823,7497.409880161285,7497.4194169044495,-0.0002980232238769531,-0.00014901161193847656,0.0,-0.0005960464477539062
1,3542,35.42,7497.4216520786285,7497.406005859375,7497.410178184509,7497.419118881226,0.0002980232238769531,-0.0005960464477539062,0.0002980232238769531,-0.0002980232238769531
1,3543,35.43,7497.421354055405,7497.405707836151,7497.409880161285,7497.419118881226,-0.0002980232238769531,-0.0002980232238769531,-0.0002980232238769531,0.0
1,3544,35.44,7497.4216520786285,7497.404664754868,7497.410178184509,7497.419118881226,0.0002980232238769531,-0.001043081283569336,0.0002980232238769531,0.0
1,3545,35.45,7497.421056032181,7497.404217720032,7497.410178184509,7497.418522834778,-0.0005960464477539062,-0.0004470348358154297,0.0,-0.0005960464477539062
1,3546,35.46,7497.421354055405,7497.40406870842,7497.410178184509,7497.418224811554,0.0002980232238769531,-0.00014901161193847656,0.0,-0.0002980232238769531
1,3547,35.47,7497.421354055405,7497.403621673584,7497.410476207733,7497.418224811554,0.0,-0.0004470348358154297,0.0002980232238769531,0.0
1,3548,35.480000000000004,7497.4216520786285,7497.402876615524,7497.410029172897,7497.41792678833,0.0002980232238769531,-0.0007450580596923828,-0.0004470348358154297,-0.0002980232238769531
1,3549,35.49,7497.4216520786285,7497.4025785923,7497.410029172897,7497.417330741882,0.0,-0.0002980232238769531,0.0,-0.0005960464477539062
1,3550,35.5,7497.4216520786285,7497.401982545853,7497.410029172897,7497.416734695435,0.0,-0.0005960464477539062,0.0,-0.0005960464477539062
1,3551,35.51,7497.4216520786285,7497.401982545853,7497.410476207733,7497.416734695435,0.0,0.0,0.0004470348358154297,0.0
1,3552,35.52,7497.4216520786285,7497.401386499405,7497.410476207733,7497.416436672211,0.0,-0.0005960464477539062,0.0,-0.0002980232238769531
1,3553,35.53,7497.4216520786285,7497.401386499405,7497.410178184509,7497.415840625763,0.0,0.0,-0.0002980232238769531,-0.0005960464477539062
1,3554,35.54,7497.421950101852,7497.400939464569,7497.410178184509,7497.415542602539,0.0002980232238769531,-0.0004470348358154297,0.0,-0.0002980232238769531
1,3555,35.550000000000004,7497.4216520786285,7497.400939464569,7497.410178184509,7497.414946556091,-0.0002980232238769531,0.0,0.0,-0.0005960464477539062
1,3556,35.56,7497.4216520786285,7497.400790452957,7497.410029172897,7497.414648532867,0.0,-0.00014901161193847656,-0.00014901161193847656,-0.0002980232238769531
1,3557,35.57,7497.421056032181,7497.400492429733,7497.410476207733,7497.414946556091,-0.0005960464477539062,-0.0002980232238769531,0.0004470348358154297,0.0002980232238769531
1,3558,35.58,7497.4216520786285,7497.4000453948975,7497.410178184509,7497.41405248642,0.0005960464477539062,-0.0004470348358154297,-0.0002980232238769531,-0.0008940696716308594
1,3559,35.59,7497.421354055405,7497.400194406509,7497.410476207733,7497.413158416748,-0.0002980232238769531,0.00014901161193847656,0.0002980232238769531,-0.0008940696716308594
1,3560,35.6,7497.421354055405,7497.399747371674,7497.410327196121,7497.413158416748,0.0,-0.0004470348358154297,-0.00014901161193847656,0.0
1,3561,35.61,7497.421056032181,7497.399300336838,7497.410476207733,7497.413158416748,-0.0002980232238769531,-0.0004470348358154297,0.00014901161193847656,0.0
1,3562,35.62,7497.421056032181,7497.399300336838,7497.410476207733,7497.4125623703,0.0,0.0,0.0,-0.0005960464477539062
1,3563,35.63,7497.420459985733,7497.399151325226,7497.410476207733,7497.4119663238525,-0.0005960464477539062,-0.00014901161193847656,0.0,-0.0005960464477539062
1,3564,35.64,7497.420758008957,7497.398853302002,7497.410476207733,7497.4119663238525,0.0002980232238769531,-0.0002980232238769531,0.0,0.0
1,3565,35.65,7497.420758008957,7497.39870429039,7497.410476207733,7497.411668300629,0.0,-0.00014901161193847656,0.0,-0.0002980232238769531
1,3566,35.660000000000004,7497.420459985733,7497.398406267166,7497.410178184509,7497.411370277405,-0.0002980232238769531,-0.0002980232238769531,-0.0002980232238769531,-0.0002980232238769531
1,3567,35.67,7497.420459985733,7497.398406267166,7497.410476207733,7497.410774230957,0.0,0.0,0.0002980232238769531,-0.0005960464477539062
1,3568,35.68,7497.420161962509,7497.39870429039,7497.410476207733,7497.410476207733,-0.0002980232238769531,0.0002980232238769531,0.0,-0.0002980232238769531
1,3569,35.69,7497.420161962509,7497.398555278778,7497.410476207733,7497.409880161285,0.0,-0.00014901161193847656,0.0,-0.0005960464477539062
1,3570,35.7,7497.419863939285,7497.39870429039,7497.410625219345,7497.409880161285,-0.0002980232238769531,0.00014901161193847656,0.00014901161193847656,0.0
1,3571,35.71,7497.419565916061,7497.39870429039,7497.410476207733,7497.409284114838,-0.0002980232238769531,0.0,-0.00014901161193847656,-0.0005960464477539062
1,3572,35.72,7497.419565916061,7497.398406267166,7497.410476207733,7497.408986091614,0.0,-0.0002980232238769531,0.0,-0.0002980232238769531
1,3573,35.730000000000004,7497.418969869614,7497.398406267166,7497.410625219345,7497.40868806839,-0.0005960464477539062,0.0,0.00014901161193847656,-0.0002980232238769531
1,3574,35.74,7497.4192678928375,7497.398406267166,7497.410476207733,7497.408390045166,0.0002980232238769531,0.0,-0.00014901161193847656,-0.0002980232238769531
1,3575,35.75,7497.41867184639,7497.398108243942,7497.411072254181,7497.408390045166,-0.0005960464477539062,-0.0002980232238769531,0.0005960464477539062,0.0
1,3576,35.76,7497.41867184639,7497.398406267166,7497.411072254181,7497.407793998718,0.0,0.0002980232238769531,0.0,-0.0005960464477539062
1,3577,35.77,7497.418075799942,7497.397810220718,7497.410774230957,7497.407793998718,-0.0005960464477539062,-0.0005960464477539062,-0.0002980232238769531,0.0
1,3578,35.78,7497.418075799942,7497.398406267166,7497.411072254181,7497.4071979522705,0.0,0.0005960464477539062,0.0002980232238769531,-0.0005960464477539062
1,3579,35.79,7497.418075799942,7497.398406267166,7497.410774230957,7497.4071979522705,0.0,0.0,-0.0002980232238769531,0.0
1,3580,35.800000000000004,7497.417479753494,7497.398555278778,7497.411221265793,7497.406601905823,-0.0005960464477539062,0.00014901161193847656,0.0004470348358154297,-0.0005960464477539062
1,3581,35.81,7497.417479753494,7497.399002313614,7497.410774230957,7497.405707836151,0.0,0.0004470348358154297,-0.0004470348358154297,-0.0008940696716308594
1,3582,35.82,7497.4168837070465,7497.399002313614,7497.411072254181,7497.405409812927,-0.0005960464477539062,0.0,0.0002980232238769531,-0.0002980232238769531
1,3583,35.83,7497.4168837070465,7497.399002313614,7497.410923242569,7497.405111789703,0.0,0.0,-0.00014901161193847656,-0.0002980232238769531
1,3584,35.84,7497.416287660599,7497.399151325226,7497.411370277405,7497.4048137664795,-0.0005960464477539062,0.00014901161193847656,0.0004470348358154297,-0.0002980232238769531
1,3585,35.85,7497.415989637375,7497.399300336838,7497.411370277405,7497.405409812927,-0.0002980232238769531,0.00014901161193847656,0.0,0.0005960464477539062
1,3586,35.86,7497.415989637375,7497.399151325226,7497.411072254181,7497.4048137664795,0.0,-0.00014901161193847656,-0.0002980232238769531,-0.0005960464477539062
1,3587,35.87,7497.415989637375,7497.399598360062,7497.411072254181,7497.404515743256,0.0,0.0004470348358154297,0.0,-0.0002980232238769531
1,3588,35.88,7497.415691614151,7497.399598360062,7497.411072254181,7497.403919696808,-0.0002980232238769531,0.0,0.0,-0.0005960464477539062
1,3589,35.89,7497.415393590927,7497.3998963832855,7497.411072254181,7497.403621673584,-0.0002980232238769531,0.0002980232238769531,0.0,-0.0002980232238769531
1,3590,35.9,7497.415095567703,7497.400194406509,7497.411072254181,7497.403621673584,-0.0002980232238769531,0.0002980232238769531,0.0,0.0
1,3591,35.910000000000004,7497.414797544479,7497.400343418121,7497.411072254181,7497.403621673584,-0.0002980232238769531,0.00014901161193847656,0.0,0.0
1,3592,35.92,7497.4144995212555,7497.400492429733,7497.411072254181,7497.40332365036,-0.0002980232238769531,0.00014901161193847656,0.0,-0.0002980232238769531
1,3593,35.93,7497.4144995212555,7497.400641441345,7497.411072254181,7497.40332365036,0.0,0.00014901161193847656,0.0,0.0
1,3594,35.94,7497.413903474808,7497.400939464569,7497.411370277405,7497.403025627136,-0.0005960464477539062,0.0002980232238769531,0.0002980232238769531,-0.0002980232238769531
1,3595,35.95,7497.413605451584,7497.400790452957,7497.411519289017,7497.403025627136,-0.0002980232238769531,-0.00014901161193847656,0.00014901161193847656,0.0
1,3596,35.96,7497.41330742836,7497.401386499405,7497.411370277405,7497.402131557465,-0.0002980232238769531,0.0005960464477539062,-0.00014901161193847656,-0.0008940696716308594
1,3597,35.97,7497.41330742836,7497.401386499405,7497.411668300629,7497.4024295806885,0.0,0.0,0.0002980232238769531,0.0002980232238769531
1,3598,35.980000000000004,7497.412711381912,7497.4022805690765,7497.411370277405,7497.402131557465,-0.0005960464477539062,0.0008940696716308594,-0.0002980232238769531,-0.0002980232238769531
1,3599,35.99,7497.412711381912,7497.4025785923,7497.411370277405,7497.4024295806885,0.0,0.0002980232238769531,0.0,0.0002980232238769531
1,3600,36.0,7497.4121153354645,7497.4025785923,7497.411668300629,7497.402131557465,-0.0005960464477539062,0.0,0.0002980232238769531,-0.0002980232238769531
1,3601,36.01,7497.411519289017,7497.402876615524,7497.4121153354645,7497.4024295806885,-0.0005960464477539062,0.0002980232238769531,0.0004470348358154297,0.0002980232238769531
1,3602,36.02,7497.411519289017,7497.402876615524,7497.411817312241,7497.4024295806885,0.0,0.0,-0.0002980232238769531,0.0
1,3603,36.03,7497.411221265793,7497.403025627136,7497.412264347076,7497.401833534241,-0.0002980232238769531,0.00014901161193847656,0.0004470348358154297,-0.0005960464477539062
1,3604,36.04,7497.410625219345,7497.403472661972,7497.4119663238525,7497.401833534241,-0.0005960464477539062,0.0004470348358154297,-0.0002980232238769531,0.0
1,3605,36.050000000000004,7497.410327196121,7497.403770685196,7497.4121153354645,7497.4024295806885,-0.0002980232238769531,0.0002980232238769531,0.00014901161193847656,0.0005960464477539062
1,3606,36.06,7497.410327196121,7497.403770685196,7497.4119663238525,7497.4024295806885,0.0,0.0,-0.00014901161193847656,0.0
1,3607,36.07,7497.410327196121,7497.40406870842,7497.412264347076,7497.402131557465,0.0,0.0002980232238769531,0.0002980232238769531,-0.0002980232238769531
1,3608,36.08,7497.4097311496735,7497.404664754868,7497.4121153354645,7497.402131557465,-0.0005960464477539062,0.0005960464477539062,-0.00014901161193847656,0.0
1,3609,36.09,7497.40943312645,7497.405111789703,7497.412264347076,7497.4024295806885,-0.0002980232238769531,0.0004470348358154297,0.00014901161193847656,0.0002980232238769531
1,3610,36.1,7497.409135103226,7497.405856847763,7497.412264347076,7497.401833534241,-0.0002980232238769531,0.0007450580596923828,0.0,-0.0005960464477539062
1,3611,36.11,7497.409135103226,7497.405856847763,7497.4119663238525,7497.402131557465,0.0,0.0,-0.0002980232238769531,0.0002980232238769531
1,3612,36.12,7497.408837080002,7497.406154870987,7497.412413358688,7497.4024295806885,-0.0002980232238769531,0.0002980232238769531,0.0004470348358154297,0.0002980232238769531
1,3613,36.13,7497.408241033554,7497.406601905823,7497.4125623703,7497.4024295806885,-0.0005960464477539062,0.0004470348358154297,0.00014901161193847656,0.0
1,3614,36.14,7497.408241033554,7497.406750917435,7497.412413358688,7497.4024295806885,0.0,0.00014901161193847656,-0.00014901161193847656,0.0
1,3615,36.15,7497.40794301033,7497.407346963882,7497.412264347076,7497.4024295806885,-0.0002980232238769531,0.0005960464477539062,-0.00014901161193847656,0.0
1,3616,36.160000000000004,7497.40794301033,7497.40794301033,7497.412264347076,7497.402131557465,0.0,0.0005960464477539062,0.0,-0.0002980232238769531
1,3617,36.17,7497.40794301033,7497.408539056778,7497.4121153354645,7497.4024295806885,0.0,0.0005960464477539062,-0.00014901161193847656,0.0002980232238769531
1,3618,36.18,7497.40794301033,7497.408837080002,7497.412413358688,7497.401833534241,0.0,0.0002980232238769531,0.0002980232238769531,-0.0005960464477539062
1,3619,36.19,7497.407346963882,7497.409135103226,7497.412264347076,7497.402727603912,-0.0005960464477539062,0.0002980232238769531,-0.00014901161193847656,0.0008940696716308594
1,3620,36.2,7497.407346963882,7497.4095821380615,7497.4125623703,7497.4024295806885,0.0,0.0004470348358154297,0.0002980232238769531,-0.0002980232238769531
1,3621,36.21,7497.407048940659,7497.410029172897,7497.412413358688,7497.4024295806885,-0.0002980232238769531,0.0004470348358154297,-0.00014901161193847656,0.0
1,3622,36.22,7497.406750917435,7497.410476207733,7497.4125623703,7497.402727603912,-0.0002980232238769531,0.0004470348358154297,0.00014901161193847656,0.0002980232238769531
1,3623,36.230000000000004,7497.406750917435,7497.410923242569,7497.4125623703,7497.4024295806885,0.0,0.0004470348358154297,0.0,-0.0002980232238769531
1,3624,36.24,7497.406452894211,7497.411072254181,7497.412264347076,7497.403025627136,-0.0002980232238769531,0.00014901161193847656,-0.0002980232238769531,0.0005960464477539062
1,3625,36.25,7497.406154870987,7497.411668300629,7497.412711381912,7497.403025627136,-0.0002980232238769531,0.0005960464477539062,0.0004470348358154297,0.0
1,3626,36.26,7497.406154870987,7497.411817312241,7497.412860393524,7497.403025627136,0.0,0.00014901161193847656,0.00014901161193847656,0.0
1,3627,36.27,7497.405558824539,7497.412264347076,7497.413009405136,7497.403621673584,-0.0005960464477539062,0.0004470348358154297,0.00014901161193847656,0.0005960464477539062
1,3628,36.28,7497.406154870987,7497.412711381912,7497.4125623703,7497.40332365036,0.0005960464477539062,0.0004470348358154297,-0.0004470348358154297,-0.0002980232238769531
1,3629,36.29,7497.405558824539,7497.413605451584,7497.4125623703,7497.403025627136,-0.0005960464477539062,0.0008940696716308594,0.0,-0.0002980232238769531
1,3630,36.300000000000004,7497.405558824539,7497.413605451584,7497.4125623703,7497.40332365036,0.0,0.0,0.0,0.0002980232238769531
1,3631,36.31,7497.405260801315,7497.413754463196,7497.4125623703,7497.403919696808,-0.0002980232238769531,0.00014901161193847656,0.0,0.0005960464477539062
1,3632,36.32,7497.405260801315,7497.4144995212555,7497.4125623703,7497.403621673584,0.0,0.0007450580596923828,0.0,-0.0002980232238769531
1,3633,36.33,7497.404962778091,7497.4144995212555,7497.4125623703,7497.404515743256,-0.0002980232238769531,0.0,0.0,0.0008940696716308594
1,3634,36.34,7497.404962778091,7497.415095567703,7497.413158416748,7497.404217720032,0.0,0.0005960464477539062,0.0005960464477539062,-0.0002980232238769531
1,3635,36.35,7497.404962778091,7497.415095567703,7497.412860393524,7497.4048137664795,0.0,0.0,-0.0002980232238769531,0.0005960464477539062
1,3636,36.36,7497.404962778091,7497.415542602539,7497.412860393524,7497.4048137664795,0.0,0.0004470348358154297,0.0,0.0
1,3637,36.37,7497.404962778091,7497.415989637375,7497.412860393524,7497.405111789703,0.0,0.0004470348358154297,0.0,0.0002980232238769531
1,3638,36.38,7497.404962778091,7497.415989637375,7497.412711381912,7497.405409812927,0.0,0.0,-0.00014901161193847656,0.0002980232238769531
1,3639,36.39,7497.404962778091,7497.416585683823,7497.412860393524,7497.405409812927,0.0,0.0005960464477539062,0.00014901161193847656,0.0
1,3640,36.4,7497.404962778091,7497.4168837070465,7497.412860393524,7497.405707836151,0.0,0.0002980232238769531,0.0,0.0002980232238769531
1,3641,36.410000000000004,7497.404664754868,7497.41718173027,7497.412860393524,7497.406005859375,-0.0002980232238769531,0.0002980232238769531,0.0,0.0002980232238769531
1,3642,36.42,7497.404366731644,7497.417330741882,7497.412860393524,7497.406303882599,-0.0002980232238769531,0.00014901161193847656,0.0,0.0002980232238769531
1,3643,36.43,7497.404664754868,7497.417628765106,7497.412860393524,7497.406601905823,0.0002980232238769531,0.0002980232238769531,0.0,0.0002980232238769531
1,3644,36.44,7497.404664754868,7497.418075799942,7497.413009405136,7497.406899929047,0.0,0.0004470348358154297,0.00014901161193847656,0.0002980232238769531
1,3645,36.45,7497.404664754868,7497.41867184639,7497.412860393524,7497.406899929047,0.0,0.0005960464477539062,-0.00014901161193847656,0.0
1,3646,36.46,7497.404366731644,7497.41867184639,7497.413158416748,7497.407495975494,-0.0002980232238769531,0.0,0.0002980232238769531,0.0005960464477539062
1,3647,36.47,7497.404366731644,7497.41867184639,7497.412860393524,7497.408092021942,0.0,0.0,-0.0002980232238769531,0.0005960464477539062
1,3648,36.480000000000004,7497.404366731644,7497.418969869614,7497.412860393524,7497.408390045166,0.0,0.0002980232238769531,0.0,0.0002980232238769531
1,3649,36.49,7497.404366731644,7497.419118881226,7497.413158416748,7497.408986091614,0.0,0.00014901161193847656,0.0002980232238769531,0.0005960464477539062
1,3650,36.5,7497.40406870842,7497.419565916061,7497.413158416748,7497.408986091614,-0.0002980232238769531,0.0004470348358154297,0.0,0.0
1,3651,36.51,7497.404366731644,7497.419565916061,7497.41330742836,7497.4095821380615,0.0002980232238769531,0.0,0.00014901161193847656,0.0005960464477539062
1,3652,36.52,7497.404366731644,7497.419863939285,7497.413456439972,7497.4095821380615,0.0,0.0002980232238769531,0.00014901161193847656,0.0
1,3653,36.53,7497.404366731644,7497.420459985733,7497.413456439972,7497.410178184509,0.0,0.0005960464477539062,0.0,0.0005960464477539062
1,3654,36.54,7497.404664754868,7497.420161962509,7497.41330742836,7497.409880161285,0.0002980232238769531,-0.0002980232238769531,-0.00014901161193847656,-0.0002980232238769531
1,3655,36.550000000000004,7497.404664754868,7497.420907020569,7497.413158416748,7497.410178184509,0.0,0.0007450580596923828,-0.00014901161193847656,0.0002980232238769531
1,3656,36.56,7497.404664754868,7497.420608997345,7497.413456439972,7497.410774230957,0.0,-0.0002980232238769531,0.0002980232238769531,0.0005960464477539062
1,3657,36.57,7497.404664754868,7497.421056032181,7497.413158416748,7497.410774230957,0.0,0.0004470348358154297,-0.0002980232238769531,0.0
1,3658,36.58,7497.404664754868,7497.421354055405,7497.413456439972,7497.411370277405,0.0,0.0002980232238769531,0.0002980232238769531,0.0005960464477539062
1,3659,36.59,7497.404664754868,7497.4218010902405,7497.413158416748,7497.411668300629,0.0,0.0004470348358154297,-0.0002980232238769531,0.0002980232238769531
1,3660,36.6,7497.404962778091,7497.421354055405,7497.413158416748,7497.4119663238525,0.0002980232238769531,-0.0004470348358154297,0.0,0.0002980232238769531
1,3661,36.61,7497.404962778091,7497.421950101852,7497.413456439972,7497.412264347076,0.0,0.0005960464477539062,0.0002980232238769531,0.0002980232238769531
1,3662,36.62,7497.404962778091,7497.4216520786285,7497.412860393524,7497.4125623703,0.0,-0.0002980232238769531,-0.0005960464477539062,0.0002980232238769531
1,3663,36.63,7497.404962778091,7497.4218010902405,7497.413456439972,7497.412860393524,0.0,0.00014901161193847656,0.0005960464477539062,0.0002980232238769531
1,3664,36.64,7497.405558824539,7497.421950101852,7497.412711381912,7497.412860393524,0.0005960464477539062,0.00014901161193847656,-0.0007450580596923828,0.0
1,3665,36.65,7497.405558824539,7497.422099113464,7497.412860393524,7497.413456439972,0.0,0.00014901161193847656,0.00014901161193847656,0.0005960464477539062
1,3666,36.660000000000004,7497.405558824539,7497.422397136688,7497.413158416748,7497.413158416748,0.0,0.0002980232238769531,0.0002980232238769531,-0.0002980232238769531
1,3667,36.67,7497.405558824539,7497.422248125076,7497.413009405136,7497.413754463196,0.0,-0.00014901161193847656,-0.00014901161193847656,0.0005960464477539062
1,3668,36.68,7497.405558824539,7497.4225461483,7497.413009405136,7497.41405248642,0.0,0.0002980232238769531,0.0,0.0002980232238769531
1,3669,36.69,7497.405558824539,7497.4225461483,7497.413158416748,7497.41405248642,0.0,0.0,0.00014901161193847656,0.0
1,3670,36.7,7497.405856847763,7497.4225461483,7497.412860393524,7497.414350509644,0.0002980232238769531,0.0,-0.0002980232238769531,0.0002980232238769531
1,3671,36.71,7497.405856847763,7497.4225461483,7497.413009405136,7497.414648532867,0.0,0.0,0.00014901161193847656,0.0002980232238769531
1,3672,36.72,7497.406154870987,7497.422844171524,7497.412860393524,7497.415244579315,0.0002980232238769531,0.0002980232238769531,-0.00014901161193847656,0.0005960464477539062
1,3673,36.730000000000004,7497.406750917435,7497.422397136688,7497.4125623703,7497.414946556091,0.0005960464477539062,-0.0004470348358154297,-0.0002980232238769531,-0.0002980232238769531
1,3674,36.74,7497.407048940659,7497.4225461483,7497.4125623703,7497.415542602539,0.0002980232238769531,0.00014901161193847656,0.0,0.0005960464477539062
1,3675,36.75,7497.407048940659,7497.422248125076,7497.4125623703,7497.416138648987,0.0,-0.0002980232238769531,0.0,0.0005960464477539062
1,3676,36.76,7497.407346963882,7497.4225461483,7497.4125623703,7497.416138648987,0.0002980232238769531,0.0002980232238769531,0.0,0.0
1,3677,36.77,7497.407346963882,7497.422248125076,7497.4125623703,7497.416436672211,0.0,-0.0002980232238769531,0.0,0.0002980232238769531
1,3678,36.78,7497.407644987106,7497.422248125076,7497.4125623703,7497.416734695435,0.0002980232238769531,0.0,0.0,0.0002980232238769531
1,3679,36.79,7497.407346963882,7497.421950101852,7497.412711381912,7497.417032718658,-0.0002980232238769531,-0.0002980232238769531,0.00014901161193847656,0.0002980232238769531
1,3680,36.800000000000004,7497.40794301033,7497.421950101852,7497.4125623703,7497.417032718658,0.0005960464477539062,0.0,-0.00014901161193847656,0.0
1,3681,36.81,7497.40794301033,7497.4218010902405,7497.412413358688,7497.417330741882,0.0,-0.00014901161193847656,-0.00014901161193847656,0.0002980232238769531
1,3682,36.82,7497.408539056778,7497.421503067017,7497.4125623703,7497.417330741882,0.0005960464477539062,-0.0002980232238769531,0.00014901161193847656,0.0
1,3683,36.83,7497.408539056778,7497.421503067017,7497.4125623703,7497.417330741882,0.0,0.0,0.0,0.0
1,3684,36.84,7497.408837080002,7497.421354055405,7497.412413358688,7497.417628765106,0.0002980232238769531,-0.00014901161193847656,-0.00014901161193847656,0.0002980232238769531
1,3685,36.85,7497.409135103226,7497.421354055405,7497.412264347076,7497.41792678833,0.0002980232238769531,0.0,-0.00014901161193847656,0.0002980232238769531
1,3686,36.86,7497.409135103226,7497.421354055405,7497.4125623703,7497.417628765106,0.0,0.0,0.0002980232238769531,-0.0002980232238769531
1,3687,36.87,7497.409135103226,7497.421056032181,7497.4125623703,7497.41792678833,0.0,-0.0002980232238769531,0.0,0.0002980232238769531
1,3688,36.88,7497.4097311496735,7497.421056032181,7497.4119663238525,7497.418224811554,0.0005960464477539062,0.0,-0.0005960464477539062,0.0002980232238769531
1,3689,36.89,7497.4097311496735,7497.420758008957,7497.4119663238525,7497.418522834778,0.0,-0.0002980232238769531,0.0,0.0002980232238769531
1,3690,36.9,7497.410327196121,7497.420758008957,7497.412264347076,7497.418224811554,0.0005960464477539062,0.0,0.0002980232238769531,-0.0002980232238769531
1,3691,36.910000000000004,7497.410327196121,7497.420608997345,7497.4121153354645,7497.418522834778,0.0,-0.00014901161193847656,-0.00014901161193847656,0.0002980232238769531
1,3692,36.92,7497.410625219345,7497.420310974121,7497.411370277405,7497.418522834778,0.0002980232238769531,-0.0002980232238769531,-0.0007450580596923828,0.0
1,3693,36.93,7497.410923242569,7497.420161962509,7497.411519289017,7497.418522834778,0.0002980232238769531,-0.00014901161193847656,0.00014901161193847656,0.0
1,3694,36.94,7497.411221265793,7497.419863939285,7497.4119663238525,7497.418522834778,0.0002980232238769531,-0.0002980232238769531,0.0004470348358154297,0.0
1,3695,36.95,7497.411519289017,7497.419565916061,7497.411817312241,7497.418522834778,0.0002980232238769531,-0.0002980232238769531,-0.00014901161193847656,0.0
1,3696,36.96,7497.411519289017,7497.4194169044495,7497.411668300629,7497.418820858002,0.0,-0.00014901161193847656,-0.00014901161193847656,0.0002980232238769531
1,3697,36.97,7497.4121153354645,7497.418820858002,7497.411668300629,7497.419118881226,0.0005960464477539062,-0.0005960464477539062,0.0,0.0002980232238769531
1,3698,36.980000000000004,7497.4121153354645,7497.418522834778,7497.411519289017,7497.419118881226,0.0,-0.0002980232238769531,-0.00014901161193847656,0.0
1,3699,36.99,7497.412413358688,7497.418522834778,7497.411221265793,7497.419118881226,0.0002980232238769531,0.0,-0.0002980232238769531,0.0
1,3700,37.0,7497.412711381912,7497.418075799942,7497.411370277405,7497.419118881226,0.0002980232238769531,-0.0004470348358154297,0.00014901161193847656,0.0
1,3701,37.01,7497.412711381912,7497.418224811554,7497.411668300629,7497.419118881226,0.0,0.00014901161193847656,0.0002980232238769531,0.0
1,3702,37.02,7497.41330742836,7497.417479753494,7497.411370277405,7497.419118881226,0.0005960464477539062,-0.0007450580596923828,-0.0002980232238769531,0.0
1,3703,37.03,7497.413009405136,7497.41718173027,7497.411519289017,7497.4194169044495,-0.0002980232238769531,-0.0002980232238769531,0.00014901161193847656,0.0002980232238769531
1,3704,37.04,7497.413605451584,7497.417032718658,7497.411370277405,7497.4194169044495,0.0005960464477539062,-0.00014901161193847656,-0.00014901161193847656,0.0
1,3705,37.050000000000004,7497.413605451584,7497.416734695435,7497.411370277405,7497.419118881226,0.0,-0.0002980232238769531,0.0,-0.0002980232238769531
1,3706,37.06,7497.413605451584,7497.416585683823,7497.411370277405,7497.419118881226,0.0,-0.00014901161193847656,0.0,0.0
1,3707,37.07,7497.413903474808,7497.416287660599,7497.411370277405,7497.419118881226,0.0002980232238769531,-0.0002980232238769531,0.0,0.0
1,3708,37.08,7497.4144995212555,7497.416138648987,7497.411072254181,7497.419118881226,0.0005960464477539062,-0.00014901161193847656,-0.0002980232238769531,0.0
1,3709,37.09,7497.414201498032,7497.415840625763,7497.411370277405,7497.419118881226,-0.0002980232238769531,-0.0002980232238769531,0.0002980232238769531,0.0
1,3710,37.1,7497.4144995212555,7497.414946556091,7497.411370277405,7497.4194169044495,0.0002980232238769531,-0.0008940696716308594,0.0,0.0002980232238769531
1,3711,37.11,7497.4144995212555,7497.414797544479,7497.411519289017,7497.4194169044495,0.0,-0.00014901161193847656,0.00014901161193847656,0.0
1,3712,37.12,7497.4144995212555,7497.414648532867,7497.411370277405,7497.419118881226,0.0,-0.00014901161193847656,-0.00014901161193847656,-0.0002980232238769531
1,3713,37.13,7497.414201498032,7497.4144995212555,7497.411668300629,7497.419118881226,-0.0002980232238769531,-0.00014901161193847656,0.0002980232238769531,0.0
1,3714,37.14,7497.4144995212555,7497.413903474808,7497.411370277405,7497.419118881226,0.0002980232238769531,-0.0005960464477539062,-0.0002980232238769531,0.0
1,3715,37.15,7497.415095567703,7497.413903474808,7497.411370277405,7497.419118881226,0.0005960464477539062,0.0,0.0,0.0
1,3716,37.160000000000004,7497.415095567703,7497.413158416748,7497.411221265793,7497.419118881226,0.0,-0.0007450580596923828,-0.00014901161193847656,0.0
1,3717,37.17,7497.415095567703,7497.413009405136,7497.411072254181,7497.418820858002,0.0,-0.00014901161193847656,-0.00014901161193847656,-0.0002980232238769531
1,3718,37.18,7497.415691614151,7497.412264347076,7497.411668300629,7497.419118881226,0.0005960464477539062,-0.0007450580596923828,0.0005960464477539062,0.0002980232238769531
1,3719,37.19,7497.415691614151,7497.412413358688,7497.411370277405,7497.418522834778,0.0,0.00014901161193847656,-0.0002980232238769531,-0.0005960464477539062
1,3720,37.2,7497.415691614151,7497.4121153354645,7497.411370277405,7497.418820858002,0.0,-0.0002980232238769531,0.0,0.0002980232238769531
1,3721,37.21,7497.415691614151,7497.411370277405,7497.411668300629,7497.418820858002,0.0,-0.0007450580596923828,0.0002980232238769531,0.0
1,3722,37.22,7497.415691614151,7497.411370277405,7497.411519289017,7497.418820858002,0.0,0.0,-0.00014901161193847656,0.0
1,3723,37.230000000000004,7497.416287660599,7497.411072254181,7497.411370277405,7497.418522834778,0.0005960464477539062,-0.0002980232238769531,-0.00014901161193847656,-0.0002980232238769531
1,3724,37.24,7497.416287660599,7497.410923242569,7497.411668300629,7497.418224811554,0.0,-0.00014901161193847656,0.0002980232238769531,-0.0002980232238769531
1,3725,37.25,7497.416585683823,7497.410327196121,7497.411370277405,7497.418224811554,0.0002980232238769531,-0.0005960464477539062,-0.0002980232238769531,0.0
1,3726,37.26,7497.416287660599,7497.410625219345,7497.411370277405,7497.41792678833,-0.0002980232238769531,0.0002980232238769531,0.0,-0.0002980232238769531
1,3727,37.27,7497.416585683823,7497.410178184509,7497.411519289017,7497.41792678833,0.0002980232238769531,-0.0004470348358154297,0.00014901161193847656,0.0
1,3728,37.28,7497.416287660599,7497.4097311496735,7497.411370277405,7497.41792678833,-0.0002980232238769531,-0.0004470348358154297,-0.00014901161193847656,0.0
1,3729,37.29,7497.416287660599,7497.4095821380615,7497.411370277405,7497.417628765106,0.0,-0.00014901161193847656,0.0,-0.0002980232238769531
1,3730,37.300000000000004,7497.416585683823,7497.409135103226,7497.411370277405,7497.417628765106,0.0002980232238769531,-0.0004470348358154297,0.0,0.0
1,3731,37.31,7497.416585683823,7497.409135103226,7497.411370277405,7497.417330741882,0.0,0.0,0.0,-0.0002980232238769531
1,3732,37.32,7497.416585683823,7497.408539056778,7497.411370277405,7497.417330741882,0.0,-0.0005960464477539062,0.0,0.0
1,3733,37.33,7497.4168837070465,7497.408539056778,7497.411221265793,7497.417032718658,0.0002980232238769531,0.0,-0.00014901161193847656,-0.0002980232238769531
1,3734,37.34,7497.416585683823,7497.408390045166,7497.411370277405,7497.416734695435,-0.0002980232238769531,-0.00014901161193847656,0.00014901161193847656,-0.0002980232238769531
1,3735,37.35,7497.4168837070465,7497.408390045166,7497.411370277405,7497.416138648987,0.0002980232238769531,0.0,0.0,-0.0005960464477539062
1,3736,37.36,7497.417479753494,7497.408241033554,7497.411072254181,7497.415840625763,0.0005960464477539062,-0.00014901161193847656,-0.0002980232238769531,-0.0002980232238769531
1,3737,37.37,7497.41718173027,7497.40794301033,7497.410774230957,7497.415840625763,-0.0002980232238769531,-0.0002980232238769531,-0.0002980232238769531,0.0
1,3738,37.38,7497.41718173027,7497.407644987106,7497.410923242569,7497.415542602539,0.0,-0.0002980232238769531,0.00014901161193847656,-0.0002980232238769531
1,3739,37.39,7497.41718173027,7497.407495975494,7497.410774230957,7497.415244579315,0.0,-0.00014901161193847656,-0.00014901161193847656,-0.0002980232238769531
1,3740,37.4,7497.41718173027,7497.407346963882,7497.410923242569,7497.414946556091,0.0,-0.00014901161193847656,0.00014901161193847656,-0.0002980232238769531
1,3741,37.410000000000004,7497.417479753494,7497.407346963882,7497.410774230957,7497.414946556091,0.0002980232238769531,0.0,-0.00014901161193847656,0.0
1,3742,37.42,7497.417777776718,7497.406750917435,7497.410774230957,7497.414946556091,0.0002980232238769531,-0.0005960464477539062,0.0,0.0
1,3743,37.43,7497.417479753494,7497.406601905823,7497.411072254181,7497.414350509644,-0.0002980232238769531,-0.00014901161193847656,0.0002980232238769531,-0.0005960464477539062
1,3744,37.44,7497.417479753494,7497.406154870987,7497.411370277405,7497.414350509644,0.0,-0.0004470348358154297,0.0002980232238769531,0.0
1,3745,37.45,7497.417777776718,7497.406452894211,7497.410327196121,7497.413754463196,0.0002980232238769531,0.0002980232238769531,-0.001043081283569336,-0.0005960464477539062
1,3746,37.46,7497.418075799942,7497.406452894211,7497.410327196121,7497.413754463196,0.0002980232238769531,0.0,0.0,0.0
1,3747,37.47,7497.417777776718,7497.406303882599,7497.410625219345,7497.413456439972,-0.0002980232238769531,-0.00014901161193847656,0.0002980232238769531,-0.0002980232238769531
1,3748,37.480000000000004,7497.417777776718,7497.406154870987,7497.410476207733,7497.413158416748,0.0,-0.00014901161193847656,-0.00014901161193847656,-0.0002980232238769531
1,3749,37.49,7497.418075799942,7497.405856847763,7497.410774230957,7497.413158416748,0.0002980232238769531,-0.0002980232238769531,0.0002980232238769531,0.0
1,3750,37.5,7497.417479753494,7497.405260801315,7497.410774230957,7497.413456439972,-0.0005960464477539062,-0.0005960464477539062,0.0,0.0002980232238769531
1,3751,37.51,7497.417777776718,7497.405409812927,7497.410774230957,7497.4125623703,0.0002980232238769531,0.00014901161193847656,0.0,-0.0008940696716308594
1,3752,37.52,7497.417777776718,7497.405260801315,7497.410476207733,7497.412860393524,0.0,-0.00014901161193847656,-0.0002980232238769531,0.0002980232238769531
1,3753,37.53,7497.417479753494,7497.404962778091,7497.410625219345,7497.4125623703,-0.0002980232238769531,-0.0002980232238769531,0.00014901161193847656,-0.0002980232238769531
1,3754,37.54,7497.41718173027,7497.405111789703,7497.410774230957,7497.412264347076,-0.0002980232238769531,0.00014901161193847656,0.00014901161193847656,-0.0002980232238769531
1,3755,37.550000000000004,7497.417479753494,7497.404664754868,7497.410774230957,7497.4125623703,0.0002980232238769531,-0.0004470348358154297,0.0,0.0002980232238769531
1,3756,37.56,7497.417479753494,7497.40406870842,7497.411072254181,7497.4125623703,0.0,-0.0005960464477539062,0.0002980232238769531,0.0
1,3757,37.57,7497.417479753494,7497.404664754868,7497.410923242569,7497.4119663238525,0.0,0.0005960464477539062,-0.00014901161193847656,-0.0005960464477539062
1,3758,37.58,7497.4168837070465,7497.404217720032,7497.411072254181,7497.4119663238525,-0.0005960464477539062,-0.0004470348358154297,0.00014901161193847656,0.0
1,3759,37.59,7497.417479753494,7497.404217720032,7497.411370277405,7497.411668300629,0.0005960464477539062,0.0,0.0002980232238769531,-0.0002980232238769531
1,3760,37.6,7497.4168837070465,7497.403919696808,7497.411072254181,7497.411668300629,-0.0005960464477539062,-0.0002980232238769531,-0.0002980232238769531,0.0
1,3761,37.61,7497.4168837070465,7497.40406870842,7497.411370277405,7497.411370277405,0.0,0.00014901161193847656,0.0002980232238769531,-0.0002980232238769531
1,3762,37.62,7497.416585683823,7497.40406870842,7497.411370277405,7497.410774230957,-0.0002980232238769531,0.0,0.0,-0.0005960464477539062
1,3763,37.63,7497.416585683823,7497.403919696808,7497.411221265793,7497.410774230957,0.0,-0.00014901161193847656,-0.00014901161193847656,0.0
1,3764,37.64,7497.416585683823,7497.403621673584,7497.410923242569,7497.410476207733,0.0,-0.0002980232238769531,-0.0002980232238769531,-0.0002980232238769531
1,3765,37.65,7497.416287660599,7497.403621673584,7497.411519289017,7497.410476207733,-0.0002980232238769531,0.0,0.0005960464477539062,0.0
1,3766,37.660000000000004,7497.416287660599,7497.403472661972,7497.411370277405,7497.410178184509,0.0,-0.00014901161193847656,-0.00014901161193847656,-0.0002980232238769531
1,3767,37.67,7497.416287660599,7497.403770685196,7497.411668300629,7497.410178184509,0.0,0.0002980232238769531,0.0002980232238769531,0.0
1,3768,37.68,7497.415989637375,7497.403770685196,7497.411370277405,7497.409880161285,-0.0002980232238769531,0.0,-0.0002980232238769531,-0.0002980232238769531
1,3769,37.69,7497.416287660599,7497.403919696808,7497.411072254181,7497.4095821380615,0.0002980232238769531,0.00014901161193847656,-0.0002980232238769531,-0.0002980232238769531
1,3770,37.7,7497.415691614151,7497.403919696808,7497.411370277405,7497.408986091614,-0.0005960464477539062,0.0,0.0002980232238769531,-0.0005960464477539062
1,3771,37.71,7497.415691614151,7497.403621673584,7497.411668300629,7497.408986091614,0.0,-0.0002980232238769531,0.0002980232238769531,0.0
1,3772,37.72,7497.415095567703,7497.40406870842,7497.411370277405,7497.408986091614,-0.0005960464477539062,0.0004470348358154297,-0.0002980232238769531,0.0
1,3773,37.730000000000004,7497.415393590927,7497.40406870842,7497.411370277405,7497.40868806839,0.0002980232238769531,0.0,0.0,-0.0002980232238769531
1,3774,37.74,7497.415393590927,7497.403919696808,7497.410923242569,7497.408390045166,0.0,-0.00014901161193847656,-0.0004470348358154297,-0.0002980232238769531
1,3775,37.75,7497.415095567703,7497.403770685196,7497.411519289017,7497.408390045166,-0.0002980232238769531,-0.00014901161193847656,0.0005960464477539062,0.0
1,3776,37.76,7497.414797544479,7497.40406870842,7497.411221265793,7497.408390045166,-0.0002980232238769531,0.0002980232238769531,-0.0002980232238769531,0.0
1,3777,37.77,7497.4144995212555,7497.40406870842,7497.411370277405,7497.408092021942,-0.0002980232238769531,0.0,0.00014901161193847656,-0.0002980232238769531
1,3778,37.78,7497.4144995212555,7497.404664754868,7497.411370277405,7497.407793998718,0.0,0.0005960464477539062,0.0,-0.0002980232238769531
1,3779,37.79,7497.4144995212555,7497.404366731644,7497.411221265793,7497.407793998718,0.0,-0.0002980232238769531,-0.00014901161193847656,0.0
1,3780,37.800000000000004,7497.4144995212555,7497.404664754868,7497.411072254181,7497.4071979522705,0.0,0.0002980232238769531,-0.00014901161193847656,-0.0005960464477539062
1,3781,37.81,7497.4144995212555,7497.404962778091,7497.411072254181,7497.4071979522705,0.0,0.0002980232238769531,0.0,0.0
1,3782,37.82,7497.413903474808,7497.404664754868,7497.411072254181,7497.4071979522705,-0.0005960464477539062,-0.0002980232238769531,0.0,0.0
1,3783,37.83,7497.413903474808,7497.404962778091,7497.411370277405,7497.4071979522705,0.0,0.0002980232238769531,0.0002980232238769531,0.0
1,3784,37.84,7497.413605451584,7497.404962778091,7497.411519289017,7497.406899929047,-0.0002980232238769531,0.0,0.00014901161193847656,-0.0002980232238769531
1,3785,37.85,7497.413605451584,7497.404962778091,7497.411370277405,7497.406899929047,0.0,0.0,-0.00014901161193847656,0.0
1,3786,37.86,7497.41330742836,7497.405260801315,7497.411370277405,7497.406601905823,-0.0002980232238769531,0.0002980232238769531,0.0,-0.0002980232238769531
1,3787,37.87,7497.41330742836,7497.405260801315,7497.411817312241,7497.406601905823,0.0,0.0,0.0004470348358154297,0.0
1,3788,37.88,7497.413009405136,7497.405260801315,7497.411519289017,7497.406601905823,-0.0002980232238769531,0.0,-0.0002980232238769531,0.0
1,3789,37.89,7497.412711381912,7497.405260801315,7497.411370277405,7497.406601905823,-0.0002980232238769531,0.0,-0.00014901161193847656,0.0
1,3790,37.9,7497.412711381912,7497.405260801315,7497.411668300629,7497.406601905823,0.0,0.0,0.0002980232238769531,0.0
1,3791,37.910000000000004,7497.412711381912,7497.405707836151,7497.411668300629,7497.406303882599,0.0,0.0004470348358154297,0.0,-0.0002980232238769531
1,3792,37.92,7497.4121153354645,7497.405856847763,7497.411519289017,7497.406303882599,-0.0005960464477539062,0.00014901161193847656,-0.00014901161193847656,0.0
1,3793,37.93,7497.4121153354645,7497.405856847763,7497.411668300629,7497.406601905823,0.0,0.0,0.00014901161193847656,0.0002980232238769531
1,3794,37.94,7497.4121153354645,7497.405856847763,7497.412264347076,7497.406303882599,0.0,0.0,0.0005960464477539062,-0.0002980232238769531
1,3795,37.95,7497.411817312241,7497.406154870987,7497.4119663238525,7497.406601905823,-0.0002980232238769531,0.0002980232238769531,-0.0002980232238769531,0.0002980232238769531
1,3796,37.96,7497.411817312241,7497.406303882599,7497.4121153354645,7497.406303882599,0.0,0.00014901161193847656,0.00014901161193847656,-0.0002980232238769531
1,3797,37.97,7497.411519289017,7497.406601905823,7497.412413358688,7497.406303882599,-0.0002980232238769531,0.0002980232238769531,0.0002980232238769531,0.0
1,3798,37.980000000000004,7497.411519289017,7497.406452894211,7497.4119663238525,7497.406005859375,0.0,-0.00014901161193847656,-0.0004470348358154297,-0.0002980232238769531
1,3799,37.99,7497.411221265793,7497.406899929047,7497.412264347076,7497.406005859375,-0.0002980232238769531,0.0004470348358154297,0.0002980232238769531,0.0
1,3800,38.0,7497.410923242569,7497.4071979522705,7497.4119663238525,7497.406303882599,-0.0002980232238769531,0.0002980232238769531,-0.0002980232238769531,0.0002980232238769531
1,3801,38.01,7497.410923242569,7497.407346963882,7497.412264347076,7497.406005859375,0.0,0.00014901161193847656,0.0002980232238769531,-0.0002980232238769531
1,3802,38.02,7497.410625219345,7497.407644987106,7497.4125623703,7497.406005859375,-0.0002980232238769531,0.0002980232238769531,0.0002980232238769531,0.0
1,3803,38.03,7497.410625219345,7497.40794301033,7497.412264347076,7497.406005859375,0.0,0.0002980232238769531,-0.0002980232238769531,0.0
1,3804,38.04,7497.410327196121,7497.408241033554,7497.412264347076,7497.406005859375,-0.0002980232238769531,0.0002980232238769531,0.0,0.0
1,3805,38.050000000000004,7497.410327196121,7497.408241033554,7497.4125623703,7497.406303882599,0.0,0.0,0.0002980232238769531,0.0002980232238769531
1,3806,38.06,7497.410327196121,7497.408837080002,7497.4119663238525,7497.406005859375,0.0,0.0005960464477539062,-0.0005960464477539062,-0.0002980232238769531
1,3807,38.07,7497.410327196121,7497.408837080002,7497.4119663238525,7497.406005859375,0.0,0.0,0.0,0.0
1,3808,38.08,7497.410327196121,7497.40943312645,7497.4119663238525,7497.406005859375,0.0,0.0005960464477539062,0.0,0.0
1,3809,38.09,7497.4097311496735,7497.409135103226,7497.4119663238525,7497.406303882599,-0.0005960464477539062,-0.0002980232238769531,0.0,0.0002980232238769531
1,3810,38.1,7497.4097311496735,7497.410029172897,7497.412264347076,7497.406005859375,0.0,0.0008940696716308594,0.0002980232238769531,-0.0002980232238769531
1,3811,38.11,7497.40943312645,7497.4097311496735,7497.412264347076,7497.406303882599,-0.0002980232238769531,-0.0002980232238769531,0.0,0.0002980232238769531
1,3812,38.12,7497.409135103226,7497.410327196121,7497.412264347076,7497.406005859375,-0.0002980232238769531,0.0005960464477539062,0.0,-0.0002980232238769531
1,3813,38.13,7497.409135103226,7497.410327196121,7497.4119663238525,7497.406601905823,0.0,0.0,-0.0002980232238769531,0.0005960464477539062
1,3814,38.14,7497.408837080002,7497.410625219345,7497.412264347076,7497.406303882599,-0.0002980232238769531,0.0002980232238769531,0.0002980232238769531,-0.0002980232238769531
1,3815,38.15,7497.408837080002,7497.410923242569,7497.412264347076,7497.406303882599,0.0,0.0002980232238769531,0.0,0.0
1,3816,38.160000000000004,7497.408539056778,7497.410923242569,7497.4121153354645,7497.406303882599,-0.0002980232238769531,0.0,-0.00014901161193847656,0.0
1,3817,38.17,7497.40794301033,7497.411519289017,7497.412264347076,7497.406601905823,-0.0005960464477539062,0.0005960464477539062,0.00014901161193847656,0.0002980232238769531
1,3818,38.18,7497.40794301033,7497.411519289017,7497.4125623703,7497.406601905823,0.0,0.0,0.0002980232238769531,0.0
1,3819,38.19,7497.408539056778,7497.411519289017,7497.412264347076,7497.406899929047,0.0005960464477539062,0.0,-0.0002980232238769531,0.0002980232238769531
1,3820,38.2,7497.408539056778,7497.4121153354645,7497.412264347076,7497.406899929047,0.0,0.0005960464477539062,0.0,0.0
1,3821,38.21,7497.407644987106,7497.412413358688,7497.4125623703,7497.406899929047,-0.0008940696716308594,0.0002980232238769531,0.0002980232238769531,0.0
1,3822,38.22,7497.40794301033,7497.412413358688,7497.4125623703,7497.406899929047,0.0002980232238769531,0.0,0.0,0.0
1,3823,38.230000000000004,7497.40794301033,7497.413009405136,7497.4125623703,7497.4071979522705,0.0,0.0005960464477539062,0.0,0.0002980232238769531
1,3824,38.24,7497.408241033554,7497.413009405136,7497.4119663238525,7497.406601905823,0.0002980232238769531,0.0,-0.0005960464477539062,-0.0005960464477539062
1,3825,38.25,7497.40794301033,7497.413009405136,7497.4119663238525,7497.4071979522705,-0.0002980232238769531,0.0,0.0,0.0005960464477539062
1,3826,38.26,7497.407644987106,7497.413605451584,7497.4125623703,7497.406601905823,-0.0002980232238769531,0.0005960464477539062,0.0005960464477539062,-0.0005960464477539062
1,3827,38.27,7497.40794301033,7497.413903474808,7497.412413358688,7497.406899929047,0.0002980232238769531,0.0002980232238769531,-0.00014901161193847656,0.0002980232238769531
1,3828,38.28,7497.40794301033,7497.413903474808,7497.412264347076,7497.406899929047,0.0,0.0,-0.00014901161193847656,0.0
1,3829,38.29,7497.40794301033,7497.41405248642,7497.4119663238525,7497.4071979522705,0.0,0.00014901161193847656,-0.0002980232238769531,0.0002980232238769531
1,3830,38.300000000000004,7497.407644987106,7497.41405248642,7497.4125623703,7497.407495975494,-0.0002980232238769531,0.0,0.0005960464477539062,0.0002980232238769531
1,3831,38.31,7497.407346963882,7497.4144995212555,7497.412264347076,7497.407495975494,-0.0002980232238769531,0.0004470348358154297,-0.0002980232238769531,0.0
1,3832,38.32,7497.407346963882,7497.414797544479,7497.412264347076,7497.407793998718,0.0,0.0002980232238769531,0.0,0.0002980232238769531
1,3833,38.33,7497.407644987106,7497.414797544479,7497.412264347076,7497.408092021942,0.0002980232238769531,0.0,0.0,0.0002980232238769531
1,3834,38.34,7497.407346963882,7497.415095567703,7497.412264347076,7497.408390045166,-0.0002980232238769531,0.0002980232238769531,0.0,0.0002980232238769531
1,3835,38.35,7497.407346963882,7497.415244579315,7497.412264347076,7497.408390045166,0.0,0.00014901161193847656,0.0,0.0
1,3836,38.36,7497.407346963882,7497.415244579315,7497.412413358688,7497.40868806839,0.0,0.0,0.00014901161193847656,0.0002980232238769531
1,3837,38.37,7497.407346963882,7497.415542602539,7497.4121153354645,7497.40868806839,0.0,0.0002980232238769531,-0.0002980232238769531,0.0
1,3838,38.38,7497.407346963882,7497.415691614151,7497.412264347076,7497.40868806839,0.0,0.00014901161193847656,0.00014901161193847656,0.0
1,3839,38.39,7497.407644987106,7497.415691614151,7497.4121153354645,7497.409284114838,0.0002980232238769531,0.0,-0.00014901161193847656,0.0005960464477539062
1,3840,38.4,7497.407346963882,7497.415691614151,7497.412413358688,7497.4095821380615,-0.0002980232238769531,0.0,0.0002980232238769531,0.0002980232238769531
1,3841,38.410000000000004,7497.406750917435,7497.415393590927,7497.4125623703,7497.410178184509,-0.0005960464477539062,-0.0002980232238769531,0.00014901161193847656,0.0005960464477539062
1,3842,38.42,7497.407048940659,7497.415542602539,7497.412413358688,7497.410476207733,0.0002980232238769531,0.00014901161193847656,-0.00014901161193847656,0.0002980232238769531
1,3843,38.43,7497.406750917435,7497.415840625763,7497.412413358688,7497.410178184509,-0.0002980232238769531,0.0002980232238769531,0.0,-0.0002980232238769531
1,3844,38.44,7497.406750917435,7497.415989637375,7497.4125623703,7497.410476207733,0.0,0.00014901161193847656,0.00014901161193847656,0.0002980232238769531
1,3845,38.45,7497.406750917435,7497.416138648987,7497.412413358688,7497.410774230957,0.0,0.00014901161193847656,-0.00014901161193847656,0.0002980232238769531
1,3846,38.46,7497.407048940659,7497.416436672211,7497.4119663238525,7497.410476207733,0.0002980232238769531,0.0002980232238769531,-0.0004470348358154297,-0.0002980232238769531
1,3847,38.47,7497.406750917435,7497.416287660599,7497.412711381912,7497.410774230957,-0.0002980232238769531,-0.00014901161193847656,0.0007450580596923828,0.0002980232238769531
1,3848,38.480000000000004,7497.406750917435,7497.416585683823,7497.412413358688,7497.410774230957,0.0,0.0002980232238769531,-0.0002980232238769531,0.0
1,3849,38.49,7497.407346963882,7497.417032718658,7497.412413358688,7497.411072254181,0.0005960464477539062,0.0004470348358154297,0.0,0.0002980232238769531
1,3850,38.5,7497.407048940659,7497.41718173027,7497.412264347076,7497.411370277405,-0.0002980232238769531,0.00014901161193847656,-0.00014901161193847656,0.0002980232238769531
1,3851,38.51,7497.406750917435,7497.41718173027,7497.4125623703,7497.411668300629,-0.0002980232238769531,0.0,0.0002980232238769531,0.0002980232238769531
1,3852,38.52,7497.407644987106,7497.417479753494,7497.412264347076,7497.411370277405,0.0008940696716308594,0.0002980232238769531,-0.0002980232238769531,-0.0002980232238769531
1,3853,38.53,7497.407644987106,7497.417777776718,7497.412264347076,7497.411668300629,0.0,0.0002980232238769531,0.0,0.0002980232238769531
1,3854,38.54,7497.407346963882,7497.417777776718,7497.412711381912,7497.4119663238525,-0.0002980232238769531,0.0,0.0004470348358154297,0.0002980232238769531
1,3855,38.550000000000004,7497.407644987106,7497.417777776718,7497.4121153354645,7497.4119663238525,0.0002980232238769531,0.0,-0.0005960464477539062,0.0
1,3856,38.56,7497.407644987106,7497.417628765106,7497.412413358688,7497.412264347076,0.0,-0.00014901161193847656,0.0002980232238769531,0.0002980232238769531
1,3857,38.57,7497.407644987106,7497.418075799942,7497.412264347076,7497.412264347076,0.0,0.0004470348358154297,-0.00014901161193847656,0.0
1,3858,38.58,7497.40794301033,7497.41792678833,7497.412413358688,7497.4125623703,0.0002980232238769531,-0.00014901161193847656,0.00014901161193847656,0.0002980232238769531
1,3859,38.59,7497.40794301033,7497.418373823166,7497.4121153354645,7497.412264347076,0.0,0.0004470348358154297,-0.0002980232238769531,-0.0002980232238769531
1,3860,38.6,7497.40794301033,7497.418075799942,7497.412413358688,7497.4125623703,0.0,-0.0002980232238769531,0.0002980232238769531,0.0002980232238769531
1,3861,38.61,7497.408539056778,7497.418075799942,7497.412264347076,7497.412860393524,0.0005960464477539062,0.0,-0.00014901161193847656,0.0002980232238769531
1,3862,38.62,7497.408241033554,7497.418075799942,7497.412264347076,7497.412860393524,-0.0002980232238769531,0.0,0.0,0.0
1,3863,38.63,7497.40794301033,7497.418075799942,7497.4119663238525,7497.413456439972,-0.0002980232238769531,0.0,-0.0002980232238769531,0.0005960464477539062
1,3864,38.64,7497.408241033554,7497.418075799942,7497.412413358688,7497.413456439972,0.0002980232238769531,0.0,0.0004470348358154297,0.0
1,3865,38.65,7497.40794301033,7497.418522834778,7497.412413358688,7497.413456439972,-0.0002980232238769531,0.0004470348358154297,0.0,0.0
1,3866,38.660000000000004,7497.408539056778,7497.418224811554,7497.412264347076,7497.413754463196,0.0005960464477539062,-0.0002980232238769531,-0.00014901161193847656,0.0002980232238769531
1,3867,38.67,7497.408837080002,7497.418224811554,7497.412264347076,7497.413754463196,0.0002980232238769531,0.0,0.0,0.0
1,3868,38.68,7497.408837080002,7497.418224811554,7497.412413358688,7497.41405248642,0.0,0.0,0.00014901161193847656,0.0002980232238769531
1,3869,38.69,7497.408837080002,7497.418373823166,7497.412264347076,7497.413754463196,0.0,0.00014901161193847656,-0.00014901161193847656,-0.0002980232238769531
1,3870,38.7,7497.408837080002,7497.418075799942,7497.412711381912,7497.414350509644,0.0,-0.0002980232238769531,0.0004470348358154297,0.0005960464477539062
1,3871,38.71,7497.408539056778,7497.41867184639,7497.4125623703,7497.414350509644,-0.0002980232238769531,0.0005960464477539062,-0.00014901161193847656,0.0
1,3872,38.72,7497.408539056778,7497.418373823166,7497.4125623703,7497.414350509644,0.0,-0.0002980232238769531,0.0,0.0
1,3873,38.730000000000004,7497.408539056778,7497.418373823166,7497.4125623703,7497.414648532867,0.0,0.0,0.0,0.0002980232238769531
1,3874,38.74,7497.409135103226,7497.418075799942,7497.412264347076,7497.414648532867,0.0005960464477539062,-0.0002980232238769531,-0.0002980232238769531,0.0
1,3875,38.75,7497.409135103226,7497.418224811554,7497.4121153354645,7497.414648532867,0.0,0.00014901161193847656,-0.00014901161193847656,0.0
1,3876,38.76,7497.40943312645,7497.418075799942,7497.4119663238525,7497.414946556091,0.0002980232238769531,-0.00014901161193847656,-0.00014901161193847656,0.0002980232238769531
1,3877,38.77,7497.40943312645,7497.417777776718,7497.4119663238525,7497.415244579315,0.0,-0.0002980232238769531,0.0,0.0002980232238769531
1,3878,38.78,7497.40943312645,7497.417330741882,7497.412264347076,7497.415542602539,0.0,-0.0004470348358154297,0.0002980232238769531,0.0002980232238769531
1,3879,38.79,7497.4097311496735,7497.41718173027,7497.412264347076,7497.415542602539,0.0002980232238769531,-0.00014901161193847656,0.0,0.0
1,3880,38.800000000000004,7497.4097311496735,7497.417628765106,7497.4121153354645,7497.415542602539,0.0,0.0004470348358154297,-0.00014901161193847656,0.0
1,3881,38.81,7497.410029172897,7497.41718173027,7497.4121153354645,7497.415542602539,0.0002980232238769531,-0.0004470348358154297,0.0,0.0
1,3882,38.82,7497.410327196121,7497.4168837070465,7497.412264347076,7497.415840625763,0.0002980232238769531,-0.0002980232238769531,0.00014901161193847656,0.0002980232238769531
1,3883,38.83,7497.410625219345,7497.4168837070465,7497.4121153354645,7497.415542602539,0.0002980232238769531,0.0,-0.00014901161193847656,-0.0002980232238769531
1,3884,38.84,7497.410923242569,7497.417032718658,7497.411668300629,7497.415542602539,0.0002980232238769531,0.00014901161193847656,-0.0004470348358154297,0.0
1,3885,38.85,7497.410923242569,7497.417330741882,7497.411817312241,7497.415542602539,0.0,0.0002980232238769531,0.00014901161193847656,0.0
1,3886,38.86,7497.410923242569,7497.4168837070465,7497.4119663238525,7497.415840625763,0.0,-0.0004470348358154297,0.00014901161193847656,0.0002980232238769531
1,3887,38.87,7497.410923242569,7497.4168837070465,7497.4121153354645,7497.416138648987,0.0,0.0,0.00014901161193847656,0.0002980232238769531
1,3888,38.88,7497.410923242569,7497.416287660599,7497.4121153354645,7497.416138648987,0.0,-0.0005960464477539062,0.0,0.0
1,3889,38.89,7497.411519289017,7497.416287660599,7497.4119663238525,7497.416138648987,0.0005960464477539062,0.0,-0.00014901161193847656,0.0
1,3890,38.9,7497.411519289017,7497.416287660599,7497.4119663238525,7497.416138648987,0.0,0.0,0.0,0.0
1,3891,38.910000000000004,7497.411817312241,7497.415989637375,7497.4119663238525,7497.416734695435,0.0002980232238769531,-0.0002980232238769531,0.0,0.0005960464477539062
1,3892,38.92,7497.411817312241,7497.415691614151,7497.411817312241,7497.416138648987,0.0,-0.0002980232238769531,-0.00014901161193847656,-0.0005960464477539062
1,3893,38.93,7497.4121153354645,7497.415542602539,7497.4119663238525,7497.416138648987,0.0002980232238769531,-0.00014901161193847656,0.00014901161193847656,0.0
1,3894,38.94,7497.4121153354645,7497.415691614151,7497.411668300629,7497.416436672211,0.0,0.00014901161193847656,-0.0002980232238769531,0.0002980232238769531
1,3895,38.95,7497.4121153354645,7497.415393590927,7497.411519289017,7497.416436672211,0.0,-0.0002980232238769531,-0.00014901161193847656,0.0
1,3896,38.96,7497.412711381912,7497.415244579315,7497.411668300629,7497.416436672211,0.0005960464477539062,-0.00014901161193847656,0.00014901161193847656,0.0
1,3897,38.97,7497.412711381912,7497.415095567703,7497.411668300629,7497.416138648987,0.0,-0.00014901161193847656,0.0,-0.0002980232238769531
1,3898,38.980000000000004,7497.412711381912,7497.414797544479,7497.411817312241,7497.416436672211,0.0,-0.0002980232238769531,0.00014901161193847656,0.0002980232238769531
1,3899,38.99,7497.412711381912,7497.414648532867,7497.411817312241,7497.416436672211,0.0,-0.00014901161193847656,0.0,0.0
1,3900,39.0,7497.41330742836,7497.414350509644,7497.411370277405,7497.416436672211,0.0005960464477539062,-0.0002980232238769531,-0.0004470348358154297,0.0
1,3901,39.01,7497.41330742836,7497.413903474808,7497.411668300629,7497.416734695435,0.0,-0.0004470348358154297,0.0002980232238769531,0.0002980232238769531
1,3902,39.02,7497.413605451584,7497.4144995212555,7497.4119663238525,7497.416138648987,0.0002980232238769531,0.0005960464477539062,0.0002980232238769531,-0.0005960464477539062
1,3903,39.03,7497.41330742836,7497.414201498032,7497.4119663238525,7497.416734695435,-0.0002980232238769531,-0.0002980232238769531,0.0,0.0005960464477539062
1,3904,39.04,7497.41330742836,7497.413903474808,7497.4119663238525,7497.416436672211,0.0,-0.0002980232238769531,0.0,-0.0002980232238769531
1,3905,39.050000000000004,7497.41330742836,7497.414201498032,7497.4119663238525,7497.416138648987,0.0,0.0002980232238769531,0.0,-0.0002980232238769531
1,3906,39.06,7497.413605451584,7497.413605451584,7497.411668300629,7497.416436672211,0.0002980232238769531,-0.0005960464477539062,-0.0002980232238769531,0.0002980232238769531
1,3907,39.07,7497.413903474808,7497.413605451584,7497.411817312241,7497.415840625763,0.0002980232238769531,0.0,0.00014901161193847656,-0.0005960464477539062
1,3908,39.08,7497.413903474808,7497.413158416748,7497.411668300629,7497.416436672211,0.0,-0.0004470348358154297,-0.00014901161193847656,0.0005960464477539062
1,3909,39.09,7497.414201498032,7497.412860393524,7497.411370277405,7497.416138648987,0.0002980232238769531,-0.0002980232238769531,-0.0002980232238769531,-0.0002980232238769531
1,3910,39.1,7497.413903474808,7497.412711381912,7497.411668300629,7497.416138648987,-0.0002980232238769531,-0.00014901161193847656,0.0002980232238769531,0.0
1,3911,39.11,7497.414201498032,7497.412711381912,7497.411370277405,7497.416138648987,0.0002980232238769531,0.0,-0.0002980232238769531,0.0
1,3912,39.12,7497.4144995212555,7497.412264347076,7497.411370277405,7497.416138648987,0.0002980232238769531,-0.0004470348358154297,0.0,0.0
1,3913,39.13,7497.4144995212555,7497.412264347076,7497.411072254181,7497.415542602539,0.0,0.0,-0.0002980232238769531,-0.0005960464477539062
1,3914,39.14,7497.4144995212555,7497.412413358688,7497.411370277405,7497.416138648987,0.0,0.00014901161193847656,0.0002980232238769531,0.0005960464477539062
1,3915,39.15,7497.414797544479,7497.4121153354645,7497.411221265793,7497.415542602539,0.0002980232238769531,-0.0002980232238769531,-0.00014901161193847656,-0.0005960464477539062
1,3916,39.160000000000004,7497.414797544479,7497.411817312241,7497.411370277405,7497.415840625763,0.0,-0.0002980232238769531,0.00014901161193847656,0.0002980232238769531
1,3917,39.17,7497.415095567703,7497.411817312241,7497.411072254181,7497.416138648987,0.0002980232238769531,0.0,-0.0002980232238769531,0.0002980232238769531
1,3918,39.18,7497.415095567703,7497.411370277405,7497.411072254181,7497.415542602539,0.0,-0.0004470348358154297,0.0,-0.0005960464477539062
1,3919,39.19,7497.415095567703,7497.411519289017,7497.411072254181,7497.415542602539,0.0,0.00014901161193847656,0.0,0.0
1,3920,39.2,7497.415095567703,7497.411370277405,7497.411072254181,7497.415244579315,0.0,-0.00014901161193847656,0.0,-0.0002980232238769531
1,3921,39.21,7497.415095567703,7497.411221265793,7497.411370277405,7497.414648532867,0.0,-0.00014901161193847656,0.0002980232238769531,-0.0005960464477539062
1,3922,39.22,7497.415095567703,7497.410923242569,7497.411370277405,7497.414648532867,0.0,-0.0002980232238769531,0.0,0.0
1,3923,39.230000000000004,7497.415393590927,7497.410923242569,7497.411072254181,7497.414946556091,0.0002980232238769531,0.0,-0.0002980232238769531,0.0002980232238769531
1,3924,39.24,7497.415095567703,7497.410774230957,7497.411072254181,7497.414350509644,-0.0002980232238769531,-0.00014901161193847656,0.0,-0.0005960464477539062
1,3925,39.25,7497.415095567703,7497.410029172897,7497.411072254181,7497.414946556091,0.0,-0.0007450580596923828,0.0,0.0005960464477539062
1,3926,39.26,7497.415393590927,7497.409880161285,7497.411072254181,7497.414648532867,0.0002980232238769531,-0.00014901161193847656,0.0,-0.0002980232238769531
1,3927,39.27,7497.415393590927,7497.40943312645,7497.411370277405,7497.414350509644,0.0,-0.0004470348358154297,0.0002980232238769531,-0.0002980232238769531
1,3928,39.28,7497.415393590927,7497.409135103226,7497.411072254181,7497.414350509644,0.0,-0.0002980232238769531,-0.0002980232238769531,0.0
1,3929,39.29,7497.415393590927,7497.40943312645,7497.411370277405,7497.414350509644,0.0,0.0002980232238769531,0.0002980232238769531,0.0
1,3930,39.300000000000004,7497.415095567703,7497.40943312645,7497.411221265793,7497.41405248642,-0.0002980232238769531,0.0,-0.00014901161193847656,-0.0002980232238769531
1,3931,39.31,7497.415095567703,7497.40868806839,7497.411519289017,7497.41405248642,0.0,-0.0007450580596923828,0.0002980232238769531,0.0
1,3932,39.32,7497.415095567703,7497.408539056778,7497.411370277405,7497.414350509644,0.0,-0.00014901161193847656,-0.00014901161193847656,0.0002980232238769531
1,3933,39.33,7497.415095567703,7497.408539056778,7497.411370277405,7497.41405248642,0.0,0.0,0.0,-0.0002980232238769531
1,3934,39.34,7497.415095567703,7497.408539056778,7497.411370277405,7497.41405248642,0.0,0.0,0.0,0.0
1,3935,39.35,7497.415095567703,7497.408241033554,7497.411072254181,7497.413754463196,0.0,-0.0002980232238769531,-0.0002980232238769531,-0.0002980232238769531
1,3936,39.36,7497.414797544479,7497.40794301033,7497.411072254181,7497.413456439972,-0.0002980232238769531,-0.0002980232238769531,0.0,-0.0002980232238769531
1,3937,39.37,7497.415095567703,7497.408092021942,7497.411370277405,7497.413158416748,0.0002980232238769531,0.00014901161193847656,0.0002980232238769531,-0.0002980232238769531
1,3938,39.38,7497.415095567703,7497.40794301033,7497.411370277405,7497.413158416748,0.0,-0.00014901161193847656,0.0,0.0
1,3939,39.39,7497.415095567703,7497.407793998718,7497.411221265793,7497.412860393524,0.0,-0.00014901161193847656,-0.00014901161193847656,-0.0002980232238769531
1,3940,39.4,7497.415095567703,7497.407644987106,7497.411370277405,7497.412860393524,0.0,-0.00014901161193847656,0.00014901161193847656,0.0
1,3941,39.410000000000004,7497.415095567703,7497.407346963882,7497.411370277405,7497.413158416748,0.0,-0.0002980232238769531,0.0,0.0002980232238769531
1,3942,39.42,7497.415095567703,7497.407346963882,7497.411370277405,7497.412860393524,0.0,0.0,0.0,-0.0002980232238769531
1,3943,39.43,7497.415095567703,7497.407346963882,7497.411668300629,7497.4125623703,0.0,0.0,0.0002980232238769531,-0.0002980232238769531
1,3944,39.44,7497.415095567703,7497.407346963882,7497.411668300629,7497.4125623703,0.0,0.0,0.0,0.0
1,3945,39.45,7497.415095567703,7497.407346963882,7497.411668300629,7497.4125623703,0.0,0.0,0.0,0.0
1,3946,39.46,7497.414797544479,7497.407346963882,7497.411817312241,7497.4125623703,-0.0002980232238769531,0.0,0.00014901161193847656,0.0
1,3947,39.47,7497.414797544479,7497.406899929047,7497.411668300629,7497.4125623703,0.0,-0.0004470348358154297,-0.00014901161193847656,0.0
1,3948,39.480000000000004,7497.4144995212555,7497.407048940659,7497.411668300629,7497.4119663238525,-0.0002980232238769531,0.00014901161193847656,0.0,-0.0005960464477539062
1,3949,39.49,7497.414797544479,7497.4071979522705,7497.411370277405,7497.4119663238525,0.0002980232238769531,0.00014901161193847656,-0.0002980232238769531,0.0
1,3950,39.5,7497.4144995212555,7497.407048940659,7497.411370277405,7497.4119663238525,-0.0002980232238769531,-0.00014901161193847656,0.0,0.0
1,3951,39.51,7497.4144995212555,7497.406452894211,7497.411668300629,7497.4119663238525,0.0,-0.0005960464477539062,0.0002980232238769531,0.0
1,3952,39.52,7497.4144995212555,7497.406899929047,7497.4119663238525,7497.4119663238525,0.0,0.0004470348358154297,0.0002980232238769531,0.0
1,3953,39.53,7497.414201498032,7497.406601905823,7497.411668300629,7497.4119663238525,-0.0002980232238769531,-0.0002980232238769531,-0.0002980232238769531,0.0
1,3954,39.54,7497.414797544479,7497.406899929047,7497.411519289017,7497.411370277405,0.0005960464477539062,0.0002980232238769531,-0.00014901161193847656,-0.0005960464477539062
1,3955,39.550000000000004,7497.4144995212555,7497.406899929047,7497.4121153354645,7497.411370277405,-0.0002980232238769531,0.0,0.0005960464477539062,0.0
1,3956,39.56,7497.4144995212555,7497.406750917435,7497.411668300629,7497.411370277405,0.0,-0.00014901161193847656,-0.0004470348358154297,0.0
1,3957,39.57,7497.4144995212555,7497.406452894211,7497.411370277405,7497.411668300629,0.0,-0.0002980232238769531,-0.0002980232238769531,0.0002980232238769531
1,3958,39.58,7497.4144995212555,7497.406452894211,7497.411370277405,7497.411370277405,0.0,0.0,0.0,-0.0002980232238769531
1,3959,39.59,7497.414201498032,7497.406601905823,7497.4119663238525,7497.410774230957,-0.0002980232238769531,0.00014901161193847656,0.0005960464477539062,-0.0005960464477539062
1,3960,39.6,7497.4144995212555,7497.406452894211,7497.411370277405,7497.410774230957,0.0002980232238769531,-0.00014901161193847656,-0.0005960464477539062,0.0
1,3961,39.61,7497.413903474808,7497.406601905823,7497.411370277405,7497.410476207733,-0.0005960464477539062,0.00014901161193847656,0.0,-0.0002980232238769531
1,3962,39.62,7497.413903474808,7497.406750917435,7497.411370277405,7497.410178184509,0.0,0.00014901161193847656,0.0,-0.0002980232238769531
1,3963,39.63,7497.414201498032,7497.406452894211,7497.411370277405,7497.410178184509,0.0002980232238769531,-0.0002980232238769531,0.0,0.0
1,3964,39.64,7497.413903474808,7497.406750917435,7497.4119663238525,7497.410178184509,-0.0002980232238769531,0.0002980232238769531,0.0005960464477539062,0.0
1,3965,39.65,7497.413903474808,7497.406899929047,7497.411519289017,7497.410178184509,0.0,0.00014901161193847656,-0.0004470348358154297,0.0
1,3966,39.660000000000004,7497.41330742836,7497.407048940659,7497.411668300629,7497.409880161285,-0.0005960464477539062,0.00014901161193847656,0.00014901161193847656,-0.0002980232238769531
1,3967,39.67,7497.413605451584,7497.406750917435,7497.411519289017,7497.4095821380615,0.0002980232238769531,-0.0002980232238769531,-0.00014901161193847656,-0.0002980232238769531
1,3968,39.68,7497.41330742836,7497.406750917435,7497.411668300629,7497.409880161285,-0.0002980232238769531,0.0,0.00014901161193847656,0.0002980232238769531
1,3969,39.69,7497.41330742836,7497.406750917435,7497.411817312241,7497.409880161285,0.0,0.0,0.00014901161193847656,0.0
1,3970,39.7,7497.413605451584,7497.407346963882,7497.411668300629,7497.4095821380615,0.0002980232238769531,0.0005960464477539062,-0.00014901161193847656,-0.0002980232238769531
1,3971,39.71,7497.413605451584,7497.407346963882,7497.411370277405,7497.4095821380615,0.0,0.0,-0.0002980232238769531,0.0
1,3972,39.72,7497.41330742836,7497.407495975494,7497.411668300629,7497.409284114838,-0.0002980232238769531,0.00014901161193847656,0.0002980232238769531,-0.0002980232238769531
1,3973,39.730000000000004,7497.413009405136,7497.407495975494,7497.411519289017,7497.409284114838,-0.0002980232238769531,0.0,-0.00014901161193847656,0.0
1,3974,39.74,7497.413009405136,7497.407495975494,7497.411817312241,7497.408986091614,0.0,0.0,0.0002980232238769531,-0.0002980232238769531
1,3975,39.75,7497.413009405136,7497.407495975494,7497.4119663238525,7497.408986091614,0.0,0.0,0.00014901161193847656,0.0
1,3976,39.76,7497.413009405136,7497.407495975494,7497.411817312241,7497.408986091614,0.0,0.0,-0.00014901161193847656,0.0
1,3977,39.77,7497.412711381912,7497.407793998718,7497.4119663238525,7497.408986091614,-0.0002980232238769531,0.0002980232238769531,0.00014901161193847656,0.0
1,3978,39.78,7497.412711381912,7497.407644987106,7497.411817312241,7497.408986091614,0.0,-0.00014901161193847656,-0.00014901161193847656,0.0
1,3979,39.79,7497.412711381912,7497.40794301033,7497.411668300629,7497.408986091614,0.0,0.0002980232238769531,-0.00014901161193847656,0.0
1,3980,39.800000000000004,7497.412711381912,7497.408092021942,7497.411668300629,7497.408986091614,0.0,0.00014901161193847656,0.0,0.0
1,3981,39.81,7497.412711381912,7497.40794301033,7497.411519289017,7497.408986091614,0.0,-0.00014901161193847656,-0.00014901161193847656,0.0
1,3982,39.82,7497.412711381912,7497.408092021942,7497.411668300629,7497.408986091614,0.0,0.00014901161193847656,0.00014901161193847656,0.0
1,3983,39.83,7497.412711381912,7497.408241033554,7497.4119663238525,7497.408986091614,0.0,0.00014901161193847656,0.0002980232238769531,0.0
1,3984,39.84,7497.412413358688,7497.40794301033,7497.4119663238525,7497.408986091614,-0.0002980232238769531,-0.0002980232238769531,0.0,0.0
1,3985,39.85,7497.412413358688,7497.408837080002,7497.411668300629,7497.408390045166,0.0,0.0008940696716308594,-0.0002980232238769531,-0.0005960464477539062
1,3986,39.86,7497.4121153354645,7497.408986091614,7497.411519289017,7497.40868806839,-0.0002980232238769531,0.00014901161193847656,-0.00014901161193847656,0.0002980232238769531
1,3987,39.87,7497.4121153354645,7497.408986091614,7497.411668300629,7497.408390045166,0.0,0.0,0.00014901161193847656,-0.0002980232238769531
1,3988,39.88,7497.4121153354645,7497.40943312645,7497.411668300629,7497.408092021942,0.0,0.0004470348358154297,0.0,-0.0002980232238769531
1,3989,39.89,7497.4121153354645,7497.409284114838,7497.411668300629,7497.408092021942,0.0,-0.00014901161193847656,0.0,0.0
1,3990,39.9,7497.4121153354645,7497.40943312645,7497.411370277405,7497.408092021942,0.0,0.00014901161193847656,-0.0002980232238769531,0.0
1,3991,39.910000000000004,7497.4121153354645,7497.40943312645,7497.411370277405,7497.408390045166,0.0,0.0,0.0,0.0002980232238769531
1,3992,39.92,7497.4121153354645,7497.4095821380615,7497.411370277405,7497.408092021942,0.0,0.00014901161193847656,0.0,-0.0002980232238769531
1,3993,39.93,7497.411817312241,7497.4095821380615,7497.411668300629,7497.408092021942,-0.0002980232238769531,0.0,0.0002980232238769531,0.0
1,3994,39.94,7497.4121153354645,7497.4097311496735,7497.411072254181,7497.408092021942,0.0002980232238769531,0.00014901161193847656,-0.0005960464477539062,0.0
1,3995,39.95,7497.411817312241,7497.410029172897,7497.411668300629,7497.408092021942,-0.0002980232238769531,0.0002980232238769531,0.0005960464477539062,0.0
1,3996,39.96,7497.411519289017,7497.410178184509,7497.411370277405,7497.408092021942,-0.0002980232238769531,0.00014901161193847656,-0.0002980232238769531,0.0
1,3997,39.97,7497.411519289017,7497.410476207733,7497.411668300629,7497.407793998718,0.0,0.0002980232238769531,0.0002980232238769531,-0.0002980232238769531
1,3998,39.980000000000004,7497.410923242569,7497.410327196121,7497.411668300629,7497.408092021942,-0.0005960464477539062,-0.00014901161193847656,0.0,0.0002980232238769531
1,3999,39.99,7497.411221265793,7497.410476207733,7497.411668300629,7497.408092021942,0.0002980232238769531,0.00014901161193847656,0.0,0.0
1,4000,40.0,7497.410923242569,7497.410774230957,7497.4119663238525,7497.408092021942,-0.0002980232238769531,0.0002980232238769531,0.0002980232238769531,0.0
1,4001,40.01,7497.410923242569,7497.410625219345,7497.412264347076,7497.408390045166,0.0,-0.00014901161193847656,0.0002980232238769531,0.0002980232238769531
1,4002,40.02,7497.410923242569,7497.410327196121,7497.411668300629,7497.408390045166,0.0,-0.0002980232238769531,-0.0005960464477539062,0.0
1,4003,40.03,7497.410923242569,7497.410625219345,7497.411668300629,7497.408390045166,0.0,0.0002980232238769531,0.0,0.0
1,4004,40.04,7497.410923242569,7497.411221265793,7497.411668300629,7497.408390045166,0.0,0.0005960464477539062,0.0,0.0
1,4005,40.050000000000004,7497.410923242569,7497.411072254181,7497.411668300629,7497.408390045166,0.0,-0.00014901161193847656,0.0,0.0
1,4006,40.06,7497.410625219345,7497.411519289017,7497.411817312241,7497.408390045166,-0.0002980232238769531,0.0004470348358154297,0.00014901161193847656,0.0
1,4007,40.07,7497.410327196121,7497.411072254181,7497.4119663238525,7497.40868806839,-0.0002980232238769531,-0.0004470348358154297,0.00014901161193847656,0.0002980232238769531
1,4008,40.08,7497.410327196121,7497.411221265793,7497.4119663238525,7497.408390045166,0.0,0.00014901161193847656,0.0,-0.0002980232238769531
1,4009,40.09,7497.410327196121,7497.411221265793,7497.4119663238525,7497.40868806839,0.0,0.0,0.0,0.0002980232238769531
1,4010,40.1,7497.410327196121,7497.411817312241,7497.411668300629,7497.408390045166,0.0,0.0005960464477539062,-0.0002980232238769531,-0.0002980232238769531
1,4011,40.11,7497.410327196121,7497.411817312241,7497.4119663238525,7497.40868806839,0.0,0.0,0.0002980232238769531,0.0002980232238769531
1,4012,40.12,7497.410029172897,7497.411519289017,7497.411817312241,7497.408986091614,-0.0002980232238769531,-0.0002980232238769531,-0.00014901161193847656,0.0002980232238769531
1,4013,40.13,7497.4097311496735,7497.4119663238525,7497.412264347076,7497.408986091614,-0.0002980232238769531,0.0004470348358154297,0.0004470348358154297,0.0
1,4014,40.14,7497.4097311496735,7497.412264347076,7497.4119663238525,7497.408986091614,0.0,0.0002980232238769531,-0.0002980232238769531,0.0
1,4015,40.15,7497.4097311496735,7497.4121153354645,7497.412264347076,7497.408986091614,0.0,-0.00014901161193847656,0.0002980232238769531,0.0
1,4016,40.160000000000004,7497.4097311496735,7497.412264347076,7497.4119663238525,7497.408986091614,0.0,0.00014901161193847656,-0.0002980232238769531,0.0
1,4017,40.17,7497.4097311496735,7497.412413358688,7497.4119663238525,7497.408986091614,0.0,0.00014901161193847656,0.0,0.0
1,4018,40.18,7497.4097311496735,7497.412413358688,7497.4119663238525,7497.409284114838,0.0,0.0,0.0,0.0002980232238769531
1,4019,40.19,7497.40943312645,7497.413009405136,7497.412413358688,7497.408986091614,-0.0002980232238769531,0.0005960464477539062,0.0004470348358154297,-0.0002980232238769531
1,4020,40.2,7497.409135103226,7497.412860393524,7497.412264347076,7497.408986091614,-0.0002980232238769531,-0.00014901161193847656,-0.00014901161193847656,0.0
1,4021,40.21,7497.409135103226,7497.413009405136,7497.412264347076,7497.408986091614,0.0,0.00014901161193847656,0.0,0.0
1,4022,40.22,7497.409135103226,7497.412860393524,7497.412264347076,7497.4095821380615,0.0,-0.00014901161193847656,0.0,0.0005960464477539062
1,4023,40.230000000000004,7497.409135103226,7497.413158416748,7497.412264347076,7497.409284114838,0.0,0.0002980232238769531,0.0,-0.0002980232238769531
1,4024,40.24,7497.409135103226,7497.41330742836,7497.412264347076,7497.408986091614,0.0,0.00014901161193847656,0.0,-0.0002980232238769531
1,4025,40.25,7497.409135103226,7497.413158416748,7497.4121153354645,7497.409284114838,0.0,-0.00014901161193847656,-0.00014901161193847656,0.0002980232238769531
1,4026,40.26,7497.409135103226,7497.413605451584,7497.4119663238525,7497.4095821380615,0.0,0.0004470348358154297,-0.00014901161193847656,0.0002980232238769531
1,4027,40.27,7497.409135103226,7497.413456439972,7497.4119663238525,7497.409880161285,0.0,-0.00014901161193847656,0.0,0.0002980232238769531
1,4028,40.28,7497.409135103226,7497.413605451584,7497.4121153354645,7497.4095821380615,0.0,0.00014901161193847656,0.00014901161193847656,-0.0002980232238769531
1,4029,40.29,7497.409135103226,7497.413605451584,7497.4121153354645,7497.4095821380615,0.0,0.0,0.0,0.0
1,4030,40.300000000000004,7497.409135103226,7497.413754463196,7497.412264347076,7497.410178184509,0.0,0.00014901161193847656,0.00014901161193847656,0.0005960464477539062
1,4031,40.31,7497.409135103226,7497.413903474808,7497.4125623703,7497.4095821380615,0.0,0.00014901161193847656,0.0002980232238769531,-0.0005960464477539062
1,4032,40.32,7497.409135103226,7497.413903474808,7497.412264347076,7497.410178184509,0.0,0.0,-0.0002980232238769531,0.0005960464477539062
1,4033,40.33,7497.408837080002,7497.414201498032,7497.4125623703,7497.410178184509,-0.0002980232238769531,0.0002980232238769531,0.0002980232238769531,0.0
1,4034,40.34,7497.408837080002,7497.414201498032,7497.4125623703,7497.410476207733,0.0,0.0,0.0,0.0002980232238769531
1,4035,40.35,7497.408837080002,7497.414201498032,7497.412413358688,7497.410476207733,0.0,0.0,-0.00014901161193847656,0.0
1,4036,40.36,7497.409135103226,7497.414201498032,7497.412413358688,7497.410476207733,0.0002980232238769531,0.0,0.0,0.0
1,4037,40.37,7497.40943312645,7497.414201498032,7497.412264347076,7497.410774230957,0.0002980232238769531,0.0,-0.00014901161193847656,0.0002980232238769531
1,4038,40.38,7497.409135103226,7497.414201498032,7497.4119663238525,7497.411072254181,-0.0002980232238769531,0.0,-0.0002980232238769531,0.0002980232238769531
1,4039,40.39,7497.409135103226,7497.414350509644,7497.412264347076,7497.411072254181,0.0,0.00014901161193847656,0.0002980232238769531,0.0
1,4040,40.4,7497.408837080002,7497.4144995212555,7497.4121153354645,7497.411072254181,-0.0002980232238769531,0.00014901161193847656,-0.00014901161193847656,0.0
1,4041,40.410000000000004,7497.408837080002,7497.414648532867,7497.412264347076,7497.411072254181,0.0,0.00014901161193847656,0.00014901161193847656,0.0
1,4042,40.42,7497.408837080002,7497.414797544479,7497.412264347076,7497.411370277405,0.0,0.00014901161193847656,0.0,0.0002980232238769531
1,4043,40.43,7497.409135103226,7497.414797544479,7497.412264347076,7497.411370277405,0.0002980232238769531,0.0,0.0,0.0
1,4044,40.44,7497.408539056778,7497.415244579315,7497.4121153354645,7497.411668300629,-0.0005960464477539062,0.0004470348358154297,-0.00014901161193847656,0.0002980232238769531
1,4045,40.45,7497.408837080002,7497.415244579315,7497.412264347076,7497.411370277405,0.0002980232238769531,0.0,0.00014901161193847656,-0.0002980232238769531
1,4046,40.46,7497.409135103226,7497.415393590927,7497.412264347076,7497.411370277405,0.0002980232238769531,0.00014901161193847656,0.0,0.0
1,4047,40.47,7497.409135103226,7497.415244579315,7497.4121153354645,7497.4119663238525,0.0,-0.00014901161193847656,-0.00014901161193847656,0.0005960464477539062
1,4048,40.480000000000004,7497.409135103226,7497.415095567703,7497.4125623703,7497.4119663238525,0.0,-0.00014901161193847656,0.0004470348358154297,0.0
1,4049,40.49,7497.408837080002,7497.415095567703,7497.4125623703,7497.412264347076,-0.0002980232238769531,0.0,0.0,0.0002980232238769531
1,4050,40.5,7497.409135103226,7497.415095567703,7497.412413358688,7497.412264347076,0.0002980232238769531,0.0,-0.00014901161193847656,0.0
1,4051,40.51,7497.409135103226,7497.415393590927,7497.412264347076,7497.412264347076,0.0,0.0002980232238769531,-0.00014901161193847656,0.0
1,4052,40.52,7497.40943312645,7497.415095567703,7497.412264347076,7497.4125623703,0.0002980232238769531,-0.0002980232238769531,0.0,0.0002980232238769531
1,4053,40.53,7497.409135103226,7497.415393590927,7497.412413358688,7497.4125623703,-0.0002980232238769531,0.0002980232238769531,0.00014901161193847656,0.0
1,4054,40.54,7497.40943312645,7497.415393590927,7497.4125623703,7497.4125623703,0.0002980232238769531,0.0,0.00014901161193847656,0.0
1,4055,40.550000000000004,7497.40943312645,7497.415691614151,7497.4125623703,7497.4125623703,0.0,0.0002980232238769531,0.0,0.0
1,4056,40.56,7497.4097311496735,7497.415542602539,7497.412413358688,7497.412860393524,0.0002980232238769531,-0.00014901161193847656,-0.00014901161193847656,0.0002980232238769531
1,4057,40.57,7497.40943312645,7497.415691614151,7497.4125623703,7497.4125623703,-0.0002980232238769531,0.00014901161193847656,0.00014901161193847656,-0.0002980232238769531
1,4058,40.58,7497.4097311496735,7497.415691614151,7497.4125623703,7497.4125623703,0.0002980232238769531,0.0,0.0,0.0
1,4059,40.59,7497.4097311496735,7497.415393590927,7497.412413358688,7497.413158416748,0.0,-0.0002980232238769531,-0.00014901161193847656,0.0005960464477539062
1,4060,40.6,7497.4097311496735,7497.415542602539,7497.4125623703,7497.413158416748,0.0,0.00014901161193847656,0.00014901161193847656,0.0
1,4061,40.61,7497.4097311496735,7497.415691614151,7497.4125623703,7497.413158416748,0.0,0.00014901161193847656,0.0,0.0
1,4062,40.62,7497.410029172897,7497.415542602539,7497.412264347076,7497.413158416748,0.0002980232238769531,-0.00014901161193847656,-0.0002980232238769531,0.0
1,4063,40.63,7497.4097311496735,7497.415393590927,7497.412264347076,7497.413754463196,-0.0002980232238769531,-0.00014901161193847656,0.0,0.0005960464477539062
1,4064,40.64,7497.4097311496735,7497.415542602539,7497.412264347076,7497.413754463196,0.0,0.00014901161193847656,0.0,0.0
1,4065,40.65,7497.4097311496735,7497.415691614151,7497.4121153354645,7497.413754463196,0.0,0.00014901161193847656,-0.00014901161193847656,0.0
1,4066,40.660000000000004,7497.4097311496735,7497.415691614151,7497.4121153354645,7497.413754463196,0.0,0.0,0.0,0.0
1,4067,40.67,7497.4097311496735,7497.415989637375,7497.412264347076,7497.413754463196,0.0,0.0002980232238769531,0.00014901161193847656,0.0
1,4068,40.68,7497.410029172897,7497.415989637375,7497.412264347076,7497.413754463196,0.0002980232238769531,0.0,0.0,0.0
1,4069,40.69,7497.410327196121,7497.415989637375,7497.412264347076,7497.413754463196,0.0002980232238769531,0.0,0.0,0.0
1,4070,40.7,7497.410327196121,7497.415989637375,7497.4121153354645,7497.413754463196,0.0,0.0,-0.00014901161193847656,0.0
1,4071,40.71,7497.410923242569,7497.416138648987,7497.4119663238525,7497.413754463196,0.0005960464477539062,0.00014901161193847656,-0.00014901161193847656,0.0
1,4072,40.72,7497.410923242569,7497.415989637375,7497.411817312241,7497.413754463196,0.0,-0.00014901161193847656,-0.00014901161193847656,0.0
1,4073,40.730000000000004,7497.410923242569,7497.415691614151,7497.4119663238525,7497.414350509644,0.0,-0.0002980232238769531,0.00014901161193847656,0.0005960464477539062
1,4074,40.74,7497.410923242569,7497.415989637375,7497.4119663238525,7497.414350509644,0.0,0.0002980232238769531,0.0,0.0
1,4075,40.75,7497.410923242569,7497.415691614151,7497.4119663238525,7497.41405248642,0.0,-0.0002980232238769531,0.0,-0.0002980232238769531
1,4076,40.76,7497.411221265793,7497.415691614151,7497.4119663238525,7497.414350509644,0.0002980232238769531,0.0,0.0,0.0002980232238769531
1,4077,40.77,7497.411519289017,7497.415691614151,7497.4119663238525,7497.414350509644,0.0002980232238769531,0.0,0.0,0.0
1,4078,40.78,7497.411519289017,7497.415393590927,7497.411668300629,7497.414350509644,0.0,-0.0002980232238769531,-0.0002980232238769531,0.0
1,4079,40.79,7497.411817312241,7497.415542602539,7497.411668300629,7497.414350509644,0.0002980232238769531,0.00014901161193847656,0.0,0.0
1,4080,40.800000000000004,7497.4121153354645,7497.415095567703,7497.411668300629,7497.414350509644,0.0002980232238769531,-0.0004470348358154297,0.0,0.0
1,4081,40.81,7497.411519289017,7497.4144995212555,7497.4119663238525,7497.414648532867,-0.0005960464477539062,-0.0005960464477539062,0.0002980232238769531,0.0002980232238769531
1,4082,40.82,7497.411817312241,7497.414648532867,7497.411668300629,7497.414350509644,0.0002980232238769531,0.00014901161193847656,-0.0002980232238769531,-0.0002980232238769531
1,4083,40.83,7497.411817312241,7497.414797544479,7497.411668300629,7497.414648532867,0.0,0.00014901161193847656,0.0,0.0002980232238769531
1,4084,40.84,7497.411817312241,7497.414797544479,7497.411519289017,7497.414648532867,0.0,0.0,-0.00014901161193847656,0.0
1,4085,40.85,7497.4121153354645,7497.4144995212555,7497.411668300629,7497.414648532867,0.0002980232238769531,-0.0002980232238769531,0.00014901161193847656,0.0
1,4086,40.86,7497.4121153354645,7497.4144995212555,7497.411668300629,7497.414648532867,0.0,0.0,0.0,0.0
1,4087,40.87,7497.412413358688,7497.414350509644,7497.411668300629,7497.414648532867,0.0002980232238769531,-0.00014901161193847656,0.0,0.0
1,4088,40.88,7497.412711381912,7497.414201498032,7497.411668300629,7497.414648532867,0.0002980232238769531,-0.00014901161193847656,0.0,0.0
1,4089,40.89,7497.412711381912,7497.414201498032,7497.411817312241,7497.414350509644,0.0,0.0,0.00014901161193847656,-0.0002980232238769531
1,4090,40.9,7497.412711381912,7497.413605451584,7497.411817312241,7497.414946556091,0.0,-0.0005960464477539062,0.0,0.0005960464477539062
1,4091,40.910000000000004,7497.412711381912,7497.413605451584,7497.411668300629,7497.414648532867,0.0,0.0,-0.00014901161193847656,-0.0002980232238769531
1,4092,40.92,7497.412711381912,7497.413754463196,7497.4119663238525,7497.414946556091,0.0,0.00014901161193847656,0.0002980232238769531,0.0002980232238769531
1,4093,40.93,7497.412711381912,7497.413158416748,7497.4119663238525,7497.414946556091,0.0,-0.0005960464477539062,0.0,0.0
1,4094,40.94,7497.412711381912,7497.41330742836,7497.4119663238525,7497.414946556091,0.0,0.00014901161193847656,0.0,0.0
1,4095,40.95,7497.413009405136,7497.413009405136,7497.411817312241,7497.414946556091,0.0002980232238769531,-0.0002980232238769531,-0.00014901161193847656,0.0
1,4096,40.96,7497.41330742836,7497.413009405136,7497.411817312241,7497.414946556091,0.0002980232238769531,0.0,0.0,0.0
1,4097,40.97,7497.413009405136,7497.413009405136,7497.411817312241,7497.414946556091,-0.0002980232238769531,0.0,0.0,0.0
1,4098,40.980000000000004,7497.413009405136,7497.412860393524,7497.4119663238525,7497.414946556091,0.0,-0.00014901161193847656,0.00014901161193847656,0.0
1,4099,40.99,7497.41330742836,7497.412860393524,7497.4121153354645,7497.414946556091,0.0002980232238769531,0.0,0.00014901161193847656,0.0
1,4100,41.0,7497.41330742836,7497.412711381912,7497.411668300629,7497.414946556091,0.0,-0.00014901161193847656,-0.0004470348358154297,0.0
1,4101,41.01,7497.41330742836,7497.412711381912,7497.411668300629,7497.414946556091,0.0,0.0,0.0,0.0
1,4102,41.02,7497.41330742836,7497.4125623703,7497.411519289017,7497.414648532867,0.0,-0.00014901161193847656,-0.00014901161193847656,-0.0002980232238769531
1,4103,41.03,7497.41330742836,7497.412413358688,7497.411668300629,7497.414648532867,0.0,-0.00014901161193847656,0.00014901161193847656,0.0
1,4104,41.04,7497.41330742836,7497.412413358688,7497.411668300629,7497.414350509644,0.0,0.0,0.0,-0.0002980232238769531
1,4105,41.050000000000004,7497.41330742836,7497.412413358688,7497.4119663238525,7497.414350509644,0.0,0.0,0.0002980232238769531,0.0
1,4106,41.06,7497.413605451584,7497.412413358688,7497.411668300629,7497.413754463196,0.0002980232238769531,0.0,-0.0002980232238769531,-0.0005960464477539062
1,4107,41.07,7497.413903474808,7497.412264347076,7497.411668300629,7497.413754463196,0.0002980232238769531,-0.00014901161193847656,0.0,0.0
1,4108,41.08,7497.413605451584,7497.412413358688,7497.411668300629,7497.413754463196,-0.0002980232238769531,0.00014901161193847656,0.0,0.0
1,4109,41.09,7497.414201498032,7497.412413358688,7497.411072254181,7497.413754463196,0.0005960464477539062,0.0,-0.0005960464477539062,0.0
1,4110,41.1,7497.414201498032,7497.4121153354645,7497.411072254181,7497.413456439972,0.0,-0.0002980232238769531,0.0,-0.0002980232238769531
1,4111,41.11,7497.413903474808,7497.4121153354645,7497.411221265793,7497.413456439972,-0.0002980232238769531,0.0,0.00014901161193847656,0.0
1,4112,41.12,7497.413903474808,7497.411519289017,7497.411221265793,7497.413754463196,0.0,-0.0005960464477539062,0.0,0.0002980232238769531
1,4113,41.13,7497.413903474808,7497.411519289017,7497.411370277405,7497.41405248642,0.0,0.0,0.00014901161193847656,0.0002980232238769531
1,4114,41.14,7497.414201498032,7497.411370277405,7497.410923242569,7497.413754463196,0.0002980232238769531,-0.00014901161193847656,-0.0004470348358154297,-0.0002980232238769531
1,4115,41.15,7497.413903474808,7497.411519289017,7497.411072254181,7497.413754463196,-0.0002980232238769531,0.00014901161193847656,0.00014901161193847656,0.0
1,4116,41.160000000000004,7497.413903474808,7497.411519289017,7497.411072254181,7497.413754463196,0.0,0.0,0.0,0.0
1,4117,41.17,7497.414201498032,7497.411519289017,7497.411072254181,7497.413456439972,0.0002980232238769531,0.0,0.0,-0.0002980232238769531
1,4118,41.18,7497.4144995212555,7497.411221265793,7497.411370277405,7497.413158416748,0.0002980232238769531,-0.0002980232238769531,0.0002980232238769531,-0.0002980232238769531
1,4119,41.19,7497.414201498032,7497.410923242569,7497.411519289017,7497.413158416748,-0.0002980232238769531,-0.0002980232238769531,0.00014901161193847656,0.0
1,4120,41.2,7497.414201498032,7497.410774230957,7497.411519289017,7497.413158416748,0.0,-0.00014901161193847656,0.0,0.0
1,4121,41.21,7497.414201498032,7497.410476207733,7497.411370277405,7497.413456439972,0.0,-0.0002980232238769531,-0.00014901161193847656,0.0002980232238769531
1,4122,41.22,7497.413903474808,7497.410327196121,7497.411519289017,7497.413456439972,-0.0002980232238769531,-0.00014901161193847656,0.00014901161193847656,0.0
1,4123,41.230000000000004,7497.4144995212555,7497.410327196121,7497.411519289017,7497.413456439972,0.0005960464477539062,0.0,0.0,0.0
1,4124,41.24,7497.413903474808,7497.410178184509,7497.411370277405,7497.413158416748,-0.0005960464477539062,-0.00014901161193847656,-0.00014901161193847656,-0.0002980232238769531
1,4125,41.25,7497.413903474808,7497.410625219345,7497.4119663238525,7497.412860393524,0.0,0.0004470348358154297,0.0005960464477539062,-0.0002980232238769531
1,4126,41.26,7497.413605451584,7497.410029172897,7497.411668300629,7497.412860393524,-0.0002980232238769531,-0.0005960464477539062,-0.0002980232238769531,0.0
1,4127,41.27,7497.413605451584,7497.410029172897,7497.411668300629,7497.412860393524,0.0,0.0,0.0,0.0
1,4128,41.28,7497.41330742836,7497.410029172897,7497.411817312241,7497.412860393524,-0.0002980232238769531,0.0,0.00014901161193847656,0.0
1,4129,41.29,7497.41330742836,7497.4097311496735,7497.411668300629,7497.413158416748,0.0,-0.0002980232238769531,-0.00014901161193847656,0.0002980232238769531
1,4130,41.300000000000004,7497.41330742836,7497.4095821380615,7497.411668300629,7497.413158416748,0.0,-0.00014901161193847656,0.0,0.0
1,4131,41.31,7497.41330742836,7497.40943312645,7497.411817312241,7497.412860393524,0.0,-0.00014901161193847656,0.00014901161193847656,-0.0002980232238769531
1,4132,41.32,7497.41330742836,7497.409135103226,7497.411668300629,7497.413158416748,0.0,-0.0002980232238769531,-0.00014901161193847656,0.0002980232238769531
1,4133,41.33,7497.41330742836,7497.408986091614,7497.411668300629,7497.413158416748,0.0,-0.00014901161193847656,0.0,0.0
1,4134,41.34,7497.413605451584,7497.408986091614,7497.411817312241,7497.4125623703,0.0002980232238769531,0.0,0.00014901161193847656,-0.0005960464477539062
1,4135,41.35,7497.41330742836,7497.408986091614,7497.411668300629,7497.4125623703,-0.0002980232238769531,0.0,-0.00014901161193847656,0.0
1,4136,41.36,7497.41330742836,7497.408986091614,7497.411668300629,7497.4125623703,0.0,0.0,0.0,0.0
1,4137,41.37,7497.41330742836,7497.408986091614,7497.411817312241,7497.4125623703,0.0,0.0,0.00014901161193847656,0.0
1,4138,41.38,7497.413605451584,7497.409284114838,7497.411370277405,7497.412264347076,0.0002980232238769531,0.0002980232238769531,-0.0004470348358154297,-0.0002980232238769531
1,4139,41.39,7497.41330742836,7497.409135103226,7497.411519289017,7497.4119663238525,-0.0002980232238769531,-0.00014901161193847656,0.00014901161193847656,-0.0002980232238769531
1,4140,41.4,7497.41330742836,7497.409135103226,7497.411668300629,7497.4119663238525,0.0,0.0,0.00014901161193847656,0.0
1,4141,41.410000000000004,7497.413605451584,7497.409135103226,7497.411519289017,7497.4119663238525,0.0002980232238769531,0.0,-0.00014901161193847656,0.0
1,4142,41.42,7497.413605451584,7497.409135103226,7497.411370277405,7497.4119663238525,0.0,0.0,-0.00014901161193847656,0.0
1,4143,41.43,7497.41330742836,7497.408986091614,7497.411370277405,7497.4119663238525,-0.0002980232238769531,-0.00014901161193847656,0.0,0.0
1,4144,41.44,7497.41330742836,7497.408986091614,7497.411519289017,7497.4119663238525,0.0,0.0,0.00014901161193847656,0.0
1,4145,41.45,7497.41330742836,7497.408837080002,7497.411519289017,7497.4119663238525,0.0,-0.00014901161193847656,0.0,0.0
1,4146,41.46,7497.413605451584,7497.408390045166,7497.411370277405,7497.4119663238525,0.0002980232238769531,-0.0004470348358154297,-0.00014901161193847656,0.0
1,4147,41.47,7497.41330742836,7497.409135103226,7497.411370277405,7497.4119663238525,-0.0002980232238769531,0.0007450580596923828,0.0,0.0
1,4148,41.480000000000004,7497.41330742836,7497.409135103226,7497.411370277405,7497.411370277405,0.0,0.0,0.0,-0.0005960464477539062
1,4149,41.49,7497.41330742836,7497.408986091614,7497.411370277405,7497.411668300629,0.0,-0.00014901161193847656,0.0,0.0002980232238769531
1,4150,41.5,7497.41330742836,7497.408986091614,7497.411370277405,7497.4119663238525,0.0,0.0,0.0,0.0002980232238769531
1,4151,41.51,7497.41330742836,7497.40868806839,7497.411370277405,7497.411370277405,0.0,-0.0002980232238769531,0.0,-0.0005960464477539062
1,4152,41.52,7497.412711381912,7497.408837080002,7497.411519289017,7497.411370277405,-0.0005960464477539062,0.00014901161193847656,0.00014901161193847656,0.0
1,4153,41.53,7497.412711381912,7497.408986091614,7497.411519289017,7497.411370277405,0.0,0.00014901161193847656,0.0,0.0
1,4154,41.54,7497.413009405136,7497.408837080002,7497.411370277405,7497.411072254181,0.0002980232238769531,-0.00014901161193847656,-0.00014901161193847656,-0.0002980232238769531
1,4155,41.550000000000004,7497.413009405136,7497.408837080002,7497.411221265793,7497.411370277405,0.0,0.0,-0.00014901161193847656,0.0002980232238769531
1,4156,41.56,7497.412711381912,7497.408837080002,7497.411668300629,7497.411072254181,-0.0002980232238769531,0.0,0.0004470348358154297,-0.0002980232238769531
1,4157,41.57,7497.412711381912,7497.408539056778,7497.411668300629,7497.411370277405,0.0,-0.0002980232238769531,0.0,0.0002980232238769531
1,4158,41.58,7497.412413358688,7497.40868806839,7497.411817312241,7497.411072254181,-0.0002980232238769531,0.00014901161193847656,0.00014901161193847656,-0.0002980232238769531
1,4159,41.59,7497.412413358688,7497.408539056778,7497.4119663238525,7497.411370277405,0.0,-0.00014901161193847656,0.00014901161193847656,0.0002980232238769531
1,4160,41.6,7497.4121153354645,7497.40868806839,7497.411668300629,7497.411072254181,-0.0002980232238769531,0.00014901161193847656,-0.0002980232238769531,-0.0002980232238769531
1,4161,41.61,7497.4121153354645,7497.409284114838,7497.411817312241,7497.410774230957,0.0,0.0005960464477539062,0.00014901161193847656,-0.0002980232238769531
1,4162,41.62,7497.4121153354645,7497.409135103226,7497.411519289017,7497.410774230957,0.0,-0.00014901161193847656,-0.0002980232238769531,0.0
1,4163,41.63,7497.4121153354645,7497.409135103226,7497.411668300629,7497.410774230957,0.0,0.0,0.00014901161193847656,0.0
1,4164,41.64,7497.4121153354645,7497.409135103226,7497.411519289017,7497.410774230957,0.0,0.0,-0.00014901161193847656,0.0
1,4165,41.65,7497.4121153354645,7497.409135103226,7497.411370277405,7497.410774230957,0.0,0.0,-0.00014901161193847656,0.0
1,4166,41.660000000000004,7497.4121153354645,7497.409284114838,7497.411817312241,7497.410476207733,0.0,0.00014901161193847656,0.0004470348358154297,-0.0002980232238769531
1,4167,41.67,7497.4121153354645,7497.409135103226,7497.411519289017,7497.410476207733,0.0,-0.00014901161193847656,-0.0002980232238769531,0.0
1,4168,41.68,7497.4121153354645,7497.409135103226,7497.411370277405,7497.410774230957,0.0,0.0,-0.00014901161193847656,0.0002980232238769531
1,4169,41.69,7497.4121153354645,7497.4095821380615,7497.411072254181,7497.410178184509,0.0,0.0004470348358154297,-0.0002980232238769531,-0.0005960464477539062
1,4170,41.7,7497.412413358688,7497.40943312645,7497.411370277405,7497.410178184509,0.0002980232238769531,-0.00014901161193847656,0.0002980232238769531,0.0
1,4171,41.71,7497.4121153354645,7497.4095821380615,7497.411370277405,7497.410178184509,-0.0002980232238769531,0.00014901161193847656,0.0,0.0
1,4172,41.72,7497.4121153354645,7497.4097311496735,7497.411072254181,7497.410178184509,0.0,0.00014901161193847656,-0.0002980232238769531,0.0
1,4173,41.730000000000004,7497.4121153354645,7497.40943312645,7497.411370277405,7497.410178184509,0.0,-0.0002980232238769531,0.0002980232238769531,0.0
1,4174,41.74,7497.4121153354645,7497.40943312645,7497.411221265793,7497.409880161285,0.0,0.0,-0.00014901161193847656,-0.0002980232238769531
1,4175,41.75,7497.411817312241,7497.409880161285,7497.411370277405,7497.4095821380615,-0.0002980232238769531,0.0004470348358154297,0.00014901161193847656,-0.0002980232238769531
1,4176,41.76,7497.4121153354645,7497.409880161285,7497.411370277405,7497.4095821380615,0.0002980232238769531,0.0,0.0,0.0
1,4177,41.77,7497.411817312241,7497.409880161285,7497.411370277405,7497.4095821380615,-0.0002980232238769531,0.0,0.0,0.0
1,4178,41.78,7497.4121153354645,7497.410029172897,7497.411370277405,7497.409880161285,0.0002980232238769531,0.00014901161193847656,0.0,0.0002980232238769531
1,4179,41.79,7497.411817312241,7497.410029172897,7497.411370277405,7497.4095821380615,-0.0002980232238769531,0.0,0.0,-0.0002980232238769531
1,4180,41.800000000000004,7497.411519289017,7497.410327196121,7497.411668300629,7497.4095821380615,-0.0002980232238769531,0.0002980232238769531,0.0002980232238769531,0.0
1,4181,41.81,7497.4121153354645,7497.410178184509,7497.411668300629,7497.4095821380615,0.0005960464477539062,-0.00014901161193847656,0.0,0.0
1,4182,41.82,7497.4121153354645,7497.410029172897,7497.411668300629,7497.4095821380615,0.0,-0.00014901161193847656,0.0,0.0
1,4183,41.83,7497.4121153354645,7497.410029172897,7497.411668300629,7497.409880161285,0.0,0.0,0.0,0.0002980232238769531
1,4184,41.84,7497.411519289017,7497.410178184509,7497.4119663238525,7497.4095821380615,-0.0005960464477539062,0.00014901161193847656,0.0002980232238769531,-0.0002980232238769531
1,4185,41.85,7497.411519289017,7497.410327196121,7497.4119663238525,7497.409284114838,0.0,0.00014901161193847656,0.0,-0.0002980232238769531
1,4186,41.86,7497.411519289017,7497.410178184509,7497.411817312241,7497.4095821380615,0.0,-0.00014901161193847656,-0.00014901161193847656,0.0002980232238769531
1,4187,41.87,7497.411519289017,7497.410178184509,7497.4119663238525,7497.409880161285,0.0,0.0,0.00014901161193847656,0.0002980232238769531
1,4188,41.88,7497.411519289017,7497.410178184509,7497.4119663238525,7497.4095821380615,0.0,0.0,0.0,-0.0002980232238769531
1,4189,41.89,7497.411221265793,7497.410774230957,7497.412413358688,7497.4095821380615,-0.0002980232238769531,0.0005960464477539062,0.0004470348358154297,0.0
1,4190,41.9,7497.411519289017,7497.410774230957,7497.4119663238525,7497.4095821380615,0.0002980232238769531,0.0,-0.0004470348358154297,0.0
1,4191,41.910000000000004,7497.411221265793,7497.410923242569,7497.412413358688,7497.4095821380615,-0.0002980232238769531,0.00014901161193847656,0.0004470348358154297,0.0
1,4192,41.92,7497.411221265793,7497.410774230957,7497.412264347076,7497.4095821380615,0.0,-0.00014901161193847656,-0.00014901161193847656,0.0
1,4193,41.93,7497.411221265793,7497.410774230957,7497.4119663238525,7497.4095821380615,0.0,0.0,-0.0002980232238769531,0.0
1,4194,41.94,7497.411221265793,7497.410923242569,7497.412264347076,7497.4095821380615,0.0,0.00014901161193847656,0.0002980232238769531,0.0
1,4195,41.95,7497.411519289017,7497.410774230957,7497.4119663238525,7497.410178184509,0.0002980232238769531,-0.00014901161193847656,-0.0002980232238769531,0.0005960464477539062
1,4196,41.96,7497.411519289017,7497.410774230957,7497.412264347076,7497.410178184509,0.0,0.0,0.0002980232238769531,0.0
1,4197,41.97,7497.411221265793,7497.410923242569,7497.412264347076,7497.410178184509,-0.0002980232238769531,0.00014901161193847656,0.0,0.0
1,4198,41.980000000000004,7497.411221265793,7497.410923242569,7497.4119663238525,7497.4095821380615,0.0,0.0,-0.0002980232238769531,-0.0005960464477539062
1,4199,41.99,7497.411221265793,7497.411221265793,7497.4121153354645,7497.409880161285,0.0,0.0002980232238769531,0.00014901161193847656,0.0002980232238769531
1,4200,42.0,7497.411221265793,7497.410923242569,7497.4121153354645,7497.409880161285,0.0,-0.0002980232238769531,0.0,0.0
1,4201,42.01,7497.411221265793,7497.410923242569,7497.4121153354645,7497.4095821380615,0.0,0.0,0.0,-0.0002980232238769531
1,4202,42.02,7497.410923242569,7497.411519289017,7497.4119663238525,7497.4095821380615,-0.0002980232238769531,0.0005960464477539062,-0.00014901161193847656,0.0
1,4203,42.03,7497.410923242569,7497.411221265793,7497.412264347076,7497.410178184509,0.0,-0.0002980232238769531,0.0002980232238769531,0.0005960464477539062
1,4204,42.04,7497.410923242569,7497.411519289017,7497.412264347076,7497.409880161285,0.0,0.0002980232238769531,0.0,-0.0002980232238769531
1,4205,42.050000000000004,7497.411221265793,7497.411519289017,7497.412264347076,7497.409880161285,0.0002980232238769531,0.0,0.0,0.0
1,4206,42.06,7497.410923242569,7497.411817312241,7497.412264347076,7497.410178184509,-0.0002980232238769531,0.0002980232238769531,0.0,0.0002980232238769531
1,4207,42.07,7497.410923242569,7497.411817312241,7497.4119663238525,7497.410178184509,0.0,0.0,-0.0002980232238769531,0.0
1,4208,42.08,7497.410923242569,7497.412264347076,7497.412413358688,7497.410178184509,0.0,0.0004470348358154297,0.0004470348358154297,0.0
1,4209,42.09,7497.410923242569,7497.4121153354645,7497.412264347076,7497.410178184509,0.0,-0.00014901161193847656,-0.00014901161193847656,0.0
1,4210,42.1,7497.410625219345,7497.412264347076,7497.412413358688,7497.410178184509,-0.0002980232238769531,0.00014901161193847656,0.00014901161193847656,0.0
1,4211,42.11,7497.410923242569,7497.412413358688,7497.4119663238525,7497.409880161285,0.0002980232238769531,0.00014901161193847656,-0.0004470348358154297,-0.0002980232238769531
1,4212,42.12,7497.410923242569,7497.412413358688,7497.4119663238525,7497.409880161285,0.0,0.0,0.0,0.0
1,4213,42.13,7497.410923242569,7497.412413358688,7497.4121153354645,7497.409880161285,0.0,0.0,0.00014901161193847656,0.0
1,4214,42.14,7497.410625219345,7497.412413358688,7497.412413358688,7497.410476207733,-0.0002980232238769531,0.0,0.0002980232238769531,0.0005960464477539062
1,4215,42.15,7497.410923242569,7497.412413358688,7497.4125623703,7497.410476207733,0.0002980232238769531,0.0,0.00014901161193847656,0.0
1,4216,42.160000000000004,7497.410923242569,7497.412413358688,7497.412264347076,7497.410178184509,0.0,0.0,-0.0002980232238769531,-0.0002980232238769531
1,4217,42.17,7497.410923242569,7497.412711381912,7497.412264347076,7497.410476207733,0.0,0.0002980232238769531,0.0,0.0002980232238769531
1,4218,42.18,7497.410923242569,7497.412860393524,7497.412264347076,7497.410178184509,0.0,0.00014901161193847656,0.0,-0.0002980232238769531
1,4219,42.19,7497.410923242569,7497.412711381912,7497.412264347076,7497.410476207733,0.0,-0.00014901161193847656,0.0,0.0002980232238769531
1,4220,42.2,7497.410923242569,7497.412711381912,7497.412413358688,7497.410476207733,0.0,0.0,0.00014901161193847656,0.0
1,4221,42.21,7497.410923242569,7497.413158416748,7497.412413358688,7497.410476207733,0.0,0.0004470348358154297,0.0,0.0
1,4222,42.22,7497.410923242569,7497.413158416748,7497.412264347076,7497.410476207733,0.0,0.0,-0.00014901161193847656,0.0
1,4223,42.230000000000004,7497.410923242569,7497.413009405136,7497.412264347076,7497.410774230957,0.0,-0.00014901161193847656,0.0,0.0002980232238769531
1,4224,42.24,7497.410923242569,7497.413456439972,7497.412264347076,7497.410476207733,0.0,0.0004470348358154297,0.0,-0.0002980232238769531
1,4225,42.25,7497.410923242569,7497.413456439972,7497.4121153354645,7497.410774230957,0.0,0.0,-0.00014901161193847656,0.0002980232238769531
1,4226,42.26,7497.410923242569,7497.413456439972,7497.4119663238525,7497.410476207733,0.0,0.0,-0.00014901161193847656,-0.0002980232238769531
1,4227,42.27,7497.410923242569,7497.413456439972,7497.412264347076,7497.410476207733,0.0,0.0,0.0002980232238769531,0.0
1,4228,42.28,7497.410923242569,7497.41330742836,7497.412264347076,7497.410774230957,0.0,-0.00014901161193847656,0.0,0.0002980232238769531
1,4229,42.29,7497.410923242569,7497.413158416748,7497.412413358688,7497.410774230957,0.0,-0.00014901161193847656,0.00014901161193847656,0.0
1,4230,42.300000000000004,7497.410923242569,7497.413158416748,7497.412264347076,7497.410774230957,0.0,0.0,-0.00014901161193847656,0.0
1,4231,42.31,7497.410923242569,7497.413456439972,7497.412264347076,7497.410774230957,0.0,0.0002980232238769531,0.0,0.0
1,4232,42.32,7497.410923242569,7497.413456439972,7497.412264347076,7497.411072254181,0.0,0.0,0.0,0.0002980232238769531
1,4233,42.33,7497.410923242569,7497.41330742836,7497.412860393524,7497.411668300629,0.0,-0.00014901161193847656,0.0005960464477539062,0.0005960464477539062
1,4234,42.34,7497.410625219345,7497.413605451584,7497.412711381912,7497.411668300629,-0.0002980232238769531,0.0002980232238769531,-0.00014901161193847656,0.0
1,4235,42.35,7497.410625219345,7497.413605451584,7497.4125623703,7497.411668300629,0.0,0.0,-0.00014901161193847656,0.0
1,4236,42.36,7497.410327196121,7497.413456439972,7497.412860393524,7497.4119663238525,-0.0002980232238769531,-0.00014901161193847656,0.0002980232238769531,0.0002980232238769531
1,4237,42.37,7497.410327196121,7497.413754463196,7497.4125623703,7497.411668300629,0.0,0.0002980232238769531,-0.0002980232238769531,-0.0002980232238769531
1,4238,42.38,7497.410327196121,7497.413754463196,7497.412860393524,7497.4119663238525,0.0,0.0,0.0002980232238769531,0.0002980232238769531
1,4239,42.39,7497.410327196121,7497.414201498032,7497.412711381912,7497.411668300629,0.0,0.0004470348358154297,-0.00014901161193847656,-0.0002980232238769531
1,4240,42.4,7497.410327196121,7497.413754463196,7497.4125623703,7497.4119663238525,0.0,-0.0004470348358154297,-0.00014901161193847656,0.0002980232238769531
1,4241,42.410000000000004,7497.410625219345,7497.41405248642,7497.412264347076,7497.411668300629,0.0002980232238769531,0.0002980232238769531,-0.0002980232238769531,-0.0002980232238769531
1,4242,42.42,7497.410625219345,7497.41405248642,7497.412264347076,7497.411668300629,0.0,0.0,0.0,0.0
1,4243,42.43,7497.410327196121,7497.413903474808,7497.412711381912,7497.4119663238525,-0.0002980232238769531,-0.00014901161193847656,0.0004470348358154297,0.0002980232238769531
1,4244,42.44,7497.410327196121,7497.413903474808,7497.4125623703,7497.412264347076,0.0,0.0,-0.00014901161193847656,0.0002980232238769531
1,4245,42.45,7497.410327196121,7497.41405248642,7497.412264347076,7497.412264347076,0.0,0.00014901161193847656,-0.0002980232238769531,0.0
1,4246,42.46,7497.410327196121,7497.413903474808,7497.412264347076,7497.412264347076,0.0,-0.00014901161193847656,0.0,0.0
1,4247,42.47,7497.410923242569,7497.413754463196,7497.412264347076,7497.4119663238525,0.0005960464477539062,-0.00014901161193847656,0.0,-0.0002980232238769531
1,4248,42.480000000000004,7497.410327196121,7497.413754463196,7497.412413358688,7497.412264347076,-0.0005960464477539062,0.0,0.00014901161193847656,0.0002980232238769531
1,4249,42.49,7497.411221265793,7497.413754463196,7497.411668300629,7497.4119663238525,0.0008940696716308594,0.0,-0.0007450580596923828,-0.0002980232238769531
1,4250,42.5,7497.410923242569,7497.414201498032,7497.411668300629,7497.412264347076,-0.0002980232238769531,0.0004470348358154297,0.0,0.0002980232238769531
1,4251,42.51,7497.411221265793,7497.414201498032,7497.411668300629,7497.4119663238525,0.0002980232238769531,0.0,0.0,-0.0002980232238769531
1,4252,42.52,7497.411221265793,7497.414648532867,7497.411668300629,7497.4119663238525,0.0,0.0004470348358154297,0.0,0.0
1,4253,42.53,7497.411221265793,7497.414648532867,7497.411668300629,7497.411668300629,0.0,0.0,0.0,-0.0002980232238769531
1,4254,42.54,7497.411221265793,7497.414201498032,7497.411072254181,7497.4119663238525,0.0,-0.0004470348358154297,-0.0005960464477539062,0.0002980232238769531
1,4255,42.550000000000004,7497.411221265793,7497.414201498032,7497.411668300629,7497.4119663238525,0.0,0.0,0.0005960464477539062,0.0
1,4256,42.56,7497.411221265793,7497.414201498032,7497.411668300629,7497.4119663238525,0.0,0.0,0.0,0.0
1,4257,42.57,7497.411519289017,7497.414350509644,7497.411668300629,7497.4119663238525,0.0002980232238769531,0.00014901161193847656,0.0,0.0
1,4258,42.58,7497.411221265793,7497.413903474808,7497.411668300629,7497.4125623703,-0.0002980232238769531,-0.0004470348358154297,0.0,0.0005960464477539062
1,4259,42.59,7497.411519289017,7497.413903474808,7497.411668300629,7497.412264347076,0.0002980232238769531,0.0,0.0,-0.0002980232238769531
1,4260,42.6,7497.411519289017,7497.41405248642,7497.411668300629,7497.4125623703,0.0,0.00014901161193847656,0.0,0.0002980232238769531
1,4261,42.61,7497.411519289017,7497.414201498032,7497.411668300629,7497.412264347076,0.0,0.00014901161193847656,0.0,-0.0002980232238769531
1,4262,42.62,7497.411519289017,7497.413903474808,7497.411817312241,7497.4119663238525,0.0,-0.0002980232238769531,0.00014901161193847656,-0.0002980232238769531
1,4263,42.63,7497.411519289017,7497.413605451584,7497.411668300629,7497.4125623703,0.0,-0.0002980232238769531,-0.00014901161193847656,0.0005960464477539062
1,4264,42.64,7497.411817312241,7497.41405248642,7497.411668300629,7497.412264347076,0.0002980232238769531,0.0004470348358154297,0.0,-0.0002980232238769531
1,4265,42.65,7497.4121153354645,7497.414201498032,7497.411370277405,7497.4119663238525,0.0002980232238769531,0.00014901161193847656,-0.0002980232238769531,-0.0002980232238769531
1,4266,42.660000000000004,7497.4121153354645,7497.414201498032,7497.411668300629,7497.4125623703,0.0,0.0,0.0002980232238769531,0.0005960464477539062
1,4267,42.67,7497.411817312241,7497.41405248642,7497.411817312241,7497.4125623703,-0.0002980232238769531,-0.00014901161193847656,0.00014901161193847656,0.0
1,4268,42.68,7497.4121153354645,7497.413903474808,7497.411668300629,7497.4125623703,0.0002980232238769531,-0.00014901161193847656,-0.00014901161193847656,0.0
1,4269,42.69,7497.4121153354645,7497.413903474808,7497.411519289017,7497.4125623703,0.0,0.0,-0.00014901161193847656,0.0
1,4270,42.7,7497.411817312241,7497.413605451584,7497.4119663238525,7497.4125623703,-0.0002980232238769531,-0.0002980232238769531,0.0004470348358154297,0.0
1,4271,42.71,7497.411817312241,7497.41330742836,7497.411668300629,7497.413158416748,0.0,-0.0002980232238769531,-0.0002980232238769531,0.0005960464477539062
1,4272,42.72,7497.411817312241,7497.41330742836,7497.411668300629,7497.413158416748,0.0,0.0,0.0,0.0
1,4273,42.730000000000004,7497.4121153354645,7497.413009405136,7497.411370277405,7497.413158416748,0.0002980232238769531,-0.0002980232238769531,-0.0002980232238769531,0.0
1,4274,42.74,7497.4121153354645,7497.413009405136,7497.411668300629,7497.413158416748,0.0,0.0,0.0002980232238769531,0.0
1,4275,42.75,7497.4121153354645,7497.413009405136,7497.411668300629,7497.413158416748,0.0,0.0,0.0,0.0
1,4276,42.76,7497.4121153354645,7497.412711381912,7497.411370277405,7497.413158416748,0.0,-0.0002980232238769531,-0.0002980232238769531,0.0
1,4277,42.77,7497.4121153354645,7497.412711381912,7497.4119663238525,7497.413456439972,0.0,0.0,0.0005960464477539062,0.0002980232238769531
1,4278,42.78,7497.4121153354645,7497.412711381912,7497.4119663238525,7497.413158416748,0.0,0.0,0.0,-0.0002980232238769531
1,4279,42.79,7497.4121153354645,7497.412711381912,7497.4119663238525,7497.413754463196,0.0,0.0,0.0,0.0005960464477539062
1,4280,42.800000000000004,7497.4121153354645,7497.412711381912,7497.4119663238525,7497.413456439972,0.0,0.0,0.0,-0.0002980232238769531
1,4281,42.81,7497.4121153354645,7497.412711381912,7497.4121153354645,7497.413754463196,0.0,0.0,0.00014901161193847656,0.0002980232238769531
1,4282,42.82,7497.4121153354645,7497.412711381912,7497.4119663238525,7497.413158416748,0.0,0.0,-0.00014901161193847656,-0.0005960464477539062
1,4283,42.83,7497.4121153354645,7497.412711381912,7497.4119663238525,7497.413456439972,0.0,0.0,0.0,0.0002980232238769531
1,4284,42.84,7497.4121153354645,7497.412711381912,7497.4119663238525,7497.413158416748,0.0,0.0,0.0,-0.0002980232238769531
1,4285,42.85,7497.4121153354645,7497.412264347076,7497.411668300629,7497.413456439972,0.0,-0.0004470348358154297,-0.0002980232238769531,0.0002980232238769531
1,4286,42.86,7497.4121153354645,7497.4121153354645,7497.4119663238525,7497.413456439972,0.0,-0.00014901161193847656,0.0002980232238769531,0.0
1,4287,42.87,7497.4121153354645,7497.4121153354645,7497.4119663238525,7497.413456439972,0.0,0.0,0.0,0.0
1,4288,42.88,7497.4121153354645,7497.4121153354645,7497.411817312241,7497.413456439972,0.0,0.0,-0.00014901161193847656,0.0
1,4289,42.89,7497.4121153354645,7497.412264347076,7497.4119663238525,7497.413456439972,0.0,0.00014901161193847656,0.00014901161193847656,0.0
1,4290,42.9,7497.4121153354645,7497.412264347076,7497.4119663238525,7497.413456439972,0.0,0.0,0.0,0.0
1,4291,42.910000000000004,7497.4121153354645,7497.4121153354645,7497.4119663238525,7497.413456439972,0.0,-0.00014901161193847656,0.0,0.0
1,4292,42.92,7497.4121153354645,7497.4121153354645,7497.4119663238525,7497.413158416748,0.0,0.0,0.0,-0.0002980232238769531
1,4293,42.93,7497.4121153354645,7497.4121153354645,7497.4119663238525,7497.413456439972,0.0,0.0,0.0,0.0002980232238769531
1,4294,42.94,7497.4121153354645,7497.4121153354645,7497.4119663238525,7497.413158416748,0.0,0.0,0.0,-0.0002980232238769531
1,4295,42.95,7497.4121153354645,7497.4121153354645,7497.4119663238525,7497.413456439972,0.0,0.0,0.0,0.0002980232238769531
1,4296,42.96,7497.4121153354645,7497.4121153354645,7497.4119663238525,7497.413158416748,0.0,0.0,0.0,-0.0002980232238769531
1,4297,42.97,7497.4121153354645,7497.4119663238525,7497.4119663238525,7497.413456439972,0.0,-0.00014901161193847656,0.0,0.0002980232238769531
1,4298,42.980000000000004,7497.412413358688,7497.411817312241,7497.4119663238525,7497.413158416748,0.0002980232238769531,-0.00014901161193847656,0.0,-0.0002980232238769531
1,4299,42.99,7497.4121153354645,7497.411519289017,7497.411668300629,7497.413158416748,-0.0002980232238769531,-0.0002980232238769531,-0.0002980232238769531,0.0
1,4300,43.0,7497.412413358688,7497.411668300629,7497.411668300629,7497.413158416748,0.0002980232238769531,0.00014901161193847656,0.0,0.0
1,4301,43.01,7497.4121153354645,7497.411221265793,7497.411817312241,7497.413158416748,-0.0002980232238769531,-0.0004470348358154297,0.00014901161193847656,0.0
1,4302,43.02,7497.4121153354645,7497.411221265793,7497.411668300629,7497.413456439972,0.0,0.0,-0.00014901161193847656,0.0002980232238769531
1,4303,43.03,7497.4121153354645,7497.411072254181,7497.411668300629,7497.413158416748,0.0,-0.00014901161193847656,0.0,-0.0002980232238769531
1,4304,43.04,7497.4121153354645,7497.411221265793,7497.411519289017,7497.413158416748,0.0,0.00014901161193847656,-0.00014901161193847656,0.0
1,4305,43.050000000000004,7497.4121153354645,7497.411221265793,7497.411668300629,7497.413158416748,0.0,0.0,0.00014901161193847656,0.0
1,4306,43.06,7497.4121153354645,7497.410923242569,7497.411817312241,7497.413158416748,0.0,-0.0002980232238769531,0.00014901161193847656,0.0
1,4307,43.07,7497.4121153354645,7497.410923242569,7497.411668300629,7497.413158416748,0.0,0.0,-0.00014901161193847656,0.0
1,4308,43.08,7497.412711381912,7497.410923242569,7497.411668300629,7497.412860393524,0.0005960464477539062,0.0,0.0,-0.0002980232238769531
1,4309,43.09,7497.412413358688,7497.411221265793,7497.411668300629,7497.4125623703,-0.0002980232238769531,0.0002980232238769531,0.0,-0.0002980232238769531
1,4310,43.1,7497.4121153354645,7497.411072254181,7497.411519289017,7497.4125623703,-0.0002980232238769531,-0.00014901161193847656,-0.00014901161193847656,0.0
1,4311,43.11,7497.412711381912,7497.411370277405,7497.411519289017,7497.412264347076,0.0005960464477539062,0.0002980232238769531,0.0,-0.0002980232238769531
1,4312,43.12,7497.412711381912,7497.411221265793,7497.411519289017,7497.412264347076,0.0,-0.00014901161193847656,0.0,0.0
1,4313,43.13,7497.412711381912,7497.410923242569,7497.411668300629,7497.412264347076,0.0,-0.0002980232238769531,0.00014901161193847656,0.0
1,4314,43.14,7497.412711381912,7497.410923242569,7497.411519289017,7497.412264347076,0.0,0.0,-0.00014901161193847656,0.0
1,4315,43.15,7497.412711381912,7497.410923242569,7497.411668300629,7497.412264347076,0.0,0.0,0.00014901161193847656,0.0
1,4316,43.160000000000004,7497.412711381912,7497.410774230957,7497.411668300629,7497.412264347076,0.0,-0.00014901161193847656,0.0,0.0
1,4317,43.17,7497.412711381912,7497.410625219345,7497.411519289017,7497.412264347076,0.0,-0.00014901161193847656,-0.00014901161193847656,0.0
1,4318,43.18,7497.412711381912,7497.410327196121,7497.411370277405,7497.4125623703,0.0,-0.0002980232238769531,-0.00014901161193847656,0.0002980232238769531
1,4319,43.19,7497.412711381912,7497.410327196121,7497.411221265793,7497.4125623703,0.0,0.0,-0.00014901161193847656,0.0
1,4320,43.2,7497.413009405136,7497.410327196121,7497.411072254181,7497.4125623703,0.0002980232238769531,0.0,-0.00014901161193847656,0.0
1,4321,43.21,7497.412711381912,7497.410625219345,7497.411370277405,7497.412264347076,-0.0002980232238769531,0.0002980232238769531,0.0002980232238769531,-0.0002980232238769531
1,4322,43.22,7497.412711381912,7497.410327196121,7497.411519289017,7497.412264347076,0.0,-0.0002980232238769531,0.00014901161193847656,0.0
1,4323,43.230000000000004,7497.412711381912,7497.410178184509,7497.411519289017,7497.4125623703,0.0,-0.00014901161193847656,0.0,0.0002980232238769531
1,4324,43.24,7497.412711381912,7497.410178184509,7497.411668300629,7497.4125623703,0.0,0.0,0.00014901161193847656,0.0
1,4325,43.25,7497.412711381912,7497.410178184509,7497.411519289017,7497.412264347076,0.0,0.0,-0.00014901161193847656,-0.0002980232238769531
1,4326,43.26,7497.412711381912,7497.410029172897,7497.411370277405,7497.4125623703,0.0,-0.00014901161193847656,-0.00014901161193847656,0.0002980232238769531
1,4327,43.27,7497.412711381912,7497.410327196121,7497.411370277405,7497.4119663238525,0.0,0.0002980232238769531,0.0,-0.0005960464477539062
1,4328,43.28,7497.412711381912,7497.410327196121,7497.411370277405,7497.4119663238525,0.0,0.0,0.0,0.0
1,4329,43.29,7497.412711381912,7497.410327196121,7497.411370277405,7497.4119663238525,0.0,0.0,0.0,0.0
1,4330,43.300000000000004,7497.412711381912,7497.410625219345,7497.411370277405,7497.411668300629,0.0,0.0002980232238769531,0.0,-0.0002980232238769531
1,4331,43.31,7497.412413358688,7497.410476207733,7497.411370277405,7497.4119663238525,-0.0002980232238769531,-0.00014901161193847656,0.0,0.0002980232238769531
1,4332,43.32,7497.412413358688,7497.410029172897,7497.411370277405,7497.4119663238525,0.0,-0.0004470348358154297,0.0,0.0
1,4333,43.33,7497.4121153354645,7497.410029172897,7497.411668300629,7497.4119663238525,-0.0002980232238769531,0.0,0.0002980232238769531,0.0
1,4334,43.34,7497.4121153354645,7497.410029172897,7497.411519289017,7497.412264347076,0.0,0.0,-0.00014901161193847656,0.0002980232238769531
1,4335,43.35,7497.4121153354645,7497.409880161285,7497.411817312241,7497.412264347076,0.0,-0.00014901161193847656,0.0002980232238769531,0.0
1,4336,43.36,7497.4121153354645,7497.410178184509,7497.411519289017,7497.4119663238525,0.0,0.0002980232238769531,-0.0002980232238769531,-0.0002980232238769531
1,4337,43.37,7497.4121153354645,7497.409880161285,7497.411817312241,7497.4119663238525,0.0,-0.0002980232238769531,0.0002980232238769531,0.0
1,4338,43.38,7497.412413358688,7497.410327196121,7497.411370277405,7497.411668300629,0.0002980232238769531,0.0004470348358154297,-0.0004470348358154297,-0.0002980232238769531
1,4339,43.39,7497.412413358688,7497.410476207733,7497.411370277405,7497.411668300629,0.0,0.00014901161193847656,0.0,0.0
1,4340,43.4,7497.412413358688,7497.410327196121,7497.411221265793,7497.411668300629,0.0,-0.00014901161193847656,-0.00014901161193847656,0.0
1,4341,43.410000000000004,7497.4121153354645,7497.410327196121,7497.411370277405,7497.411668300629,-0.0002980232238769531,0.0,0.00014901161193847656,0.0
1,4342,43.42,7497.4121153354645,7497.410178184509,7497.411519289017,7497.411668300629,0.0,-0.00014901161193847656,0.00014901161193847656,0.0
1,4343,43.43,7497.4121153354645,7497.410029172897,7497.411370277405,7497.411370277405,0.0,-0.00014901161193847656,-0.00014901161193847656,-0.0002980232238769531
1,4344,43.44,7497.4121153354645,7497.410178184509,7497.411519289017,7497.411370277405,0.0,0.00014901161193847656,0.00014901161193847656,0.0
1,4345,43.45,7497.4121153354645,7497.410178184509,7497.411519289017,7497.411370277405,0.0,0.0,0.0,0.0
1,4346,43.46,7497.411817312241,7497.410029172897,7497.411370277405,7497.411370277405,-0.0002980232238769531,-0.00014901161193847656,-0.00014901161193847656,0.0
1,4347,43.47,7497.411817312241,7497.410029172897,7497.411370277405,7497.411370277405,0.0,0.0,0.0,0.0
1,4348,43.480000000000004,7497.4121153354645,7497.409880161285,7497.411668300629,7497.411370277405,0.0002980232238769531,-0.00014901161193847656,0.0002980232238769531,0.0
1,4349,43.49,7497.4121153354645,7497.409880161285,7497.411668300629,7497.411370277405,0.0,0.0,0.0,0.0
1,4350,43.5,7497.4121153354645,7497.409880161285,7497.411519289017,7497.411072254181,0.0,0.0,-0.00014901161193847656,-0.0002980232238769531
1,4351,43.51,7497.411817312241,7497.410029172897,7497.4121153354645,7497.411668300629,-0.0002980232238769531,0.00014901161193847656,0.0005960464477539062,0.0005960464477539062
1,4352,43.52,7497.411817312241,7497.410029172897,7497.4119663238525,7497.411370277405,0.0,0.0,-0.00014901161193847656,-0.0002980232238769531
1,4353,43.53,7497.411519289017,7497.410178184509,7497.4119663238525,7497.411668300629,-0.0002980232238769531,0.00014901161193847656,0.0,0.0002980232238769531
1,4354,43.54,7497.411519289017,7497.410178184509,7497.4119663238525,7497.411668300629,0.0,0.0,0.0,0.0
1,4355,43.550000000000004,7497.411519289017,7497.410029172897,7497.412264347076,7497.411072254181,0.0,-0.00014901161193847656,0.0002980232238769531,-0.0005960464477539062
1,4356,43.56,7497.411519289017,7497.4097311496735,7497.4121153354645,7497.411668300629,0.0,-0.0002980232238769531,-0.00014901161193847656,0.0005960464477539062
1,4357,43.57,7497.411221265793,7497.410029172897,7497.412264347076,7497.411370277405,-0.0002980232238769531,0.0002980232238769531,0.00014901161193847656,-0.0002980232238769531
1,4358,43.58,7497.411519289017,7497.410327196121,7497.411817312241,7497.411072254181,0.0002980232238769531,0.0002980232238769531,-0.0004470348358154297,-0.0002980232238769531
1,4359,43.59,7497.411221265793,7497.410327196121,7497.4119663238525,7497.411370277405,-0.0002980232238769531,0.0,0.00014901161193847656,0.0002980232238769531
1,4360,43.6,7497.411519289017,7497.410178184509,7497.4121153354645,7497.411370277405,0.0002980232238769531,-0.00014901161193847656,0.00014901161193847656,0.0
1,4361,43.61,7497.411519289017,7497.410327196121,7497.4119663238525,7497.410774230957,0.0,0.00014901161193847656,-0.00014901161193847656,-0.0005960464477539062
1,4362,43.62,7497.411519289017,7497.410327196121,7497.4119663238525,7497.410774230957,0.0,0.0,0.0,0.0
1,4363,43.63,7497.411519289017,7497.410625219345,7497.4119663238525,7497.411072254181,0.0,0.0002980232238769531,0.0,0.0002980232238769531
1,4364,43.64,7497.411519289017,7497.410923242569,7497.411668300629,7497.411072254181,0.0,0.0002980232238769531,-0.0002980232238769531,0.0
1,4365,43.65,7497.411519289017,7497.410625219345,7497.4119663238525,7497.411370277405,0.0,-0.0002980232238769531,0.0002980232238769531,0.0002980232238769531
1,4366,43.660000000000004,7497.411519289017,7497.410625219345,7497.4119663238525,7497.411370277405,0.0,0.0,0.0,0.0
1,4367,43.67,7497.411519289017,7497.410625219345,7497.411668300629,7497.411072254181,0.0,0.0,-0.0002980232238769531,-0.0002980232238769531
1,4368,43.68,7497.411519289017,7497.410774230957,7497.411668300629,7497.411072254181,0.0,0.00014901161193847656,0.0,0.0
1,4369,43.69,7497.411817312241,7497.410625219345,7497.411668300629,7497.410774230957,0.0002980232238769531,-0.00014901161193847656,0.0,-0.0002980232238769531
1,4370,43.7,7497.411817312241,7497.410923242569,7497.4119663238525,7497.410774230957,0.0,0.0002980232238769531,0.0002980232238769531,0.0
1,4371,43.71,7497.4121153354645,7497.411370277405,7497.411668300629,7497.411072254181,0.0002980232238769531,0.0004470348358154297,-0.0002980232238769531,0.0002980232238769531
1,4372,43.72,7497.411817312241,7497.411519289017,7497.411668300629,7497.410774230957,-0.0002980232238769531,0.00014901161193847656,0.0,-0.0002980232238769531
1,4373,43.730000000000004,7497.411519289017,7497.411519289017,7497.411817312241,7497.410774230957,-0.0002980232238769531,0.0,0.00014901161193847656,0.0
1,4374,43.74,7497.411817312241,7497.411817312241,7497.411817312241,7497.410774230957,0.0002980232238769531,0.0002980232238769531,0.0,0.0
1,4375,43.75,7497.4121153354645,7497.4121153354645,7497.411668300629,7497.410774230957,0.0002980232238769531,0.0002980232238769531,-0.00014901161193847656,0.0
1,4376,43.76,7497.411519289017,7497.4119663238525,7497.4119663238525,7497.410774230957,-0.0005960464477539062,-0.00014901161193847656,0.0002980232238769531,0.0
1,4377,43.77,7497.4121153354645,7497.411817312241,7497.411668300629,7497.410774230957,0.0005960464477539062,-0.00014901161193847656,-0.0002980232238769531,0.0
1,4378,43.78,7497.4121153354645,7497.411817312241,7497.411668300629,7497.410774230957,0.0,0.0,0.0,0.0
1,4379,43.79,7497.4121153354645,7497.411817312241,7497.411668300629,7497.410774230957,0.0,0.0,0.0,0.0
1,4380,43.800000000000004,7497.411519289017,7497.4121153354645,7497.411519289017,7497.411072254181,-0.0005960464477539062,0.0002980232238769531,-0.00014901161193847656,0.0002980232238769531
1,4381,43.81,7497.4121153354645,7497.411817312241,7497.411668300629,7497.411072254181,0.0005960464477539062,-0.0002980232238769531,0.00014901161193847656,0.0
1,4382,43.82,7497.411519289017,7497.412264347076,7497.411668300629,7497.411072254181,-0.0005960464477539062,0.0004470348358154297,0.0,0.0
1,4383,43.83,7497.411519289017,7497.412264347076,7497.411668300629,7497.411072254181,0.0,0.0,0.0,0.0
1,4384,43.84,7497.411519289017,7497.412264347076,7497.411668300629,7497.411072254181,0.0,0.0,0.0,0.0
1,4385,43.85,7497.411519289017,7497.412711381912,7497.411519289017,7497.410774230957,0.0,0.0004470348358154297,-0.00014901161193847656,-0.0002980232238769531
1,4386,43.86,7497.4121153354645,7497.412264347076,7497.411370277405,7497.411072254181,0.0005960464477539062,-0.0004470348358154297,-0.00014901161193847656,0.0002980232238769531
1,4387,43.87,7497.4121153354645,7497.412264347076,7497.411370277405,7497.411370277405,0.0,0.0,0.0,0.0002980232238769531
1,4388,43.88,7497.4121153354645,7497.412413358688,7497.411370277405,7497.411072254181,0.0,0.00014901161193847656,0.0,-0.0002980232238769531
1,4389,43.89,7497.4121153354645,7497.412264347076,7497.411668300629,7497.411072254181,0.0,-0.00014901161193847656,0.0002980232238769531,0.0
1,4390,43.9,7497.411519289017,7497.412711381912,7497.411519289017,7497.410774230957,-0.0005960464477539062,0.0004470348358154297,-0.00014901161193847656,-0.0002980232238769531
1,4391,43.910000000000004,7497.411519289017,7497.4125623703,7497.411370277405,7497.410774230957,0.0,-0.00014901161193847656,-0.00014901161193847656,0.0
1,4392,43.92,7497.411519289017,7497.412860393524,7497.411519289017,7497.411072254181,0.0,0.0002980232238769531,0.00014901161193847656,0.0002980232238769531
1,4393,43.93,7497.411519289017,7497.412860393524,7497.411668300629,7497.410774230957,0.0,0.0,0.00014901161193847656,-0.0002980232238769531
1,4394,43.94,7497.411519289017,7497.412860393524,7497.411668300629,7497.410774230957,0.0,0.0,0.0,0.0
1,4395,43.95,7497.411519289017,7497.413009405136,7497.411519289017,7497.410774230957,0.0,0.00014901161193847656,-0.00014901161193847656,0.0
1,4396,43.96,7497.411519289017,7497.41330742836,7497.411221265793,7497.410774230957,0.0,0.0002980232238769531,-0.0002980232238769531,0.0
1,4397,43.97,7497.411519289017,7497.412860393524,7497.411668300629,7497.411072254181,0.0,-0.0004470348358154297,0.0004470348358154297,0.0002980232238769531
1,4398,43.980000000000004,7497.411519289017,7497.413009405136,7497.411668300629,7497.410774230957,0.0,0.00014901161193847656,0.0,-0.0002980232238769531
1,4399,43.99,7497.411519289017,7497.413009405136,7497.411370277405,7497.411072254181,0.0,0.0,-0.0002980232238769531,0.0002980232238769531
1,4400,44.0,7497.411519289017,7497.413009405136,7497.411817312241,7497.411072254181,0.0,0.0,0.0004470348358154297,0.0
1,4401,44.01,7497.411519289017,7497.413009405136,7497.411817312241,7497.411072254181,0.0,0.0,0.0,0.0
1,4402,44.02,7497.411221265793,7497.413009405136,7497.411817312241,7497.411370277405,-0.0002980232238769531,0.0,0.0,0.0002980232238769531
1,4403,44.03,7497.411519289017,7497.413009405136,7497.411817312241,7497.411370277405,0.0002980232238769531,0.0,0.0,0.0
1,4404,44.04,7497.411519289017,7497.413009405136,7497.4119663238525,7497.411370277405,0.0,0.0,0.00014901161193847656,0.0
1,4405,44.050000000000004,7497.411519289017,7497.413009405136,7497.4119663238525,7497.411370277405,0.0,0.0,0.0,0.0
1,4406,44.06,7497.411519289017,7497.413009405136,7497.411370277405,7497.411370277405,0.0,0.0,-0.0005960464477539062,0.0
1,4407,44.07,7497.411519289017,7497.413009405136,7497.411370277405,7497.411370277405,0.0,0.0,0.0,0.0
1,4408,44.08,7497.411519289017,7497.413009405136,7497.411668300629,7497.411370277405,0.0,0.0,0.0002980232238769531,0.0
1,4409,44.09,7497.411519289017,7497.413009405136,7497.411668300629,7497.411370277405,0.0,0.0,0.0,0.0
1,4410,44.1,7497.411519289017,7497.412860393524,7497.411668300629,7497.411370277405,0.0,-0.00014901161193847656,0.0,0.0
1,4411,44.11,7497.411519289017,7497.412860393524,7497.411519289017,7497.411370277405,0.0,0.0,-0.00014901161193847656,0.0
1,4412,44.12,7497.411519289017,7497.412860393524,7497.411519289017,7497.411370277405,0.0,0.0,0.0,0.0
1,4413,44.13,7497.411519289017,7497.412860393524,7497.411370277405,7497.411370277405,0.0,0.0,-0.00014901161193847656,0.0
1,4414,44.14,7497.411817312241,7497.412711381912,7497.411370277405,7497.410774230957,0.0002980232238769531,-0.00014901161193847656,0.0,-0.0005960464477539062
1,4415,44.15,7497.411817312241,7497.412711381912,7497.411370277405,7497.410774230957,0.0,0.0,0.0,0.0
1,4416,44.160000000000004,7497.411519289017,7497.412860393524,7497.411519289017,7497.411072254181,-0.0002980232238769531,0.00014901161193847656,0.00014901161193847656,0.0002980232238769531
1,4417,44.17,7497.411817312241,7497.413009405136,7497.411370277405,7497.411370277405,0.0002980232238769531,0.00014901161193847656,-0.00014901161193847656,0.0002980232238769531
1,4418,44.18,7497.411519289017,7497.412860393524,7497.411370277405,7497.411370277405,-0.0002980232238769531,-0.00014901161193847656,0.0,0.0
1,4419,44.19,7497.411519289017,7497.412413358688,7497.411668300629,7497.411370277405,0.0,-0.0004470348358154297,0.0002980232238769531,0.0
1,4420,44.2,7497.411519289017,7497.412711381912,7497.411817312241,7497.411370277405,0.0,0.0002980232238769531,0.00014901161193847656,0.0
1,4421,44.21,7497.411817312241,7497.412413358688,7497.411668300629,7497.410774230957,0.0002980232238769531,-0.0002980232238769531,-0.00014901161193847656,-0.0005960464477539062
1,4422,44.22,7497.411519289017,7497.412264347076,7497.4119663238525,7497.410774230957,-0.0002980232238769531,-0.00014901161193847656,0.0002980232238769531,0.0
1,4423,44.230000000000004,7497.411817312241,7497.412413358688,7497.4119663238525,7497.411370277405,0.0002980232238769531,0.00014901161193847656,0.0,0.0005960464477539062
1,4424,44.24,7497.411817312241,7497.412413358688,7497.4119663238525,7497.411370277405,0.0,0.0,0.0,0.0
1,4425,44.25,7497.411519289017,7497.412264347076,7497.411817312241,7497.411370277405,-0.0002980232238769531,-0.00014901161193847656,-0.00014901161193847656,0.0
1,4426,44.26,7497.411519289017,7497.412413358688,7497.4119663238525,7497.411370277405,0.0,0.00014901161193847656,0.00014901161193847656,0.0
1,4427,44.27,7497.411519289017,7497.412413358688,7497.4119663238525,7497.411370277405,0.0,0.0,0.0,0.0
1,4428,44.28,7497.411519289017,7497.412264347076,7497.4119663238525,7497.410774230957,0.0,-0.00014901161193847656,0.0,-0.0005960464477539062
1,4429,44.29,7497.411519289017,7497.412413358688,7497.4119663238525,7497.410774230957,0.0,0.00014901161193847656,0.0,0.0
1,4430,44.300000000000004,7497.411519289017,7497.412413358688,7497.4119663238525,7497.411072254181,0.0,0.0,0.0,0.0002980232238769531
1,4431,44.31,7497.411519289017,7497.412413358688,7497.4119663238525,7497.411072254181,0.0,0.0,0.0,0.0
1,4432,44.32,7497.411519289017,7497.412413358688,7497.4119663238525,7497.411072254181,0.0,0.0,0.0,0.0
1,4433,44.33,7497.411519289017,7497.412413358688,7497.4119663238525,7497.411072254181,0.0,0.0,0.0,0.0
1,4434,44.34,7497.411519289017,7497.412264347076,7497.4119663238525,7497.411370277405,0.0,-0.00014901161193847656,0.0,0.0002980232238769531
1,4435,44.35,7497.411519289017,7497.412413358688,7497.4121153354645,7497.411370277405,0.0,0.00014901161193847656,0.00014901161193847656,0.0
1,4436,44.36,7497.411221265793,7497.412413358688,7497.412264347076,7497.411370277405,-0.0002980232238769531,0.0,0.00014901161193847656,0.0
1,4437,44.37,7497.411221265793,7497.412413358688,7497.4121153354645,7497.411370277405,0.0,0.0,-0.00014901161193847656,0.0
1,4438,44.38,7497.411519289017,7497.412264347076,7497.412264347076,7497.411370277405,0.0002980232238769531,-0.00014901161193847656,0.00014901161193847656,0.0
1,4439,44.39,7497.411519289017,7497.412264347076,7497.4119663238525,7497.411370277405,0.0,0.0,-0.0002980232238769531,0.0
1,4440,44.4,7497.411519289017,7497.4119663238525,7497.4119663238525,7497.411668300629,0.0,-0.0002980232238769531,0.0,0.0002980232238769531
1,4441,44.410000000000004,7497.411519289017,7497.4121153354645,7497.4121153354645,7497.4119663238525,0.0,0.00014901161193847656,0.00014901161193847656,0.0002980232238769531
1,4442,44.42,7497.411519289017,7497.4121153354645,7497.4121153354645,7497.4119663238525,0.0,0.0,0.0,0.0
1,4443,44.43,7497.411519289017,7497.4121153354645,7497.412264347076,7497.4119663238525,0.0,0.0,0.00014901161193847656,0.0
1,4444,44.44,7497.411519289017,7497.412264347076,7497.412264347076,7497.4119663238525,0.0,0.00014901161193847656,0.0,0.0
1,4445,44.45,7497.411519289017,7497.412413358688,7497.412264347076,7497.4119663238525,0.0,0.00014901161193847656,0.0,0.0
1,4446,44.46,7497.411519289017,7497.412413358688,7497.412264347076,7497.4119663238525,0.0,0.0,0.0,0.0
1,4447,44.47,7497.411519289017,7497.412413358688,7497.412264347076,7497.4119663238525,0.0,0.0,0.0,0.0
1,4448,44.480000000000004,7497.411519289017,7497.412413358688,7497.412264347076,7497.4119663238525,0.0,0.0,0.0,0.0
1,4449,44.49,7497.411519289017,7497.411817312241,7497.412264347076,7497.4119663238525,0.0,-0.0005960464477539062,0.0,0.0
1,4450,44.5,7497.411519289017,7497.412413358688,7497.412264347076,7497.4119663238525,0.0,0.0005960464477539062,0.0,0.0
1,4451,44.51,7497.411221265793,7497.412264347076,7497.412413358688,7497.4125623703,-0.0002980232238769531,-0.00014901161193847656,0.00014901161193847656,0.0005960464477539062
1,4452,44.52,7497.410923242569,7497.4121153354645,7497.412264347076,7497.4125623703,-0.0002980232238769531,-0.00014901161193847656,-0.00014901161193847656,0.0
1,4453,44.53,7497.411221265793,7497.412264347076,7497.412264347076,7497.412264347076,0.0002980232238769531,0.00014901161193847656,0.0,-0.0002980232238769531
1,4454,44.54,7497.411221265793,7497.4121153354645,7497.412264347076,7497.4125623703,0.0,-0.00014901161193847656,0.0,0.0002980232238769531
1,4455,44.550000000000004,7497.411221265793,7497.4119663238525,7497.412264347076,7497.4125623703,0.0,-0.00014901161193847656,0.0,0.0
1,4456,44.56,7497.411221265793,7497.412264347076,7497.4121153354645,7497.412264347076,0.0,0.0002980232238769531,-0.00014901161193847656,-0.0002980232238769531
1,4457,44.57,7497.411221265793,7497.4119663238525,7497.412264347076,7497.4125623703,0.0,-0.0002980232238769531,0.00014901161193847656,0.0002980232238769531
1,4458,44.58,7497.410923242569,7497.4121153354645,7497.4119663238525,7497.4125623703,-0.0002980232238769531,0.00014901161193847656,-0.0002980232238769531,0.0
1,4459,44.59,7497.410923242569,7497.411817312241,7497.412264347076,7497.4125623703,0.0,-0.0002980232238769531,0.0002980232238769531,0.0
1,4460,44.6,7497.411221265793,7497.411817312241,7497.4119663238525,7497.4125623703,0.0002980232238769531,0.0,-0.0002980232238769531,0.0
1,4461,44.61,7497.411221265793,7497.4121153354645,7497.4121153354645,7497.4125623703,0.0,0.0002980232238769531,0.00014901161193847656,0.0
1,4462,44.62,7497.411221265793,7497.4121153354645,7497.4121153354645,7497.4125623703,0.0,0.0,0.0,0.0
1,4463,44.63,7497.411221265793,7497.4121153354645,7497.4121153354645,7497.4125623703,0.0,0.0,0.0,0.0
1,4464,44.64,7497.411221265793,7497.411817312241,7497.412264347076,7497.4125623703,0.0,-0.0002980232238769531,0.00014901161193847656,0.0
1,4465,44.65,7497.411519289017,7497.4121153354645,7497.412264347076,7497.4125623703,0.0002980232238769531,0.0002980232238769531,0.0,0.0
1,4466,44.660000000000004,7497.411519289017,7497.4121153354645,7497.412264347076,7497.4125623703,0.0,0.0,0.0,0.0
1,4467,44.67,7497.411221265793,7497.4121153354645,7497.4119663238525,7497.4125623703,-0.0002980232238769531,0.0,-0.0002980232238769531,0.0
1,4468,44.68,7497.411519289017,7497.411817312241,7497.4119663238525,7497.413158416748,0.0002980232238769531,-0.0002980232238769531,0.0,0.0005960464477539062
1,4469,44.69,7497.411221265793,7497.411817312241,7497.4119663238525,7497.412860393524,-0.0002980232238769531,0.0,0.0,-0.0002980232238769531
1,4470,44.7,7497.411221265793,7497.4121153354645,7497.4119663238525,7497.413158416748,0.0,0.0002980232238769531,0.0,0.0002980232238769531
1,4471,44.71,7497.411519289017,7497.4121153354645,7497.4119663238525,7497.413158416748,0.0002980232238769531,0.0,0.0,0.0
1,4472,44.72,7497.411221265793,7497.4119663238525,7497.4125623703,7497.413158416748,-0.0002980232238769531,-0.00014901161193847656,0.0005960464477539062,0.0
1,4473,44.730000000000004,7497.411221265793,7497.4119663238525,7497.4125623703,7497.413158416748,0.0,0.0,0.0,0.0
1,4474,44.74,7497.411221265793,7497.412711381912,7497.412264347076,7497.4125623703,0.0,0.0007450580596923828,-0.0002980232238769531,-0.0005960464477539062
1,4475,44.75,7497.411221265793,7497.412711381912,7497.412264347076,7497.4125623703,0.0,0.0,0.0,0.0
1,4476,44.76,7497.411221265793,7497.4125623703,7497.4119663238525,7497.4125623703,0.0,-0.00014901161193847656,-0.0002980232238769531,0.0
1,4477,44.77,7497.411221265793,7497.4121153354645,7497.412264347076,7497.412860393524,0.0,-0.0004470348358154297,0.0002980232238769531,0.0002980232238769531
1,4478,44.78,7497.411519289017,7497.412413358688,7497.4121153354645,7497.4125623703,0.0002980232238769531,0.0002980232238769531,-0.00014901161193847656,-0.0002980232238769531
1,4479,44.79,7497.411519289017,7497.412413358688,7497.4121153354645,7497.4125623703,0.0,0.0,0.0,0.0
1,4480,44.800000000000004,7497.411221265793,7497.412264347076,7497.4125623703,7497.412860393524,-0.0002980232238769531,-0.00014901161193847656,0.0004470348358154297,0.0002980232238769531
1,4481,44.81,7497.411519289017,7497.4121153354645,7497.4121153354645,7497.412860393524,0.0002980232238769531,-0.00014901161193847656,-0.0004470348358154297,0.0
1,4482,44.82,7497.411519289017,7497.4119663238525,7497.412264347076,7497.413158416748,0.0,-0.00014901161193847656,0.00014901161193847656,0.0002980232238769531
1,4483,44.83,7497.411519289017,7497.4121153354645,7497.4121153354645,7497.4125623703,0.0,0.00014901161193847656,-0.00014901161193847656,-0.0005960464477539062
1,4484,44.84,7497.411221265793,7497.412264347076,7497.4119663238525,7497.4125623703,-0.0002980232238769531,0.00014901161193847656,-0.00014901161193847656,0.0
1,4485,44.85,7497.411519289017,7497.412264347076,7497.4119663238525,7497.412860393524,0.0002980232238769531,0.0,0.0,0.0002980232238769531
1,4486,44.86,7497.411519289017,7497.412264347076,7497.4119663238525,7497.412860393524,0.0,0.0,0.0,0.0
1,4487,44.87,7497.411519289017,7497.4125623703,7497.411817312241,7497.4125623703,0.0,0.0002980232238769531,-0.00014901161193847656,-0.0002980232238769531
1,4488,44.88,7497.411519289017,7497.412413358688,7497.4121153354645,7497.4125623703,0.0,-0.00014901161193847656,0.0002980232238769531,0.0
1,4489,44.89,7497.411519289017,7497.412413358688,7497.4121153354645,7497.4125623703,0.0,0.0,0.0,0.0
1,4490,44.9,7497.4121153354645,7497.4121153354645,7497.4119663238525,7497.412860393524,0.0005960464477539062,-0.0002980232238769531,-0.00014901161193847656,0.0002980232238769531
1,4491,44.910000000000004,7497.411817312241,7497.4119663238525,7497.4119663238525,7497.412860393524,-0.0002980232238769531,-0.00014901161193847656,0.0,0.0
1,4492,44.92,7497.411817312241,7497.412264347076,7497.411817312241,7497.412860393524,0.0,0.0002980232238769531,-0.00014901161193847656,0.0
1,4493,44.93,7497.4121153354645,7497.412413358688,7497.411668300629,7497.4125623703,0.0002980232238769531,0.00014901161193847656,-0.00014901161193847656,-0.0002980232238769531
1,4494,44.94,7497.4121153354645,7497.4121153354645,7497.411668300629,7497.4125623703,0.0,-0.0002980232238769531,0.0,0.0
1,4495,44.95,7497.4121153354645,7497.412413358688,7497.411668300629,7497.4125623703,0.0,0.0002980232238769531,0.0,0.0
1,4496,44.96,7497.4121153354645,7497.4121153354645,7497.411519289017,7497.412264347076,0.0,-0.0002980232238769531,-0.00014901161193847656,-0.0002980232238769531
1,4497,44.97,7497.4121153354645,7497.4121153354645,7497.411668300629,7497.4125623703,0.0,0.0,0.00014901161193847656,0.0002980232238769531
1,4498,44.980000000000004,7497.4121153354645,7497.4121153354645,7497.411668300629,7497.4125623703,0.0,0.0,0.0,0.0
1,4499,44.99,7497.4121153354645,7497.4121153354645,7497.411370277405,7497.4119663238525,0.0,0.0,-0.0002980232238769531,-0.0005960464477539062
1,4500,45.0,7497.4121153354645,7497.4121153354645,7497.411370277405,7497.4119663238525,0.0,0.0,0.0,0.0
1,4501,45.01,7497.4121153354645,7497.412264347076,7497.411370277405,7497.4119663238525,0.0,0.00014901161193847656,0.0,0.0
1,4502,45.02,7497.4121153354645,7497.4121153354645,7497.411072254181,7497.4119663238525,0.0,-0.00014901161193847656,-0.0002980232238769531,0.0
1,4503,45.03,7497.412711381912,7497.411817312241,7497.411370277405,7497.4119663238525,0.0005960464477539062,-0.0002980232238769531,0.0002980232238769531,0.0
1,4504,45.04,7497.412711381912,7497.4119663238525,7497.411072254181,7497.412264347076,0.0,0.00014901161193847656,-0.0002980232238769531,0.0002980232238769531
1,4505,45.050000000000004,7497.412711381912,7497.411817312241,7497.411370277405,7497.4125623703,0.0,-0.00014901161193847656,0.0002980232238769531,0.0002980232238769531
1,4506,45.06,7497.412711381912,7497.411519289017,7497.411221265793,7497.4125623703,0.0,-0.0002980232238769531,-0.00014901161193847656,0.0
1,4507,45.07,7497.412711381912,7497.411221265793,7497.411370277405,7497.4125623703,0.0,-0.0002980232238769531,0.00014901161193847656,0.0
1,4508,45.08,7497.412711381912,7497.411519289017,7497.411370277405,7497.412264347076,0.0,0.0002980232238769531,0.0,-0.0002980232238769531
1,4509,45.09,7497.412711381912,7497.411221265793,7497.411668300629,7497.4119663238525,0.0,-0.0002980232238769531,0.0002980232238769531,-0.0002980232238769531
1,4510,45.1,7497.412711381912,7497.411519289017,7497.411519289017,7497.4119663238525,0.0,0.0002980232238769531,-0.00014901161193847656,0.0
1,4511,45.11,7497.412711381912,7497.411519289017,7497.411519289017,7497.4119663238525,0.0,0.0,0.0,0.0
1,4512,45.12,7497.412711381912,7497.411519289017,7497.411519289017,7497.4119663238525,0.0,0.0,0.0,0.0
1,4513,45.13,7497.412711381912,7497.411519289017,7497.411519289017,7497.4119663238525,0.0,0.0,0.0,0.0
1,4514,45.14,7497.412711381912,7497.411519289017,7497.4119663238525,7497.4119663238525,0.0,0.0,0.0004470348358154297,0.0
1,4515,45.15,7497.412413358688,7497.411370277405,7497.411817312241,7497.4125623703,-0.0002980232238769531,-0.00014901161193847656,-0.00014901161193847656,0.0005960464477539062
1,4516,45.160000000000004,7497.412413358688,7497.411519289017,7497.411668300629,7497.4125623703,0.0,0.00014901161193847656,-0.00014901161193847656,0.0
1,4517,45.17,7497.412413358688,7497.411519289017,7497.411668300629,7497.4125623703,0.0,0.0,0.0,0.0
1,4518,45.18,7497.412413358688,7497.411221265793,7497.411668300629,7497.4125623703,0.0,-0.0002980232238769531,0.0,0.0
1,4519,45.19,7497.412413358688,7497.411221265793,7497.411668300629,7497.412264347076,0.0,0.0,0.0,-0.0002980232238769531
1,4520,45.2,7497.412413358688,7497.411370277405,7497.411668300629,7497.412264347076,0.0,0.00014901161193847656,0.0,0.0
1,4521,45.21,7497.412413358688,7497.411221265793,7497.411668300629,7497.4119663238525,0.0,-0.00014901161193847656,0.0,-0.0002980232238769531
1,4522,45.22,7497.412711381912,7497.411221265793,7497.411370277405,7497.4119663238525,0.0002980232238769531,0.0,-0.0002980232238769531,0.0
1,4523,45.230000000000004,7497.412711381912,7497.411072254181,7497.411519289017,7497.4119663238525,0.0,-0.00014901161193847656,0.00014901161193847656,0.0
1,4524,45.24,7497.412413358688,7497.411221265793,7497.411668300629,7497.4119663238525,-0.0002980232238769531,0.00014901161193847656,0.00014901161193847656,0.0
1,4525,45.25,7497.412413358688,7497.411221265793,7497.411370277405,7497.411668300629,0.0,0.0,-0.0002980232238769531,-0.0002980232238769531
1,4526,45.26,7497.412413358688,7497.411072254181,7497.4119663238525,7497.411668300629,0.0,-0.00014901161193847656,0.0005960464477539062,0.0
1,4527,45.27,7497.412413358688,7497.411370277405,7497.411519289017,7497.411370277405,0.0,0.0002980232238769531,-0.0004470348358154297,-0.0002980232238769531
1,4528,45.28,7497.4121153354645,7497.411072254181,7497.411668300629,7497.411668300629,-0.0002980232238769531,-0.0002980232238769531,0.00014901161193847656,0.0002980232238769531
1,4529,45.29,7497.412413358688,7497.410923242569,7497.4119663238525,7497.411370277405,0.0002980232238769531,-0.00014901161193847656,0.0002980232238769531,-0.0002980232238769531
1,4530,45.300000000000004,7497.412413358688,7497.410923242569,7497.4119663238525,7497.411370277405,0.0,0.0,0.0,0.0
1,4531,45.31,7497.4121153354645,7497.410923242569,7497.4119663238525,7497.411370277405,-0.0002980232238769531,0.0,0.0,0.0
1,4532,45.32,7497.412413358688,7497.410923242569,7497.4119663238525,7497.411370277405,0.0002980232238769531,0.0,0.0,0.0
1,4533,45.33,7497.4121153354645,7497.410774230957,7497.4119663238525,7497.411370277405,-0.0002980232238769531,-0.00014901161193847656,0.0,0.0
1,4534,45.34,7497.4121153354645,7497.410774230957,7497.4119663238525,7497.411370277405,0.0,0.0,0.0,0.0
1,4535,45.35,7497.4121153354645,7497.410774230957,7497.4119663238525,7497.411370277405,0.0,0.0,0.0,0.0
1,4536,45.36,7497.4121153354645,7497.410774230957,7497.4119663238525,7497.411370277405,0.0,0.0,0.0,0.0
1,4537,45.37,7497.4121153354645,7497.410774230957,7497.4119663238525,7497.411370277405,0.0,0.0,0.0,0.0
1,4538,45.38,7497.412413358688,7497.410625219345,7497.411370277405,7497.411370277405,0.0002980232238769531,-0.00014901161193847656,-0.0005960464477539062,0.0
1,4539,45.39,7497.4121153354645,7497.410625219345,7497.411519289017,7497.411370277405,-0.0002980232238769531,0.0,0.00014901161193847656,0.0
1,4540,45.4,7497.4121153354645,7497.410625219345,7497.411519289017,7497.411370277405,0.0,0.0,0.0,0.0
1,4541,45.410000000000004,7497.4121153354645,7497.410625219345,7497.411370277405,7497.411370277405,0.0,0.0,-0.00014901161193847656,0.0
1,4542,45.42,7497.412413358688,7497.410476207733,7497.411519289017,7497.411668300629,0.0002980232238769531,-0.00014901161193847656,0.00014901161193847656,0.0002980232238769531
1,4543,45.43,7497.4121153354645,7497.410476207733,7497.411519289017,7497.411370277405,-0.0002980232238769531,0.0,0.0,-0.0002980232238769531
1,4544,45.44,7497.4121153354645,7497.410923242569,7497.411668300629,7497.411072254181,0.0,0.0004470348358154297,0.00014901161193847656,-0.0002980232238769531
1,4545,45.45,7497.412413358688,7497.410625219345,7497.411668300629,7497.411072254181,0.0002980232238769531,-0.0002980232238769531,0.0,0.0
1,4546,45.46,7497.4121153354645,7497.410476207733,7497.411668300629,7497.411668300629,-0.0002980232238769531,-0.00014901161193847656,0.0,0.0005960464477539062
1,4547,45.47,7497.4121153354645,7497.410476207733,7497.411668300629,7497.411668300629,0.0,0.0,0.0,0.0
1,4548,45.480000000000004,7497.4121153354645,7497.410625219345,7497.4119663238525,7497.411370277405,0.0,0.00014901161193847656,0.0002980232238769531,-0.0002980232238769531
1,4549,45.49,7497.4121153354645,7497.410476207733,7497.411668300629,7497.411668300629,0.0,-0.00014901161193847656,-0.0002980232238769531,0.0002980232238769531
1,4550,45.5,7497.4121153354645,7497.410029172897,7497.411668300629,7497.411370277405,0.0,-0.0004470348358154297,0.0,-0.0002980232238769531
1,4551,45.51,7497.4121153354645,7497.410327196121,7497.411668300629,7497.411370277405,0.0,0.0002980232238769531,0.0,0.0
1,4552,45.52,7497.412413358688,7497.410625219345,7497.411370277405,7497.411072254181,0.0002980232238769531,0.0002980232238769531,-0.0002980232238769531,-0.0002980232238769531
1,4553,45.53,7497.4121153354645,7497.410774230957,7497.411817312241,7497.410774230957,-0.0002980232238769531,0.00014901161193847656,0.0004470348358154297,-0.0002980232238769531
1,4554,45.54,7497.412413358688,7497.410923242569,7497.411668300629,7497.410774230957,0.0002980232238769531,0.00014901161193847656,-0.00014901161193847656,0.0
1,4555,45.550000000000004,7497.4121153354645,7497.410923242569,7497.411817312241,7497.410774230957,-0.0002980232238769531,0.0,0.00014901161193847656,0.0
1,4556,45.56,7497.4121153354645,7497.410625219345,7497.411668300629,7497.411072254181,0.0,-0.0002980232238769531,-0.00014901161193847656,0.0002980232238769531
1,4557,45.57,7497.4121153354645,7497.410625219345,7497.411668300629,7497.411370277405,0.0,0.0,0.0,0.0002980232238769531
1,4558,45.58,7497.4121153354645,7497.410625219345,7497.411668300629,7497.411370277405,0.0,0.0,0.0,0.0
1,4559,45.59,7497.4121153354645,7497.410625219345,7497.411668300629,7497.411370277405,0.0,0.0,0.0,0.0
1,4560,45.6,7497.4121153354645,7497.410923242569,7497.411668300629,7497.410774230957,0.0,0.0002980232238769531,0.0,-0.0005960464477539062
1,4561,45.61,7497.4121153354645,7497.410923242569,7497.4119663238525,7497.410774230957,0.0,0.0,0.0002980232238769531,0.0
1,4562,45.62,7497.4121153354645,7497.410923242569,7497.4119663238525,7497.410774230957,0.0,0.0,0.0,0.0
1,4563,45.63,7497.411519289017,7497.411221265793,7497.4119663238525,7497.410774230957,-0.0005960464477539062,0.0002980232238769531,0.0,0.0
1,4564,45.64,7497.411817312241,7497.411221265793,7497.411668300629,7497.411072254181,0.0002980232238769531,0.0,-0.0002980232238769531,0.0002980232238769531
1,4565,45.65,7497.411817312241,7497.411221265793,7497.411668300629,7497.411072254181,0.0,0.0,0.0,0.0
1,4566,45.660000000000004,7497.411817312241,7497.411221265793,7497.411668300629,7497.411072254181,0.0,0.0,0.0,0.0
1,4567,45.67,7497.4121153354645,7497.410923242569,7497.411817312241,7497.411072254181,0.0002980232238769531,-0.0002980232238769531,0.00014901161193847656,0.0
1,4568,45.68,7497.411817312241,7497.411221265793,7497.4119663238525,7497.410774230957,-0.0002980232238769531,0.0002980232238769531,0.00014901161193847656,-0.0002980232238769531
1,4569,45.69,7497.411817312241,7497.411221265793,7497.4119663238525,7497.410774230957,0.0,0.0,0.0,0.0
1,4570,45.7,7497.411519289017,7497.411221265793,7497.412264347076,7497.411072254181,-0.0002980232238769531,0.0,0.0002980232238769531,0.0002980232238769531
1,4571,45.71,7497.411519289017,7497.411221265793,7497.4119663238525,7497.410774230957,0.0,0.0,-0.0002980232238769531,-0.0002980232238769531
1,4572,45.72,7497.411817312241,7497.411519289017,7497.4119663238525,7497.410774230957,0.0002980232238769531,0.0002980232238769531,0.0,0.0
1,4573,45.730000000000004,7497.411519289017,7497.411668300629,7497.4119663238525,7497.411072254181,-0.0002980232238769531,0.00014901161193847656,0.0,0.0002980232238769531
1,4574,45.74,7497.411519289017,7497.411668300629,7497.4119663238525,7497.411072254181,0.0,0.0,0.0,0.0
1,4575,45.75,7497.411519289017,7497.411519289017,7497.411817312241,7497.411072254181,0.0,-0.00014901161193847656,-0.00014901161193847656,0.0
1,4576,45.76,7497.411519289017,7497.411519289017,7497.4119663238525,7497.411072254181,0.0,0.0,0.00014901161193847656,0.0
1,4577,45.77,7497.411519289017,7497.411668300629,7497.4119663238525,7497.411370277405,0.0,0.00014901161193847656,0.0,0.0002980232238769531
1,4578,45.78,7497.411519289017,7497.411519289017,7497.4121153354645,7497.411072254181,0.0,-0.00014901161193847656,0.00014901161193847656,-0.0002980232238769531
1,4579,45.79,7497.411519289017,7497.411519289017,7497.4119663238525,7497.411370277405,0.0,0.0,-0.00014901161193847656,0.0002980232238769531
1,4580,45.800000000000004,7497.410923242569,7497.411817312241,7497.4121153354645,7497.411370277405,-0.0005960464477539062,0.0002980232238769531,0.00014901161193847656,0.0
1,4581,45.81,7497.410923242569,7497.411817312241,7497.4121153354645,7497.411370277405,0.0,0.0,0.0,0.0
1,4582,45.82,7497.410923242569,7497.411817312241,7497.412413358688,7497.411370277405,0.0,0.0,0.0002980232238769531,0.0
1,4583,45.83,7497.410923242569,7497.411817312241,7497.412413358688,7497.411370277405,0.0,0.0,0.0,0.0
1,4584,45.84,7497.411221265793,7497.411817312241,7497.4119663238525,7497.411370277405,0.0002980232238769531,0.0,-0.0004470348358154297,0.0
1,4585,45.85,7497.411519289017,7497.411817312241,7497.4119663238525,7497.411370277405,0.0002980232238769531,0.0,0.0,0.0
1,4586,45.86,7497.411519289017,7497.411817312241,7497.4119663238525,7497.411370277405,0.0,0.0,0.0,0.0
1,4587,45.87,7497.411221265793,7497.411817312241,7497.412264347076,7497.411370277405,-0.0002980232238769531,0.0,0.0002980232238769531,0.0
1,4588,45.88,7497.411221265793,7497.411668300629,7497.4119663238525,7497.411370277405,0.0,-0.00014901161193847656,-0.0002980232238769531,0.0
1,4589,45.89,7497.411221265793,7497.411817312241,7497.412264347076,7497.4119663238525,0.0,0.00014901161193847656,0.0002980232238769531,0.0005960464477539062
1,4590,45.9,7497.411519289017,7497.411817312241,7497.411817312241,7497.411370277405,0.0002980232238769531,0.0,-0.0004470348358154297,-0.0005960464477539062
1,4591,45.910000000000004,7497.411519289017,7497.411817312241,7497.411817312241,7497.411370277405,0.0,0.0,0.0,0.0
1,4592,45.92,7497.411519289017,7497.411817312241,7497.411817312241,7497.411370277405,0.0,0.0,0.0,0.0
1,4593,45.93,7497.411519289017,7497.411817312241,7497.4119663238525,7497.4119663238525,0.0,0.0,0.00014901161193847656,0.0005960464477539062
1,4594,45.94,7497.410923242569,7497.411817312241,7497.412264347076,7497.412264347076,-0.0005960464477539062,0.0,0.0002980232238769531,0.0002980232238769531
1,4595,45.95,7497.411221265793,7497.411817312241,7497.412413358688,7497.4125623703,0.0002980232238769531,0.0,0.00014901161193847656,0.0002980232238769531
1,4596,45.96,7497.410923242569,7497.411817312241,7497.412264347076,7497.4125623703,-0.0002980232238769531,0.0,-0.00014901161193847656,0.0
1,4597,45.97,7497.410923242569,7497.411817312241,7497.412413358688,7497.4125623703,0.0,0.0,0.00014901161193847656,0.0
1,4598,45.980000000000004,7497.411221265793,7497.4119663238525,7497.4121153354645,7497.4125623703,0.0002980232238769531,0.00014901161193847656,-0.0002980232238769531,0.0
1,4599,45.99,7497.410923242569,7497.4121153354645,7497.4121153354645,7497.4125623703,-0.0002980232238769531,0.00014901161193847656,0.0,0.0
1,4600,46.0,7497.411221265793,7497.4121153354645,7497.4119663238525,7497.412264347076,0.0002980232238769531,0.0,-0.00014901161193847656,-0.0002980232238769531
1,4601,46.01,7497.411221265793,7497.4121153354645,7497.4119663238525,7497.412264347076,0.0,0.0,0.0,0.0
1,4602,46.02,7497.411519289017,7497.412413358688,7497.4119663238525,7497.4119663238525,0.0002980232238769531,0.0002980232238769531,0.0,-0.0002980232238769531
1,4603,46.03,7497.411519289017,7497.412413358688,7497.411817312241,7497.4119663238525,0.0,0.0,-0.00014901161193847656,0.0
1,4604,46.04,7497.411519289017,7497.412413358688,7497.412264347076,7497.4119663238525,0.0,0.0,0.0004470348358154297,0.0
1,4605,46.050000000000004,7497.411519289017,7497.412711381912,7497.4121153354645,7497.4119663238525,0.0,0.0002980232238769531,-0.00014901161193847656,0.0
1,4606,46.06,7497.411519289017,7497.412860393524,7497.4119663238525,7497.4119663238525,0.0,0.00014901161193847656,-0.00014901161193847656,0.0
1,4607,46.07,7497.411519289017,7497.412860393524,7497.411668300629,7497.4119663238525,0.0,0.0,-0.0002980232238769531,0.0
1,4608,46.08,7497.411519289017,7497.413009405136,7497.411668300629,7497.4119663238525,0.0,0.00014901161193847656,0.0,0.0
1,4609,46.09,7497.411519289017,7497.413158416748,7497.4119663238525,7497.411668300629,0.0,0.00014901161193847656,0.0002980232238769531,-0.0002980232238769531
1,4610,46.1,7497.411519289017,7497.413009405136,7497.411817312241,7497.411668300629,0.0,-0.00014901161193847656,-0.00014901161193847656,0.0
1,4611,46.11,7497.411519289017,7497.41330742836,7497.411668300629,7497.411370277405,0.0,0.0002980232238769531,-0.00014901161193847656,-0.0002980232238769531
1,4612,46.12,7497.411817312241,7497.41330742836,7497.411668300629,7497.411668300629,0.0002980232238769531,0.0,0.0,0.0002980232238769531
1,4613,46.13,7497.411817312241,7497.41330742836,7497.411370277405,7497.411370277405,0.0,0.0,-0.0002980232238769531,-0.0002980232238769531
1,4614,46.14,7497.411817312241,7497.41330742836,7497.411370277405,7497.411370277405,0.0,0.0,0.0,0.0
1,4615,46.15,7497.4121153354645,7497.41330742836,7497.411370277405,7497.411370277405,0.0002980232238769531,0.0,0.0,0.0
1,4616,46.160000000000004,7497.411817312241,7497.41330742836,7497.411370277405,7497.411370277405,-0.0002980232238769531,0.0,0.0,0.0
1,4617,46.17,7497.4121153354645,7497.41330742836,7497.411370277405,7497.411370277405,0.0002980232238769531,0.0,0.0,0.0
1,4618,46.18,7497.411817312241,7497.41330742836,7497.411668300629,7497.411370277405,-0.0002980232238769531,0.0,0.0002980232238769531,0.0
1,4619,46.19,7497.411817312241,7497.41330742836,7497.411668300629,7497.411370277405,0.0,0.0,0.0,0.0
1,4620,46.2,7497.4121153354645,7497.413456439972,7497.411668300629,7497.411072254181,0.0002980232238769531,0.00014901161193847656,0.0,-0.0002980232238769531
1,4621,46.21,7497.4121153354645,7497.413605451584,7497.411519289017,7497.411072254181,0.0,0.00014901161193847656,-0.00014901161193847656,0.0
1,4622,46.22,7497.4121153354645,7497.413456439972,7497.411668300629,7497.411072254181,0.0,-0.00014901161193847656,0.00014901161193847656,0.0
1,4623,46.230000000000004,7497.4121153354645,7497.41330742836,7497.411668300629,7497.411370277405,0.0,-0.00014901161193847656,0.0,0.0002980232238769531
1,4624,46.24,7497.4121153354645,7497.41330742836,7497.411668300629,7497.411370277405,0.0,0.0,0.0,0.0
1,4625,46.25,7497.4121153354645,7497.41330742836,7497.411668300629,7497.411668300629,0.0,0.0,0.0,0.0002980232238769531
1,4626,46.26,7497.412413358688,7497.41330742836,7497.411370277405,7497.411370277405,0.0002980232238769531,0.0,-0.0002980232238769531,-0.0002980232238769531
1,4627,46.27,7497.4121153354645,7497.41330742836,7497.411668300629,7497.411370277405,-0.0002980232238769531,0.0,0.0002980232238769531,0.0
1,4628,46.28,7497.4121153354645,7497.41330742836,7497.411370277405,7497.411370277405,0.0,0.0,-0.0002980232238769531,0.0
1,4629,46.29,7497.4121153354645,7497.41330742836,7497.411370277405,7497.411370277405,0.0,0.0,0.0,0.0
1,4630,46.300000000000004,7497.4121153354645,7497.41330742836,7497.411221265793,7497.411370277405,0.0,0.0,-0.00014901161193847656,0.0
1,4631,46.31,7497.4121153354645,7497.413009405136,7497.411668300629,7497.411072254181,0.0,-0.0002980232238769531,0.0004470348358154297,-0.0002980232238769531
1,4632,46.32,7497.4121153354645,7497.412711381912,7497.411370277405,7497.411370277405,0.0,-0.0002980232238769531,-0.0002980232238769531,0.0002980232238769531
1,4633,46.33,7497.4121153354645,7497.412711381912,7497.411519289017,7497.411370277405,0.0,0.0,0.00014901161193847656,0.0
1,4634,46.34,7497.4121153354645,7497.412711381912,7497.411668300629,7497.411370277405,0.0,0.0,0.00014901161193847656,0.0
1,4635,46.35,7497.4121153354645,7497.4125623703,7497.411668300629,7497.411370277405,0.0,-0.00014901161193847656,0.0,0.0
1,4636,46.36,7497.4121153354645,7497.412413358688,7497.411668300629,7497.411668300629,0.0,-0.00014901161193847656,0.0,0.0002980232238769531
1,4637,46.37,7497.4121153354645,7497.412413358688,7497.411668300629,7497.411370277405,0.0,0.0,0.0,-0.0002980232238769531
1,4638,46.38,7497.4121153354645,7497.412413358688,7497.411668300629,7497.411370277405,0.0,0.0,0.0,0.0
1,4639,46.39,7497.4121153354645,7497.412413358688,7497.411519289017,7497.411370277405,0.0,0.0,-0.00014901161193847656,0.0
1,4640,46.4,7497.4121153354645,7497.412413358688,7497.411668300629,7497.411370277405,0.0,0.0,0.00014901161193847656,0.0
1,4641,46.410000000000004,7497.4121153354645,7497.4125623703,7497.411519289017,7497.411370277405,0.0,0.00014901161193847656,-0.00014901161193847656,0.0
1,4642,46.42,7497.4121153354645,7497.4121153354645,7497.411221265793,7497.411668300629,0.0,-0.0004470348358154297,-0.0002980232238769531,0.0002980232238769531
1,4643,46.43,7497.4121153354645,7497.4121153354645,7497.411221265793,7497.411668300629,0.0,0.0,0.0,0.0
1,4644,46.44,7497.4121153354645,7497.411817312241,7497.411668300629,7497.412264347076,0.0,-0.0002980232238769531,0.0004470348358154297,0.0005960464477539062
1,4645,46.45,7497.411817312241,7497.411668300629,7497.411817312241,7497.4119663238525,-0.0002980232238769531,-0.00014901161193847656,0.00014901161193847656,-0.0002980232238769531
1,4646,46.46,7497.411817312241,7497.411668300629,7497.411817312241,7497.4125623703,0.0,0.0,0.0,0.0005960464477539062
1,4647,46.47,7497.411817312241,7497.411668300629,7497.411817312241,7497.4125623703,0.0,0.0,0.0,0.0
1,4648,46.480000000000004,7497.411817312241,7497.411519289017,7497.4119663238525,7497.412264347076,0.0,-0.00014901161193847656,0.00014901161193847656,-0.0002980232238769531
1,4649,46.49,7497.411817312241,7497.411519289017,7497.4119663238525,7497.412264347076,0.0,0.0,0.0,0.0
1,4650,46.5,7497.4121153354645,7497.411519289017,7497.4119663238525,7497.412264347076,0.0002980232238769531,0.0,0.0,0.0
1,4651,46.51,7497.4121153354645,7497.411519289017,7497.411817312241,7497.412264347076,0.0,0.0,-0.00014901161193847656,0.0
1,4652,46.52,7497.411817312241,7497.411370277405,7497.412264347076,7497.4125623703,-0.0002980232238769531,-0.00014901161193847656,0.0004470348358154297,0.0002980232238769531
1,4653,46.53,7497.411519289017,7497.411370277405,7497.4119663238525,7497.4125623703,-0.0002980232238769531,0.0,-0.0002980232238769531,0.0
1,4654,46.54,7497.411519289017,7497.411519289017,7497.411817312241,7497.4125623703,0.0,0.00014901161193847656,-0.00014901161193847656,0.0
1,4655,46.550000000000004,7497.411519289017,7497.411370277405,7497.4119663238525,7497.4125623703,0.0,-0.00014901161193847656,0.00014901161193847656,0.0
1,4656,46.56,7497.411519289017,7497.411221265793,7497.4119663238525,7497.412264347076,0.0,-0.00014901161193847656,0.0,-0.0002980232238769531
1,4657,46.57,7497.411519289017,7497.411668300629,7497.412264347076,7497.4125623703,0.0,0.0004470348358154297,0.0002980232238769531,0.0002980232238769531
1,4658,46.58,7497.411519289017,7497.411668300629,7497.412264347076,7497.4125623703,0.0,0.0,0.0,0.0
1,4659,46.59,7497.411519289017,7497.4119663238525,7497.412413358688,7497.412264347076,0.0,0.0002980232238769531,0.00014901161193847656,-0.0002980232238769531
1,4660,46.6,7497.411519289017,7497.411519289017,7497.412264347076,7497.4125623703,0.0,-0.0004470348358154297,-0.00014901161193847656,0.0002980232238769531
1,4661,46.61,7497.411519289017,7497.411668300629,7497.412264347076,7497.4125623703,0.0,0.00014901161193847656,0.0,0.0
1,4662,46.62,7497.411221265793,7497.411519289017,7497.4121153354645,7497.4125623703,-0.0002980232238769531,-0.00014901161193847656,-0.00014901161193847656,0.0
1,4663,46.63,7497.411519289017,7497.411817312241,7497.4119663238525,7497.412264347076,0.0002980232238769531,0.0002980232238769531,-0.00014901161193847656,-0.0002980232238769531
1,4664,46.64,7497.411817312241,7497.4121153354645,7497.4119663238525,7497.412264347076,0.0002980232238769531,0.0002980232238769531,0.0,0.0
1,4665,46.65,7497.411519289017,7497.4121153354645,7497.411817312241,7497.412264347076,-0.0002980232238769531,0.0,-0.00014901161193847656,0.0
1,4666,46.660000000000004,7497.411519289017,7497.4121153354645,7497.411817312241,7497.412264347076,0.0,0.0,0.0,0.0
1,4667,46.67,7497.411519289017,7497.411668300629,7497.412264347076,7497.412264347076,0.0,-0.0004470348358154297,0.0004470348358154297,0.0
1,4668,46.68,7497.411519289017,7497.411519289017,7497.4119663238525,7497.4125623703,0.0,-0.00014901161193847656,-0.0002980232238769531,0.0002980232238769531
1,4669,46.69,7497.411519289017,7497.411370277405,7497.4119663238525,7497.4125623703,0.0,-0.00014901161193847656,0.0,0.0
1,4670,46.7,7497.411519289017,7497.411221265793,7497.4119663238525,7497.4125623703,0.0,-0.00014901161193847656,0.0,0.0
1,4671,46.71,7497.411519289017,7497.411221265793,7497.4119663238525,7497.4125623703,0.0,0.0,0.0,0.0
1,4672,46.72,7497.411519289017,7497.411221265793,7497.412264347076,7497.412860393524,0.0,0.0,0.0002980232238769531,0.0002980232238769531
1,4673,46.730000000000004,7497.411519289017,7497.411668300629,7497.411817312241,7497.4125623703,0.0,0.0004470348358154297,-0.0004470348358154297,-0.0002980232238769531
1,4674,46.74,7497.411519289017,7497.411668300629,7497.411817312241,7497.4125623703,0.0,0.0,0.0,0.0
1,4675,46.75,7497.411817312241,7497.411668300629,7497.411817312241,7497.4125623703,0.0002980232238769531,0.0,0.0,0.0
1,4676,46.76,7497.411817312241,7497.411668300629,7497.411817312241,7497.4125623703,0.0,0.0,0.0,0.0
1,4677,46.77,7497.411817312241,7497.411668300629,7497.4119663238525,7497.4125623703,0.0,0.0,0.00014901161193847656,0.0
1,4678,46.78,7497.411817312241,7497.411668300629,7497.411668300629,7497.4125623703,0.0,0.0,-0.0002980232238769531,0.0
1,4679,46.79,7497.411817312241,7497.411668300629,7497.411668300629,7497.4125623703,0.0,0.0,0.0,0.0
1,4680,46.800000000000004,7497.411817312241,7497.411519289017,7497.4119663238525,7497.4125623703,0.0,-0.00014901161193847656,0.0002980232238769531,0.0
1,4681,46.81,7497.411817312241,7497.411519289017,7497.411668300629,7497.4125623703,0.0,0.0,-0.0002980232238769531,0.0
1,4682,46.82,7497.411817312241,7497.411519289017,7497.411668300629,7497.4125623703,0.0,0.0,0.0,0.0
1,4683,46.83,7497.411519289017,7497.411817312241,7497.4121153354645,7497.4125623703,-0.0002980232238769531,0.0002980232238769531,0.0004470348358154297,0.0
1,4684,46.84,7497.411519289017,7497.411817312241,7497.4121153354645,7497.412860393524,0.0,0.0,0.0,0.0002980232238769531
1,4685,46.85,7497.411519289017,7497.411668300629,7497.4119663238525,7497.412860393524,0.0,-0.00014901161193847656,-0.00014901161193847656,0.0
1,4686,46.86,7497.411519289017,7497.411817312241,7497.412264347076,7497.412860393524,0.0,0.00014901161193847656,0.0002980232238769531,0.0
1,4687,46.87,7497.411519289017,7497.4119663238525,7497.412264347076,7497.4125623703,0.0,0.00014901161193847656,0.0,-0.0002980232238769531
1,4688,46.88,7497.411519289017,7497.4119663238525,7497.412264347076,7497.4125623703,0.0,0.0,0.0,0.0
1,4689,46.89,7497.411519289017,7497.411817312241,7497.4121153354645,7497.412860393524,0.0,-0.00014901161193847656,-0.00014901161193847656,0.0002980232238769531
1,4690,46.9,7497.411519289017,7497.411817312241,7497.4121153354645,7497.413158416748,0.0,0.0,0.0,0.0002980232238769531
1,4691,46.910000000000004,7497.411519289017,7497.411668300629,7497.412264347076,7497.412860393524,0.0,-0.00014901161193847656,0.00014901161193847656,-0.0002980232238769531
1,4692,46.92,7497.411519289017,7497.411817312241,7497.412264347076,7497.413158416748,0.0,0.00014901161193847656,0.0,0.0002980232238769531
1,4693,46.93,7497.411519289017,7497.4119663238525,7497.412264347076,7497.412860393524,0.0,0.00014901161193847656,0.0,-0.0002980232238769531
1,4694,46.94,7497.411519289017,7497.411817312241,7497.4121153354645,7497.413456439972,0.0,-0.00014901161193847656,-0.00014901161193847656,0.0005960464477539062
1,4695,46.95,7497.411519289017,7497.411668300629,7497.4119663238525,7497.4125623703,0.0,-0.00014901161193847656,-0.00014901161193847656,-0.0008940696716308594
1,4696,46.96,7497.411519289017,7497.4119663238525,7497.4119663238525,7497.4125623703,0.0,0.0002980232238769531,0.0,0.0
1,4697,46.97,7497.411817312241,7497.411817312241,7497.411668300629,7497.4125623703,0.0002980232238769531,-0.00014901161193847656,-0.0002980232238769531,0.0
1,4698,46.980000000000004,7497.411519289017,7497.411817312241,7497.411668300629,7497.4125623703,-0.0002980232238769531,0.0,0.0,0.0
1,4699,46.99,7497.411519289017,7497.411817312241,7497.411817312241,7497.412860393524,0.0,0.0,0.00014901161193847656,0.0002980232238769531
1,4700,47.0,7497.411817312241,7497.411519289017,7497.411668300629,7497.412860393524,0.0002980232238769531,-0.0002980232238769531,-0.00014901161193847656,0.0
1,4701,47.01,7497.411817312241,7497.411519289017,7497.411668300629,7497.4125623703,0.0,0.0,0.0,-0.0002980232238769531
1,4702,47.02,7497.411817312241,7497.411519289017,7497.4119663238525,7497.4125623703,0.0,0.0,0.0002980232238769531,0.0
1,4703,47.03,7497.411519289017,7497.411668300629,7497.4119663238525,7497.412860393524,-0.0002980232238769531,0.00014901161193847656,0.0,0.0002980232238769531
1,4704,47.04,7497.411817312241,7497.411668300629,7497.4121153354645,7497.4125623703,0.0002980232238769531,0.0,0.00014901161193847656,-0.0002980232238769531
1,4705,47.050000000000004,7497.411817312241,7497.4121153354645,7497.411668300629,7497.4125623703,0.0,0.0004470348358154297,-0.0004470348358154297,0.0
1,4706,47.06,7497.411817312241,7497.411668300629,7497.4121153354645,7497.4125623703,0.0,-0.0004470348358154297,0.0004470348358154297,0.0
1,4707,47.07,7497.4121153354645,7497.411817312241,7497.4119663238525,7497.412264347076,0.0002980232238769531,0.00014901161193847656,-0.00014901161193847656,-0.0002980232238769531
1,4708,47.08,7497.4121153354645,7497.411817312241,7497.4119663238525,7497.412264347076,0.0,0.0,0.0,0.0
1,4709,47.09,7497.411817312241,7497.411817312241,7497.412264347076,7497.4125623703,-0.0002980232238769531,0.0,0.0002980232238769531,0.0002980232238769531
1,4710,47.1,7497.411817312241,7497.411817312241,7497.412264347076,7497.4125623703,0.0,0.0,0.0,0.0
1,4711,47.11,7497.411817312241,7497.411668300629,7497.412264347076,7497.4125623703,0.0,-0.00014901161193847656,0.0,0.0
1,4712,47.12,7497.411817312241,7497.411668300629,7497.412264347076,7497.4125623703,0.0,0.0,0.0,0.0
1,4713,47.13,7497.411519289017,7497.411668300629,7497.412264347076,7497.4125623703,-0.0002980232238769531,0.0,0.0,0.0
1,4714,47.14,7497.411519289017,7497.411668300629,7497.4121153354645,7497.4125623703,0.0,0.0,-0.00014901161193847656,0.0
1,4715,47.15,7497.411519289017,7497.411519289017,7497.412264347076,7497.4125623703,0.0,-0.00014901161193847656,0.00014901161193847656,0.0
1,4716,47.160000000000004,7497.411519289017,7497.411519289017,7497.4121153354645,7497.412264347076,0.0,0.0,-0.00014901161193847656,-0.0002980232238769531
1,4717,47.17,7497.411519289017,7497.411519289017,7497.4121153354645,7497.412264347076,0.0,0.0,0.0,0.0
1,4718,47.18,7497.411519289017,7497.411519289017,7497.4119663238525,7497.4119663238525,0.0,0.0,-0.00014901161193847656,-0.0002980232238769531
1,4719,47.19,7497.4121153354645,7497.411817312241,7497.411817312241,7497.4119663238525,0.0005960464477539062,0.0002980232238769531,-0.00014901161193847656,0.0
1,4720,47.2,7497.4121153354645,7497.411668300629,7497.4119663238525,7497.4119663238525,0.0,-0.00014901161193847656,0.00014901161193847656,0.0
1,4721,47.21,7497.4121153354645,7497.411519289017,7497.4119663238525,7497.4119663238525,0.0,-0.00014901161193847656,0.0,0.0
1,4722,47.22,7497.4121153354645,7497.411519289017,7497.412264347076,7497.4119663238525,0.0,0.0,0.0002980232238769531,0.0
1,4723,47.230000000000004,7497.4121153354645,7497.411519289017,7497.412264347076,7497.4119663238525,0.0,0.0,0.0,0.0
1,4724,47.24,7497.4121153354645,7497.411817312241,7497.4119663238525,7497.4119663238525,0.0,0.0002980232238769531,-0.0002980232238769531,0.0
1,4725,47.25,7497.4121153354645,7497.411817312241,7497.4119663238525,7497.4119663238525,0.0,0.0,0.0,0.0
1,4726,47.26,7497.4121153354645,7497.411817312241,7497.4119663238525,7497.4119663238525,0.0,0.0,0.0,0.0
1,4727,47.27,7497.4121153354645,7497.411817312241,7497.4119663238525,7497.4119663238525,0.0,0.0,0.0,0.0
1,4728,47.28,7497.4121153354645,7497.411817312241,7497.411817312241,7497.4119663238525,0.0,0.0,-0.00014901161193847656,0.0
1,4729,47.29,7497.4121153354645,7497.411817312241,7497.4119663238525,7497.4119663238525,0.0,0.0,0.00014901161193847656,0.0
1,4730,47.300000000000004,7497.4121153354645,7497.411668300629,7497.411668300629,7497.4119663238525,0.0,-0.00014901161193847656,-0.0002980232238769531,0.0
1,4731,47.31,7497.4121153354645,7497.411668300629,7497.4119663238525,7497.4119663238525,0.0,0.0,0.0002980232238769531,0.0
1,4732,47.32,7497.4121153354645,7497.411817312241,7497.411668300629,7497.4119663238525,0.0,0.00014901161193847656,-0.0002980232238769531,0.0
1,4733,47.33,7497.4121153354645,7497.411817312241,7497.411668300629,7497.4119663238525,0.0,0.0,0.0,0.0
1,4734,47.34,7497.4121153354645,7497.411817312241,7497.411668300629,7497.4119663238525,0.0,0.0,0.0,0.0
1,4735,47.35,7497.4121153354645,7497.411817312241,7497.411668300629,7497.4119663238525,0.0,0.0,0.0,0.0
1,4736,47.36,7497.412413358688,7497.411817312241,7497.411519289017,7497.4119663238525,0.0002980232238769531,0.0,-0.00014901161193847656,0.0
1,4737,47.37,7497.412413358688,7497.411817312241,7497.411519289017,7497.4119663238525,0.0,0.0,0.0,0.0
1,4738,47.38,7497.412413358688,7497.411817312241,7497.411519289017,7497.4119663238525,0.0,0.0,0.0,0.0
1,4739,47.39,7497.4121153354645,7497.411668300629,7497.411370277405,7497.4119663238525,-0.0002980232238769531,-0.00014901161193847656,-0.00014901161193847656,0.0
1,4740,47.4,7497.412413358688,7497.4119663238525,7497.411519289017,7497.411668300629,0.0002980232238769531,0.0002980232238769531,0.00014901161193847656,-0.0002980232238769531
1,4741,47.410000000000004,7497.412413358688,7497.411817312241,7497.411370277405,7497.411370277405,0.0,-0.00014901161193847656,-0.00014901161193847656,-0.0002980232238769531
1,4742,47.42,7497.412413358688,7497.411817312241,7497.411370277405,7497.411668300629,0.0,0.0,0.0,0.0002980232238769531
1,4743,47.43,7497.412413358688,7497.411668300629,7497.411221265793,7497.411668300629,0.0,-0.00014901161193847656,-0.00014901161193847656,0.0
1,4744,47.44,7497.412413358688,7497.411817312241,7497.411221265793,7497.411370277405,0.0,0.00014901161193847656,0.0,-0.0002980232238769531
1,4745,47.45,7497.412413358688,7497.411519289017,7497.411370277405,7497.411370277405,0.0,-0.0002980232238769531,0.00014901161193847656,0.0
1,4746,47.46,7497.412413358688,7497.411519289017,7497.411370277405,7497.411370277405,0.0,0.0,0.0,0.0
1,4747,47.47,7497.4121153354645,7497.411221265793,7497.411370277405,7497.411370277405,-0.0002980232238769531,-0.0002980232238769531,0.0,0.0
1,4748,47.480000000000004,7497.412413358688,7497.411519289017,7497.411221265793,7497.411370277405,0.0002980232238769531,0.0002980232238769531,-0.00014901161193847656,0.0
1,4749,47.49,7497.412413358688,7497.411221265793,7497.411072254181,7497.411370277405,0.0,-0.0002980232238769531,-0.00014901161193847656,0.0
1,4750,47.5,7497.4121153354645,7497.411221265793,7497.411221265793,7497.411370277405,-0.0002980232238769531,0.0,0.00014901161193847656,0.0
1,4751,47.51,7497.412413358688,7497.411221265793,7497.411221265793,7497.411370277405,0.0002980232238769531,0.0,0.0,0.0
1,4752,47.52,7497.4121153354645,7497.411072254181,7497.411370277405,7497.411370277405,-0.0002980232238769531,-0.00014901161193847656,0.00014901161193847656,0.0
1,4753,47.53,7497.4121153354645,7497.411072254181,7497.411370277405,7497.411370277405,0.0,0.0,0.0,0.0
1,4754,47.54,7497.412413358688,7497.410923242569,7497.411370277405,7497.411370277405,0.0002980232238769531,-0.00014901161193847656,0.0,0.0
1,4755,47.550000000000004,7497.412413358688,7497.410923242569,7497.411370277405,7497.411370277405,0.0,0.0,0.0,0.0
1,4756,47.56,7497.412413358688,7497.410923242569,7497.411370277405,7497.411370277405,0.0,0.0,0.0,0.0
1,4757,47.57,7497.412413358688,7497.410923242569,7497.411221265793,7497.411370277405,0.0,0.0,-0.00014901161193847656,0.0
1,4758,47.58,7497.4121153354645,7497.411072254181,7497.411519289017,7497.411370277405,-0.0002980232238769531,0.00014901161193847656,0.0002980232238769531,0.0
1,4759,47.59,7497.4121153354645,7497.411072254181,7497.411519289017,7497.411370277405,0.0,0.0,0.0,0.0
1,4760,47.6,7497.4121153354645,7497.411072254181,7497.411519289017,7497.411370277405,0.0,0.0,0.0,0.0
1,4761,47.61,7497.4121153354645,7497.411072254181,7497.411668300629,7497.411370277405,0.0,0.0,0.00014901161193847656,0.0
1,4762,47.62,7497.4121153354645,7497.410923242569,7497.411668300629,7497.411072254181,0.0,-0.00014901161193847656,0.0,-0.0002980232238769531
1,4763,47.63,7497.4121153354645,7497.410923242569,7497.411370277405,7497.411072254181,0.0,0.0,-0.0002980232238769531,0.0
1,4764,47.64,7497.4121153354645,7497.410923242569,7497.411370277405,7497.411072254181,0.0,0.0,0.0,0.0
1,4765,47.65,7497.4121153354645,7497.410923242569,7497.411370277405,7497.411072254181,0.0,0.0,0.0,0.0
1,4766,47.660000000000004,7497.4121153354645,7497.411370277405,7497.411668300629,7497.410774230957,0.0,0.0004470348358154297,0.0002980232238769531,-0.0002980232238769531
1,4767,47.67,7497.4121153354645,7497.411370277405,7497.411668300629,7497.410774230957,0.0,0.0,0.0,0.0
1,4768,47.68,7497.4121153354645,7497.411519289017,7497.411668300629,7497.410774230957,0.0,0.00014901161193847656,0.0,0.0
1,4769,47.69,7497.4121153354645,7497.411519289017,7497.411668300629,7497.410774230957,0.0,0.0,0.0,0.0
1,4770,47.7,7497.4121153354645,7497.411519289017,7497.411668300629,7497.410774230957,0.0,0.0,0.0,0.0
1,4771,47.71,7497.4121153354645,7497.411668300629,7497.411668300629,7497.410774230957,0.0,0.00014901161193847656,0.0,0.0
1,4772,47.72,7497.4121153354645,7497.411668300629,7497.411668300629,7497.410774230957,0.0,0.0,0.0,0.0
1,4773,47.730000000000004,7497.4121153354645,7497.411668300629,7497.411668300629,7497.410774230957,0.0,0.0,0.0,0.0
1,4774,47.74,7497.4121153354645,7497.4121153354645,7497.4119663238525,7497.410774230957,0.0,0.0004470348358154297,0.0002980232238769531,0.0
1,4775,47.75,7497.411519289017,7497.411668300629,7497.4121153354645,7497.410774230957,-0.0005960464477539062,-0.0004470348358154297,0.00014901161193847656,0.0
1,4776,47.76,7497.411519289017,7497.411668300629,7497.4121153354645,7497.410774230957,0.0,0.0,0.0,0.0
1,4777,47.77,7497.411519289017,7497.411817312241,7497.4119663238525,7497.411072254181,0.0,0.00014901161193847656,-0.00014901161193847656,0.0002980232238769531
1,4778,47.78,7497.411519289017,7497.411817312241,7497.4119663238525,7497.411370277405,0.0,0.0,0.0,0.0002980232238769531
1,4779,47.79,7497.411221265793,7497.411668300629,7497.4121153354645,7497.411072254181,-0.0002980232238769531,-0.00014901161193847656,0.00014901161193847656,-0.0002980232238769531
1,4780,47.800000000000004,7497.411519289017,7497.4119663238525,7497.4119663238525,7497.410774230957,0.0002980232238769531,0.0002980232238769531,-0.00014901161193847656,-0.0002980232238769531
1,4781,47.81,7497.411519289017,7497.4121153354645,7497.411668300629,7497.410774230957,0.0,0.00014901161193847656,-0.0002980232238769531,0.0
1,4782,47.82,7497.411221265793,7497.411817312241,7497.411668300629,7497.410774230957,-0.0002980232238769531,-0.0002980232238769531,0.0,0.0
1,4783,47.83,7497.411221265793,7497.4119663238525,7497.411817312241,7497.411072254181,0.0,0.00014901161193847656,0.00014901161193847656,0.0002980232238769531
1,4784,47.84,7497.411221265793,7497.412264347076,7497.4119663238525,7497.410774230957,0.0,0.0002980232238769531,0.00014901161193847656,-0.0002980232238769531
1,4785,47.85,7497.411519289017,7497.4119663238525,7497.411668300629,7497.410774230957,0.0002980232238769531,-0.0002980232238769531,-0.0002980232238769531,0.0
1,4786,47.86,7497.411221265793,7497.412264347076,7497.4119663238525,7497.410774230957,-0.0002980232238769531,0.0002980232238769531,0.0002980232238769531,0.0
1,4787,47.870000000000005,7497.411519289017,7497.4119663238525,7497.411668300629,7497.410774230957,0.0002980232238769531,-0.0002980232238769531,-0.0002980232238769531,0.0
1,4788,47.88,7497.411519289017,7497.411817312241,7497.411668300629,7497.411072254181,0.0,-0.00014901161193847656,0.0,0.0002980232238769531
1,4789,47.89,7497.411519289017,7497.411817312241,7497.411668300629,7497.411370277405,0.0,0.0,0.0,0.0002980232238769531
1,4790,47.9,7497.411519289017,7497.411817312241,7497.411668300629,7497.411370277405,0.0,0.0,0.0,0.0
1,4791,47.910000000000004,7497.411519289017,7497.4121153354645,7497.411519289017,7497.411072254181,0.0,0.0002980232238769531,-0.00014901161193847656,-0.0002980232238769531
1,4792,47.92,7497.411519289017,7497.4119663238525,7497.411519289017,7497.411072254181,0.0,-0.00014901161193847656,0.0,0.0
1,4793,47.93,7497.411519289017,7497.4121153354645,7497.411370277405,7497.411072254181,0.0,0.00014901161193847656,-0.00014901161193847656,0.0
1,4794,47.94,7497.411519289017,7497.4119663238525,7497.411370277405,7497.411370277405,0.0,-0.00014901161193847656,0.0,0.0002980232238769531
1,4795,47.95,7497.411519289017,7497.4119663238525,7497.411668300629,7497.411072254181,0.0,0.0,0.0002980232238769531,-0.0002980232238769531
1,4796,47.96,7497.411519289017,7497.4119663238525,7497.411668300629,7497.411072254181,0.0,0.0,0.0,0.0
1,4797,47.97,7497.411519289017,7497.411519289017,7497.411668300629,7497.411370277405,0.0,-0.0004470348358154297,0.0,0.0002980232238769531
1,4798,47.980000000000004,7497.411519289017,7497.411221265793,7497.4121153354645,7497.411668300629,0.0,-0.0002980232238769531,0.0004470348358154297,0.0002980232238769531
1,4799,47.99,7497.411519289017,7497.411519289017,7497.4121153354645,7497.411668300629,0.0,0.0002980232238769531,0.0,0.0
1,4800,48.0,7497.411519289017,7497.411519289017,7497.4121153354645,7497.411668300629,0.0,0.0,0.0,0.0
1,4801,48.01,7497.411519289017,7497.411221265793,7497.411668300629,7497.411668300629,0.0,-0.0002980232238769531,-0.0004470348358154297,0.0
1,4802,48.02,7497.411519289017,7497.411221265793,7497.411668300629,7497.4119663238525,0.0,0.0,0.0,0.0002980232238769531
1,4803,48.03,7497.411519289017,7497.411370277405,7497.4119663238525,7497.411668300629,0.0,0.00014901161193847656,0.0002980232238769531,-0.0002980232238769531
1,4804,48.04,7497.411519289017,7497.411221265793,7497.412264347076,7497.411668300629,0.0,-0.00014901161193847656,0.0002980232238769531,0.0
1,4805,48.050000000000004,7497.411519289017,7497.411221265793,7497.412264347076,7497.411668300629,0.0,0.0,0.0,0.0
1,4806,48.06,7497.411519289017,7497.411668300629,7497.4119663238525,7497.411370277405,0.0,0.0004470348358154297,-0.0002980232238769531,-0.0002980232238769531
1,4807,48.07,7497.411519289017,7497.411817312241,7497.4119663238525,7497.411370277405,0.0,0.00014901161193847656,0.0,0.0
1,4808,48.08,7497.411519289017,7497.411817312241,7497.4119663238525,7497.411370277405,0.0,0.0,0.0,0.0
1,4809,48.09,7497.411519289017,7497.411817312241,7497.411668300629,7497.411370277405,0.0,0.0,-0.0002980232238769531,0.0
1,4810,48.1,7497.411519289017,7497.411817312241,7497.411668300629,7497.411370277405,0.0,0.0,0.0,0.0
1,4811,48.11,7497.411519289017,7497.411817312241,7497.4119663238525,7497.411370277405,0.0,0.0,0.0002980232238769531,0.0
1,4812,48.120000000000005,7497.411519289017,7497.411817312241,7497.411668300629,7497.411072254181,0.0,0.0,-0.0002980232238769531,-0.0002980232238769531
1,4813,48.13,7497.411519289017,7497.4121153354645,7497.411817312241,7497.411072254181,0.0,0.0002980232238769531,0.00014901161193847656,0.0
1,4814,48.14,7497.411519289017,7497.411668300629,7497.4119663238525,7497.411370277405,0.0,-0.0004470348358154297,0.00014901161193847656,0.0002980232238769531
1,4815,48.15,7497.411519289017,7497.411817312241,7497.4119663238525,7497.411072254181,0.0,0.00014901161193847656,0.0,-0.0002980232238769531
1,4816,48.160000000000004,7497.411519289017,7497.4119663238525,7497.4119663238525,7497.411370277405,0.0,0.00014901161193847656,0.0,0.0002980232238769531
1,4817,48.17,7497.411519289017,7497.4119663238525,7497.4119663238525,7497.411370277405,0.0,0.0,0.0,0.0
1,4818,48.18,7497.411519289017,7497.4119663238525,7497.4119663238525,7497.411370277405,0.0,0.0,0.0,0.0
1,4819,48.19,7497.411519289017,7497.4119663238525,7497.412264347076,7497.411370277405,0.0,0.0,0.0002980232238769531,0.0
1,4820,48.2,7497.411519289017,7497.4119663238525,7497.412264347076,7497.411370277405,0.0,0.0,0.0,0.0
1,4821,48.21,7497.411519289017,7497.411519289017,7497.412264347076,7497.411370277405,0.0,-0.0004470348358154297,0.0,0.0
1,4822,48.22,7497.411519289017,7497.411370277405,7497.412413358688,7497.4119663238525,0.0,-0.00014901161193847656,0.00014901161193847656,0.0005960464477539062
1,4823,48.230000000000004,7497.411519289017,7497.411221265793,7497.412264347076,7497.4119663238525,0.0,-0.00014901161193847656,-0.00014901161193847656,0.0
1,4824,48.24,7497.411519289017,7497.411221265793,7497.412264347076,7497.4119663238525,0.0,0.0,0.0,0.0
1,4825,48.25,7497.411519289017,7497.411221265793,7497.4125623703,7497.4119663238525,0.0,0.0,0.0002980232238769531,0.0
1,4826,48.26,7497.411519289017,7497.411370277405,7497.4125623703,7497.4119663238525,0.0,0.00014901161193847656,0.0,0.0
1,4827,48.27,7497.411221265793,7497.411370277405,7497.4125623703,7497.4125623703,-0.0002980232238769531,0.0,0.0,0.0005960464477539062
1,4828,48.28,7497.411221265793,7497.411370277405,7497.412413358688,7497.412264347076,0.0,0.0,-0.00014901161193847656,-0.0002980232238769531
1,4829,48.29,7497.411221265793,7497.411519289017,7497.412264347076,7497.4119663238525,0.0,0.00014901161193847656,-0.00014901161193847656,-0.0002980232238769531
1,4830,48.300000000000004,7497.410923242569,7497.411519289017,7497.412264347076,7497.4125623703,-0.0002980232238769531,0.0,0.0,0.0005960464477539062
1,4831,48.31,7497.410923242569,7497.411817312241,7497.412264347076,7497.4119663238525,0.0,0.0002980232238769531,0.0,-0.0005960464477539062
1,4832,48.32,7497.410923242569,7497.411817312241,7497.412264347076,7497.4119663238525,0.0,0.0,0.0,0.0
1,4833,48.33,7497.410923242569,7497.411817312241,7497.412264347076,7497.4125623703,0.0,0.0,0.0,0.0005960464477539062
1,4834,48.34,7497.410923242569,7497.4119663238525,7497.412264347076,7497.4125623703,0.0,0.00014901161193847656,0.0,0.0
1,4835,48.35,7497.410923242569,7497.4121153354645,7497.411817312241,7497.4119663238525,0.0,0.00014901161193847656,-0.0004470348358154297,-0.0005960464477539062
1,4836,48.36,7497.410923242569,7497.4121153354645,7497.412264347076,7497.4119663238525,0.0,0.0,0.0004470348358154297,0.0
1,4837,48.370000000000005,7497.411221265793,7497.4121153354645,7497.4119663238525,7497.4119663238525,0.0002980232238769531,0.0,-0.0002980232238769531,0.0
1,4838,48.38,7497.411221265793,7497.411817312241,7497.412264347076,7497.412264347076,0.0,-0.0002980232238769531,0.0002980232238769531,0.0002980232238769531
1,4839,48.39,7497.411221265793,7497.411817312241,7497.412264347076,7497.412264347076,0.0,0.0,0.0,0.0
1,4840,48.4,7497.411221265793,7497.4119663238525,7497.4119663238525,7497.4119663238525,0.0,0.00014901161193847656,-0.0002980232238769531,-0.0002980232238769531
1,4841,48.410000000000004,7497.411519289017,7497.412264347076,7497.411668300629,7497.4119663238525,0.0002980232238769531,0.0002980232238769531,-0.0002980232238769531,0.0
1,4842,48.42,7497.411221265793,7497.412413358688,7497.4119663238525,7497.4119663238525,-0.0002980232238769531,0.00014901161193847656,0.0002980232238769531,0.0
1,4843,48.43,7497.411221265793,7497.412413358688,7497.4119663238525,7497.4119663238525,0.0,0.0,0.0,0.0
1,4844,48.44,7497.411221265793,7497.412264347076,7497.411668300629,7497.4119663238525,0.0,-0.00014901161193847656,-0.0002980232238769531,0.0
1,4845,48.45,7497.410923242569,7497.412413358688,7497.4119663238525,7497.4119663238525,-0.0002980232238769531,0.00014901161193847656,0.0002980232238769531,0.0
1,4846,48.46,7497.410923242569,7497.412413358688,7497.4119663238525,7497.4119663238525,0.0,0.0,0.0,0.0
1,4847,48.47,7497.410923242569,7497.412413358688,7497.4119663238525,7497.4119663238525,0.0,0.0,0.0,0.0
1,4848,48.480000000000004,7497.411221265793,7497.4121153354645,7497.411817312241,7497.4119663238525,0.0002980232238769531,-0.0002980232238769531,-0.00014901161193847656,0.0
1,4849,48.49,7497.411221265793,7497.4121153354645,7497.4119663238525,7497.4125623703,0.0,0.0,0.00014901161193847656,0.0005960464477539062
1,4850,48.5,7497.411519289017,7497.411817312241,7497.4119663238525,7497.4125623703,0.0002980232238769531,-0.0002980232238769531,0.0,0.0
1,4851,48.51,7497.411221265793,7497.411817312241,7497.4119663238525,7497.412264347076,-0.0002980232238769531,0.0,0.0,-0.0002980232238769531
1,4852,48.52,7497.411221265793,7497.4119663238525,7497.4119663238525,7497.412264347076,0.0,0.00014901161193847656,0.0,0.0
1,4853,48.53,7497.411221265793,7497.4119663238525,7497.4119663238525,7497.412264347076,0.0,0.0,0.0,0.0
1,4854,48.54,7497.411221265793,7497.4119663238525,7497.4119663238525,7497.412264347076,0.0,0.0,0.0,0.0
1,4855,48.550000000000004,7497.411519289017,7497.411817312241,7497.4119663238525,7497.412264347076,0.0002980232238769531,-0.00014901161193847656,0.0,0.0
1,4856,48.56,7497.411221265793,7497.411817312241,7497.4119663238525,7497.4125623703,-0.0002980232238769531,0.0,0.0,0.0002980232238769531
1,4857,48.57,7497.411221265793,7497.411817312241,7497.4119663238525,7497.4125623703,0.0,0.0,0.0,0.0
1,4858,48.58,7497.411519289017,7497.411668300629,7497.4119663238525,7497.412264347076,0.0002980232238769531,-0.00014901161193847656,0.0,-0.0002980232238769531
1,4859,48.59,7497.411519289017,7497.411519289017,7497.412264347076,7497.4125623703,0.0,-0.00014901161193847656,0.0002980232238769531,0.0002980232238769531
1,4860,48.6,7497.411519289017,7497.411519289017,7497.4119663238525,7497.4125623703,0.0,0.0,-0.0002980232238769531,0.0
1,4861,48.61,7497.411817312241,7497.411668300629,7497.411817312241,7497.4125623703,0.0002980232238769531,0.00014901161193847656,-0.00014901161193847656,0.0
1,4862,48.620000000000005,7497.4121153354645,7497.4119663238525,7497.411668300629,7497.412264347076,0.0002980232238769531,0.0002980232238769531,-0.00014901161193847656,-0.0002980232238769531
1,4863,48.63,7497.4121153354645,7497.4121153354645,7497.411668300629,7497.412264347076,0.0,0.00014901161193847656,0.0,0.0
1,4864,48.64,7497.411817312241,7497.4121153354645,7497.411817312241,7497.412264347076,-0.0002980232238769531,0.0,0.00014901161193847656,0.0
1,4865,48.65,7497.411519289017,7497.4121153354645,7497.411817312241,7497.4125623703,-0.0002980232238769531,0.0,0.0,0.0002980232238769531
1,4866,48.660000000000004,7497.411519289017,7497.4121153354645,7497.411817312241,7497.4125623703,0.0,0.0,0.0,0.0
1,4867,48.67,7497.411817312241,7497.4121153354645,7497.411668300629,7497.412264347076,0.0002980232238769531,0.0,-0.00014901161193847656,-0.0002980232238769531
1,4868,48.68,7497.4121153354645,7497.4121153354645,7497.411817312241,7497.412264347076,0.0002980232238769531,0.0,0.00014901161193847656,0.0
1,4869,48.69,7497.411817312241,7497.4121153354645,7497.411668300629,7497.412264347076,-0.0002980232238769531,0.0,-0.00014901161193847656,0.0
1,4870,48.7,7497.411817312241,7497.4121153354645,7497.411668300629,7497.412264347076,0.0,0.0,0.0,0.0
1,4871,48.71,7497.4121153354645,7497.411817312241,7497.411668300629,7497.4125623703,0.0002980232238769531,-0.0002980232238769531,0.0,0.0002980232238769531
1,4872,48.72,7497.4121153354645,7497.411668300629,7497.411668300629,7497.4125623703,0.0,-0.00014901161193847656,0.0,0.0
1,4873,48.730000000000004,7497.4121153354645,7497.411817312241,7497.411519289017,7497.4125623703,0.0,0.00014901161193847656,-0.00014901161193847656,0.0
1,4874,48.74,7497.4121153354645,7497.411817312241,7497.411668300629,7497.4125623703,0.0,0.0,0.00014901161193847656,0.0
1,4875,48.75,7497.4121153354645,7497.411817312241,7497.411370277405,7497.412264347076,0.0,0.0,-0.0002980232238769531,-0.0002980232238769531
1,4876,48.76,7497.4121153354645,7497.4119663238525,7497.411519289017,7497.4125623703,0.0,0.00014901161193847656,0.00014901161193847656,0.0002980232238769531
1,4877,48.77,7497.412413358688,7497.4121153354645,7497.411221265793,7497.4125623703,0.0002980232238769531,0.00014901161193847656,-0.0002980232238769531,0.0
1,4878,48.78,7497.412711381912,7497.4121153354645,7497.411221265793,7497.4125623703,0.0002980232238769531,0.0,0.0,0.0
1,4879,48.79,7497.412711381912,7497.4121153354645,7497.411221265793,7497.4125623703,0.0,0.0,0.0,0.0
1,4880,48.800000000000004,7497.412413358688,7497.4121153354645,7497.411370277405,7497.4125623703,-0.0002980232238769531,0.0,0.00014901161193847656,0.0
1,4881,48.81,7497.412413358688,7497.4121153354645,7497.411370277405,7497.412264347076,0.0,0.0,0.0,-0.0002980232238769531
1,4882,48.82,7497.4121153354645,7497.4121153354645,7497.411519289017,7497.4119663238525,-0.0002980232238769531,0.0,0.00014901161193847656,-0.0002980232238769531
1,4883,48.83,7497.4121153354645,7497.4121153354645,7497.411519289017,7497.4119663238525,0.0,0.0,0.0,0.0
1,4884,48.84,7497.4121153354645,7497.4121153354645,7497.411519289017,7497.4119663238525,0.0,0.0,0.0,0.0
1,4885,48.85,7497.4121153354645,7497.4121153354645,7497.411519289017,7497.4119663238525,0.0,0.0,0.0,0.0
1,4886,48.86,7497.4121153354645,7497.4121153354645,7497.411668300629,7497.411668300629,0.0,0.0,0.00014901161193847656,-0.0002980232238769531
1,4887,48.870000000000005,7497.412413358688,7497.4121153354645,7497.411519289017,7497.4119663238525,0.0002980232238769531,0.0,-0.00014901161193847656,0.0002980232238769531
1,4888,48.88,7497.412413358688,7497.4121153354645,7497.411519289017,7497.4119663238525,0.0,0.0,0.0,0.0
1,4889,48.89,7497.4121153354645,7497.411817312241,7497.411519289017,7497.4119663238525,-0.0002980232238769531,-0.0002980232238769531,0.0,0.0
1,4890,48.9,7497.4121153354645,7497.411817312241,7497.411519289017,7497.4119663238525,0.0,0.0,0.0,0.0
1,4891,48.910000000000004,7497.412413358688,7497.411668300629,7497.411370277405,7497.4125623703,0.0002980232238769531,-0.00014901161193847656,-0.00014901161193847656,0.0005960464477539062
1,4892,48.92,7497.412413358688,7497.411668300629,7497.411370277405,7497.4125623703,0.0,0.0,0.0,0.0
1,4893,48.93,7497.412413358688,7497.411817312241,7497.411221265793,7497.4125623703,0.0,0.00014901161193847656,-0.00014901161193847656,0.0
1,4894,48.94,7497.4121153354645,7497.4119663238525,7497.411370277405,7497.4119663238525,-0.0002980232238769531,0.00014901161193847656,0.00014901161193847656,-0.0005960464477539062
1,4895,48.95,7497.411817312241,7497.411817312241,7497.411519289017,7497.4125623703,-0.0002980232238769531,-0.00014901161193847656,0.00014901161193847656,0.0005960464477539062
1,4896,48.96,7497.411817312241,7497.411817312241,7497.411519289017,7497.4125623703,0.0,0.0,0.0,0.0
1,4897,48.97,7497.4121153354645,7497.411817312241,7497.411370277405,7497.4125623703,0.0002980232238769531,0.0,-0.00014901161193847656,0.0
1,4898,48.980000000000004,7497.4121153354645,7497.411817312241,7497.411370277405,7497.4125623703,0.0,0.0,0.0,0.0
1,4899,48.99,7497.411817312241,7497.411668300629,7497.411668300629,7497.4125623703,-0.0002980232238769531,-0.00014901161193847656,0.0002980232238769531,0.0
1,4900,49.0,7497.4121153354645,7497.411817312241,7497.411668300629,7497.4125623703,0.0002980232238769531,0.00014901161193847656,0.0,0.0
1,4901,49.01,7497.4121153354645,7497.411817312241,7497.411668300629,7497.4125623703,0.0,0.0,0.0,0.0
1,4902,49.02,7497.4121153354645,7497.4119663238525,7497.411668300629,7497.4125623703,0.0,0.00014901161193847656,0.0,0.0
1,4903,49.03,7497.4121153354645,7497.411817312241,7497.411668300629,7497.412264347076,0.0,-0.00014901161193847656,0.0,-0.0002980232238769531
1,4904,49.04,7497.4121153354645,7497.4119663238525,7497.411668300629,7497.412264347076,0.0,0.00014901161193847656,0.0,0.0
1,4905,49.050000000000004,7497.4121153354645,7497.412413358688,7497.411370277405,7497.4119663238525,0.0,0.0004470348358154297,-0.0002980232238769531,-0.0002980232238769531
1,4906,49.06,7497.4121153354645,7497.412413358688,7497.411370277405,7497.4119663238525,0.0,0.0,0.0,0.0
1,4907,49.07,7497.4121153354645,7497.4125623703,7497.411370277405,7497.4119663238525,0.0,0.00014901161193847656,0.0,0.0
1,4908,49.08,7497.4121153354645,7497.412413358688,7497.411072254181,7497.411370277405,0.0,-0.00014901161193847656,-0.0002980232238769531,-0.0005960464477539062
1,4909,49.09,7497.4121153354645,7497.412264347076,7497.411370277405,7497.411370277405,0.0,-0.00014901161193847656,0.0002980232238769531,0.0
1,4910,49.1,7497.4121153354645,7497.4121153354645,7497.411668300629,7497.4119663238525,0.0,-0.00014901161193847656,0.0002980232238769531,0.0005960464477539062
1,4911,49.11,7497.4121153354645,7497.4121153354645,7497.411668300629,7497.4119663238525,0.0,0.0,0.0,0.0
1,4912,49.120000000000005,7497.412413358688,7497.411519289017,7497.411668300629,7497.411370277405,0.0002980232238769531,-0.0005960464477539062,0.0,-0.0005960464477539062
1,4913,49.13,7497.4121153354645,7497.411817312241,7497.411370277405,7497.411370277405,-0.0002980232238769531,0.0002980232238769531,-0.0002980232238769531,0.0
1,4914,49.14,7497.4121153354645,7497.411817312241,7497.411370277405,7497.411370277405,0.0,0.0,0.0,0.0
1,4915,49.15,7497.412413358688,7497.411519289017,7497.411370277405,7497.411668300629,0.0002980232238769531,-0.0002980232238769531,0.0,0.0002980232238769531
1,4916,49.160000000000004,7497.4121153354645,7497.411519289017,7497.411519289017,7497.411668300629,-0.0002980232238769531,0.0,0.00014901161193847656,0.0
1,4917,49.17,7497.412413358688,7497.411817312241,7497.411370277405,7497.411370277405,0.0002980232238769531,0.0002980232238769531,-0.00014901161193847656,-0.0002980232238769531
1,4918,49.18,7497.412413358688,7497.411519289017,7497.411370277405,7497.411370277405,0.0,-0.0002980232238769531,0.0,0.0
1,4919,49.19,7497.412413358688,7497.411519289017,7497.411370277405,7497.411370277405,0.0,0.0,0.0,0.0
1,4920,49.2,7497.412413358688,7497.411519289017,7497.411370277405,7497.411370277405,0.0,0.0,0.0,0.0
1,4921,49.21,7497.412413358688,7497.411519289017,7497.411370277405,7497.411072254181,0.0,0.0,0.0,-0.0002980232238769531
1,4922,49.22,7497.412413358688,7497.411519289017,7497.411370277405,7497.411370277405,0.0,0.0,0.0,0.0002980232238769531
1,4923,49.230000000000004,7497.412413358688,7497.411519289017,7497.411221265793,7497.411370277405,0.0,0.0,-0.00014901161193847656,0.0
1,4924,49.24,7497.412413358688,7497.411072254181,7497.411519289017,7497.411370277405,0.0,-0.0004470348358154297,0.0002980232238769531,0.0
1,4925,49.25,7497.412413358688,7497.411221265793,7497.411370277405,7497.411072254181,0.0,0.00014901161193847656,-0.00014901161193847656,-0.0002980232238769531
1,4926,49.26,7497.412413358688,7497.411072254181,7497.411668300629,7497.411072254181,0.0,-0.00014901161193847656,0.0002980232238769531,0.0
1,4927,49.27,7497.412413358688,7497.411221265793,7497.411370277405,7497.411072254181,0.0,0.00014901161193847656,-0.0002980232238769531,0.0
1,4928,49.28,7497.4121153354645,7497.410923242569,7497.411370277405,7497.411072254181,-0.0002980232238769531,-0.0002980232238769531,0.0,0.0
1,4929,49.29,7497.4121153354645,7497.410625219345,7497.411817312241,7497.411072254181,0.0,-0.0002980232238769531,0.0004470348358154297,0.0
1,4930,49.300000000000004,7497.412413358688,7497.410625219345,7497.411668300629,7497.411072254181,0.0002980232238769531,0.0,-0.00014901161193847656,0.0
1,4931,49.31,7497.412413358688,7497.410625219345,7497.411668300629,7497.411072254181,0.0,0.0,0.0,0.0
1,4932,49.32,7497.4121153354645,7497.410625219345,7497.411370277405,7497.411072254181,-0.0002980232238769531,0.0,-0.0002980232238769531,0.0
1,4933,49.33,7497.4121153354645,7497.410625219345,7497.411668300629,7497.411370277405,0.0,0.0,0.0002980232238769531,0.0002980232238769531
1,4934,49.34,7497.4121153354645,7497.410774230957,7497.411668300629,7497.410774230957,0.0,0.00014901161193847656,0.0,-0.0005960464477539062
1,4935,49.35,7497.411817312241,7497.410923242569,7497.411817312241,7497.411072254181,-0.0002980232238769531,0.00014901161193847656,0.00014901161193847656,0.0002980232238769531
1,4936,49.36,7497.411817312241,7497.411072254181,7497.411668300629,7497.411370277405,0.0,0.00014901161193847656,-0.00014901161193847656,0.0002980232238769531
1,4937,49.370000000000005,7497.411817312241,7497.411072254181,7497.411668300629,7497.411370277405,0.0,0.0,0.0,0.0
1,4938,49.38,7497.4121153354645,7497.411072254181,7497.411668300629,7497.410774230957,0.0002980232238769531,0.0,0.0,-0.0005960464477539062
1,4939,49.39,7497.4121153354645,7497.410923242569,7497.411668300629,7497.411370277405,0.0,-0.00014901161193847656,0.0,0.0005960464477539062
1,4940,49.4,7497.4121153354645,7497.410625219345,7497.4119663238525,7497.411072254181,0.0,-0.0002980232238769531,0.0002980232238769531,-0.0002980232238769531
1,4941,49.410000000000004,7497.4121153354645,7497.410923242569,7497.411817312241,7497.411072254181,0.0,0.0002980232238769531,-0.00014901161193847656,0.0
1,4942,49.42,7497.4121153354645,7497.410625219345,7497.411817312241,7497.411370277405,0.0,-0.0002980232238769531,0.0,0.0002980232238769531
1,4943,49.43,7497.4121153354645,7497.410774230957,7497.411668300629,7497.411072254181,0.0,0.00014901161193847656,-0.00014901161193847656,-0.0002980232238769531
1,4944,49.44,7497.4121153354645,7497.410774230957,7497.411668300629,7497.411072254181,0.0,0.0,0.0,0.0
1,4945,49.45,7497.4121153354645,7497.410923242569,7497.4119663238525,7497.410774230957,0.0,0.00014901161193847656,0.0002980232238769531,-0.0002980232238769531
1,4946,49.46,7497.4121153354645,7497.410923242569,7497.4119663238525,7497.410774230957,0.0,0.0,0.0,0.0
1,4947,49.47,7497.4121153354645,7497.410923242569,7497.4119663238525,7497.410774230957,0.0,0.0,0.0,0.0
1,4948,49.480000000000004,7497.411817312241,7497.410923242569,7497.4119663238525,7497.411072254181,-0.0002980232238769531,0.0,0.0,0.0002980232238769531
1,4949,49.49,7497.4121153354645,7497.410774230957,7497.4119663238525,7497.410774230957,0.0002980232238769531,-0.00014901161193847656,0.0,-0.0002980232238769531
1,4950,49.5,7497.411817312241,7497.410625219345,7497.4125623703,7497.411370277405,-0.0002980232238769531,-0.00014901161193847656,0.0005960464477539062,0.0005960464477539062
1,4951,49.51,7497.411519289017,7497.410923242569,7497.412264347076,7497.411370277405,-0.0002980232238769531,0.0002980232238769531,-0.0002980232238769531,0.0
1,4952,49.52,7497.4121153354645,7497.411072254181,7497.412264347076,7497.411370277405,0.0005960464477539062,0.00014901161193847656,0.0,0.0
1,4953,49.53,7497.4121153354645,7497.411072254181,7497.412264347076,7497.411370277405,0.0,0.0,0.0,0.0
1,4954,49.54,7497.4121153354645,7497.411072254181,7497.412264347076,7497.411370277405,0.0,0.0,0.0,0.0
1,4955,49.550000000000004,7497.4121153354645,7497.411072254181,7497.4121153354645,7497.411370277405,0.0,0.0,-0.00014901161193847656,0.0
1,4956,49.56,7497.411519289017,7497.411370277405,7497.412264347076,7497.410774230957,-0.0005960464477539062,0.0002980232238769531,0.00014901161193847656,-0.0005960464477539062
1,4957,49.57,7497.411519289017,7497.411221265793,7497.412264347076,7497.411072254181,0.0,-0.00014901161193847656,0.0,0.0002980232238769531
1,4958,49.58,7497.411519289017,7497.411221265793,7497.412264347076,7497.411072254181,0.0,0.0,0.0,0.0
1,4959,49.59,7497.411519289017,7497.411221265793,7497.412264347076,7497.411072254181,0.0,0.0,0.0,0.0
1,4960,49.6,7497.411519289017,7497.411221265793,7497.412413358688,7497.411072254181,0.0,0.0,0.00014901161193847656,0.0
1,4961,49.61,7497.411519289017,7497.411221265793,7497.4121153354645,7497.411072254181,0.0,0.0,-0.0002980232238769531,0.0
1,4962,49.620000000000005,7497.411519289017,7497.411370277405,7497.412264347076,7497.411072254181,0.0,0.00014901161193847656,0.00014901161193847656,0.0
1,4963,49.63,7497.411221265793,7497.410923242569,7497.412413358688,7497.411668300629,-0.0002980232238769531,-0.0004470348358154297,0.00014901161193847656,0.0005960464477539062
1,4964,49.64,7497.410923242569,7497.410923242569,7497.4125623703,7497.411668300629,-0.0002980232238769531,0.0,0.00014901161193847656,0.0
1,4965,49.65,7497.411221265793,7497.410774230957,7497.412264347076,7497.4119663238525,0.0002980232238769531,-0.00014901161193847656,-0.0002980232238769531,0.0002980232238769531
1,4966,49.660000000000004,7497.410923242569,7497.410774230957,7497.412413358688,7497.4119663238525,-0.0002980232238769531,0.0,0.00014901161193847656,0.0
1,4967,49.67,7497.410923242569,7497.410774230957,7497.4121153354645,7497.4119663238525,0.0,0.0,-0.0002980232238769531,0.0
1,4968,49.68,7497.410923242569,7497.410923242569,7497.4121153354645,7497.4119663238525,0.0,0.00014901161193847656,0.0,0.0
1,4969,49.69,7497.410923242569,7497.410923242569,7497.412264347076,7497.4119663238525,0.0,0.0,0.00014901161193847656,0.0
1,4970,49.7,7497.410923242569,7497.411370277405,7497.412264347076,7497.4119663238525,0.0,0.0004470348358154297,0.0,0.0
1,4971,49.71,7497.410625219345,7497.411221265793,7497.412860393524,7497.4119663238525,-0.0002980232238769531,-0.00014901161193847656,0.0005960464477539062,0.0
1,4972,49.72,7497.410625219345,7497.411221265793,7497.4125623703,7497.4119663238525,0.0,0.0,-0.0002980232238769531,0.0
1,4973,49.730000000000004,7497.410625219345,7497.411221265793,7497.4125623703,7497.4119663238525,0.0,0.0,0.0,0.0
1,4974,49.74,7497.410625219345,7497.411519289017,7497.4125623703,7497.4119663238525,0.0,0.0002980232238769531,0.0,0.0
1,4975,49.75,7497.410327196121,7497.411519289017,7497.4125623703,7497.4119663238525,-0.0002980232238769531,0.0,0.0,0.0
1,4976,49.76,7497.410327196121,7497.411668300629,7497.4125623703,7497.4119663238525,0.0,0.00014901161193847656,0.0,0.0
1,4977,49.77,7497.410327196121,7497.411817312241,7497.412264347076,7497.4119663238525,0.0,0.00014901161193847656,-0.0002980232238769531,0.0
1,4978,49.78,7497.410327196121,7497.411668300629,7497.412264347076,7497.4119663238525,0.0,-0.00014901161193847656,0.0,0.0
1,4979,49.79,7497.410625219345,7497.411668300629,7497.412264347076,7497.4119663238525,0.0002980232238769531,0.0,0.0,0.0
1,4980,49.800000000000004,7497.410923242569,7497.4121153354645,7497.4119663238525,7497.411370277405,0.0002980232238769531,0.0004470348358154297,-0.0002980232238769531,-0.0005960464477539062
1,4981,49.81,7497.410923242569,7497.4119663238525,7497.4119663238525,7497.411668300629,0.0,-0.00014901161193847656,0.0,0.0002980232238769531
1,4982,49.82,7497.410923242569,7497.4119663238525,7497.4121153354645,7497.411370277405,0.0,0.0,0.00014901161193847656,-0.0002980232238769531
1,4983,49.83,7497.411221265793,7497.411817312241,7497.411817312241,7497.411370277405,0.0002980232238769531,-0.00014901161193847656,-0.0002980232238769531,0.0
1,4984,49.84,7497.410923242569,7497.4119663238525,7497.411668300629,7497.411668300629,-0.0002980232238769531,0.00014901161193847656,-0.00014901161193847656,0.0002980232238769531
1,4985,49.85,7497.410923242569,7497.4121153354645,7497.411668300629,7497.411668300629,0.0,0.00014901161193847656,0.0,0.0
1,4986,49.86,7497.410923242569,7497.411817312241,7497.411817312241,7497.4119663238525,0.0,-0.0002980232238769531,0.00014901161193847656,0.0002980232238769531
1,4987,49.870000000000005,7497.410923242569,7497.4119663238525,7497.411668300629,7497.4119663238525,0.0,0.00014901161193847656,-0.00014901161193847656,0.0
1,4988,49.88,7497.410923242569,7497.4121153354645,7497.411668300629,7497.411370277405,0.0,0.00014901161193847656,0.0,-0.0005960464477539062
1,4989,49.89,7497.410923242569,7497.411817312241,7497.411817312241,7497.411370277405,0.0,-0.0002980232238769531,0.00014901161193847656,0.0
1,4990,49.9,7497.410923242569,7497.412413358688,7497.411817312241,7497.411370277405,0.0,0.0005960464477539062,0.0,0.0
1,4991,49.910000000000004,7497.410923242569,7497.412413358688,7497.411817312241,7497.411370277405,0.0,0.0,0.0,0.0
1,4992,49.92,7497.410923242569,7497.412413358688,7497.411817312241,7497.411370277405,0.0,0.0,0.0,0.0
1,4993,49.93,7497.410923242569,7497.412413358688,7497.411668300629,7497.411370277405,0.0,0.0,-0.00014901161193847656,0.0
1,4994,49.94,7497.411221265793,7497.411817312241,7497.411817312241,7497.4119663238525,0.0002980232238769531,-0.0005960464477539062,0.00014901161193847656,0.0005960464477539062
1,4995,49.95,7497.411221265793,7497.4119663238525,7497.411817312241,7497.4119663238525,0.0,0.00014901161193847656,0.0,0.0
1,4996,49.96,7497.411221265793,7497.4121153354645,7497.411668300629,7497.4119663238525,0.0,0.00014901161193847656,-0.00014901161193847656,0.0
1,4997,49.97,7497.411221265793,7497.411817312241,7497.411817312241,7497.4119663238525,0.0,-0.0002980232238769531,0.00014901161193847656,0.0
1,4998,49.980000000000004,7497.411519289017,7497.4121153354645,7497.411668300629,7497.411370277405,0.0002980232238769531,0.0002980232238769531,-0.00014901161193847656,-0.0005960464477539062
1,4999,49.99,7497.411519289017,7497.4121153354645,7497.4119663238525,7497.411668300629,0.0,0.0,0.0002980232238769531,0.0002980232238769531
1,5000,50.0,7497.411519289017,7497.4121153354645,7497.4119663238525,7497.4119663238525,0.0,0.0,0.0,0.0002980232238769531
1,5001,50.01,7497.411817312241,7497.412413358688,7497.411668300629,7497.4119663238525,0.0002980232238769531,0.0002980232238769531,-0.0002980232238769531,0.0
1,5002,50.02,7497.411817312241,7497.412264347076,7497.411668300629,7497.4119663238525,0.0,-0.00014901161193847656,0.0,0.0
1,5003,50.03,7497.411817312241,7497.4125623703,7497.411668300629,7497.4119663238525,0.0,0.0002980232238769531,0.0,0.0
1,5004,50.04,7497.4121153354645,7497.412264347076,7497.411817312241,7497.4125623703,0.0002980232238769531,-0.0002980232238769531,0.00014901161193847656,0.0005960464477539062
1,5005,50.050000000000004,7497.411817312241,7497.4119663238525,7497.4119663238525,7497.4125623703,-0.0002980232238769531,-0.0002980232238769531,0.00014901161193847656,0.0
1,5006,50.06,7497.411519289017,7497.4121153354645,7497.4121153354645,7497.4125623703,-0.0002980232238769531,0.00014901161193847656,0.00014901161193847656,0.0
1,5007,50.07,7497.411519289017,7497.4121153354645,7497.4119663238525,7497.4119663238525,0.0,0.0,-0.00014901161193847656,-0.0005960464477539062
1,5008,50.08,7497.411817312241,7497.412413358688,7497.411668300629,7497.4119663238525,0.0002980232238769531,0.0002980232238769531,-0.0002980232238769531,0.0
1,5009,50.09,7497.411817312241,7497.412413358688,7497.411817312241,7497.4119663238525,0.0,0.0,0.00014901161193847656,0.0
1,5010,50.1,7497.4121153354645,7497.4125623703,7497.4119663238525,7497.4119663238525,0.0002980232238769531,0.00014901161193847656,0.00014901161193847656,0.0
1,5011,50.11,7497.411519289017,7497.4125623703,7497.4119663238525,7497.411668300629,-0.0005960464477539062,0.0,0.0,-0.0002980232238769531
1,5012,50.120000000000005,7497.4121153354645,7497.412413358688,7497.411668300629,7497.4119663238525,0.0005960464477539062,-0.00014901161193847656,-0.0002980232238769531,0.0002980232238769531
1,5013,50.13,7497.4121153354645,7497.412413358688,7497.411668300629,7497.4119663238525,0.0,0.0,0.0,0.0
1,5014,50.14,7497.411817312241,7497.4125623703,7497.411817312241,7497.4119663238525,-0.0002980232238769531,0.00014901161193847656,0.00014901161193847656,0.0
1,5015,50.15,7497.4121153354645,7497.4125623703,7497.411668300629,7497.4119663238525,0.0002980232238769531,0.0,-0.00014901161193847656,0.0
1,5016,50.160000000000004,7497.4121153354645,7497.412860393524,7497.4119663238525,7497.4119663238525,0.0,0.0002980232238769531,0.0002980232238769531,0.0
1,5017,50.17,7497.4121153354645,7497.412711381912,7497.411668300629,7497.4119663238525,0.0,-0.00014901161193847656,-0.0002980232238769531,0.0
1,5018,50.18,7497.4121153354645,7497.413009405136,7497.411519289017,7497.411370277405,0.0,0.0002980232238769531,-0.00014901161193847656,-0.0005960464477539062
1,5019,50.19,7497.411817312241,7497.413158416748,7497.411668300629,7497.411370277405,-0.0002980232238769531,0.00014901161193847656,0.00014901161193847656,0.0
1,5020,50.2,7497.4121153354645,7497.412860393524,7497.411668300629,7497.411668300629,0.0002980232238769531,-0.0002980232238769531,0.0,0.0002980232238769531
1,5021,50.21,7497.4121153354645,7497.413009405136,7497.411668300629,7497.411370277405,0.0,0.00014901161193847656,0.0,-0.0002980232238769531
1,5022,50.22,7497.412413358688,7497.412711381912,7497.411668300629,7497.411370277405,0.0002980232238769531,-0.0002980232238769531,0.0,0.0
1,5023,50.230000000000004,7497.412413358688,7497.412711381912,7497.411370277405,7497.411370277405,0.0,0.0,-0.0002980232238769531,0.0
1,5024,50.24,7497.4121153354645,7497.412413358688,7497.411668300629,7497.411668300629,-0.0002980232238769531,-0.0002980232238769531,0.0002980232238769531,0.0002980232238769531
1,5025,50.25,7497.4121153354645,7497.4125623703,7497.411519289017,7497.411370277405,0.0,0.00014901161193847656,-0.00014901161193847656,-0.0002980232238769531
1,5026,50.26,7497.4121153354645,7497.412711381912,7497.411370277405,7497.411668300629,0.0,0.00014901161193847656,-0.00014901161193847656,0.0002980232238769531
1,5027,50.27,7497.4121153354645,7497.4125623703,7497.411370277405,7497.411370277405,0.0,-0.00014901161193847656,0.0,-0.0002980232238769531
1,5028,50.28,7497.4121153354645,7497.4125623703,7497.411370277405,7497.411370277405,0.0,0.0,0.0,0.0
1,5029,50.29,7497.4121153354645,7497.412711381912,7497.411221265793,7497.411370277405,0.0,0.00014901161193847656,-0.00014901161193847656,0.0
1,5030,50.300000000000004,7497.4121153354645,7497.412711381912,7497.411221265793,7497.411370277405,0.0,0.0,0.0,0.0
1,5031,50.31,7497.4121153354645,7497.412711381912,7497.411221265793,7497.411370277405,0.0,0.0,0.0,0.0
1,5032,50.32,7497.4121153354645,7497.412711381912,7497.411072254181,7497.411370277405,0.0,0.0,-0.00014901161193847656,0.0
1,5033,50.33,7497.4121153354645,7497.412413358688,7497.411221265793,7497.411370277405,0.0,-0.0002980232238769531,0.00014901161193847656,0.0
1,5034,50.34,7497.4121153354645,7497.4121153354645,7497.411370277405,7497.411668300629,0.0,-0.0002980232238769531,0.00014901161193847656,0.0002980232238769531
1,5035,50.35,7497.4121153354645,7497.411817312241,7497.411072254181,7497.4119663238525,0.0,-0.0002980232238769531,-0.0002980232238769531,0.0002980232238769531
1,5036,50.36,7497.4121153354645,7497.4121153354645,7497.411072254181,7497.4119663238525,0.0,0.0002980232238769531,0.0,0.0
1,5037,50.370000000000005,7497.412413358688,7497.4121153354645,7497.411072254181,7497.4119663238525,0.0002980232238769531,0.0,0.0,0.0
1,5038,50.38,7497.412413358688,7497.4121153354645,7497.410774230957,7497.411668300629,0.0,0.0,-0.0002980232238769531,-0.0002980232238769531
1,5039,50.39,7497.412413358688,7497.4121153354645,7497.410774230957,7497.411668300629,0.0,0.0,0.0,0.0
1,5040,50.4,7497.412413358688,7497.411817312241,7497.410923242569,7497.4119663238525,0.0,-0.0002980232238769531,0.00014901161193847656,0.0002980232238769531
1,5041,50.410000000000004,7497.4121153354645,7497.411817312241,7497.411072254181,7497.411668300629,-0.0002980232238769531,0.0,0.00014901161193847656,-0.0002980232238769531
1,5042,50.42,7497.4121153354645,7497.411817312241,7497.410774230957,7497.411668300629,0.0,0.0,-0.0002980232238769531,0.0
1,5043,50.43,7497.4121153354645,7497.411817312241,7497.410923242569,7497.411668300629,0.0,0.0,0.00014901161193847656,0.0
1,5044,50.44,7497.412413358688,7497.411817312241,7497.410774230957,7497.411668300629,0.0002980232238769531,0.0,-0.00014901161193847656,0.0
1,5045,50.45,7497.412413358688,7497.411817312241,7497.410774230957,7497.411668300629,0.0,0.0,0.0,0.0
1,5046,50.46,7497.412413358688,7497.411817312241,7497.410774230957,7497.411668300629,0.0,0.0,0.0,0.0
1,5047,50.47,7497.4121153354645,7497.411370277405,7497.411221265793,7497.4119663238525,-0.0002980232238769531,-0.0004470348358154297,0.0004470348358154297,0.0002980232238769531
1,5048,50.480000000000004,7497.4121153354645,7497.411370277405,7497.411370277405,7497.4119663238525,0.0,0.0,0.00014901161193847656,0.0
1,5049,50.49,7497.4121153354645,7497.411519289017,7497.411370277405,7497.4119663238525,0.0,0.00014901161193847656,0.0,0.0
1,5050,50.5,7497.4121153354645,7497.411519289017,7497.411370277405,7497.4119663238525,0.0,0.0,0.0,0.0
1,5051,50.51,7497.4121153354645,7497.411519289017,7497.411072254181,7497.4119663238525,0.0,0.0,-0.0002980232238769531,0.0
1,5052,50.52,7497.4121153354645,7497.411519289017,7497.411221265793,7497.4119663238525,0.0,0.0,0.00014901161193847656,0.0
1,5053,50.53,7497.4121153354645,7497.411519289017,7497.411221265793,7497.4119663238525,0.0,0.0,0.0,0.0
1,5054,50.54,7497.4121153354645,7497.411221265793,7497.411370277405,7497.4119663238525,0.0,-0.0002980232238769531,0.00014901161193847656,0.0
1,5055,50.550000000000004,7497.4121153354645,7497.411370277405,7497.411370277405,7497.4125623703,0.0,0.00014901161193847656,0.0,0.0005960464477539062
1,5056,50.56,7497.4121153354645,7497.410923242569,7497.411370277405,7497.4125623703,0.0,-0.0004470348358154297,0.0,0.0
1,5057,50.57,7497.4121153354645,7497.411221265793,7497.411221265793,7497.4125623703,0.0,0.0002980232238769531,-0.00014901161193847656,0.0
1,5058,50.58,7497.411519289017,7497.411221265793,7497.411668300629,7497.412264347076,-0.0005960464477539062,0.0,0.0004470348358154297,-0.0002980232238769531
1,5059,50.59,7497.411519289017,7497.411370277405,7497.411668300629,7497.4125623703,0.0,0.00014901161193847656,0.0,0.0002980232238769531
1,5060,50.6,7497.411519289017,7497.411221265793,7497.411668300629,7497.4125623703,0.0,-0.00014901161193847656,0.0,0.0
1,5061,50.61,7497.411519289017,7497.411221265793,7497.4119663238525,7497.4125623703,0.0,0.0,0.0002980232238769531,0.0
1,5062,50.620000000000005,7497.411817312241,7497.411221265793,7497.411668300629,7497.4125623703,0.0002980232238769531,0.0,-0.0002980232238769531,0.0
1,5063,50.63,7497.411817312241,7497.411072254181,7497.411668300629,7497.4125623703,0.0,-0.00014901161193847656,0.0,0.0
1,5064,50.64,7497.4121153354645,7497.411072254181,7497.411817312241,7497.4125623703,0.0002980232238769531,0.0,0.00014901161193847656,0.0
1,5065,50.65,7497.411519289017,7497.411519289017,7497.411817312241,7497.4119663238525,-0.0005960464477539062,0.0004470348358154297,0.0,-0.0005960464477539062
1,5066,50.660000000000004,7497.411519289017,7497.411519289017,7497.411817312241,7497.4119663238525,0.0,0.0,0.0,0.0
1,5067,50.67,7497.411519289017,7497.411519289017,7497.411668300629,7497.4119663238525,0.0,0.0,-0.00014901161193847656,0.0
1,5068,50.68,7497.411519289017,7497.411519289017,7497.411817312241,7497.4119663238525,0.0,0.0,0.00014901161193847656,0.0
1,5069,50.69,7497.411519289017,7497.411519289017,7497.411817312241,7497.4119663238525,0.0,0.0,0.0,0.0
1,5070,50.7,7497.411519289017,7497.411668300629,7497.4119663238525,7497.4119663238525,0.0,0.00014901161193847656,0.00014901161193847656,0.0
1,5071,50.71,7497.411519289017,7497.411519289017,7497.4119663238525,7497.4119663238525,0.0,-0.00014901161193847656,0.0,0.0
1,5072,50.72,7497.411817312241,7497.411668300629,7497.4119663238525,7497.4119663238525,0.0002980232238769531,0.00014901161193847656,0.0,0.0
1,5073,50.730000000000004,7497.4121153354645,7497.411817312241,7497.4119663238525,7497.4119663238525,0.0002980232238769531,0.00014901161193847656,0.0,0.0
1,5074,50.74,7497.4121153354645,7497.411668300629,7497.4119663238525,7497.4119663238525,0.0,-0.00014901161193847656,0.0,0.0
1,5075,50.75,7497.4121153354645,7497.411668300629,7497.4119663238525,7497.4119663238525,0.0,0.0,0.0,0.0
1,5076,50.76,7497.4121153354645,7497.411519289017,7497.4121153354645,7497.4119663238525,0.0,-0.00014901161193847656,0.00014901161193847656,0.0
1,5077,50.77,7497.411519289017,7497.411370277405,7497.4119663238525,7497.412264347076,-0.0005960464477539062,-0.00014901161193847656,-0.00014901161193847656,0.0002980232238769531
1,5078,50.78,7497.411519289017,7497.411221265793,7497.4119663238525,7497.4119663238525,0.0,-0.00014901161193847656,0.0,-0.0002980232238769531
1,5079,50.79,7497.411519289017,7497.411370277405,7497.4119663238525,7497.412264347076,0.0,0.00014901161193847656,0.0,0.0002980232238769531
1,5080,50.800000000000004,7497.411519289017,7497.411370277405,7497.4119663238525,7497.4119663238525,0.0,0.0,0.0,-0.0002980232238769531
1,5081,50.81,7497.411519289017,7497.411519289017,7497.411817312241,7497.4119663238525,0.0,0.00014901161193847656,-0.00014901161193847656,0.0
1,5082,50.82,7497.411519289017,7497.411519289017,7497.411817312241,7497.4119663238525,0.0,0.0,0.0,0.0
1,5083,50.83,7497.411519289017,7497.411370277405,7497.411817312241,7497.4119663238525,0.0,-0.00014901161193847656,0.0,0.0
1,5084,50.84,7497.411519289017,7497.411519289017,7497.411817312241,7497.4119663238525,0.0,0.00014901161193847656,0.0,0.0
1,5085,50.85,7497.411221265793,7497.411668300629,7497.4119663238525,7497.411668300629,-0.0002980232238769531,0.00014901161193847656,0.00014901161193847656,-0.0002980232238769531
1,5086,50.86,7497.411519289017,7497.411668300629,7497.4119663238525,7497.411668300629,0.0002980232238769531,0.0,0.0,0.0
1,5087,50.870000000000005,7497.411221265793,7497.411817312241,7497.4119663238525,7497.411668300629,-0.0002980232238769531,0.00014901161193847656,0.0,0.0
1,5088,50.88,7497.411519289017,7497.411668300629,7497.411668300629,7497.411668300629,0.0002980232238769531,-0.00014901161193847656,-0.0002980232238769531,0.0
1,5089,50.89,7497.411817312241,7497.411668300629,7497.411370277405,7497.411370277405,0.0002980232238769531,0.0,-0.0002980232238769531,-0.0002980232238769531
1,5090,50.9,7497.411817312241,7497.411817312241,7497.411370277405,7497.411370277405,0.0,0.00014901161193847656,0.0,0.0
1,5091,50.910000000000004,7497.4121153354645,7497.411817312241,7497.411370277405,7497.411668300629,0.0002980232238769531,0.0,0.0,0.0002980232238769531
1,5092,50.92,7497.411519289017,7497.411519289017,7497.411668300629,7497.4119663238525,-0.0005960464477539062,-0.0002980232238769531,0.0002980232238769531,0.0002980232238769531
1,5093,50.93,7497.411519289017,7497.411519289017,7497.411668300629,7497.4119663238525,0.0,0.0,0.0,0.0
1,5094,50.94,7497.411519289017,7497.411221265793,7497.411668300629,7497.4119663238525,0.0,-0.0002980232238769531,0.0,0.0
1,5095,50.95,7497.411519289017,7497.411221265793,7497.411668300629,7497.4119663238525,0.0,0.0,0.0,0.0
1,5096,50.96,7497.411519289017,7497.411817312241,7497.411668300629,7497.411668300629,0.0,0.0005960464477539062,0.0,-0.0002980232238769531
1,5097,50.97,7497.411519289017,7497.411668300629,7497.411668300629,7497.411668300629,0.0,-0.00014901161193847656,0.0,0.0
1,5098,50.980000000000004,7497.411519289017,7497.411817312241,7497.411668300629,7497.411668300629,0.0,0.00014901161193847656,0.0,0.0
1,5099,50.99,7497.411519289017,7497.411817312241,7497.411668300629,7497.411668300629,0.0,0.0,0.0,0.0
1,5100,51.0,7497.411221265793,7497.4121153354645,7497.4119663238525,7497.4119663238525,-0.0002980232238769531,0.0002980232238769531,0.0002980232238769531,0.0002980232238769531
1,5101,51.01,7497.411519289017,7497.411668300629,7497.4119663238525,7497.4119663238525,0.0002980232238769531,-0.0004470348358154297,0.0,0.0
1,5102,51.02,7497.411519289017,7497.411668300629,7497.4121153354645,7497.4119663238525,0.0,0.0,0.00014901161193847656,0.0
1,5103,51.03,7497.411519289017,7497.411519289017,7497.412264347076,7497.4119663238525,0.0,-0.00014901161193847656,0.00014901161193847656,0.0
1,5104,51.04,7497.411221265793,7497.411519289017,7497.412264347076,7497.4119663238525,-0.0002980232238769531,0.0,0.0,0.0
1,5105,51.050000000000004,7497.411519289017,7497.411519289017,7497.412264347076,7497.4119663238525,0.0002980232238769531,0.0,0.0,0.0
1,5106,51.06,7497.411519289017,7497.411519289017,7497.412264347076,7497.4119663238525,0.0,0.0,0.0,0.0
1,5107,51.07,7497.411519289017,7497.411221265793,7497.412264347076,7497.4119663238525,0.0,-0.0002980232238769531,0.0,0.0
1,5108,51.08,7497.411519289017,7497.411221265793,7497.412264347076,7497.4119663238525,0.0,0.0,0.0,0.0
1,5109,51.09,7497.411519289017,7497.410923242569,7497.412264347076,7497.4119663238525,0.0,-0.0002980232238769531,0.0,0.0
1,5110,51.1,7497.411221265793,7497.410774230957,7497.412264347076,7497.412264347076,-0.0002980232238769531,-0.00014901161193847656,0.0,0.0002980232238769531
1,5111,51.11,7497.411519289017,7497.410774230957,7497.412264347076,7497.412264347076,0.0002980232238769531,0.0,0.0,0.0
1,5112,51.120000000000005,7497.411221265793,7497.410774230957,7497.412413358688,7497.4125623703,-0.0002980232238769531,0.0,0.00014901161193847656,0.0002980232238769531
1,5113,51.13,7497.411221265793,7497.410923242569,7497.412413358688,7497.4125623703,0.0,0.00014901161193847656,0.0,0.0
1,5114,51.14,7497.411519289017,7497.411519289017,7497.412264347076,7497.412264347076,0.0002980232238769531,0.0005960464477539062,-0.00014901161193847656,-0.0002980232238769531
1,5115,51.15,7497.411519289017,7497.411668300629,7497.4119663238525,7497.4119663238525,0.0,0.00014901161193847656,-0.0002980232238769531,-0.0002980232238769531
1,5116,51.160000000000004,7497.411519289017,7497.411221265793,7497.412264347076,7497.4125623703,0.0,-0.0004470348358154297,0.0002980232238769531,0.0005960464477539062
1,5117,51.17,7497.411519289017,7497.411221265793,7497.412264347076,7497.4125623703,0.0,0.0,0.0,0.0
1,5118,51.18,7497.411519289017,7497.411221265793,7497.412264347076,7497.4125623703,0.0,0.0,0.0,0.0
1,5119,51.19,7497.411519289017,7497.411221265793,7497.412264347076,7497.412264347076,0.0,0.0,0.0,-0.0002980232238769531
1,5120,51.2,7497.411817312241,7497.411221265793,7497.412264347076,7497.412264347076,0.0002980232238769531,0.0,0.0,0.0
1,5121,51.21,7497.411519289017,7497.411519289017,7497.412413358688,7497.4119663238525,-0.0002980232238769531,0.0002980232238769531,0.00014901161193847656,-0.0002980232238769531
1,5122,51.22,7497.411519289017,7497.411519289017,7497.4125623703,7497.4119663238525,0.0,0.0,0.00014901161193847656,0.0
1,5123,51.230000000000004,7497.411519289017,7497.4121153354645,7497.4125623703,7497.411370277405,0.0,0.0005960464477539062,0.0,-0.0005960464477539062
1,5124,51.24,7497.411519289017,7497.411817312241,7497.4125623703,7497.4119663238525,0.0,-0.0002980232238769531,0.0,0.0005960464477539062
1,5125,51.25,7497.411519289017,7497.411668300629,7497.4125623703,7497.411668300629,0.0,-0.00014901161193847656,0.0,-0.0002980232238769531
1,5126,51.26,7497.411519289017,7497.411668300629,7497.4125623703,7497.411370277405,0.0,0.0,0.0,-0.0002980232238769531
1,5127,51.27,7497.411519289017,7497.411817312241,7497.4125623703,7497.411370277405,0.0,0.00014901161193847656,0.0,0.0
1,5128,51.28,7497.411519289017,7497.411668300629,7497.412264347076,7497.411370277405,0.0,-0.00014901161193847656,-0.0002980232238769531,0.0
1,5129,51.29,7497.411519289017,7497.411668300629,7497.4125623703,7497.411668300629,0.0,0.0,0.0002980232238769531,0.0002980232238769531
1,5130,51.300000000000004,7497.411519289017,7497.411668300629,7497.4125623703,7497.411668300629,0.0,0.0,0.0,0.0
1,5131,51.31,7497.411519289017,7497.411668300629,7497.4125623703,7497.411668300629,0.0,0.0,0.0,0.0
1,5132,51.32,7497.4121153354645,7497.4119663238525,7497.412264347076,7497.411370277405,0.0005960464477539062,0.0002980232238769531,-0.0002980232238769531,-0.0002980232238769531
1,5133,51.33,7497.411817312241,7497.411668300629,7497.412264347076,7497.411370277405,-0.0002980232238769531,-0.0002980232238769531,0.0,0.0
1,5134,51.34,7497.411817312241,7497.411817312241,7497.412264347076,7497.411370277405,0.0,0.00014901161193847656,0.0,0.0
1,5135,51.35,7497.411817312241,7497.411817312241,7497.4119663238525,7497.411370277405,0.0,0.0,-0.0002980232238769531,0.0
1,5136,51.36,7497.4121153354645,7497.4121153354645,7497.4119663238525,7497.411370277405,0.0002980232238769531,0.0002980232238769531,0.0,0.0
1,5137,51.370000000000005,7497.411519289017,7497.4121153354645,7497.412264347076,7497.411668300629,-0.0005960464477539062,0.0,0.0002980232238769531,0.0002980232238769531
1,5138,51.38,7497.411519289017,7497.411817312241,7497.412413358688,7497.411668300629,0.0,-0.0002980232238769531,0.00014901161193847656,0.0
1,5139,51.39,7497.411519289017,7497.411817312241,7497.412264347076,7497.411668300629,0.0,0.0,-0.00014901161193847656,0.0
1,5140,51.4,7497.411519289017,7497.4121153354645,7497.412413358688,7497.411668300629,0.0,0.0002980232238769531,0.00014901161193847656,0.0
1,5141,51.410000000000004,7497.411817312241,7497.4119663238525,7497.412264347076,7497.411370277405,0.0002980232238769531,-0.00014901161193847656,-0.00014901161193847656,-0.0002980232238769531
1,5142,51.42,7497.411817312241,7497.411668300629,7497.4121153354645,7497.4119663238525,0.0,-0.0002980232238769531,-0.00014901161193847656,0.0005960464477539062
1,5143,51.43,7497.411817312241,7497.411519289017,7497.4119663238525,7497.4119663238525,0.0,-0.00014901161193847656,-0.00014901161193847656,0.0
1,5144,51.44,7497.411817312241,7497.411668300629,7497.4119663238525,7497.4119663238525,0.0,0.00014901161193847656,0.0,0.0
1,5145,51.45,7497.411817312241,7497.411668300629,7497.4119663238525,7497.4119663238525,0.0,0.0,0.0,0.0
1,5146,51.46,7497.411817312241,7497.411668300629,7497.411817312241,7497.4119663238525,0.0,0.0,-0.00014901161193847656,0.0
1,5147,51.47,7497.411817312241,7497.411668300629,7497.411817312241,7497.4119663238525,0.0,0.0,0.0,0.0
1,5148,51.480000000000004,7497.4121153354645,7497.4119663238525,7497.411817312241,7497.4119663238525,0.0002980232238769531,0.0002980232238769531,0.0,0.0
1,5149,51.49,7497.4121153354645,7497.411817312241,7497.4119663238525,7497.4119663238525,0.0,-0.00014901161193847656,0.00014901161193847656,0.0
1,5150,51.5,7497.4121153354645,7497.411817312241,7497.4119663238525,7497.4119663238525,0.0,0.0,0.0,0.0
1,5151,51.51,7497.4121153354645,7497.4121153354645,7497.411817312241,7497.4119663238525,0.0,0.0002980232238769531,-0.00014901161193847656,0.0
1,5152,51.52,7497.4121153354645,7497.4121153354645,7497.411817312241,7497.4119663238525,0.0,0.0,0.0,0.0
1,5153,51.53,7497.412413358688,7497.4121153354645,7497.4119663238525,7497.4119663238525,0.0002980232238769531,0.0,0.00014901161193847656,0.0
1,5154,51.54,7497.412413358688,7497.4121153354645,7497.4119663238525,7497.4119663238525,0.0,0.0,0.0,0.0
1,5155,51.550000000000004,7497.4121153354645,7497.4121153354645,7497.4121153354645,7497.4119663238525,-0.0002980232238769531,0.0,0.00014901161193847656,0.0
1,5156,51.56,7497.4121153354645,7497.4121153354645,7497.4119663238525,7497.4119663238525,0.0,0.0,-0.00014901161193847656,0.0
1,5157,51.57,7497.4121153354645,7497.412413358688,7497.411668300629,7497.4119663238525,0.0,0.0002980232238769531,-0.0002980232238769531,0.0
1,5158,51.58,7497.4121153354645,7497.412711381912,7497.411519289017,7497.4119663238525,0.0,0.0002980232238769531,-0.00014901161193847656,0.0
1,5159,51.59,7497.4121153354645,7497.412711381912,7497.411519289017,7497.4119663238525,0.0,0.0,0.0,0.0
1,5160,51.6,7497.4121153354645,7497.412711381912,7497.411668300629,7497.411668300629,0.0,0.0,0.00014901161193847656,-0.0002980232238769531
1,5161,51.61,7497.411519289017,7497.412264347076,7497.4121153354645,7497.4119663238525,-0.0005960464477539062,-0.0004470348358154297,0.0004470348358154297,0.0002980232238769531
1,5162,51.620000000000005,7497.411817312241,7497.412413358688,7497.4119663238525,7497.411668300629,0.0002980232238769531,0.00014901161193847656,-0.00014901161193847656,-0.0002980232238769531
1,5163,51.63,7497.411817312241,7497.412413358688,7497.4119663238525,7497.411668300629,0.0,0.0,0.0,0.0
1,5164,51.64,7497.411817312241,7497.412413358688,7497.4121153354645,7497.4119663238525,0.0,0.0,0.00014901161193847656,0.0002980232238769531
1,5165,51.65,7497.4121153354645,7497.412264347076,7497.412264347076,7497.4119663238525,0.0002980232238769531,-0.00014901161193847656,0.00014901161193847656,0.0
1,5166,51.660000000000004,7497.4121153354645,7497.412711381912,7497.411668300629,7497.411370277405,0.0,0.0004470348358154297,-0.0005960464477539062,-0.0005960464477539062
1,5167,51.67,7497.4121153354645,7497.413009405136,7497.411668300629,7497.411370277405,0.0,0.0002980232238769531,0.0,0.0
1,5168,51.68,7497.4121153354645,7497.413009405136,7497.411668300629,7497.411370277405,0.0,0.0,0.0,0.0
1,5169,51.69,7497.4121153354645,7497.413009405136,7497.411668300629,7497.411668300629,0.0,0.0,0.0,0.0002980232238769531
1,5170,51.7,7497.412711381912,7497.412711381912,7497.411668300629,7497.411668300629,0.0005960464477539062,-0.0002980232238769531,0.0,0.0
1,5171,51.71,7497.412711381912,7497.412711381912,7497.411519289017,7497.411370277405,0.0,0.0,-0.00014901161193847656,-0.0002980232238769531
1,5172,51.72,7497.412413358688,7497.412413358688,7497.411519289017,7497.411668300629,-0.0002980232238769531,-0.0002980232238769531,0.0,0.0002980232238769531
1,5173,51.730000000000004,7497.412711381912,7497.412860393524,7497.411072254181,7497.411370277405,0.0002980232238769531,0.0004470348358154297,-0.0004470348358154297,-0.0002980232238769531
1,5174,51.74,7497.412711381912,7497.412860393524,7497.411072254181,7497.411370277405,0.0,0.0,0.0,0.0
1,5175,51.75,7497.4121153354645,7497.412711381912,7497.411370277405,7497.411370277405,-0.0005960464477539062,-0.00014901161193847656,0.0002980232238769531,0.0
1,5176,51.76,7497.4121153354645,7497.412711381912,7497.411370277405,7497.411370277405,0.0,0.0,0.0,0.0
1,5177,51.77,7497.4121153354645,7497.412711381912,7497.411668300629,7497.411370277405,0.0,0.0,0.0002980232238769531,0.0
1,5178,51.78,7497.412413358688,7497.412264347076,7497.411221265793,7497.411668300629,0.0002980232238769531,-0.0004470348358154297,-0.0004470348358154297,0.0002980232238769531
1,5179,51.79,7497.412413358688,7497.4121153354645,7497.411370277405,7497.4119663238525,0.0,-0.00014901161193847656,0.00014901161193847656,0.0002980232238769531
1,5180,51.800000000000004,7497.412413358688,7497.4121153354645,7497.411668300629,7497.4119663238525,0.0,0.0,0.0002980232238769531,0.0
1,5181,51.81,7497.412413358688,7497.4121153354645,7497.411370277405,7497.4119663238525,0.0,0.0,-0.0002980232238769531,0.0
1,5182,51.82,7497.412413358688,7497.412413358688,7497.411370277405,7497.4119663238525,0.0,0.0002980232238769531,0.0,0.0
1,5183,51.83,7497.412413358688,7497.412413358688,7497.411370277405,7497.411668300629,0.0,0.0,0.0,-0.0002980232238769531
1,5184,51.84,7497.4121153354645,7497.411668300629,7497.411221265793,7497.4119663238525,-0.0002980232238769531,-0.0007450580596923828,-0.00014901161193847656,0.0002980232238769531
1,5185,51.85,7497.412413358688,7497.4121153354645,7497.411370277405,7497.4119663238525,0.0002980232238769531,0.0004470348358154297,0.00014901161193847656,0.0
1,5186,51.86,7497.412413358688,7497.4121153354645,7497.411370277405,7497.411668300629,0.0,0.0,0.0,-0.0002980232238769531
1,5187,51.870000000000005,7497.412413358688,7497.4121153354645,7497.411370277405,7497.411668300629,0.0,0.0,0.0,0.0
1,5188,51.88,7497.412413358688,7497.4121153354645,7497.411370277405,7497.411668300629,0.0,0.0,0.0,0.0
1,5189,51.89,7497.412711381912,7497.4119663238525,7497.411221265793,7497.411668300629,0.0002980232238769531,-0.00014901161193847656,-0.00014901161193847656,0.0
1,5190,51.9,7497.4121153354645,7497.411817312241,7497.411072254181,7497.411370277405,-0.0005960464477539062,-0.00014901161193847656,-0.00014901161193847656,-0.0002980232238769531
1,5191,51.910000000000004,7497.412711381912,7497.4121153354645,7497.411072254181,7497.411668300629,0.0005960464477539062,0.0002980232238769531,0.0,0.0002980232238769531
1,5192,51.92,7497.412711381912,7497.4119663238525,7497.411221265793,7497.411668300629,0.0,-0.00014901161193847656,0.00014901161193847656,0.0
1,5193,51.93,7497.412711381912,7497.4119663238525,7497.411072254181,7497.411370277405,0.0,0.0,-0.00014901161193847656,-0.0002980232238769531
1,5194,51.94,7497.412413358688,7497.411519289017,7497.411221265793,7497.411668300629,-0.0002980232238769531,-0.0004470348358154297,0.00014901161193847656,0.0002980232238769531
1,5195,51.95,7497.412413358688,7497.411519289017,7497.411370277405,7497.411668300629,0.0,0.0,0.00014901161193847656,0.0
1,5196,51.96,7497.412413358688,7497.411519289017,7497.411221265793,7497.411370277405,0.0,0.0,-0.00014901161193847656,-0.0002980232238769531
1,5197,51.97,7497.412413358688,7497.411519289017,7497.411370277405,7497.411072254181,0.0,0.0,0.00014901161193847656,-0.0002980232238769531
1,5198,51.980000000000004,7497.4121153354645,7497.411519289017,7497.411519289017,7497.411370277405,-0.0002980232238769531,0.0,0.00014901161193847656,0.0002980232238769531
1,5199,51.99,7497.4121153354645,7497.411370277405,7497.411519289017,7497.411072254181,0.0,-0.00014901161193847656,0.0,-0.0002980232238769531
1,5200,52.0,7497.4121153354645,7497.410923242569,7497.411519289017,7497.411370277405,0.0,-0.0004470348358154297,0.0,0.0002980232238769531
1,5201,52.01,7497.4121153354645,7497.411370277405,7497.411668300629,7497.411072254181,0.0,0.0004470348358154297,0.00014901161193847656,-0.0002980232238769531
1,5202,52.02,7497.412413358688,7497.411072254181,7497.411370277405,7497.411072254181,0.0002980232238769531,-0.0002980232238769531,-0.0002980232238769531,0.0
1,5203,52.03,7497.412413358688,7497.411072254181,7497.411370277405,7497.411072254181,0.0,0.0,0.0,0.0
1,5204,52.04,7497.412413358688,7497.411221265793,7497.411370277405,7497.411072254181,0.0,0.00014901161193847656,0.0,0.0
1,5205,52.050000000000004,7497.4121153354645,7497.411072254181,7497.411370277405,7497.411370277405,-0.0002980232238769531,-0.00014901161193847656,0.0,0.0002980232238769531
1,5206,52.06,7497.4121153354645,7497.411072254181,7497.411370277405,7497.411072254181,0.0,0.0,0.0,-0.0002980232238769531
1,5207,52.07,7497.4121153354645,7497.410774230957,7497.411519289017,7497.411668300629,0.0,-0.0002980232238769531,0.00014901161193847656,0.0005960464477539062
1,5208,52.08,7497.412413358688,7497.410774230957,7497.411370277405,7497.411668300629,0.0002980232238769531,0.0,-0.00014901161193847656,0.0
1,5209,52.09,7497.4121153354645,7497.410923242569,7497.411370277405,7497.411072254181,-0.0002980232238769531,0.00014901161193847656,0.0,-0.0005960464477539062
1,5210,52.1,7497.4121153354645,7497.411370277405,7497.411519289017,7497.411370277405,0.0,0.0004470348358154297,0.00014901161193847656,0.0002980232238769531
1,5211,52.11,7497.411817312241,7497.410923242569,7497.411668300629,7497.411370277405,-0.0002980232238769531,-0.0004470348358154297,0.00014901161193847656,0.0
1,5212,52.120000000000005,7497.411817312241,7497.410923242569,7497.411817312241,7497.411370277405,0.0,0.0,0.00014901161193847656,0.0
1,5213,52.13,7497.411519289017,7497.410625219345,7497.411817312241,7497.411668300629,-0.0002980232238769531,-0.0002980232238769531,0.0,0.0002980232238769531
1,5214,52.14,7497.411519289017,7497.410625219345,7497.4119663238525,7497.4119663238525,0.0,0.0,0.00014901161193847656,0.0002980232238769531
1,5215,52.15,7497.411519289017,7497.410327196121,7497.4119663238525,7497.4119663238525,0.0,-0.0002980232238769531,0.0,0.0
1,5216,52.160000000000004,7497.4121153354645,7497.410476207733,7497.4119663238525,7497.411668300629,0.0005960464477539062,0.00014901161193847656,0.0,-0.0002980232238769531
1,5217,52.17,7497.411519289017,7497.410774230957,7497.412264347076,7497.411668300629,-0.0005960464477539062,0.0002980232238769531,0.0002980232238769531,0.0
1,5218,52.18,7497.411519289017,7497.410774230957,7497.412264347076,7497.411668300629,0.0,0.0,0.0,0.0
1,5219,52.19,7497.410923242569,7497.410625219345,7497.412413358688,7497.4119663238525,-0.0005960464477539062,-0.00014901161193847656,0.00014901161193847656,0.0002980232238769531
1,5220,52.2,7497.411519289017,7497.410923242569,7497.412264347076,7497.4119663238525,0.0005960464477539062,0.0002980232238769531,-0.00014901161193847656,0.0
1,5221,52.21,7497.411519289017,7497.410774230957,7497.4121153354645,7497.4119663238525,0.0,-0.00014901161193847656,-0.00014901161193847656,0.0
1,5222,52.22,7497.411519289017,7497.410625219345,7497.412264347076,7497.4119663238525,0.0,-0.00014901161193847656,0.00014901161193847656,0.0
1,5223,52.230000000000004,7497.411519289017,7497.410625219345,7497.412264347076,7497.4119663238525,0.0,0.0,0.0,0.0
1,5224,52.24,7497.411519289017,7497.411221265793,7497.412264347076,7497.4119663238525,0.0,0.0005960464477539062,0.0,0.0
1,5225,52.25,7497.411519289017,7497.411221265793,7497.4121153354645,7497.4119663238525,0.0,0.0,-0.00014901161193847656,0.0
1,5226,52.26,7497.410923242569,7497.410923242569,7497.4121153354645,7497.4119663238525,-0.0005960464477539062,-0.0002980232238769531,0.0,0.0
1,5227,52.27,7497.411519289017,7497.411221265793,7497.412264347076,7497.411668300629,0.0005960464477539062,0.0002980232238769531,0.00014901161193847656,-0.0002980232238769531
1,5228,52.28,7497.410923242569,7497.410923242569,7497.412413358688,7497.4119663238525,-0.0005960464477539062,-0.0002980232238769531,0.00014901161193847656,0.0002980232238769531
1,5229,52.29,7497.411221265793,7497.411221265793,7497.412264347076,7497.4119663238525,0.0002980232238769531,0.0002980232238769531,-0.00014901161193847656,0.0
1,5230,52.300000000000004,7497.411221265793,7497.411221265793,7497.412264347076,7497.4119663238525,0.0,0.0,0.0,0.0
1,5231,52.31,7497.410625219345,7497.411370277405,7497.412860393524,7497.4119663238525,-0.0005960464477539062,0.00014901161193847656,0.0005960464477539062,0.0
1,5232,52.32,7497.410625219345,7497.411221265793,7497.4125623703,7497.411370277405,0.0,-0.00014901161193847656,-0.0002980232238769531,-0.0005960464477539062
1,5233,52.33,7497.410923242569,7497.4119663238525,7497.4125623703,7497.411370277405,0.0002980232238769531,0.0007450580596923828,0.0,0.0
1,5234,52.34,7497.410923242569,7497.411817312241,7497.412264347076,7497.411668300629,0.0,-0.00014901161193847656,-0.0002980232238769531,0.0002980232238769531
1,5235,52.35,7497.410923242569,7497.4119663238525,7497.412264347076,7497.411072254181,0.0,0.00014901161193847656,0.0,-0.0005960464477539062
1,5236,52.36,7497.410923242569,7497.4121153354645,7497.412264347076,7497.411072254181,0.0,0.00014901161193847656,0.0,0.0
1,5237,52.370000000000005,7497.411221265793,7497.412264347076,7497.4125623703,7497.411072254181,0.0002980232238769531,0.00014901161193847656,0.0002980232238769531,0.0
1,5238,52.38,7497.410923242569,7497.4121153354645,7497.412413358688,7497.411370277405,-0.0002980232238769531,-0.00014901161193847656,-0.00014901161193847656,0.0002980232238769531
1,5239,52.39,7497.411519289017,7497.411817312241,7497.4121153354645,7497.411370277405,0.0005960464477539062,-0.0002980232238769531,-0.0002980232238769531,0.0
1,5240,52.4,7497.411519289017,7497.411817312241,7497.4119663238525,7497.411668300629,0.0,0.0,-0.00014901161193847656,0.0002980232238769531
1,5241,52.410000000000004,7497.411221265793,7497.411817312241,7497.412264347076,7497.411370277405,-0.0002980232238769531,0.0,0.0002980232238769531,-0.0002980232238769531
1,5242,52.42,7497.411221265793,7497.411817312241,7497.412264347076,7497.411370277405,0.0,0.0,0.0,0.0
1,5243,52.43,7497.410923242569,7497.411817312241,7497.4121153354645,7497.411370277405,-0.0002980232238769531,0.0,-0.00014901161193847656,0.0
1,5244,52.44,7497.410923242569,7497.411817312241,7497.4121153354645,7497.411668300629,0.0,0.0,0.0,0.0002980232238769531
1,5245,52.45,7497.410923242569,7497.4119663238525,7497.4121153354645,7497.4119663238525,0.0,0.00014901161193847656,0.0,0.0002980232238769531
1,5246,52.46,7497.410923242569,7497.411817312241,7497.412264347076,7497.4119663238525,0.0,-0.00014901161193847656,0.00014901161193847656,0.0
1,5247,52.47,7497.411221265793,7497.411370277405,7497.4119663238525,7497.4119663238525,0.0002980232238769531,-0.0004470348358154297,-0.0002980232238769531,0.0
1,5248,52.480000000000004,7497.411519289017,7497.411817312241,7497.411668300629,7497.4119663238525,0.0002980232238769531,0.0004470348358154297,-0.0002980232238769531,0.0
1,5249,52.49,7497.411519289017,7497.411817312241,7497.411668300629,7497.4119663238525,0.0,0.0,0.0,0.0
1,5250,52.5,7497.411221265793,7497.411817312241,7497.412264347076,7497.4119663238525,-0.0002980232238769531,0.0,0.0005960464477539062,0.0
1,5251,52.51,7497.411519289017,7497.411519289017,7497.4119663238525,7497.4119663238525,0.0002980232238769531,-0.0002980232238769531,-0.0002980232238769531,0.0
1,5252,52.52,7497.411519289017,7497.411519289017,7497.412264347076,7497.4119663238525,0.0,0.0,0.0002980232238769531,0.0
1,5253,52.53,7497.410923242569,7497.411519289017,7497.4121153354645,7497.4125623703,-0.0005960464477539062,0.0,-0.00014901161193847656,0.0005960464477539062
1,5254,52.54,7497.411519289017,7497.411519289017,7497.4119663238525,7497.4125623703,0.0005960464477539062,0.0,-0.00014901161193847656,0.0
1,5255,52.550000000000004,7497.411221265793,7497.411519289017,7497.4119663238525,7497.4125623703,-0.0002980232238769531,0.0,0.0,0.0
1,5256,52.56,7497.410923242569,7497.411370277405,7497.412264347076,7497.4125623703,-0.0002980232238769531,-0.00014901161193847656,0.0002980232238769531,0.0
1,5257,52.57,7497.411519289017,7497.411221265793,7497.412264347076,7497.413158416748,0.0005960464477539062,-0.00014901161193847656,0.0,0.0005960464477539062
1,5258,52.58,7497.411221265793,7497.411370277405,7497.412264347076,7497.4125623703,-0.0002980232238769531,0.00014901161193847656,0.0,-0.0005960464477539062
1,5259,52.59,7497.411519289017,7497.411817312241,7497.4119663238525,7497.4125623703,0.0002980232238769531,0.0004470348358154297,-0.0002980232238769531,0.0
1,5260,52.6,7497.411519289017,7497.411668300629,7497.4119663238525,7497.4125623703,0.0,-0.00014901161193847656,0.0,0.0
1,5261,52.61,7497.411221265793,7497.4121153354645,7497.412264347076,7497.4119663238525,-0.0002980232238769531,0.0004470348358154297,0.0002980232238769531,-0.0005960464477539062
1,5262,52.620000000000005,7497.411221265793,7497.4121153354645,7497.412264347076,7497.4119663238525,0.0,0.0,0.0,0.0
1,5263,52.63,7497.410923242569,7497.412413358688,7497.412264347076,7497.412264347076,-0.0002980232238769531,0.0002980232238769531,0.0,0.0002980232238769531
1,5264,52.64,7497.410923242569,7497.4121153354645,7497.412264347076,7497.412264347076,0.0,-0.0002980232238769531,0.0,0.0
1,5265,52.65,7497.410923242569,7497.4121153354645,7497.4119663238525,7497.412264347076,0.0,0.0,-0.0002980232238769531,0.0
1,5266,52.660000000000004,7497.410923242569,7497.4121153354645,7497.4125623703,7497.4125623703,0.0,0.0,0.0005960464477539062,0.0002980232238769531
1,5267,52.67,7497.410923242569,7497.412413358688,7497.412264347076,7497.4119663238525,0.0,0.0002980232238769531,-0.0002980232238769531,-0.0005960464477539062
1,5268,52.68,7497.410923242569,7497.412413358688,7497.412264347076,7497.4119663238525,0.0,0.0,0.0,0.0
1,5269,52.69,7497.410923242569,7497.412413358688,7497.412264347076,7497.4119663238525,0.0,0.0,0.0,0.0
1,5270,52.7,7497.411221265793,7497.412264347076,7497.4119663238525,7497.4119663238525,0.0002980232238769531,-0.00014901161193847656,-0.0002980232238769531,0.0
1,5271,52.71,7497.411221265793,7497.412264347076,7497.4119663238525,7497.4119663238525,0.0,0.0,0.0,0.0
1,5272,52.72,7497.411221265793,7497.4121153354645,7497.4119663238525,7497.412264347076,0.0,-0.00014901161193847656,0.0,0.0002980232238769531
1,5273,52.730000000000004,7497.411519289017,7497.412413358688,7497.411817312241,7497.4119663238525,0.0002980232238769531,0.0002980232238769531,-0.00014901161193847656,-0.0002980232238769531
1,5274,52.74,7497.411221265793,7497.412413358688,7497.4119663238525,7497.4119663238525,-0.0002980232238769531,0.0,0.00014901161193847656,0.0
1,5275,52.75,7497.411221265793,7497.412264347076,7497.4121153354645,7497.4119663238525,0.0,-0.00014901161193847656,0.00014901161193847656,0.0
1,5276,52.76,7497.411221265793,7497.412264347076,7497.4121153354645,7497.4119663238525,0.0,0.0,0.0,0.0
1,5277,52.77,7497.411221265793,7497.4121153354645,7497.4121153354645,7497.4119663238525,0.0,-0.00014901161193847656,0.0,0.0
1,5278,52.78,7497.411519289017,7497.4119663238525,7497.4119663238525,7497.412264347076,0.0002980232238769531,-0.00014901161193847656,-0.00014901161193847656,0.0002980232238769531
1,5279,52.79,7497.411519289017,7497.412413358688,7497.4121153354645,7497.4119663238525,0.0,0.0004470348358154297,0.00014901161193847656,-0.0002980232238769531
1,5280,52.800000000000004,7497.4121153354645,7497.412264347076,7497.411668300629,7497.4119663238525,0.0005960464477539062,-0.00014901161193847656,-0.0004470348358154297,0.0
1,5281,52.81,7497.411519289017,7497.412413358688,7497.411817312241,7497.4119663238525,-0.0005960464477539062,0.00014901161193847656,0.00014901161193847656,0.0
1,5282,52.82,7497.411817312241,7497.4121153354645,7497.411817312241,7497.4119663238525,0.0002980232238769531,-0.0002980232238769531,0.0,0.0
1,5283,52.83,7497.4121153354645,7497.412264347076,7497.411668300629,7497.4119663238525,0.0002980232238769531,0.00014901161193847656,-0.00014901161193847656,0.0
1,5284,52.84,7497.411817312241,7497.412413358688,7497.411668300629,7497.4119663238525,-0.0002980232238769531,0.00014901161193847656,0.0,0.0
1,5285,52.85,7497.411519289017,7497.412264347076,7497.411668300629,7497.4119663238525,-0.0002980232238769531,-0.00014901161193847656,0.0,0.0
1,5286,52.86,7497.411519289017,7497.4125623703,7497.411668300629,7497.411668300629,0.0,0.0002980232238769531,0.0,-0.0002980232238769531
1,5287,52.870000000000005,7497.411519289017,7497.4125623703,7497.411668300629,7497.411668300629,0.0,0.0,0.0,0.0
1,5288,52.88,7497.411519289017,7497.412413358688,7497.411668300629,7497.4119663238525,0.0,-0.00014901161193847656,0.0,0.0002980232238769531
1,5289,52.89,7497.411817312241,7497.412413358688,7497.4119663238525,7497.411668300629,0.0002980232238769531,0.0,0.0002980232238769531,-0.0002980232238769531
1,5290,52.9,7497.411519289017,7497.412264347076,7497.411668300629,7497.411668300629,-0.0002980232238769531,-0.00014901161193847656,-0.0002980232238769531,0.0
1,5291,52.910000000000004,7497.411519289017,7497.412413358688,7497.411668300629,7497.411668300629,0.0,0.00014901161193847656,0.0,0.0
1,5292,52.92,7497.411817312241,7497.412413358688,7497.411668300629,7497.411668300629,0.0002980232238769531,0.0,0.0,0.0
1,5293,52.93,7497.4121153354645,7497.4121153354645,7497.411817312241,7497.4119663238525,0.0002980232238769531,-0.0002980232238769531,0.00014901161193847656,0.0002980232238769531
1,5294,52.94,7497.4121153354645,7497.4119663238525,7497.411817312241,7497.412264347076,0.0,-0.00014901161193847656,0.0,0.0002980232238769531
1,5295,52.95,7497.4121153354645,7497.412413358688,7497.411370277405,7497.4119663238525,0.0,0.0004470348358154297,-0.0004470348358154297,-0.0002980232238769531
1,5296,52.96,7497.4121153354645,7497.4121153354645,7497.411519289017,7497.4119663238525,0.0,-0.0002980232238769531,0.00014901161193847656,0.0
1,5297,52.97,7497.4121153354645,7497.4121153354645,7497.411519289017,7497.4119663238525,0.0,0.0,0.0,0.0
1,5298,52.980000000000004,7497.4121153354645,7497.4121153354645,7497.411370277405,7497.4119663238525,0.0,0.0,-0.00014901161193847656,0.0
1,5299,52.99,7497.4121153354645,7497.4121153354645,7497.411370277405,7497.4119663238525,0.0,0.0,0.0,0.0
1,5300,53.0,7497.4121153354645,7497.412413358688,7497.411668300629,7497.411668300629,0.0,0.0002980232238769531,0.0002980232238769531,-0.0002980232238769531
1,5301,53.01,7497.4121153354645,7497.412413358688,7497.411370277405,7497.4119663238525,0.0,0.0,-0.0002980232238769531,0.0002980232238769531
1,5302,53.02,7497.4121153354645,7497.412413358688,7497.411370277405,7497.4119663238525,0.0,0.0,0.0,0.0
1,5303,53.03,7497.4121153354645,7497.412413358688,7497.411072254181,7497.4119663238525,0.0,0.0,-0.0002980232238769531,0.0
1,5304,53.04,7497.4121153354645,7497.4125623703,7497.411072254181,7497.411668300629,0.0,0.00014901161193847656,0.0,-0.0002980232238769531
1,5305,53.050000000000004,7497.4121153354645,7497.412711381912,7497.411072254181,7497.4119663238525,0.0,0.00014901161193847656,0.0,0.0002980232238769531
1,5306,53.06,7497.4121153354645,7497.412711381912,7497.411072254181,7497.4119663238525,0.0,0.0,0.0,0.0
1,5307,53.07,7497.4121153354645,7497.412711381912,7497.410923242569,7497.411668300629,0.0,0.0,-0.00014901161193847656,-0.0002980232238769531
1,5308,53.08,7497.4121153354645,7497.4125623703,7497.411072254181,7497.411668300629,0.0,-0.00014901161193847656,0.00014901161193847656,0.0
1,5309,53.09,7497.4121153354645,7497.412711381912,7497.411221265793,7497.411668300629,0.0,0.00014901161193847656,0.00014901161193847656,0.0
1,5310,53.1,7497.412413358688,7497.412711381912,7497.411370277405,7497.411370277405,0.0002980232238769531,0.0,0.00014901161193847656,-0.0002980232238769531
1,5311,53.11,7497.412413358688,7497.412413358688,7497.411221265793,7497.411668300629,0.0,-0.0002980232238769531,-0.00014901161193847656,0.0002980232238769531
1,5312,53.120000000000005,7497.412413358688,7497.412711381912,7497.411072254181,7497.4119663238525,0.0,0.0002980232238769531,-0.00014901161193847656,0.0002980232238769531
1,5313,53.13,7497.412711381912,7497.412413358688,7497.411221265793,7497.411370277405,0.0002980232238769531,-0.0002980232238769531,0.00014901161193847656,-0.0005960464477539062
1,5314,53.14,7497.412711381912,7497.412711381912,7497.410476207733,7497.4119663238525,0.0,0.0002980232238769531,-0.0007450580596923828,0.0005960464477539062
1,5315,53.15,7497.412711381912,7497.412413358688,7497.411072254181,7497.4119663238525,0.0,-0.0002980232238769531,0.0005960464477539062,0.0
1,5316,53.160000000000004,7497.412711381912,7497.4125623703,7497.411072254181,7497.4119663238525,0.0,0.00014901161193847656,0.0,0.0
1,5317,53.17,7497.413009405136,7497.4125623703,7497.411072254181,7497.4119663238525,0.0002980232238769531,0.0,0.0,0.0
1,5318,53.18,7497.412711381912,7497.412860393524,7497.411072254181,7497.411370277405,-0.0002980232238769531,0.0002980232238769531,0.0,-0.0005960464477539062
1,5319,53.19,7497.413009405136,7497.412711381912,7497.411072254181,7497.411370277405,0.0002980232238769531,-0.00014901161193847656,0.0,0.0
1,5320,53.2,7497.412711381912,7497.4125623703,7497.410923242569,7497.411370277405,-0.0002980232238769531,-0.00014901161193847656,-0.00014901161193847656,0.0
1,5321,53.21,7497.412711381912,7497.412413358688,7497.411072254181,7497.411370277405,0.0,-0.00014901161193847656,0.00014901161193847656,0.0
1,5322,53.22,7497.412413358688,7497.412711381912,7497.411221265793,7497.411370277405,-0.0002980232238769531,0.0002980232238769531,0.00014901161193847656,0.0
1,5323,53.230000000000004,7497.412711381912,7497.412413358688,7497.411221265793,7497.411668300629,0.0002980232238769531,-0.0002980232238769531,0.0,0.0002980232238769531
1,5324,53.24,7497.412711381912,7497.4121153354645,7497.411370277405,7497.411668300629,0.0,-0.0002980232238769531,0.00014901161193847656,0.0
1,5325,53.25,7497.412711381912,7497.4119663238525,7497.411370277405,7497.411668300629,0.0,-0.00014901161193847656,0.0,0.0
1,5326,53.26,7497.412711381912,7497.412413358688,7497.411519289017,7497.411668300629,0.0,0.0004470348358154297,0.00014901161193847656,0.0
1,5327,53.27,7497.412711381912,7497.412264347076,7497.411668300629,7497.411370277405,0.0,-0.00014901161193847656,0.00014901161193847656,-0.0002980232238769531
1,5328,53.28,7497.412711381912,7497.4121153354645,7497.411519289017,7497.411370277405,0.0,-0.00014901161193847656,-0.00014901161193847656,0.0
1,5329,53.29,7497.412413358688,7497.4121153354645,7497.411668300629,7497.411370277405,-0.0002980232238769531,0.0,0.00014901161193847656,0.0
1,5330,53.300000000000004,7497.412413358688,7497.4121153354645,7497.411668300629,7497.411370277405,0.0,0.0,0.0,0.0
1,5331,53.31,7497.412711381912,7497.4121153354645,7497.411519289017,7497.411370277405,0.0002980232238769531,0.0,-0.00014901161193847656,0.0
1,5332,53.32,7497.412711381912,7497.4121153354645,7497.411370277405,7497.411370277405,0.0,0.0,-0.00014901161193847656,0.0
1,5333,53.33,7497.412413358688,7497.411817312241,7497.411072254181,7497.411370277405,-0.0002980232238769531,-0.0002980232238769531,-0.0002980232238769531,0.0
1,5334,53.34,7497.412711381912,7497.411519289017,7497.411072254181,7497.411668300629,0.0002980232238769531,-0.0002980232238769531,0.0,0.0002980232238769531
1,5335,53.35,7497.412711381912,7497.411519289017,7497.411370277405,7497.411668300629,0.0,0.0,0.0002980232238769531,0.0
1,5336,53.36,7497.412413358688,7497.411519289017,7497.411370277405,7497.411668300629,-0.0002980232238769531,0.0,0.0,0.0
1,5337,53.370000000000005,7497.412711381912,7497.410923242569,7497.411519289017,7497.412264347076,0.0002980232238769531,-0.0005960464477539062,0.00014901161193847656,0.0005960464477539062
1,5338,53.38,7497.412413358688,7497.410923242569,7497.411519289017,7497.412264347076,-0.0002980232238769531,0.0,0.0,0.0
1,5339,53.39,7497.412711381912,7497.410923242569,7497.411370277405,7497.4119663238525,0.0002980232238769531,0.0,-0.00014901161193847656,-0.0002980232238769531
1,5340,53.4,7497.412711381912,7497.411072254181,7497.411519289017,7497.411668300629,0.0,0.00014901161193847656,0.00014901161193847656,-0.0002980232238769531
1,5341,53.410000000000004,7497.412413358688,7497.411221265793,7497.411370277405,7497.411668300629,-0.0002980232238769531,0.00014901161193847656,-0.00014901161193847656,0.0
1,5342,53.42,7497.412413358688,7497.410774230957,7497.411519289017,7497.4119663238525,0.0,-0.0004470348358154297,0.00014901161193847656,0.0002980232238769531
1,5343,53.43,7497.412413358688,7497.410625219345,7497.411519289017,7497.4119663238525,0.0,-0.00014901161193847656,0.0,0.0
1,5344,53.44,7497.412413358688,7497.410625219345,7497.411370277405,7497.4119663238525,0.0,0.0,-0.00014901161193847656,0.0
1,5345,53.45,7497.412413358688,7497.410476207733,7497.411519289017,7497.411668300629,0.0,-0.00014901161193847656,0.00014901161193847656,-0.0002980232238769531
1,5346,53.46,7497.412413358688,7497.410476207733,7497.411668300629,7497.4119663238525,0.0,0.0,0.00014901161193847656,0.0002980232238769531
1,5347,53.47,7497.4121153354645,7497.410327196121,7497.411519289017,7497.4119663238525,-0.0002980232238769531,-0.00014901161193847656,-0.00014901161193847656,0.0
1,5348,53.480000000000004,7497.4121153354645,7497.410476207733,7497.411817312241,7497.411668300629,0.0,0.00014901161193847656,0.0002980232238769531,-0.0002980232238769531
1,5349,53.49,7497.4121153354645,7497.410625219345,7497.411668300629,7497.411668300629,0.0,0.00014901161193847656,-0.00014901161193847656,0.0
1,5350,53.5,7497.4121153354645,7497.410774230957,7497.411817312241,7497.411370277405,0.0,0.00014901161193847656,0.00014901161193847656,-0.0002980232238769531
1,5351,53.51,7497.411817312241,7497.410327196121,7497.4119663238525,7497.4119663238525,-0.0002980232238769531,-0.0004470348358154297,0.00014901161193847656,0.0005960464477539062
1,5352,53.52,7497.4121153354645,7497.410476207733,7497.4119663238525,7497.4119663238525,0.0002980232238769531,0.00014901161193847656,0.0,0.0
1,5353,53.53,7497.411817312241,7497.410625219345,7497.4121153354645,7497.4119663238525,-0.0002980232238769531,0.00014901161193847656,0.00014901161193847656,0.0
1,5354,53.54,7497.411519289017,7497.410029172897,7497.4125623703,7497.4119663238525,-0.0002980232238769531,-0.0005960464477539062,0.0004470348358154297,0.0
1,5355,53.550000000000004,7497.411519289017,7497.410327196121,7497.4125623703,7497.4119663238525,0.0,0.0002980232238769531,0.0,0.0
1,5356,53.56,7497.411519289017,7497.410178184509,7497.4125623703,7497.4119663238525,0.0,-0.00014901161193847656,0.0,0.0
1,5357,53.57,7497.411519289017,7497.410774230957,7497.4125623703,7497.411668300629,0.0,0.0005960464477539062,0.0,-0.0002980232238769531
1,5358,53.58,7497.411519289017,7497.410923242569,7497.412264347076,7497.411370277405,0.0,0.00014901161193847656,-0.0002980232238769531,-0.0002980232238769531
1,5359,53.59,7497.411519289017,7497.411072254181,7497.412264347076,7497.411668300629,0.0,0.00014901161193847656,0.0,0.0002980232238769531
1,5360,53.6,7497.411519289017,7497.410774230957,7497.412264347076,7497.4119663238525,0.0,-0.0002980232238769531,0.0,0.0002980232238769531
1,5361,53.61,7497.411519289017,7497.411072254181,7497.412264347076,7497.411668300629,0.0,0.0002980232238769531,0.0,-0.0002980232238769531
1,5362,53.620000000000005,7497.411519289017,7497.410774230957,7497.412264347076,7497.4119663238525,0.0,-0.0002980232238769531,0.0,0.0002980232238769531
1,5363,53.63,7497.411519289017,7497.410625219345,7497.412264347076,7497.411668300629,0.0,-0.00014901161193847656,0.0,-0.0002980232238769531
1,5364,53.64,7497.411519289017,7497.411221265793,7497.412413358688,7497.411370277405,0.0,0.0005960464477539062,0.00014901161193847656,-0.0002980232238769531
1,5365,53.65,7497.411221265793,7497.410923242569,7497.4125623703,7497.411370277405,-0.0002980232238769531,-0.0002980232238769531,0.00014901161193847656,0.0
1,5366,53.660000000000004,7497.411519289017,7497.411072254181,7497.4125623703,7497.411370277405,0.0002980232238769531,0.00014901161193847656,0.0,0.0
1,5367,53.67,7497.411519289017,7497.411221265793,7497.4125623703,7497.411668300629,0.0,0.00014901161193847656,0.0,0.0002980232238769531
1,5368,53.68,7497.411519289017,7497.410774230957,7497.412413358688,7497.411668300629,0.0,-0.0004470348358154297,-0.00014901161193847656,0.0
1,5369,53.69,7497.411519289017,7497.410923242569,7497.412264347076,7497.411668300629,0.0,0.00014901161193847656,-0.00014901161193847656,0.0
1,5370,53.7,7497.411519289017,7497.411221265793,7497.4125623703,7497.411370277405,0.0,0.0002980232238769531,0.0002980232238769531,-0.0002980232238769531
1,5371,53.71,7497.411519289017,7497.411221265793,7497.4125623703,7497.411668300629,0.0,0.0,0.0,0.0002980232238769531
1,5372,53.72,7497.411221265793,7497.410923242569,7497.4125623703,7497.411668300629,-0.0002980232238769531,-0.0002980232238769531,0.0,0.0
1,5373,53.730000000000004,7497.411519289017,7497.410774230957,7497.412711381912,7497.411668300629,0.0002980232238769531,-0.00014901161193847656,0.00014901161193847656,0.0
1,5374,53.74,7497.410923242569,7497.410923242569,7497.4125623703,7497.411668300629,-0.0005960464477539062,0.00014901161193847656,-0.00014901161193847656,0.0
1,5375,53.75,7497.410923242569,7497.410923242569,7497.4125623703,7497.411668300629,0.0,0.0,0.0,0.0
1,5376,53.76,7497.410923242569,7497.410625219345,7497.412711381912,7497.4119663238525,0.0,-0.0002980232238769531,0.00014901161193847656,0.0002980232238769531
1,5377,53.77,7497.410923242569,7497.410923242569,7497.412860393524,7497.4119663238525,0.0,0.0002980232238769531,0.00014901161193847656,0.0
1,5378,53.78,7497.410923242569,7497.410923242569,7497.412860393524,7497.4119663238525,0.0,0.0,0.0,0.0
1,5379,53.79,7497.411221265793,7497.411221265793,7497.412860393524,7497.411668300629,0.0002980232238769531,0.0002980232238769531,0.0,-0.0002980232238769531
1,5380,53.800000000000004,7497.411221265793,7497.411519289017,7497.4125623703,7497.4119663238525,0.0,0.0002980232238769531,-0.0002980232238769531,0.0002980232238769531
1,5381,53.81,7497.410923242569,7497.411072254181,7497.4125623703,7497.4119663238525,-0.0002980232238769531,-0.0004470348358154297,0.0,0.0
1,5382,53.82,7497.410923242569,7497.411072254181,7497.4125623703,7497.4119663238525,0.0,0.0,0.0,0.0
1,5383,53.83,7497.411221265793,7497.411221265793,7497.412264347076,7497.412264347076,0.0002980232238769531,0.00014901161193847656,-0.0002980232238769531,0.0002980232238769531
1,5384,53.84,7497.410923242569,7497.411519289017,7497.4125623703,7497.4119663238525,-0.0002980232238769531,0.0002980232238769531,0.0002980232238769531,-0.0002980232238769531
1,5385,53.85,7497.410923242569,7497.411668300629,7497.4125623703,7497.4119663238525,0.0,0.00014901161193847656,0.0,0.0
1,5386,53.86,7497.410923242569,7497.411519289017,7497.4125623703,7497.4119663238525,0.0,-0.00014901161193847656,0.0,0.0
1,5387,53.870000000000005,7497.410923242569,7497.411817312241,7497.4125623703,7497.4119663238525,0.0,0.0002980232238769531,0.0,0.0
1,5388,53.88,7497.410923242569,7497.4119663238525,7497.412413358688,7497.4119663238525,0.0,0.00014901161193847656,-0.00014901161193847656,0.0
1,5389,53.89,7497.410923242569,7497.411817312241,7497.4125623703,7497.4119663238525,0.0,-0.00014901161193847656,0.00014901161193847656,0.0
1,5390,53.9,7497.410625219345,7497.4119663238525,7497.412860393524,7497.412264347076,-0.0002980232238769531,0.00014901161193847656,0.0002980232238769531,0.0002980232238769531
1,5391,53.910000000000004,7497.410625219345,7497.4121153354645,7497.412413358688,7497.412264347076,0.0,0.00014901161193847656,-0.0004470348358154297,0.0
1,5392,53.92,7497.410625219345,7497.4119663238525,7497.412264347076,7497.4119663238525,0.0,-0.00014901161193847656,-0.00014901161193847656,-0.0002980232238769531
1,5393,53.93,7497.410923242569,7497.4119663238525,7497.412264347076,7497.4119663238525,0.0002980232238769531,0.0,0.0,0.0
1,5394,53.94,7497.411221265793,7497.411817312241,7497.4119663238525,7497.4119663238525,0.0002980232238769531,-0.00014901161193847656,-0.0002980232238769531,0.0
1,5395,53.95,7497.410923242569,7497.411817312241,7497.4119663238525,7497.4119663238525,-0.0002980232238769531,0.0,0.0,0.0
1,5396,53.96,7497.411221265793,7497.411817312241,7497.412264347076,7497.4119663238525,0.0002980232238769531,0.0,0.0002980232238769531,0.0
1,5397,53.97,7497.411221265793,7497.411817312241,7497.412264347076,7497.4119663238525,0.0,0.0,0.0,0.0
1,5398,53.980000000000004,7497.411221265793,7497.411817312241,7497.412264347076,7497.4119663238525,0.0,0.0,0.0,0.0
1,5399,53.99,7497.411221265793,7497.411817312241,7497.4119663238525,7497.4119663238525,0.0,0.0,-0.0002980232238769531,0.0
1,5400,54.0,7497.411221265793,7497.411817312241,7497.4119663238525,7497.4119663238525,0.0,0.0,0.0,0.0
1,5401,54.01,7497.410923242569,7497.4121153354645,7497.412264347076,7497.411668300629,-0.0002980232238769531,0.0002980232238769531,0.0002980232238769531,-0.0002980232238769531
1,5402,54.02,7497.411221265793,7497.4121153354645,7497.4121153354645,7497.411668300629,0.0002980232238769531,0.0,-0.00014901161193847656,0.0
1,5403,54.03,7497.410923242569,7497.4121153354645,7497.4119663238525,7497.4119663238525,-0.0002980232238769531,0.0,-0.00014901161193847656,0.0002980232238769531
1,5404,54.04,7497.411221265793,7497.412264347076,7497.411817312241,7497.4119663238525,0.0002980232238769531,0.00014901161193847656,-0.00014901161193847656,0.0
1,5405,54.050000000000004,7497.411221265793,7497.412264347076,7497.411817312241,7497.4119663238525,0.0,0.0,0.0,0.0
1,5406,54.06,7497.411519289017,7497.412413358688,7497.4119663238525,7497.411668300629,0.0002980232238769531,0.00014901161193847656,0.00014901161193847656,-0.0002980232238769531
1,5407,54.07,7497.411519289017,7497.412413358688,7497.4119663238525,7497.411370277405,0.0,0.0,0.0,-0.0002980232238769531
1,5408,54.08,7497.411519289017,7497.412413358688,7497.4119663238525,7497.411370277405,0.0,0.0,0.0,0.0
1,5409,54.09,7497.411519289017,7497.412413358688,7497.4119663238525,7497.411370277405,0.0,0.0,0.0,0.0
1,5410,54.1,7497.411519289017,7497.412711381912,7497.412264347076,7497.411370277405,0.0,0.0002980232238769531,0.0002980232238769531,0.0
1,5411,54.11,7497.411519289017,7497.412413358688,7497.4119663238525,7497.411668300629,0.0,-0.0002980232238769531,-0.0002980232238769531,0.0002980232238769531
1,5412,54.120000000000005,7497.411519289017,7497.412413358688,7497.4119663238525,7497.411668300629,0.0,0.0,0.0,0.0
1,5413,54.13,7497.411519289017,7497.4125623703,7497.4119663238525,7497.411668300629,0.0,0.00014901161193847656,0.0,0.0
1,5414,54.14,7497.411519289017,7497.412264347076,7497.4119663238525,7497.4119663238525,0.0,-0.0002980232238769531,0.0,0.0002980232238769531
1,5415,54.15,7497.411817312241,7497.412711381912,7497.411668300629,7497.4119663238525,0.0002980232238769531,0.0004470348358154297,-0.0002980232238769531,0.0
1,5416,54.160000000000004,7497.4121153354645,7497.412413358688,7497.4119663238525,7497.4119663238525,0.0002980232238769531,-0.0002980232238769531,0.0002980232238769531,0.0
1,5417,54.17,7497.411817312241,7497.412711381912,7497.411668300629,7497.4119663238525,-0.0002980232238769531,0.0002980232238769531,-0.0002980232238769531,0.0
1,5418,54.18,7497.4121153354645,7497.412711381912,7497.411668300629,7497.4119663238525,0.0002980232238769531,0.0,0.0,0.0
1,5419,54.19,7497.4121153354645,7497.412711381912,7497.411668300629,7497.4119663238525,0.0,0.0,0.0,0.0
1,5420,54.2,7497.411817312241,7497.412711381912,7497.411817312241,7497.4119663238525,-0.0002980232238769531,0.0,0.00014901161193847656,0.0
1,5421,54.21,7497.4121153354645,7497.412711381912,7497.4119663238525,7497.4119663238525,0.0002980232238769531,0.0,0.00014901161193847656,0.0
1,5422,54.22,7497.411817312241,7497.412711381912,7497.4119663238525,7497.411668300629,-0.0002980232238769531,0.0,0.0,-0.0002980232238769531
1,5423,54.230000000000004,7497.411817312241,7497.412711381912,7497.4119663238525,7497.411668300629,0.0,0.0,0.0,0.0
1,5424,54.24,7497.4121153354645,7497.412711381912,7497.4119663238525,7497.411370277405,0.0002980232238769531,0.0,0.0,-0.0002980232238769531
1,5425,54.25,7497.4121153354645,7497.412711381912,7497.412264347076,7497.411668300629,0.0,0.0,0.0002980232238769531,0.0002980232238769531
1,5426,54.26,7497.4121153354645,7497.412711381912,7497.411817312241,7497.411370277405,0.0,0.0,-0.0004470348358154297,-0.0002980232238769531
1,5427,54.27,7497.4121153354645,7497.412711381912,7497.411817312241,7497.411370277405,0.0,0.0,0.0,0.0
1,5428,54.28,7497.4121153354645,7497.413009405136,7497.411817312241,7497.411370277405,0.0,0.0002980232238769531,0.0,0.0
1,5429,54.29,7497.4121153354645,7497.413158416748,7497.411668300629,7497.411370277405,0.0,0.00014901161193847656,-0.00014901161193847656,0.0
1,5430,54.300000000000004,7497.4121153354645,7497.412413358688,7497.411668300629,7497.411370277405,0.0,-0.0007450580596923828,0.0,0.0
1,5431,54.31,7497.4121153354645,7497.4125623703,7497.4119663238525,7497.411370277405,0.0,0.00014901161193847656,0.0002980232238769531,0.0
1,5432,54.32,7497.4121153354645,7497.4125623703,7497.4119663238525,7497.411370277405,0.0,0.0,0.0,0.0
1,5433,54.33,7497.4121153354645,7497.412711381912,7497.411668300629,7497.411370277405,0.0,0.00014901161193847656,-0.0002980232238769531,0.0
1,5434,54.34,7497.412413358688,7497.412711381912,7497.411370277405,7497.411072254181,0.0002980232238769531,0.0,-0.0002980232238769531,-0.0002980232238769531
1,5435,54.35,7497.4121153354645,7497.412711381912,7497.411221265793,7497.411072254181,-0.0002980232238769531,0.0,-0.00014901161193847656,0.0
1,5436,54.36,7497.412413358688,7497.412413358688,7497.411370277405,7497.411370277405,0.0002980232238769531,-0.0002980232238769531,0.00014901161193847656,0.0002980232238769531
1,5437,54.370000000000005,7497.412413358688,7497.4125623703,7497.411370277405,7497.411370277405,0.0,0.00014901161193847656,0.0,0.0
1,5438,54.38,7497.412711381912,7497.412413358688,7497.411370277405,7497.411370277405,0.0002980232238769531,-0.00014901161193847656,0.0,0.0
1,5439,54.39,7497.4121153354645,7497.412413358688,7497.411072254181,7497.411370277405,-0.0005960464477539062,0.0,-0.0002980232238769531,0.0
1,5440,54.4,7497.4121153354645,7497.4125623703,7497.411072254181,7497.411370277405,0.0,0.00014901161193847656,0.0,0.0
1,5441,54.410000000000004,7497.4121153354645,7497.412711381912,7497.411221265793,7497.411370277405,0.0,0.00014901161193847656,0.00014901161193847656,0.0
1,5442,54.42,7497.412413358688,7497.4125623703,7497.411221265793,7497.411072254181,0.0002980232238769531,-0.00014901161193847656,0.0,-0.0002980232238769531
1,5443,54.43,7497.4121153354645,7497.412711381912,7497.411370277405,7497.411072254181,-0.0002980232238769531,0.00014901161193847656,0.00014901161193847656,0.0
1,5444,54.44,7497.412711381912,7497.412711381912,7497.410923242569,7497.411370277405,0.0005960464477539062,0.0,-0.0004470348358154297,0.0002980232238769531
1,5445,54.45,7497.412413358688,7497.4121153354645,7497.411072254181,7497.4119663238525,-0.0002980232238769531,-0.0005960464477539062,0.00014901161193847656,0.0005960464477539062
1,5446,54.46,7497.4121153354645,7497.4121153354645,7497.411072254181,7497.4119663238525,-0.0002980232238769531,0.0,0.0,0.0
1,5447,54.47,7497.412413358688,7497.4121153354645,7497.411072254181,7497.4119663238525,0.0002980232238769531,0.0,0.0,0.0
1,5448,54.480000000000004,7497.4121153354645,7497.411817312241,7497.411072254181,7497.411668300629,-0.0002980232238769531,-0.0002980232238769531,0.0,-0.0002980232238769531
1,5449,54.49,7497.412413358688,7497.4121153354645,7497.411072254181,7497.4119663238525,0.0002980232238769531,0.0002980232238769531,0.0,0.0002980232238769531
1,5450,54.5,7497.412413358688,7497.4121153354645,7497.411072254181,7497.4119663238525,0.0,0.0,0.0,0.0
1,5451,54.51,7497.412413358688,7497.4121153354645,7497.411072254181,7497.4119663238525,0.0,0.0,0.0,0.0
1,5452,54.52,7497.4121153354645,7497.4119663238525,7497.411072254181,7497.412264347076,-0.0002980232238769531,-0.00014901161193847656,0.0,0.0002980232238769531
1,5453,54.53,7497.4121153354645,7497.4121153354645,7497.411072254181,7497.4119663238525,0.0,0.00014901161193847656,0.0,-0.0002980232238769531
1,5454,54.54,7497.412413358688,7497.4121153354645,7497.411072254181,7497.4119663238525,0.0002980232238769531,0.0,0.0,0.0
1,5455,54.550000000000004,7497.412413358688,7497.4121153354645,7497.411072254181,7497.4119663238525,0.0,0.0,0.0,0.0
1,5456,54.56,7497.4121153354645,7497.4119663238525,7497.411370277405,7497.4119663238525,-0.0002980232238769531,-0.00014901161193847656,0.0002980232238769531,0.0
1,5457,54.57,7497.412413358688,7497.4119663238525,7497.411370277405,7497.412264347076,0.0002980232238769531,0.0,0.0,0.0002980232238769531
1,5458,54.58,7497.412413358688,7497.4119663238525,7497.411370277405,7497.412264347076,0.0,0.0,0.0,0.0
1,5459,54.59,7497.412413358688,7497.411817312241,7497.411072254181,7497.4119663238525,0.0,-0.00014901161193847656,-0.0002980232238769531,-0.0002980232238769531
1,5460,54.6,7497.412413358688,7497.411817312241,7497.411072254181,7497.4119663238525,0.0,0.0,0.0,0.0
1,5461,54.61,7497.412413358688,7497.4121153354645,7497.411072254181,7497.4119663238525,0.0,0.0002980232238769531,0.0,0.0
1,5462,54.620000000000005,7497.412413358688,7497.411817312241,7497.411221265793,7497.4119663238525,0.0,-0.0002980232238769531,0.00014901161193847656,0.0
1,5463,54.63,7497.412413358688,7497.4119663238525,7497.411221265793,7497.4119663238525,0.0,0.00014901161193847656,0.0,0.0
1,5464,54.64,7497.412413358688,7497.4119663238525,7497.411221265793,7497.4119663238525,0.0,0.0,0.0,0.0
1,5465,54.65,7497.412413358688,7497.4119663238525,7497.411221265793,7497.4119663238525,0.0,0.0,0.0,0.0
1,5466,54.660000000000004,7497.4121153354645,7497.4119663238525,7497.411072254181,7497.4119663238525,-0.0002980232238769531,0.0,-0.00014901161193847656,0.0
1,5467,54.67,7497.4121153354645,7497.4119663238525,7497.411072254181,7497.4119663238525,0.0,0.0,0.0,0.0
1,5468,54.68,7497.4121153354645,7497.411519289017,7497.411221265793,7497.412264347076,0.0,-0.0004470348358154297,0.00014901161193847656,0.0002980232238769531
1,5469,54.69,7497.4121153354645,7497.411519289017,7497.411221265793,7497.412264347076,0.0,0.0,0.0,0.0
1,5470,54.7,7497.4121153354645,7497.411519289017,7497.411519289017,7497.4125623703,0.0,0.0,0.0002980232238769531,0.0002980232238769531
1,5471,54.71,7497.4121153354645,7497.411668300629,7497.411668300629,7497.4125623703,0.0,0.00014901161193847656,0.00014901161193847656,0.0
1,5472,54.72,7497.411817312241,7497.411519289017,7497.411668300629,7497.4125623703,-0.0002980232238769531,-0.00014901161193847656,0.0,0.0
1,5473,54.730000000000004,7497.4121153354645,7497.411519289017,7497.411668300629,7497.4125623703,0.0002980232238769531,0.0,0.0,0.0
1,5474,54.74,7497.4121153354645,7497.411519289017,7497.411668300629,7497.4125623703,0.0,0.0,0.0,0.0
1,5475,54.75,7497.4121153354645,7497.411519289017,7497.411370277405,7497.4125623703,0.0,0.0,-0.0002980232238769531,0.0
1,5476,54.76,7497.4121153354645,7497.411519289017,7497.411370277405,7497.4125623703,0.0,0.0,0.0,0.0
1,5477,54.77,7497.4121153354645,7497.411519289017,7497.411519289017,7497.4125623703,0.0,0.0,0.00014901161193847656,0.0
1,5478,54.78,7497.4121153354645,7497.411519289017,7497.411519289017,7497.4125623703,0.0,0.0,0.0,0.0
1,5479,54.79,7497.4121153354645,7497.411519289017,7497.411519289017,7497.4125623703,0.0,0.0,0.0,0.0
1,5480,54.800000000000004,7497.411817312241,7497.4119663238525,7497.411668300629,7497.412264347076,-0.0002980232238769531,0.0004470348358154297,0.00014901161193847656,-0.0002980232238769531
1,5481,54.81,7497.4121153354645,7497.411817312241,7497.411817312241,7497.412264347076,0.0002980232238769531,-0.00014901161193847656,0.00014901161193847656,0.0
1,5482,54.82,7497.4121153354645,7497.4121153354645,7497.411668300629,7497.4119663238525,0.0,0.0002980232238769531,-0.00014901161193847656,-0.0002980232238769531
1,5483,54.83,7497.4121153354645,7497.4121153354645,7497.411370277405,7497.412264347076,0.0,0.0,-0.0002980232238769531,0.0002980232238769531
1,5484,54.84,7497.411817312241,7497.411817312241,7497.411519289017,7497.4119663238525,-0.0002980232238769531,-0.0002980232238769531,0.00014901161193847656,-0.0002980232238769531
1,5485,54.85,7497.411817312241,7497.411817312241,7497.411519289017,7497.4119663238525,0.0,0.0,0.0,0.0
1,5486,54.86,7497.411519289017,7497.411519289017,7497.4119663238525,7497.4125623703,-0.0002980232238769531,-0.0002980232238769531,0.0004470348358154297,0.0005960464477539062
1,5487,54.870000000000005,7497.411519289017,7497.411668300629,7497.4119663238525,7497.4125623703,0.0,0.00014901161193847656,0.0,0.0
1,5488,54.88,7497.411817312241,7497.411668300629,7497.411668300629,7497.4125623703,0.0002980232238769531,0.0,-0.0002980232238769531,0.0
1,5489,54.89,7497.411817312241,7497.411519289017,7497.4121153354645,7497.4125623703,0.0,-0.00014901161193847656,0.0004470348358154297,0.0
1,5490,54.9,7497.411817312241,7497.411519289017,7497.4119663238525,7497.4125623703,0.0,0.0,-0.00014901161193847656,0.0
1,5491,54.910000000000004,7497.411817312241,7497.411519289017,7497.4119663238525,7497.4125623703,0.0,0.0,0.0,0.0
1,5492,54.92,7497.411519289017,7497.4119663238525,7497.412413358688,7497.412264347076,-0.0002980232238769531,0.0004470348358154297,0.0004470348358154297,-0.0002980232238769531
1,5493,54.93,7497.411519289017,7497.4121153354645,7497.412413358688,7497.4119663238525,0.0,0.00014901161193847656,0.0,-0.0002980232238769531
1,5494,54.94,7497.411519289017,7497.4121153354645,7497.412413358688,7497.4119663238525,0.0,0.0,0.0,0.0
1,5495,54.95,7497.411519289017,7497.4121153354645,7497.4119663238525,7497.411668300629,0.0,0.0,-0.0004470348358154297,-0.0002980232238769531
1,5496,54.96,7497.411519289017,7497.411817312241,7497.412264347076,7497.412264347076,0.0,-0.0002980232238769531,0.0002980232238769531,0.0005960464477539062
1,5497,54.97,7497.411519289017,7497.411817312241,7497.412413358688,7497.4125623703,0.0,0.0,0.00014901161193847656,0.0002980232238769531
1,5498,54.980000000000004,7497.411519289017,7497.411817312241,7497.412413358688,7497.4125623703,0.0,0.0,0.0,0.0
1,5499,54.99,7497.411519289017,7497.411817312241,7497.412413358688,7497.4125623703,0.0,0.0,0.0,0.0
1,5500,55.0,7497.411221265793,7497.411817312241,7497.4125623703,7497.412264347076,-0.0002980232238769531,0.0,0.00014901161193847656,-0.0002980232238769531
1,5501,55.01,7497.411221265793,7497.411817312241,7497.412413358688,7497.412264347076,0.0,0.0,-0.00014901161193847656,0.0
1,5502,55.02,7497.4121153354645,7497.411817312241,7497.4119663238525,7497.4119663238525,0.0008940696716308594,0.0,-0.0004470348358154297,-0.0002980232238769531
1,5503,55.03,7497.4121153354645,7497.411817312241,7497.4121153354645,7497.412264347076,0.0,0.0,0.00014901161193847656,0.0002980232238769531
1,5504,55.04,7497.411519289017,7497.411817312241,7497.411668300629,7497.412264347076,-0.0005960464477539062,0.0,-0.0004470348358154297,0.0
1,5505,55.050000000000004,7497.411519289017,7497.411817312241,7497.4119663238525,7497.4119663238525,0.0,0.0,0.0002980232238769531,-0.0002980232238769531
1,5506,55.06,7497.4121153354645,7497.411817312241,7497.411668300629,7497.4119663238525,0.0005960464477539062,0.0,-0.0002980232238769531,0.0
1,5507,55.07,7497.411519289017,7497.411817312241,7497.411668300629,7497.4119663238525,-0.0005960464477539062,0.0,0.0,0.0
1,5508,55.08,7497.411519289017,7497.411668300629,7497.411668300629,7497.4119663238525,0.0,-0.00014901161193847656,0.0,0.0
1,5509,55.09,7497.411221265793,7497.411221265793,7497.4121153354645,7497.4125623703,-0.0002980232238769531,-0.0004470348358154297,0.0004470348358154297,0.0005960464477539062
1,5510,55.1,7497.411519289017,7497.411519289017,7497.4119663238525,7497.412264347076,0.0002980232238769531,0.0002980232238769531,-0.00014901161193847656,-0.0002980232238769531
1,5511,55.11,7497.411519289017,7497.411519289017,7497.4119663238525,7497.412264347076,0.0,0.0,0.0,0.0
1,5512,55.120000000000005,7497.411519289017,7497.411519289017,7497.412264347076,7497.412264347076,0.0,0.0,0.0002980232238769531,0.0
1,5513,55.13,7497.411519289017,7497.411221265793,7497.412264347076,7497.412264347076,0.0,-0.0002980232238769531,0.0,0.0
1,5514,55.14,7497.411519289017,7497.411519289017,7497.4119663238525,7497.412264347076,0.0,0.0002980232238769531,-0.0002980232238769531,0.0
1,5515,55.15,7497.411221265793,7497.411370277405,7497.4119663238525,7497.412264347076,-0.0002980232238769531,-0.00014901161193847656,0.0,0.0
1,5516,55.160000000000004,7497.411221265793,7497.411221265793,7497.4119663238525,7497.412264347076,0.0,-0.00014901161193847656,0.0,0.0
1,5517,55.17,7497.411221265793,7497.411221265793,7497.4119663238525,7497.4125623703,0.0,0.0,0.0,0.0002980232238769531
1,5518,55.18,7497.411221265793,7497.411072254181,7497.4119663238525,7497.412264347076,0.0,-0.00014901161193847656,0.0,-0.0002980232238769531
1,5519,55.19,7497.411221265793,7497.411072254181,7497.4121153354645,7497.412264347076,0.0,0.0,0.00014901161193847656,0.0
1,5520,55.2,7497.410923242569,7497.410923242569,7497.412264347076,7497.412264347076,-0.0002980232238769531,-0.00014901161193847656,0.00014901161193847656,0.0
1,5521,55.21,7497.411221265793,7497.411221265793,7497.4119663238525,7497.412264347076,0.0002980232238769531,0.0002980232238769531,-0.0002980232238769531,0.0
1,5522,55.22,7497.411519289017,7497.411221265793,7497.411668300629,7497.412264347076,0.0002980232238769531,0.0,-0.0002980232238769531,0.0
1,5523,55.230000000000004,7497.411519289017,7497.411221265793,7497.411817312241,7497.4119663238525,0.0,0.0,0.00014901161193847656,-0.0002980232238769531
1,5524,55.24,7497.411519289017,7497.411221265793,7497.411817312241,7497.4119663238525,0.0,0.0,0.0,0.0
1,5525,55.25,7497.411519289017,7497.411221265793,7497.4119663238525,7497.4119663238525,0.0,0.0,0.00014901161193847656,0.0
1,5526,55.26,7497.411519289017,7497.411221265793,7497.4119663238525,7497.412264347076,0.0,0.0,0.0,0.0002980232238769531
1,5527,55.27,7497.411519289017,7497.411221265793,7497.4119663238525,7497.412264347076,0.0,0.0,0.0,0.0
1,5528,55.28,7497.411519289017,7497.411221265793,7497.4119663238525,7497.412264347076,0.0,0.0,0.0,0.0
1,5529,55.29,7497.411519289017,7497.411221265793,7497.4119663238525,7497.412264347076,0.0,0.0,0.0,0.0
1,5530,55.300000000000004,7497.411519289017,7497.411221265793,7497.4121153354645,7497.4119663238525,0.0,0.0,0.00014901161193847656,-0.0002980232238769531
1,5531,55.31,7497.411519289017,7497.411221265793,7497.4121153354645,7497.4119663238525,0.0,0.0,0.0,0.0
1,5532,55.32,7497.411519289017,7497.411817312241,7497.412264347076,7497.411668300629,0.0,0.0005960464477539062,0.00014901161193847656,-0.0002980232238769531
1,5533,55.33,7497.411519289017,7497.411817312241,7497.4119663238525,7497.411668300629,0.0,0.0,-0.0002980232238769531,0.0
1,5534,55.34,7497.4121153354645,7497.411519289017,7497.4119663238525,7497.411668300629,0.0005960464477539062,-0.0002980232238769531,0.0,0.0
1,5535,55.35,7497.411519289017,7497.411668300629,7497.4119663238525,7497.411370277405,-0.0005960464477539062,0.00014901161193847656,0.0,-0.0002980232238769531
1,5536,55.36,7497.411519289017,7497.411519289017,7497.412264347076,7497.411370277405,0.0,-0.00014901161193847656,0.0002980232238769531,0.0
1,5537,55.370000000000005,7497.411221265793,7497.411668300629,7497.412264347076,7497.411370277405,-0.0002980232238769531,0.00014901161193847656,0.0,0.0
1,5538,55.38,7497.411519289017,7497.411519289017,7497.412264347076,7497.411668300629,0.0002980232238769531,-0.00014901161193847656,0.0,0.0002980232238769531
1,5539,55.39,7497.411519289017,7497.411668300629,7497.4119663238525,7497.411668300629,0.0,0.00014901161193847656,-0.0002980232238769531,0.0
1,5540,55.4,7497.411519289017,7497.411668300629,7497.4119663238525,7497.411668300629,0.0,0.0,0.0,0.0
1,5541,55.410000000000004,7497.411519289017,7497.411668300629,7497.4119663238525,7497.411668300629,0.0,0.0,0.0,0.0
1,5542,55.42,7497.411519289017,7497.411519289017,7497.4119663238525,7497.411668300629,0.0,-0.00014901161193847656,0.0,0.0
1,5543,55.43,7497.411519289017,7497.411519289017,7497.4119663238525,7497.411668300629,0.0,0.0,0.0,0.0
1,5544,55.44,7497.411519289017,7497.411519289017,7497.4119663238525,7497.411668300629,0.0,0.0,0.0,0.0
1,5545,55.45,7497.4121153354645,7497.411221265793,7497.4119663238525,7497.411668300629,0.0005960464477539062,-0.0002980232238769531,0.0,0.0
1,5546,55.46,7497.4121153354645,7497.411370277405,7497.4121153354645,7497.411668300629,0.0,0.00014901161193847656,0.00014901161193847656,0.0
1,5547,55.47,7497.411519289017,7497.411370277405,7497.412264347076,7497.4119663238525,-0.0005960464477539062,0.0,0.00014901161193847656,0.0002980232238769531
1,5548,55.480000000000004,7497.411817312241,7497.411221265793,7497.4119663238525,7497.411668300629,0.0002980232238769531,-0.00014901161193847656,-0.0002980232238769531,-0.0002980232238769531
1,5549,55.49,7497.4121153354645,7497.411221265793,7497.4119663238525,7497.411668300629,0.0002980232238769531,0.0,0.0,0.0
1,5550,55.5,7497.4121153354645,7497.411221265793,7497.4119663238525,7497.411668300629,0.0,0.0,0.0,0.0
1,5551,55.51,7497.411519289017,7497.411668300629,7497.412264347076,7497.411370277405,-0.0005960464477539062,0.0004470348358154297,0.0002980232238769531,-0.0002980232238769531
1,5552,55.52,7497.411519289017,7497.411668300629,7497.4119663238525,7497.411072254181,0.0,0.0,-0.0002980232238769531,-0.0002980232238769531
1,5553,55.53,7497.411519289017,7497.411370277405,7497.412264347076,7497.411370277405,0.0,-0.0002980232238769531,0.0002980232238769531,0.0002980232238769531
1,5554,55.54,7497.411519289017,7497.411370277405,7497.412264347076,7497.411370277405,0.0,0.0,0.0,0.0
1,5555,55.550000000000004,7497.4121153354645,7497.411668300629,7497.4119663238525,7497.411370277405,0.0005960464477539062,0.0002980232238769531,-0.0002980232238769531,0.0
1,5556,55.56,7497.4121153354645,7497.411668300629,7497.4119663238525,7497.411370277405,0.0,0.0,0.0,0.0
1,5557,55.57,7497.411817312241,7497.411519289017,7497.4119663238525,7497.411370277405,-0.0002980232238769531,-0.00014901161193847656,0.0,0.0
1,5558,55.58,7497.4121153354645,7497.411668300629,7497.4119663238525,7497.411072254181,0.0002980232238769531,0.00014901161193847656,0.0,-0.0002980232238769531
1,5559,55.59,7497.411519289017,7497.411668300629,7497.412264347076,7497.411072254181,-0.0005960464477539062,0.0,0.0002980232238769531,0.0
1,5560,55.6,7497.411817312241,7497.411668300629,7497.4121153354645,7497.411072254181,0.0002980232238769531,0.0,-0.00014901161193847656,0.0
1,5561,55.61,7497.4121153354645,7497.411221265793,7497.4121153354645,7497.411668300629,0.0002980232238769531,-0.0004470348358154297,0.0,0.0005960464477539062
1,5562,55.620000000000005,7497.4121153354645,7497.411221265793,7497.4121153354645,7497.411668300629,0.0,0.0,0.0,0.0
1,5563,55.63,7497.4121153354645,7497.411072254181,7497.4119663238525,7497.411370277405,0.0,-0.00014901161193847656,-0.00014901161193847656,-0.0002980232238769531
1,5564,55.64,7497.4121153354645,7497.411221265793,7497.4119663238525,7497.411370277405,0.0,0.00014901161193847656,0.0,0.0
1,5565,55.65,7497.4121153354645,7497.411370277405,7497.4119663238525,7497.411072254181,0.0,0.00014901161193847656,0.0,-0.0002980232238769531
1,5566,55.660000000000004,7497.4121153354645,7497.411370277405,7497.4119663238525,7497.411072254181,0.0,0.0,0.0,0.0
1,5567,55.67,7497.411817312241,7497.411817312241,7497.4119663238525,7497.411072254181,-0.0002980232238769531,0.0004470348358154297,0.0,0.0
1,5568,55.68,7497.4121153354645,7497.411817312241,7497.412264347076,7497.411072254181,0.0002980232238769531,0.0,0.0002980232238769531,0.0
1,5569,55.69,7497.4121153354645,7497.411817312241,7497.412264347076,7497.411370277405,0.0,0.0,0.0,0.0002980232238769531
1,5570,55.7,7497.4121153354645,7497.411519289017,7497.411668300629,7497.411370277405,0.0,-0.0002980232238769531,-0.0005960464477539062,0.0
1,5571,55.71,7497.4121153354645,7497.411519289017,7497.411668300629,7497.411370277405,0.0,0.0,0.0,0.0
1,5572,55.72,7497.4121153354645,7497.411519289017,7497.411668300629,7497.411370277405,0.0,0.0,0.0,0.0
1,5573,55.730000000000004,7497.4121153354645,7497.411519289017,7497.411668300629,7497.411370277405,0.0,0.0,0.0,0.0
1,5574,55.74,7497.4121153354645,7497.411668300629,7497.411668300629,7497.411370277405,0.0,0.00014901161193847656,0.0,0.0
1,5575,55.75,7497.4121153354645,7497.411668300629,7497.411668300629,7497.411370277405,0.0,0.0,0.0,0.0
1,5576,55.76,7497.4121153354645,7497.411668300629,7497.411668300629,7497.411370277405,0.0,0.0,0.0,0.0
1,5577,55.77,7497.4121153354645,7497.411668300629,7497.411668300629,7497.411370277405,0.0,0.0,0.0,0.0
1,5578,55.78,7497.4121153354645,7497.411668300629,7497.411668300629,7497.411370277405,0.0,0.0,0.0,0.0
1,5579,55.79,7497.4121153354645,7497.411668300629,7497.411668300629,7497.411072254181,0.0,0.0,0.0,-0.0002980232238769531
1,5580,55.800000000000004,7497.411817312241,7497.4121153354645,7497.411817312241,7497.411072254181,-0.0002980232238769531,0.0004470348358154297,0.00014901161193847656,0.0
1,5581,55.81,7497.411817312241,7497.4121153354645,7497.411817312241,7497.411072254181,0.0,0.0,0.0,0.0
1,5582,55.82,7497.411817312241,7497.4121153354645,7497.4119663238525,7497.411072254181,0.0,0.0,0.00014901161193847656,0.0
1,5583,55.83,7497.4121153354645,7497.411817312241,7497.411519289017,7497.411072254181,0.0002980232238769531,-0.0002980232238769531,-0.0004470348358154297,0.0
1,5584,55.84,7497.4121153354645,7497.411817312241,7497.411668300629,7497.411370277405,0.0,0.0,0.00014901161193847656,0.0002980232238769531
1,5585,55.85,7497.4121153354645,7497.411817312241,7497.4119663238525,7497.411370277405,0.0,0.0,0.0002980232238769531,0.0
1,5586,55.86,7497.4121153354645,7497.411817312241,7497.4119663238525,7497.411370277405,0.0,0.0,0.0,0.0
1,5587,55.870000000000005,7497.4121153354645,7497.4121153354645,7497.411668300629,7497.411370277405,0.0,0.0002980232238769531,-0.0002980232238769531,0.0
1,5588,55.88,7497.4121153354645,7497.4121153354645,7497.411668300629,7497.411370277405,0.0,0.0,0.0,0.0
1,5589,55.89,7497.4121153354645,7497.4121153354645,7497.411668300629,7497.411370277405,0.0,0.0,0.0,0.0
1,5590,55.9,7497.411817312241,7497.411668300629,7497.4119663238525,7497.411668300629,-0.0002980232238769531,-0.0004470348358154297,0.0002980232238769531,0.0002980232238769531
1,5591,55.910000000000004,7497.4121153354645,7497.411668300629,7497.411817312241,7497.411668300629,0.0002980232238769531,0.0,-0.00014901161193847656,0.0
1,5592,55.92,7497.4121153354645,7497.411817312241,7497.411668300629,7497.411668300629,0.0,0.00014901161193847656,-0.00014901161193847656,0.0
1,5593,55.93,7497.4121153354645,7497.411817312241,7497.411668300629,7497.411668300629,0.0,0.0,0.0,0.0
1,5594,55.94,7497.4121153354645,7497.411817312241,7497.411668300629,7497.411668300629,0.0,0.0,0.0,0.0
1,5595,55.95,7497.4121153354645,7497.411817312241,7497.411668300629,7497.411668300629,0.0,0.0,0.0,0.0
1,5596,55.96,7497.4121153354645,7497.411817312241,7497.411668300629,7497.411668300629,0.0,0.0,0.0,0.0
1,5597,55.97,7497.411817312241,7497.411668300629,7497.411668300629,7497.411668300629,-0.0002980232238769531,-0.00014901161193847656,0.0,0.0
1,5598,55.980000000000004,7497.411817312241,7497.411668300629,7497.411668300629,7497.411668300629,0.0,0.0,0.0,0.0
1,5599,55.99,7497.411817312241,7497.411668300629,7497.411668300629,7497.411668300629,0.0,0.0,0.0,0.0
1,5600,56.0,7497.4121153354645,7497.411817312241,7497.411370277405,7497.411668300629,0.0002980232238769531,0.00014901161193847656,-0.0002980232238769531,0.0
1,5601,56.01,7497.411817312241,7497.411817312241,7497.411519289017,7497.411668300629,-0.0002980232238769531,0.0,0.00014901161193847656,0.0
1,5602,56.02,7497.411817312241,7497.411817312241,7497.411519289017,7497.411668300629,0.0,0.0,0.0,0.0
1,5603,56.03,7497.411817312241,7497.411817312241,7497.411519289017,7497.411668300629,0.0,0.0,0.0,0.0
1,5604,56.04,7497.411817312241,7497.4121153354645,7497.411370277405,7497.411668300629,0.0,0.0002980232238769531,-0.00014901161193847656,0.0
1,5605,56.050000000000004,7497.4121153354645,7497.4119663238525,7497.411519289017,7497.411668300629,0.0002980232238769531,-0.00014901161193847656,0.00014901161193847656,0.0
1,5606,56.06,7497.4121153354645,7497.411817312241,7497.411668300629,7497.411668300629,0.0,-0.00014901161193847656,0.00014901161193847656,0.0
1,5607,56.07,7497.4121153354645,7497.411817312241,7497.411668300629,7497.411668300629,0.0,0.0,0.0,0.0
1,5608,56.08,7497.4121153354645,7497.4121153354645,7497.411370277405,7497.411668300629,0.0,0.0002980232238769531,-0.0002980232238769531,0.0
1,5609,56.09,7497.4121153354645,7497.4121153354645,7497.411370277405,7497.411668300629,0.0,0.0,0.0,0.0
1,5610,56.1,7497.4121153354645,7497.4121153354645,7497.411370277405,7497.411668300629,0.0,0.0,0.0,0.0
1,5611,56.11,7497.4121153354645,7497.4121153354645,7497.411370277405,7497.411668300629,0.0,0.0,0.0,0.0
1,5612,56.120000000000005,7497.411817312241,7497.412264347076,7497.411668300629,7497.411370277405,-0.0002980232238769531,0.00014901161193847656,0.0002980232238769531,-0.0002980232238769531
1,5613,56.13,7497.411817312241,7497.412413358688,7497.411668300629,7497.411668300629,0.0,0.00014901161193847656,0.0,0.0002980232238769531
1,5614,56.14,7497.411817312241,7497.412413358688,7497.411668300629,7497.411668300629,0.0,0.0,0.0,0.0
1,5615,56.15,7497.411519289017,7497.4121153354645,7497.412264347076,7497.411668300629,-0.0002980232238769531,-0.0002980232238769531,0.0005960464477539062,0.0
1,5616,56.160000000000004,7497.411519289017,7497.412413358688,7497.4119663238525,7497.411370277405,0.0,0.0002980232238769531,-0.0002980232238769531,-0.0002980232238769531
1,5617,56.17,7497.411519289017,7497.412264347076,7497.4119663238525,7497.411370277405,0.0,-0.00014901161193847656,0.0,0.0
1,5618,56.18,7497.411519289017,7497.412264347076,7497.4119663238525,7497.411370277405,0.0,0.0,0.0,0.0
1,5619,56.19,7497.411519289017,7497.412413358688,7497.411817312241,7497.411668300629,0.0,0.00014901161193847656,-0.00014901161193847656,0.0002980232238769531
1,5620,56.2,7497.4121153354645,7497.411817312241,7497.411668300629,7497.411668300629,0.0005960464477539062,-0.0005960464477539062,-0.00014901161193847656,0.0
1,5621,56.21,7497.4121153354645,7497.4121153354645,7497.411370277405,7497.411668300629,0.0,0.0002980232238769531,-0.0002980232238769531,0.0
1,5622,56.22,7497.411817312241,7497.4121153354645,7497.411370277405,7497.411668300629,-0.0002980232238769531,0.0,0.0,0.0
1,5623,56.230000000000004,7497.411817312241,7497.4121153354645,7497.411370277405,7497.411668300629,0.0,0.0,0.0,0.0
1,5624,56.24,7497.4121153354645,7497.4119663238525,7497.411668300629,7497.411370277405,0.0002980232238769531,-0.00014901161193847656,0.0002980232238769531,-0.0002980232238769531
1,5625,56.25,7497.4121153354645,7497.4119663238525,7497.411668300629,7497.411370277405,0.0,0.0,0.0,0.0
1,5626,56.26,7497.411817312241,7497.411817312241,7497.411668300629,7497.411668300629,-0.0002980232238769531,-0.00014901161193847656,0.0,0.0002980232238769531
1,5627,56.27,7497.4121153354645,7497.4119663238525,7497.411668300629,7497.411370277405,0.0002980232238769531,0.00014901161193847656,0.0,-0.0002980232238769531
1,5628,56.28,7497.411519289017,7497.411668300629,7497.411370277405,7497.411668300629,-0.0005960464477539062,-0.0002980232238769531,-0.0002980232238769531,0.0002980232238769531
1,5629,56.29,7497.411519289017,7497.411370277405,7497.411668300629,7497.4119663238525,0.0,-0.0002980232238769531,0.0002980232238769531,0.0002980232238769531
1,5630,56.300000000000004,7497.411519289017,7497.411519289017,7497.411519289017,7497.411668300629,0.0,0.00014901161193847656,-0.00014901161193847656,-0.0002980232238769531
1,5631,56.31,7497.411519289017,7497.411519289017,7497.411519289017,7497.4119663238525,0.0,0.0,0.0,0.0002980232238769531
1,5632,56.32,7497.411519289017,7497.411668300629,7497.411370277405,7497.411668300629,0.0,0.00014901161193847656,-0.00014901161193847656,-0.0002980232238769531
1,5633,56.33,7497.411519289017,7497.411668300629,7497.411370277405,7497.411668300629,0.0,0.0,0.0,0.0
1,5634,56.34,7497.411519289017,7497.411817312241,7497.411072254181,7497.411668300629,0.0,0.00014901161193847656,-0.0002980232238769531,0.0
1,5635,56.35,7497.411519289017,7497.4121153354645,7497.411370277405,7497.411668300629,0.0,0.0002980232238769531,0.0002980232238769531,0.0
1,5636,56.36,7497.411519289017,7497.411817312241,7497.411370277405,7497.411668300629,0.0,-0.0002980232238769531,0.0,0.0
1,5637,56.370000000000005,7497.411519289017,7497.4119663238525,7497.411221265793,7497.411668300629,0.0,0.00014901161193847656,-0.00014901161193847656,0.0
1,5638,56.38,7497.411519289017,7497.411817312241,7497.411519289017,7497.4119663238525,0.0,-0.00014901161193847656,0.0002980232238769531,0.0002980232238769531
1,5639,56.39,7497.411519289017,7497.411817312241,7497.411370277405,7497.4119663238525,0.0,0.0,-0.00014901161193847656,0.0
1,5640,56.4,7497.411519289017,7497.411817312241,7497.411370277405,7497.4119663238525,0.0,0.0,0.0,0.0
1,5641,56.410000000000004,7497.411519289017,7497.411817312241,7497.411221265793,7497.4119663238525,0.0,0.0,-0.00014901161193847656,0.0
1,5642,56.42,7497.411519289017,7497.411817312241,7497.411370277405,7497.4119663238525,0.0,0.0,0.00014901161193847656,0.0
1,5643,56.43,7497.411519289017,7497.411817312241,7497.411370277405,7497.4119663238525,0.0,0.0,0.0,0.0
1,5644,56.44,7497.411519289017,7497.411817312241,7497.411370277405,7497.4119663238525,0.0,0.0,0.0,0.0
1,5645,56.45,7497.411519289017,7497.411817312241,7497.411370277405,7497.4119663238525,0.0,0.0,0.0,0.0
1,5646,56.46,7497.411519289017,7497.411519289017,7497.411370277405,7497.4125623703,0.0,-0.0002980232238769531,0.0,0.0005960464477539062
1,5647,56.47,7497.411221265793,7497.411519289017,7497.411668300629,7497.4125623703,-0.0002980232238769531,0.0,0.0002980232238769531,0.0
1,5648,56.480000000000004,7497.411221265793,7497.411519289017,7497.411668300629,7497.4125623703,0.0,0.0,0.0,0.0
1,5649,56.49,7497.410923242569,7497.411817312241,7497.4119663238525,7497.4125623703,-0.0002980232238769531,0.0002980232238769531,0.0002980232238769531,0.0
1,5650,56.5,7497.410923242569,7497.411668300629,7497.4121153354645,7497.4125623703,0.0,-0.00014901161193847656,0.00014901161193847656,0.0
1,5651,56.51,7497.411221265793,7497.411519289017,7497.412264347076,7497.4125623703,0.0002980232238769531,-0.00014901161193847656,0.00014901161193847656,0.0
1,5652,56.52,7497.410923242569,7497.411519289017,7497.412413358688,7497.4125623703,-0.0002980232238769531,0.0,0.00014901161193847656,0.0
1,5653,56.53,7497.410923242569,7497.411817312241,7497.412413358688,7497.4125623703,0.0,0.0002980232238769531,0.0,0.0
1,5654,56.54,7497.410923242569,7497.411817312241,7497.4119663238525,7497.4125623703,0.0,0.0,-0.0004470348358154297,0.0
1,5655,56.550000000000004,7497.410923242569,7497.411817312241,7497.4121153354645,7497.4125623703,0.0,0.0,0.00014901161193847656,0.0
1,5656,56.56,7497.410923242569,7497.411817312241,7497.412264347076,7497.4125623703,0.0,0.0,0.00014901161193847656,0.0
1,5657,56.57,7497.410923242569,7497.4119663238525,7497.412264347076,7497.4125623703,0.0,0.00014901161193847656,0.0,0.0
1,5658,56.58,7497.410625219345,7497.411817312241,7497.412413358688,7497.412860393524,-0.0002980232238769531,-0.00014901161193847656,0.00014901161193847656,0.0002980232238769531
1,5659,56.59,7497.411221265793,7497.411519289017,7497.411817312241,7497.412860393524,0.0005960464477539062,-0.0002980232238769531,-0.0005960464477539062,0.0
1,5660,56.6,7497.411221265793,7497.411668300629,7497.4119663238525,7497.412860393524,0.0,0.00014901161193847656,0.00014901161193847656,0.0
1,5661,56.61,7497.411519289017,7497.411668300629,7497.411668300629,7497.412860393524,0.0002980232238769531,0.0,-0.0002980232238769531,0.0
1,5662,56.620000000000005,7497.411519289017,7497.411668300629,7497.4121153354645,7497.412860393524,0.0,0.0,0.0004470348358154297,0.0
1,5663,56.63,7497.411519289017,7497.411519289017,7497.4121153354645,7497.412860393524,0.0,-0.00014901161193847656,0.0,0.0
1,5664,56.64,7497.411221265793,7497.411519289017,7497.4119663238525,7497.413158416748,-0.0002980232238769531,0.0,-0.00014901161193847656,0.0002980232238769531
1,5665,56.65,7497.411221265793,7497.411519289017,7497.4119663238525,7497.413158416748,0.0,0.0,0.0,0.0
1,5666,56.660000000000004,7497.411221265793,7497.411668300629,7497.4119663238525,7497.413158416748,0.0,0.00014901161193847656,0.0,0.0
1,5667,56.67,7497.411221265793,7497.411817312241,7497.4119663238525,7497.412860393524,0.0,0.00014901161193847656,0.0,-0.0002980232238769531
1,5668,56.68,7497.411221265793,7497.411817312241,7497.412264347076,7497.412860393524,0.0,0.0,0.0002980232238769531,0.0
1,5669,56.69,7497.411221265793,7497.411817312241,7497.412264347076,7497.412860393524,0.0,0.0,0.0,0.0
1,5670,56.7,7497.411221265793,7497.411817312241,7497.412264347076,7497.412860393524,0.0,0.0,0.0,0.0
1,5671,56.71,7497.411221265793,7497.411817312241,7497.4125623703,7497.412860393524,0.0,0.0,0.0002980232238769531,0.0
1,5672,56.72,7497.411221265793,7497.411817312241,7497.4125623703,7497.412860393524,0.0,0.0,0.0,0.0
1,5673,56.730000000000004,7497.411519289017,7497.412264347076,7497.4121153354645,7497.4125623703,0.0002980232238769531,0.0004470348358154297,-0.0004470348358154297,-0.0002980232238769531
1,5674,56.74,7497.411221265793,7497.412264347076,7497.4119663238525,7497.4125623703,-0.0002980232238769531,0.0,-0.00014901161193847656,0.0
1,5675,56.75,7497.411221265793,7497.412264347076,7497.4119663238525,7497.4125623703,0.0,0.0,0.0,0.0
1,5676,56.76,7497.411221265793,7497.412264347076,7497.4119663238525,7497.4125623703,0.0,0.0,0.0,0.0
1,5677,56.77,7497.411221265793,7497.412264347076,7497.4119663238525,7497.4125623703,0.0,0.0,0.0,0.0
1,5678,56.78,7497.411221265793,7497.4121153354645,7497.412264347076,7497.4125623703,0.0,-0.00014901161193847656,0.0002980232238769531,0.0
1,5679,56.79,7497.411221265793,7497.412413358688,7497.4119663238525,7497.412264347076,0.0,0.0002980232238769531,-0.0002980232238769531,-0.0002980232238769531
1,5680,56.800000000000004,7497.411221265793,7497.412413358688,7497.4119663238525,7497.412264347076,0.0,0.0,0.0,0.0
1,5681,56.81,7497.411519289017,7497.412413358688,7497.4121153354645,7497.412264347076,0.0002980232238769531,0.0,0.00014901161193847656,0.0
1,5682,56.82,7497.411519289017,7497.412711381912,7497.411668300629,7497.4119663238525,0.0,0.0002980232238769531,-0.0004470348358154297,-0.0002980232238769531
1,5683,56.83,7497.4121153354645,7497.4121153354645,7497.411519289017,7497.411668300629,0.0005960464477539062,-0.0005960464477539062,-0.00014901161193847656,-0.0002980232238769531
1,5684,56.84,7497.4121153354645,7497.412413358688,7497.411668300629,7497.4119663238525,0.0,0.0002980232238769531,0.00014901161193847656,0.0002980232238769531
1,5685,56.85,7497.4121153354645,7497.412711381912,7497.411370277405,7497.411370277405,0.0,0.0002980232238769531,-0.0002980232238769531,-0.0005960464477539062
1,5686,56.86,7497.4121153354645,7497.412413358688,7497.411519289017,7497.4119663238525,0.0,-0.0002980232238769531,0.00014901161193847656,0.0005960464477539062
1,5687,56.870000000000005,7497.4121153354645,7497.412413358688,7497.411519289017,7497.4119663238525,0.0,0.0,0.0,0.0
1,5688,56.88,7497.4121153354645,7497.4121153354645,7497.411668300629,7497.411668300629,0.0,-0.0002980232238769531,0.00014901161193847656,-0.0002980232238769531
1,5689,56.89,7497.4121153354645,7497.4121153354645,7497.411668300629,7497.411668300629,0.0,0.0,0.0,0.0
1,5690,56.9,7497.4121153354645,7497.4121153354645,7497.411668300629,7497.411668300629,0.0,0.0,0.0,0.0
1,5691,56.910000000000004,7497.4121153354645,7497.412413358688,7497.411370277405,7497.411668300629,0.0,0.0002980232238769531,-0.0002980232238769531,0.0
1,5692,56.92,7497.412413358688,7497.4121153354645,7497.411370277405,7497.411370277405,0.0002980232238769531,-0.0002980232238769531,0.0,-0.0002980232238769531
1,5693,56.93,7497.412711381912,7497.411817312241,7497.411072254181,7497.411370277405,0.0002980232238769531,-0.0002980232238769531,-0.0002980232238769531,0.0
1,5694,56.94,7497.412413358688,7497.4119663238525,7497.411221265793,7497.411668300629,-0.0002980232238769531,0.00014901161193847656,0.00014901161193847656,0.0002980232238769531
1,5695,56.95,7497.412413358688,7497.4119663238525,7497.411370277405,7497.411668300629,0.0,0.0,0.00014901161193847656,0.0
1,5696,56.96,7497.412413358688,7497.4119663238525,7497.411370277405,7497.411668300629,0.0,0.0,0.0,0.0
1,5697,56.97,7497.412413358688,7497.411817312241,7497.411072254181,7497.411668300629,0.0,-0.00014901161193847656,-0.0002980232238769531,0.0
1,5698,56.980000000000004,7497.412413358688,7497.411817312241,7497.411072254181,7497.411668300629,0.0,0.0,0.0,0.0
1,5699,56.99,7497.412413358688,7497.411668300629,7497.411072254181,7497.4119663238525,0.0,-0.00014901161193847656,0.0,0.0002980232238769531
1,5700,57.0,7497.4121153354645,7497.411519289017,7497.411370277405,7497.412264347076,-0.0002980232238769531,-0.00014901161193847656,0.0002980232238769531,0.0002980232238769531
1,5701,57.01,7497.4121153354645,7497.411519289017,7497.411221265793,7497.4119663238525,0.0,0.0,-0.00014901161193847656,-0.0002980232238769531
1,5702,57.02,7497.412413358688,7497.411519289017,7497.411370277405,7497.4119663238525,0.0002980232238769531,0.0,0.00014901161193847656,0.0
1,5703,57.03,7497.412413358688,7497.411519289017,7497.411370277405,7497.4119663238525,0.0,0.0,0.0,0.0
1,5704,57.04,7497.412413358688,7497.411519289017,7497.411370277405,7497.4119663238525,0.0,0.0,0.0,0.0
1,5705,57.050000000000004,7497.412413358688,7497.411668300629,7497.411370277405,7497.4119663238525,0.0,0.00014901161193847656,0.0,0.0
1,5706,57.06,7497.412413358688,7497.411221265793,7497.411668300629,7497.4125623703,0.0,-0.0004470348358154297,0.0002980232238769531,0.0005960464477539062
1,5707,57.07,7497.411817312241,7497.411519289017,7497.411370277405,7497.4119663238525,-0.0005960464477539062,0.0002980232238769531,-0.0002980232238769531,-0.0005960464477539062
1,5708,57.08,7497.4121153354645,7497.411370277405,7497.4119663238525,7497.4119663238525,0.0002980232238769531,-0.00014901161193847656,0.0005960464477539062,0.0
1,5709,57.09,7497.4121153354645,7497.411519289017,7497.411817312241,7497.4119663238525,0.0,0.00014901161193847656,-0.00014901161193847656,0.0
1,5710,57.1,7497.4121153354645,7497.411370277405,7497.4119663238525,7497.411668300629,0.0,-0.00014901161193847656,0.00014901161193847656,-0.0002980232238769531
1,5711,57.11,7497.4121153354645,7497.411519289017,7497.4119663238525,7497.4119663238525,0.0,0.00014901161193847656,0.0,0.0002980232238769531
1,5712,57.120000000000005,7497.4121153354645,7497.411221265793,7497.4119663238525,7497.4119663238525,0.0,-0.0002980232238769531,0.0,0.0
1,5713,57.13,7497.4121153354645,7497.411221265793,7497.4119663238525,7497.4119663238525,0.0,0.0,0.0,0.0
1,5714,57.14,7497.4121153354645,7497.411221265793,7497.4119663238525,7497.4119663238525,0.0,0.0,0.0,0.0
1,5715,57.15,7497.4121153354645,7497.411221265793,7497.412264347076,7497.412264347076,0.0,0.0,0.0002980232238769531,0.0002980232238769531
1,5716,57.160000000000004,7497.412413358688,7497.411072254181,7497.412264347076,7497.4119663238525,0.0002980232238769531,-0.00014901161193847656,0.0,-0.0002980232238769531
1,5717,57.17,7497.4121153354645,7497.411519289017,7497.4119663238525,7497.4119663238525,-0.0002980232238769531,0.0004470348358154297,-0.0002980232238769531,0.0
1,5718,57.18,7497.4121153354645,7497.411221265793,7497.4121153354645,7497.411370277405,0.0,-0.0002980232238769531,0.00014901161193847656,-0.0005960464477539062
1,5719,57.19,7497.411817312241,7497.411370277405,7497.4119663238525,7497.411668300629,-0.0002980232238769531,0.00014901161193847656,-0.00014901161193847656,0.0002980232238769531
1,5720,57.2,7497.4121153354645,7497.410923242569,7497.4119663238525,7497.411668300629,0.0002980232238769531,-0.0004470348358154297,0.0,0.0
1,5721,57.21,7497.4121153354645,7497.410923242569,7497.4119663238525,7497.411668300629,0.0,0.0,0.0,0.0
1,5722,57.22,7497.4121153354645,7497.410923242569,7497.4119663238525,7497.411668300629,0.0,0.0,0.0,0.0
1,5723,57.230000000000004,7497.4121153354645,7497.411221265793,7497.4119663238525,7497.4119663238525,0.0,0.0002980232238769531,0.0,0.0002980232238769531
1,5724,57.24,7497.4121153354645,7497.411221265793,7497.4119663238525,7497.4119663238525,0.0,0.0,0.0,0.0
1,5725,57.25,7497.411817312241,7497.411221265793,7497.412264347076,7497.411668300629,-0.0002980232238769531,0.0,0.0002980232238769531,-0.0002980232238769531
1,5726,57.26,7497.411817312241,7497.411221265793,7497.412264347076,7497.411668300629,0.0,0.0,0.0,0.0
1,5727,57.27,7497.411817312241,7497.411221265793,7497.412264347076,7497.411668300629,0.0,0.0,0.0,0.0
1,5728,57.28,7497.4121153354645,7497.410923242569,7497.412264347076,7497.4119663238525,0.0002980232238769531,-0.0002980232238769531,0.0,0.0002980232238769531
1,5729,57.29,7497.4121153354645,7497.410923242569,7497.4119663238525,7497.4119663238525,0.0,0.0,-0.0002980232238769531,0.0
1,5730,57.300000000000004,7497.411817312241,7497.411221265793,7497.4121153354645,7497.411668300629,-0.0002980232238769531,0.0002980232238769531,0.00014901161193847656,-0.0002980232238769531
1,5731,57.31,7497.411817312241,7497.411221265793,7497.4121153354645,7497.411668300629,0.0,0.0,0.0,0.0
1,5732,57.32,7497.411817312241,7497.411221265793,7497.412264347076,7497.411668300629,0.0,0.0,0.00014901161193847656,0.0
1,5733,57.33,7497.4121153354645,7497.411072254181,7497.412264347076,7497.411668300629,0.0002980232238769531,-0.00014901161193847656,0.0,0.0
1,5734,57.34,7497.4121153354645,7497.411072254181,7497.412264347076,7497.411668300629,0.0,0.0,0.0,0.0
1,5735,57.35,7497.411817312241,7497.411072254181,7497.4125623703,7497.411668300629,-0.0002980232238769531,0.0,0.0002980232238769531,0.0
1,5736,57.36,7497.4121153354645,7497.411370277405,7497.4119663238525,7497.411370277405,0.0002980232238769531,0.0002980232238769531,-0.0005960464477539062,-0.0002980232238769531
1,5737,57.370000000000005,7497.411817312241,7497.411221265793,7497.412264347076,7497.411668300629,-0.0002980232238769531,-0.00014901161193847656,0.0002980232238769531,0.0002980232238769531
1,5738,57.38,7497.411817312241,7497.411221265793,7497.412264347076,7497.411668300629,0.0,0.0,0.0,0.0
1,5739,57.39,7497.411817312241,7497.411221265793,7497.412264347076,7497.411668300629,0.0,0.0,0.0,0.0
1,5740,57.4,7497.411817312241,7497.411221265793,7497.412264347076,7497.411668300629,0.0,0.0,0.0,0.0
1,5741,57.410000000000004,7497.411519289017,7497.411519289017,7497.412413358688,7497.411072254181,-0.0002980232238769531,0.0002980232238769531,0.00014901161193847656,-0.0005960464477539062
1,5742,57.42,7497.411519289017,7497.411370277405,7497.412413358688,7497.411370277405,0.0,-0.00014901161193847656,0.0,0.0002980232238769531
1,5743,57.43,7497.411519289017,7497.411519289017,7497.4125623703,7497.411668300629,0.0,0.00014901161193847656,0.00014901161193847656,0.0002980232238769531
1,5744,57.44,7497.411519289017,7497.411221265793,7497.4125623703,7497.411370277405,0.0,-0.0002980232238769531,0.0,-0.0002980232238769531
1,5745,57.45,7497.411519289017,7497.411519289017,7497.4125623703,7497.411370277405,0.0,0.0002980232238769531,0.0,0.0
1,5746,57.46,7497.411519289017,7497.411668300629,7497.412264347076,7497.411370277405,0.0,0.00014901161193847656,-0.0002980232238769531,0.0
1,5747,57.47,7497.411221265793,7497.411668300629,7497.412264347076,7497.411072254181,-0.0002980232238769531,0.0,0.0,-0.0002980232238769531
1,5748,57.480000000000004,7497.411519289017,7497.411519289017,7497.412264347076,7497.411072254181,0.0002980232238769531,-0.00014901161193847656,0.0,0.0
1,5749,57.49,7497.411519289017,7497.4121153354645,7497.4121153354645,7497.411072254181,0.0,0.0005960464477539062,-0.00014901161193847656,0.0
1,5750,57.5,7497.411519289017,7497.412264347076,7497.4121153354645,7497.411072254181,0.0,0.00014901161193847656,0.0,0.0
1,5751,57.51,7497.411817312241,7497.4119663238525,7497.4119663238525,7497.411370277405,0.0002980232238769531,-0.0002980232238769531,-0.00014901161193847656,0.0002980232238769531
1,5752,57.52,7497.4121153354645,7497.411817312241,7497.4119663238525,7497.411370277405,0.0002980232238769531,-0.00014901161193847656,0.0,0.0
1,5753,57.53,7497.411817312241,7497.4121153354645,7497.4119663238525,7497.411370277405,-0.0002980232238769531,0.0002980232238769531,0.0,0.0
1,5754,57.54,7497.411519289017,7497.4119663238525,7497.412264347076,7497.411370277405,-0.0002980232238769531,-0.00014901161193847656,0.0002980232238769531,0.0
1,5755,57.550000000000004,7497.411519289017,7497.4119663238525,7497.412264347076,7497.411370277405,0.0,0.0,0.0,0.0
1,5756,57.56,7497.411519289017,7497.4121153354645,7497.412264347076,7497.411668300629,0.0,0.00014901161193847656,0.0,0.0002980232238769531
1,5757,57.57,7497.411519289017,7497.4121153354645,7497.412264347076,7497.411668300629,0.0,0.0,0.0,0.0
1,5758,57.58,7497.411221265793,7497.411817312241,7497.4119663238525,7497.4119663238525,-0.0002980232238769531,-0.0002980232238769531,-0.0002980232238769531,0.0002980232238769531
1,5759,57.59,7497.411221265793,7497.411817312241,7497.4119663238525,7497.4119663238525,0.0,0.0,0.0,0.0
1,5760,57.6,7497.411519289017,7497.4119663238525,7497.412264347076,7497.411370277405,0.0002980232238769531,0.00014901161193847656,0.0002980232238769531,-0.0005960464477539062
1,5761,57.61,7497.411519289017,7497.411817312241,7497.4119663238525,7497.411668300629,0.0,-0.00014901161193847656,-0.0002980232238769531,0.0002980232238769531
1,5762,57.620000000000005,7497.411519289017,7497.411817312241,7497.4119663238525,7497.411668300629,0.0,0.0,0.0,0.0
1,5763,57.63,7497.411817312241,7497.4119663238525,7497.411668300629,7497.411668300629,0.0002980232238769531,0.00014901161193847656,-0.0002980232238769531,0.0
1,5764,57.64,7497.4121153354645,7497.4121153354645,7497.411668300629,7497.411370277405,0.0002980232238769531,0.00014901161193847656,0.0,-0.0002980232238769531
1,5765,57.65,7497.411817312241,7497.4121153354645,7497.411668300629,7497.411668300629,-0.0002980232238769531,0.0,0.0,0.0002980232238769531
1,5766,57.660000000000004,7497.4121153354645,7497.4121153354645,7497.411668300629,7497.411668300629,0.0002980232238769531,0.0,0.0,0.0
1,5767,57.67,7497.4121153354645,7497.4119663238525,7497.411668300629,7497.411668300629,0.0,-0.00014901161193847656,0.0,0.0
1,5768,57.68,7497.411817312241,7497.4121153354645,7497.411668300629,7497.4119663238525,-0.0002980232238769531,0.00014901161193847656,0.0,0.0002980232238769531
1,5769,57.69,7497.411519289017,7497.4121153354645,7497.4119663238525,7497.4119663238525,-0.0002980232238769531,0.0,0.0002980232238769531,0.0
1,5770,57.7,7497.411817312241,7497.4121153354645,7497.411668300629,7497.4119663238525,0.0002980232238769531,0.0,-0.0002980232238769531,0.0
1,5771,57.71,7497.411519289017,7497.4119663238525,7497.411668300629,7497.412264347076,-0.0002980232238769531,-0.00014901161193847656,0.0,0.0002980232238769531
1,5772,57.72,7497.411519289017,7497.411817312241,7497.411668300629,7497.412264347076,0.0,-0.00014901161193847656,0.0,0.0
1,5773,57.730000000000004,7497.411519289017,7497.411817312241,7497.411668300629,7497.412264347076,0.0,0.0,0.0,0.0
1,5774,57.74,7497.411519289017,7497.411817312241,7497.411817312241,7497.4125623703,0.0,0.0,0.00014901161193847656,0.0002980232238769531
1,5775,57.75,7497.411519289017,7497.411817312241,7497.411668300629,7497.4119663238525,0.0,0.0,-0.00014901161193847656,-0.0005960464477539062
1,5776,57.76,7497.411817312241,7497.4121153354645,7497.411668300629,7497.4119663238525,0.0002980232238769531,0.0002980232238769531,0.0,0.0
1,5777,57.77,7497.411817312241,7497.4121153354645,7497.411668300629,7497.4119663238525,0.0,0.0,0.0,0.0
1,5778,57.78,7497.411817312241,7497.4121153354645,7497.411668300629,7497.4119663238525,0.0,0.0,0.0,0.0
1,5779,57.79,7497.411817312241,7497.4121153354645,7497.411668300629,7497.4119663238525,0.0,0.0,0.0,0.0
1,5780,57.800000000000004,7497.4121153354645,7497.412413358688,7497.411668300629,7497.412264347076,0.0002980232238769531,0.0002980232238769531,0.0,0.0002980232238769531
1,5781,57.81,7497.4121153354645,7497.4125623703,7497.411519289017,7497.4119663238525,0.0,0.00014901161193847656,-0.00014901161193847656,-0.0002980232238769531
1,5782,57.82,7497.4121153354645,7497.4125623703,7497.411519289017,7497.4119663238525,0.0,0.0,0.0,0.0
1,5783,57.83,7497.4121153354645,7497.4125623703,7497.411370277405,7497.4119663238525,0.0,0.0,-0.00014901161193847656,0.0
1,5784,57.84,7497.4121153354645,7497.412413358688,7497.411370277405,7497.412264347076,0.0,-0.00014901161193847656,0.0,0.0002980232238769531
1,5785,57.85,7497.411817312241,7497.412711381912,7497.411668300629,7497.411668300629,-0.0002980232238769531,0.0002980232238769531,0.0002980232238769531,-0.0005960464477539062
1,5786,57.86,7497.411817312241,7497.412711381912,7497.4119663238525,7497.411668300629,0.0,0.0,0.0002980232238769531,0.0
1,5787,57.870000000000005,7497.4121153354645,7497.412711381912,7497.4119663238525,7497.411370277405,0.0002980232238769531,0.0,0.0,-0.0002980232238769531
1,5788,57.88,7497.4121153354645,7497.413009405136,7497.411817312241,7497.411370277405,0.0,0.0002980232238769531,-0.00014901161193847656,0.0
1,5789,57.89,7497.4121153354645,7497.412711381912,7497.4121153354645,7497.411370277405,0.0,-0.0002980232238769531,0.0002980232238769531,0.0
1,5790,57.9,7497.4121153354645,7497.4125623703,7497.4119663238525,7497.411370277405,0.0,-0.00014901161193847656,-0.00014901161193847656,0.0
1,5791,57.910000000000004,7497.4121153354645,7497.412711381912,7497.411668300629,7497.411370277405,0.0,0.00014901161193847656,-0.0002980232238769531,0.0
1,5792,57.92,7497.4121153354645,7497.412711381912,7497.4119663238525,7497.411370277405,0.0,0.0,0.0002980232238769531,0.0
1,5793,57.93,7497.4121153354645,7497.412711381912,7497.411668300629,7497.411370277405,0.0,0.0,-0.0002980232238769531,0.0
1,5794,57.94,7497.4121153354645,7497.412711381912,7497.411668300629,7497.411370277405,0.0,0.0,0.0,0.0
1,5795,57.95,7497.4121153354645,7497.412711381912,7497.411668300629,7497.411370277405,0.0,0.0,0.0,0.0
1,5796,57.96,7497.4121153354645,7497.412711381912,7497.411668300629,7497.411370277405,0.0,0.0,0.0,0.0
1,5797,57.97,7497.4121153354645,7497.412413358688,7497.411668300629,7497.411370277405,0.0,-0.0002980232238769531,0.0,0.0
1,5798,57.980000000000004,7497.412413358688,7497.412264347076,7497.411519289017,7497.411668300629,0.0002980232238769531,-0.00014901161193847656,-0.00014901161193847656,0.0002980232238769531
1,5799,57.99,7497.4121153354645,7497.412711381912,7497.411221265793,7497.411072254181,-0.0002980232238769531,0.0004470348358154297,-0.0002980232238769531,-0.0005960464477539062
1,5800,58.0,7497.412711381912,7497.412413358688,7497.411370277405,7497.411370277405,0.0005960464477539062,-0.0002980232238769531,0.00014901161193847656,0.0002980232238769531
1,5801,58.01,7497.412711381912,7497.412413358688,7497.411370277405,7497.410774230957,0.0,0.0,0.0,-0.0005960464477539062
1,5802,58.02,7497.4121153354645,7497.412413358688,7497.411370277405,7497.411370277405,-0.0005960464477539062,0.0,0.0,0.0005960464477539062
1,5803,58.03,7497.4121153354645,7497.411817312241,7497.411370277405,7497.411370277405,0.0,-0.0005960464477539062,0.0,0.0
1,5804,58.04,7497.4121153354645,7497.411817312241,7497.411370277405,7497.411370277405,0.0,0.0,0.0,0.0
1,5805,58.050000000000004,7497.4121153354645,7497.411817312241,7497.411370277405,7497.411370277405,0.0,0.0,0.0,0.0
1,5806,58.06,7497.4121153354645,7497.4121153354645,7497.411221265793,7497.411370277405,0.0,0.0002980232238769531,-0.00014901161193847656,0.0
1,5807,58.07,7497.4121153354645,7497.4121153354645,7497.411370277405,7497.411370277405,0.0,0.0,0.00014901161193847656,0.0
1,5808,58.08,7497.4121153354645,7497.4121153354645,7497.411370277405,7497.411370277405,0.0,0.0,0.0,0.0
1,5809,58.09,7497.4121153354645,7497.4119663238525,7497.411519289017,7497.411370277405,0.0,-0.00014901161193847656,0.00014901161193847656,0.0
1,5810,58.1,7497.4121153354645,7497.411817312241,7497.411370277405,7497.411370277405,0.0,-0.00014901161193847656,-0.00014901161193847656,0.0
1,5811,58.11,7497.4121153354645,7497.4121153354645,7497.411370277405,7497.411370277405,0.0,0.0002980232238769531,0.0,0.0
1,5812,58.120000000000005,7497.4121153354645,7497.4121153354645,7497.411370277405,7497.411370277405,0.0,0.0,0.0,0.0
1,5813,58.13,7497.4121153354645,7497.411668300629,7497.411519289017,7497.411668300629,0.0,-0.0004470348358154297,0.00014901161193847656,0.0002980232238769531
1,5814,58.14,7497.4121153354645,7497.411519289017,7497.411519289017,7497.411370277405,0.0,-0.00014901161193847656,0.0,-0.0002980232238769531
1,5815,58.15,7497.4121153354645,7497.411668300629,7497.411668300629,7497.411370277405,0.0,0.00014901161193847656,0.00014901161193847656,0.0
1,5816,58.160000000000004,7497.4121153354645,7497.411668300629,7497.411668300629,7497.411370277405,0.0,0.0,0.0,0.0
1,5817,58.17,7497.4121153354645,7497.411668300629,7497.411668300629,7497.411370277405,0.0,0.0,0.0,0.0
1,5818,58.18,7497.4121153354645,7497.411668300629,7497.411668300629,7497.411370277405,0.0,0.0,0.0,0.0
1,5819,58.19,7497.4121153354645,7497.411370277405,7497.411519289017,7497.411668300629,0.0,-0.0002980232238769531,-0.00014901161193847656,0.0002980232238769531
1,5820,58.2,7497.4121153354645,7497.411221265793,7497.411668300629,7497.411370277405,0.0,-0.00014901161193847656,0.00014901161193847656,-0.0002980232238769531
1,5821,58.21,7497.4121153354645,7497.411221265793,7497.411668300629,7497.411668300629,0.0,0.0,0.0,0.0002980232238769531
1,5822,58.22,7497.4121153354645,7497.411221265793,7497.411817312241,7497.411370277405,0.0,0.0,0.00014901161193847656,-0.0002980232238769531
1,5823,58.230000000000004,7497.4121153354645,7497.411370277405,7497.411668300629,7497.411370277405,0.0,0.00014901161193847656,-0.00014901161193847656,0.0
1,5824,58.24,7497.411519289017,7497.411668300629,7497.4119663238525,7497.411072254181,-0.0005960464477539062,0.0002980232238769531,0.0002980232238769531,-0.0002980232238769531
1,5825,58.25,7497.411519289017,7497.411221265793,7497.412264347076,7497.4119663238525,0.0,-0.0004470348358154297,0.0002980232238769531,0.0008940696716308594
1,5826,58.26,7497.411519289017,7497.411221265793,7497.412264347076,7497.411668300629,0.0,0.0,0.0,-0.0002980232238769531
1,5827,58.27,7497.411519289017,7497.411221265793,7497.412264347076,7497.411668300629,0.0,0.0,0.0,0.0
1,5828,58.28,7497.411221265793,7497.411221265793,7497.412264347076,7497.411668300629,-0.0002980232238769531,0.0,0.0,0.0
1,5829,58.29,7497.411519289017,7497.411519289017,7497.412264347076,7497.411668300629,0.0002980232238769531,0.0002980232238769531,0.0,0.0
1,5830,58.300000000000004,7497.411519289017,7497.411221265793,7497.412264347076,7497.411668300629,0.0,-0.0002980232238769531,0.0,0.0
1,5831,58.31,7497.411519289017,7497.411221265793,7497.412264347076,7497.411668300629,0.0,0.0,0.0,0.0
1,5832,58.32,7497.411519289017,7497.411221265793,7497.412264347076,7497.411668300629,0.0,0.0,0.0,0.0
1,5833,58.33,7497.411519289017,7497.411221265793,7497.412264347076,7497.411668300629,0.0,0.0,0.0,0.0
1,5834,58.34,7497.411519289017,7497.411221265793,7497.412264347076,7497.411668300629,0.0,0.0,0.0,0.0
1,5835,58.35,7497.411221265793,7497.411221265793,7497.4125623703,7497.411668300629,-0.0002980232238769531,0.0,0.0002980232238769531,0.0
1,5836,58.36,7497.411519289017,7497.411221265793,7497.4119663238525,7497.411668300629,0.0002980232238769531,0.0,-0.0005960464477539062,0.0
1,5837,58.370000000000005,7497.411221265793,7497.411221265793,7497.4121153354645,7497.411668300629,-0.0002980232238769531,0.0,0.00014901161193847656,0.0
1,5838,58.38,7497.411221265793,7497.411370277405,7497.4121153354645,7497.411668300629,0.0,0.00014901161193847656,0.0,0.0
1,5839,58.39,7497.411221265793,7497.411370277405,7497.4121153354645,7497.411668300629,0.0,0.0,0.0,0.0
1,5840,58.4,7497.411221265793,7497.411221265793,7497.412264347076,7497.4119663238525,0.0,-0.00014901161193847656,0.00014901161193847656,0.0002980232238769531
1,5841,58.410000000000004,7497.411221265793,7497.411221265793,7497.412264347076,7497.4119663238525,0.0,0.0,0.0,0.0
1,5842,58.42,7497.410923242569,7497.410923242569,7497.412264347076,7497.4119663238525,-0.0002980232238769531,-0.0002980232238769531,0.0,0.0
1,5843,58.43,7497.410923242569,7497.411221265793,7497.4125623703,7497.412264347076,0.0,0.0002980232238769531,0.0002980232238769531,0.0002980232238769531
1,5844,58.44,7497.410923242569,7497.411221265793,7497.412264347076,7497.4119663238525,0.0,0.0,-0.0002980232238769531,-0.0002980232238769531
1,5845,58.45,7497.410923242569,7497.411221265793,7497.4119663238525,7497.4119663238525,0.0,0.0,-0.0002980232238769531,0.0
1,5846,58.46,7497.410923242569,7497.411221265793,7497.412264347076,7497.4119663238525,0.0,0.0,0.0002980232238769531,0.0
1,5847,58.47,7497.410923242569,7497.411221265793,7497.4119663238525,7497.4119663238525,0.0,0.0,-0.0002980232238769531,0.0
1,5848,58.480000000000004,7497.410923242569,7497.411221265793,7497.4119663238525,7497.4119663238525,0.0,0.0,0.0,0.0
1,5849,58.49,7497.410923242569,7497.411221265793,7497.4119663238525,7497.4119663238525,0.0,0.0,0.0,0.0
1,5850,58.5,7497.410923242569,7497.411221265793,7497.4121153354645,7497.4119663238525,0.0,0.0,0.00014901161193847656,0.0
1,5851,58.51,7497.410923242569,7497.411221265793,7497.4121153354645,7497.4119663238525,0.0,0.0,0.0,0.0
1,5852,58.52,7497.411221265793,7497.411668300629,7497.4119663238525,7497.4119663238525,0.0002980232238769531,0.0004470348358154297,-0.00014901161193847656,0.0
1,5853,58.53,7497.411221265793,7497.411817312241,7497.411817312241,7497.411668300629,0.0,0.00014901161193847656,-0.00014901161193847656,-0.0002980232238769531
1,5854,58.54,7497.410923242569,7497.411817312241,7497.411668300629,7497.412264347076,-0.0002980232238769531,0.0,-0.00014901161193847656,0.0005960464477539062
1,5855,58.550000000000004,7497.410923242569,7497.411817312241,7497.4119663238525,7497.4119663238525,0.0,0.0,0.0002980232238769531,-0.0002980232238769531
1,5856,58.56,7497.410923242569,7497.411817312241,7497.4119663238525,7497.4119663238525,0.0,0.0,0.0,0.0
1,5857,58.57,7497.410923242569,7497.411817312241,7497.411817312241,7497.412264347076,0.0,0.0,-0.00014901161193847656,0.0002980232238769531
1,5858,58.58,7497.410923242569,7497.411817312241,7497.411668300629,7497.4125623703,0.0,0.0,-0.00014901161193847656,0.0002980232238769531
1,5859,58.59,7497.410923242569,7497.411817312241,7497.411668300629,7497.412264347076,0.0,0.0,0.0,-0.0002980232238769531
1,5860,58.6,7497.410923242569,7497.411817312241,7497.411668300629,7497.412264347076,0.0,0.0,0.0,0.0
1,5861,58.61,7497.410923242569,7497.411817312241,7497.411668300629,7497.412264347076,0.0,0.0,0.0,0.0
1,5862,58.620000000000005,7497.411221265793,7497.411817312241,7497.411668300629,7497.4125623703,0.0002980232238769531,0.0,0.0,0.0002980232238769531
1,5863,58.63,7497.411221265793,7497.411817312241,7497.4119663238525,7497.4125623703,0.0,0.0,0.0002980232238769531,0.0
1,5864,58.64,7497.411221265793,7497.411817312241,7497.4119663238525,7497.4125623703,0.0,0.0,0.0,0.0
1,5865,58.65,7497.410923242569,7497.411519289017,7497.4119663238525,7497.412860393524,-0.0002980232238769531,-0.0002980232238769531,0.0,0.0002980232238769531
1,5866,58.660000000000004,7497.411519289017,7497.411519289017,7497.4119663238525,7497.412860393524,0.0005960464477539062,0.0,0.0,0.0
1,5867,58.67,7497.411519289017,7497.411519289017,7497.4119663238525,7497.412860393524,0.0,0.0,0.0,0.0
1,5868,58.68,7497.411221265793,7497.411668300629,7497.4119663238525,7497.412860393524,-0.0002980232238769531,0.00014901161193847656,0.0,0.0
1,5869,58.69,7497.411519289017,7497.4121153354645,7497.411817312241,7497.4125623703,0.0002980232238769531,0.0004470348358154297,-0.00014901161193847656,-0.0002980232238769531
1,5870,58.7,7497.411519289017,7497.411817312241,7497.4119663238525,7497.412264347076,0.0,-0.0002980232238769531,0.00014901161193847656,-0.0002980232238769531
1,5871,58.71,7497.411519289017,7497.4119663238525,7497.411668300629,7497.412264347076,0.0,0.00014901161193847656,-0.0002980232238769531,0.0
1,5872,58.72,7497.411519289017,7497.4121153354645,7497.4119663238525,7497.4125623703,0.0,0.00014901161193847656,0.0002980232238769531,0.0002980232238769531
1,5873,58.730000000000004,7497.411519289017,7497.4121153354645,7497.4119663238525,7497.4125623703,0.0,0.0,0.0,0.0
1,5874,58.74,7497.411519289017,7497.4119663238525,7497.411817312241,7497.4125623703,0.0,-0.00014901161193847656,-0.00014901161193847656,0.0
1,5875,58.75,7497.411519289017,7497.4119663238525,7497.411817312241,7497.4125623703,0.0,0.0,0.0,0.0
1,5876,58.76,7497.411519289017,7497.4119663238525,7497.4119663238525,7497.4125623703,0.0,0.0,0.00014901161193847656,0.0
1,5877,58.77,7497.411519289017,7497.4121153354645,7497.412264347076,7497.412264347076,0.0,0.00014901161193847656,0.0002980232238769531,-0.0002980232238769531
1,5878,58.78,7497.411817312241,7497.4121153354645,7497.4119663238525,7497.4125623703,0.0002980232238769531,0.0,-0.0002980232238769531,0.0002980232238769531
1,5879,58.79,7497.411817312241,7497.412264347076,7497.4121153354645,7497.412264347076,0.0,0.00014901161193847656,0.00014901161193847656,-0.0002980232238769531
1,5880,58.800000000000004,7497.4121153354645,7497.4121153354645,7497.411817312241,7497.412264347076,0.0002980232238769531,-0.00014901161193847656,-0.0002980232238769531,0.0
1,5881,58.81,7497.4121153354645,7497.4121153354645,7497.4119663238525,7497.412264347076,0.0,0.0,0.00014901161193847656,0.0
1,5882,58.82,7497.4121153354645,7497.4121153354645,7497.411668300629,7497.4125623703,0.0,0.0,-0.0002980232238769531,0.0002980232238769531
1,5883,58.83,7497.4121153354645,7497.411817312241,7497.411817312241,7497.4125623703,0.0,-0.0002980232238769531,0.00014901161193847656,0.0
1,5884,58.84,7497.4121153354645,7497.4119663238525,7497.411817312241,7497.412264347076,0.0,0.00014901161193847656,0.0,-0.0002980232238769531
1,5885,58.85,7497.4121153354645,7497.4119663238525,7497.411817312241,7497.412264347076,0.0,0.0,0.0,0.0
1,5886,58.86,7497.4121153354645,7497.4119663238525,7497.4119663238525,7497.412264347076,0.0,0.0,0.00014901161193847656,0.0
1,5887,58.870000000000005,7497.4121153354645,7497.411817312241,7497.411668300629,7497.4125623703,0.0,-0.00014901161193847656,-0.0002980232238769531,0.0002980232238769531
1,5888,58.88,7497.4121153354645,7497.4121153354645,7497.411817312241,7497.412264347076,0.0,0.0002980232238769531,0.00014901161193847656,-0.0002980232238769531
1,5889,58.89,7497.4121153354645,7497.4121153354645,7497.411668300629,7497.412264347076,0.0,0.0,-0.00014901161193847656,0.0
1,5890,58.9,7497.4121153354645,7497.4121153354645,7497.411668300629,7497.412264347076,0.0,0.0,0.0,0.0
1,5891,58.910000000000004,7497.4121153354645,7497.4121153354645,7497.4119663238525,7497.4119663238525,0.0,0.0,0.0002980232238769531,-0.0002980232238769531
1,5892,58.92,7497.4121153354645,7497.4121153354645,7497.411668300629,7497.4119663238525,0.0,0.0,-0.0002980232238769531,0.0
1,5893,58.93,7497.4121153354645,7497.4121153354645,7497.411668300629,7497.412264347076,0.0,0.0,0.0,0.0002980232238769531
1,5894,58.94,7497.4121153354645,7497.4121153354645,7497.411668300629,7497.4119663238525,0.0,0.0,0.0,-0.0002980232238769531
1,5895,58.95,7497.4121153354645,7497.4121153354645,7497.411668300629,7497.4119663238525,0.0,0.0,0.0,0.0
1,5896,58.96,7497.4121153354645,7497.4121153354645,7497.411668300629,7497.4119663238525,0.0,0.0,0.0,0.0
1,5897,58.97,7497.4121153354645,7497.4121153354645,7497.411668300629,7497.4119663238525,0.0,0.0,0.0,0.0
1,5898,58.980000000000004,7497.412413358688,7497.4121153354645,7497.411519289017,7497.4119663238525,0.0002980232238769531,0.0,-0.00014901161193847656,0.0
1,5899,58.99,7497.412413358688,7497.4121153354645,7497.411519289017,7497.4119663238525,0.0,0.0,0.0,0.0
1,5900,59.0,7497.4121153354645,7497.4121153354645,7497.411668300629,7497.4119663238525,-0.0002980232238769531,0.0,0.00014901161193847656,0.0
1,5901,59.01,7497.412413358688,7497.4121153354645,7497.411668300629,7497.4119663238525,0.0002980232238769531,0.0,0.0,0.0
1,5902,59.02,7497.412413358688,7497.4121153354645,7497.411668300629,7497.4119663238525,0.0,0.0,0.0,0.0
1,5903,59.03,7497.412413358688,7497.4121153354645,7497.411668300629,7497.4119663238525,0.0,0.0,0.0,0.0
1,5904,59.04,7497.4121153354645,7497.4121153354645,7497.411668300629,7497.4119663238525,-0.0002980232238769531,0.0,0.0,0.0
1,5905,59.050000000000004,7497.4121153354645,7497.4121153354645,7497.411668300629,7497.4119663238525,0.0,0.0,0.0,0.0
1,5906,59.06,7497.412413358688,7497.4121153354645,7497.411668300629,7497.4119663238525,0.0002980232238769531,0.0,0.0,0.0
1,5907,59.07,7497.4121153354645,7497.4121153354645,7497.411668300629,7497.412264347076,-0.0002980232238769531,0.0,0.0,0.0002980232238769531
1,5908,59.08,7497.4121153354645,7497.4121153354645,7497.411668300629,7497.412264347076,0.0,0.0,0.0,0.0
1,5909,59.09,7497.4121153354645,7497.4121153354645,7497.411668300629,7497.4125623703,0.0,0.0,0.0,0.0002980232238769531
1,5910,59.1,7497.411817312241,7497.412264347076,7497.411370277405,7497.4125623703,-0.0002980232238769531,0.00014901161193847656,-0.0002980232238769531,0.0
1,5911,59.11,7497.4121153354645,7497.4121153354645,7497.411519289017,7497.4125623703,0.0002980232238769531,-0.00014901161193847656,0.00014901161193847656,0.0
1,5912,59.120000000000005,7497.4121153354645,7497.4121153354645,7497.411519289017,7497.4125623703,0.0,0.0,0.0,0.0
1,5913,59.13,7497.4121153354645,7497.4121153354645,7497.411668300629,7497.4125623703,0.0,0.0,0.00014901161193847656,0.0
1,5914,59.14,7497.4121153354645,7497.4121153354645,7497.411668300629,7497.4125623703,0.0,0.0,0.0,0.0
1,5915,59.15,7497.4121153354645,7497.4121153354645,7497.411668300629,7497.4125623703,0.0,0.0,0.0,0.0
1,5916,59.160000000000004,7497.4121153354645,7497.4121153354645,7497.411668300629,7497.4125623703,0.0,0.0,0.0,0.0
1,5917,59.17,7497.411817312241,7497.4121153354645,7497.411519289017,7497.4125623703,-0.0002980232238769531,0.0,-0.00014901161193847656,0.0
1,5918,59.18,7497.4121153354645,7497.4121153354645,7497.411668300629,7497.4125623703,0.0002980232238769531,0.0,0.00014901161193847656,0.0
1,5919,59.19,7497.4121153354645,7497.4121153354645,7497.411668300629,7497.412264347076,0.0,0.0,0.0,-0.0002980232238769531
1,5920,59.2,7497.4121153354645,7497.4121153354645,7497.411817312241,7497.412264347076,0.0,0.0,0.00014901161193847656,0.0
1,5921,59.21,7497.4121153354645,7497.4121153354645,7497.411817312241,7497.412264347076,0.0,0.0,0.0,0.0
1,5922,59.22,7497.4121153354645,7497.411817312241,7497.411668300629,7497.4119663238525,0.0,-0.0002980232238769531,-0.00014901161193847656,-0.0002980232238769531
1,5923,59.230000000000004,7497.412413358688,7497.412413358688,7497.411221265793,7497.411370277405,0.0002980232238769531,0.0005960464477539062,-0.0004470348358154297,-0.0005960464477539062
1,5924,59.24,7497.4121153354645,7497.4121153354645,7497.411072254181,7497.411370277405,-0.0002980232238769531,-0.0002980232238769531,-0.00014901161193847656,0.0
1,5925,59.25,7497.4121153354645,7497.4121153354645,7497.411370277405,7497.411370277405,0.0,0.0,0.0002980232238769531,0.0
1,5926,59.26,7497.412413358688,7497.4121153354645,7497.411072254181,7497.411370277405,0.0002980232238769531,0.0,-0.0002980232238769531,0.0
1,5927,59.27,7497.412413358688,7497.412264347076,7497.410774230957,7497.411370277405,0.0,0.00014901161193847656,-0.0002980232238769531,0.0
1,5928,59.28,7497.4121153354645,7497.411817312241,7497.411370277405,7497.4119663238525,-0.0002980232238769531,-0.0004470348358154297,0.0005960464477539062,0.0005960464477539062
1,5929,59.29,7497.4121153354645,7497.411668300629,7497.411221265793,7497.411668300629,0.0,-0.00014901161193847656,-0.00014901161193847656,-0.0002980232238769531
1,5930,59.300000000000004,7497.412413358688,7497.411519289017,7497.411221265793,7497.411668300629,0.0002980232238769531,-0.00014901161193847656,0.0,0.0
1,5931,59.31,7497.4121153354645,7497.411668300629,7497.411221265793,7497.4119663238525,-0.0002980232238769531,0.00014901161193847656,0.0,0.0002980232238769531
1,5932,59.32,7497.4121153354645,7497.411519289017,7497.411370277405,7497.411668300629,0.0,-0.00014901161193847656,0.00014901161193847656,-0.0002980232238769531
1,5933,59.33,7497.4121153354645,7497.411370277405,7497.411370277405,7497.411370277405,0.0,-0.00014901161193847656,0.0,-0.0002980232238769531
1,5934,59.34,7497.4121153354645,7497.411370277405,7497.411370277405,7497.411370277405,0.0,0.0,0.0,0.0
1,5935,59.35,7497.412413358688,7497.411519289017,7497.411072254181,7497.411370277405,0.0002980232238769531,0.00014901161193847656,-0.0002980232238769531,0.0
1,5936,59.36,7497.412413358688,7497.411519289017,7497.411072254181,7497.411370277405,0.0,0.0,0.0,0.0
1,5937,59.370000000000005,7497.4121153354645,7497.411668300629,7497.411370277405,7497.411370277405,-0.0002980232238769531,0.00014901161193847656,0.0002980232238769531,0.0
1,5938,59.38,7497.4121153354645,7497.411668300629,7497.411370277405,7497.411370277405,0.0,0.0,0.0,0.0
1,5939,59.39,7497.4121153354645,7497.411817312241,7497.411221265793,7497.411072254181,0.0,0.00014901161193847656,-0.00014901161193847656,-0.0002980232238769531
1,5940,59.4,7497.4121153354645,7497.411817312241,7497.411221265793,7497.411072254181,0.0,0.0,0.0,0.0
1,5941,59.410000000000004,7497.4121153354645,7497.411668300629,7497.411370277405,7497.411370277405,0.0,-0.00014901161193847656,0.00014901161193847656,0.0002980232238769531
1,5942,59.42,7497.4121153354645,7497.411668300629,7497.411370277405,7497.411370277405,0.0,0.0,0.0,0.0
1,5943,59.43,7497.4121153354645,7497.411221265793,7497.411668300629,7497.411370277405,0.0,-0.0004470348358154297,0.0002980232238769531,0.0
1,5944,59.44,7497.4121153354645,7497.411221265793,7497.411668300629,7497.411370277405,0.0,0.0,0.0,0.0
1,5945,59.45,7497.4121153354645,7497.411370277405,7497.411370277405,7497.411370277405,0.0,0.00014901161193847656,-0.0002980232238769531,0.0
1,5946,59.46,7497.4121153354645,7497.411668300629,7497.411072254181,7497.410774230957,0.0,0.0002980232238769531,-0.0002980232238769531,-0.0005960464477539062
1,5947,59.47,7497.4121153354645,7497.411668300629,7497.411072254181,7497.410774230957,0.0,0.0,0.0,0.0
1,5948,59.480000000000004,7497.411817312241,7497.411221265793,7497.411519289017,7497.411370277405,-0.0002980232238769531,-0.0004470348358154297,0.0004470348358154297,0.0005960464477539062
1,5949,59.49,7497.411817312241,7497.411221265793,7497.411519289017,7497.411370277405,0.0,0.0,0.0,0.0
1,5950,59.5,7497.411519289017,7497.411221265793,7497.4119663238525,7497.411072254181,-0.0002980232238769531,0.0,0.0004470348358154297,-0.0002980232238769531
1,5951,59.51,7497.411519289017,7497.411519289017,7497.411668300629,7497.410774230957,0.0,0.0002980232238769531,-0.0002980232238769531,-0.0002980232238769531
1,5952,59.52,7497.411519289017,7497.411519289017,7497.411668300629,7497.410774230957,0.0,0.0,0.0,0.0
1,5953,59.53,7497.411519289017,7497.411221265793,7497.4119663238525,7497.411072254181,0.0,-0.0002980232238769531,0.0002980232238769531,0.0002980232238769531
1,5954,59.54,7497.411519289017,7497.411519289017,7497.4119663238525,7497.411072254181,0.0,0.0002980232238769531,0.0,0.0
1,5955,59.550000000000004,7497.411519289017,7497.411519289017,7497.4119663238525,7497.411072254181,0.0,0.0,0.0,0.0
1,5956,59.56,7497.411519289017,7497.411519289017,7497.4119663238525,7497.411072254181,0.0,0.0,0.0,0.0
1,5957,59.57,7497.411519289017,7497.411370277405,7497.4119663238525,7497.411072254181,0.0,-0.00014901161193847656,0.0,0.0
1,5958,59.58,7497.411519289017,7497.411221265793,7497.4119663238525,7497.411072254181,0.0,-0.00014901161193847656,0.0,0.0
1,5959,59.59,7497.411519289017,7497.410923242569,7497.4119663238525,7497.411370277405,0.0,-0.0002980232238769531,0.0,0.0002980232238769531
1,5960,59.6,7497.411519289017,7497.411221265793,7497.411668300629,7497.411370277405,0.0,0.0002980232238769531,-0.0002980232238769531,0.0
1,5961,59.61,7497.411519289017,7497.411072254181,7497.411668300629,7497.411370277405,0.0,-0.00014901161193847656,0.0,0.0
1,5962,59.620000000000005,7497.411519289017,7497.411072254181,7497.411817312241,7497.411370277405,0.0,0.0,0.00014901161193847656,0.0
1,5963,59.63,7497.411519289017,7497.411072254181,7497.411817312241,7497.411370277405,0.0,0.0,0.0,0.0
1,5964,59.64,7497.411519289017,7497.410923242569,7497.411668300629,7497.411370277405,0.0,-0.00014901161193847656,-0.00014901161193847656,0.0
1,5965,59.65,7497.411519289017,7497.411221265793,7497.4119663238525,7497.411370277405,0.0,0.0002980232238769531,0.0002980232238769531,0.0
1,5966,59.660000000000004,7497.411519289017,7497.410923242569,7497.4119663238525,7497.411370277405,0.0,-0.0002980232238769531,0.0,0.0
1,5967,59.67,7497.411519289017,7497.410923242569,7497.4119663238525,7497.411370277405,0.0,0.0,0.0,0.0
1,5968,59.68,7497.411519289017,7497.410923242569,7497.4119663238525,7497.411370277405,0.0,0.0,0.0,0.0
1,5969,59.69,7497.411519289017,7497.411221265793,7497.4119663238525,7497.411370277405,0.0,0.0002980232238769531,0.0,0.0
1,5970,59.7,7497.411519289017,7497.411221265793,7497.411817312241,7497.411370277405,0.0,0.0,-0.00014901161193847656,0.0
1,5971,59.71,7497.411519289017,7497.411221265793,7497.411817312241,7497.411370277405,0.0,0.0,0.0,0.0
1,5972,59.72,7497.411519289017,7497.411221265793,7497.411817312241,7497.411370277405,0.0,0.0,0.0,0.0
1,5973,59.730000000000004,7497.411519289017,7497.411221265793,7497.412264347076,7497.411370277405,0.0,0.0,0.0004470348358154297,0.0
1,5974,59.74,7497.411519289017,7497.411221265793,7497.412264347076,7497.411370277405,0.0,0.0,0.0,0.0
1,5975,59.75,7497.411519289017,7497.411221265793,7497.4119663238525,7497.411370277405,0.0,0.0,-0.0002980232238769531,0.0
1,5976,59.76,7497.411519289017,7497.411221265793,7497.4119663238525,7497.411668300629,0.0,0.0,0.0,0.0002980232238769531
1,5977,59.77,7497.411519289017,7497.411072254181,7497.4119663238525,7497.411668300629,0.0,-0.00014901161193847656,0.0,0.0
1,5978,59.78,7497.411519289017,7497.411072254181,7497.4119663238525,7497.411668300629,0.0,0.0,0.0,0.0
1,5979,59.79,7497.411519289017,7497.411221265793,7497.4119663238525,7497.4119663238525,0.0,0.00014901161193847656,0.0,0.0002980232238769531
1,5980,59.800000000000004,7497.411519289017,7497.411072254181,7497.4121153354645,7497.411668300629,0.0,-0.00014901161193847656,0.00014901161193847656,-0.0002980232238769531
1,5981,59.81,7497.411519289017,7497.411072254181,7497.4121153354645,7497.411668300629,0.0,0.0,0.0,0.0
1,5982,59.82,7497.411519289017,7497.411817312241,7497.412264347076,7497.411668300629,0.0,0.0007450580596923828,0.00014901161193847656,0.0
1,5983,59.83,7497.411221265793,7497.411817312241,7497.412264347076,7497.411668300629,-0.0002980232238769531,0.0,0.0,0.0
1,5984,59.84,7497.411519289017,7497.4119663238525,7497.4119663238525,7497.411370277405,0.0002980232238769531,0.00014901161193847656,-0.0002980232238769531,-0.0002980232238769531
1,5985,59.85,7497.411519289017,7497.411668300629,7497.4119663238525,7497.411370277405,0.0,-0.0002980232238769531,0.0,0.0
1,5986,59.86,7497.411519289017,7497.4121153354645,7497.4119663238525,7497.411370277405,0.0,0.0004470348358154297,0.0,0.0
1,5987,59.870000000000005,7497.411519289017,7497.411817312241,7497.411817312241,7497.411370277405,0.0,-0.0002980232238769531,-0.00014901161193847656,0.0
1,5988,59.88,7497.410923242569,7497.411519289017,7497.4121153354645,7497.411668300629,-0.0005960464477539062,-0.0002980232238769531,0.0002980232238769531,0.0002980232238769531
1,5989,59.89,7497.410923242569,7497.411519289017,7497.412264347076,7497.4119663238525,0.0,0.0,0.00014901161193847656,0.0002980232238769531
1,5990,59.9,7497.410923242569,7497.411519289017,7497.4119663238525,7497.4119663238525,0.0,0.0,-0.0002980232238769531,0.0
1,5991,59.910000000000004,7497.410923242569,7497.411519289017,7497.412264347076,7497.411668300629,0.0,0.0,0.0002980232238769531,-0.0002980232238769531
1,5992,59.92,7497.410923242569,7497.411519289017,7497.412264347076,7497.411668300629,0.0,0.0,0.0,0.0
1,5993,59.93,7497.411221265793,7497.411519289017,7497.412264347076,7497.4119663238525,0.0002980232238769531,0.0,0.0,0.0002980232238769531
1,5994,59.94,7497.411221265793,7497.411519289017,7497.412264347076,7497.4119663238525,0.0,0.0,0.0,0.0
1,5995,59.95,7497.410923242569,7497.411519289017,7497.412413358688,7497.4119663238525,-0.0002980232238769531,0.0,0.00014901161193847656,0.0
1,5996,59.96,7497.410923242569,7497.4121153354645,7497.4119663238525,7497.4119663238525,0.0,0.0005960464477539062,-0.0004470348358154297,0.0
1,5997,59.97,7497.410923242569,7497.411817312241,7497.4119663238525,7497.4119663238525,0.0,-0.0002980232238769531,0.0,0.0
1,5998,59.980000000000004,7497.410923242569,7497.4119663238525,7497.4119663238525,7497.4119663238525,0.0,0.00014901161193847656,0.0,0.0
1,5999,59.99,7497.410923242569,7497.411817312241,7497.4119663238525,7497.4119663238525,0.0,-0.00014901161193847656,0.0,0.0
