episode,step,time_s,u1_rpm,u2_rpm,u3_rpm,u4_rpm,du1_rpm,du2_rpm,du3_rpm,du4_rpm
1,0,0.0,5109.711159020662,8904.59954738617,10000.0,7814.540266990662,0.0,0.0,0.0,0.0
1,1,0.01,5267.640966922045,9153.477549552917,10000.0,7589.854598045349,157.92980790138245,248.87800216674805,0.0,-224.6856689453125
1,2,0.02,5132.014025002718,9173.06363582611,9996.22106552124,7814.264297485352,-135.62694191932678,19.58608627319336,-3.7789344787597656,224.40969944000244
1,3,0.03,5238.4439297020435,9117.15030670166,10000.0,7885.23256778717,106.42990469932556,-55.913329124450684,3.7789344787597656,70.96827030181885
1,4,0.04,5347.550250589848,9052.546620368958,10000.0,7929.3060302734375,109.10632088780403,-64.60368633270264,0.0,44.07346248626709
1,5,0.05,5611.59435659647,9012.643098831177,10000.0,7966.273128986359,264.0441060066223,-39.90352153778076,0.0,36.96709871292114
1,6,0.06,5887.887626886368,9005.095362663269,10000.0,8000.801205635071,276.2932702898979,-7.547736167907715,0.0,34.52807664871216
1,7,0.07,6168.4296280145645,8984.100818634033,10000.0,8050.584197044373,280.5420011281967,-20.99454402923584,0.0,49.78299140930176
1,8,0.08,6549.21367764473,9016.517400741577,10000.0,8082.387149333954,380.7840496301651,32.416582107543945,0.0,31.8029522895813
1,9,0.09,6916.921436786652,9061.660766601562,10000.0,8086.0161781311035,367.707759141922,45.14336585998535,0.0,3.629028797149658
1,10,0.1,7223.470658063889,9092.015027999878,10000.0,8069.867193698883,306.54922127723694,30.35426139831543,0.0,-16.14898443222046
1,11,0.11,7500.395178794861,9120.685756206512,10000.0,8026.460409164429,276.9245207309723,28.67072820663452,0.0,-43.406784534454346
1,12,0.12,7805.777192115784,9172.73461818695,10000.0,7992.080748081207,305.38201332092285,52.04886198043823,0.0,-34.379661083221436
1,13,0.13,8103.656768798828,9299.834370613098,10000.0,8076.010346412659,297.87957668304443,127.09975242614746,0.0,83.92959833145142
1,14,0.14,8404.309153556824,9429.06141281128,10000.0,8091.853857040405,300.6523847579956,129.22704219818115,0.0,15.843510627746582
1,15,0.15,8708.003759384155,9513.143301010132,10000.0,8052.608668804169,303.69460582733154,84.08188819885254,0.0,-39.24518823623657
1,16,0.16,8981.521427631378,9579.46091890335,10000.0,8010.886907577515,273.5176682472229,66.317617893219,0.0,-41.72176122665405
1,17,0.17,9366.890788078308,9568.426609039307,9685.095250606537,7920.94886302948,385.36936044692993,-11.03430986404419,-314.90474939346313,-89.93804454803467
1,18,0.18,9928.723573684692,9525.34705400467,8595.778048038483,7923.456430435181,561.8327856063843,-43.07955503463745,-1089.3172025680542,2.5075674057006836
1,19,0.19,10000.0,9605.906903743744,6831.929087638855,7867.975234985352,71.27642631530762,80.5598497390747,-1763.8489603996277,-55.4811954498291
1,20,0.2,10000.0,9754.679799079895,5653.904899954796,7653.747797012329,0.0,148.77289533615112,-1178.0241876840591,-214.22743797302246
1,21,0.21,10000.0,9588.029980659485,5339.555628597736,7513.492703437805,0.0,-166.64981842041016,-314.3492713570595,-140.25509357452393
1,22,0.22,10000.0,8703.30661535263,5184.858031570911,7417.150586843491,0.0,-884.7233653068542,-154.69759702682495,-96.34211659431458
1,23,0.23,9997.158944606781,7285.377681255341,5166.055150330067,7815.488576889038,-2.841055393218994,-1417.92893409729,-18.802881240844727,398.3379900455475
1,24,0.24,10000.0,5973.23052585125,5152.100250124931,8887.90100812912,2.841055393218994,-1312.1471554040909,-13.954900205135345,1072.4124312400818
1,25,0.25,9985.370635986328,5341.546460986137,5123.650506138802,9995.884895324707,-14.629364013671875,-631.6840648651123,-28.44974398612976,1107.9838871955872
1,26,0.26,9982.701539993286,5091.083236038685,5164.4593849778175,10000.0,-2.669095993041992,-250.46322494745255,40.80887883901596,4.115104675292969
1,27,0.27,9984.238147735596,5057.691857218742,5256.658084690571,10000.0,1.5366077423095703,-33.391378819942474,92.1986997127533,0.0
1,28,0.28,10000.0,5027.698427438736,5303.180888295174,10000.0,15.761852264404297,-29.99342978000641,46.522803604602814,0.0
1,29,0.29,10000.0,5000.0,5284.297093749046,10000.0,0.0,-27.698427438735962,-18.88379454612732,0.0
1,30,0.3,10000.0,5000.0,5293.273515999317,10000.0,0.0,0.0,8.976422250270844,0.0
1,31,0.31,10000.0,5000.0,5263.174474239349,10000.0,0.0,0.0,-30.099041759967804,0.0
1,32,0.32,10000.0,5000.0,5227.129980921745,10000.0,0.0,0.0,-36.044493317604065,0.0
1,33,0.33,10000.0,5000.0,5184.842422604561,10000.0,0.0,0.0,-42.28755831718445,0.0
1,34,0.34,10000.0,5000.0,5182.48938024044,10000.0,0.0,0.0,-2.3530423641204834,0.0
1,35,0.35000000000000003,10000.0,5000.0,5199.443623423576,10000.0,0.0,0.0,16.954243183135986,0.0
1,36,0.36,10000.0,5000.0,5186.76083534956,10000.0,0.0,0.0,-12.682788074016571,0.0
1,37,0.37,10000.0,5000.0,5212.853625416756,9977.59461402893,0.0,0.0,26.092790067195892,-22.405385971069336
1,38,0.38,10000.0,5000.0,5272.466242313385,9909.981489181519,0.0,0.0,59.61261689662933,-67.61312484741211
1,39,0.39,10000.0,5000.0,5361.403599381447,9837.887287139893,0.0,0.0,88.93735706806183,-72.09420204162598
1,40,0.4,10000.0,5000.0,5598.231963813305,9792.554378509521,0.0,0.0,236.82836443185806,-45.332908630371094
1,41,0.41000000000000003,10000.0,5000.0,6122.714430093765,9800.78786611557,0.0,0.0,524.4824662804604,8.233487606048584
1,42,0.42,10000.0,5000.0,6961.577087640762,9857.195317745209,0.0,0.0,838.8626575469971,56.40745162963867
1,43,0.43,9950.612187385559,5020.484030246735,8020.610511302948,9993.034601211548,-49.38781261444092,20.48403024673462,1059.0334236621857,135.8392834663391
1,44,0.44,9862.402081489563,5170.458033680916,8961.085975170135,10000.0,-88.2101058959961,149.9740034341812,940.4754638671875,6.965398788452148
1,45,0.45,9751.324653625488,5340.651944279671,9743.351936340332,10000.0,-111.0774278640747,170.19391059875488,782.2659611701965,0.0
1,46,0.46,9724.162518978119,5616.624876856804,10000.0,10000.0,-27.162134647369385,275.9729325771332,256.64806365966797,0.0
1,47,0.47000000000000003,9578.577280044556,5924.6305376291275,9999.997317790985,9908.710420131683,-145.58523893356323,308.0056607723236,-0.002682209014892578,-91.28957986831665
1,48,0.48,9449.852705001831,6226.653382182121,10000.0,9781.09747171402,-128.7245750427246,302.0228445529938,0.002682209014892578,-127.61294841766357
1,49,0.49,9263.540506362915,6634.542942047119,10000.0,9561.305940151215,-186.31219863891602,407.88955986499786,0.0,-219.79153156280518
1,50,0.5,9269.48606967926,7131.000757217407,10000.0,9558.41839313507,5.945563316345215,496.4578151702881,0.0,-2.887547016143799
1,51,0.51,9358.06155204773,7689.352631568909,9961.6339802742,9745.2974319458,88.57548236846924,558.3518743515015,-38.36601972579956,186.87903881072998
1,52,0.52,9489.546716213226,7935.647666454315,9945.271909236908,10000.0,131.48516416549683,246.2950348854065,-16.36207103729248,254.70256805419922
1,53,0.53,9613.493978977203,7912.778258323669,9964.849054813385,10000.0,123.94726276397705,-22.869408130645752,19.57714557647705,0.0
1,54,0.54,9899.075627326965,7980.747818946838,9899.275600910187,10000.0,285.58164834976196,67.96956062316895,-65.57345390319824,0.0
1,55,0.55,10000.0,8228.068947792053,9920.032620429993,10000.0,100.92437267303467,247.32112884521484,20.757019519805908,0.0
1,56,0.56,10000.0,8445.279896259308,10000.0,9951.599836349487,0.0,217.21094846725464,79.96737957000732,-48.400163650512695
1,57,0.5700000000000001,10000.0,8846.31872177124,10000.0,9834.348261356354,0.0,401.0388255119324,0.0,-117.25157499313354
1,58,0.58,10000.0,9127.06196308136,9995.182454586029,9821.127951145172,0.0,280.74324131011963,-4.817545413970947,-13.22031021118164
1,59,0.59,10000.0,9325.795769691467,9801.181256771088,9860.6675863266,0.0,198.73380661010742,-194.0011978149414,39.539635181427
1,60,0.6,10000.0,9551.948308944702,8939.32044506073,9671.898782253265,0.0,226.15253925323486,-861.8608117103577,-188.76880407333374
1,61,0.61,9114.727973937988,9817.226529121399,8494.829833507538,8836.415708065033,-885.2720260620117,265.2782201766968,-444.49061155319214,-835.4830741882324
1,62,0.62,6969.349235296249,9815.94443321228,8732.546865940094,7117.119580507278,-2145.378738641739,-1.2820959091186523,237.71703243255615,-1719.2961275577545
1,63,0.63,5486.817620694637,9790.56179523468,8947.798311710358,5583.583004772663,-1482.531614601612,-25.382637977600098,215.25144577026367,-1533.5365757346153
1,64,0.64,5129.563007503748,9927.808940410614,9183.720648288727,5437.01808899641,-357.25461319088936,137.24714517593384,235.92233657836914,-146.56491577625275
1,65,0.65,5017.541965935379,9990.117251873016,9402.214884757996,5437.93473392725,-112.02104156836867,62.308311462402344,218.4942364692688,0.9166449308395386
1,66,0.66,5000.0,10000.0,9487.872421741486,5228.488557040691,-17.541965935379267,9.882748126983643,85.65753698348999,-209.44617688655853
1,67,0.67,5000.0,10000.0,9679.968059062958,5005.55407255888,0.0,0.0,192.09563732147217,-222.93448448181152
1,68,0.68,5000.0,10000.0,9917.77628660202,5000.0,0.0,0.0,237.8082275390625,-5.554072558879852
1,69,0.6900000000000001,5000.0,9876.441657543182,9929.219186306,5077.128075063229,0.0,-123.55834245681763,11.442899703979492,77.12807506322861
1,70,0.7000000000000001,5000.0,8772.713840007782,9956.94637298584,5269.146747887135,0.0,-1103.7278175354004,27.727186679840088,192.01867282390594
1,71,0.71,5000.0,7494.5127964019775,10000.0,5314.57956880331,0.0,-1278.2010436058044,43.053627014160156,45.43282091617584
1,72,0.72,5000.0,6643.906235694885,10000.0,5296.36275023222,0.0,-850.6065607070923,0.0,-18.2168185710907
1,73,0.73,5000.0,6228.902190923691,10000.0,5247.226469218731,0.0,-415.00404477119446,0.0,-49.13628101348877
1,74,0.74,5000.0,5956.60500228405,10000.0,5117.913447320461,0.0,-272.2971886396408,0.0,-129.31302189826965
1,75,0.75,5000.0,5839.718505740166,10000.0,5122.477672994137,0.0,-116.88649654388428,0.0,4.564225673675537
1,76,0.76,5000.0,5820.610746741295,10000.0,5198.919661343098,0.0,-19.10775899887085,0.0,76.44198834896088
1,77,0.77,5000.0,5864.476338028908,10000.0,5225.814841687679,0.0,43.865591287612915,0.0,26.895180344581604
1,78,0.78,5000.0,5963.246151804924,10000.0,5190.637223422527,0.0,98.76981377601624,0.0,-35.17761826515198
1,79,0.79,5000.0,6073.354706168175,10000.0,5148.120038211346,0.0,110.10855436325073,0.0,-42.51718521118164
1,80,0.8,5000.0,6129.3356865644455,10000.0,5099.897272884846,0.0,55.98098039627075,0.0,-48.22276532649994
1,81,0.81,5000.0,6253.333538770676,10000.0,5044.170580804348,0.0,123.99785220623016,0.0,-55.72669208049774
1,82,0.8200000000000001,5000.0,6559.942960739136,10000.0,5000.0,0.0,306.6094219684601,0.0,-44.17058080434799
1,83,0.8300000000000001,5000.0,7113.323211669922,10000.0,5000.0,0.0,553.3802509307861,0.0,0.0
1,84,0.84,5000.0,7692.303359508514,10000.0,5000.0,0.0,578.9801478385925,0.0,0.0
1,85,0.85,5000.0,8366.39791727066,10000.0,5000.0,0.0,674.094557762146,0.0,0.0
1,86,0.86,5000.0,8853.18249464035,10000.0,5000.0,0.0,486.78457736968994,0.0,0.0
1,87,0.87,5000.0,9238.173961639404,10000.0,5000.0,0.0,384.99146699905396,0.0,0.0
1,88,0.88,5000.0,9504.091143608093,10000.0,5000.0,0.0,265.91718196868896,0.0,0.0
1,89,0.89,5000.0,9675.489068031311,10000.0,5000.0,0.0,171.39792442321777,0.0,0.0
1,90,0.9,5000.0,9814.951121807098,10000.0,5000.0,0.0,139.46205377578735,0.0,0.0
1,91,0.91,5000.0,9894.838631153107,9998.741447925568,5000.0,0.0,79.8875093460083,-1.258552074432373,0.0
1,92,0.92,5000.0,9973.919987678528,9879.530668258667,5000.0,0.0,79.08135652542114,-119.21077966690063,0.0
1,93,0.93,5000.0,9975.838363170624,9574.05298948288,5000.0,0.0,1.9183754920959473,-305.47767877578735,0.0
1,94,0.9400000000000001,5000.0,10000.0,9363.084733486176,5000.0,0.0,24.16163682937622,-210.9682559967041,0.0
1,95,0.9500000000000001,5000.0,10000.0,9181.551933288574,5000.0,0.0,0.0,-181.53280019760132,0.0
1,96,0.96,5000.0,10000.0,9346.636533737183,5000.0,0.0,0.0,165.0846004486084,0.0
1,97,0.97,5000.0,9887.808561325073,9552.864134311676,5000.0,0.0,-112.19143867492676,206.2276005744934,0.0
1,98,0.98,5000.0,9610.013365745544,9710.837602615356,5000.0,0.0,-277.7951955795288,157.97346830368042,0.0
1,99,0.99,5000.0,9077.743291854858,9906.047284603119,5197.72682338953,0.0,-532.270073890686,195.20968198776245,197.72682338953018
1,100,1.0,5000.0,7941.785454750061,10000.0,5232.080556452274,0.0,-1135.9578371047974,93.9527153968811,34.35373306274414
1,101,1.01,5237.3589761555195,7699.060440063477,10000.0,5038.87016326189,237.35897615551949,-242.72501468658447,0.0,-193.2103931903839
1,102,1.02,5445.387028157711,7507.878839969635,10000.0,5000.0,208.02805200219154,-191.18160009384155,0.0,-38.87016326189041
1,103,1.03,5604.744218289852,7711.274325847626,10000.0,5000.0,159.3571901321411,203.39548587799072,0.0,0.0
1,104,1.04,5773.646980524063,7954.024076461792,10000.0,5000.0,168.90276223421097,242.74975061416626,0.0,0.0
1,105,1.05,5928.120538592339,8184.463977813721,10000.0,5000.0,154.47355806827545,230.4399013519287,0.0,0.0
1,106,1.06,5978.545397520065,8047.491014003754,10000.0,5534.226112067699,50.424858927726746,-136.97296380996704,0.0,534.2261120676994
1,107,1.07,5726.825073361397,7500.6455183029175,10000.0,6452.752500772476,-251.72032415866852,-546.8454957008362,0.0,918.5263887047768
1,108,1.08,5390.489436686039,6615.669429302216,10000.0,7089.415639638901,-336.3356366753578,-884.9760890007019,0.0,636.6631388664246
1,109,1.09,5000.0,6067.701652646065,10000.0,7271.274775266647,-390.48943668603897,-547.9677766561508,0.0,181.85913562774658
1,110,1.1,5000.0,5868.122801184654,10000.0,7136.677801609039,0.0,-199.57885146141052,0.0,-134.59697365760803
1,111,1.11,5000.0,5901.273936033249,10000.0,6914.02867436409,0.0,33.151134848594666,0.0,-222.64912724494934
1,112,1.12,5000.0,5903.47521007061,10000.0,6638.855487108231,0.0,2.201274037361145,0.0,-275.1731872558594
1,113,1.1300000000000001,5000.0,6249.206438660622,10000.0,7139.01475071907,0.0,345.7312285900116,0.0,500.15926361083984
1,114,1.1400000000000001,5373.527482151985,7800.17614364624,10000.0,8764.727413654327,373.52748215198517,1550.9697049856186,0.0,1625.712662935257
1,115,1.1500000000000001,7081.450968980789,8139.356970787048,10000.0,9760.59466600418,1707.923486828804,339.1808271408081,0.0,995.8672523498535
1,116,1.16,8473.573625087738,8438.411951065063,10000.0,10000.0,1392.1226561069489,299.05498027801514,0.0,239.4053339958191
1,117,1.17,9595.83431482315,8552.790880203247,10000.0,10000.0,1122.2606897354126,114.3789291381836,0.0,0.0
1,118,1.18,9726.356267929077,8866.351842880249,10000.0,10000.0,130.5219531059265,313.56096267700195,0.0,0.0
1,119,1.19,10000.0,9194.020330905914,10000.0,10000.0,273.64373207092285,327.6684880256653,0.0,0.0
1,120,1.2,9996.151328086853,9350.044429302216,9145.743548870087,9978.505373001099,-3.8486719131469727,156.02409839630127,-854.2564511299133,-21.494626998901367
1,121,1.21,9993.007183074951,9843.737781047821,8203.156888484955,10000.0,-3.1441450119018555,493.69335174560547,-942.5866603851318,21.494626998901367
1,122,1.22,9914.94745016098,9993.77965927124,6951.331198215485,10000.0,-78.05973291397095,150.0418782234192,-1251.8256902694702,0.0
1,123,1.23,10000.0,9668.40922832489,6166.689544916153,9884.33837890625,85.05254983901978,-325.3704309463501,-784.6416532993317,-115.66162109375
1,124,1.24,10000.0,9429.371953010559,5874.427855014801,9460.449814796448,0.0,-239.03727531433105,-292.26168990135193,-423.88856410980225
1,125,1.25,10000.0,9749.503433704376,5778.964459896088,9019.351601600647,0.0,320.13148069381714,-95.46339511871338,-441.0982131958008
1,126,1.26,10000.0,10000.0,5447.307415306568,7826.371788978577,0.0,250.49656629562378,-331.6570445895195,-1192.9798126220703
1,127,1.27,9881.15280866623,9929.075241088867,5400.244668126106,7481.6592037677765,-118.84719133377075,-70.92475891113281,-47.06274718046188,-344.71258521080017
1,128,1.28,9875.082969665527,9750.150442123413,5609.919391572475,7098.138183355331,-6.069839000701904,-178.9247989654541,209.67472344636917,-383.52102041244507
1,129,1.29,9955.916702747345,9785.593152046204,6151.451021432877,6944.974213838577,80.83373308181763,35.44270992279053,541.5316298604012,-153.16396951675415
1,130,1.3,9950.080215930939,9561.258852481842,6619.100570678711,6610.577553510666,-5.83648681640625,-224.33429956436157,467.64954924583435,-334.3966603279114
1,131,1.31,9988.000988960266,9615.883529186249,6656.869947910309,6783.040910959244,37.92077302932739,54.62467670440674,37.7693772315979,172.46335744857788
1,132,1.32,10000.0,9605.620503425598,6303.440034389496,6811.728477478027,11.999011039733887,-10.263025760650635,-353.429913520813,28.68756651878357
1,133,1.33,9952.381551265717,9695.585072040558,6563.712358474731,6850.714832544327,-47.61844873428345,89.96456861495972,260.2723240852356,38.98635506629944
1,134,1.34,10000.0,9593.144953250885,6986.091732978821,7175.986766815186,47.61844873428345,-102.44011878967285,422.37937450408936,325.27193427085876
1,135,1.35,10000.0,9164.861142635345,7018.249928951263,7655.869722366333,0.0,-428.28381061553955,32.15819597244263,479.88295555114746
1,136,1.36,10000.0,8629.2365193367,7121.172249317169,8388.547003269196,0.0,-535.624623298645,102.92232036590576,732.6772809028625
1,137,1.37,10000.0,7878.360152244568,7344.744503498077,9080.350697040558,0.0,-750.8763670921326,223.5722541809082,691.8036937713623
1,138,1.3800000000000001,10000.0,7078.637182712555,7508.452236652374,9514.118731021881,0.0,-799.7229695320129,163.70773315429688,433.76803398132324
1,139,1.3900000000000001,10000.0,6368.252336978912,7484.7400188446045,9651.180505752563,0.0,-710.3848457336426,-23.712217807769775,137.06177473068237
1,140,1.4000000000000001,10000.0,5843.8800275325775,7307.088077068329,9798.69931936264,0.0,-524.3723094463348,-177.65194177627563,147.5188136100769
1,141,1.41,10000.0,5470.710955560207,7072.036564350128,9843.891263008118,0.0,-373.16907197237015,-235.05151271820068,45.191943645477295
1,142,1.42,10000.0,5290.979128330946,6748.4332621097565,9793.583154678345,0.0,-179.7318272292614,-323.6033022403717,-50.30810832977295
1,143,1.43,10000.0,5115.201473236084,6188.150942325592,9710.280895233154,0.0,-175.77765509486198,-560.2823197841644,-83.30225944519043
1,144,1.44,10000.0,5000.0,5488.189794123173,9643.029570579529,0.0,-115.20147323608398,-699.9611482024193,-67.25132465362549
1,145,1.45,10000.0,5000.0,5412.292405962944,9572.980105876923,0.0,0.0,-75.89738816022873,-70.0494647026062
1,146,1.46,9932.150840759277,5000.0,5507.112964987755,9540.139436721802,-67.84915924072266,0.0,94.82055902481079,-32.84066915512085
1,147,1.47,9701.233208179474,5000.0,5780.244544148445,9562.710523605347,-230.91763257980347,0.0,273.1315791606903,22.571086883544922
1,148,1.48,9284.272491931915,5000.0,6229.007840156555,9671.80460691452,-416.9607162475586,0.0,448.76329600811005,109.09408330917358
1,149,1.49,8989.543318748474,5000.0,6792.321801185608,9770.145118236542,-294.72917318344116,0.0,563.3139610290527,98.34051132202148
1,150,1.5,9110.767245292664,5000.0,7202.722132205963,9828.787744045258,121.22392654418945,0.0,410.4003310203552,58.64262580871582
1,151,1.51,9419.906735420227,5000.0,7631.794810295105,9968.903064727783,309.1394901275635,0.0,429.07267808914185,140.11532068252563
1,152,1.52,9743.635058403015,5000.0,7956.845462322235,10000.0,323.7283229827881,0.0,325.0506520271301,31.096935272216797
1,153,1.53,9896.497428417206,5000.0,8022.478818893433,10000.0,152.86237001419067,0.0,65.63335657119751,0.0
1,154,1.54,9871.382713317871,5000.0,7282.3551297187805,10000.0,-25.114715099334717,0.0,-740.1236891746521,0.0
1,155,1.55,9808.518588542938,5000.0,6500.125527381897,10000.0,-62.86412477493286,0.0,-782.2296023368835,0.0
1,156,1.56,9692.725539207458,5000.0,6029.136031866074,10000.0,-115.79304933547974,0.0,-470.98949551582336,0.0
1,157,1.57,9550.815522670746,5000.0,5704.220458865166,10000.0,-141.91001653671265,0.0,-324.9155730009079,0.0
1,158,1.58,9491.336345672607,5000.0,5478.824153542519,10000.0,-59.47917699813843,0.0,-225.3963053226471,0.0
1,159,1.59,9486.018419265747,5000.0,5378.650575876236,10000.0,-5.317926406860352,0.0,-100.17357766628265,0.0
1,160,1.6,9440.421462059021,5000.0,5500.012151896954,9822.764098644257,-45.596957206726074,0.0,121.36157602071762,-177.2359013557434
1,161,1.61,9616.106748580933,5000.0,5644.994080066681,9339.960813522339,175.68528652191162,0.0,144.98192816972733,-482.8032851219177
1,162,1.62,9856.471419334412,5000.0,5614.144951105118,7369.540482759476,240.364670753479,0.0,-30.84912896156311,-1970.4203307628632
1,163,1.6300000000000001,9936.839044094086,5000.0,5605.355575680733,6139.699220657349,80.36762475967407,0.0,-8.78937542438507,-1229.841262102127
1,164,1.6400000000000001,10000.0,5000.0,5582.499280571938,5802.412778139114,63.16095590591431,0.0,-22.856295108795166,-337.28644251823425
1,165,1.6500000000000001,10000.0,5000.0,5298.114605247974,5468.632057309151,0.0,0.0,-284.38467532396317,-333.7807208299637
1,166,1.6600000000000001,10000.0,5339.9621322751045,5245.9849417209625,5340.315401554108,0.0,339.9621322751045,-52.12966352701187,-128.31665575504303
1,167,1.67,10000.0,5431.9363459944725,5000.0,5328.389927744865,0.0,91.97421371936798,-245.98494172096252,-11.925473809242249
1,168,1.68,10000.0,5413.924157619476,5000.0,5424.232296645641,0.0,-18.012188374996185,0.0,95.84236890077591
1,169,1.69,10000.0,5233.756825327873,5000.0,5554.260797798634,0.0,-180.1673322916031,0.0,130.02850115299225
1,170,1.7,10000.0,5545.83340883255,5129.093937575817,6798.858791589737,0.0,312.0765835046768,129.0939375758171,1244.5979937911034
1,171,1.71,10000.0,6269.647777080536,5351.305827498436,7993.254363536835,0.0,723.8143682479858,222.21188992261887,1194.3955719470978
1,172,1.72,10000.0,7453.216910362244,5838.948041200638,8982.855081558228,0.0,1183.5691332817078,487.64221370220184,989.6007180213928
1,173,1.73,10000.0,8525.73037147522,6113.720163702965,9119.54402923584,0.0,1072.513461112976,274.77212250232697,136.6889476776123
1,174,1.74,10000.0,9285.162687301636,6407.48918056488,8882.503807544708,0.0,759.432315826416,293.7690168619156,-237.0402216911316
1,175,1.75,10000.0,9767.466187477112,6834.275722503662,8820.566833019257,0.0,482.3035001754761,426.78654193878174,-61.93697452545166
1,176,1.76,10000.0,9461.417198181152,7172.962427139282,8629.246056079865,0.0,-306.0489892959595,338.6867046356201,-191.3207769393921
1,177,1.77,10000.0,9598.371982574463,7475.990951061249,8615.759015083313,0.0,136.95478439331055,303.02852392196655,-13.487040996551514
1,178,1.78,10000.0,9442.129731178284,7780.427634716034,8864.332735538483,0.0,-156.2422513961792,304.43668365478516,248.57372045516968
1,179,1.79,9884.870946407318,9615.50086736679,7967.454195022583,9485.104084014893,-115.12905359268188,173.37113618850708,187.02656030654907,620.7713484764099
1,180,1.8,9911.830425262451,9871.708154678345,8411.961197853088,9954.306483268738,26.959478855133057,256.20728731155396,444.50700283050537,469.2023992538452
1,181,1.81,9990.4003739357,9855.06534576416,8942.682445049286,9879.874885082245,78.56994867324829,-16.64280891418457,530.7212471961975,-74.43159818649292
1,182,1.82,10000.0,9841.24779701233,9663.664698600769,9731.070697307587,9.599626064300537,-13.817548751831055,720.9822535514832,-148.8041877746582
1,183,1.83,9984.148144721985,9676.175117492676,9928.142428398132,9774.830937385559,-15.851855278015137,-165.07267951965332,264.4777297973633,43.76024007797241
1,184,1.84,9760.302007198334,9338.594675064087,9976.008832454681,9770.287871360779,-223.84613752365112,-337.58044242858887,47.86640405654907,-4.543066024780273
1,185,1.85,9615.668654441833,9384.710788726807,9751.24716758728,9904.166758060455,-144.63335275650024,46.11611366271973,-224.76166486740112,133.8788866996765
1,186,1.86,10000.0,9975.925087928772,9682.161808013916,10000.0,384.3313455581665,591.2142992019653,-69.08535957336426,95.83324193954468
1,187,1.87,10000.0,9946.375787258148,9741.676151752472,9905.383288860321,0.0,-29.54930067062378,59.51434373855591,-94.61671113967896
1,188,1.8800000000000001,9974.896013736725,9925.208687782288,9651.549756526947,9981.262683868408,-25.103986263275146,-21.167099475860596,-90.1263952255249,75.87939500808716
1,189,1.8900000000000001,10000.0,10000.0,9310.122430324554,9846.723675727844,25.103986263275146,74.7913122177124,-341.4273262023926,-134.53900814056396
1,190,1.9000000000000001,9601.753056049347,10000.0,8520.390689373016,9740.40150642395,-398.2469439506531,0.0,-789.7317409515381,-106.32216930389404
1,191,1.9100000000000001,9216.244220733643,9844.725131988525,8085.6963992118835,9726.914763450623,-385.50883531570435,-155.2748680114746,-434.6942901611328,-13.486742973327637
1,192,1.92,8685.579895973206,9443.358778953552,8823.38136434555,9627.74634361267,-530.664324760437,-401.36635303497314,737.684965133667,-99.16841983795166
1,193,1.93,7006.310075521469,9460.59137582779,9091.455340385437,8579.60045337677,-1679.2698204517365,17.23259687423706,268.0739760398865,-1048.1458902359009
1,194,1.94,5675.830990076065,9997.747838497162,9324.459731578827,6692.736744880676,-1330.479085445404,537.1564626693726,233.0043911933899,-1886.8637084960938
1,195,1.95,5689.994916319847,10000.0,9285.024106502533,6189.863234758377,14.163926243782043,2.2521615028381348,-39.435625076293945,-502.8735101222992
1,196,1.96,5731.804892420769,10000.0,9372.954666614532,6004.6738386154175,41.80997610092163,0.0,87.93056011199951,-185.1893961429596
1,197,1.97,5920.288190245628,10000.0,9446.704983711243,5684.40705537796,188.48329782485962,0.0,73.7503170967102,-320.2667832374573
1,198,1.98,5904.765799641609,10000.0,9637.94857263565,5447.469167411327,-15.522390604019165,0.0,191.24358892440796,-236.93788796663284
1,199,1.99,5934.295356273651,10000.0,9769.501984119415,5654.352456331253,29.52955663204193,0.0,131.55341148376465,206.8832889199257
1,200,2.0,5990.143269300461,9936.24359369278,9801.107347011566,6347.618848085403,55.84791302680969,-63.75640630722046,31.60536289215088,693.2663917541504
1,201,2.0100000000000002,5921.325087547302,9684.852361679077,9730.775654315948,7230.11776804924,-68.81818175315857,-251.3912320137024,-70.33169269561768,882.4989199638367
1,202,2.02,5841.389149427414,9530.16459941864,9686.621725559235,7674.969434738159,-79.9359381198883,-154.687762260437,-44.15392875671387,444.85166668891907
1,203,2.0300000000000002,5642.964765429497,9377.220869064331,9660.722613334656,7942.456007003784,-198.42438399791718,-152.94373035430908,-25.899112224578857,267.486572265625
1,204,2.04,5386.80162280798,9072.425365447998,9688.913226127625,8032.718002796173,-256.1631426215172,-304.795503616333,28.19061279296875,90.26199579238892
1,205,2.05,5179.326701909304,8576.714396476746,9732.1218252182,8025.09993314743,-207.47492089867592,-495.71096897125244,43.20859909057617,-7.618069648742676
1,206,2.06,5065.238419920206,8210.404515266418,9787.717759609222,7989.409565925598,-114.0882819890976,-366.30988121032715,55.59593439102173,-35.690367221832275
1,207,2.07,5018.704629037529,7785.974740982056,9837.547242641449,8173.362612724304,-46.53379088267684,-424.4297742843628,49.82948303222656,183.95304679870605
1,208,2.08,5020.1863260008395,7423.849403858185,9818.532764911652,8213.019967079163,1.4816969633102417,-362.12533712387085,-19.014477729797363,39.6573543548584
1,209,2.09,5076.200533658266,7333.442270755768,9721.042215824127,8722.92548418045,56.014207657426596,-90.40713310241699,-97.49054908752441,509.90551710128784
1,210,2.1,5142.113137990236,7633.374929428101,9643.39792728424,9422.217011451721,65.91260433197021,299.93265867233276,-77.64428853988647,699.2915272712708
1,211,2.11,5428.673587739468,8937.19494342804,9770.585000514984,9914.690256118774,286.56044974923134,1303.820013999939,127.18707323074341,492.4732446670532
1,212,2.12,6948.498040437698,9891.011714935303,10000.0,10000.0,1519.8244526982307,953.8167715072632,229.41499948501587,85.30974388122559
1,213,2.13,9055.695533752441,10000.0,10000.0,10000.0,2107.197493314743,108.98828506469727,0.0,0.0
1,214,2.14,9622.09939956665,10000.0,10000.0,10000.0,566.403865814209,0.0,0.0,0.0
1,215,2.15,9580.712020397186,9772.749245166779,10000.0,10000.0,-41.38737916946411,-227.25075483322144,0.0,0.0
1,216,2.16,9662.20498085022,9621.78260087967,10000.0,10000.0,81.49296045303345,-150.96664428710938,0.0,0.0
1,217,2.17,9692.504405975342,9384.058117866516,10000.0,10000.0,30.29942512512207,-237.72448301315308,0.0,0.0
1,218,2.18,10000.0,9339.035749435425,9745.227992534637,10000.0,307.4955940246582,-45.02236843109131,-254.77200746536255,0.0
1,219,2.19,9930.247962474823,9638.84174823761,9064.65768814087,10000.0,-69.752037525177,299.80599880218506,-680.5703043937683,0.0
1,220,2.2,10000.0,9623.84581565857,8391.111195087433,10000.0,69.752037525177,-14.995932579040527,-673.5464930534363,0.0
1,221,2.21,9938.406348228455,9677.090346813202,7540.183365345001,9904.365241527557,-61.59365177154541,53.24453115463257,-850.9278297424316,-95.63475847244263
1,222,2.22,10000.0,9494.675397872925,7460.512220859528,9662.595689296722,61.59365177154541,-182.4149489402771,-79.67114448547363,-241.76955223083496
1,223,2.23,10000.0,9112.809896469116,7078.897953033447,9674.702286720276,0.0,-381.8655014038086,-381.6142678260803,12.106597423553467
1,224,2.24,9953.381717205048,9194.594621658325,6989.251971244812,9688.892662525177,-46.61828279495239,81.78472518920898,-89.64598178863525,14.190375804901123
1,225,2.25,9999.980926513672,9373.997151851654,7333.968281745911,9786.597490310669,46.59920930862427,179.40253019332886,344.71631050109863,97.70482778549194
1,226,2.2600000000000002,9981.505274772644,9496.341943740845,7502.590715885162,9883.100390434265,-18.475651741027832,122.34479188919067,168.6224341392517,96.50290012359619
1,227,2.27,9928.461909294128,9592.410027980804,7844.791114330292,9931.504726409912,-53.043365478515625,96.06808423995972,342.2003984451294,48.40433597564697
1,228,2.2800000000000002,9899.623692035675,9612.680077552795,8221.883773803711,9986.426830291748,-28.83821725845337,20.270049571990967,377.0926594734192,54.92210388183594
1,229,2.29,9882.210195064545,9546.568393707275,8618.943393230438,9947.01087474823,-17.41349697113037,-66.11168384552002,397.0596194267273,-39.415955543518066
1,230,2.3000000000000003,9951.57241821289,9482.933580875397,9667.16080904007,9934.76390838623,69.36222314834595,-63.63481283187866,1048.2174158096313,-12.246966361999512
1,231,2.31,9948.247075080872,9515.13409614563,10000.0,9926.248788833618,-3.325343132019043,32.200515270233154,332.8391909599304,-8.515119552612305
1,232,2.32,9892.273843288422,9505.535662174225,9744.44329738617,9958.059787750244,-55.97323179244995,-9.59843397140503,-255.55670261383057,31.810998916625977
1,233,2.33,9870.377480983734,9450.437426567078,9772.710800170898,9901.278614997864,-21.8963623046875,-55.09823560714722,28.267502784729004,-56.78117275238037
1,234,2.34,9881.642460823059,9487.425982952118,9914.967119693756,9866.423904895782,11.264979839324951,36.98855638504028,142.25631952285767,-34.8547101020813
1,235,2.35,9887.066185474396,9561.328291893005,9912.525713443756,9862.378239631653,5.42372465133667,73.90230894088745,-2.44140625,-4.045665264129639
1,236,2.36,9921.068549156189,9608.030617237091,9901.385009288788,9859.309792518616,34.00236368179321,46.70232534408569,-11.140704154968262,-3.0684471130371094
1,237,2.37,9943.94302368164,9624.4615316391,9913.410246372223,9856.587052345276,22.87447452545166,16.430914402008057,12.025237083435059,-2.7227401733398438
1,238,2.38,9970.941841602325,9593.278169631958,9907.210767269135,9869.169890880585,26.998817920684814,-31.183362007141113,-6.199479103088379,12.582838535308838
1,239,2.39,10000.0,9597.694277763367,9953.046441078186,9862.523674964905,29.05815839767456,4.416108131408691,45.835673809051514,-6.646215915679932
1,240,2.4,10000.0,9548.420906066895,9993.643462657928,9842.51320362091,0.0,-49.27337169647217,40.59702157974243,-20.01047134399414
1,241,2.41,10000.0,9484.67344045639,10000.0,9818.622469902039,0.0,-63.74746561050415,6.356537342071533,-23.89073371887207
1,242,2.42,10000.0,9292.206764221191,10000.0,9815.847277641296,0.0,-192.46667623519897,0.0,-2.7751922607421875
1,243,2.43,10000.0,9185.03612279892,9929.450452327728,9786.077439785004,0.0,-107.17064142227173,-70.54954767227173,-29.769837856292725
1,244,2.44,10000.0,9128.273129463196,9898.170232772827,9790.501594543457,0.0,-56.76299333572388,-31.280219554901123,4.424154758453369
1,245,2.45,10000.0,9195.781946182251,9886.910021305084,9841.988384723663,0.0,67.50881671905518,-11.26021146774292,51.4867901802063
1,246,2.46,10000.0,9640.699923038483,9916.194379329681,9615.26334285736,0.0,444.9179768562317,29.284358024597168,-226.7250418663025
1,247,2.47,9923.67833852768,10000.0,9697.28797674179,9409.230351448059,-76.32166147232056,359.30007696151733,-218.90640258789062,-206.03299140930176
1,248,2.48,9867.241084575653,9879.552721977234,9554.020762443542,9454.13053035736,-56.43725395202637,-120.44727802276611,-143.2672142982483,44.90017890930176
1,249,2.49,9805.358052253723,9890.742897987366,9507.486820220947,9554.814994335175,-61.88303232192993,11.190176010131836,-46.533942222595215,100.68446397781372
1,250,2.5,10000.0,9722.513556480408,9647.744596004486,9847.458004951477,194.64194774627686,-168.229341506958,140.25777578353882,292.6430106163025
1,251,2.5100000000000002,10000.0,9839.192032814026,9645.502865314484,9899.060726165771,0.0,116.67847633361816,-2.2417306900024414,51.602721214294434
1,252,2.52,10000.0,9755.285382270813,9707.735478878021,9917.033910751343,0.0,-83.90665054321289,62.2326135635376,17.97318458557129
1,253,2.5300000000000002,10000.0,9690.484702587128,9781.341254711151,9984.224438667297,0.0,-64.8006796836853,73.60577583312988,67.19052791595459
1,254,2.54,10000.0,9706.048965454102,9832.164347171783,9975.528717041016,0.0,15.564262866973877,50.823092460632324,-8.695721626281738
1,255,2.5500000000000003,10000.0,9445.869326591492,9918.285012245178,9900.773763656616,0.0,-260.17963886260986,86.12066507339478,-74.75495338439941
1,256,2.56,10000.0,9521.852731704712,10000.0,9821.880459785461,0.0,75.98340511322021,81.71498775482178,-78.89330387115479
1,257,2.57,9940.584599971771,9435.552954673767,10000.0,9678.06190252304,-59.41540002822876,-86.29977703094482,0.0,-143.81855726242065
1,258,2.58,9885.503649711609,9485.042691230774,10000.0,9659.610986709595,-55.08095026016235,49.489736557006836,0.0,-18.450915813446045
1,259,2.59,9631.886780261993,9381.97672367096,10000.0,9576.699137687683,-253.61686944961548,-103.06596755981445,0.0,-82.91184902191162
1,260,2.6,9440.518915653229,9293.989539146423,10000.0,9504.94110584259,-191.36786460876465,-87.98718452453613,0.0,-71.75803184509277
1,261,2.61,9317.865371704102,9227.237105369568,10000.0,9435.09578704834,-122.6535439491272,-66.75243377685547,0.0,-69.84531879425049
1,262,2.62,9279.698431491852,9192.018210887909,10000.0,9409.907758235931,-38.166940212249756,-35.218894481658936,0.0,-25.188028812408447
1,263,2.63,9365.10682106018,9218.004047870636,10000.0,9511.178731918335,85.40838956832886,25.98583698272705,0.0,101.27097368240356
1,264,2.64,9532.679319381714,9243.279099464417,10000.0,9648.962020874023,167.5724983215332,25.275051593780518,0.0,137.78328895568848
1,265,2.65,9680.425822734833,9269.847571849823,10000.0,9825.089573860168,147.7465033531189,26.568472385406494,0.0,176.12755298614502
1,266,2.66,9820.225834846497,9294.432997703552,10000.0,9925.388097763062,139.80001211166382,24.585425853729248,0.0,100.29852390289307
1,267,2.67,9908.764362335205,9320.856928825378,10000.0,10000.0,88.5385274887085,26.423931121826172,0.0,74.61190223693848
1,268,2.68,10000.0,9347.148537635803,10000.0,10000.0,91.23563766479492,26.291608810424805,0.0,0.0
1,269,2.69,10000.0,9428.653120994568,10000.0,10000.0,0.0,81.50458335876465,0.0,0.0
1,270,2.7,10000.0,9529.29437160492,9968.646466732025,10000.0,0.0,100.64125061035156,-31.353533267974854,0.0
1,271,2.71,10000.0,9479.642510414124,9903.579950332642,10000.0,0.0,-49.6518611907959,-65.06651639938354,0.0
1,272,2.72,10000.0,9697.782397270203,9829.95092868805,10000.0,0.0,218.1398868560791,-73.62902164459229,0.0
1,273,2.73,10000.0,9817.493259906769,9856.248199939728,10000.0,0.0,119.71086263656616,26.297271251678467,0.0
1,274,2.74,10000.0,9912.387728691101,9890.605211257935,9976.71127319336,0.0,94.89446878433228,34.35701131820679,-23.288726806640625
1,275,2.75,10000.0,10000.0,9839.982092380524,9889.2280459404,0.0,87.61227130889893,-50.62311887741089,-87.4832272529602
1,276,2.7600000000000002,9984.200596809387,10000.0,9665.677547454834,9789.026379585266,-15.799403190612793,0.0,-174.3045449256897,-100.20166635513306
1,277,2.77,9850.47161579132,10000.0,9674.97318983078,9789.563119411469,-133.7289810180664,0.0,9.295642375946045,0.5367398262023926
1,278,2.7800000000000002,9876.973330974579,9863.073527812958,9823.367297649384,9689.756035804749,26.501715183258057,-136.92647218704224,148.39410781860352,-99.80708360671997
1,279,2.79,9898.656010627747,9642.869234085083,9901.313781738281,9628.68183851242,21.682679653167725,-220.20429372787476,77.9464840888977,-61.07419729232788
1,280,2.8000000000000003,10000.0,9422.746300697327,10000.0,9678.0526638031,101.34398937225342,-220.12293338775635,98.68621826171875,49.37082529067993
1,281,2.81,10000.0,9564.599692821503,10000.0,9754.070043563843,0.0,141.85339212417603,0.0,76.01737976074219
1,282,2.82,10000.0,9794.229865074158,9953.729808330536,9832.123816013336,0.0,229.63017225265503,-46.27019166946411,78.05377244949341
1,283,2.83,10000.0,9975.48371553421,10000.0,9900.55114030838,0.0,181.2538504600525,46.27019166946411,68.42732429504395
1,284,2.84,10000.0,10000.0,10000.0,9942.071437835693,0.0,24.516284465789795,0.0,41.52029752731323
1,285,2.85,10000.0,10000.0,10000.0,9964.467287063599,0.0,0.0,0.0,22.395849227905273
1,286,2.86,10000.0,10000.0,10000.0,9954.836368560791,0.0,0.0,0.0,-9.630918502807617
1,287,2.87,10000.0,10000.0,10000.0,9959.605932235718,0.0,0.0,0.0,4.769563674926758
1,288,2.88,10000.0,10000.0,10000.0,9975.330829620361,0.0,0.0,0.0,15.724897384643555
1,289,2.89,10000.0,10000.0,10000.0,9987.959861755371,0.0,0.0,0.0,12.629032135009766
1,290,2.9,10000.0,10000.0,10000.0,10000.0,0.0,0.0,0.0,12.040138244628906
1,291,2.91,10000.0,10000.0,10000.0,10000.0,0.0,0.0,0.0,0.0
1,292,2.92,10000.0,10000.0,10000.0,9985.237121582031,0.0,0.0,0.0,-14.76287841796875
1,293,2.93,10000.0,10000.0,10000.0,9917.0982837677,0.0,0.0,0.0,-68.13883781433105
1,294,2.94,10000.0,10000.0,10000.0,9812.48140335083,0.0,0.0,0.0,-104.61688041687012
1,295,2.95,9965.394735336304,10000.0,10000.0,9668.408036231995,-34.60526466369629,0.0,0.0,-144.07336711883545
1,296,2.96,9868.962168693542,10000.0,10000.0,9491.684138774872,-96.43256664276123,0.0,0.0,-176.7238974571228
1,297,2.97,9825.214445590973,10000.0,10000.0,9486.588835716248,-43.74772310256958,0.0,0.0,-5.095303058624268
1,298,2.98,9621.486365795135,10000.0,10000.0,9615.206718444824,-203.7280797958374,0.0,0.0,128.61788272857666
1,299,2.99,9547.584056854248,9993.616938591003,10000.0,9699.411690235138,-73.90230894088745,-6.383061408996582,0.0,84.20497179031372
1,300,3.0,9545.754790306091,10000.0,10000.0,9679.623246192932,-1.8292665481567383,6.383061408996582,0.0,-19.78844404220581
1,301,3.0100000000000002,9839.238226413727,9968.733489513397,10000.0,9738.461077213287,293.4834361076355,-31.266510486602783,0.0,58.837831020355225
1,302,3.02,9910.629689693451,9924.407601356506,10000.0,9854.775667190552,71.39146327972412,-44.32588815689087,0.0,116.3145899772644
1,303,3.0300000000000002,9994.522035121918,9856.813251972198,10000.0,9785.351753234863,83.8923454284668,-67.59434938430786,0.0,-69.42391395568848
1,304,3.04,10000.0,9876.182675361633,9857.084155082703,9759.529531002045,5.477964878082275,19.369423389434814,-142.91584491729736,-25.822222232818604
1,305,3.0500000000000003,10000.0,9759.063720703125,9721.727669239044,9870.61619758606,0.0,-117.1189546585083,-135.35648584365845,111.08666658401489
1,306,3.06,10000.0,9763.667583465576,9731.805324554443,9955.5504322052,0.0,4.603862762451172,10.07765531539917,84.93423461914062
1,307,3.0700000000000003,10000.0,9627.282619476318,9661.304354667664,9927.306771278381,0.0,-136.3849639892578,-70.50096988677979,-28.243660926818848
1,308,3.08,10000.0,9531.963169574738,9713.316261768341,9976.04250907898,0.0,-95.31944990158081,52.01190710067749,48.735737800598145
1,309,3.09,9920.375347137451,9361.061155796051,9796.549379825592,9803.372025489807,-79.62465286254883,-170.90201377868652,83.23311805725098,-172.67048358917236
1,310,3.1,9817.04831123352,9336.753487586975,9609.989523887634,9681.60480260849,-103.32703590393066,-24.307668209075928,-186.55985593795776,-121.76722288131714
1,311,3.11,9892.882704734802,9339.368343353271,9546.346068382263,9620.933532714844,75.83439350128174,2.6148557662963867,-63.643455505371094,-60.67126989364624
1,312,3.12,9739.64273929596,9356.588125228882,9463.223218917847,9648.528397083282,-153.23996543884277,17.21978187561035,-83.1228494644165,27.59486436843872
1,313,3.13,9612.975120544434,9227.965772151947,9322.867095470428,9579.402506351471,-126.66761875152588,-128.62235307693481,-140.3561234474182,-69.12589073181152
1,314,3.14,9594.021439552307,9219.096004962921,9253.586232662201,9519.530534744263,-18.953680992126465,-8.869767189025879,-69.28086280822754,-59.87197160720825
1,315,3.15,9674.35598373413,9227.680563926697,9304.477870464325,9216.18640422821,80.33454418182373,8.584558963775635,50.89163780212402,-303.34413051605225
1,316,3.16,9652.833640575409,8985.774219036102,9197.360575199127,8976.520299911499,-21.522343158721924,-241.90634489059448,-107.11729526519775,-239.66610431671143
1,317,3.17,9613.213837146759,8550.485968589783,9131.625592708588,8964.363932609558,-39.6198034286499,-435.2882504463196,-65.73498249053955,-12.156367301940918
1,318,3.18,9611.549973487854,8502.950370311737,9143.037497997284,9155.123233795166,-1.6638636589050293,-47.535598278045654,11.411905288696289,190.7593011856079
1,319,3.19,9630.34451007843,8633.35132598877,9223.071932792664,9380.980134010315,18.794536590576172,130.40095567703247,80.03443479537964,225.85690021514893
1,320,3.2,9629.476070404053,8786.791861057281,9284.147024154663,9540.530443191528,-0.8684396743774414,153.44053506851196,61.07509136199951,159.55030918121338
1,321,3.21,9617.29496717453,8942.390978336334,9279.951453208923,9636.883735656738,-12.181103229522705,155.59911727905273,-4.195570945739746,96.35329246520996
1,322,3.22,9614.984393119812,9090.59762954712,9286.690056324005,9666.3236618042,-2.3105740547180176,148.2066512107849,6.738603115081787,29.439926147460938
1,323,3.23,9632.141292095184,9361.96357011795,9298.21491241455,9657.076597213745,17.156898975372314,271.3659405708313,11.524856090545654,-9.247064590454102
1,324,3.24,9621.183276176453,9383.509755134583,9317.537546157837,9647.43971824646,-10.95801591873169,21.54618501663208,19.322633743286133,-9.636878967285156
1,325,3.25,9573.984146118164,9361.330270767212,9329.833984375,9652.719497680664,-47.199130058288574,-22.179484367370605,12.296438217163086,5.279779434204102
1,326,3.2600000000000002,9556.077718734741,9410.508871078491,9355.191886425018,9766.4675116539,-17.90642738342285,49.1786003112793,25.35790205001831,113.74801397323608
1,327,3.27,9568.612575531006,9431.244134902954,9338.265657424927,9888.220727443695,12.534856796264648,20.73526382446289,-16.926229000091553,121.75321578979492
1,328,3.2800000000000002,9613.474011421204,9411.486685276031,9426.5216588974,10000.0,44.861435890197754,-19.757449626922607,88.25600147247314,111.77927255630493
1,329,3.29,9626.882076263428,9410.957992076874,9504.607021808624,10000.0,13.408064842224121,-0.5286931991577148,78.08536291122437,0.0
1,330,3.3000000000000003,9709.73789691925,9379.502832889557,9671.815931797028,10000.0,82.85582065582275,-31.455159187316895,167.20890998840332,0.0
1,331,3.31,9844.606518745422,9373.154044151306,9749.59284067154,10000.0,134.86862182617188,-6.348788738250732,77.77690887451172,0.0
1,332,3.3200000000000003,9942.468702793121,9427.676796913147,9712.6105427742,10000.0,97.86218404769897,54.52275276184082,-36.98229789733887,0.0
1,333,3.33,10000.0,9504.504799842834,9709.014594554901,10000.0,57.53129720687866,76.8280029296875,-3.5959482192993164,0.0
1,334,3.34,10000.0,9560.48846244812,9783.72186422348,10000.0,0.0,55.983662605285645,74.7072696685791,0.0
1,335,3.35,10000.0,9667.799174785614,9766.089022159576,10000.0,0.0,107.3107123374939,-17.63284206390381,0.0
1,336,3.36,10000.0,9718.654751777649,9786.212146282196,10000.0,0.0,50.85557699203491,20.12312412261963,0.0
1,337,3.37,10000.0,9798.344075679779,9919.227659702301,9903.832077980042,0.0,79.68932390213013,133.01551342010498,-96.1679220199585
1,338,3.38,10000.0,9896.941781044006,9874.80491399765,9867.757558822632,0.0,98.5977053642273,-44.42274570465088,-36.07451915740967
1,339,3.39,10000.0,9961.743950843811,9723.677337169647,9784.291982650757,0.0,64.80216979980469,-151.12757682800293,-83.465576171875
1,340,3.4,9947.500228881836,9989.861249923706,9813.949167728424,9653.768539428711,-52.49977111816406,28.11729907989502,90.27183055877686,-130.5234432220459
1,341,3.41,9857.88345336914,9938.666820526123,10000.0,9644.703269004822,-89.61677551269531,-51.19442939758301,186.05083227157593,-9.06527042388916
1,342,3.42,9726.348519325256,9746.91927433014,9931.031465530396,9539.936780929565,-131.53493404388428,-191.7475461959839,-68.96853446960449,-104.76648807525635
1,343,3.43,9549.942016601562,9716.46785736084,9806.430637836456,9360.37003993988,-176.40650272369385,-30.451416969299316,-124.60082769393921,-179.56674098968506
1,344,3.44,9541.749358177185,9806.578159332275,9745.946526527405,9353.904724121094,-8.192658424377441,90.11030197143555,-60.484111309051514,-6.465315818786621
1,345,3.45,9718.65713596344,9843.72764825821,9786.747992038727,9433.95972251892,176.90777778625488,37.14948892593384,40.80146551132202,80.05499839782715
1,346,3.46,9881.914258003235,9749.84735250473,9797.857105731964,9530.253410339355,163.25712203979492,-93.880295753479,11.109113693237305,96.29368782043457
1,347,3.47,9902.529418468475,9680.567979812622,9817.247092723846,9528.533220291138,20.61516046524048,-69.27937269210815,19.389986991882324,-1.7201900482177734
1,348,3.48,9872.319996356964,9633.721709251404,9741.521179676056,9543.17182302475,-30.20942211151123,-46.84627056121826,-75.72591304779053,14.63860273361206
1,349,3.49,9884.43523645401,9589.339196681976,9741.919338703156,9545.856714248657,12.115240097045898,-44.38251256942749,0.3981590270996094,2.6848912239074707
1,350,3.5,9931.00494146347,9570.910334587097,9747.208654880524,9555.728137493134,46.56970500946045,-18.42886209487915,5.289316177368164,9.871423244476318
1,351,3.5100000000000002,9916.416108608246,9550.403356552124,9754.157662391663,9573.758244514465,-14.58883285522461,-20.506978034973145,6.949007511138916,18.030107021331787
1,352,3.52,9897.227585315704,9553.928971290588,9746.215641498566,9569.892883300781,-19.188523292541504,3.5256147384643555,-7.942020893096924,-3.865361213684082
1,353,3.5300000000000002,9906.939268112183,9566.8363571167,9748.519957065582,9555.96774816513,9.711682796478271,12.90738582611084,2.3043155670166016,-13.925135135650635
1,354,3.54,9933.079183101654,9577.132761478424,9760.842025279999,9546.50193452835,26.139914989471436,10.296404361724854,12.322068214416504,-9.465813636779785
1,355,3.5500000000000003,9978.8698554039,9586.606621742249,9783.688485622406,9534.152150154114,45.790672302246094,9.473860263824463,22.846460342407227,-12.34978437423706
1,356,3.56,10000.0,9581.316113471985,9813.594222068787,9523.167610168457,21.130144596099854,-5.290508270263672,29.905736446380615,-10.984539985656738
1,357,3.5700000000000003,9989.970922470093,9627.763628959656,9861.012995243073,9508.887231349945,-10.029077529907227,46.4475154876709,47.41877317428589,-14.280378818511963
1,358,3.58,9966.111183166504,9646.524786949158,9895.185232162476,9516.973495483398,-23.859739303588867,18.761157989501953,34.172236919403076,8.08626413345337
1,359,3.59,9946.89792394638,9658.57982635498,9942.502975463867,9531.655609607697,-19.21325922012329,12.055039405822754,47.3177433013916,14.682114124298096
1,360,3.6,9933.249950408936,9754.49651479721,9966.461062431335,9587.43929862976,-13.647973537445068,95.91668844223022,23.95808696746826,55.78368902206421
1,361,3.61,9862.913191318512,9788.737297058105,10000.0,9666.263461112976,-70.33675909042358,34.240782260894775,33.53893756866455,78.82416248321533
1,362,3.62,9752.09265947342,9763.572216033936,10000.0,9740.57674407959,-110.82053184509277,-25.165081024169922,0.0,74.31328296661377
1,363,3.63,9753.352105617523,9755.217432975769,10000.0,9850.952625274658,1.259446144104004,-8.354783058166504,0.0,110.37588119506836
1,364,3.64,9768.439531326294,9867.548644542694,10000.0,9932.589530944824,15.087425708770752,112.33121156692505,0.0,81.63690567016602
1,365,3.65,9638.877511024475,9911.620914936066,9966.21459722519,9915.978610515594,-129.56202030181885,44.07227039337158,-33.78540277481079,-16.610920429229736
1,366,3.66,9744.28653717041,9916.185736656189,10000.0,9822.731614112854,105.40902614593506,4.564821720123291,33.78540277481079,-93.24699640274048
1,367,3.67,9709.862172603607,9871.997833251953,10000.0,9786.690771579742,-34.42436456680298,-44.18790340423584,0.0,-36.04084253311157
1,368,3.68,9633.304476737976,9630.050659179688,10000.0,9728.859066963196,-76.5576958656311,-241.94717407226562,0.0,-57.83170461654663
1,369,3.69,9672.573208808899,9515.470564365387,10000.0,9531.276822090149,39.26873207092285,-114.58009481430054,0.0,-197.58224487304688
1,370,3.7,9666.470289230347,9446.004033088684,10000.0,9592.834115028381,-6.102919578552246,-69.46653127670288,0.0,61.55729293823242
1,371,3.71,9211.703538894653,9355.626106262207,10000.0,9425.385594367981,-454.76675033569336,-90.37792682647705,0.0,-167.4485206604004
1,372,3.72,8666.449189186096,9135.1318359375,10000.0,9168.725609779358,-545.2543497085571,-220.49427032470703,0.0,-256.65998458862305
1,373,3.73,7864.789068698883,9117.779731750488,10000.0,8921.853303909302,-801.6601204872131,-17.35210418701172,0.0,-246.87230587005615
1,374,3.74,7322.12021946907,9138.043820858002,9869.441092014313,8716.967701911926,-542.6688492298126,20.264089107513428,-130.55890798568726,-204.8856019973755
1,375,3.75,7281.8513214588165,9313.437640666962,9856.283962726593,8568.217754364014,-40.268898010253906,175.39381980895996,-13.157129287719727,-148.7499475479126
1,376,3.7600000000000002,7183.610498905182,9458.019435405731,9852.935671806335,8341.546654701233,-98.24082255363464,144.58179473876953,-3.3482909202575684,-226.67109966278076
1,377,3.77,6522.985547780991,9459.924101829529,9665.702879428864,8045.021295547485,-660.6249511241913,1.9046664237976074,-187.23279237747192,-296.52535915374756
1,378,3.7800000000000002,5890.926718711853,9452.518224716187,9561.624825000763,7855.919301509857,-632.0588290691376,-7.405877113342285,-104.07805442810059,-189.10199403762817
1,379,3.79,5642.671808600426,9368.570446968079,9577.986598014832,7667.091488838196,-248.2549101114273,-83.94777774810791,16.361773014068604,-188.82781267166138
1,380,3.8000000000000003,5469.138957560062,9367.564916610718,9564.909934997559,7534.70242023468,-173.5328510403633,-1.0055303573608398,-13.07666301727295,-132.38906860351562
1,381,3.81,5301.028285175562,9302.976131439209,9578.786194324493,7453.9850652217865,-168.1106723845005,-64.58878517150879,13.876259326934814,-80.71735501289368
1,382,3.8200000000000003,5145.769435912371,9249.93485212326,9592.437446117401,7498.031705617905,-155.25884926319122,-53.041279315948486,13.651251792907715,44.046640396118164
1,383,3.83,5000.0,9252.60841846466,9607.325196266174,7583.057880401611,-145.76943591237068,2.6735663414001465,14.887750148773193,85.02617478370667
1,384,3.84,5000.0,9282.793700695038,9604.450762271881,7707.2882652282715,0.0,30.185282230377197,-2.874433994293213,124.23038482666016
1,385,3.85,5000.0,9301.596283912659,9610.628485679626,7922.647595405579,0.0,18.80258321762085,6.177723407745361,215.35933017730713
1,386,3.86,5000.0,9438.802003860474,9673.643112182617,8240.856230258942,0.0,137.20571994781494,63.01462650299072,318.20863485336304
1,387,3.87,5417.419411242008,9805.264174938202,9923.146963119507,8783.681988716125,417.4194112420082,366.46217107772827,249.50385093688965,542.8257584571838
1,388,3.88,6639.156192541122,10000.0,10000.0,9269.536137580872,1221.7367812991142,194.7358250617981,76.85303688049316,485.8541488647461
1,389,3.89,8254.526853561401,10000.0,10000.0,9390.825927257538,1615.370661020279,0.0,0.0,121.28978967666626
1,390,3.9,8873.171210289001,9902.67425775528,10000.0,9598.982334136963,618.6443567276001,-97.32574224472046,0.0,208.15640687942505
1,391,3.91,9338.918328285217,9676.911532878876,10000.0,9966.614842414856,465.7471179962158,-225.7627248764038,0.0,367.63250827789307
1,392,3.92,9513.379037380219,9476.105570793152,10000.0,10000.0,174.46070909500122,-200.80596208572388,0.0,33.38515758514404
1,393,3.93,9679.158329963684,9463.075995445251,10000.0,10000.0,165.77929258346558,-13.02957534790039,0.0,0.0
1,394,3.94,9871.938228607178,9486.692547798157,10000.0,10000.0,192.77989864349365,23.616552352905273,0.0,0.0
1,395,3.95,9935.306906700134,9586.900472640991,10000.0,10000.0,63.36867809295654,100.20792484283447,0.0,0.0
1,396,3.96,10000.0,9638.640880584717,9852.132201194763,10000.0,64.69309329986572,51.740407943725586,-147.86779880523682,0.0
1,397,3.97,10000.0,9658.458530902863,9910.006821155548,10000.0,0.0,19.817650318145752,57.87461996078491,0.0
1,398,3.98,9985.49997806549,9678.927063941956,9907.634556293488,10000.0,-14.500021934509277,20.468533039093018,-2.372264862060547,0.0
1,399,3.99,9991.769790649414,9752.04050540924,9876.903295516968,10000.0,6.26981258392334,73.11344146728516,-30.731260776519775,0.0
1,400,4.0,9677.850306034088,9658.887684345245,9369.561672210693,9896.941483020782,-313.9194846153259,-93.15282106399536,-507.3416233062744,-103.05851697921753
1,401,4.01,9648.90867471695,9546.444416046143,8269.738256931305,9754.445254802704,-28.941631317138672,-112.44326829910278,-1099.8234152793884,-142.4962282180786
1,402,4.0200000000000005,10000.0,9524.63150024414,7578.277885913849,9785.327911376953,351.09132528305054,-21.812915802001953,-691.460371017456,30.882656574249268
1,403,4.03,10000.0,9527.593851089478,6982.329487800598,9641.494154930115,0.0,2.962350845336914,-595.9483981132507,-143.83375644683838
1,404,4.04,9920.301139354706,9323.69351387024,6728.186756372452,9314.821660518646,-79.69886064529419,-203.90033721923828,-254.14273142814636,-326.6724944114685
1,405,4.05,9789.040684700012,9500.035047531128,6969.601511955261,9087.212085723877,-131.2604546546936,176.34153366088867,241.41475558280945,-227.6095747947693
1,406,4.0600000000000005,9827.409386634827,9570.561051368713,7471.912205219269,8866.632580757141,38.36870193481445,70.52600383758545,502.31069326400757,-220.57950496673584
1,407,4.07,9876.708984375,9587.042927742004,8014.899492263794,8844.87360715866,49.29959774017334,16.481876373291016,542.9872870445251,-21.758973598480225
1,408,4.08,9940.009415149689,9572.21895456314,8687.305748462677,8865.228295326233,63.30043077468872,-14.823973178863525,672.406256198883,20.35468816757202
1,409,4.09,9880.731701850891,9590.763449668884,9582.266509532928,8894.132375717163,-59.27771329879761,18.544495105743408,894.9607610702515,28.904080390930176
1,410,4.1,9781.430959701538,9618.297219276428,9954.039752483368,8788.697719573975,-99.30074214935303,27.533769607543945,371.77324295043945,-105.43465614318848
1,411,4.11,9680.90683221817,9600.887894630432,9788.203239440918,8564.835786819458,-100.52412748336792,-17.409324645996094,-165.83651304244995,-223.8619327545166
1,412,4.12,9680.176973342896,9727.863371372223,9755.268394947052,8309.693932533264,-0.7298588752746582,126.97547674179077,-32.93484449386597,-255.14185428619385
1,413,4.13,9666.442275047302,9835.817217826843,9903.760254383087,8095.940947532654,-13.734698295593262,107.95384645462036,148.49185943603516,-213.75298500061035
1,414,4.14,9554.881155490875,9833.261966705322,9940.85282087326,8055.800795555115,-111.561119556427,-2.555251121520996,37.09256649017334,-40.14015197753906
1,415,4.15,9472.474455833435,9754.012823104858,9857.818484306335,8036.221265792847,-82.40669965744019,-79.24914360046387,-83.03433656692505,-19.579529762268066
1,416,4.16,9509.232640266418,9726.862609386444,9824.429452419281,7991.466224193573,36.7581844329834,-27.150213718414307,-33.38903188705444,-44.75504159927368
1,417,4.17,9609.258770942688,9680.90295791626,9880.333840847015,7946.343421936035,100.02613067626953,-45.959651470184326,55.904388427734375,-45.12280225753784
1,418,4.18,9647.684693336487,9553.419947624207,9924.457371234894,7976.529002189636,38.42592239379883,-127.48301029205322,44.12353038787842,30.185580253601074
1,419,4.19,9693.518579006195,9509.66477394104,9909.919202327728,7920.947074890137,45.83388566970825,-43.755173683166504,-14.538168907165527,-55.58192729949951
1,420,4.2,9667.192101478577,9493.761658668518,9952.762424945831,7954.374551773071,-26.326477527618408,-15.903115272521973,42.84322261810303,33.42747688293457
1,421,4.21,9682.737290859222,9509.775340557098,9961.767494678497,8073.86040687561,15.545189380645752,16.013681888580322,9.005069732666016,119.48585510253906
1,422,4.22,9691.294729709625,9562.343657016754,9976.842403411865,8240.634202957153,8.557438850402832,52.56831645965576,15.07490873336792,166.77379608154297
1,423,4.23,9669.68297958374,9488.918781280518,9981.52643442154,8220.898509025574,-21.61175012588501,-73.42487573623657,4.684031009674072,-19.73569393157959
1,424,4.24,9496.957659721375,9527.595043182373,9937.887191772461,8394.632339477539,-172.72531986236572,38.67626190185547,-43.63924264907837,173.73383045196533
1,425,4.25,9635.884761810303,9644.962549209595,9869.145452976227,8399.1539478302,138.92710208892822,117.36750602722168,-68.74173879623413,4.521608352661133
1,426,4.26,9743.382930755615,9642.701745033264,9977.743327617645,8384.378552436829,107.4981689453125,-2.2608041763305664,108.59787464141846,-14.775395393371582
1,427,4.2700000000000005,9689.468145370483,9591.842889785767,9999.524652957916,8435.87189912796,-53.914785385131836,-50.85885524749756,21.781325340270996,51.49334669113159
1,428,4.28,9715.746939182281,9647.468030452728,9976.635575294495,8710.737228393555,26.278793811798096,55.62514066696167,-22.88907766342163,274.8653292655945
1,429,4.29,9699.217677116394,9643.416106700897,9924.496114253998,9113.861918449402,-16.52926206588745,-4.051923751831055,-52.139461040496826,403.12469005584717
1,430,4.3,9677.798449993134,9705.330729484558,9936.214089393616,9393.310546875,-21.419227123260498,61.91462278366089,11.71797513961792,279.44862842559814
1,431,4.3100000000000005,9811.229407787323,9751.563668251038,9978.35099697113,9748.169779777527,133.43095779418945,46.23293876647949,42.13690757751465,354.85923290252686
1,432,4.32,9815.952479839325,9776.400327682495,9956.9833278656,10000.0,4.723072052001953,24.83665943145752,-21.367669105529785,251.83022022247314
1,433,4.33,9948.734045028687,9855.936467647552,9877.90197134018,10000.0,132.78156518936157,79.53613996505737,-79.08135652542114,0.0
1,434,4.34,9973.040223121643,9767.853617668152,9876.783192157745,10000.0,24.306178092956543,-88.08284997940063,-1.118779182434082,0.0
1,435,4.3500000000000005,9970.489144325256,9848.958551883698,9903.701841831207,10000.0,-2.5510787963867188,81.10493421554565,26.918649673461914,0.0
1,436,4.36,10000.0,10000.0,9950.242936611176,9888.857007026672,29.510855674743652,151.0414481163025,46.54109477996826,-111.14299297332764
1,437,4.37,9953.159987926483,10000.0,9966.291785240173,9734.19040441513,-46.840012073516846,0.0,16.048848628997803,-154.66660261154175
1,438,4.38,9885.556101799011,10000.0,9863.759875297546,9813.584685325623,-67.60388612747192,0.0,-102.53190994262695,79.39428091049194
1,439,4.39,9828.552603721619,10000.0,9798.279106616974,9924.0243434906,-57.00349807739258,0.0,-65.48076868057251,110.43965816497803
1,440,4.4,9855.780005455017,10000.0,9854.107201099396,9882.88700580597,27.227401733398438,0.0,55.828094482421875,-41.13733768463135
1,441,4.41,9796.689450740814,10000.0,9877.512156963348,9827.495813369751,-59.09055471420288,0.0,23.404955863952637,-55.39119243621826
1,442,4.42,9792.621433734894,9965.152740478516,9858.329594135284,9784.879386425018,-4.06801700592041,-34.847259521484375,-19.182562828063965,-42.616426944732666
1,443,4.43,9824.24020767212,9841.673076152802,9841.28326177597,9748.39836359024,31.618773937225342,-123.47966432571411,-17.046332359313965,-36.48102283477783
1,444,4.44,9843.373894691467,9743.54863166809,9816.00135564804,9709.590673446655,19.133687019348145,-98.1244444847107,-25.281906127929688,-38.807690143585205
1,445,4.45,9854.49194908142,9692.428410053253,9804.305136203766,9691.862761974335,11.118054389953613,-51.12022161483765,-11.696219444274902,-17.727911472320557
1,446,4.46,9875.93948841095,9700.0053524971,9802.86568403244,9680.679440498352,21.44753932952881,7.576942443847656,-1.4394521713256836,-11.183321475982666
1,447,4.47,9862.944483757019,9798.48563671112,9838.763773441315,9680.14657497406,-12.995004653930664,98.48028421401978,35.89808940887451,-0.5328655242919922
1,448,4.48,9803.546965122223,9815.690517425537,9857.516884803772,9679.095447063446,-59.39751863479614,17.204880714416504,18.753111362457275,-1.0511279106140137
1,449,4.49,9750.698506832123,9760.673642158508,9907.326996326447,9675.668478012085,-52.8484582901001,-55.01687526702881,49.81011152267456,-3.426969051361084
1,450,4.5,9729.550778865814,9711.93552017212,9965.621531009674,9679.435193538666,-21.147727966308594,-48.73812198638916,58.29453468322754,3.7667155265808105
1,451,4.51,9844.090342521667,9698.65083694458,10000.0,9709.432125091553,114.53956365585327,-13.284683227539062,34.37846899032593,29.996931552886963
1,452,4.5200000000000005,9870.886206626892,9722.678661346436,10000.0,9785.945415496826,26.79586410522461,24.02782440185547,0.0,76.51329040527344
1,453,4.53,9838.194251060486,9597.678780555725,9995.76985836029,9890.45262336731,-32.69195556640625,-124.99988079071045,-4.230141639709473,104.5072078704834
1,454,4.54,9741.711020469666,9554.547667503357,10000.0,9963.156580924988,-96.48323059082031,-43.131113052368164,4.230141639709473,72.70395755767822
1,455,4.55,9681.659042835236,9547.406435012817,10000.0,9969.826936721802,-60.05197763442993,-7.141232490539551,0.0,6.670355796813965
1,456,4.5600000000000005,9608.81918668747,9561.43856048584,10000.0,9946.547746658325,-72.83985614776611,14.032125473022461,0.0,-23.279190063476562
1,457,4.57,9475.111663341522,9527.186751365662,10000.0,9860.878586769104,-133.70752334594727,-34.25180912017822,0.0,-85.66915988922119
1,458,4.58,9361.716508865356,9561.64836883545,10000.0,9779.770970344543,-113.39515447616577,34.4616174697876,0.0,-81.10761642456055
1,459,4.59,9122.595191001892,9561.167359352112,10000.0,9668.25157403946,-239.12131786346436,-0.48100948333740234,0.0,-111.51939630508423
1,460,4.6000000000000005,8990.597128868103,9585.807919502258,9950.807988643646,9633.837938308716,-131.99806213378906,24.640560150146484,-49.19201135635376,-34.41363573074341
1,461,4.61,8839.262127876282,9605.306386947632,9893.573224544525,9552.001059055328,-151.3350009918213,19.498467445373535,-57.234764099121094,-81.83687925338745
1,462,4.62,8775.753676891327,9576.472640037537,9866.508841514587,9507.513642311096,-63.508450984954834,-28.833746910095215,-27.064383029937744,-44.48741674423218
1,463,4.63,8857.262134552002,9618.859887123108,9936.974942684174,9505.966305732727,81.50845766067505,42.38724708557129,70.46610116958618,-1.5473365783691406
1,464,4.64,9023.990631103516,9709.312319755554,10000.0,9547.264575958252,166.72849655151367,90.45243263244629,63.025057315826416,41.2982702255249
1,465,4.65,9110.835194587708,9714.856147766113,10000.0,9480.677843093872,86.8445634841919,5.543828010559082,0.0,-66.58673286437988
1,466,4.66,9023.056030273438,9682.806730270386,10000.0,9371.5101480484,-87.77916431427002,-32.04941749572754,0.0,-109.16769504547119
1,467,4.67,8819.225132465363,9628.848433494568,10000.0,9314.647912979126,-203.83089780807495,-53.95829677581787,0.0,-56.8622350692749
1,468,4.68,8535.205721855164,9583.633244037628,10000.0,9279.415011405945,-284.019410610199,-45.2151894569397,0.0,-35.23290157318115
1,469,4.69,8298.7841963768,9562.108218669891,9989.08907175064,9292.432963848114,-236.42152547836304,-21.525025367736816,-10.91092824935913,13.01795244216919
1,470,4.7,8196.302652359009,9569.806456565857,9883.708655834198,9397.014379501343,-102.48154401779175,7.698237895965576,-105.38041591644287,104.58141565322876
1,471,4.71,8402.326703071594,9619.418978691101,9894.663989543915,9502.325057983398,206.02405071258545,49.61252212524414,10.955333709716797,105.31067848205566
1,472,4.72,8909.317255020142,9661.263525485992,9994.109570980072,9648.093283176422,506.99055194854736,41.84454679489136,99.44558143615723,145.76822519302368
1,473,4.73,9367.878437042236,9665.852189064026,10000.0,9783.22058916092,458.5611820220947,4.588663578033447,5.8904290199279785,135.12730598449707
1,474,4.74,9591.416120529175,9612.30218410492,10000.0,9863.239526748657,223.53768348693848,-53.550004959106445,0.0,80.01893758773804
1,475,4.75,9670.940041542053,9515.132308006287,9935.031533241272,10000.0,79.52392101287842,-97.16987609863281,-64.96846675872803,136.76047325134277
1,476,4.76,9745.9676861763,9444.676041603088,9740.690290927887,10000.0,75.02764463424683,-70.45626640319824,-194.341242313385,0.0
1,477,4.7700000000000005,9830.706715583801,9396.065473556519,9584.214985370636,10000.0,84.73902940750122,-48.610568046569824,-156.47530555725098,0.0
1,478,4.78,9809.953570365906,9354.188144207,9422.514140605927,10000.0,-20.753145217895508,-41.87732934951782,-161.70084476470947,0.0
1,479,4.79,9809.028506278992,9342.284798622131,9396.23087644577,10000.0,-0.9250640869140625,-11.903345584869385,-26.28326416015625,0.0
1,480,4.8,9939.11862373352,9424.834847450256,9487.638473510742,10000.0,130.0901174545288,82.550048828125,91.40759706497192,0.0
1,481,4.8100000000000005,9973.268508911133,9504.14389371872,9542.08642244339,10000.0,34.149885177612305,79.30904626846313,54.447948932647705,0.0
1,482,4.82,10000.0,9618.679583072662,9649.722278118134,10000.0,26.731491088867188,114.53568935394287,107.63585567474365,0.0
1,483,4.83,10000.0,9821.635484695435,9738.577902317047,10000.0,0.0,202.95590162277222,88.85562419891357,0.0
1,484,4.84,10000.0,9931.714236736298,9834.37865972519,10000.0,0.0,110.07875204086304,95.80075740814209,0.0
1,485,4.8500000000000005,10000.0,9995.583295822144,9877.27165222168,10000.0,0.0,63.86905908584595,42.89299249649048,0.0
1,486,4.86,10000.0,10000.0,9961.0236287117,9974.594116210938,0.0,4.416704177856445,83.75197649002075,-25.4058837890625
1,487,4.87,9957.531094551086,10000.0,9925.614297389984,9956.223964691162,-42.468905448913574,0.0,-35.40933132171631,-18.37015151977539
1,488,4.88,9900.273084640503,10000.0,9866.516292095184,9989.598393440247,-57.258009910583496,0.0,-59.098005294799805,33.37442874908447
1,489,4.89,9811.457693576813,10000.0,9826.258718967438,10000.0,-88.81539106369019,0.0,-40.25757312774658,10.401606559753418
1,490,4.9,9757.166504859924,9991.79869890213,9842.446446418762,9939.811825752258,-54.29118871688843,-8.201301097869873,16.187727451324463,-60.1881742477417
1,491,4.91,9726.055562496185,9996.978640556335,9770.79451084137,9828.472137451172,-31.110942363739014,5.179941654205322,-71.65193557739258,-111.33968830108643
1,492,4.92,9844.894707202911,9781.736135482788,9657.084047794342,9748.592972755432,118.83914470672607,-215.24250507354736,-113.71046304702759,-79.87916469573975
1,493,4.93,9817.78472661972,9628.37964296341,9568.961560726166,9754.10282611847,-27.109980583190918,-153.35649251937866,-88.12248706817627,5.509853363037109
1,494,4.94,9827.648401260376,9446.183443069458,9404.086172580719,9751.192927360535,9.863674640655518,-182.19619989395142,-164.87538814544678,-2.9098987579345703
1,495,4.95,9853.232502937317,9312.105476856232,9274.054169654846,9716.312289237976,25.584101676940918,-134.07796621322632,-130.0320029258728,-34.880638122558594
1,496,4.96,9855.798482894897,9253.951013088226,9048.163294792175,9723.352789878845,2.5659799575805664,-58.15446376800537,-225.8908748626709,7.040500640869141
1,497,4.97,9848.374128341675,9232.861697673798,8951.606154441833,9705.60997724533,-7.424354553222656,-21.08931541442871,-96.5571403503418,-17.742812633514404
1,498,4.98,9844.081401824951,9243.524372577667,9026.358425617218,9682.315587997437,-4.292726516723633,10.662674903869629,74.75227117538452,-23.294389247894287
1,499,4.99,9836.182296276093,9233.200252056122,9125.212132930756,9641.906321048737,-7.899105548858643,-10.32412052154541,98.8537073135376,-40.40926694869995
1,500,5.0,9831.684827804565,9237.380921840668,9247.064292430878,9615.540206432343,-4.4974684715271,4.180669784545898,121.85215950012207,-26.366114616394043
1,501,5.01,9826.77936553955,9220.362305641174,9351.989924907684,9548.439979553223,-4.905462265014648,-17.018616199493408,104.92563247680664,-67.10022687911987
1,502,5.0200000000000005,9811.883568763733,9206.206798553467,9411.99779510498,9495.132565498352,-14.895796775817871,-14.15550708770752,60.00787019729614,-53.307414054870605
1,503,5.03,9814.542829990387,9196.404218673706,9461.868703365326,9445.75309753418,2.6592612266540527,-9.802579879760742,49.87090826034546,-49.37946796417236
1,504,5.04,9805.771112442017,9200.901091098785,9508.35108757019,9431.885182857513,-8.771717548370361,4.496872425079346,46.4823842048645,-13.86791467666626
1,505,5.05,9817.8231716156,9200.65462589264,9536.902010440826,9418.429136276245,12.052059173583984,-0.24646520614624023,28.550922870635986,-13.45604658126831
1,506,5.0600000000000005,9808.856844902039,9218.158721923828,9609.700739383698,9373.579621315002,-8.966326713562012,17.504096031188965,72.7987289428711,-44.849514961242676
1,507,5.07,9793.862402439117,9230.712056159973,9681.954979896545,9346.361756324768,-14.994442462921143,12.55333423614502,72.2542405128479,-27.217864990234375
1,508,5.08,9805.983901023865,9288.019835948944,9713.12165260315,9355.897605419159,12.121498584747314,57.30777978897095,31.166672706604004,9.53584909439087
1,509,5.09,9842.845499515533,9372.766017913818,9782.371819019318,9354.390501976013,36.8615984916687,84.74618196487427,69.25016641616821,-1.507103443145752
1,510,5.1000000000000005,9830.231666564941,9445.313811302185,9884.802997112274,9436.140358448029,-12.613832950592041,72.5477933883667,102.43117809295654,81.74985647201538
1,511,5.11,9843.100905418396,9625.73766708374,9899.95926618576,9594.03395652771,12.86923885345459,180.42385578155518,15.156269073486328,157.8935980796814
1,512,5.12,9879.490733146667,9730.130434036255,9988.35414648056,9738.830924034119,36.389827728271484,104.39276695251465,88.3948802947998,144.7969675064087
1,513,5.13,9990.902841091156,9693.366885185242,10000.0,9822.807908058167,111.41210794448853,-36.763548851013184,11.645853519439697,83.97698402404785
1,514,5.14,10000.0,9664.371013641357,10000.0,9787.103533744812,9.097158908843994,-28.995871543884277,0.0,-35.70437431335449
1,515,5.15,10000.0,9683.170020580292,10000.0,9775.934517383575,0.0,18.799006938934326,0.0,-11.169016361236572
1,516,5.16,10000.0,9790.69322347641,10000.0,9845.098555088043,0.0,107.52320289611816,0.0,69.16403770446777
1,517,5.17,10000.0,9858.44612121582,10000.0,9912.3215675354,0.0,67.7528977394104,0.0,67.22301244735718
1,518,5.18,10000.0,9820.72800397873,10000.0,9935.179948806763,0.0,-37.718117237091064,0.0,22.858381271362305
1,519,5.19,10000.0,9748.331010341644,10000.0,9974.877834320068,0.0,-72.39699363708496,0.0,39.697885513305664
1,520,5.2,10000.0,9743.236899375916,10000.0,10000.0,0.0,-5.09411096572876,0.0,25.12216567993164
1,521,5.21,10000.0,9756.055474281311,10000.0,10000.0,0.0,12.818574905395508,0.0,0.0
1,522,5.22,10000.0,9725.331664085388,9995.53769826889,9969.661235809326,0.0,-30.72381019592285,-4.462301731109619,-30.338764190673828
1,523,5.23,9973.522424697876,9497.824907302856,9887.13413476944,9876.46996974945,-26.477575302124023,-227.50675678253174,-108.40356349945068,-93.19126605987549
1,524,5.24,9845.972657203674,9316.86908006668,9701.190888881683,9773.553609848022,-127.54976749420166,-180.95582723617554,-185.94324588775635,-102.91635990142822
1,525,5.25,9680.083394050598,9242.532849311829,9695.59758901596,9730.928242206573,-165.88926315307617,-74.3362307548523,-5.593299865722656,-42.625367641448975
1,526,5.26,9414.350390434265,9212.663471698761,10000.0,9368.438422679901,-265.733003616333,-29.869377613067627,304.4024109840393,-362.48981952667236
1,527,5.2700000000000005,9019.261002540588,9279.61528301239,10000.0,8963.654637336731,-395.08938789367676,66.95181131362915,0.0,-404.78378534317017
1,528,5.28,8518.314361572266,9308.682680130005,10000.0,8694.166839122772,-500.94664096832275,29.067397117614746,0.0,-269.48779821395874
1,529,5.29,8081.856966018677,9287.526309490204,9992.998540401459,8562.034368515015,-436.45739555358887,-21.156370639801025,-7.00145959854126,-132.13247060775757
1,530,5.3,7759.508192539215,9394.82569694519,9907.656610012054,8509.527444839478,-322.34877347946167,107.29938745498657,-85.3419303894043,-52.50692367553711
1,531,5.3100000000000005,7610.0146770477295,9494.61281299591,9840.434193611145,8531.759977340698,-149.4935154914856,99.78711605072021,-67.22241640090942,22.232532501220703
1,532,5.32,7636.497914791107,9596.874117851257,9852.04815864563,8649.24967288971,26.483237743377686,102.26130485534668,11.613965034484863,117.48969554901123
1,533,5.33,7771.215736865997,9696.654677391052,9880.973398685455,8746.737241744995,134.71782207489014,99.78055953979492,28.92524003982544,97.48756885528564
1,534,5.34,8010.1534724235535,9736.137390136719,9942.2487616539,8831.484913825989,238.93773555755615,39.482712745666504,61.275362968444824,84.74767208099365
1,535,5.3500000000000005,8249.491751194,9762.840867042542,10000.0,8942.40140914917,239.33827877044678,26.703476905822754,57.75123834609985,110.91649532318115
1,536,5.36,8510.246276855469,9775.345623493195,10000.0,9044.670462608337,260.7545256614685,12.504756450653076,0.0,102.26905345916748
1,537,5.37,8809.369802474976,9762.969315052032,10000.0,9119.424223899841,299.12352561950684,-12.37630844116211,0.0,74.7537612915039
1,538,5.38,9080.554842948914,9752.396643161774,10000.0,9252.403378486633,271.185040473938,-10.572671890258789,0.0,132.979154586792
1,539,5.39,9234.73984003067,9722.503125667572,10000.0,9383.414685726166,154.1849970817566,-29.89351749420166,0.0,131.01130723953247
1,540,5.4,9314.29147720337,9704.208374023438,10000.0,9537.463188171387,79.55163717269897,-18.29475164413452,0.0,154.04850244522095
1,541,5.41,9268.251657485962,9603.458046913147,10000.0,9603.506326675415,-46.03981971740723,-100.75032711029053,0.0,66.04313850402832
1,542,5.42,9348.070919513702,9490.73314666748,10000.0,9475.418627262115,79.81926202774048,-112.7249002456665,0.0,-128.08769941329956
1,543,5.43,9568.288624286652,9492.598474025726,10000.0,9524.894952774048,220.21770477294922,1.8653273582458496,0.0,49.47632551193237
1,544,5.44,9773.770570755005,9510.312676429749,10000.0,9641.709923744202,205.48194646835327,17.714202404022217,0.0,116.81497097015381
1,545,5.45,9841.375946998596,9503.802061080933,9979.712665081024,9825.980365276337,67.60537624359131,-6.510615348815918,-20.28733491897583,184.270441532135
1,546,5.46,9817.471206188202,9576.859176158905,9790.56864976883,9951.990842819214,-23.904740810394287,73.05711507797241,-189.14401531219482,126.0104775428772
1,547,5.47,9840.89344739914,9679.837822914124,9447.256624698639,10000.0,23.4222412109375,102.9786467552185,-343.31202507019043,48.00915718078613
1,548,5.48,9892.057478427887,9726.48799419403,9258.91488790512,10000.0,51.16403102874756,46.65017127990723,-188.34173679351807,0.0
1,549,5.49,9855.446815490723,9887.945652008057,9102.98466682434,10000.0,-36.61066293716431,161.45765781402588,-155.93022108078003,0.0
1,550,5.5,9973.199963569641,9942.127466201782,8977.984488010406,10000.0,117.75314807891846,54.181814193725586,-125.00017881393433,0.0
1,551,5.51,9941.96504354477,9968.680739402771,8922.78403043747,10000.0,-31.234920024871826,26.55327320098877,-55.20045757293701,0.0
1,552,5.5200000000000005,9918.904602527618,10000.0,8963.15723657608,10000.0,-23.06044101715088,31.319260597229004,40.37320613861084,0.0
1,553,5.53,9769.825339317322,9948.263168334961,9152.657687664032,10000.0,-149.07926321029663,-51.73683166503906,189.50045108795166,0.0
1,554,5.54,9667.087197303772,9847.323894500732,9252.884685993195,10000.0,-102.7381420135498,-100.93927383422852,100.2269983291626,0.0
1,555,5.55,9628.60882282257,9771.812558174133,9409.669935703278,9905.324280261993,-38.47837448120117,-75.51133632659912,156.785249710083,-94.67571973800659
1,556,5.5600000000000005,9767.338931560516,9540.315568447113,9731.62055015564,9839.593768119812,138.73010873794556,-231.49698972702026,321.95061445236206,-65.7305121421814
1,557,5.57,9791.0076379776,9332.114458084106,9655.139744281769,9803.16698551178,23.66870641708374,-208.2011103630066,-76.48080587387085,-36.42678260803223
1,558,5.58,9740.61518907547,9309.861958026886,9709.04141664505,9806.675612926483,-50.39244890213013,-22.25250005722046,53.90167236328125,3.508627414703369
1,559,5.59,9729.154706001282,9373.137354850769,9578.327536582947,9813.517332077026,-11.460483074188232,63.27539682388306,-130.71388006210327,6.841719150543213
1,560,5.6000000000000005,9752.255380153656,9376.109838485718,9553.422629833221,9814.889430999756,23.100674152374268,2.9724836349487305,-24.904906749725342,1.3720989227294922
1,561,5.61,9774.898290634155,9359.209835529327,9538.118839263916,9830.408692359924,22.642910480499268,-16.90000295639038,-15.30379056930542,15.519261360168457
1,562,5.62,9754.91851568222,9328.765273094177,9541.247189044952,9847.239553928375,-19.979774951934814,-30.444562435150146,3.128349781036377,16.830861568450928
1,563,5.63,9733.082354068756,9283.528327941895,9578.134715557098,9882.019460201263,-21.836161613464355,-45.236945152282715,36.887526512145996,34.779906272888184
1,564,5.64,9698.212146759033,9267.814457416534,9571.260213851929,9918.889701366425,-34.8702073097229,-15.713870525360107,-6.874501705169678,36.87024116516113
1,565,5.65,9646.896123886108,9223.809838294983,9605.080485343933,9944.257736206055,-51.316022872924805,-44.004619121551514,33.820271492004395,25.368034839630127
1,566,5.66,9590.407907962799,9183.229804039001,9617.723524570465,9971.925020217896,-56.488215923309326,-40.580034255981445,12.643039226531982,27.66728401184082
1,567,5.67,9538.934826850891,9118.55936050415,9663.574397563934,9993.735551834106,-51.47308111190796,-64.67044353485107,45.85087299346924,21.810531616210938
1,568,5.68,9487.128853797913,9071.856439113617,9661.68761253357,10000.0,-51.805973052978516,-46.70292139053345,-1.8867850303649902,6.264448165893555
1,569,5.69,9436.339139938354,9027.652442455292,9700.58649778366,10000.0,-50.789713859558105,-44.203996658325195,38.89888525009155,0.0
1,570,5.7,9374.651312828064,8984.723389148712,9710.513651371002,10000.0,-61.68782711029053,-42.92905330657959,9.927153587341309,0.0
1,571,5.71,9310.685992240906,8953.929841518402,9721.527397632599,10000.0,-63.9653205871582,-30.79354763031006,11.01374626159668,0.0
1,572,5.72,9258.339703083038,8930.824100971222,9723.138213157654,10000.0,-52.34628915786743,-23.105740547180176,1.6108155250549316,0.0
1,573,5.73,9226.672947406769,8905.737400054932,9730.397164821625,10000.0,-31.66675567626953,-25.086700916290283,7.258951663970947,0.0
1,574,5.74,9216.095805168152,8890.168368816376,9723.72978925705,10000.0,-10.577142238616943,-15.569031238555908,-6.667375564575195,0.0
1,575,5.75,9230.184555053711,8889.665305614471,9722.209870815277,10000.0,14.088749885559082,-0.5030632019042969,-1.519918441772461,0.0
1,576,5.76,9252.060651779175,8908.582329750061,9717.790186405182,10000.0,21.876096725463867,18.9170241355896,-4.419684410095215,0.0
1,577,5.7700000000000005,9286.245107650757,8928.118348121643,9705.648422241211,10000.0,34.18445587158203,19.53601837158203,-12.141764163970947,0.0
1,578,5.78,9337.857365608215,8961.904346942902,9701.583087444305,9985.536336898804,51.612257957458496,33.785998821258545,-4.065334796905518,-14.463663101196289
1,579,5.79,9404.583871364594,8973.24651479721,9686.240255832672,9959.381818771362,66.72650575637817,11.342167854309082,-15.3428316116333,-26.154518127441406
1,580,5.8,9481.745958328247,9008.203446865082,9670.940041542053,9923.79605770111,77.16208696365356,34.956932067871094,-15.300214290618896,-35.585761070251465
1,581,5.8100000000000005,9565.436840057373,9062.552154064178,9648.51051568985,9881.72322511673,83.69088172912598,54.34870719909668,-22.42952585220337,-42.0728325843811
1,582,5.82,9687.687754631042,9125.514030456543,9634.986817836761,9834.867119789124,122.25091457366943,62.9618763923645,-13.523697853088379,-46.8561053276062
1,583,5.83,9828.490018844604,9179.791808128357,9601.809084415436,9793.114364147186,140.802264213562,54.277777671813965,-33.177733421325684,-41.752755641937256
1,584,5.84,9939.766526222229,9167.645871639252,9679.829478263855,9791.48268699646,111.27650737762451,-12.145936489105225,78.02039384841919,-1.6316771507263184
1,585,5.8500000000000005,9871.899783611298,9173.351526260376,9744.613468647003,9800.511598587036,-67.8667426109314,5.705654621124268,64.7839903831482,9.028911590576172
1,586,5.86,9836.447834968567,9130.676984786987,9806.556701660156,9838.20378780365,-35.45194864273071,-42.67454147338867,61.943233013153076,37.69218921661377
1,587,5.87,9827.890992164612,9067.882299423218,9933.317005634308,9938.715696334839,-8.556842803955078,-62.79468536376953,126.76030397415161,100.51190853118896
1,588,5.88,9881.559610366821,9206.045866012573,10000.0,10000.0,53.66861820220947,138.16356658935547,66.68299436569214,61.28430366516113
1,589,5.89,9882.90250301361,9265.985488891602,10000.0,10000.0,1.3428926467895508,59.93962287902832,0.0,0.0
1,590,5.9,9978.32864522934,9292.4103140831,10000.0,10000.0,95.42614221572876,26.424825191497803,0.0,0.0
1,591,5.91,10000.0,9296.966195106506,10000.0,10000.0,21.6713547706604,4.555881023406982,0.0,0.0
1,592,5.92,10000.0,9398.932456970215,10000.0,10000.0,0.0,101.9662618637085,0.0,0.0
1,593,5.93,10000.0,9452.810287475586,10000.0,10000.0,0.0,53.877830505371094,0.0,0.0
1,594,5.94,10000.0,9556.188583374023,10000.0,10000.0,0.0,103.3782958984375,0.0,0.0
1,595,5.95,10000.0,9515.06495475769,10000.0,9910.753667354584,0.0,-41.12362861633301,0.0,-89.24633264541626
1,596,5.96,10000.0,9707.751274108887,10000.0,9839.463829994202,0.0,192.6863193511963,0.0,-71.28983736038208
1,597,5.97,9847.244024276733,9612.2407913208,10000.0,9678.79980802536,-152.7559757232666,-95.51048278808594,0.0,-160.66402196884155
1,598,5.98,9648.763537406921,9351.856410503387,10000.0,9533.063769340515,-198.480486869812,-260.38438081741333,0.0,-145.73603868484497
1,599,5.99,9100.402891635895,9093.74624490738,10000.0,9189.633131027222,-548.3606457710266,-258.1101655960083,0.0,-343.43063831329346
1,600,6.0,8215.773105621338,8938.418626785278,10000.0,8555.41467666626,-884.6297860145569,-155.32761812210083,0.0,-634.2184543609619
1,601,6.01,6814.443022012711,8963.16409111023,9664.154946804047,7864.913046360016,-1401.3300836086273,24.745464324951172,-335.84505319595337,-690.5016303062439
1,602,6.0200000000000005,6597.638428211212,9152.841567993164,9603.510200977325,7848.6111760139465,-216.8045938014984,189.67747688293457,-60.64474582672119,-16.301870346069336
1,603,6.03,6905.690282583237,9398.736953735352,9744.549989700317,8113.172948360443,308.05185437202454,245.8953857421875,141.03978872299194,264.5617723464966
1,604,6.04,6595.259606838226,9503.909945487976,9640.011489391327,7926.750183105469,-310.4306757450104,105.17299175262451,-104.53850030899048,-186.42276525497437
1,605,6.05,5848.225727677345,9454.841017723083,9594.262540340424,7528.5667181015015,-747.033879160881,-49.06892776489258,-45.74894905090332,-398.1834650039673
1,606,6.0600000000000005,5385.197065770626,9472.463130950928,9553.95132303238,7064.807415008545,-463.0286619067192,17.62211322784424,-40.311217308044434,-463.75930309295654
1,607,6.07,5261.575449258089,9378.550350666046,9553.261995315552,6761.2214386463165,-123.621616512537,-93.91278028488159,-0.6893277168273926,-303.5859763622284
1,608,6.08,5148.829761892557,8996.424078941345,9579.737782478333,6668.370962142944,-112.74568736553192,-382.1262717247009,26.47578716278076,-92.85047650337219
1,609,6.09,5000.0,8715.204000473022,9614.823758602142,6632.358580827713,-148.82976189255714,-281.22007846832275,35.085976123809814,-36.01238131523132
1,610,6.1000000000000005,5000.0,8556.105494499207,9650.668203830719,6627.784222364426,0.0,-159.09850597381592,35.84444522857666,-4.5743584632873535
1,611,6.11,5000.0,8421.511948108673,9709.609150886536,6631.00466132164,0.0,-134.59354639053345,58.94094705581665,3.2204389572143555
1,612,6.12,5000.0,8383.392691612244,9750.385582447052,6659.294664859772,0.0,-38.11925649642944,40.77643156051636,28.290003538131714
1,613,6.13,5000.0,8398.605287075043,9787.006080150604,6703.096032142639,0.0,15.212595462799072,36.620497703552246,43.80136728286743
1,614,6.140000000000001,5000.0,8452.770709991455,9805.977642536163,6800.059527158737,0.0,54.16542291641235,18.971562385559082,96.96349501609802
1,615,6.15,5000.0,8585.522770881653,9833.086431026459,6900.699287652969,0.0,132.75206089019775,27.10878849029541,100.63976049423218
1,616,6.16,5000.0,8925.413489341736,9823.344647884369,7039.003074169159,0.0,339.890718460083,-9.741783142089844,138.30378651618958
1,617,6.17,5000.0,9302.521049976349,9855.69953918457,7294.0608859062195,0.0,377.10756063461304,32.354891300201416,255.05781173706055
1,618,6.18,5085.046011954546,9556.18530511856,10000.0,7584.756016731262,85.04601195454597,253.6642551422119,144.3004608154297,290.6951308250427
1,619,6.19,5962.022691965103,9685.841798782349,10000.0,7779.219150543213,876.9766800105572,129.65649366378784,0.0,194.46313381195068
1,620,6.2,6862.459629774094,9299.980103969574,10000.0,7946.444153785706,900.4369378089905,-385.86169481277466,0.0,167.22500324249268
1,621,6.21,7736.292779445648,9237.49029636383,10000.0,8363.26777935028,873.8331496715546,-62.48980760574341,0.0,416.8236255645752
1,622,6.22,8577.579855918884,9479.394555091858,10000.0,8569.641411304474,841.2870764732361,241.90425872802734,0.0,206.37363195419312
1,623,6.23,9188.312888145447,9261.641800403595,10000.0,8817.890286445618,610.7330322265625,-217.75275468826294,0.0,248.2488751411438
1,624,6.24,9613.322019577026,9311.908483505249,10000.0,9123.346507549286,425.0091314315796,50.26668310165405,0.0,305.4562211036682
1,625,6.25,9689.765572547913,9344.006180763245,9999.924004077911,9393.677711486816,76.44355297088623,32.097697257995605,-0.07599592208862305,270.3312039375305
1,626,6.26,9832.417368888855,9349.391162395477,9692.172706127167,9014.0300989151,142.65179634094238,5.384981632232666,-307.75129795074463,-379.6476125717163
1,627,6.2700000000000005,9918.92397403717,9337.83233165741,10000.0,8940.268158912659,86.50660514831543,-11.558830738067627,307.82729387283325,-73.7619400024414
1,628,6.28,9819.472432136536,9448.820948600769,10000.0,8979.000449180603,-99.45154190063477,110.98861694335938,0.0,38.732290267944336
1,629,6.29,9343.567490577698,9572.908282279968,10000.0,8839.111626148224,-475.9049415588379,124.08733367919922,0.0,-139.88882303237915
1,630,6.3,8788.51592540741,9648.412466049194,9925.041198730469,8517.858386039734,-555.0515651702881,75.50418376922607,-74.95880126953125,-321.25324010849
1,631,6.3100000000000005,8484.68542098999,9206.13169670105,9892.345368862152,8475.431203842163,-303.83050441741943,-442.28076934814453,-32.69582986831665,-42.4271821975708
1,632,6.32,8946.55466079712,8909.932076931,9288.365542888641,8403.387069702148,461.8692398071289,-296.19961977005005,-603.9798259735107,-72.04413414001465
1,633,6.33,9769.743084907532,8862.420618534088,9634.91678237915,7997.417449951172,823.1884241104126,-47.51145839691162,346.55123949050903,-405.96961975097656
1,634,6.34,9883.722364902496,9047.847986221313,9871.566593647003,7669.844329357147,113.9792799949646,185.42736768722534,236.64981126785278,-327.57312059402466
1,635,6.3500000000000005,9679.05580997467,9147.583842277527,9968.773424625397,7592.455744743347,-204.66655492782593,99.73585605621338,97.20683097839355,-77.38858461380005
1,636,6.36,9686.318933963776,9246.554970741272,10000.0,7516.236305236816,7.263123989105225,98.97112846374512,31.22657537460327,-76.21943950653076
1,637,6.37,9372.689723968506,9392.952919006348,10000.0,7531.503438949585,-313.6292099952698,146.39794826507568,0.0,15.267133712768555
1,638,6.38,9239.962100982666,9244.111776351929,10000.0,7762.936651706696,-132.72762298583984,-148.84114265441895,0.0,231.4332127571106
1,639,6.390000000000001,9164.988398551941,8725.276589393616,10000.0,8409.874439239502,-74.9737024307251,-518.835186958313,0.0,646.9377875328064
1,640,6.4,9427.637159824371,8045.792281627655,10000.0,8691.84523820877,262.6487612724304,-679.4843077659607,0.0,281.9707989692688
1,641,6.41,9452.738761901855,6847.924590110779,10000.0,8868.54737997055,25.10160207748413,-1197.8676915168762,0.0,176.70214176177979
1,642,6.42,9107.721745967865,5912.892371416092,10000.0,9292.937815189362,-345.0170159339905,-935.0322186946869,0.0,424.39043521881104
1,643,6.43,9206.571578979492,5339.137762784958,9872.750341892242,9280.669689178467,98.8498330116272,-573.754608631134,-127.24965810775757,-12.268126010894775
1,644,6.44,9222.031831741333,5017.142817378044,9747.05308675766,9359.50219631195,15.46025276184082,-321.99494540691376,-125.69725513458252,78.83250713348389
1,645,6.45,9333.024024963379,5000.0,9628.737270832062,9251.574873924255,110.9921932220459,-17.14281737804413,-118.31581592559814,-107.92732238769531
1,646,6.46,9392.018020153046,5000.0,9565.251767635345,9025.813341140747,58.99399518966675,0.0,-63.48550319671631,-225.7615327835083
1,647,6.47,9351.038336753845,5000.0,9505.81818819046,8604.190051555634,-40.97968339920044,0.0,-59.433579444885254,-421.6232895851135
1,648,6.48,9394.513666629791,5402.293428778648,9801.230728626251,8306.219577789307,43.475329875946045,402.2934287786484,295.412540435791,-297.9704737663269
1,649,6.49,9566.240906715393,7627.457976341248,10000.0,8349.247574806213,171.7272400856018,2225.164547562599,198.76927137374878,43.02799701690674
1,650,6.5,9872.38347530365,9659.617841243744,9892.42821931839,8711.087703704834,306.14256858825684,2032.1598649024963,-107.57178068161011,361.8401288986206
1,651,6.51,9856.826961040497,8386.99460029602,10000.0,8490.214943885803,-15.556514263153076,-1272.6232409477234,107.57178068161011,-220.87275981903076
1,652,6.5200000000000005,9822.363257408142,8682.169318199158,9960.837960243225,9109.628796577454,-34.463703632354736,295.1747179031372,-39.1620397567749,619.4138526916504
1,653,6.53,9757.207334041595,8382.661044597626,9297.62214422226,10000.0,-65.15592336654663,-299.508273601532,-663.2158160209656,890.3712034225464
1,654,6.54,10000.0,8316.77109003067,9761.36714220047,10000.0,242.79266595840454,-65.88995456695557,463.74499797821045,0.0
1,655,6.55,10000.0,8441.55728816986,9939.341843128204,10000.0,0.0,124.78619813919067,177.97470092773438,0.0
1,656,6.5600000000000005,9958.910048007965,8849.918842315674,9428.485333919525,10000.0,-41.08995199203491,408.361554145813,-510.8565092086792,0.0
1,657,6.57,9981.776475906372,8727.1249294281,9106.71442747116,9462.078213691711,22.866427898406982,-122.79391288757324,-321.77090644836426,-537.9217863082886
1,658,6.58,9969.24340724945,8853.325843811035,9159.428179264069,9004.96631860733,-12.533068656921387,126.20091438293457,52.713751792907715,-457.1118950843811
1,659,6.59,9958.330690860748,8794.78394985199,9396.102130413055,9351.952075958252,-10.912716388702393,-58.54189395904541,236.67395114898682,346.98575735092163
1,660,6.6000000000000005,10000.0,8784.866034984589,9712.651073932648,9566.392600536346,41.66930913925171,-9.917914867401123,316.5489435195923,214.44052457809448
1,661,6.61,10000.0,8633.034229278564,9334.011375904083,9769.366681575775,0.0,-151.83180570602417,-378.63969802856445,202.9740810394287
1,662,6.62,10000.0,8802.319169044495,8981.976211071014,9546.721279621124,0.0,169.28493976593018,-352.03516483306885,-222.64540195465088
1,663,6.63,10000.0,9085.056781768799,8864.242136478424,9179.78584766388,0.0,282.7376127243042,-117.73407459259033,-366.9354319572449
1,664,6.640000000000001,10000.0,9258.997440338135,8852.626085281372,9027.747213840485,0.0,173.94065856933594,-11.616051197052002,-152.03863382339478
1,665,6.65,10000.0,9161.613881587982,8625.197410583496,8590.140342712402,0.0,-97.38355875015259,-227.42867469787598,-437.6068711280823
1,666,6.66,10000.0,9299.101531505585,8860.042989253998,8041.57555103302,0.0,137.48764991760254,234.8455786705017,-548.5647916793823
1,667,6.67,10000.0,9464.225172996521,9370.110929012299,7537.976503372192,0.0,165.12364149093628,510.0679397583008,-503.59904766082764
1,668,6.68,10000.0,9483.496844768524,10000.0,7590.031325817108,0.0,19.271671772003174,629.8890709877014,52.05482244491577
1,669,6.69,10000.0,9453.365504741669,10000.0,7788.230776786804,0.0,-30.13134002685547,0.0,198.19945096969604
1,670,6.7,10000.0,9157.31966495514,9978.651106357574,7915.80855846405,0.0,-296.04583978652954,-21.348893642425537,127.5777816772461
1,671,6.71,9677.909016609192,9292.709827423096,10000.0,7753.022611141205,-322.0909833908081,135.39016246795654,21.348893642425537,-162.78594732284546
1,672,6.72,9446.427822113037,9272.49699831009,10000.0,7469.283193349838,-231.48119449615479,-20.212829113006592,0.0,-283.7394177913666
1,673,6.73,9575.037360191345,9044.91126537323,10000.0,7779.482007026672,128.6095380783081,-227.58573293685913,0.0,310.1988136768341
1,674,6.74,9678.542912006378,8762.322664260864,10000.0,8404.370546340942,103.50555181503296,-282.5886011123657,0.0,624.88853931427
1,675,6.75,9847.211241722107,8351.084291934967,10000.0,8603.897094726562,168.66832971572876,-411.2383723258972,0.0,199.52654838562012
1,676,6.76,9934.308230876923,8597.394824028015,10000.0,8559.991717338562,87.09698915481567,246.3105320930481,0.0,-43.90537738800049
1,677,6.7700000000000005,9973.447322845459,8678.97093296051,10000.0,8218.000531196594,39.13909196853638,81.57610893249512,0.0,-341.9911861419678
1,678,6.78,9987.941980361938,8667.795062065125,10000.0,8028.926253318787,14.494657516479492,-11.175870895385742,0.0,-189.07427787780762
1,679,6.79,9846.559762954712,8641.254901885986,10000.0,7668.4945821762085,-141.38221740722656,-26.540160179138184,0.0,-360.4316711425781
1,680,6.8,9742.97046661377,8699.896931648254,10000.0,7429.039031267166,-103.58929634094238,58.642029762268066,0.0,-239.45555090904236
1,681,6.8100000000000005,9860.724210739136,8858.90543460846,10000.0,7460.714429616928,117.75374412536621,159.00850296020508,0.0,31.675398349761963
1,682,6.82,10000.0,8878.79490852356,10000.0,7691.091299057007,139.27578926086426,19.889473915100098,0.0,230.37686944007874
1,683,6.83,10000.0,8989.335000514984,9883.821308612823,8535.64977645874,0.0,110.54009199142456,-116.17869138717651,844.5584774017334
1,684,6.84,10000.0,8829.026222229004,9783.78415107727,9258.875846862793,0.0,-160.30877828598022,-100.03715753555298,723.2260704040527
1,685,6.8500000000000005,10000.0,8690.945506095886,9712.019264698029,9713.315665721893,0.0,-138.08071613311768,-71.76488637924194,454.43981885910034
1,686,6.86,10000.0,8952.075839042664,9723.00261259079,10000.0,0.0,261.13033294677734,10.98334789276123,286.6843342781067
1,687,6.87,10000.0,9104.90334033966,9602.620303630829,10000.0,0.0,152.82750129699707,-120.38230895996094,0.0
1,688,6.88,10000.0,9178.915619850159,9527.03833580017,9721.235632896423,0.0,74.01227951049805,-75.58196783065796,-278.76436710357666
1,689,6.890000000000001,10000.0,9206.457138061523,9465.385377407074,9614.732265472412,0.0,27.541518211364746,-61.652958393096924,-106.50336742401123
1,690,6.9,9901.105761528015,9287.223219871521,9498.898088932037,9791.849255561829,-98.89423847198486,80.76608180999756,33.51271152496338,177.1169900894165
1,691,6.91,9988.825619220734,9052.864909172058,9766.771495342255,9956.934452056885,87.7198576927185,-234.3583106994629,267.8734064102173,165.08519649505615
1,692,6.92,10000.0,8779.151439666748,9943.47870349884,9894.693791866302,11.174380779266357,-273.71346950531006,176.7072081565857,-62.240660190582275
1,693,6.93,10000.0,8931.899666786194,9927.1559715271,9804.879426956177,0.0,152.7482271194458,-16.322731971740723,-89.81436491012573
1,694,6.94,10000.0,9020.393788814545,9921.720325946808,9796.794652938843,0.0,88.49412202835083,-5.435645580291748,-8.084774017333984
1,695,6.95,10000.0,9211.311638355255,9958.930313587189,9797.157049179077,0.0,190.91784954071045,37.20998764038086,0.362396240234375
1,696,6.96,10000.0,9370.856881141663,9914.82824087143,9878.302216529846,0.0,159.54524278640747,-44.10207271575928,81.14516735076904
1,697,6.97,10000.0,9480.246901512146,9904.87664937973,9875.088036060333,0.0,109.3900203704834,-9.951591491699219,-3.2141804695129395
1,698,6.98,10000.0,9425.081014633179,9914.485216140747,9775.578379631042,0.0,-55.165886878967285,9.608566761016846,-99.50965642929077
1,699,6.99,10000.0,9414.381980895996,9892.604053020477,9683.943390846252,0.0,-10.699033737182617,-21.881163120269775,-91.63498878479004
1,700,7.0,10000.0,9368.852972984314,9939.088225364685,9628.728330135345,0.0,-45.52900791168213,46.484172344207764,-55.21506071090698
1,701,7.01,10000.0,9351.750910282135,10000.0,9532.760679721832,0.0,-17.102062702178955,60.91177463531494,-95.96765041351318
1,702,7.0200000000000005,9597.903788089752,9232.668578624725,10000.0,8961.232900619507,-402.0962119102478,-119.08233165740967,0.0,-571.5277791023254
1,703,7.03,9265.460968017578,9220.188558101654,10000.0,8212.831020355225,-332.4428200721741,-12.480020523071289,0.0,-748.4018802642822
1,704,7.04,8583.02116394043,9300.851225852966,9877.198040485382,7679.2678236961365,-682.4398040771484,80.66266775131226,-122.80195951461792,-533.5631966590881
1,705,7.05,7595.893144607544,9237.960577011108,9625.539481639862,7219.006419181824,-987.1280193328857,-62.89064884185791,-251.65855884552002,-460.26140451431274
1,706,7.0600000000000005,6897.934228181839,9217.193126678467,9488.284289836884,7015.4717564582825,-697.958916425705,-20.7674503326416,-137.25519180297852,-203.53466272354126
1,707,7.07,6585.03070473671,9224.66516494751,9439.502358436584,6962.563991546631,-312.9035234451294,7.472038269042969,-48.78193140029907,-52.90776491165161
1,708,7.08,6441.371887922287,9229.728281497955,9476.882517337799,6951.048672199249,-143.6588168144226,5.063116550445557,37.3801589012146,-11.515319347381592
1,709,7.09,6359.8524034023285,9301.928281784058,9524.838030338287,7040.508687496185,-81.5194845199585,72.2000002861023,47.95551300048828,89.46001529693604
1,710,7.1000000000000005,6402.72781252861,9410.918951034546,9557.132720947266,7163.326591253281,42.87540912628174,108.99066925048828,32.29469060897827,122.81790375709534
1,711,7.11,6506.562680006027,9412.840902805328,9655.722677707672,7172.1550822258,103.83486747741699,1.9219517707824707,98.5899567604065,8.828490972518921
1,712,7.12,6629.17360663414,9408.555626869202,9748.423099517822,7125.424295663834,122.6109266281128,-4.285275936126709,92.70042181015015,-46.73078656196594
1,713,7.13,6663.78989815712,9388.36932182312,9744.434356689453,7274.547517299652,34.616291522979736,-20.186305046081543,-3.9887428283691406,149.12322163581848
1,714,7.140000000000001,6728.448271751404,9413.87802362442,9724.722504615784,7457.912415266037,64.65837359428406,25.50870180130005,-19.711852073669434,183.3648979663849
1,715,7.15,6935.197114944458,9432.834386825562,9791.762232780457,7861.074805259705,206.7488431930542,18.956363201141357,67.03972816467285,403.1623899936676
1,716,7.16,7798.639237880707,9503.428041934967,9922.890067100525,8592.460453510284,863.4421229362488,70.59365510940552,131.12783432006836,731.3856482505798
1,717,7.17,9214.229881763458,9675.393402576447,10000.0,9200.025796890259,1415.5906438827515,171.9653606414795,77.1099328994751,607.5653433799744
1,718,7.18,10000.0,9744.524359703064,10000.0,9779.413342475891,785.7701182365417,69.13095712661743,0.0,579.3875455856323
1,719,7.19,9872.961044311523,9642.066359519958,10000.0,10000.0,-127.03895568847656,-102.45800018310547,0.0,220.5866575241089
1,720,7.2,9772.706031799316,9524.323344230652,10000.0,10000.0,-100.25501251220703,-117.74301528930664,0.0,0.0
1,721,7.21,9765.830338001251,9276.212453842163,10000.0,10000.0,-6.8756937980651855,-248.11089038848877,0.0,0.0
1,722,7.22,9692.000150680542,9049.14766550064,10000.0,10000.0,-73.83018732070923,-227.06478834152222,0.0,0.0
1,723,7.23,9546.107947826385,8819.90134716034,10000.0,10000.0,-145.8922028541565,-229.2463183403015,0.0,0.0
1,724,7.24,9514.008164405823,8579.080700874329,10000.0,9815.16718864441,-32.099783420562744,-240.82064628601074,0.0,-184.83281135559082
1,725,7.25,9535.025954246521,8220.883905887604,10000.0,9577.251672744751,21.017789840698242,-358.19679498672485,0.0,-237.9155158996582
1,726,7.26,9338.1667137146,7607.467472553253,10000.0,9570.806622505188,-196.8592405319214,-613.4164333343506,0.0,-6.445050239562988
1,727,7.2700000000000005,9233.269691467285,7162.2633934021,10000.0,9512.097835540771,-104.89702224731445,-445.20407915115356,0.0,-58.708786964416504
1,728,7.28,9353.988468647003,7223.674654960632,10000.0,9546.282291412354,120.71877717971802,61.411261558532715,0.0,34.18445587158203
1,729,7.29,9431.997239589691,7538.585066795349,10000.0,9640.669226646423,78.00877094268799,314.9104118347168,0.0,94.38693523406982
1,730,7.3,9511.115849018097,7617.050409317017,10000.0,9614.184498786926,79.11860942840576,78.46534252166748,0.0,-26.48472785949707
1,731,7.3100000000000005,9806.959927082062,7228.044867515564,9800.762832164764,9954.57112789154,295.84407806396484,-389.00554180145264,-199.2371678352356,340.38662910461426
1,732,7.32,10000.0,7022.864520549774,9516.735076904297,10000.0,193.04007291793823,-205.1803469657898,-284.02775526046753,45.42887210845947
1,733,7.33,10000.0,7311.607897281647,9560.298025608063,10000.0,0.0,288.74337673187256,43.56294870376587,0.0
1,734,7.34,10000.0,7578.534185886383,9736.936390399933,10000.0,0.0,266.9262886047363,176.63836479187012,0.0
1,735,7.3500000000000005,10000.0,8263.877630233765,9749.000370502472,10000.0,0.0,685.3434443473816,12.063980102539062,0.0
1,736,7.36,10000.0,8751.983642578125,9627.65485048294,9990.730285644531,0.0,488.10601234436035,-121.34552001953125,-9.26971435546875
1,737,7.37,10000.0,8728.073239326477,9654.724299907684,9260.480403900146,0.0,-23.91040325164795,27.069449424743652,-730.2498817443848
1,738,7.38,10000.0,8759.737610816956,9748.6212849617,8786.344528198242,0.0,31.664371490478516,93.89698505401611,-474.1358757019043
1,739,7.390000000000001,10000.0,8724.530935287476,9721.34917974472,8494.661748409271,0.0,-35.20667552947998,-27.27210521697998,-291.68277978897095
1,740,7.4,10000.0,8825.070261955261,9455.102682113647,8296.72783613205,0.0,100.53932666778564,-266.246497631073,-197.93391227722168
1,741,7.41,10000.0,8888.418674468994,9114.989340305328,8154.976367950439,0.0,63.34841251373291,-340.1133418083191,-141.7514681816101
1,742,7.42,10000.0,8904.808759689331,9137.029647827148,8094.622194766998,0.0,16.390085220336914,22.04030752182007,-60.35417318344116
1,743,7.43,10000.0,8695.695102214813,8927.057385444641,7886.861264705658,0.0,-209.11365747451782,-209.97226238250732,-207.76093006134033
1,744,7.44,10000.0,8366.174697875977,8747.98834323883,7522.743344306946,0.0,-329.52040433883667,-179.06904220581055,-364.11792039871216
1,745,7.45,10000.0,8195.73700428009,8876.850306987762,7139.851450920105,0.0,-170.43769359588623,128.86196374893188,-382.8918933868408
1,746,7.46,10000.0,8275.792300701141,8971.249759197235,6832.866817712784,0.0,80.05529642105103,94.39945220947266,-306.98463320732117
1,747,7.47,10000.0,8427.241444587708,8900.41321516037,6679.085791110992,0.0,151.44914388656616,-70.83654403686523,-153.78102660179138
1,748,7.48,10000.0,8530.065417289734,8861.85199022293,6654.62464094162,0.0,102.82397270202637,-38.561224937438965,-24.46115016937256
1,749,7.49,10000.0,8589.773774147034,9046.267569065094,6708.34556221962,0.0,59.708356857299805,184.4155788421631,53.72092127799988
1,750,7.5,10000.0,8569.204807281494,9154.722392559052,6867.6696717739105,0.0,-20.56896686553955,108.45482349395752,159.32410955429077
1,751,7.51,10000.0,8513.280749320984,9180.393517017365,6991.191357374191,0.0,-55.924057960510254,25.67112445831299,123.52168560028076
1,752,7.5200000000000005,10000.0,8489.014506340027,9202.438592910767,7025.648057460785,0.0,-24.26624298095703,22.0450758934021,34.45670008659363
1,753,7.53,10000.0,8498.619496822357,9207.96424150467,7036.728709936142,0.0,9.604990482330322,5.525648593902588,11.080652475357056
1,754,7.54,10000.0,8496.283292770386,9229.589700698853,7027.735859155655,0.0,-2.3362040519714355,21.62545919418335,-8.99285078048706
1,755,7.55,10000.0,8449.691832065582,9274.74319934845,6986.3261282444,0.0,-46.59146070480347,45.15349864959717,-41.40973091125488
1,756,7.5600000000000005,10000.0,8452.268242835999,9309.952557086945,6948.431879281998,0.0,2.5764107704162598,35.20935773849487,-37.894248962402344
1,757,7.57,10000.0,8426.641523838043,9379.961490631104,6900.767683982849,0.0,-25.626718997955322,70.00893354415894,-47.66419529914856
1,758,7.58,10000.0,8418.304324150085,9393.000602722168,6913.706213235855,0.0,-8.337199687957764,13.039112091064453,12.938529253005981
1,759,7.59,10000.0,8421.011567115784,9363.047182559967,6939.710229635239,0.0,2.707242965698242,-29.953420162200928,26.004016399383545
1,760,7.6000000000000005,10000.0,8584.85221862793,9409.405291080475,6980.642378330231,0.0,163.840651512146,46.35810852050781,40.932148694992065
1,761,7.61,10000.0,8835.887610912323,9402.429461479187,7005.176991224289,0.0,251.0353922843933,-6.975829601287842,24.534612894058228
1,762,7.62,10000.0,8944.201171398163,9464.316964149475,7028.050124645233,0.0,108.31356048583984,61.887502670288086,22.873133420944214
1,763,7.63,10000.0,8911.46719455719,9427.209496498108,7032.297402620316,0.0,-32.7339768409729,-37.10746765136719,4.2472779750823975
1,764,7.640000000000001,10000.0,8818.24016571045,9267.837107181549,6891.004294157028,0.0,-93.22702884674072,-159.37238931655884,-141.29310846328735
1,765,7.65,10000.0,8822.520673274994,9070.115983486176,6876.942366361618,0.0,4.280507564544678,-197.72112369537354,-14.061927795410156
1,766,7.66,10000.0,8632.148802280426,8843.972384929657,7598.751187324524,0.0,-190.37187099456787,-226.14359855651855,721.8088209629059
1,767,7.67,10000.0,8498.830795288086,9001.952111721039,8605.471849441528,0.0,-133.3180069923401,157.97972679138184,1006.7206621170044
1,768,7.68,10000.0,8529.136180877686,9035.448729991913,9373.6732006073,0.0,30.30538558959961,33.49661827087402,768.2013511657715
1,769,7.69,10000.0,8487.856984138489,9591.304659843445,9946.679472923279,0.0,-41.27919673919678,555.855929851532,573.006272315979
1,770,7.7,9823.273420333862,8529.024720191956,10000.0,10000.0,-176.7265796661377,41.1677360534668,408.6953401565552,53.32052707672119
1,771,7.71,9474.579691886902,8674.773275852203,10000.0,10000.0,-348.69372844696045,145.7485556602478,0.0,0.0
1,772,7.72,8718.405961990356,8534.263968467712,9887.049794197083,9490.065574645996,-756.1737298965454,-140.50930738449097,-112.95020580291748,-509.9344253540039
1,773,7.73,8010.088205337524,8356.906473636627,9750.324785709381,8909.23023223877,-708.317756652832,-177.3574948310852,-136.72500848770142,-580.8353424072266
1,774,7.74,8117.119669914246,8307.434916496277,9852.502942085266,9075.181484222412,107.03146457672119,-49.47155714035034,102.17815637588501,165.95125198364258
1,775,7.75,8528.5484790802,8123.676776885986,10000.0,9425.778090953827,411.4288091659546,-183.75813961029053,147.4970579147339,350.5966067314148
1,776,7.76,8426.1155128479,8729.905486106873,10000.0,9670.688509941101,-102.4329662322998,606.2287092208862,0.0,244.91041898727417
1,777,7.7700000000000005,8822.163343429565,8898.272216320038,10000.0,9374.765753746033,396.04783058166504,168.36673021316528,0.0,-295.92275619506836
1,778,7.78,8670.621514320374,9324.548840522766,10000.0,9218.43409538269,-151.5418291091919,426.27662420272827,0.0,-156.33165836334229
1,779,7.79,8262.499570846558,9208.400249481201,9933.78221988678,8765.52700996399,-408.1219434738159,-116.14859104156494,-66.21778011322021,-452.9070854187012
1,780,7.8,7434.4801902771,9307.947158813477,9802.670776844025,8464.148342609406,-828.019380569458,99.54690933227539,-131.11144304275513,-301.37866735458374
1,781,7.8100000000000005,6962.94441819191,9340.567588806152,9774.936139583588,8117.196261882782,-471.5357720851898,32.62042999267578,-27.73463726043701,-346.95208072662354
1,782,7.82,6631.293147802353,9371.228218078613,9775.337874889374,7973.088026046753,-331.6512703895569,30.660629272460938,0.4017353057861328,-144.10823583602905
1,783,7.83,6464.521437883377,9355.705976486206,9806.128144264221,7889.587879180908,-166.77170991897583,-15.522241592407227,30.790269374847412,-83.50014686584473
1,784,7.84,6340.510994195938,9375.314116477966,9830.797016620636,7835.457026958466,-124.01044368743896,19.608139991760254,24.668872356414795,-54.13085222244263
1,785,7.8500000000000005,6369.190663099289,9410.679042339325,9891.12764596939,7843.066453933716,28.67966890335083,35.36492586135864,60.33062934875488,7.609426975250244
1,786,7.86,6615.649312734604,9450.306594371796,9976.89664363861,7938.1027817726135,246.45864963531494,39.6275520324707,85.76899766921997,95.0363278388977
1,787,7.87,7095.113098621368,9544.909298419952,10000.0,8035.537898540497,479.4637858867645,94.60270404815674,23.10335636138916,97.4351167678833
1,788,7.88,7804.143130779266,9580.785036087036,10000.0,8161.849677562714,709.030032157898,35.87573766708374,0.0,126.3117790222168
1,789,7.890000000000001,8455.240726470947,9569.503962993622,10000.0,8359.620571136475,651.0975956916809,-11.281073093414307,0.0,197.770893573761
1,790,7.9,9166.765213012695,9477.313756942749,10000.0,8506.23071193695,711.524486541748,-92.1902060508728,0.0,146.61014080047607
1,791,7.91,9780.234396457672,9268.226027488708,10000.0,8852.005004882812,613.4691834449768,-209.08772945404053,0.0,345.7742929458618
1,792,7.92,9853.837490081787,9068.073630332947,10000.0,9477.729797363281,73.60309362411499,-200.15239715576172,0.0,625.7247924804688
1,793,7.930000000000001,9720.036685466766,8465.940356254578,10000.0,9912.169873714447,-133.80080461502075,-602.1332740783691,0.0,434.44007635116577
1,794,7.94,9598.039090633392,8608.003854751587,10000.0,9967.932105064392,-121.99759483337402,142.06349849700928,0.0,55.76223134994507
1,795,7.95,9434.064328670502,8671.481311321259,10000.0,10000.0,-163.97476196289062,63.47745656967163,0.0,32.06789493560791
1,796,7.96,9643.651247024536,8774.402737617493,10000.0,10000.0,209.58691835403442,102.92142629623413,0.0,0.0
1,797,7.97,9993.492364883423,9030.175805091858,10000.0,9942.818880081177,349.8411178588867,255.77306747436523,0.0,-57.18111991882324
1,798,7.98,10000.0,9131.725132465363,9542.58531332016,10000.0,6.507635116577148,101.54932737350464,-457.4146866798401,57.18111991882324
1,799,7.99,9932.039678096771,8969.851732254028,9237.494468688965,9812.331199645996,-67.96032190322876,-161.87340021133423,-305.09084463119507,-187.6688003540039
1,800,8.0,9869.101643562317,9092.285633087158,9327.667355537415,9630.49829006195,-62.938034534454346,122.43390083312988,90.1728868484497,-181.8329095840454
1,801,8.01,9829.953908920288,8970.707952976227,9640.689194202423,9511.401355266571,-39.14773464202881,-121.5776801109314,313.02183866500854,-119.09693479537964
1,802,8.02,9896.193742752075,8898.271024227142,9906.443357467651,9245.319366455078,66.23983383178711,-72.43692874908447,265.75416326522827,-266.0819888114929
1,803,8.03,10000.0,8653.968572616577,10000.0,9032.630324363708,103.8062572479248,-244.30245161056519,93.55664253234863,-212.68904209136963
1,804,8.040000000000001,10000.0,8808.423280715942,9948.481619358063,8996.318578720093,0.0,154.45470809936523,-51.518380641937256,-36.31174564361572
1,805,8.05,10000.0,8733.65730047226,10000.0,8932.742476463318,0.0,-74.76598024368286,51.518380641937256,-63.5761022567749
1,806,8.06,10000.0,8976.768851280212,10000.0,8769.649863243103,0.0,243.11155080795288,0.0,-163.09261322021484
1,807,8.07,10000.0,9305.194020271301,10000.0,8223.21206331253,0.0,328.42516899108887,0.0,-546.4377999305725
1,808,8.08,10000.0,9598.480463027954,9974.717795848846,7338.769882917404,0.0,293.28644275665283,-25.282204151153564,-884.4421803951263
1,809,8.09,10000.0,9749.790728092194,9182.904660701752,6490.376740694046,0.0,151.3102650642395,-791.8131351470947,-848.3931422233582
1,810,8.1,10000.0,9716.34417772293,8151.306509971619,5883.773565292358,0.0,-33.446550369262695,-1031.598150730133,-606.6031754016876
1,811,8.11,10000.0,9724.531173706055,7638.643383979797,5405.646376311779,0.0,8.18699598312378,-512.6631259918213,-478.1271889805794
1,812,8.120000000000001,10000.0,9770.935773849487,7680.116295814514,5221.600122749805,0.0,46.40460014343262,41.4729118347168,-184.04625356197357
1,813,8.13,10000.0,9830.183386802673,7557.924687862396,5100.940801203251,0.0,59.247612953186035,-122.19160795211792,-120.65932154655457
1,814,8.14,10000.0,9820.08695602417,7629.486620426178,5101.7554476857185,0.0,-10.096430778503418,71.56193256378174,0.8146464824676514
1,815,8.15,10000.0,9799.834191799164,7761.446237564087,5159.279145300388,0.0,-20.252764225006104,131.95961713790894,57.5236976146698
1,816,8.16,10000.0,9741.468131542206,7981.189489364624,5265.953727066517,0.0,-58.36606025695801,219.7432518005371,106.67458176612854
1,817,8.17,10000.0,9684.6804022789,8286.361694335938,5420.793630182743,0.0,-56.787729263305664,305.1722049713135,154.8399031162262
1,818,8.18,10000.0,9653.039574623108,8775.929510593414,5698.486715555191,0.0,-31.640827655792236,489.5678162574768,277.69308537244797
1,819,8.19,10000.0,9570.422172546387,9392.448365688324,6206.660717725754,0.0,-82.61740207672119,616.5188550949097,508.17400217056274
1,820,8.2,10000.0,9180.358350276947,9802.154004573822,6639.413833618164,0.0,-390.0638222694397,409.70563888549805,432.7531158924103
1,821,8.21,10000.0,8901.492953300476,10000.0,6600.446105003357,0.0,-278.86539697647095,197.84599542617798,-38.96772861480713
1,822,8.22,10000.0,8712.542951107025,10000.0,6562.475562095642,0.0,-188.95000219345093,0.0,-37.970542907714844
1,823,8.23,10000.0,8999.953269958496,10000.0,6825.912743806839,0.0,287.41031885147095,0.0,263.4371817111969
1,824,8.24,10000.0,9471.52704000473,9839.461147785187,7197.595685720444,0.0,471.57377004623413,-160.53885221481323,371.68294191360474
1,825,8.25,10000.0,8460.028171539307,9868.506789207458,8580.045700073242,0.0,-1011.4988684654236,29.04564142227173,1382.4500143527985
1,826,8.26,10000.0,8253.304958343506,9842.058718204498,9292.985796928406,0.0,-206.72321319580078,-26.448071002960205,712.9400968551636
1,827,8.27,10000.0,6819.516122341156,9807.597696781158,9742.892980575562,0.0,-1433.7888360023499,-34.461021423339844,449.90718364715576
1,828,8.28,10000.0,6130.862161517143,9662.907123565674,9772.757887840271,0.0,-688.6539608240128,-144.69057321548462,29.864907264709473
1,829,8.290000000000001,10000.0,5163.791924715042,9506.506025791168,9090.819358825684,0.0,-967.0702368021011,-156.40109777450562,-681.9385290145874
1,830,8.3,10000.0,5000.0,9617.355167865753,8624.628186225891,0.0,-163.79192471504211,110.84914207458496,-466.1911725997925
1,831,8.31,10000.0,5000.0,10000.0,8875.721395015717,0.0,0.0,382.6448321342468,251.09320878982544
1,832,8.32,10000.0,5000.0,10000.0,8669.044375419617,0.0,0.0,0.0,-206.67701959609985
1,833,8.33,10000.0,5193.15168261528,10000.0,8284.20639038086,0.0,193.15168261528015,0.0,-384.8379850387573
1,834,8.34,10000.0,5428.428389132023,10000.0,7657.194137573242,0.0,235.2767065167427,0.0,-627.0122528076172
1,835,8.35,10000.0,5000.0,10000.0,7361.830621957779,0.0,-428.42838913202286,0.0,-295.36351561546326
1,836,8.36,9968.419075012207,5000.0,10000.0,7750.588059425354,-31.58092498779297,0.0,0.0,388.7574374675751
1,837,8.370000000000001,10000.0,5000.0,10000.0,8147.509694099426,31.58092498779297,0.0,0.0,396.92163467407227
1,838,8.38,10000.0,5000.0,10000.0,8471.127152442932,0.0,0.0,0.0,323.61745834350586
1,839,8.39,10000.0,5000.0,10000.0,8723.128736019135,0.0,0.0,0.0,252.0015835762024
1,840,8.4,10000.0,5000.0,10000.0,8781.718909740448,0.0,0.0,0.0,58.59017372131348
1,841,8.41,10000.0,5000.0,10000.0,8809.762001037598,0.0,0.0,0.0,28.043091297149658
1,842,8.42,10000.0,5000.0,10000.0,8817.01111793518,0.0,0.0,0.0,7.249116897583008
1,843,8.43,10000.0,5000.0,10000.0,8789.359629154205,0.0,0.0,0.0,-27.651488780975342
1,844,8.44,10000.0,5000.0,10000.0,8786.734342575073,0.0,0.0,0.0,-2.62528657913208
1,845,8.45,10000.0,5000.0,10000.0,8691.452145576477,0.0,0.0,0.0,-95.28219699859619
1,846,8.46,10000.0,5294.75212097168,10000.0,8597.356677055359,0.0,294.7521209716797,0.0,-94.09546852111816
1,847,8.47,10000.0,6520.959436893463,10000.0,8482.727110385895,0.0,1226.2073159217834,0.0,-114.62956666946411
1,848,8.48,10000.0,7338.417768478394,10000.0,8342.273235321045,0.0,817.4583315849304,0.0,-140.45387506484985
1,849,8.49,10000.0,7640.8374309539795,10000.0,8001.490831375122,0.0,302.41966247558594,0.0,-340.78240394592285
1,850,8.5,10000.0,7961.3518714904785,10000.0,7847.783863544464,0.0,320.514440536499,0.0,-153.70696783065796
1,851,8.51,10000.0,8233.933448791504,10000.0,7772.919535636902,0.0,272.5815773010254,0.0,-74.86432790756226
1,852,8.52,10000.0,8551.698625087738,9987.039566040039,7786.243557929993,0.0,317.76517629623413,-12.960433959960938,13.32402229309082
1,853,8.53,10000.0,8865.402042865753,10000.0,7970.409393310547,0.0,313.70341777801514,12.960433959960938,184.1658353805542
1,854,8.540000000000001,10000.0,8752.251863479614,10000.0,8808.019161224365,0.0,-113.15017938613892,0.0,837.6097679138184
1,855,8.55,10000.0,8615.922927856445,9990.870356559753,9765.540361404419,0.0,-136.32893562316895,-9.129643440246582,957.5212001800537
1,856,8.56,10000.0,8408.435881137848,9890.488088130951,10000.0,0.0,-207.4870467185974,-100.38226842880249,234.45963859558105
1,857,8.57,10000.0,8309.59141254425,9723.371863365173,10000.0,0.0,-98.84446859359741,-167.1162247657776,0.0
1,858,8.58,10000.0,8705.125451087952,9769.727885723114,10000.0,0.0,395.5340385437012,46.356022357940674,0.0
1,859,8.59,9927.860796451569,8862.330317497253,10000.0,10000.0,-72.1392035484314,157.20486640930176,230.272114276886,0.0
1,860,8.6,9713.243246078491,8920.82393169403,10000.0,10000.0,-214.6175503730774,58.493614196777344,0.0,0.0
1,861,8.61,9388.294219970703,8933.058381080627,10000.0,9476.124346256256,-324.9490261077881,12.23444938659668,0.0,-523.8756537437439
1,862,8.620000000000001,8958.014845848083,9159.373342990875,10000.0,9039.956331253052,-430.27937412261963,226.3149619102478,0.0,-436.16801500320435
1,863,8.63,7640.763819217682,9110.95678806305,9722.94569015503,8539.347350597382,-1317.2510266304016,-48.41655492782593,-277.0543098449707,-500.60898065567017
1,864,8.64,6381.752640008926,8922.037482261658,9601.756930351257,7822.661399841309,-1259.0111792087555,-188.9193058013916,-121.18875980377197,-716.685950756073
1,865,8.65,5808.335617184639,9038.44952583313,9547.049105167389,7290.362119674683,-573.4170228242874,116.41204357147217,-54.70782518386841,-532.299280166626
1,866,8.66,5531.858615577221,8959.568440914154,9643.147885799408,7013.803869485855,-276.47700160741806,-78.88108491897583,96.09878063201904,-276.5582501888275
1,867,8.67,5274.092275649309,9093.196988105774,9735.220968723297,6899.441629648209,-257.76633992791176,133.62854719161987,92.07308292388916,-114.36223983764648
1,868,8.68,5175.279472023249,9293.810725212097,9781.388938426971,6795.475631952286,-98.81280362606049,200.61373710632324,46.167969703674316,-103.96599769592285
1,869,8.69,5046.312678605318,9503.591656684875,9811.279475688934,6613.418906927109,-128.9667934179306,209.78093147277832,29.89053726196289,-182.056725025177
1,870,8.700000000000001,5000.0,9418.11054944992,9782.187044620514,6628.842204809189,-46.31267860531807,-85.48110723495483,-29.09243106842041,15.423297882080078
1,871,8.71,5000.0,9443.559646606445,9839.816689491272,6474.088579416275,0.0,25.449097156524658,57.62964487075806,-154.75362539291382
1,872,8.72,5000.0,9377.42531299591,9851.203858852386,6392.638236284256,0.0,-66.13433361053467,11.387169361114502,-81.45034313201904
1,873,8.73,5000.0,9366.0107254982,9891.888499259949,6335.068345069885,0.0,-11.414587497711182,40.684640407562256,-57.56989121437073
1,874,8.74,5000.0,9294.99238729477,9941.444098949432,6307.659149169922,0.0,-71.01833820343018,49.55559968948364,-27.40919589996338
1,875,8.75,5000.0,9186.257123947144,9944.745004177094,6334.211081266403,0.0,-108.73526334762573,3.300905227661133,26.551932096481323
1,876,8.76,5000.0,8974.167704582214,9887.772500514984,6411.3302528858185,0.0,-212.0894193649292,-56.972503662109375,77.11917161941528
1,877,8.77,5000.0,8744.894862174988,9958.630800247192,6477.244198322296,0.0,-229.27284240722656,70.85829973220825,65.91394543647766
1,878,8.78,5000.0,8591.084480285645,10000.0,6467.864066362381,0.0,-153.81038188934326,41.36919975280762,-9.380131959915161
1,879,8.790000000000001,5430.6695237755775,8356.245756149292,10000.0,6617.761999368668,430.66952377557755,-234.83872413635254,0.0,149.89793300628662
1,880,8.8,6102.3639142513275,8147.083520889282,10000.0,7129.678875207901,671.69439047575,-209.16223526000977,0.0,511.9168758392334
1,881,8.81,7374.564111232758,8147.695064544678,10000.0,7677.1509647369385,1272.20019698143,0.6115436553955078,0.0,547.4720895290375
1,882,8.82,8813.168108463287,8542.335033416748,10000.0,8143.478631973267,1438.6039972305298,394.6399688720703,0.0,466.3276672363281
1,883,8.83,9841.509461402893,9012.108743190765,9825.171530246735,8993.071019649506,1028.3413529396057,469.77370977401733,-174.82846975326538,849.592387676239
1,884,8.84,9648.12695980072,9190.35941362381,9787.047803401947,9940.94967842102,-193.38250160217285,178.25067043304443,-38.1237268447876,947.8786587715149
1,885,8.85,9989.37338590622,9422.37377166748,10000.0,10000.0,341.24642610549927,232.01435804367065,212.95219659805298,59.05032157897949
1,886,8.86,10000.0,8615.572452545166,10000.0,9923.064708709717,10.626614093780518,-806.8013191223145,0.0,-76.9352912902832
1,887,8.870000000000001,9894.988238811493,8973.566889762878,9520.813524723053,9344.411492347717,-105.01176118850708,357.9944372177124,-479.186475276947,-578.6532163619995
1,888,8.88,10000.0,9028.693735599518,9625.86134672165,8921.517133712769,105.01176118850708,55.126845836639404,105.04782199859619,-422.89435863494873
1,889,8.89,10000.0,8993.338942527771,9642.062485218048,8600.144386291504,0.0,-35.354793071746826,16.201138496398926,-321.37274742126465
1,890,8.9,10000.0,9097.856879234314,9436.890184879303,8100.839257240295,0.0,104.51793670654297,-205.17230033874512,-499.3051290512085
1,891,8.91,10000.0,8906.996548175812,9627.845585346222,8054.555654525757,0.0,-190.8603310585022,190.95540046691895,-46.283602714538574
1,892,8.92,10000.0,8807.71428346634,9445.749521255493,7902.91041135788,0.0,-99.28226470947266,-182.09606409072876,-151.6452431678772
1,893,8.93,10000.0,8436.037302017212,9301.377832889557,8006.384968757629,0.0,-371.6769814491272,-144.37168836593628,103.47455739974976
1,894,8.94,10000.0,8103.068768978119,9336.492419242859,7812.8281235694885,0.0,-332.968533039093,35.114586353302,-193.55684518814087
1,895,8.950000000000001,10000.0,7974.567413330078,8686.077892780304,7335.569709539413,0.0,-128.50135564804077,-650.4145264625549,-477.2584140300751
1,896,8.96,10000.0,8021.537959575653,8527.291715145111,7304.416596889496,0.0,46.97054624557495,-158.78617763519287,-31.153112649917603
1,897,8.97,10000.0,8305.484056472778,9895.6498503685,7641.581296920776,0.0,283.94609689712524,1368.3581352233887,337.1647000312805
1,898,8.98,10000.0,8551.65421962738,9936.748445034027,8281.435072422028,0.0,246.17016315460205,41.098594665527344,639.8537755012512
1,899,8.99,10000.0,8596.110343933105,9833.213984966278,8581.429123878479,0.0,44.4561243057251,-103.53446006774902,299.9940514564514
1,900,9.0,10000.0,8543.582558631897,9853.607714176178,8794.197142124176,0.0,-52.527785301208496,20.393729209899902,212.76801824569702
1,901,9.01,10000.0,8583.322167396545,9749.158918857574,8977.502882480621,0.0,39.73960876464844,-104.44879531860352,183.3057403564453
1,902,9.02,10000.0,8720.736801624298,9731.273651123047,8981.99439048767,0.0,137.41463422775269,-17.885267734527588,4.4915080070495605
1,903,9.03,10000.0,8793.793618679047,9673.917591571808,8977.506160736084,0.0,73.05681705474854,-57.356059551239014,-4.488229751586914
1,904,9.040000000000001,10000.0,8756.44326210022,9760.049879550934,8979.875445365906,0.0,-37.350356578826904,86.13228797912598,2.3692846298217773
1,905,9.05,10000.0,8669.979572296143,9738.247096538544,9006.901383399963,0.0,-86.46368980407715,-21.802783012390137,27.025938034057617
1,906,9.06,10000.0,8505.282998085022,9620.03082036972,9025.436341762543,0.0,-164.6965742111206,-118.21627616882324,18.534958362579346
1,907,9.07,10000.0,8250.95146894455,9474.839866161346,9007.609188556671,0.0,-254.3315291404724,-145.19095420837402,-17.827153205871582
1,908,9.08,10000.0,8163.998126983643,9317.240417003632,8601.332008838654,0.0,-86.95334196090698,-157.59944915771484,-406.2771797180176
1,909,9.09,10000.0,8149.128258228302,9267.713725566864,8282.416462898254,0.0,-14.869868755340576,-49.52669143676758,-318.91554594039917
1,910,9.1,10000.0,8141.314387321472,9621.712565422058,8241.662979125977,0.0,-7.813870906829834,353.9988398551941,-40.75348377227783
1,911,9.11,10000.0,8187.7583265304565,9965.106546878815,8241.50949716568,0.0,46.443939208984375,343.3939814567566,-0.15348196029663086
1,912,9.120000000000001,10000.0,8685.518503189087,10000.0,8339.341580867767,0.0,497.76017665863037,34.8934531211853,97.8320837020874
1,913,9.13,10000.0,8943.292796611786,10000.0,8126.223981380463,0.0,257.774293422699,0.0,-213.1175994873047
1,914,9.14,10000.0,9005.061984062195,10000.0,8032.53710269928,0.0,61.769187450408936,0.0,-93.68687868118286
1,915,9.15,10000.0,8886.69729232788,9875.049889087677,8501.091003417969,0.0,-118.36469173431396,-124.950110912323,468.55390071868896
1,916,9.16,10000.0,8698.707520961761,10000.0,9115.580320358276,0.0,-187.98977136611938,124.950110912323,614.4893169403076
1,917,9.17,10000.0,7867.352664470673,10000.0,10000.0,0.0,-831.3548564910889,0.0,884.4196796417236
1,918,9.18,10000.0,5838.837549090385,10000.0,10000.0,0.0,-2028.5151153802872,0.0,0.0
1,919,9.19,10000.0,5000.0,10000.0,10000.0,0.0,-838.8375490903854,0.0,0.0
1,920,9.200000000000001,9949.715435504913,5000.0,10000.0,10000.0,-50.28456449508667,0.0,0.0,0.0
1,921,9.21,9203.69029045105,5000.0,10000.0,10000.0,-746.0251450538635,0.0,0.0,0.0
1,922,9.22,8851.69804096222,5000.0,10000.0,9844.258427619934,-351.99224948883057,0.0,0.0,-155.74157238006592
1,923,9.23,8920.623064041138,5000.0,10000.0,8196.861147880554,68.92502307891846,0.0,0.0,-1647.3972797393799
1,924,9.24,8714.410662651062,6275.097131729126,10000.0,8233.484327793121,-206.21240139007568,1275.097131729126,0.0,36.62317991256714
1,925,9.25,9088.544249534607,7213.941514492035,10000.0,7727.980613708496,374.1335868835449,938.8443827629089,0.0,-505.50371408462524
1,926,9.26,9331.696331501007,7109.533250331879,10000.0,7323.6605525016785,243.15208196640015,-104.40826416015625,0.0,-404.3200612068176
1,927,9.27,8846.772313117981,6201.921924948692,10000.0,7121.133208274841,-484.9240183830261,-907.6113253831863,0.0,-202.52734422683716
1,928,9.28,8379.492461681366,5334.166809916496,10000.0,7179.998010396957,-467.279851436615,-867.755115032196,0.0,58.86480212211609
1,929,9.290000000000001,8223.06901216507,5000.0,10000.0,7205.997109413147,-156.4234495162964,-334.1668099164963,0.0,25.999099016189575
1,930,9.3,8264.994025230408,5000.0,10000.0,7261.820584535599,41.925013065338135,0.0,0.0,55.82347512245178
1,931,9.31,8342.674374580383,5000.0,10000.0,7284.773588180542,77.68034934997559,0.0,0.0,22.953003644943237
1,932,9.32,8490.35769701004,5000.0,10000.0,7292.428761720657,147.68332242965698,0.0,0.0,7.6551735401153564
1,933,9.33,8655.487895011902,5000.0,10000.0,7308.201342821121,165.13019800186157,0.0,0.0,15.772581100463867
1,934,9.34,8873.794674873352,5112.407803535461,10000.0,7314.169555902481,218.3067798614502,112.40780353546143,0.0,5.968213081359863
1,935,9.35,9003.10069322586,5887.504070997238,10000.0,7428.586632013321,129.30601835250854,775.0962674617767,0.0,114.41707611083984
1,936,9.36,9466.977715492249,8255.338072776794,10000.0,7632.416486740112,463.87702226638794,2367.8340017795563,0.0,203.82985472679138
1,937,9.370000000000001,9839.34760093689,8677.48349905014,10000.0,7690.122127532959,372.3698854446411,422.14542627334595,0.0,57.70564079284668
1,938,9.38,9762.628674507141,8414.062559604645,10000.0,7802.799940109253,-76.71892642974854,-263.4209394454956,0.0,112.67781257629395
1,939,9.39,10000.0,8362.77574300766,10000.0,8141.410350799561,237.3713254928589,-51.28681659698486,0.0,338.6104106903076
1,940,9.4,10000.0,8401.22938156128,10000.0,9172.01042175293,0.0,38.453638553619385,0.0,1030.6000709533691
1,941,9.41,10000.0,7699.384689331055,10000.0,10000.0,0.0,-701.8446922302246,0.0,827.9895782470703
1,942,9.42,10000.0,6847.92697429657,10000.0,10000.0,0.0,-851.4577150344849,0.0,0.0
1,943,9.43,10000.0,6772.494316101074,10000.0,10000.0,0.0,-75.4326581954956,0.0,0.0
1,944,9.44,10000.0,7828.8426995277405,10000.0,10000.0,0.0,1056.3483834266663,0.0,0.0
1,945,9.450000000000001,10000.0,8449.813723564148,9744.945466518402,10000.0,0.0,620.9710240364075,-255.0545334815979,0.0
1,946,9.46,10000.0,8652.684390544891,9567.874073982239,9827.54111289978,0.0,202.8706669807434,-177.07139253616333,-172.45888710021973
1,947,9.47,9718.754291534424,8683.394193649292,9014.169871807098,9636.61938905716,-281.2457084655762,30.709803104400635,-553.7042021751404,-190.92172384262085
1,948,9.48,9685.024917125702,9002.781510353088,8916.417062282562,9662.541151046753,-33.729374408721924,319.3873167037964,-97.75280952453613,25.921761989593506
1,949,9.49,9568.760693073273,9185.128808021545,9001.015722751617,9766.206443309784,-116.2642240524292,182.34729766845703,84.59866046905518,103.665292263031
1,950,9.5,9426.671266555786,9306.482672691345,9080.359041690826,9909.039735794067,-142.08942651748657,121.3538646697998,79.34331893920898,142.83329248428345
1,951,9.51,9647.196829319,9401.364922523499,9479.484856128693,9952.40330696106,220.5255627632141,94.88224983215332,399.1258144378662,43.36357116699219
1,952,9.52,9955.78944683075,9477.318525314331,9673.00146818161,10000.0,308.59261751174927,75.95360279083252,193.51661205291748,47.59669303894043
1,953,9.53,10000.0,9671.613872051239,9654.695093631744,10000.0,44.21055316925049,194.29534673690796,-18.306374549865723,0.0
1,954,9.540000000000001,10000.0,9838.085174560547,9825.315773487091,10000.0,0.0,166.47130250930786,170.62067985534668,0.0
1,955,9.55,10000.0,9881.7840218544,9742.506444454193,10000.0,0.0,43.69884729385376,-82.80932903289795,0.0
1,956,9.56,10000.0,9868.259727954865,9747.88635969162,10000.0,0.0,-13.524293899536133,5.379915237426758,0.0
1,957,9.57,9970.534443855286,9923.27868938446,9686.948359012604,9982.170462608337,-29.465556144714355,55.01896142959595,-60.93800067901611,-17.829537391662598
1,958,9.58,9804.56531047821,9990.178942680359,9667.357504367828,9862.11746931076,-165.9691333770752,66.90025329589844,-19.59085464477539,-120.0529932975769
1,959,9.59,9773.165881633759,10000.0,9661.5532040596,9720.467329025269,-31.399428844451904,9.821057319641113,-5.804300308227539,-141.65014028549194
1,960,9.6,9907.990396022797,10000.0,9730.564653873444,9626.812636852264,134.8245143890381,0.0,69.01144981384277,-93.65469217300415
1,961,9.61,9975.914061069489,10000.0,9764.870703220367,9527.498483657837,67.9236650466919,0.0,34.30604934692383,-99.31415319442749
1,962,9.620000000000001,9961.170554161072,10000.0,9741.744995117188,9493.368864059448,-14.743506908416748,0.0,-23.12570810317993,-34.12961959838867
1,963,9.63,10000.0,10000.0,9755.35362958908,9437.804222106934,38.82944583892822,0.0,13.60863447189331,-55.56464195251465
1,964,9.64,9977.885484695435,10000.0,9700.1513838768,9383.207857608795,-22.11451530456543,0.0,-55.20224571228027,-54.59636449813843
1,965,9.65,9910.54356098175,10000.0,9622.484147548676,9149.593114852905,-67.34192371368408,0.0,-77.667236328125,-233.6147427558899
1,966,9.66,9859.657883644104,10000.0,9499.112963676453,8924.808502197266,-50.885677337646484,0.0,-123.3711838722229,-224.78461265563965
1,967,9.67,9771.618247032166,10000.0,9175.547063350677,8872.909843921661,-88.03963661193848,0.0,-323.56590032577515,-51.89865827560425
1,968,9.68,9440.216422080994,10000.0,9202.139675617218,9003.695249557495,-331.4018249511719,0.0,26.592612266540527,130.78540563583374
1,969,9.69,8733.457326889038,10000.0,9928.289949893951,8537.260591983795,-706.7590951919556,0.0,726.1502742767334,-466.43465757369995
1,970,9.700000000000001,6212.2951447963715,9834.586381912231,9872.300326824188,7014.656364917755,-2521.1621820926666,-165.41361808776855,-55.989623069763184,-1522.60422706604
1,971,9.71,5323.533751070499,9687.85434961319,9702.077805995941,6224.644631147385,-888.761393725872,-146.73203229904175,-170.22252082824707,-790.0117337703705
1,972,9.72,5052.260402590036,9816.832542419434,9674.134850502014,6135.987341403961,-271.273348480463,128.9781928062439,-27.942955493927002,-88.65728974342346
1,973,9.73,5000.0,9846.265017986298,9643.537700176239,6253.885924816132,-52.26040259003639,29.432475566864014,-30.597150325775146,117.89858341217041
1,974,9.74,5409.477911889553,8768.272399902344,9474.554657936096,7346.271425485611,409.47791188955307,-1077.9926180839539,-168.98304224014282,1092.3855006694794
1,975,9.75,5483.250208199024,8021.3698744773865,9643.805921077728,8171.061873435974,73.77229630947113,-746.9025254249573,169.25126314163208,824.7904479503632
1,976,9.76,5614.520199596882,7817.9797530174255,9777.84663438797,9026.77059173584,131.26999139785767,-203.39012145996094,134.0407133102417,855.7087182998657
1,977,9.77,6032.058522105217,8500.072360038757,9884.916841983795,9496.019184589386,417.5383225083351,682.0926070213318,107.0702075958252,469.24859285354614
1,978,9.78,6665.239483118057,9203.739166259766,9869.782328605652,9646.514058113098,633.1809610128403,703.6668062210083,-15.13451337814331,150.49487352371216
1,979,9.790000000000001,7178.00036072731,8298.63429069519,10000.0,10000.0,512.7608776092529,-905.1048755645752,130.21767139434814,353.48594188690186
1,980,9.8,7477.5634706020355,6730.014681816101,10000.0,9983.314275741577,299.56310987472534,-1568.6196088790894,0.0,-16.68572425842285
1,981,9.81,7577.815353870392,5710.940882563591,10000.0,10000.0,100.25188326835632,-1019.0737992525101,0.0,16.68572425842285
1,982,9.82,8281.610906124115,5315.71451574564,10000.0,9896.386861801147,703.7955522537231,-395.2263668179512,0.0,-103.61313819885254
1,983,9.83,8755.876421928406,5000.0,10000.0,9773.697853088379,474.26551580429077,-315.7145157456398,0.0,-122.68900871276855
1,984,9.84,9537.433981895447,5000.0,10000.0,8903.998136520386,781.557559967041,0.0,0.0,-869.6997165679932
1,985,9.85,9245.089292526245,5004.333555698395,10000.0,8629.057705402374,-292.34468936920166,4.333555698394775,0.0,-274.9404311180115
1,986,9.86,9380.264282226562,5338.976159691811,10000.0,8224.039673805237,135.17498970031738,334.64260399341583,0.0,-405.01803159713745
1,987,9.870000000000001,9449.758231639862,6093.049570918083,10000.0,7913.520932197571,69.49394941329956,754.0734112262726,0.0,-310.518741607666
1,988,9.88,9687.966704368591,7028.31506729126,10000.0,7746.147811412811,238.20847272872925,935.2654963731766,0.0,-167.37312078475952
1,989,9.89,9788.90836238861,7920.676171779633,10000.0,7662.7132296562195,100.94165802001953,892.3611044883728,0.0,-83.4345817565918
1,990,9.9,10000.0,8382.065296173096,10000.0,7604.161500930786,211.09163761138916,461.38912439346313,0.0,-58.55172872543335
1,991,9.91,10000.0,8181.478381156921,10000.0,7498.4292685985565,0.0,-200.58691501617432,0.0,-105.73223233222961
1,992,9.92,10000.0,8140.731453895569,10000.0,7472.744435071945,0.0,-40.74692726135254,0.0,-25.684833526611328
1,993,9.93,9980.511665344238,8111.239969730377,10000.0,7479.601353406906,-19.48833465576172,-29.49148416519165,0.0,6.8569183349609375
1,994,9.94,10000.0,8024.449944496155,10000.0,7434.519976377487,19.48833465576172,-86.79002523422241,0.0,-45.081377029418945
1,995,9.950000000000001,9966.592192649841,7967.065870761871,10000.0,7490.728050470352,-33.40780735015869,-57.38407373428345,0.0,56.20807409286499
1,996,9.96,10000.0,7902.693152427673,10000.0,7526.668012142181,33.40780735015869,-64.372718334198,0.0,35.939961671829224
1,997,9.97,9927.305579185486,7828.734517097473,10000.0,7570.953369140625,-72.69442081451416,-73.9586353302002,0.0,44.2853569984436
1,998,9.98,9969.204664230347,7751.108109951019,10000.0,7490.7152354717255,41.89908504486084,-77.62640714645386,0.0,-80.23813366889954
1,999,9.99,9865.668416023254,7705.445885658264,10000.0,7512.527108192444,-103.53624820709229,-45.66222429275513,0.0,21.811872720718384
1,1000,10.0,9847.407341003418,7630.204558372498,10000.0,7507.186233997345,-18.261075019836426,-75.2413272857666,0.0,-5.340874195098877
1,1001,10.01,9785.6205701828,7608.061730861664,10000.0,7521.027326583862,-61.786770820617676,-22.14282751083374,0.0,13.841092586517334
1,1002,10.02,9750.340580940247,7595.584392547607,10000.0,7601.616680622101,-35.27998924255371,-12.477338314056396,0.0,80.58935403823853
1,1003,10.03,9704.224169254303,7505.086064338684,10000.0,7663.739621639252,-46.1164116859436,-90.49832820892334,0.0,62.12294101715088
1,1004,10.040000000000001,9897.222518920898,7448.494732379913,10000.0,7671.990394592285,192.99834966659546,-56.59133195877075,0.0,8.250772953033447
1,1005,10.05,10000.0,7403.230369091034,9827.196896076202,7569.832801818848,102.77748107910156,-45.264363288879395,-172.8031039237976,-102.1575927734375
1,1006,10.06,10000.0,7460.322678089142,9604.345262050629,7532.845139503479,0.0,57.09230899810791,-222.85163402557373,-36.98766231536865
1,1007,10.07,10000.0,7503.442466259003,9299.622476100922,7407.049089670181,0.0,43.11978816986084,-304.72278594970703,-125.79604983329773
1,1008,10.08,10000.0,7549.640238285065,9193.977415561676,7313.813865184784,0.0,46.19777202606201,-105.6450605392456,-93.23522448539734
1,1009,10.09,10000.0,7643.369734287262,9171.645641326904,7266.990691423416,0.0,93.72949600219727,-22.33177423477173,-46.8231737613678
1,1010,10.1,10000.0,7734.965085983276,9206.418693065643,7270.124405622482,0.0,91.5953516960144,34.773051738739014,3.133714199066162
1,1011,10.11,10000.0,7795.792520046234,9202.467501163483,7244.562804698944,0.0,60.827434062957764,-3.9511919021606445,-25.561600923538208
1,1012,10.120000000000001,10000.0,7899.687886238098,9175.799190998077,7237.295359373093,0.0,103.89536619186401,-26.668310165405273,-7.26744532585144
1,1013,10.13,10000.0,7936.506569385529,9173.449575901031,7307.257503271103,0.0,36.81868314743042,-2.3496150970458984,69.96214389801025
1,1014,10.14,10000.0,7977.607548236847,8992.6216006279,7363.094836473465,0.0,41.10097885131836,-180.82797527313232,55.83733320236206
1,1015,10.15,10000.0,7974.520921707153,8904.731571674347,7429.596930742264,0.0,-3.0866265296936035,-87.89002895355225,66.50209426879883
1,1016,10.16,10000.0,7989.091277122498,8776.625096797943,7576.646208763123,0.0,14.570355415344238,-128.1064748764038,147.04927802085876
1,1017,10.17,10000.0,8052.231073379517,8659.997284412384,7677.968442440033,0.0,63.13979625701904,-116.62781238555908,101.3222336769104
1,1018,10.18,10000.0,8176.911473274231,8579.721450805664,7834.782600402832,0.0,124.68039989471436,-80.27583360671997,156.81415796279907
1,1019,10.19,10000.0,8367.761373519897,8620.775938034058,8139.262795448303,0.0,190.8499002456665,41.054487228393555,304.4801950454712
1,1020,10.200000000000001,10000.0,8632.077276706696,8725.706040859222,8437.178432941437,0.0,264.3159031867981,104.9301028251648,297.91563749313354
1,1021,10.21,9939.260482788086,8922.832608222961,8902.669250965118,8756.99758529663,-60.73951721191406,290.75533151626587,176.963210105896,319.8191523551941
1,1022,10.22,9855.104684829712,9087.709784507751,9085.491001605988,9158.028960227966,-84.15579795837402,164.87717628479004,182.82175064086914,401.03137493133545
1,1023,10.23,9832.907319068909,9259.7496509552,9253.544807434082,9562.88605928421,-22.197365760803223,172.03986644744873,168.05380582809448,404.8570990562439
1,1024,10.24,9869.246482849121,9352.512955665588,9518.18972826004,9900.229275226593,36.3391637802124,92.76330471038818,264.64492082595825,337.3432159423828
1,1025,10.25,9039.635956287384,9215.073585510254,10000.0,9812.929034233093,-829.6105265617371,-137.43937015533447,481.8102717399597,-87.30024099349976
1,1026,10.26,7655.045390129089,8958.171010017395,10000.0,9694.197177886963,-1384.5905661582947,-256.9025754928589,0.0,-118.73185634613037
1,1027,10.27,6605.826318264008,8746.32477760315,9862.795174121857,9242.980480194092,-1049.2190718650818,-211.8462324142456,-137.2048258781433,-451.2166976928711
1,1028,10.28,5923.385322093964,8860.359191894531,9693.919122219086,8800.714612007141,-682.440996170044,114.03441429138184,-168.876051902771,-442.2658681869507
1,1029,10.290000000000001,5711.982920765877,9038.316011428833,9641.200006008148,8688.46595287323,-211.40240132808685,177.95681953430176,-52.7191162109375,-112.24865913391113
1,1030,10.3,5662.846267223358,9014.659523963928,9641.729891300201,8531.87084197998,-49.136653542518616,-23.656487464904785,0.5298852920532227,-156.5951108932495
1,1031,10.31,5580.332614481449,8887.205123901367,9659.169614315033,8545.482754707336,-82.51365274190903,-127.45440006256104,17.439723014831543,13.611912727355957
1,1032,10.32,5472.07061201334,8896.864652633667,9540.888965129852,8568.779528141022,-108.26200246810913,9.659528732299805,-118.28064918518066,23.296773433685303
1,1033,10.33,5448.899157345295,9065.496921539307,9456.107914447784,8605.687320232391,-23.171454668045044,168.63226890563965,-84.78105068206787,36.90779209136963
1,1034,10.34,5506.223179399967,8844.190239906311,9475.684463977814,8596.904873847961,57.32402205467224,-221.3066816329956,19.576549530029297,-8.782446384429932
1,1035,10.35,5451.492108404636,8786.368370056152,9451.190531253815,8397.39054441452,-54.73107099533081,-57.82186985015869,-24.493932723999023,-199.51432943344116
1,1036,10.36,5337.15482801199,8738.50405216217,9463.114440441132,8268.843293190002,-114.33728039264679,-47.864317893981934,11.923909187316895,-128.54725122451782
1,1037,10.370000000000001,5210.883039981127,8730.385899543762,9492.758512496948,8105.764985084534,-126.27178803086281,-8.118152618408203,29.64407205581665,-163.07830810546875
1,1038,10.38,5095.077250152826,8792.39797592163,9483.626186847687,7988.394796848297,-115.80578982830048,62.01207637786865,-9.132325649261475,-117.37018823623657
1,1039,10.39,5000.0,8831.83479309082,9469.987452030182,7814.217805862427,-95.07725015282631,39.43681716918945,-13.638734817504883,-174.17699098587036
1,1040,10.4,5000.0,8813.290297985077,9473.508298397064,7691.184282302856,0.0,-18.544495105743408,3.520846366882324,-123.03352355957031
1,1041,10.41,5000.0,8771.649301052094,9494.399428367615,7647.71580696106,0.0,-41.6409969329834,20.891129970550537,-43.468475341796875
1,1042,10.42,5000.0,8712.015151977539,9527.549743652344,7682.17533826828,0.0,-59.63414907455444,33.150315284729004,34.45953130722046
1,1043,10.43,5000.0,8846.375048160553,9551.15407705307,7785.120606422424,0.0,134.35989618301392,23.60433340072632,102.94526815414429
1,1044,10.44,5000.0,8788.986504077911,9556.693434715271,8043.432235717773,0.0,-57.3885440826416,5.539357662200928,258.3116292953491
1,1045,10.450000000000001,5000.0,8263.783156871796,9607.685208320618,8476.345241069794,0.0,-525.2033472061157,50.99177360534668,432.91300535202026
1,1046,10.46,5000.0,7213.870286941528,9766.728281974792,8733.242452144623,0.0,-1049.9128699302673,159.0430736541748,256.8972110748291
1,1047,10.47,5000.0,6415.0577783584595,9980.65859079361,9256.68179988861,0.0,-798.8125085830688,213.93030881881714,523.439347743988
1,1048,10.48,5000.0,6380.147486925125,10000.0,9171.91058397293,0.0,-34.91029143333435,19.34140920639038,-84.77121591567993
1,1049,10.49,5185.029227286577,6354.715973138809,10000.0,9365.16672372818,185.02922728657722,-25.431513786315918,0.0,193.25613975524902
1,1050,10.5,6363.423019647598,7251.43700838089,10000.0,9691.713750362396,1178.393792361021,896.7210352420807,0.0,326.5470266342163
1,1051,10.51,8072.558045387268,8465.693593025208,10000.0,10000.0,1709.1350257396698,1214.2565846443176,0.0,308.28624963760376
1,1052,10.52,9719.984233379364,8802.217841148376,10000.0,10000.0,1647.426187992096,336.52424812316895,0.0,0.0
1,1053,10.53,9802.19841003418,8777.850568294525,10000.0,10000.0,82.21417665481567,-24.36727285385132,0.0,0.0
1,1054,10.540000000000001,9718.173444271088,8106.945753097534,10000.0,10000.0,-84.02496576309204,-670.904815196991,0.0,0.0
1,1055,10.55,9710.451364517212,8337.442874908447,10000.0,10000.0,-7.722079753875732,230.4971218109131,0.0,0.0
1,1056,10.56,9599.040746688843,8901.235461235046,10000.0,10000.0,-111.41061782836914,563.7925863265991,0.0,0.0
1,1057,10.57,9629.961252212524,8560.100197792053,9993.128776550293,9127.93517112732,30.92050552368164,-341.13526344299316,-6.871223449707031,-872.0648288726807
1,1058,10.58,9639.737606048584,8145.534694194794,9449.664056301117,8247.817754745483,9.77635383605957,-414.5655035972595,-543.464720249176,-880.1174163818359
1,1059,10.59,9739.639163017273,7842.3479199409485,8832.314312458038,7973.1810092926025,99.90155696868896,-303.1867742538452,-617.3497438430786,-274.63674545288086
1,1060,10.6,9894.92267370224,7471.955418586731,7827.867865562439,8119.099140167236,155.28351068496704,-370.39250135421753,-1004.4464468955994,145.9181308746338
1,1061,10.61,10000.0,7290.62020778656,6878.277957439423,7981.768548488617,105.07732629776001,-181.3352108001709,-949.5899081230164,-137.33059167861938
1,1062,10.620000000000001,9871.100783348083,7458.168268203735,7503.392398357391,7956.29620552063,-128.8992166519165,167.5480604171753,625.1144409179688,-25.47234296798706
1,1063,10.63,9985.526502132416,8090.795278549194,8399.46836233139,8448.800146579742,114.42571878433228,632.627010345459,896.075963973999,492.50394105911255
1,1064,10.64,10000.0,8490.660786628723,9205.154776573181,8746.739625930786,14.473497867584229,399.8655080795288,805.6864142417908,297.9394793510437
1,1065,10.65,10000.0,8848.588466644287,9583.3620429039,9027.021527290344,0.0,357.92768001556396,378.207266330719,280.2819013595581
1,1066,10.66,10000.0,8887.92872428894,9821.29842042923,9140.86252450943,0.0,39.34025764465332,237.9363775253296,113.8409972190857
1,1067,10.67,9872.544705867767,9006.578922271729,9614.630043506622,8882.766366004944,-127.45529413223267,118.65019798278809,-206.66837692260742,-258.0961585044861
1,1068,10.68,9824.206829071045,9103.056788444519,9850.601255893707,8742.50054359436,-48.33787679672241,96.47786617279053,235.97121238708496,-140.2658224105835
1,1069,10.69,9792.313873767853,9225.89659690857,9879.095256328583,8679.416477680206,-31.89295530319214,122.8398084640503,28.49400043487549,-63.08406591415405
1,1070,10.700000000000001,9626.013040542603,9332.330822944641,9975.444376468658,8639.739155769348,-166.30083322525024,106.43422603607178,96.34912014007568,-39.677321910858154
1,1071,10.71,9348.346590995789,9277.997016906738,9994.642734527588,8616.580963134766,-277.66644954681396,-54.33380603790283,19.198358058929443,-23.15819263458252
1,1072,10.72,9133.335649967194,9198.767244815826,10000.0,8332.749009132385,-215.01094102859497,-79.22977209091187,5.357265472412109,-283.83195400238037
1,1073,10.73,8952.8089761734,9249.205589294434,10000.0,7944.757640361786,-180.52667379379272,50.43834447860718,0.0,-387.99136877059937
1,1074,10.74,8672.5452542305,9241.51986837387,10000.0,7693.727612495422,-280.2637219429016,-7.685720920562744,0.0,-251.03002786636353
1,1075,10.75,8438.775539398193,9278.434813022614,10000.0,7525.723576545715,-233.7697148323059,36.914944648742676,0.0,-168.00403594970703
1,1076,10.76,8245.442509651184,9209.328293800354,10000.0,7453.372925519943,-193.33302974700928,-69.10651922225952,0.0,-72.3506510257721
1,1077,10.77,8051.97685956955,9182.849526405334,10000.0,7261.114120483398,-193.46565008163452,-26.47876739501953,0.0,-192.2588050365448
1,1078,10.78,7926.398813724518,9116.13792181015,10000.0,7257.8684985637665,-125.57804584503174,-66.71160459518433,0.0,-3.245621919631958
1,1079,10.790000000000001,7829.780578613281,9112.822711467743,10000.0,7296.5119779109955,-96.61823511123657,-3.3152103424072266,0.0,38.643479347229004
1,1080,10.8,7613.680064678192,9095.984399318695,10000.0,7384.0974271297455,-216.1005139350891,-16.83831214904785,0.0,87.58544921875
1,1081,10.81,7710.804343223572,9042.342007160187,10000.0,7223.163545131683,97.12427854537964,-53.6423921585083,0.0,-160.93388199806213
1,1082,10.82,7794.075608253479,9056.706726551056,9818.556606769562,7228.28596830368,83.27126502990723,14.36471939086914,-181.44339323043823,5.12242317199707
1,1083,10.83,8036.506175994873,9091.1865234375,9632.634818553925,7141.639441251755,242.43056774139404,34.47979688644409,-185.9217882156372,-86.64652705192566
1,1084,10.84,7970.536947250366,9054.760932922363,9464.372396469116,7095.422446727753,-65.96922874450684,-36.42559051513672,-168.26242208480835,-46.216994524002075
1,1085,10.85,8267.12965965271,9014.139175415039,9051.313698291779,7516.299188137054,296.59271240234375,-40.62175750732422,-413.05869817733765,420.87674140930176
1,1086,10.86,8576.804101467133,8476.193249225616,8948.117196559906,7746.747136116028,309.6744418144226,-537.9459261894226,-103.19650173187256,230.4479479789734
1,1087,10.870000000000001,8786.306977272034,7762.581408023834,8915.298879146576,8043.377697467804,209.50287580490112,-713.6118412017822,-32.81831741333008,296.6305613517761
1,1088,10.88,8966.336846351624,7202.623188495636,8751.874566078186,8535.313606262207,180.02986907958984,-559.9582195281982,-163.4243130683899,491.9359087944031
1,1089,10.89,9346.035420894623,7054.552137851715,8609.362542629242,9001.010656356812,379.69857454299927,-148.0710506439209,-142.5120234489441,465.6970500946045
1,1090,10.9,9687.93660402298,7039.598822593689,8622.532188892365,9197.651743888855,341.90118312835693,-14.953315258026123,13.169646263122559,196.64108753204346
1,1091,10.91,9637.487530708313,7136.321067810059,8478.393256664276,9540.575444698334,-50.44907331466675,96.72224521636963,-144.13893222808838,342.92370080947876
1,1092,10.92,9580.921232700348,7000.096142292023,8432.153761386871,9884.449243545532,-56.56629800796509,-136.2249255180359,-46.239495277404785,343.8737988471985
1,1093,10.93,9513.739347457886,6710.004210472107,8202.64607667923,10000.0,-67.18188524246216,-290.09193181991577,-229.5076847076416,115.55075645446777
1,1094,10.94,9485.651850700378,6343.265622854233,8230.066895484924,10000.0,-28.087496757507324,-366.73858761787415,27.42081880569458,0.0
1,1095,10.950000000000001,9586.356282234192,6045.432016253471,8136.22772693634,10000.0,100.70443153381348,-297.8336066007614,-93.83916854858398,0.0
1,1096,10.96,9597.569704055786,5739.788711071014,7999.275922775269,9999.655485153198,11.213421821594238,-305.64330518245697,-136.95180416107178,-0.3445148468017578
1,1097,10.97,9142.379760742188,5448.249764740467,7749.95356798172,9923.417568206787,-455.18994331359863,-291.53894633054733,-249.32235479354858,-76.23791694641113
1,1098,10.98,8620.365262031555,5262.299496680498,7875.201404094696,9910.697937011719,-522.0144987106323,-185.95026805996895,125.24783611297607,-12.71963119506836
1,1099,10.99,8545.215129852295,5072.631239891052,8122.557997703552,9997.349977493286,-75.15013217926025,-189.66825678944588,247.3565936088562,86.65204048156738
1,1100,11.0,9159.349203109741,5000.0,8281.791806221008,10000.0,614.1340732574463,-72.63123989105225,159.23380851745605,2.650022506713867
1,1101,11.01,9125.14477968216,5000.0,8473.397493362427,9977.78296470642,-34.20442342758179,0.0,191.60568714141846,-22.2170352935791
1,1102,11.02,9209.886491298676,5000.0,8847.504258155823,9923.107624053955,84.74171161651611,0.0,374.106764793396,-54.67534065246582
1,1103,11.03,8953.909277915955,5000.0,9193.00228357315,9770.684838294983,-255.97721338272095,0.0,345.4980254173279,-152.42278575897217
1,1104,11.040000000000001,8712.96614408493,5000.0,9440.430700778961,9664.168655872345,-240.94313383102417,0.0,247.42841720581055,-106.51618242263794
1,1105,11.05,8539.792001247406,5000.0,9501.265287399292,9664.596319198608,-173.1741428375244,0.0,60.83458662033081,0.42766332626342773
1,1106,11.06,8453.105986118317,5000.0,9054.764211177826,9693.36062669754,-86.68601512908936,0.0,-446.50107622146606,28.764307498931885
1,1107,11.07,8482.603430747986,5000.0,8628.525733947754,9626.66630744934,29.49744462966919,0.0,-426.238477230072,-66.69431924819946
1,1108,11.08,8289.024829864502,5000.0,8170.906603336334,9633.026123046875,-193.5786008834839,0.0,-457.6191306114197,6.35981559753418
1,1109,11.09,8042.6666140556335,5000.0,8195.874094963074,9632.35318660736,-246.3582158088684,0.0,24.967491626739502,-0.6729364395141602
1,1110,11.1,7905.910611152649,5000.0,8099.1774797439575,9672.844111919403,-136.75600290298462,0.0,-96.69661521911621,40.490925312042236
1,1111,11.11,7614.401280879974,5000.0,7893.657982349396,9635.632932186127,-291.50933027267456,0.0,-205.51949739456177,-37.21117973327637
1,1112,11.120000000000001,7339.162081480026,5000.0,7693.51065158844,9475.103914737701,-275.2391993999481,0.0,-200.1473307609558,-160.5290174484253
1,1113,11.13,7788.678705692291,5990.10556936264,8082.922101020813,8488.993644714355,449.516624212265,990.1055693626404,389.41144943237305,-986.110270023346
1,1114,11.14,7690.790295600891,6758.23986530304,8092.474043369293,7933.914959430695,-97.88841009140015,768.1342959403992,9.551942348480225,-555.0786852836609
1,1115,11.15,7432.3670566082,7692.959904670715,7816.686928272247,7070.621699094772,-258.42323899269104,934.7200393676758,-275.7871150970459,-863.2932603359222
1,1116,11.16,7644.060254096985,8038.455545902252,8405.272364616394,7505.324482917786,211.6931974887848,345.49564123153687,588.5854363441467,434.7027838230133
1,1117,11.17,7866.909205913544,8034.311234951019,8694.566786289215,7769.669890403748,222.84895181655884,-4.14431095123291,289.29442167282104,264.3454074859619
1,1118,11.18,8939.838707447052,7969.95222568512,8509.914875030518,8164.697885513306,1072.9295015335083,-64.35900926589966,-184.6519112586975,395.0279951095581
1,1119,11.19,9271.774888038635,8063.410222530365,6802.811026573181,8717.78815984726,331.93618059158325,93.45799684524536,-1707.1038484573364,553.0902743339539
1,1120,11.200000000000001,9076.697826385498,8061.158061027527,6289.452016353607,8988.396525382996,-195.0770616531372,-2.2521615028381348,-513.359010219574,270.6083655357361
1,1121,11.21,9006.232023239136,8047.078549861908,6310.912668704987,8931.799530982971,-70.4658031463623,-14.079511165618896,21.460652351379395,-56.596994400024414
1,1122,11.22,9039.73937034607,8094.356656074524,6300.742626190186,8993.721902370453,33.507347106933594,47.27810621261597,-10.170042514801025,61.92237138748169
1,1123,11.23,9059.159457683563,8130.926489830017,6326.108872890472,9074.813723564148,19.420087337493896,36.569833755493164,25.366246700286865,81.09182119369507
1,1124,11.24,9119.226336479187,8141.70777797699,6466.700732707977,9010.325074195862,60.06687879562378,10.781288146972656,140.59185981750488,-64.48864936828613
1,1125,11.25,9300.40329694748,8240.460455417633,6759.758740663528,8749.462962150574,181.17696046829224,98.75267744064331,293.05800795555115,-260.8621120452881
1,1126,11.26,9574.740529060364,8325.304985046387,7547.90723323822,8547.791242599487,274.3372321128845,84.84452962875366,788.1484925746918,-201.67171955108643
1,1127,11.27,9481.543600559235,8099.743723869324,8663.870990276337,7822.3717212677,-93.19692850112915,-225.561261177063,1115.9637570381165,-725.4195213317871
1,1128,11.28,8743.467628955841,7973.887324333191,8394.798636436462,7111.246883869171,-738.0759716033936,-125.85639953613281,-269.07235383987427,-711.124837398529
1,1129,11.290000000000001,8370.857238769531,8116.606175899506,8211.576342582703,6841.000467538834,-372.6103901863098,142.7188515663147,-183.22229385375977,-270.2464163303375
1,1130,11.3,8332.120180130005,7733.981013298035,8049.682676792145,6683.998256921768,-38.73705863952637,-382.62516260147095,-161.89366579055786,-157.00221061706543
1,1131,11.31,8222.225308418274,5867.595002055168,8359.42417383194,8579.81562614441,-109.89487171173096,-1866.3860112428665,309.7414970397949,1895.817369222641
1,1132,11.32,8045.8879470825195,5027.630925178528,8328.422605991364,9460.917115211487,-176.3373613357544,-839.9640768766403,-31.001567840576172,881.1014890670776
1,1133,11.33,7903.770804405212,5000.0,8566.107749938965,9506.62076473236,-142.11714267730713,-27.630925178527832,237.68514394760132,45.70364952087402
1,1134,11.34,7682.99400806427,5000.0,8168.601095676422,9670.538008213043,-220.77679634094238,0.0,-397.5066542625427,163.91724348068237
1,1135,11.35,7513.710856437683,5000.0,8106.486797332764,10000.0,-169.2831516265869,0.0,-62.11429834365845,329.4619917869568
1,1136,11.36,7725.297510623932,5000.0,8453.796803951263,10000.0,211.58665418624878,0.0,347.31000661849976,0.0
1,1137,11.370000000000001,7027.291059494019,5038.111098110676,8692.265152931213,10000.0,-698.0064511299133,38.11109811067581,238.46834897994995,0.0
1,1138,11.38,6743.281930685043,5000.0,8401.273787021637,10000.0,-284.0091288089752,-38.11109811067581,-290.9913659095764,0.0
1,1139,11.39,6354.646533727646,5000.0,8076.53933763504,10000.0,-388.63539695739746,0.0,-324.7344493865967,0.0
1,1140,11.4,6072.513312101364,5000.0,7767.1560645103455,10000.0,-282.13322162628174,0.0,-309.3832731246948,0.0
1,1141,11.41,6006.824374198914,5000.0,7537.278234958649,10000.0,-65.68893790245056,0.0,-229.87782955169678,0.0
1,1142,11.42,6011.673659086227,5000.0,7422.7020144462585,10000.0,4.849284887313843,0.0,-114.57622051239014,0.0
1,1143,11.43,5972.15548157692,5000.0,7280.320227146149,10000.0,-39.51817750930786,0.0,-142.38178730010986,0.0
1,1144,11.44,6025.040447711945,5000.0,7229.0268540382385,10000.0,52.884966135025024,0.0,-51.293373107910156,0.0
1,1145,11.450000000000001,6102.739870548248,5000.0,7288.700044155121,10000.0,77.69942283630371,0.0,59.673190116882324,0.0
1,1146,11.46,6136.675700545311,5000.0,7260.928750038147,10000.0,33.93582999706268,0.0,-27.771294116973877,0.0
1,1147,11.47,6145.806834101677,5000.0,7256.9409012794495,10000.0,9.131133556365967,0.0,-3.9878487586975098,0.0
1,1148,11.48,6141.720339655876,5000.0,7252.809703350067,10000.0,-4.086494445800781,0.0,-4.131197929382324,0.0
1,1149,11.49,6105.688959360123,5000.0,7278.866171836853,10000.0,-36.03138029575348,0.0,26.05646848678589,0.0
1,1150,11.5,6071.97180390358,5000.0,7325.787246227264,10000.0,-33.71715545654297,0.0,46.92107439041138,0.0
1,1151,11.51,6017.5275802612305,5000.0,7381.788492202759,10000.0,-54.44422364234924,0.0,56.001245975494385,0.0
1,1152,11.52,6238.083690404892,5000.0,7550.798952579498,10000.0,220.5561101436615,0.0,169.0104603767395,0.0
1,1153,11.53,6476.656347513199,5000.0,7880.237996578217,10000.0,238.57265710830688,0.0,329.43904399871826,0.0
1,1154,11.540000000000001,6769.773364067078,5000.0,8215.627670288086,10000.0,293.1170165538788,0.0,335.3896737098694,0.0
1,1155,11.55,6975.633651018143,5000.0,8639.623522758484,9955.677390098572,205.86028695106506,0.0,423.99585247039795,-44.32260990142822
1,1156,11.56,7175.016403198242,5000.0,8741.776049137115,9595.873951911926,199.3827521800995,0.0,102.15252637863159,-359.8034381866455
1,1157,11.57,7468.635588884354,5135.302469134331,8590.715229511261,9436.607956886292,293.61918568611145,135.30246913433075,-151.0608196258545,-159.26599502563477
1,1158,11.58,7590.4035568237305,5077.623762190342,8489.842116832733,9082.600772380829,121.76796793937683,-57.6787069439888,-100.87311267852783,-354.00718450546265
1,1159,11.59,7629.093527793884,5000.0,7840.226888656616,8064.670264720917,38.68997097015381,-77.62376219034195,-649.615228176117,-1017.9305076599121
1,1160,11.6,7687.295079231262,5019.7650492191315,6968.142092227936,6673.405468463898,58.20155143737793,19.76504921913147,-872.0847964286804,-1391.264796257019
1,1161,11.61,7538.464069366455,5127.555504441261,6646.719872951508,5737.553685903549,-148.83100986480713,107.79045522212982,-321.4222192764282,-935.8517825603485
1,1162,11.620000000000001,7838.844656944275,5502.9695481061935,6860.600113868713,5452.9133066535,300.3805875778198,375.41404366493225,213.8802409172058,-284.6403792500496
1,1163,11.63,8342.633247375488,7752.588987350464,7426.451146602631,5540.4215678572655,503.7885904312134,2249.6194392442703,565.8510327339172,87.50826120376587
1,1164,11.64,8816.777467727661,6369.736194610596,7187.080979347229,5750.839412212372,474.14422035217285,-1382.8527927398682,-239.3701672554016,210.41784435510635
1,1165,11.65,9395.604133605957,7255.876958370209,6717.909127473831,5875.431299209595,578.8266658782959,886.140763759613,-469.1718518733978,124.5918869972229
1,1166,11.66,9492.768049240112,6217.832341790199,6358.85089635849,5588.809736073017,97.16391563415527,-1038.0446165800095,-359.0582311153412,-286.6215631365776
1,1167,11.67,9750.392436981201,6159.107089042664,6226.218566298485,5807.104557752609,257.62438774108887,-58.725252747535706,-132.6323300600052,218.29482167959213
1,1168,11.68,9528.210759162903,6082.6625674963,6161.494702100754,6119.229048490524,-222.18167781829834,-76.44452154636383,-64.72386419773102,312.12449073791504
1,1169,11.69,9599.740207195282,6342.311203479767,5906.668528914452,5904.012769460678,71.52944803237915,259.6486359834671,-254.82617318630219,-215.2162790298462
1,1170,11.700000000000001,9759.401082992554,6372.32780456543,5940.661132335663,6135.154068470001,159.66087579727173,30.016601085662842,33.99260342121124,231.14129900932312
1,1171,11.71,10000.0,6263.567209243774,5968.48338842392,6108.230948448181,240.5989170074463,-108.76059532165527,27.822256088256836,-26.92312002182007
1,1172,11.72,9735.921919345856,6688.666045665741,6396.709680557251,6555.566042661667,-264.0780806541443,425.09883642196655,428.2262921333313,447.3350942134857
1,1173,11.73,9926.959574222565,6590.316742658615,7507.57098197937,6787.159591913223,191.03765487670898,-98.34930300712585,1110.8613014221191,231.5935492515564
1,1174,11.74,9891.721606254578,7159.461081027985,8341.68165922165,7522.076964378357,-35.23796796798706,569.1443383693695,834.110677242279,734.9173724651337
1,1175,11.75,10000.0,7592.5809144973755,9247.43503332138,8250.99229812622,108.27839374542236,433.11983346939087,905.7533740997314,728.9153337478638
1,1176,11.76,10000.0,7667.271792888641,9574.850499629974,8793.89613866806,0.0,74.69087839126587,327.41546630859375,542.9038405418396
1,1177,11.77,9913.448691368103,7537.321150302887,9616.74839258194,9506.0333609581,-86.55130863189697,-129.9506425857544,41.89789295196533,712.1372222900391
1,1178,11.78,10000.0,7782.917320728302,9506.654441356659,9311.909079551697,86.55130863189697,245.59617042541504,-110.09395122528076,-194.1242814064026
1,1179,11.790000000000001,9706.39944076538,8404.08056974411,9238.53486776352,9198.52614402771,-293.60055923461914,621.1632490158081,-268.11957359313965,-113.38293552398682
1,1180,11.8,9799.420833587646,8454.617261886597,9030.447006225586,9339.371025562286,93.02139282226562,50.53669214248657,-208.08786153793335,140.84488153457642
1,1181,11.81,9771.74460887909,8644.532561302185,8549.061715602875,9544.439911842346,-27.67622470855713,189.91529941558838,-481.3852906227112,205.06888628005981
1,1182,11.82,9477.24461555481,8870.851993560791,8588.082790374756,9304.553866386414,-294.4999933242798,226.31943225860596,39.0210747718811,-239.88604545593262
1,1183,11.83,8785.422444343567,8404.141664505005,9104.640185832977,9208.840131759644,-691.8221712112427,-466.71032905578613,516.5573954582214,-95.71373462677002
1,1184,11.84,8005.541563034058,7303.834855556488,9297.429323196411,9168.780744075775,-779.8808813095093,-1100.3068089485168,192.78913736343384,-40.05938768386841
1,1185,11.85,7102.713733911514,6355.762928724289,9367.460906505585,9200.328588485718,-902.8278291225433,-948.0719268321991,70.03158330917358,31.547844409942627
1,1186,11.86,6161.772310733795,5573.019087314606,9486.245214939117,9288.81287574768,-940.9414231777191,-782.7438414096832,118.78430843353271,88.48428726196289
1,1187,11.870000000000001,5286.344084888697,5000.0,9681.004583835602,9218.945503234863,-875.4282258450985,-573.0190873146057,194.75936889648438,-69.86737251281738
1,1188,11.88,5000.0,5000.0,9871.65242433548,9156.646132469177,-286.34408488869667,0.0,190.64784049987793,-62.299370765686035
1,1189,11.89,5000.0,5000.0,9969.740808010101,9185.785055160522,0.0,0.0,98.08838367462158,29.138922691345215
1,1190,11.9,5000.0,5000.0,9984.065592288971,9188.830554485321,0.0,0.0,14.324784278869629,3.045499324798584
1,1191,11.91,5000.0,5000.0,10000.0,9317.137598991394,0.0,0.0,15.934407711029053,128.307044506073
1,1192,11.92,5000.0,5000.0,10000.0,9518.688917160034,0.0,0.0,0.0,201.55131816864014
1,1193,11.93,5000.0,5000.0,10000.0,10000.0,0.0,0.0,0.0,481.3110828399658
1,1194,11.94,5521.220453083515,5000.0,8951.84338092804,10000.0,521.2204530835152,0.0,-1048.1566190719604,0.0
1,1195,11.950000000000001,6048.255562782288,5000.0,8827.324211597443,10000.0,527.0351096987724,0.0,-124.51916933059692,0.0
1,1196,11.96,6247.859671711922,5000.0,9469.861388206482,10000.0,199.6041089296341,0.0,642.5371766090393,0.0
1,1197,11.97,6750.478148460388,5000.0,10000.0,9757.992327213287,502.6184767484665,0.0,530.1386117935181,-242.00767278671265
1,1198,11.98,6963.132619857788,5000.0,10000.0,9449.498653411865,212.6544713973999,0.0,0.0,-308.4936738014221
1,1199,11.99,7092.175334692001,5000.0,9092.473685741425,9018.70310306549,129.04271483421326,0.0,-907.5263142585754,-430.7955503463745
1,1200,12.0,6867.044270038605,5530.448034405708,8514.60486650467,6839.306056499481,-225.1310646533966,530.4480344057083,-577.8688192367554,-2179.3970465660095
1,1201,12.01,6472.730785608292,6827.1079659461975,7552.883327007294,6330.611407756805,-394.3134844303131,1296.6599315404892,-961.7215394973755,-508.6946487426758
1,1202,12.02,6573.618799448013,7580.666542053223,6872.397363185883,6090.336889028549,100.88801383972168,753.5585761070251,-680.4859638214111,-240.27451872825623
1,1203,12.030000000000001,7463.124245405197,7917.46586561203,6873.32347035408,5638.475269079208,889.5054459571838,336.7993235588074,0.9261071681976318,-451.8616199493408
1,1204,12.040000000000001,8246.561288833618,7593.24848651886,6002.806723117828,6351.214051246643,783.437043428421,-324.21737909317017,-870.5167472362518,712.7387821674347
1,1205,12.05,9384.793937206268,7133.829593658447,5518.786907196045,7739.935517311096,1138.2326483726501,-459.4188928604126,-484.01981592178345,1388.7214660644531
1,1206,12.06,9564.293920993805,7448.734939098358,5465.331040322781,7560.734748840332,179.49998378753662,314.9053454399109,-53.45586687326431,-179.20076847076416
1,1207,12.07,9404.136836528778,8226.832449436188,5711.107179522514,8374.895751476288,-160.15708446502686,778.0975103378296,245.77613919973373,814.1610026359558
1,1208,12.08,9754.249155521393,8350.931406021118,8040.925860404968,9497.527778148651,350.11231899261475,124.09895658493042,2329.818680882454,1122.6320266723633
1,1209,12.09,10000.0,8693.841099739075,9842.135310173035,10000.0,245.75084447860718,342.90969371795654,1801.2094497680664,502.4722218513489
1,1210,12.1,10000.0,8968.104124069214,9438.984096050262,9908.093214035034,0.0,274.26302433013916,-403.1512141227722,-91.90678596496582
1,1211,12.11,9743.871986865997,9470.010697841644,9358.365833759308,8915.68124294281,-256.1280131340027,501.9065737724304,-80.61826229095459,-992.4119710922241
1,1212,12.120000000000001,9989.923238754272,9316.299557685852,9254.67699766159,8230.259716510773,246.05125188827515,-153.71114015579224,-103.68883609771729,-685.4215264320374
1,1213,12.13,9475.157856941223,9359.939098358154,9929.438829421997,7683.413028717041,-514.7653818130493,43.639540672302246,674.7618317604065,-546.8466877937317
1,1214,12.14,9266.221523284912,8537.28860616684,9941.458404064178,7909.405827522278,-208.93633365631104,-822.6504921913147,12.019574642181396,225.99279880523682
1,1215,12.15,9432.004690170288,9158.574342727661,9043.329656124115,7893.289625644684,165.78316688537598,621.2857365608215,-898.1287479400635,-16.116201877593994
1,1216,12.16,8745.71442604065,6860.265731811523,8901.046514511108,7637.220621109009,-686.2902641296387,-2298.3086109161377,-142.2831416130066,-256.06900453567505
1,1217,12.17,6635.016053915024,5001.064203679562,9832.105338573456,7310.104966163635,-2110.6983721256256,-1859.2015281319618,931.0588240623474,-327.11565494537354
1,1218,12.18,5177.200417965651,5000.0,10000.0,7978.623807430267,-1457.8156359493732,-1.064203679561615,167.8946614265442,668.5188412666321
1,1219,12.19,5030.202290508896,5000.0,10000.0,8385.567665100098,-146.99812745675445,0.0,0.0,406.9438576698303
1,1220,12.200000000000001,5000.0,5000.0,10000.0,8040.760159492493,-30.202290508896112,0.0,0.0,-344.807505607605
1,1221,12.21,5000.0,5000.0,10000.0,7868.222594261169,0.0,0.0,0.0,-172.53756523132324
1,1222,12.22,5000.0,5000.0,10000.0,7964.9728536605835,0.0,0.0,0.0,96.75025939941406
1,1223,12.23,5000.0,5000.0,10000.0,8151.237368583679,0.0,0.0,0.0,186.2645149230957
1,1224,12.24,5000.0,5000.0,10000.0,8576.305210590363,0.0,0.0,0.0,425.06784200668335
1,1225,12.25,5000.0,5000.0,10000.0,9501.79010629654,0.0,0.0,0.0,925.4848957061768
1,1226,12.26,5303.695742040873,5000.0,10000.0,10000.0,303.6957420408726,0.0,0.0,498.2098937034607
1,1227,12.27,5351.54402256012,5000.0,9521.224796772003,9877.790808677673,47.848280519247055,0.0,-478.7752032279968,-122.20919132232666
1,1228,12.280000000000001,5851.067081093788,5000.0,10000.0,9899.631142616272,499.5230585336685,0.0,478.7752032279968,21.840333938598633
1,1229,12.290000000000001,6845.497190952301,5000.0,10000.0,9759.204685688019,994.4301098585129,0.0,0.0,-140.42645692825317
1,1230,12.3,6890.578120946884,5000.0,9531.203210353851,9912.697672843933,45.08092999458313,0.0,-468.7967896461487,153.4929871559143
1,1231,12.31,6912.615746259689,5000.0,9188.589751720428,9915.609359741211,22.037625312805176,0.0,-342.61345863342285,2.911686897277832
1,1232,12.32,6569.728255271912,5772.001594305038,8279.980719089508,6472.615003585815,-342.8874909877777,772.0015943050385,-908.6090326309204,-3442.9943561553955
1,1233,12.33,6786.18460893631,7696.524858474731,6704.244166612625,5683.167725801468,216.4563536643982,1924.523264169693,-1575.736552476883,-789.4472777843475
1,1234,12.34,7907.689213752747,7696.745693683624,6103.115156292915,5718.519538640976,1121.5046048164368,0.22083520889282227,-601.1290103197098,35.35181283950806
1,1235,12.35,9213.599860668182,6807.864010334015,5474.739111959934,7675.073146820068,1305.9106469154358,-888.8816833496094,-628.3760443329811,1956.5536081790924
1,1236,12.36,9314.102530479431,7365.542650222778,5385.263301432133,8078.881204128265,100.50266981124878,557.6786398887634,-89.47581052780151,403.808057308197
1,1237,12.370000000000001,9532.668888568878,8578.979671001434,6164.963394403458,8699.755668640137,218.56635808944702,1213.437020778656,779.7000929713249,620.8744645118713
1,1238,12.38,10000.0,8658.784031867981,8571.337759494781,9764.690399169922,467.3311114311218,79.80436086654663,2406.374365091324,1064.9347305297852
1,1239,12.39,10000.0,9410.841464996338,9522.514343261719,8443.943858146667,0.0,752.0574331283569,951.1765837669373,-1320.7465410232544
1,1240,12.4,9389.638304710388,9620.773196220398,8716.580271720886,7468.049377202988,-610.3616952896118,209.93173122406006,-805.9340715408325,-975.8944809436798
1,1241,12.41,8501.401543617249,8661.808371543884,9634.05817747116,7118.9261972904205,-888.2367610931396,-958.9648246765137,917.4779057502747,-349.12317991256714
1,1242,12.42,8854.202926158905,9144.785702228546,9314.675331115723,7488.36025595665,352.8013825416565,482.97733068466187,-319.38284635543823,369.43405866622925
1,1243,12.43,7532.395124435425,5353.143103420734,10000.0,7146.967798471451,-1321.8078017234802,-3791.6425988078117,685.3246688842773,-341.392457485199
1,1244,12.44,5128.634590655565,5000.0,10000.0,8409.932851791382,-2403.7605337798595,-353.1431034207344,0.0,1262.965053319931
1,1245,12.450000000000001,5000.0,5000.0,10000.0,9795.322120189667,-128.63459065556526,0.0,0.0,1385.389268398285
1,1246,12.46,5000.0,5000.0,10000.0,9478.072226047516,0.0,0.0,0.0,-317.2498941421509
1,1247,12.47,5000.0,5000.0,10000.0,9047.688245773315,0.0,0.0,0.0,-430.38398027420044
1,1248,12.48,5000.0,5000.0,10000.0,9096.300899982452,0.0,0.0,0.0,48.61265420913696
1,1249,12.49,5000.0,5000.0,10000.0,8402.537107467651,0.0,0.0,0.0,-693.763792514801
1,1250,12.5,5000.0,5000.0,10000.0,7593.242526054382,0.0,0.0,0.0,-809.294581413269
1,1251,12.51,5000.0,5000.0,10000.0,7397.661954164505,0.0,0.0,0.0,-195.58057188987732
1,1252,12.52,6087.533384561539,6890.12885093689,10000.0,7727.563381195068,1087.5333845615387,1890.1288509368896,0.0,329.90142703056335
1,1253,12.530000000000001,7307.3239624500275,7780.908644199371,10000.0,9973.622560501099,1219.7905778884888,890.7797932624817,0.0,2246.0591793060303
1,1254,12.540000000000001,8684.116005897522,7889.537215232849,10000.0,10000.0,1376.7920434474945,108.62857103347778,0.0,26.377439498901367
1,1255,12.55,6987.240761518478,7976.635694503784,10000.0,9464.936256408691,-1696.8752443790436,87.09847927093506,0.0,-535.0637435913086
1,1256,12.56,6194.057017564774,7926.41818523407,10000.0,9354.090094566345,-793.1837439537048,-50.217509269714355,0.0,-110.84616184234619
1,1257,12.57,6470.0692892074585,8706.576228141785,9977.899193763733,9132.23385810852,276.01227164268494,780.1580429077148,-22.10080623626709,-221.8562364578247
1,1258,12.58,7899.72722530365,9795.065522193909,9305.20623922348,7832.631468772888,1429.6579360961914,1088.489294052124,-672.6929545402527,-1299.6023893356323
1,1259,12.59,7193.761914968491,9765.398502349854,7902.9035568237305,7665.197849273682,-705.9653103351593,-29.667019844055176,-1402.3026823997498,-167.43361949920654
1,1260,12.6,7497.431188821793,9628.247618675232,8303.07811498642,7045.06441950798,303.669273853302,-137.15088367462158,400.1745581626892,-620.1334297657013
1,1261,12.61,7939.974069595337,9951.91752910614,8750.709891319275,6138.161420822144,442.5428807735443,323.6699104309082,447.6317763328552,-906.9029986858368
1,1262,12.620000000000001,8124.9383091926575,10000.0,7615.020871162415,5022.37793058157,184.96423959732056,48.08247089385986,-1135.6890201568604,-1115.7834902405739
1,1263,12.63,6918.418258428574,10000.0,7502.552270889282,5000.0,-1206.5200507640839,0.0,-112.46860027313232,-22.37793058156967
1,1264,12.64,5966.594144701958,8677.775859832764,9843.663275241852,5000.0,-951.8241137266159,-1322.2241401672363,2341.1110043525696,0.0
1,1265,12.65,5170.902628451586,8395.41345834732,10000.0,5298.239775002003,-795.6915162503719,-282.3624014854431,156.3367247581482,298.2397750020027
1,1266,12.66,5244.593340903521,5000.0,10000.0,5462.440513074398,73.69071245193481,-3395.4134583473206,0.0,164.20073807239532
1,1267,12.67,5190.445724874735,5000.0,9836.00527048111,7294.187992811203,-54.147616028785706,0.0,-163.99472951889038,1831.747479736805
1,1268,12.68,5215.438026934862,5000.0,9776.376783847809,8148.2332944869995,24.99230206012726,0.0,-59.62848663330078,854.0453016757965
1,1269,12.69,5077.195111662149,5000.0,9762.473404407501,8054.112195968628,-138.2429152727127,0.0,-13.903379440307617,-94.12109851837158
1,1270,12.700000000000001,5000.0,5000.0,9745.610654354095,7851.0695695877075,-77.19511166214943,0.0,-16.86275005340576,-203.0426263809204
1,1271,12.71,5000.0,5000.0,9792.248606681824,7748.48997592926,0.0,0.0,46.63795232772827,-102.57959365844727
1,1272,12.72,5000.0,5000.0,10000.0,8929.941058158875,0.0,0.0,207.75139331817627,1181.4510822296143
1,1273,12.73,5000.0,5000.0,10000.0,8305.124938488007,0.0,0.0,0.0,-624.8161196708679
1,1274,12.74,5000.0,5000.0,10000.0,9335.235357284546,0.0,0.0,0.0,1030.1104187965393
1,1275,12.75,5933.012366294861,5000.0,10000.0,10000.0,933.0123662948608,0.0,0.0,664.7646427154541
1,1276,12.76,7096.792310476303,5000.0,10000.0,10000.0,1163.7799441814423,0.0,0.0,0.0
1,1277,12.77,7401.225417852402,5000.0,10000.0,10000.0,304.43310737609863,0.0,0.0,0.0
1,1278,12.780000000000001,7039.793878793716,5000.0,10000.0,10000.0,-361.4315390586853,0.0,0.0,0.0
1,1279,12.790000000000001,6742.538958787918,5000.0,10000.0,8133.2728266716,-297.25492000579834,0.0,0.0,-1866.7271733283997
1,1280,12.8,6456.255316734314,6761.433184146881,10000.0,8226.581811904907,-286.2836420536041,1761.433184146881,0.0,93.30898523330688
1,1281,12.81,7480.887621641159,6538.6030077934265,9828.879535198212,8463.44769001007,1024.632304906845,-222.8301763534546,-171.12046480178833,236.86587810516357
1,1282,12.82,7972.390055656433,5138.437896966934,9450.502693653107,7473.424524068832,491.50243401527405,-1400.1651108264923,-378.376841545105,-990.0231659412384
1,1283,12.83,9275.412559509277,6553.264856338501,10000.0,7060.7249438762665,1303.0225038528442,1414.8269593715668,549.4973063468933,-412.6995801925659
1,1284,12.84,8416.15229845047,7708.035707473755,9691.818058490753,7244.694083929062,-859.2602610588074,1154.770851135254,-308.1819415092468,183.9691400527954
1,1285,12.85,7691.814601421356,7309.146523475647,9388.262927532196,7483.258694410324,-724.3376970291138,-398.8891839981079,-303.55513095855713,238.5646104812622
1,1286,12.86,5484.058558940887,6612.136363983154,10000.0,6171.732395887375,-2207.7560424804688,-697.0101594924927,611.737072467804,-1311.5262985229492
1,1287,12.870000000000001,5088.29141035676,6094.362810254097,10000.0,6278.57431769371,-395.7671485841274,-517.7735537290573,0.0,106.84192180633545
1,1288,12.88,5000.0,5000.0,10000.0,6972.458213567734,-88.29141035676003,-1094.362810254097,0.0,693.8838958740234
1,1289,12.89,5000.0,5000.0,10000.0,9580.468535423279,0.0,0.0,0.0,2608.010321855545
1,1290,12.9,5000.0,5000.0,10000.0,10000.0,0.0,0.0,0.0,419.5314645767212
1,1291,12.91,5000.0,5000.0,10000.0,10000.0,0.0,0.0,0.0,0.0
1,1292,12.92,5000.0,5000.0,10000.0,9834.872782230377,0.0,0.0,0.0,-165.1272177696228
1,1293,12.93,5000.0,5000.0,10000.0,9330.569505691528,0.0,0.0,0.0,-504.3032765388489
1,1294,12.94,5000.0,5000.0,10000.0,8507.17306137085,0.0,0.0,0.0,-823.3964443206787
1,1295,12.950000000000001,5000.0,5000.0,10000.0,8314.774930477142,0.0,0.0,0.0,-192.39813089370728
1,1296,12.96,5000.0,5000.0,9835.122227668762,9908.66243839264,0.0,0.0,-164.8777723312378,1593.8875079154968
1,1297,12.97,5000.0,5000.0,9806.959331035614,10000.0,0.0,0.0,-28.162896633148193,91.33756160736084
1,1298,12.98,5000.0,5000.0,9886.856377124786,10000.0,0.0,0.0,79.89704608917236,0.0
1,1299,12.99,5000.0,7310.158610343933,9683.485329151154,7792.326509952545,0.0,2310.158610343933,-203.3710479736328,-2207.673490047455
1,1300,13.0,5000.0,8303.053379058838,9288.965165615082,7092.089205980301,0.0,992.8947687149048,-394.5201635360718,-700.2373039722443
1,1301,13.01,5000.0,9165.581464767456,9465.683996677399,5918.1879460811615,0.0,862.5280857086182,176.7188310623169,-1173.9012598991394
1,1302,13.02,5000.0,8093.169927597046,10000.0,5721.333622932434,0.0,-1072.4115371704102,534.3160033226013,-196.85432314872742
1,1303,13.030000000000001,5000.0,8764.00738954544,9925.222992897034,5693.239122629166,0.0,670.8374619483948,-74.77700710296631,-28.094500303268433
1,1304,13.040000000000001,5000.0,9024.736285209656,9889.832139015198,5257.688723504543,0.0,260.7288956642151,-35.39085388183594,-435.55039912462234
1,1305,13.05,5058.6505420506,9265.12360572815,9761.46012544632,5044.9443235993385,58.65054205060005,240.38732051849365,-128.37201356887817,-212.74439990520477
1,1306,13.06,5195.270497351885,5941.6405111551285,10000.0,5000.0,136.6199553012848,-3323.483094573021,238.53987455368042,-44.94432359933853
1,1307,13.07,5000.0,5000.0,9722.006618976593,6452.27387547493,-195.27049735188484,-941.6405111551285,-277.993381023407,1452.2738754749298
1,1308,13.08,5000.0,5000.0,9687.258899211884,8252.89011001587,0.0,0.0,-34.74771976470947,1800.6162345409393
1,1309,13.09,5000.0,5000.0,9733.469784259796,8710.072636604309,0.0,0.0,46.2108850479126,457.18252658843994
1,1310,13.1,5000.0,5000.0,9626.43951177597,7724.291682243347,0.0,0.0,-107.03027248382568,-985.7809543609619
1,1311,13.11,5000.0,5000.0,9515.608847141266,7671.075165271759,0.0,0.0,-110.83066463470459,-53.216516971588135
1,1312,13.120000000000001,5000.0,5000.0,9688.77911567688,7906.686067581177,0.0,0.0,173.170268535614,235.61090230941772
1,1313,13.13,5000.0,5000.0,9987.537860870361,8772.406578063965,0.0,0.0,298.75874519348145,865.7205104827881
1,1314,13.14,5000.0,5000.0,9673.69168996811,10000.0,0.0,0.0,-313.8461709022522,1227.5934219360352
1,1315,13.15,5000.0,5000.0,9767.046868801117,10000.0,0.0,0.0,93.35517883300781,0.0
1,1316,13.16,5000.0,5000.0,9877.005815505981,10000.0,0.0,0.0,109.9589467048645,0.0
1,1317,13.17,5000.0,7865.857779979706,9782.815277576447,7524.752616882324,0.0,2865.857779979706,-94.19053792953491,-2475.247383117676
1,1318,13.18,5000.0,8970.341086387634,9298.77370595932,6316.325962543488,0.0,1104.4833064079285,-484.04157161712646,-1208.4266543388367
1,1319,13.19,5000.0,9647.123515605927,9559.199512004852,5517.399869859219,0.0,676.7824292182922,260.4258060455322,-798.926092684269
1,1320,13.200000000000001,5000.0,9086.171984672546,10000.0,5405.233278870583,0.0,-560.9515309333801,440.8004879951477,-112.16659098863602
1,1321,13.21,5000.0,8456.319868564606,10000.0,5265.1721611619,0.0,-629.8521161079407,0.0,-140.061117708683
1,1322,13.22,5000.0,8695.393800735474,10000.0,5489.36951905489,0.0,239.07393217086792,0.0,224.1973578929901
1,1323,13.23,5142.610240727663,7254.456579685211,10000.0,5154.110677540302,142.61024072766304,-1440.9372210502625,0.0,-335.2588415145874
1,1324,13.24,5029.256141278893,5398.941561579704,9814.887940883636,5487.069971859455,-113.35409944877028,-1855.515018105507,-185.11205911636353,332.95929431915283
1,1325,13.25,5000.0,5000.0,9722.25695848465,7739.541530609131,-29.256141278892756,-398.9415615797043,-92.63098239898682,2252.4715587496758
1,1326,13.26,5000.0,5000.0,9747.874736785889,9165.944457054138,0.0,0.0,25.617778301239014,1426.4029264450073
1,1327,13.27,5000.0,5000.0,9771.619737148285,8159.4520807266235,0.0,0.0,23.74500036239624,-1006.4923763275146
1,1328,13.280000000000001,5000.0,5000.0,9584.408104419708,7827.023565769196,0.0,0.0,-187.21163272857666,-332.428514957428
1,1329,13.290000000000001,5000.0,5000.0,9556.823372840881,7926.706075668335,0.0,0.0,-27.584731578826904,99.6825098991394
1,1330,13.3,5000.0,5000.0,9612.477123737335,8718.220591545105,0.0,0.0,55.65375089645386,791.51451587677
1,1331,13.31,5000.0,5000.0,9474.755823612213,10000.0,0.0,0.0,-137.72130012512207,1281.779408454895
1,1332,13.32,5000.0,5000.0,9773.742258548737,10000.0,0.0,0.0,298.98643493652344,0.0
1,1333,13.33,5000.0,5000.0,9760.683476924896,10000.0,0.0,0.0,-13.058781623840332,0.0
1,1334,13.34,5000.0,8091.420233249664,9708.291590213776,7466.696947813034,0.0,3091.4202332496643,-52.391886711120605,-2533.303052186966
1,1335,13.35,5000.0,9463.454484939575,9284.23285484314,5986.429750919342,0.0,1372.034251689911,-424.058735370636,-1480.267196893692
1,1336,13.36,5000.0,9831.059575080872,9562.744796276093,5306.400395929813,0.0,367.6050901412964,278.5119414329529,-680.0293549895287
1,1337,13.370000000000001,5000.0,9708.06360244751,9934.034049510956,5269.710309803486,0.0,-122.99597263336182,371.2892532348633,-36.690086126327515
1,1338,13.38,5000.0,9078.022837638855,10000.0,5136.777311563492,0.0,-630.0407648086548,65.96595048904419,-132.93299823999405
1,1339,13.39,5000.0,9277.604520320892,10000.0,5498.945824801922,0.0,199.58168268203735,0.0,362.16851323843
1,1340,13.4,5000.0,6366.226971149445,10000.0,5000.0,0.0,-2911.3775491714478,0.0,-498.94582480192184
1,1341,13.41,5000.0,5000.0,9582.425951957703,7076.044380664825,0.0,-1366.2269711494446,-417.57404804229736,2076.0443806648254
1,1342,13.42,5000.0,5000.0,9788.973331451416,8322.182893753052,0.0,0.0,206.54737949371338,1246.1385130882263
1,1343,13.43,5000.0,5000.0,9805.104434490204,9365.203082561493,0.0,0.0,16.131103038787842,1043.0201888084412
1,1344,13.44,5000.0,5000.0,9718.005359172821,8139.399290084839,0.0,0.0,-87.09907531738281,-1225.803792476654
1,1345,13.450000000000001,5000.0,5000.0,9621.506035327911,8137.424886226654,0.0,0.0,-96.49932384490967,-1.9744038581848145
1,1346,13.46,5000.0,5000.0,9481.494724750519,8458.127081394196,0.0,0.0,-140.01131057739258,320.7021951675415
1,1347,13.47,5000.0,5000.0,9491.366147994995,10000.0,0.0,0.0,9.871423244476318,1541.8729186058044
1,1348,13.48,5000.0,5000.0,9739.207327365875,10000.0,0.0,0.0,247.84117937088013,0.0
1,1349,13.49,5000.0,5000.0,9655.30902147293,10000.0,0.0,0.0,-83.89830589294434,0.0
1,1350,13.5,5000.0,5380.3567588329315,9458.794891834259,9416.475594043732,0.0,380.3567588329315,-196.51412963867188,-583.5244059562683
1,1351,13.51,5000.0,9328.70328426361,9292.209446430206,5801.56072974205,0.0,3948.3465254306793,-166.58544540405273,-3614.9148643016815
1,1352,13.52,5000.0,9833.11116695404,9269.250929355621,5310.585238039494,0.0,504.4078826904297,-22.95851707458496,-490.9754917025566
1,1353,13.530000000000001,5000.0,9937.185049057007,9702.117145061493,5233.438648283482,0.0,104.07388210296631,432.8662157058716,-77.14658975601196
1,1354,13.540000000000001,5000.0,9844.120442867279,9990.798830986023,5341.446287930012,0.0,-93.06460618972778,288.68168592453003,108.00763964653015
1,1355,13.55,5000.0,9504.204988479614,10000.0,5584.246031939983,0.0,-339.9154543876648,9.20116901397705,242.79974400997162
1,1356,13.56,5000.0,7741.724848747253,10000.0,5399.130992591381,0.0,-1762.4801397323608,0.0,-185.1150393486023
1,1357,13.57,5000.0,6589.216589927673,9624.19718503952,6750.670820474625,0.0,-1152.50825881958,-375.80281496047974,1351.5398278832436
1,1358,13.58,5000.0,5000.0,9779.941141605377,8188.9912486076355,0.0,-1589.2165899276733,155.74395656585693,1438.3204281330109
1,1359,13.59,5000.0,5000.0,9866.836965084076,9885.548949241638,0.0,0.0,86.89582347869873,1696.5577006340027
1,1360,13.6,5000.0,5000.0,9842.804372310638,9207.378625869751,0.0,0.0,-24.0325927734375,-678.1703233718872
1,1361,13.61,5000.0,5000.0,9738.89172077179,9056.840538978577,0.0,0.0,-103.91265153884888,-150.53808689117432
1,1362,13.620000000000001,5000.0,5000.0,9544.906318187714,9191.661477088928,0.0,0.0,-193.98540258407593,134.82093811035156
1,1363,13.63,5000.0,5000.0,9443.06343793869,10000.0,0.0,0.0,-101.84288024902344,808.3385229110718
1,1364,13.64,5000.0,5000.0,9664.576947689056,10000.0,0.0,0.0,221.5135097503662,0.0
1,1365,13.65,5000.0,5000.0,9506.321847438812,10000.0,0.0,0.0,-158.25510025024414,0.0
1,1366,13.66,5000.0,6332.996487617493,9188.366532325745,9000.841975212097,0.0,1332.9964876174927,-317.9553151130676,-999.1580247879028
1,1367,13.67,5000.0,9606.401920318604,9138.159453868866,5751.862972974777,0.0,3273.405432701111,-50.20707845687866,-3248.97900223732
1,1368,13.68,5000.0,9948.149919509888,9245.535731315613,5136.979408562183,0.0,341.7479991912842,107.37627744674683,-614.8835644125938
1,1369,13.69,5000.0,10000.0,9594.358801841736,5237.8687635064125,0.0,51.850080490112305,348.82307052612305,100.88935494422913
1,1370,13.700000000000001,5000.0,10000.0,9943.389594554901,5643.740594387054,0.0,0.0,349.0307927131653,405.87183088064194
1,1371,13.71,5000.0,9659.523069858551,10000.0,5730.955600738525,0.0,-340.476930141449,56.61040544509888,87.21500635147095
1,1372,13.72,5000.0,7724.142670631409,10000.0,5346.840582787991,0.0,-1935.3803992271423,0.0,-384.1150179505348
1,1373,13.73,5000.0,5767.079219222069,9428.053200244904,7443.218678236008,0.0,-1957.06345140934,-571.9467997550964,2096.378095448017
1,1374,13.74,5000.0,5000.0,9844.440519809723,8960.45207977295,0.0,-767.0792192220688,416.38731956481934,1517.2334015369415
1,1375,13.75,5000.0,5000.0,9920.532405376434,10000.0,0.0,0.0,76.09188556671143,1039.5479202270508
1,1376,13.76,5000.0,5000.0,9875.60659646988,10000.0,0.0,0.0,-44.925808906555176,0.0
1,1377,13.77,5000.0,5000.0,9848.49363565445,10000.0,0.0,0.0,-27.112960815429688,0.0
1,1378,13.780000000000001,5000.0,5000.0,9583.240449428558,10000.0,0.0,0.0,-265.2531862258911,0.0
1,1379,13.790000000000001,5000.0,5000.0,9433.563649654388,10000.0,0.0,0.0,-149.67679977416992,0.0
1,1380,13.8,5000.0,5000.0,9555.63098192215,10000.0,0.0,0.0,122.06733226776123,0.0
1,1381,13.81,5000.0,5000.0,9270.663857460022,10000.0,0.0,0.0,-284.9671244621277,0.0
1,1382,13.82,5000.0,8464.422821998596,9080.885350704193,7665.62819480896,0.0,3464.422821998596,-189.77850675582886,-2334.37180519104
1,1383,13.83,5000.0,9883.222579956055,8997.460901737213,5755.3960382938385,0.0,1418.7997579574585,-83.42444896697998,-1910.2321565151215
1,1384,13.84,5000.0,10000.0,9264.95760679245,5000.0,0.0,116.77742004394531,267.4967050552368,-755.3960382938385
1,1385,13.85,5000.0,10000.0,9436.773359775543,5535.7401445508,0.0,0.0,171.81575298309326,535.7401445508003
1,1386,13.86,5000.0,10000.0,9924.359619617462,5808.7000250816345,0.0,0.0,487.58625984191895,272.9598805308342
1,1387,13.870000000000001,5000.0,9793.255627155304,9957.933723926544,5548.166520893574,0.0,-206.74437284469604,33.57410430908203,-260.53350418806076
1,1388,13.88,5000.0,7250.003814697266,10000.0,5150.5836471915245,0.0,-2543.2518124580383,42.06627607345581,-397.58287370204926
1,1389,13.89,5000.0,5000.0,9391.04050397873,8180.466294288635,0.0,-2250.0038146972656,-608.9594960212708,3029.8826470971107
1,1390,13.9,5000.0,5000.0,9961.754381656647,10000.0,0.0,0.0,570.7138776779175,1819.5337057113647
1,1391,13.91,5000.0,5000.0,9954.395592212677,10000.0,0.0,0.0,-7.358789443969727,0.0
1,1392,13.92,5000.0,5000.0,9889.013767242432,10000.0,0.0,0.0,-65.38182497024536,0.0
1,1393,13.93,5000.0,5000.0,9840.579628944397,10000.0,0.0,0.0,-48.43413829803467,0.0
1,1394,13.94,5000.0,5000.0,9433.766901493073,10000.0,0.0,0.0,-406.81272745132446,0.0
1,1395,13.950000000000001,5000.0,5000.0,9467.73499250412,10000.0,0.0,0.0,33.96809101104736,0.0
1,1396,13.96,5000.0,5000.0,9368.14695596695,10000.0,0.0,0.0,-99.58803653717041,0.0
1,1397,13.97,5000.0,5000.0,9091.323912143707,10000.0,0.0,0.0,-276.8230438232422,0.0
1,1398,13.98,5000.0,9308.084845542908,9157.83166885376,6467.600166797638,0.0,4308.084845542908,66.50775671005249,-3532.399833202362
1,1399,13.99,5000.0,9867.503046989441,8942.548334598541,5318.073369562626,0.0,559.4182014465332,-215.2833342552185,-1149.526797235012
1,1400,14.0,5000.0,10000.0,9252.260327339172,5201.029218733311,0.0,132.49695301055908,309.7119927406311,-117.04415082931519
1,1401,14.01,5000.0,10000.0,9530.521631240845,5825.865715742111,0.0,0.0,278.26130390167236,624.8364970088005
1,1402,14.02,5000.0,10000.0,9715.613424777985,5650.406777858734,0.0,0.0,185.0917935371399,-175.45893788337708
1,1403,14.030000000000001,5000.0,9573.02302122116,9987.554550170898,5135.955102741718,0.0,-426.9769787788391,271.9411253929138,-514.4516751170158
1,1404,14.040000000000001,5000.0,7120.552957057953,9002.703428268433,7555.954456329346,0.0,-2452.470064163208,-984.8511219024658,2419.9993535876274
1,1405,14.05,5000.0,5000.0,9743.972718715668,10000.0,0.0,-2120.552957057953,741.2692904472351,2444.0455436706543
1,1406,14.06,5000.0,5000.0,9928.801655769348,10000.0,0.0,0.0,184.82893705368042,0.0
1,1407,14.07,5000.0,5000.0,9862.06740140915,10000.0,0.0,0.0,-66.73425436019897,0.0
1,1408,14.08,5000.0,5000.0,9926.304519176483,10000.0,0.0,0.0,64.23711776733398,0.0
1,1409,14.09,5000.0,5000.0,9456.027746200562,10000.0,0.0,0.0,-470.27677297592163,0.0
1,1410,14.1,5000.0,5000.0,9279.169738292694,10000.0,0.0,0.0,-176.85800790786743,0.0
1,1411,14.11,5000.0,5000.0,9387.46839761734,10000.0,0.0,0.0,108.298659324646,0.0
1,1412,14.120000000000001,5000.0,5000.0,9156.434535980225,10000.0,0.0,0.0,-231.03386163711548,0.0
1,1413,14.13,5000.0,7878.340780735016,8787.069022655487,8511.979579925537,0.0,2878.340780735016,-369.36551332473755,-1488.020420074463
1,1414,14.14,5000.0,9803.47752571106,8868.713080883026,5938.708931207657,0.0,1925.1367449760437,81.64405822753906,-2573.2706487178802
1,1415,14.15,5000.0,10000.0,9019.714891910553,5000.0,0.0,196.52247428894043,151.00181102752686,-938.7089312076569
1,1416,14.16,5000.0,10000.0,9180.931746959686,5605.877973139286,0.0,0.0,161.2168550491333,605.877973139286
1,1417,14.17,5000.0,10000.0,9608.75540971756,5717.2611355781555,0.0,0.0,427.82366275787354,111.38316243886948
1,1418,14.18,5000.0,10000.0,9583.442509174347,5270.768590271473,0.0,0.0,-25.31290054321289,-446.4925453066826
1,1419,14.19,5000.0,8638.31341266632,9631.146490573883,5603.87846082449,0.0,-1361.6865873336792,47.70398139953613,333.10987055301666
1,1420,14.200000000000001,5000.0,5000.0,9032.160937786102,8461.558222770691,0.0,-3638.313412666321,-598.9855527877808,2857.6797619462013
1,1421,14.21,5000.0,5000.0,9889.865815639496,10000.0,0.0,0.0,857.7048778533936,1538.441777229309
1,1422,14.22,5000.0,5000.0,9875.743091106415,10000.0,0.0,0.0,-14.122724533081055,0.0
1,1423,14.23,5000.0,5000.0,9842.205047607422,10000.0,0.0,0.0,-33.53804349899292,0.0
1,1424,14.24,5000.0,5000.0,9656.493961811066,10000.0,0.0,0.0,-185.7110857963562,0.0
1,1425,14.25,5000.0,5000.0,9185.00304222107,10000.0,0.0,0.0,-471.49091958999634,0.0
1,1426,14.26,5000.0,5000.0,9445.57636976242,10000.0,0.0,0.0,260.5733275413513,0.0
1,1427,14.27,5000.0,5000.0,9268.178939819336,10000.0,0.0,0.0,-177.39742994308472,0.0
1,1428,14.280000000000001,5000.0,5000.0,9054.84825372696,10000.0,0.0,0.0,-213.3306860923767,0.0
1,1429,14.290000000000001,5000.0,8899.427950382233,8719.898462295532,7957.059741020203,0.0,3899.4279503822327,-334.949791431427,-2042.9402589797974
1,1430,14.3,5000.0,9874.604940414429,8894.573748111725,5096.2008908391,0.0,975.176990032196,174.67528581619263,-2860.8588501811028
1,1431,14.31,5000.0,9986.240863800049,8941.971957683563,5160.826779901981,0.0,111.63592338562012,47.39820957183838,64.62588906288147
1,1432,14.32,5000.0,10000.0,9366.050958633423,6123.951077461243,0.0,13.759136199951172,424.0790009498596,963.1242975592613
1,1433,14.33,5000.0,10000.0,9641.540348529816,5344.236828386784,0.0,0.0,275.4893898963928,-779.7142490744591
1,1434,14.34,5000.0,10000.0,9513.54295015335,5183.667577803135,0.0,0.0,-127.99739837646484,-160.56925058364868
1,1435,14.35,5000.0,7926.859259605408,8767.732679843903,7817.128896713257,0.0,-2073.1407403945923,-745.8102703094482,2633.461318910122
1,1436,14.36,5000.0,5000.0,9515.089392662048,10000.0,0.0,-2926.8592596054077,747.3567128181458,2182.871103286743
1,1437,14.370000000000001,5000.0,5000.0,9809.862673282623,10000.0,0.0,0.0,294.77328062057495,0.0
1,1438,14.38,5000.0,5000.0,9739.390909671783,10000.0,0.0,0.0,-70.47176361083984,0.0
1,1439,14.39,5000.0,5000.0,9793.18231344223,10000.0,0.0,0.0,53.79140377044678,0.0
1,1440,14.4,5000.0,5000.0,9217.218458652496,10000.0,0.0,0.0,-575.9638547897339,0.0
1,1441,14.41,5000.0,5000.0,9172.055423259735,10000.0,0.0,0.0,-45.16303539276123,0.0
1,1442,14.42,5000.0,5000.0,9292.696416378021,10000.0,0.0,0.0,120.64099311828613,0.0
1,1443,14.43,5000.0,5000.0,9199.139773845673,10000.0,0.0,0.0,-93.55664253234863,0.0
1,1444,14.44,5000.0,6847.569644451141,8768.811225891113,9805.497229099274,0.0,1847.5696444511414,-430.3285479545593,-194.50277090072632
1,1445,14.450000000000001,5000.0,9584.721326828003,8737.286627292633,6602.809280157089,0.0,2737.1516823768616,-31.524598598480225,-3202.6879489421844
1,1446,14.46,5000.0,9926.62489414215,8915.39841890335,5000.0,0.0,341.90356731414795,178.11179161071777,-1602.8092801570892
1,1447,14.47,5000.0,9904.155731201172,8972.186744213104,5950.480401515961,0.0,-22.469162940979004,56.78832530975342,950.4804015159607
1,1448,14.48,5000.0,10000.0,9490.47327041626,5861.917734146118,0.0,95.84426879882812,518.2865262031555,-88.56266736984253
1,1449,14.49,5000.0,10000.0,9404.824078083038,5389.07628506422,0.0,0.0,-85.64919233322144,-472.84144908189774
1,1450,14.5,5000.0,9705.337882041931,8937.557637691498,6201.4347314834595,0.0,-294.66211795806885,-467.2664403915405,812.358446419239
1,1451,14.51,5000.0,6195.565238595009,8623.77256155014,8831.552267074585,0.0,-3509.7726434469223,-313.7850761413574,2630.1175355911255
1,1452,14.52,5000.0,5000.0,9628.39275598526,10000.0,0.0,-1195.5652385950089,1004.6201944351196,1168.447732925415
1,1453,14.530000000000001,5000.0,5000.0,9680.727124214172,10000.0,0.0,0.0,52.33436822891235,0.0
1,1454,14.540000000000001,5000.0,5000.0,9695.313274860382,10000.0,0.0,0.0,14.586150646209717,0.0
1,1455,14.55,5000.0,5000.0,9409.583508968353,10000.0,0.0,0.0,-285.7297658920288,0.0
1,1456,14.56,5000.0,5000.0,9010.71012020111,10000.0,0.0,0.0,-398.87338876724243,0.0
1,1457,14.57,5000.0,5000.0,9287.870526313782,10000.0,0.0,0.0,277.1604061126709,0.0
1,1458,14.58,5000.0,5000.0,9352.331757545471,10000.0,0.0,0.0,64.46123123168945,0.0
1,1459,14.59,5000.0,5000.0,9152.173101902008,10000.0,0.0,0.0,-200.15865564346313,0.0
1,1460,14.6,5000.0,8644.934296607971,8820.892870426178,8864.941895008087,0.0,3644.934296607971,-331.2802314758301,-1135.0581049919128
1,1461,14.61,5000.0,9805.380403995514,8868.337869644165,5669.478476047516,0.0,1160.4461073875427,47.44499921798706,-3195.4634189605713
1,1462,14.620000000000001,5000.0,9903.494119644165,8908.3993434906,5253.819115459919,0.0,98.11371564865112,40.06147384643555,-415.6593605875969
1,1463,14.63,5000.0,9957.83805847168,9222.387671470642,6237.986832857132,0.0,54.34393882751465,313.9883279800415,984.167717397213
1,1464,14.64,5000.0,10000.0,9586.752355098724,5645.485073328018,0.0,42.16194152832031,364.3646836280823,-592.5017595291138
1,1465,14.65,5000.0,10000.0,9195.808470249176,5564.2471089959145,0.0,0.0,-390.94388484954834,-81.23796433210373
1,1466,14.66,5000.0,8974.07591342926,8333.643674850464,7905.543744564056,0.0,-1025.9240865707397,-862.1647953987122,2341.296635568142
1,1467,14.67,5000.0,5000.0,9183.328449726105,10000.0,0.0,-3974.0759134292603,849.6847748756409,2094.4562554359436
1,1468,14.68,5000.0,5000.0,9652.63158082962,10000.0,0.0,0.0,469.3031311035156,0.0
1,1469,14.69,5000.0,5000.0,9538.888037204742,10000.0,0.0,0.0,-113.74354362487793,0.0
1,1470,14.700000000000001,5000.0,5000.0,9502.65258550644,10000.0,0.0,0.0,-36.23545169830322,0.0
1,1471,14.71,5000.0,5000.0,9013.18073272705,10000.0,0.0,0.0,-489.4718527793884,0.0
1,1472,14.72,5000.0,5000.0,8943.168222904205,10000.0,0.0,0.0,-70.01250982284546,0.0
1,1473,14.73,5000.0,5000.0,9352.969229221344,10000.0,0.0,0.0,409.8010063171387,0.0
1,1474,14.74,5000.0,5000.0,9484.735131263733,10000.0,0.0,0.0,131.76590204238892,0.0
1,1475,14.75,5000.0,6941.75511598587,8992.485105991364,10000.0,0.0,1941.7551159858704,-492.2500252723694,0.0
1,1476,14.76,5000.0,9383.090138435364,8945.81913948059,7973.076105117798,0.0,2441.3350224494934,-46.665966510772705,-2026.9238948822021
1,1477,14.77,5000.0,9875.080585479736,8766.776025295258,5285.892523825169,0.0,491.99044704437256,-179.04311418533325,-2687.1835812926292
1,1478,14.780000000000001,5000.0,9811.308681964874,9083.745777606964,5988.630056381226,0.0,-63.77190351486206,316.96975231170654,702.737532556057
1,1479,14.790000000000001,5000.0,9951.76374912262,9425.10336637497,6217.243075370789,0.0,140.45506715774536,341.35758876800537,228.613018989563
1,1480,14.8,5000.0,10000.0,9323.128759860992,5792.321264743805,0.0,48.23625087738037,-101.97460651397705,-424.92181062698364
1,1481,14.81,5000.0,9790.605306625366,8613.05147409439,6936.94531917572,0.0,-209.3946933746338,-710.0772857666016,1144.6240544319153
1,1482,14.82,5000.0,7561.3924860954285,8406.623005867004,8757.253587245941,0.0,-2229.2128205299377,-206.42846822738647,1820.308268070221
1,1483,14.83,5000.0,5000.0,9234.57533121109,10000.0,0.0,-2561.3924860954285,827.9523253440857,1242.7464127540588
1,1484,14.84,5000.0,5000.0,9441.654086112976,10000.0,0.0,0.0,207.078754901886,0.0
1,1485,14.85,5000.0,5000.0,9491.323232650757,10000.0,0.0,0.0,49.66914653778076,0.0
1,1486,14.86,5000.0,5000.0,9099.954068660736,10000.0,0.0,0.0,-391.36916399002075,0.0
1,1487,14.870000000000001,5000.0,5000.0,8778.336346149445,10000.0,0.0,0.0,-321.6177225112915,0.0
1,1488,14.88,5000.0,5000.0,9134.387075901031,10000.0,0.0,0.0,356.0507297515869,0.0
1,1489,14.89,5000.0,5000.0,9683.99852514267,10000.0,0.0,0.0,549.6114492416382,0.0
1,1490,14.9,5000.0,5319.7043389081955,9308.678805828094,10000.0,0.0,319.7043389081955,-375.3197193145752,0.0
1,1491,14.91,5000.0,8724.862337112427,9152.790606021881,9615.939855575562,0.0,3405.1579982042313,-155.88819980621338,-384.0601444244385
1,1492,14.92,5000.0,9755.451083183289,8977.856934070587,6209.343820810318,0.0,1030.5887460708618,-174.93367195129395,-3406.5960347652435
1,1493,14.93,5000.0,9874.92024898529,9017.17334985733,5554.698966443539,0.0,119.46916580200195,39.316415786743164,-654.6448543667793
1,1494,14.94,5000.0,9765.599071979523,9345.339834690094,6662.619560956955,0.0,-109.32117700576782,328.1664848327637,1107.9205945134163
1,1495,14.950000000000001,5000.0,9900.869727134705,9524.321258068085,6135.558634996414,0.0,135.27065515518188,178.98142337799072,-527.0609259605408
1,1496,14.96,5000.0,9999.921917915344,8855.84443807602,6224.685162305832,0.0,99.05219078063965,-668.4768199920654,89.12652730941772
1,1497,14.97,5099.767614156008,9197.908639907837,8140.302300453186,8298.046886920929,99.76761415600777,-802.0132780075073,-715.5421376228333,2073.361724615097
1,1498,14.98,5000.0,5000.0,8907.124698162079,10000.0,-99.76761415600777,-4197.908639907837,766.8223977088928,1701.953113079071
1,1499,14.99,5000.0,5000.0,9410.34346818924,10000.0,0.0,0.0,503.21877002716064,0.0
1,1500,15.0,5000.0,5000.0,9315.87666273117,10000.0,0.0,0.0,-94.46680545806885,0.0
1,1501,15.01,5000.0,5000.0,9136.565625667572,10000.0,0.0,0.0,-179.31103706359863,0.0
1,1502,15.02,5000.0,5000.0,8721.974790096283,10000.0,0.0,0.0,-414.59083557128906,0.0
1,1503,15.030000000000001,5000.0,5000.0,8793.607950210571,10000.0,0.0,0.0,71.63316011428833,0.0
1,1504,15.040000000000001,5000.0,5000.0,9755.002558231354,10000.0,0.0,0.0,961.3946080207825,0.0
1,1505,15.05,5028.635731432587,5000.0,9647.668600082397,10000.0,28.63573143258691,0.0,-107.3339581489563,0.0
1,1506,15.06,5000.0,8242.853879928589,9283.333420753479,10000.0,-28.63573143258691,3242.853879928589,-364.33517932891846,0.0
1,1507,15.07,5000.0,9417.179822921753,9294.205009937286,7955.236434936523,0.0,1174.325942993164,10.871589183807373,-2044.7635650634766
1,1508,15.08,5000.0,9822.511076927185,8849.190771579742,5653.253793716431,0.0,405.33125400543213,-445.01423835754395,-2301.982641220093
1,1509,15.09,5000.0,9591.435492038727,9263.164699077606,6895.731538534164,0.0,-231.07558488845825,413.97392749786377,1242.4777448177338
1,1510,15.1,5000.0,9677.300453186035,9562.50011920929,6687.404960393906,0.0,85.86496114730835,299.33542013168335,-208.3265781402588
1,1511,15.11,5000.0,9774.762988090515,9421.248733997345,6326.276808977127,0.0,97.46253490447998,-141.25138521194458,-361.12815141677856
1,1512,15.120000000000001,5067.611578851938,9418.399631977081,8358.374834060669,8224.754631519318,67.61157885193825,-356.36335611343384,-1062.873899936676,1898.4778225421906
1,1513,15.13,5000.0,6984.188258647919,8291.671574115753,9696.547389030457,-67.61157885193825,-2434.2113733291626,-66.70325994491577,1471.792757511139
1,1514,15.14,5000.0,5000.0,8986.988961696625,10000.0,0.0,-1984.1882586479187,695.3173875808716,303.45261096954346
1,1515,15.15,5000.0,5000.0,9227.328598499298,10000.0,0.0,0.0,240.33963680267334,0.0
1,1516,15.16,5000.0,5000.0,9080.394804477692,10000.0,0.0,0.0,-146.93379402160645,0.0
1,1517,15.17,5000.0,5000.0,8753.138482570648,10000.0,0.0,0.0,-327.25632190704346,0.0
1,1518,15.18,5000.0,5000.0,8714.094460010529,10000.0,0.0,0.0,-39.04402256011963,0.0
1,1519,15.19,5000.0,5000.0,9520.218074321747,10000.0,0.0,0.0,806.1236143112183,0.0
1,1520,15.200000000000001,5097.350347787142,5000.0,9858.941733837128,10000.0,97.3503477871418,0.0,338.72365951538086,0.0
1,1521,15.21,5222.997236996889,7187.897861003876,9521.614611148834,10000.0,125.64688920974731,2187.8978610038757,-337.32712268829346,0.0
1,1522,15.22,5000.0,9056.228697299957,9472.902715206146,8725.749850273132,-222.99723699688911,1868.3308362960815,-48.71189594268799,-1274.2501497268677
1,1523,15.23,5000.0,9682.220220565796,8934.345543384552,6448.180079460144,0.0,625.9915232658386,-538.5571718215942,-2277.5697708129883
1,1524,15.24,5000.0,9497.911930084229,9285.474121570587,6888.817697763443,0.0,-184.30829048156738,351.12857818603516,440.63761830329895
1,1525,15.25,5000.0,9394.831657409668,9684.666693210602,7310.312241315842,0.0,-103.08027267456055,399.19257164001465,421.4945435523987
1,1526,15.26,5000.0,9616.205096244812,9565.314948558807,6525.045037269592,0.0,221.37343883514404,-119.35174465179443,-785.2672040462494
1,1527,15.27,5219.680387526751,9448.550343513489,8753.981292247772,8174.930810928345,219.68038752675056,-167.65475273132324,-811.3336563110352,1649.8857736587524
1,1528,15.280000000000001,5273.855496197939,8517.76510477066,7982.214689254761,9235.292673110962,54.175108671188354,-930.7852387428284,-771.7666029930115,1060.3618621826172
1,1529,15.290000000000001,5000.0,5000.0,8735.832870006561,10000.0,-273.8554961979389,-3517.7651047706604,753.6181807518005,764.7073268890381
1,1530,15.3,5000.0,5000.0,9191.52319431305,10000.0,0.0,0.0,455.69032430648804,0.0
1,1531,15.31,5000.0,5000.0,9025.810658931732,10000.0,0.0,0.0,-165.71253538131714,0.0
1,1532,15.32,5000.0,5000.0,8722.97316789627,10000.0,0.0,0.0,-302.8374910354614,0.0
1,1533,15.33,5000.0,5000.0,8720.638453960419,10000.0,0.0,0.0,-2.334713935852051,0.0
1,1534,15.34,5000.0,5000.0,9539.10380601883,10000.0,0.0,0.0,818.4653520584106,0.0
1,1535,15.35,5220.859814435244,5000.0,10000.0,10000.0,220.8598144352436,0.0,460.89619398117065,0.0
1,1536,15.36,5428.851954638958,7456.923723220825,9616.931974887848,10000.0,207.99214020371437,2456.923723220825,-383.0680251121521,0.0
1,1537,15.370000000000001,5000.0,9046.51165008545,9644.458889961243,8883.217871189117,-428.851954638958,1589.587926864624,27.526915073394775,-1116.7821288108826
1,1538,15.38,5000.0,9593.019187450409,9026.113748550415,6720.424294471741,0.0,546.5075373649597,-618.3451414108276,-2162.7935767173767
1,1539,15.39,5000.0,9343.594014644623,9410.633146762848,7220.785915851593,0.0,-249.42517280578613,384.51939821243286,500.3616213798523
1,1540,15.4,5000.0,9186.524152755737,9830.590784549713,7677.291035652161,0.0,-157.0698618888855,419.95763778686523,456.5051198005676
1,1541,15.41,5000.0,9452.108442783356,9623.164534568787,6858.827322721481,0.0,265.5842900276184,-207.4262499809265,-818.4637129306793
1,1542,15.42,5407.530851662159,9349.835813045502,8959.512412548065,8353.93875837326,407.53085166215897,-102.272629737854,-663.6521220207214,1495.1114356517792
1,1543,15.43,5254.342947155237,8295.575082302094,7975.646555423737,9903.770089149475,-153.18790450692177,-1054.2607307434082,-983.8658571243286,1549.8313307762146
1,1544,15.44,5000.0,5000.0,8628.519177436829,10000.0,-254.3429471552372,-3295.5750823020935,652.872622013092,96.2299108505249
1,1545,15.450000000000001,5000.0,5000.0,9072.143137454987,10000.0,0.0,0.0,443.62396001815796,0.0
1,1546,15.46,5000.0,5000.0,8881.155550479889,10000.0,0.0,0.0,-190.98758697509766,0.0
1,1547,15.47,5000.0,5000.0,8635.420799255371,10000.0,0.0,0.0,-245.73475122451782,0.0
1,1548,15.48,5000.0,5000.0,8878.202140331268,10000.0,0.0,0.0,242.78134107589722,0.0
1,1549,15.49,5000.0,5000.0,9944.607019424438,10000.0,0.0,0.0,1066.4048790931702,0.0
1,1550,15.5,5402.527488768101,5971.540808677673,9916.97371006012,10000.0,402.52748876810074,971.5408086776733,-27.633309364318848,0.0
1,1551,15.51,5586.354769766331,8563.89045715332,9745.764434337616,10000.0,183.82728099822998,2592.349648475647,-171.20927572250366,0.0
1,1552,15.52,5000.0,9215.792119503021,9565.748274326324,8032.592535018921,-586.3547697663307,651.9016623497009,-180.0161600112915,-1967.407464981079
1,1553,15.530000000000001,5000.0,9507.609009742737,9161.52685880661,6789.809167385101,0.0,291.8168902397156,-404.22141551971436,-1242.7833676338196
1,1554,15.540000000000001,5000.0,9122.722446918488,9741.969108581543,7852.859795093536,0.0,-384.88656282424927,580.4422497749329,1063.050627708435
1,1555,15.55,5000.0,9109.210968017578,9806.119501590729,7707.668244838715,0.0,-13.511478900909424,64.15039300918579,-145.19155025482178
1,1556,15.56,5000.0,9393.5027718544,9712.862074375153,7322.316914796829,0.0,284.2918038368225,-93.25742721557617,-385.3513300418854
1,1557,15.57,5563.019849359989,9135.119020938873,8667.400181293488,9091.90058708191,563.0198493599892,-258.38375091552734,-1045.461893081665,1769.58367228508
1,1558,15.58,5000.0,6761.532127857208,8172.843754291534,10000.0,-563.0198493599892,-2373.586893081665,-494.5564270019531,908.0994129180908
1,1559,15.59,5000.0,5000.0,8687.83712387085,10000.0,0.0,-1761.5321278572083,514.9933695793152,0.0
1,1560,15.6,5000.0,5000.0,8966.544568538666,10000.0,0.0,0.0,278.70744466781616,0.0
1,1561,15.610000000000001,5000.0,5000.0,8734.11476612091,10000.0,0.0,0.0,-232.42980241775513,0.0
1,1562,15.620000000000001,5000.0,5000.0,8723.604679107666,10000.0,0.0,0.0,-10.510087013244629,0.0
1,1563,15.63,5000.0,5000.0,9395.743310451508,10000.0,0.0,0.0,672.1386313438416,0.0
1,1564,15.64,5220.705363899469,5334.207639098167,10000.0,10000.0,220.70536389946938,334.2076390981674,604.2566895484924,0.0
1,1565,15.65,5691.423863172531,6918.977200984955,9842.889606952667,10000.0,470.71849927306175,1584.7695618867874,-157.11039304733276,0.0
1,1566,15.66,5146.586913615465,8902.116417884827,9958.63676071167,10000.0,-544.836949557066,1983.1392168998718,115.74715375900269,0.0
1,1567,15.67,5000.0,9392.966628074646,9307.434856891632,7157.3506295681,-146.58691361546516,490.85021018981934,-651.2019038200378,-2842.6493704319
1,1568,15.68,5000.0,9129.426181316376,9592.521488666534,7567.68524646759,0.0,-263.54044675827026,285.08663177490234,410.33461689949036
1,1569,15.69,5000.0,8852.349817752838,10000.0,8325.274586677551,0.0,-277.0763635635376,407.4785113334656,757.5893402099609
1,1570,15.700000000000001,5000.0,9119.917452335358,9741.669595241547,7513.895630836487,0.0,267.56763458251953,-258.33040475845337,-811.3789558410645
1,1571,15.71,5629.762783646584,9157.89246559143,9525.416493415833,8578.0930519104,629.7627836465836,37.975013256073,-216.2531018257141,1064.1974210739136
1,1572,15.72,5365.199409425259,8626.19161605835,8192.722797393799,10000.0,-264.5633742213249,-531.700849533081,-1332.6936960220337,1421.9069480895996
1,1573,15.73,5000.0,5000.0,8469.780385494232,10000.0,-365.19940942525864,-3626.1916160583496,277.05758810043335,0.0
1,1574,15.74,5000.0,5000.0,8818.402886390686,10000.0,0.0,0.0,348.62250089645386,0.0
1,1575,15.75,5000.0,5000.0,8760.365545749664,10000.0,0.0,0.0,-58.03734064102173,0.0
1,1576,15.76,5000.0,5000.0,8775.578737258911,10000.0,0.0,0.0,15.213191509246826,0.0
1,1577,15.77,5000.0,5000.0,9300.427734851837,10000.0,0.0,0.0,524.848997592926,0.0
1,1578,15.780000000000001,5184.78998914361,5259.952619671822,10000.0,10000.0,184.78998914361,259.9526196718216,699.5722651481628,0.0
1,1579,15.790000000000001,5734.700262546539,6901.699602603912,9891.453087329865,10000.0,549.9102734029293,1641.7469829320908,-108.5469126701355,0.0
1,1580,15.8,5374.778620898724,8851.852118968964,10000.0,10000.0,-359.9216416478157,1950.1525163650513,108.5469126701355,0.0
1,1581,15.81,5000.0,9295.666515827179,9458.427727222443,7435.629814863205,-374.7786208987236,443.81439685821533,-541.5722727775574,-2564.370185136795
1,1582,15.82,5000.0,9056.922197341919,9635.922014713287,7660.723626613617,0.0,-238.74431848526,177.49428749084473,225.093811750412
1,1583,15.83,5000.0,8759.680986404419,10000.0,8719.067573547363,0.0,-297.2412109375,364.07798528671265,1058.3439469337463
1,1584,15.84,5000.0,8965.238332748413,9845.94076871872,7790.293395519257,0.0,205.55734634399414,-154.05923128128052,-928.7741780281067
1,1585,15.85,5626.414343714714,9069.584012031555,9722.582697868347,8855.080902576447,626.414343714714,104.34567928314209,-123.35807085037231,1064.78750705719
1,1586,15.860000000000001,5453.454218804836,8645.579814910889,8421.743214130402,10000.0,-172.96012490987778,-424.0041971206665,-1300.8394837379456,1144.9190974235535
1,1587,15.870000000000001,5000.0,5000.0,8439.547717571259,10000.0,-453.4542188048363,-3645.5798149108887,17.804503440856934,0.0
1,1588,15.88,5000.0,5000.0,8695.08296251297,10000.0,0.0,0.0,255.53524494171143,0.0
1,1589,15.89,5000.0,5000.0,8764.57303762436,10000.0,0.0,0.0,69.49007511138916,0.0
1,1590,15.9,5000.0,5000.0,8960.656523704529,10000.0,0.0,0.0,196.08348608016968,0.0
1,1591,15.91,5000.0,5000.0,9529.105722904205,10000.0,0.0,0.0,568.4491991996765,0.0
1,1592,15.92,5421.331189572811,6271.50371670723,10000.0,10000.0,421.3311895728111,1271.5037167072296,470.8942770957947,0.0
1,1593,15.93,5966.8028354644775,8454.315960407257,9777.67288684845,10000.0,545.4716458916664,2182.8122437000275,-222.3271131515503,0.0
1,1594,15.94,5173.347312957048,8926.231265068054,10000.0,10000.0,-793.4555225074291,471.9153046607971,222.3271131515503,0.0
1,1595,15.950000000000001,5000.0,9235.418736934662,9377.545714378357,7400.209158658981,-173.34731295704842,309.18747186660767,-622.4542856216431,-2599.7908413410187
1,1596,15.96,5000.0,8834.325671195984,9976.77892446518,8342.780470848083,0.0,-401.093065738678,599.2332100868225,942.5713121891022
1,1597,15.97,5000.0,8729.564845561981,10000.0,8956.87460899353,0.0,-104.76082563400269,23.221075534820557,614.0941381454468
1,1598,15.98,5000.0,8964.687585830688,9946.060478687286,7924.2658615112305,0.0,235.12274026870728,-53.93952131271362,-1032.6087474822998
1,1599,15.99,5789.689421653748,9046.57781124115,9585.738480091095,10000.0,789.6894216537476,81.89022541046143,-360.3219985961914,2075.7341384887695
1,1600,16.0,5158.619228750467,7008.599638938904,8338.609635829926,10000.0,-631.0701929032803,-2037.978172302246,-1247.1288442611694,0.0
1,1601,16.01,5000.0,5000.0,8503.876626491547,10000.0,-158.6192287504673,-2008.5996389389038,165.2669906616211,0.0
1,1602,16.02,5000.0,5000.0,8665.62008857727,10000.0,0.0,0.0,161.74346208572388,0.0
1,1603,16.03,5000.0,5000.0,8898.459374904633,10000.0,0.0,0.0,232.83928632736206,0.0
1,1604,16.04,5000.0,5000.0,9149.045050144196,10000.0,0.0,0.0,250.585675239563,0.0
1,1605,16.05,5147.400218993425,6237.8958612680435,9932.18868970871,10000.0,147.40021899342537,1237.8958612680435,783.1436395645142,0.0
1,1606,16.06,5876.506492495537,7795.656621456146,9920.263588428497,10000.0,729.1062735021114,1557.7607601881027,-11.925101280212402,0.0
1,1607,16.07,5778.961777687073,8832.861483097076,10000.0,10000.0,-97.54471480846405,1037.2048616409302,79.73641157150269,0.0
1,1608,16.080000000000002,5000.0,9118.77989768982,9732.788801193237,7961.575984954834,-778.9617776870728,285.9184145927429,-267.2111988067627,-2038.424015045166
1,1609,16.09,5000.0,8913.222253322601,9752.358496189117,7886.450290679932,0.0,-205.55764436721802,19.569694995880127,-75.12569427490234
1,1610,16.1,5000.0,8636.693954467773,10000.0,9987.029433250427,0.0,-276.5282988548279,247.64150381088257,2100.5791425704956
1,1611,16.11,5000.0,8714.30218219757,10000.0,8436.374962329865,0.0,77.60822772979736,0.0,-1550.6544709205627
1,1612,16.12,5495.187975466251,8959.395587444305,10000.0,9707.822799682617,495.1879754662514,245.09340524673462,0.0,1271.4478373527527
1,1613,16.13,5722.955018281937,8725.993037223816,8898.775279521942,10000.0,227.76704281568527,-233.4025502204895,-1101.2247204780579,292.1772003173828
1,1614,16.14,5000.0,5000.0,8432.717621326447,10000.0,-722.9550182819366,-3725.993037223816,-466.0576581954956,0.0
1,1615,16.15,5000.0,5000.0,8575.685918331146,10000.0,0.0,0.0,142.9682970046997,0.0
1,1616,16.16,5000.0,5000.0,8940.212428569794,10000.0,0.0,0.0,364.52651023864746,0.0
1,1617,16.17,5000.0,5000.0,9126.2486577034,10000.0,0.0,0.0,186.03622913360596,0.0
1,1618,16.18,5000.0,6187.9563331604,9776.138365268707,10000.0,0.0,1187.9563331604004,649.8897075653076,0.0
1,1619,16.19,5872.557088732719,8034.537732601166,9981.322884559631,10000.0,872.5570887327194,1846.5813994407654,205.18451929092407,0.0
1,1620,16.2,5891.171917319298,8807.11317062378,10000.0,10000.0,18.61482858657837,772.5754380226135,18.677115440368652,0.0
1,1621,16.21,5000.0,9031.927287578583,9909.738600254059,8379.207849502563,-891.1719173192978,224.81411695480347,-90.26139974594116,-1620.7921504974365
1,1622,16.22,5000.0,8903.56421470642,9813.145697116852,7807.030081748962,0.0,-128.36307287216187,-96.59290313720703,-572.1777677536011
1,1623,16.23,5000.0,8592.614531517029,10000.0,10000.0,0.0,-310.9496831893921,186.8543028831482,2192.9699182510376
1,1624,16.240000000000002,5000.0,8636.839389801025,10000.0,9229.618906974792,0.0,44.22485828399658,0.0,-770.3810930252075
1,1625,16.25,5392.820052802563,8930.954933166504,10000.0,10000.0,392.8200528025627,294.1155433654785,0.0,770.3810930252075
1,1626,16.26,5938.156694173813,8938.716650009155,9167.810082435608,10000.0,545.3366413712502,7.761716842651367,-832.1899175643921,0.0
1,1627,16.27,5000.0,5692.103132605553,8391.65061712265,10000.0,-938.1566941738129,-3246.6135174036026,-776.1594653129578,0.0
1,1628,16.28,5000.0,5000.0,8598.94335269928,10000.0,0.0,-692.1031326055527,207.29273557662964,0.0
1,1629,16.29,5000.0,5000.0,9011.466801166534,10000.0,0.0,0.0,412.52344846725464,0.0
1,1630,16.3,5000.0,5000.0,9091.0604596138,10000.0,0.0,0.0,79.59365844726562,0.0
1,1631,16.31,5136.143136769533,6414.121687412262,9885.478913784027,10000.0,136.14313676953316,1414.121687412262,794.418454170227,0.0
1,1632,16.32,5897.226929664612,8473.14327955246,9957.09627866745,10000.0,761.0837928950787,2059.0215921401978,71.61736488342285,0.0
1,1633,16.330000000000002,5835.637226700783,8832.319378852844,10000.0,10000.0,-61.58970296382904,359.1760993003845,42.90372133255005,0.0
1,1634,16.34,5000.0,9033.234715461731,9892.34209060669,8057.35170841217,-835.6372267007828,200.91533660888672,-107.65790939331055,-1942.6482915878296
1,1635,16.35,5000.0,8741.48428440094,10000.0,8184.109926223755,0.0,-291.750431060791,107.65790939331055,126.75821781158447
1,1636,16.36,5000.0,8535.698056221008,10000.0,10000.0,0.0,-205.78622817993164,0.0,1815.8900737762451
1,1637,16.37,5000.0,8582.514226436615,10000.0,9616.248607635498,0.0,46.81617021560669,0.0,-383.75139236450195
1,1638,16.38,5508.4193125367165,8919.907808303833,10000.0,10000.0,508.41931253671646,337.393581867218,0.0,383.75139236450195
1,1639,16.39,5761.824399232864,8386.72250509262,8957.3273062706,10000.0,253.40508669614792,-533.1853032112122,-1042.6726937294006,0.0
1,1640,16.4,5000.0,5000.0,8528.59616279602,10000.0,-761.8243992328644,-3386.722505092621,-428.73114347457886,0.0
1,1641,16.41,5000.0,5000.0,8707.821667194366,10000.0,0.0,0.0,179.22550439834595,0.0
1,1642,16.42,5000.0,5000.0,9076.42513513565,10000.0,0.0,0.0,368.6034679412842,0.0
1,1643,16.43,5000.0,5948.802158236504,9239.53264951706,10000.0,0.0,948.8021582365036,163.1075143814087,0.0
1,1644,16.44,5506.753660738468,7219.002544879913,10000.0,10000.0,506.75366073846817,1270.2003866434097,760.4673504829407,0.0
1,1645,16.45,5888.983607292175,8664.399087429047,10000.0,10000.0,382.2299465537071,1445.3965425491333,0.0,0.0
1,1646,16.46,5595.227591693401,8816.830813884735,10000.0,10000.0,-293.75601559877396,152.43172645568848,0.0,0.0
1,1647,16.47,5000.0,8936.739265918732,9940.702617168427,7733.584046363831,-595.2275916934013,119.90845203399658,-59.297382831573486,-2266.4159536361694
1,1648,16.48,5000.0,8564.9973154068,10000.0,10000.0,0.0,-371.7419505119324,59.297382831573486,2266.4159536361694
1,1649,16.490000000000002,5000.0,8536.50987148285,10000.0,10000.0,0.0,-28.487443923950195,0.0,0.0
1,1650,16.5,5022.3175645805895,8722.947239875793,10000.0,9825.202822685242,22.317564580589533,186.43736839294434,0.0,-174.7971773147583
1,1651,16.51,5999.0716725587845,9025.644659996033,9895.709455013275,10000.0,976.754107978195,302.69742012023926,-104.29054498672485,174.7971773147583
1,1652,16.52,5458.111874759197,6905.599534511566,8646.763563156128,10000.0,-540.9597977995872,-2120.0451254844666,-1248.9458918571472,0.0
1,1653,16.53,5000.0,5000.0,8610.625267028809,10000.0,-458.11187475919724,-1905.5995345115662,-36.138296127319336,0.0
1,1654,16.54,5000.0,5000.0,8989.181220531464,10000.0,0.0,0.0,378.55595350265503,0.0
1,1655,16.55,5000.0,5508.701577782631,9060.026109218597,10000.0,0.0,508.7015777826309,70.84488868713379,0.0
1,1656,16.56,5155.390668660402,6841.258704662323,9795.370399951935,10000.0,155.3906686604023,1332.557126879692,735.3442907333374,0.0
1,1657,16.57,5796.070024371147,8538.262248039246,10000.0,10000.0,640.6793557107449,1697.0035433769226,204.62960004806519,0.0
1,1658,16.580000000000002,5824.351608753204,8790.098428726196,10000.0,10000.0,28.28158438205719,251.83618068695068,0.0,0.0
1,1659,16.59,5037.988668773323,8936.86294555664,10000.0,8303.059041500092,-786.362939979881,146.76451683044434,0.0,-1696.9409584999084
1,1660,16.6,5000.0,8599.729537963867,10000.0,8390.223383903503,-37.9886687733233,-337.13340759277344,0.0,87.16434240341187
1,1661,16.61,5000.0,8477.52183675766,10000.0,10000.0,0.0,-122.20770120620728,0.0,1609.7766160964966
1,1662,16.62,5000.0,8553.020358085632,10000.0,10000.0,0.0,75.49852132797241,0.0,0.0
1,1663,16.63,5624.618642032146,8874.379396438599,10000.0,10000.0,624.6186420321465,321.3590383529663,0.0,0.0
1,1664,16.64,5932.809934020042,8483.551442623138,9133.913218975067,10000.0,308.19129198789597,-390.8279538154602,-866.0867810249329,0.0
1,1665,16.65,5000.0,6037.376895546913,8530.897796154022,10000.0,-932.8099340200424,-2446.1745470762253,-603.0154228210449,0.0
1,1666,16.66,5000.0,5000.0,8847.627937793732,10000.0,0.0,-1037.3768955469131,316.7301416397095,0.0
1,1667,16.67,5000.0,5758.36755335331,9090.379178524017,10000.0,0.0,758.3675533533096,242.75124073028564,0.0
1,1668,16.68,5013.129136059433,6724.217236042023,9610.331654548645,10000.0,13.129136059433222,965.8496826887131,519.9524760246277,0.0
1,1669,16.69,5674.557983875275,8467.545807361603,10000.0,10000.0,661.4288478158414,1743.32857131958,389.668345451355,0.0
1,1670,16.7,5815.713852643967,8737.698793411255,10000.0,10000.0,141.15586876869202,270.1529860496521,0.0,0.0
1,1671,16.71,5323.7514570355415,8826.791644096375,10000.0,10000.0,-491.96239560842514,89.09285068511963,0.0,0.0
1,1672,16.72,5000.0,8676.075339317322,10000.0,7998.740971088409,-323.75145703554153,-150.71630477905273,0.0,-2001.2590289115906
1,1673,16.73,5000.0,8455.279469490051,10000.0,10000.0,0.0,-220.7958698272705,0.0,2001.2590289115906
1,1674,16.740000000000002,5000.0,8511.289656162262,10000.0,10000.0,0.0,56.01018667221069,0.0,0.0
1,1675,16.75,5563.290826976299,8813.811242580414,10000.0,10000.0,563.2908269762993,302.52158641815186,0.0,0.0
1,1676,16.76,6242.591738700867,8979.993760585785,9470.050632953644,10000.0,679.3009117245674,166.1825180053711,-529.9493670463562,0.0
1,1677,16.77,5293.866787105799,6615.255624055862,8634.671866893768,10000.0,-948.724951595068,-2364.7381365299225,-835.3787660598755,0.0
1,1678,16.78,5000.0,5886.950716376305,8714.10757303238,10000.0,-293.8667871057987,-728.3049076795578,79.43570613861084,0.0
1,1679,16.79,5000.0,5997.517630457878,9147.596657276154,10000.0,0.0,110.56691408157349,433.4890842437744,0.0
1,1680,16.8,5059.3713112175465,7097.679078578949,9536.846578121185,10000.0,59.37131121754646,1100.1614481210709,389.24992084503174,0.0
1,1681,16.81,5588.105954229832,8429.77374792099,10000.0,10000.0,528.7346430122852,1332.094669342041,463.1534218788147,0.0
1,1682,16.82,5798.919498920441,8692.4147605896,10000.0,10000.0,210.81354469060898,262.6410126686096,0.0,0.0
1,1683,16.830000000000002,5470.19187361002,8736.816048622131,10000.0,10000.0,-328.727625310421,44.40128803253174,0.0,0.0
1,1684,16.84,5000.0,8675.588369369507,10000.0,7969.496250152588,-470.1918736100197,-61.22767925262451,0.0,-2030.503749847412
1,1685,16.85,5000.0,8429.914712905884,10000.0,10000.0,0.0,-245.67365646362305,0.0,2030.503749847412
1,1686,16.86,5000.0,8467.68319606781,10000.0,10000.0,0.0,37.76848316192627,0.0,0.0
1,1687,16.87,5565.61503559351,8762.410879135132,10000.0,10000.0,565.6150355935097,294.7276830673218,0.0,0.0
1,1688,16.88,6306.383907794952,9021.697640419006,9703.791737556458,10000.0,740.7688722014427,259.2867612838745,-296.2082624435425,0.0
1,1689,16.89,5543.804951012135,6849.974989891052,8792.153298854828,10000.0,-762.5789567828178,-2171.722650527954,-911.6384387016296,0.0
1,1690,16.9,5000.0,6228.976771235466,8718.352019786835,10000.0,-543.8049510121346,-620.9982186555862,-73.80127906799316,0.0
1,1691,16.91,5000.0,6149.869337677956,9175.27824640274,10000.0,0.0,-79.10743355751038,456.92622661590576,0.0
1,1692,16.92,5141.6281051933765,7401.317358016968,9524.791836738586,10000.0,141.62810519337654,1251.4480203390121,349.51359033584595,0.0
1,1693,16.93,5536.746568977833,8399.594724178314,10000.0,10000.0,395.11846378445625,998.2773661613464,475.2081632614136,0.0
1,1694,16.94,5758.16422700882,8630.05816936493,10000.0,10000.0,221.4176580309868,230.463445186615,0.0,0.0
1,1695,16.95,5538.754723966122,8660.363554954529,10000.0,10000.0,-219.4095030426979,30.30538558959961,0.0,0.0
1,1696,16.96,5000.0,8651.943802833557,10000.0,7977.122664451599,-538.7547239661217,-8.41975212097168,0.0,-2022.8773355484009
1,1697,16.97,5612.758137285709,8345.873951911926,10000.0,10000.0,612.7581372857094,-306.06985092163086,0.0,2022.8773355484009
1,1698,16.98,5005.147031042725,8423.961400985718,10000.0,10000.0,-607.6111062429845,78.0874490737915,0.0,0.0
1,1699,16.990000000000002,5548.998601734638,8676.813542842865,10000.0,10000.0,543.8515706919134,252.85214185714722,0.0,0.0
1,1700,17.0,6300.976425409317,9026.753306388855,9920.37683725357,10000.0,751.9778236746788,349.93976354599,-79.62316274642944,0.0
1,1701,17.01,5924.132466316223,7542.010247707367,9119.484722614288,10000.0,-376.8439590930939,-1484.743058681488,-800.8921146392822,0.0
1,1702,17.02,5044.043380767107,6400.455832481384,8798.511624336243,10000.0,-880.0890855491161,-1141.5544152259827,-320.97309827804565,0.0
1,1703,17.03,5000.0,6278.659701347351,9196.442067623138,10000.0,-44.04338076710701,-121.7961311340332,397.93044328689575,0.0
1,1704,17.04,5273.797381669283,7934.298515319824,9572.966396808624,10000.0,273.7973816692829,1655.6388139724731,376.52432918548584,0.0
1,1705,17.05,5515.6561359763145,8379.06390428543,10000.0,10000.0,241.85875430703163,444.7653889656067,427.03360319137573,0.0
1,1706,17.06,5718.238055706024,8553.203046321869,10000.0,10000.0,202.58191972970963,174.139142036438,0.0,0.0
1,1707,17.07,5545.860640704632,8573.690950870514,10000.0,10000.0,-172.37741500139236,20.48790454864502,0.0,0.0
1,1708,17.080000000000002,5000.0,8598.553538322449,10000.0,7998.636960983276,-545.8606407046318,24.862587451934814,0.0,-2001.3630390167236
1,1709,17.09,6163.1739139556885,8273.214399814606,10000.0,10000.0,1163.1739139556885,-325.339138507843,0.0,2001.3630390167236
1,1710,17.1,5191.645789891481,8388.618230819702,10000.0,10000.0,-971.5281240642071,115.40383100509644,0.0,0.0
1,1711,17.11,5529.440529644489,8596.991896629333,10000.0,10000.0,337.7947397530079,208.37366580963135,0.0,0.0
1,1712,17.12,6324.85032081604,8977.45132446289,10000.0,10000.0,795.4097911715508,380.45942783355713,0.0,0.0
1,1713,17.13,6308.111399412155,8665.09735584259,9375.15765428543,10000.0,-16.738921403884888,-312.3539686203003,-624.8423457145691,0.0
1,1714,17.14,5421.256683766842,6667.07456111908,9084.160327911377,10000.0,-886.8547156453133,-1998.0227947235107,-290.99732637405396,0.0
1,1715,17.150000000000002,5048.935282975435,6541.15304350853,9327.889382839203,10000.0,-372.32140079140663,-125.92151761054993,243.72905492782593,0.0
1,1716,17.16,5432.501472532749,8301.02801322937,9622.417986392975,10000.0,383.5661895573139,1759.8749697208405,294.528603553772,0.0
1,1717,17.17,5528.470613062382,8372.377157211304,10000.0,10000.0,95.96914052963257,71.3491439819336,377.58201360702515,0.0
1,1718,17.18,5678.460597991943,8483.22331905365,10000.0,10000.0,149.98998492956161,110.84616184234619,0.0,0.0
1,1719,17.19,5564.067028462887,8509.088158607483,10000.0,10000.0,-114.39356952905655,25.864839553833008,0.0,0.0
1,1720,17.2,5000.0,8506.989479064941,10000.0,8109.361231327057,-564.0670284628868,-2.098679542541504,0.0,-1890.6387686729431
1,1721,17.21,6248.332262039185,8210.032880306244,10000.0,10000.0,1248.3322620391846,-296.9565987586975,0.0,1890.6387686729431
1,1722,17.22,6372.710317373276,8263.767659664154,10000.0,10000.0,124.37805533409119,53.734779357910156,0.0,0.0
1,1723,17.23,5442.91902333498,8494.581282138824,10000.0,10000.0,-929.7912940382957,230.8136224746704,0.0,0.0
1,1724,17.240000000000002,6289.044618606567,8876.32817029953,10000.0,10000.0,846.1255952715874,381.74688816070557,0.0,0.0
1,1725,17.25,6495.90864777565,8950.802683830261,9526.948034763336,10000.0,206.86402916908264,74.4745135307312,-473.0519652366638,0.0
1,1726,17.26,5861.824750900269,7321.416735649109,9378.90738248825,10000.0,-634.0838968753815,-1629.3859481811523,-148.04065227508545,0.0
1,1727,17.27,5360.327921807766,7380.97757101059,9383.043944835663,10000.0,-501.4968290925026,59.56083536148071,4.136562347412109,0.0
1,1728,17.28,5563.769675791264,8521.923422813416,9602.448046207428,10000.0,203.44175398349762,1140.945851802826,219.40410137176514,0.0
1,1729,17.29,5544.524975121021,8366.858959197998,10000.0,10000.0,-19.24470067024231,-155.06446361541748,397.551953792572,0.0
1,1730,17.3,5636.010617017746,8428.46542596817,10000.0,10000.0,91.4856418967247,61.60646677017212,0.0,0.0
1,1731,17.31,5641.2093341350555,8484.393060207367,10000.0,10000.0,5.19871711730957,55.92763423919678,0.0,0.0
1,1732,17.32,5099.800769239664,8380.224704742432,10000.0,8411.422967910767,-541.4085648953915,-104.1683554649353,0.0,-1588.5770320892334
1,1733,17.330000000000002,5770.591497421265,8129.294514656067,10000.0,8705.689311027527,670.7907281816006,-250.93019008636475,0.0,294.26634311676025
1,1734,17.34,6843.752562999725,8203.483819961548,10000.0,10000.0,1073.1610655784607,74.18930530548096,0.0,1294.3106889724731
1,1735,17.35,5339.610166847706,8415.088057518005,10000.0,10000.0,-1504.1423961520195,211.60423755645752,0.0,0.0
1,1736,17.36,6119.8484897613525,8711.913228034973,10000.0,10000.0,780.2383229136467,296.8251705169678,0.0,0.0
1,1737,17.37,6432.560533285141,8985.832333564758,9752.257168293,10000.0,312.71204352378845,273.91910552978516,-247.74283170700073,0.0
1,1738,17.38,6330.944150686264,8725.73345899582,9481.898248195648,10000.0,-101.61638259887695,-260.0988745689392,-270.3589200973511,0.0
1,1739,17.39,5982.463359832764,8676.18054151535,9510.6902718544,10000.0,-348.48079085350037,-49.55291748046875,28.79202365875244,0.0
1,1740,17.400000000000002,5834.463387727737,8720.811009407043,9716.080129146576,10000.0,-147.99997210502625,44.630467891693115,205.3898572921753,0.0
1,1741,17.41,5595.309771597385,8371.747732162476,10000.0,10000.0,-239.15361613035202,-349.06327724456787,283.9198708534241,0.0
1,1742,17.42,5582.046620547771,8389.490842819214,10000.0,10000.0,-13.263151049613953,17.74311065673828,0.0,0.0
1,1743,17.43,5660.805031657219,8445.704877376556,10000.0,10000.0,78.75841110944748,56.21403455734253,0.0,0.0
1,1744,17.44,5290.228519588709,8407.369256019592,10000.0,10000.0,-370.57651206851006,-38.33562135696411,0.0,0.0
1,1745,17.45,5000.0,8256.576955318451,10000.0,8278.802633285522,-290.2285195887089,-150.79230070114136,0.0,-1721.1973667144775
1,1746,17.46,6853.444278240204,8184.501528739929,10000.0,10000.0,1853.4442782402039,-72.07542657852173,0.0,1721.1973667144775
1,1747,17.47,5449.428893625736,8344.510197639465,10000.0,10000.0,-1404.0153846144676,160.00866889953613,0.0,0.0
1,1748,17.48,5741.326659917831,8535.478413105011,10000.0,10000.0,291.8977662920952,190.96821546554565,0.0,0.0
1,1749,17.490000000000002,6390.151530504227,8858.655393123627,10000.0,10000.0,648.8248705863953,323.1769800186157,0.0,0.0
1,1750,17.5,6509.156972169876,8976.9446849823,9670.584201812744,10000.0,119.00544166564941,118.2892918586731,-329.41579818725586,0.0
1,1751,17.51,6370.023936033249,8850.821852684021,9638.684093952179,10000.0,-139.1330361366272,-126.12283229827881,-31.900107860565186,0.0
1,1752,17.52,6148.856058716774,8893.19121837616,9730.08245229721,10000.0,-221.16787731647491,42.36936569213867,91.39835834503174,0.0
1,1753,17.53,5968.1641310453415,8633.709847927094,10000.0,10000.0,-180.6919276714325,-259.48137044906616,269.9175477027893,0.0
1,1754,17.54,5589.897520840168,8371.094167232513,10000.0,10000.0,-378.2666102051735,-262.6156806945801,0.0,0.0
1,1755,17.55,5608.303584158421,8391.277492046356,10000.0,10000.0,18.406063318252563,20.183324813842773,0.0,0.0
1,1756,17.56,5541.663058102131,8412.67466545105,10000.0,10000.0,-66.64052605628967,21.397173404693604,0.0,0.0
1,1757,17.57,5127.713996917009,8217.808306217194,10000.0,8462.606072425842,-413.94906118512154,-194.8663592338562,0.0,-1537.3939275741577
1,1758,17.580000000000002,5644.30333673954,8070.4838037490845,10000.0,8444.440960884094,516.5893398225307,-147.32450246810913,0.0,-18.165111541748047
1,1759,17.59,6946.764141321182,8173.638880252838,10000.0,10000.0,1302.4608045816422,103.15507650375366,0.0,1555.5590391159058
1,1760,17.6,5351.839698851109,8380.296528339386,10000.0,10000.0,-1594.9244424700737,206.65764808654785,0.0,0.0
1,1761,17.61,5954.398736357689,8580.336570739746,10000.0,10000.0,602.5590375065804,200.0400424003601,0.0,0.0
1,1762,17.62,6416.868716478348,8883.263766765594,10000.0,10000.0,462.4699801206589,302.9271960258484,0.0,0.0
1,1763,17.63,6513.08074593544,8970.91418504715,9726.648032665253,10000.0,96.21202945709229,87.65041828155518,-273.3519673347473,0.0
1,1764,17.64,6442.831009626389,8946.476578712463,9788.939654827118,10000.0,-70.24973630905151,-24.43760633468628,62.291622161865234,0.0
1,1765,17.650000000000002,6344.793885946274,8961.082100868225,9852.482378482819,10000.0,-98.03712368011475,14.605522155761719,63.542723655700684,0.0
1,1766,17.66,5766.376033425331,8458.077013492584,10000.0,10000.0,-578.4178525209427,-503.00508737564087,147.5176215171814,0.0
1,1767,17.67,5564.410574734211,8368.838727474213,10000.0,10000.0,-201.96545869112015,-89.23828601837158,0.0,0.0
1,1768,17.68,5576.934777200222,8380.795419216156,10000.0,10000.0,12.524202466011047,11.95669174194336,0.0,0.0
1,1769,17.69,5408.084057271481,8367.611467838287,10000.0,10000.0,-168.85071992874146,-13.183951377868652,0.0,0.0
1,1770,17.7,5082.21598342061,8177.109658718109,10000.0,8344.075679779053,-325.86807385087013,-190.50180912017822,0.0,-1655.9243202209473
1,1771,17.71,6197.844743728638,7989.544868469238,10000.0,8651.551306247711,1115.6287603080273,-187.56479024887085,0.0,307.47562646865845
1,1772,17.72,6993.3366775512695,8154.690861701965,10000.0,10000.0,795.4919338226318,165.14599323272705,0.0,1348.4486937522888
1,1773,17.73,5385.020710527897,8371.718227863312,10000.0,10000.0,-1608.3159670233727,217.02736616134644,0.0,0.0
1,1774,17.740000000000002,5965.665280818939,8565.795123577118,10000.0,10000.0,580.6445702910423,194.07689571380615,0.0,0.0
1,1775,17.75,6412.397623062134,8835.504949092865,10000.0,10000.0,446.7323422431946,269.70982551574707,0.0,0.0
1,1776,17.76,6497.846841812134,8974.726796150208,9821.82115316391,10000.0,85.44921875,139.22184705734253,-178.1788468360901,0.0
1,1777,17.77,6494.569629430771,8963.152170181274,9867.397844791412,10000.0,-3.277212381362915,-11.574625968933105,45.57669162750244,0.0
1,1778,17.78,6428.75000834465,8950.900733470917,9919.21991109848,10000.0,-65.8196210861206,-12.251436710357666,51.82206630706787,0.0
1,1779,17.79,5784.318074584007,8457.223773002625,10000.0,10000.0,-644.431933760643,-493.67696046829224,80.78008890151978,0.0
1,1780,17.8,5537.335239350796,8359.322845935822,10000.0,10000.0,-246.98283523321152,-97.90092706680298,0.0,0.0
1,1781,17.81,5514.703206717968,8362.190127372742,10000.0,10000.0,-22.63203263282776,2.867281436920166,0.0,0.0
1,1782,17.82,5360.995940864086,8330.320715904236,10000.0,10000.0,-153.70726585388184,-31.86941146850586,0.0,0.0
1,1783,17.830000000000002,5113.400537520647,8137.715756893158,10000.0,8398.765325546265,-247.5954033434391,-192.60495901107788,0.0,-1601.2346744537354
1,1784,17.84,5557.163543999195,8040.825426578522,10000.0,8571.815192699432,443.76300647854805,-96.89033031463623,0.0,173.04986715316772
1,1785,17.85,7092.652767896652,8128.387033939362,10000.0,10000.0,1535.4892238974571,87.56160736083984,0.0,1428.1848073005676
1,1786,17.86,5408.634208142757,8354.883193969727,10000.0,10000.0,-1684.0185597538948,226.496160030365,0.0,0.0
1,1787,17.87,5783.904865384102,8478.833436965942,10000.0,10000.0,375.27065724134445,123.95024299621582,0.0,0.0
1,1788,17.88,6366.437375545502,8750.077486038208,10000.0,10000.0,582.5325101613998,271.2440490722656,0.0,0.0
1,1789,17.89,6474.298685789108,8933.956623077393,9999.014437198639,10000.0,107.86131024360657,183.87913703918457,-0.985562801361084,0.0
1,1790,17.900000000000002,6527.642905712128,8947.878777980804,9914.776980876923,10000.0,53.34421992301941,13.922154903411865,-84.23745632171631,0.0
1,1791,17.91,6475.496739149094,8933.563828468323,9957.448840141296,10000.0,-52.14616656303406,-14.31494951248169,42.67185926437378,0.0
1,1792,17.92,5961.018428206444,8552.568852901459,10000.0,10000.0,-514.4783109426498,-380.994975566864,42.55115985870361,0.0
1,1793,17.93,5537.24717348814,8354.103565216064,10000.0,10000.0,-423.7712547183037,-198.4652876853943,0.0,0.0
1,1794,17.94,5447.4494978785515,8338.643312454224,10000.0,10000.0,-89.79767560958862,-15.46025276184082,0.0,0.0
1,1795,17.95,5337.120331823826,8320.213258266449,10000.0,10000.0,-110.32916605472565,-18.430054187774658,0.0,0.0
1,1796,17.96,5161.967370659113,8099.721670150757,10000.0,8557.800650596619,-175.1529611647129,-220.49158811569214,0.0,-1442.1993494033813
1,1797,17.97,5046.278480440378,8094.553053379059,10000.0,8522.435426712036,-115.68889021873474,-5.168616771697998,0.0,-35.36522388458252
1,1798,17.98,7004.198580980301,8082.596957683563,10000.0,10000.0,1957.9201005399227,-11.956095695495605,0.0,1477.5645732879639
1,1799,17.990000000000002,5657.367557287216,8305.369913578033,10000.0,10000.0,-1346.8310236930847,222.77295589447021,0.0,0.0
1,1800,18.0,5592.756383121014,8400.370180606842,10000.0,10000.0,-64.61117416620255,95.0002670288086,0.0,0.0
1,1801,18.01,6215.236335992813,8640.364408493042,10000.0,10000.0,622.4799528717995,239.99422788619995,0.0,0.0
1,1802,18.02,6418.75147819519,8815.857470035553,10000.0,10000.0,203.51514220237732,175.493061542511,0.0,0.0
1,1803,18.03,6485.770642757416,8886.385560035706,10000.0,10000.0,67.01916456222534,70.52809000015259,0.0,0.0
1,1804,18.04,6436.961144208908,8864.495754241943,10000.0,10000.0,-48.80949854850769,-21.889805793762207,0.0,0.0
1,1805,18.05,6193.227171897888,8686.538338661194,10000.0,10000.0,-243.7339723110199,-177.9574155807495,0.0,0.0
1,1806,18.06,5610.1566925644875,8369.413316249847,10000.0,10000.0,-583.0704793334007,-317.12502241134644,0.0,0.0
1,1807,18.07,5358.65131765604,8309.922516345978,10000.0,10000.0,-251.50537490844727,-59.49079990386963,0.0,0.0
1,1808,18.080000000000002,5310.2982975542545,8302.037715911865,10000.0,10000.0,-48.35302010178566,-7.884800434112549,0.0,0.0
1,1809,18.09,5226.478595286608,8075.140118598938,10000.0,8982.57166147232,-83.81970226764679,-226.89759731292725,0.0,-1017.4283385276794
1,1810,18.1,5093.812067061663,8077.344298362732,10000.0,8689.361214637756,-132.66652822494507,2.2041797637939453,0.0,-293.2104468345642
1,1811,18.11,6465.100795030594,7992.04558134079,10000.0,8983.252346515656,1371.2887279689312,-85.29871702194214,0.0,293.89113187789917
1,1812,18.12,7013.942301273346,8122.749924659729,10000.0,10000.0,548.8415062427521,130.7043433189392,0.0,1016.7476534843445
1,1813,18.13,5502.687282860279,8356.28718137741,10000.0,10000.0,-1511.2550184130669,233.53725671768188,0.0,0.0
1,1814,18.14,5788.119286298752,8459.418714046478,10000.0,10000.0,285.43200343847275,103.13153266906738,0.0,0.0
1,1815,18.150000000000002,6298.39614033699,8679.225444793701,10000.0,10000.0,510.2768540382385,219.8067307472229,0.0,0.0
1,1816,18.16,6364.776790142059,8762.472867965698,10000.0,10000.0,66.38064980506897,83.24742317199707,0.0,0.0
1,1817,18.17,6368.019282817841,8779.346346855164,10000.0,10000.0,3.24249267578125,16.873478889465332,0.0,0.0
1,1818,18.18,6196.094378829002,8691.359162330627,10000.0,10000.0,-171.9249039888382,-87.98718452453613,0.0,0.0
1,1819,18.19,5782.538056373596,8440.057933330536,10000.0,10000.0,-413.5563224554062,-251.30122900009155,0.0,0.0
1,1820,18.2,5402.090437710285,8313.71933221817,10000.0,10000.0,-380.447618663311,-126.33860111236572,0.0,0.0
1,1821,18.21,5291.169602423906,8283.739387989044,10000.0,10000.0,-110.92083528637886,-29.979944229125977,0.0,0.0
1,1822,18.22,5131.086129695177,8220.247030258179,10000.0,10000.0,-160.08347272872925,-63.49235773086548,0.0,0.0
1,1823,18.23,5124.0249164402485,8070.217072963715,10000.0,9187.727570533752,-7.061213254928589,-150.0299572944641,0.0,-812.2724294662476
1,1824,18.240000000000002,5233.6193807423115,8082.905411720276,10000.0,9134.221374988556,109.59446430206299,12.68833875656128,0.0,-53.50619554519653
1,1825,18.25,7115.470618009567,8013.286590576172,10000.0,10000.0,1881.8512372672558,-69.618821144104,0.0,865.7786250114441
1,1826,18.26,5460.649318993092,8317.860066890717,10000.0,10000.0,-1654.8212990164757,304.5734763145447,0.0,0.0
1,1827,18.27,5534.11427885294,8366.316556930542,10000.0,10000.0,73.46495985984802,48.45649003982544,0.0,0.0
1,1828,18.28,5877.133905887604,8481.6312789917,10000.0,10000.0,343.01962703466415,115.31472206115723,0.0,0.0
1,1829,18.29,6213.634684681892,8631.734549999237,10000.0,10000.0,336.50077879428864,150.10327100753784,0.0,0.0
1,1830,18.3,6212.334409356117,8640.31970500946,10000.0,10000.0,-1.3002753257751465,8.585155010223389,0.0,0.0
1,1831,18.31,6012.6979649066925,8570.920825004578,10000.0,10000.0,-199.63644444942474,-69.39888000488281,0.0,0.0
1,1832,18.32,5867.62510240078,8484.591841697693,10000.0,10000.0,-145.07286250591278,-86.32898330688477,0.0,0.0
1,1833,18.330000000000002,5519.330613315105,8340.691030025482,10000.0,10000.0,-348.2944890856743,-143.9008116722107,0.0,0.0
1,1834,18.34,5239.931587129831,8266.60543680191,10000.0,10000.0,-279.3990261852741,-74.08559322357178,0.0,0.0
1,1835,18.35,5156.255904585123,8246.986269950867,10000.0,10000.0,-83.67568254470825,-19.6191668510437,0.0,0.0
1,1836,18.36,5042.656678706408,8186.279535293579,10000.0,10000.0,-113.59922587871552,-60.7067346572876,0.0,0.0
1,1837,18.37,5038.601926062256,8133.338689804077,10000.0,10000.0,-4.054752644151449,-52.94084548950195,0.0,0.0
1,1838,18.38,6147.363781929016,8014.177978038788,10000.0,9479.154646396637,1108.76185586676,-119.1607117652893,0.0,-520.845353603363
1,1839,18.39,6702.759712934494,8118.537366390228,10000.0,10000.0,555.3959310054779,104.35938835144043,0.0,520.845353603363
1,1840,18.400000000000002,5497.6944997906685,8325.484097003937,10000.0,10000.0,-1205.0652131438255,206.9467306137085,0.0,0.0
1,1841,18.41,5535.915978252888,8356.552124023438,10000.0,10000.0,38.22147846221924,31.068027019500732,0.0,0.0
1,1842,18.42,5911.039933562279,8488.316535949707,10000.0,10000.0,375.123955309391,131.76441192626953,0.0,0.0
1,1843,18.43,6038.477569818497,8534.366190433502,10000.0,10000.0,127.43763625621796,46.049654483795166,0.0,0.0
1,1844,18.44,5956.063196063042,8504.61721420288,10000.0,10000.0,-82.41437375545502,-29.748976230621338,0.0,0.0
1,1845,18.45,5744.583234190941,8417.028188705444,10000.0,10000.0,-211.47996187210083,-87.58902549743652,0.0,0.0
1,1846,18.46,5588.27381581068,8359.799087047577,10000.0,10000.0,-156.30941838026047,-57.22910165786743,0.0,0.0
1,1847,18.47,5331.054963171482,8284.425139427185,10000.0,10000.0,-257.2188526391983,-75.37394762039185,0.0,0.0
1,1848,18.48,5158.836040645838,8243.57658624649,10000.0,10000.0,-172.2189225256443,-40.84855318069458,0.0,0.0
1,1849,18.490000000000002,5075.32449439168,8227.00321674347,10000.0,10000.0,-83.51154625415802,-16.57336950302124,0.0,0.0
1,1850,18.5,5000.0,8211.434483528137,10000.0,10000.0,-75.32449439167976,-15.568733215332031,0.0,0.0
1,1851,18.51,5090.88696911931,8193.575739860535,10000.0,10000.0,90.88696911931038,-17.85874366760254,0.0,0.0
1,1852,18.52,6289.232075214386,8148.694634437561,10000.0,10000.0,1198.3451060950756,-44.88110542297363,0.0,0.0
1,1853,18.53,6575.009673833847,8179.392218589783,10000.0,10000.0,285.77759861946106,30.69758415222168,0.0,0.0
1,1854,18.54,5753.271505236626,8293.766379356384,10000.0,10000.0,-821.7381685972214,114.37416076660156,0.0,0.0
1,1855,18.55,5567.24775582552,8357.658684253693,10000.0,10000.0,-186.0237494111061,63.89230489730835,0.0,0.0
1,1856,18.56,5729.463919997215,8410.683870315552,10000.0,10000.0,162.2161641716957,53.02518606185913,0.0,0.0
1,1857,18.57,5760.856866836548,8418.35767030716,10000.0,10000.0,31.39294683933258,7.673799991607666,0.0,0.0
1,1858,18.580000000000002,5659.0646505355835,8379.513025283813,10000.0,10000.0,-101.79221630096436,-38.84464502334595,0.0,0.0
1,1859,18.59,5551.069863140583,8341.817557811737,10000.0,10000.0,-107.99478739500046,-37.695467472076416,0.0,0.0
1,1860,18.6,5443.225689232349,8308.99953842163,10000.0,10000.0,-107.84417390823364,-32.8180193901062,0.0,0.0
1,1861,18.61,5290.273372083902,8271.944224834442,10000.0,10000.0,-152.95231714844704,-37.05531358718872,0.0,0.0
1,1862,18.62,5156.2039740383625,8242.695331573486,10000.0,10000.0,-134.06939804553986,-29.24889326095581,0.0,0.0
1,1863,18.63,5129.09846380353,8239.031732082367,10000.0,10000.0,-27.105510234832764,-3.6635994911193848,0.0,0.0
1,1864,18.64,5139.4920237362385,8242.07454919815,10000.0,10000.0,10.39355993270874,3.0428171157836914,0.0,0.0
1,1865,18.650000000000002,5279.201585799456,8250.912427902222,10000.0,10000.0,139.70956206321716,8.837878704071045,0.0,0.0
1,1866,18.66,5814.56646323204,8241.203725337982,10000.0,10000.0,535.3648774325848,-9.708702564239502,0.0,0.0
1,1867,18.67,5637.8136575222015,8278.856575489044,10000.0,10000.0,-176.75280570983887,37.65285015106201,0.0,0.0
1,1868,18.68,5455.615557730198,8311.212658882141,10000.0,10000.0,-182.19809979200363,32.356083393096924,0.0,0.0
1,1869,18.69,5463.970564305782,8320.56313753128,10000.0,10000.0,8.355006575584412,9.350478649139404,0.0,0.0
1,1870,18.7,5485.45528203249,8321.222364902496,10000.0,10000.0,21.48471772670746,0.6592273712158203,0.0,0.0
1,1871,18.71,5488.990657031536,8320.857882499695,10000.0,10000.0,3.5353749990463257,-0.36448240280151367,0.0,0.0
1,1872,18.72,5465.344525873661,8313.729763031006,10000.0,10000.0,-23.64613115787506,-7.128119468688965,0.0,0.0
1,1873,18.73,5452.877469360828,8310.81509590149,10000.0,10000.0,-12.467056512832642,-2.9146671295166016,0.0,0.0
1,1874,18.740000000000002,5433.099456131458,8307.653963565826,10000.0,10000.0,-19.778013229370117,-3.161132335662842,0.0,0.0
1,1875,18.75,5381.428487598896,8294.658958911896,10000.0,10000.0,-51.670968532562256,-12.995004653930664,0.0,0.0
1,1876,18.76,5624.023862183094,8256.149888038635,10000.0,10000.0,242.595374584198,-38.5090708732605,0.0,0.0
1,1877,18.77,6006.4612329006195,8222.838938236237,10000.0,10000.0,382.4373707175255,-33.31094980239868,0.0,0.0
1,1878,18.78,5659.304708242416,8263.798356056213,10000.0,10000.0,-347.1565246582031,40.95941781997681,0.0,0.0
1,1879,18.79,5403.356142342091,8290.325105190277,10000.0,10000.0,-255.94856590032578,26.52674913406372,0.0,0.0
1,1880,18.8,5389.437265694141,8293.206691741943,10000.0,10000.0,-13.918876647949219,2.8815865516662598,0.0,0.0
1,1881,18.81,5406.939871609211,8295.34888267517,10000.0,10000.0,17.50260591506958,2.142190933227539,0.0,0.0
1,1882,18.82,5392.805002629757,8291.570246219635,10000.0,10000.0,-14.13486897945404,-3.7786364555358887,0.0,0.0
1,1883,18.830000000000002,5334.338583052158,8277.037143707275,10000.0,10000.0,-58.46641957759857,-14.53310251235962,0.0,0.0
1,1884,18.84,5298.574138432741,8269.867897033691,10000.0,10000.0,-35.76444461941719,-7.169246673583984,0.0,0.0
1,1885,18.85,5333.571247756481,8279.527425765991,10000.0,10000.0,34.997109323740005,9.659528732299805,0.0,0.0
1,1886,18.86,5349.6962413191795,8285.66700220108,10000.0,10000.0,16.124993562698364,6.139576435089111,0.0,0.0
1,1887,18.87,5356.159247457981,8288.716077804565,10000.0,10000.0,6.463006138801575,3.0490756034851074,0.0,0.0
1,1888,18.88,5618.860311806202,8276.12191438675,10000.0,10000.0,262.7010643482208,-12.594163417816162,0.0,0.0
1,1889,18.89,7239.447683095932,8134.230971336365,10000.0,10000.0,1620.58737128973,-141.89094305038452,0.0,0.0
1,1890,18.900000000000002,7486.3749742507935,8119.422495365143,10000.0,10000.0,246.92729115486145,-14.808475971221924,0.0,0.0
1,1891,18.91,7508.19593667984,8140.58780670166,10000.0,10000.0,21.82096242904663,21.165311336517334,0.0,0.0
1,1892,18.92,5804.3839782476425,8332.034647464752,10000.0,10000.0,-1703.8119584321976,191.44684076309204,0.0,0.0
1,1893,18.93,5688.5826587677,8391.518294811249,10000.0,10000.0,-115.80131947994232,59.48364734649658,0.0,0.0
1,1894,18.94,5788.46700489521,8431.728482246399,10000.0,10000.0,99.88434612751007,40.21018743515015,0.0,0.0
1,1895,18.95,5789.667367935181,8429.279923439026,10000.0,10000.0,1.200363039970398,-2.448558807373047,0.0,0.0
1,1896,18.96,5721.06771171093,8405.023515224457,10000.0,10000.0,-68.5996562242508,-24.256408214569092,0.0,0.0
1,1897,18.97,5569.454096257687,8352.969884872437,10000.0,10000.0,-151.61361545324326,-52.053630352020264,0.0,0.0
1,1898,18.98,5420.772694051266,8303.593397140503,10000.0,10000.0,-148.6814022064209,-49.376487731933594,0.0,0.0
1,1899,18.990000000000002,5222.781244665384,8243.436217308044,10000.0,10000.0,-197.99144938588142,-60.157179832458496,0.0,0.0
1,1900,19.0,5181.514639407396,8236.358761787415,10000.0,10000.0,-41.266605257987976,-7.077455520629883,0.0,0.0
1,1901,19.01,5156.985837966204,8235.634863376617,10000.0,10000.0,-24.528801441192627,-0.7238984107971191,0.0,0.0
1,1902,19.02,5149.240884929895,8234.362602233887,10000.0,10000.0,-7.744953036308289,-1.272261142730713,0.0,0.0
1,1903,19.03,5499.660857021809,8197.716474533081,10000.0,10000.0,350.4199720919132,-36.646127700805664,0.0,0.0
1,1904,19.04,7189.525812864304,8060.95153093338,10000.0,10000.0,1689.864955842495,-136.76494359970093,0.0,0.0
1,1905,19.05,7328.574657440186,8091.788589954376,10000.0,10000.0,139.04884457588196,30.837059020996094,0.0,0.0
1,1906,19.06,7490.560561418533,8130.79446554184,10000.0,10000.0,161.98590397834778,39.00587558746338,0.0,0.0
1,1907,19.07,7623.966038227081,8166.413903236389,10000.0,10000.0,133.40547680854797,35.61943769454956,0.0,0.0
1,1908,19.080000000000002,7197.829037904739,8321.895003318787,10000.0,10000.0,-426.1370003223419,155.48110008239746,0.0,0.0
1,1909,19.09,6473.46094250679,8562.45219707489,10000.0,10000.0,-724.3680953979492,240.55719375610352,0.0,0.0
1,1910,19.1,6328.078359365463,8643.838763237,10000.0,10000.0,-145.3825831413269,81.38656616210938,0.0,0.0
1,1911,19.11,6394.68640089035,8687.052428722382,10000.0,10000.0,66.60804152488708,43.21366548538208,0.0,0.0
1,1912,19.12,6480.058431625366,8779.940009117126,10000.0,10000.0,85.37203073501587,92.88758039474487,0.0,0.0
1,1913,19.13,6556.077599525452,8858.020305633545,10000.0,10000.0,76.01916790008545,78.08029651641846,0.0,0.0
1,1914,19.14,6523.860991001129,8843.783140182495,10000.0,10000.0,-32.21660852432251,-14.237165451049805,0.0,0.0
1,1915,19.150000000000002,6402.163952589035,8781.834244728088,10000.0,10000.0,-121.69703841209412,-61.94889545440674,0.0,0.0
1,1916,19.16,6180.131137371063,8683.248162269592,10000.0,10000.0,-222.0328152179718,-98.5860824584961,0.0,0.0
1,1917,19.17,5829.722881317139,8488.531112670898,10000.0,10000.0,-350.40825605392456,-194.71704959869385,0.0,0.0
1,1918,19.18,5495.074428617954,8337.53615617752,10000.0,10000.0,-334.6484526991844,-150.99495649337769,0.0,0.0
1,1919,19.19,5215.2434177696705,8248.882293701172,10000.0,10000.0,-279.83101084828377,-88.65386247634888,0.0,0.0
1,1920,19.2,5106.715057045221,8220.81983089447,10000.0,10000.0,-108.52836072444916,-28.06246280670166,0.0,0.0
1,1921,19.21,5073.965955525637,8211.008310317993,10000.0,10000.0,-32.749101519584656,-9.81152057647705,0.0,0.0
1,1922,19.22,5860.451459884644,8119.149804115295,10000.0,10000.0,786.4855043590069,-91.85850620269775,0.0,0.0
1,1923,19.23,6810.5655908584595,8023.769855499268,10000.0,10000.0,950.1141309738159,-95.37994861602783,0.0,0.0
1,1924,19.240000000000002,6958.322674036026,7983.621954917908,10000.0,10000.0,147.75708317756653,-40.14790058135986,0.0,0.0
1,1925,19.25,7050.243318080902,8062.48664855957,10000.0,10000.0,91.9206440448761,78.8646936416626,0.0,0.0
1,1926,19.26,7211.918234825134,8102.633059024811,10000.0,10000.0,161.67491674423218,40.14641046524048,0.0,0.0
1,1927,19.27,7428.698539733887,8135.910630226135,10000.0,10000.0,216.78030490875244,33.27757120132446,0.0,0.0
1,1928,19.28,7562.427222728729,8159.872591495514,10000.0,10000.0,133.72868299484253,23.961961269378662,0.0,0.0
1,1929,19.29,7646.464705467224,8206.567168235779,10000.0,10000.0,84.03748273849487,46.69457674026489,0.0,0.0
1,1930,19.3,7729.768753051758,8355.282545089722,10000.0,10000.0,83.30404758453369,148.71537685394287,0.0,0.0
1,1931,19.31,6347.857266664505,8597.822189331055,10000.0,10000.0,-1381.9114863872528,242.539644241333,0.0,0.0
1,1932,19.32,6334.871053695679,8670.957684516907,10000.0,10000.0,-12.986212968826294,73.13549518585205,0.0,0.0
1,1933,19.330000000000002,6455.3870260715485,8767.906427383423,10000.0,10000.0,120.51597237586975,96.94874286651611,0.0,0.0
1,1934,19.34,6617.150604724884,8913.937211036682,10000.0,10000.0,161.76357865333557,146.03078365325928,0.0,0.0
1,1935,19.35,6615.226566791534,8264.889121055603,10000.0,10000.0,-1.9240379333496094,-649.0480899810791,0.0,0.0
1,1936,19.36,6537.146866321564,7154.4769406318665,10000.0,10000.0,-78.0797004699707,-1110.4121804237366,0.0,0.0
1,1937,19.37,6471.41233086586,7039.856910705566,10000.0,10000.0,-65.73453545570374,-114.62002992630005,0.0,0.0
1,1938,19.38,6380.860358476639,6970.347464084625,10000.0,10000.0,-90.55197238922119,-69.50944662094116,0.0,0.0
1,1939,19.39,6282.185018062592,6902.070343494415,10000.0,10000.0,-98.67534041404724,-68.27712059020996,0.0,0.0
1,1940,19.400000000000002,6177.373453974724,6824.483573436737,9990.082681179047,10000.0,-104.81156408786774,-77.58677005767822,-9.91731882095337,0.0
1,1941,19.41,6099.752336740494,6764.8884654045105,9941.521286964417,10000.0,-77.62111723423004,-59.59510803222656,-48.56139421463013,0.0
1,1942,19.42,6071.470379829407,6739.5904660224915,9912.929236888885,10000.0,-28.281956911087036,-25.297999382019043,-28.592050075531006,0.0
1,1943,19.43,6088.804230093956,6741.320490837097,9902.138113975525,10000.0,17.333850264549255,1.730024814605713,-10.791122913360596,0.0
1,1944,19.44,6136.987209320068,6769.91730928421,9915.471076965332,10000.0,48.182979226112366,28.596818447113037,13.332962989807129,0.0
1,1945,19.45,6223.308593034744,6844.102144241333,9943.937957286835,10000.0,86.3213837146759,74.1848349571228,28.466880321502686,0.0
1,1946,19.46,6350.270211696625,7076.294422149658,9971.691966056824,10000.0,126.9616186618805,232.1922779083252,27.754008769989014,0.0
1,1947,19.47,6520.053297281265,8146.637380123138,9907.096922397614,10000.0,169.7830855846405,1070.3429579734802,-64.5950436592102,0.0
1,1948,19.48,6633.690893650055,8891.675472259521,9871.127903461456,10000.0,113.63759636878967,745.038092136383,-35.96901893615723,0.0
1,1949,19.490000000000002,6670.429557561874,8952.306509017944,9898.714423179626,10000.0,36.73866391181946,60.63103675842285,27.586519718170166,0.0
1,1950,19.5,6684.651225805283,8967.09144115448,9927.621185779572,10000.0,14.221668243408203,14.784932136535645,28.90676259994507,0.0
1,1951,19.51,6697.540879249573,8970.019519329071,9955.460131168365,10000.0,12.889653444290161,2.9280781745910645,27.838945388793945,0.0
1,1952,19.52,6686.706691980362,8951.81655883789,10000.0,10000.0,-10.834187269210815,-18.20296049118042,44.53986883163452,0.0
1,1953,19.53,6624.619513750076,8886.428475379944,10000.0,10000.0,-62.087178230285645,-65.38808345794678,0.0,0.0
1,1954,19.54,6521.264165639877,8780.776560306549,10000.0,10000.0,-103.35534811019897,-105.65191507339478,0.0,0.0
1,1955,19.55,6455.081254243851,8713.99700641632,10000.0,10000.0,-66.18291139602661,-66.77955389022827,0.0,0.0
1,1956,19.56,6423.444300889969,8689.161539077759,10000.0,10000.0,-31.636953353881836,-24.83546733856201,0.0,0.0
1,1957,19.57,6402.449905872345,8671.966791152954,10000.0,10000.0,-20.9943950176239,-17.194747924804688,0.0,0.0
1,1958,19.580000000000002,6593.090444803238,8618.136942386627,10000.0,10000.0,190.64053893089294,-53.829848766326904,0.0,0.0
1,1959,19.59,7641.910910606384,8464.675545692444,10000.0,10000.0,1048.8204658031464,-153.46139669418335,0.0,0.0
1,1960,19.6,8077.538311481476,8367.59477853775,10000.0,10000.0,435.62740087509155,-97.0807671546936,0.0,0.0
1,1961,19.61,7999.229431152344,8308.446407318115,10000.0,10000.0,-78.30888032913208,-59.14837121963501,0.0,0.0
1,1962,19.62,7859.642207622528,8271.273076534271,10000.0,10000.0,-139.58722352981567,-37.173330783843994,0.0,0.0
1,1963,19.63,7626.948356628418,8246.701657772064,10000.0,10000.0,-232.6938509941101,-24.57141876220703,0.0,0.0
1,1964,19.64,7590.031027793884,8213.074505329132,10000.0,10000.0,-36.91732883453369,-33.62715244293213,0.0,0.0
1,1965,19.650000000000002,7562.135457992554,8195.782601833344,10000.0,10000.0,-27.895569801330566,-17.291903495788574,0.0,0.0
1,1966,19.66,7550.240159034729,8189.361691474915,10000.0,10000.0,-11.895298957824707,-6.420910358428955,0.0,0.0
1,1967,19.67,7500.943839550018,8188.829720020294,10000.0,10000.0,-49.29631948471069,-0.5319714546203613,0.0,0.0
1,1968,19.68,7384.893298149109,8198.429644107819,10000.0,10000.0,-116.05054140090942,9.599924087524414,0.0,0.0
1,1969,19.69,7093.093693256378,8229.23719882965,10000.0,10000.0,-291.7996048927307,30.807554721832275,0.0,0.0
1,1970,19.7,6576.463133096695,8285.921514034271,10000.0,10000.0,-516.6305601596832,56.68431520462036,0.0,0.0
1,1971,19.71,5955.163389444351,8355.431258678436,10000.0,10000.0,-621.2997436523438,69.50974464416504,0.0,0.0
1,1972,19.72,5725.335851311684,8388.343155384064,10000.0,10000.0,-229.82753813266754,32.91189670562744,0.0,0.0
1,1973,19.73,5637.339949607849,8408.202528953552,10000.0,10000.0,-87.99590170383453,19.859373569488525,0.0,0.0
1,1974,19.740000000000002,5654.934570193291,8425.765335559845,10000.0,10000.0,17.59462058544159,17.562806606292725,0.0,0.0
1,1975,19.75,5715.71871638298,8448.3003616333,10000.0,10000.0,60.784146189689636,22.53502607345581,0.0,0.0
1,1976,19.76,5769.829377532005,8469.948768615723,10000.0,10000.0,54.11066114902496,21.648406982421875,0.0,0.0
1,1977,19.77,5816.562175750732,8488.66879940033,10000.0,10000.0,46.73279821872711,18.720030784606934,0.0,0.0
1,1978,19.78,5900.379791855812,8528.002798557281,10000.0,10000.0,83.81761610507965,39.333999156951904,0.0,0.0
1,1979,19.79,6008.41797888279,8570.578694343567,10000.0,10000.0,108.03818702697754,42.5758957862854,0.0,0.0
1,1980,19.8,6120.552942156792,8615.51970243454,10000.0,10000.0,112.13496327400208,44.9410080909729,0.0,0.0
1,1981,19.81,6218.8465893268585,8660.751581192017,10000.0,10000.0,98.29364717006683,45.23187875747681,0.0,0.0
1,1982,19.82,6317.130625247955,8709.103763103485,10000.0,10000.0,98.2840359210968,48.352181911468506,0.0,0.0
1,1983,19.830000000000002,6397.5560665130615,8752.655386924744,10000.0,10000.0,80.4254412651062,43.551623821258545,0.0,0.0
1,1984,19.84,6515.276879072189,8827.830255031586,10000.0,10000.0,117.72081255912781,75.17486810684204,0.0,0.0
1,1985,19.85,6609.9996864795685,8903.62024307251,10000.0,10000.0,94.72280740737915,75.78998804092407,0.0,0.0
1,1986,19.86,6657.205671072006,8898.570537567139,10000.0,10000.0,47.205984592437744,-5.049705505371094,0.0,0.0
1,1987,19.87,6660.1210832595825,8760.601580142975,10000.0,10000.0,2.915412187576294,-137.96895742416382,0.0,0.0
1,1988,19.88,6671.873331069946,8788.315057754517,9977.263510227203,10000.0,11.75224781036377,27.713477611541748,-22.73648977279663,0.0
1,1989,19.89,6680.364310741425,8897.725343704224,9948.035776615143,10000.0,8.490979671478271,109.41028594970703,-29.227733612060547,0.0
1,1990,19.900000000000002,6682.312339544296,8955.059945583344,9936.573207378387,10000.0,1.948028802871704,57.33460187911987,-11.462569236755371,0.0
1,1991,19.91,6677.563190460205,8969.34986114502,9930.512607097626,10000.0,-4.7491490840911865,14.289915561676025,-6.060600280761719,0.0
1,1992,19.92,6674.478501081467,8971.46463394165,9928.79867553711,10000.0,-3.0846893787384033,2.1147727966308594,-1.7139315605163574,0.0
1,1993,19.93,6675.6123304367065,8972.97978401184,9939.996004104614,10000.0,1.1338293552398682,1.5151500701904297,11.197328567504883,0.0
1,1994,19.94,6667.573153972626,8959.558606147766,9979.305565357208,10000.0,-8.03917646408081,-13.421177864074707,39.309561252593994,0.0
1,1995,19.95,6635.230481624603,8923.167288303375,10000.0,10000.0,-32.34267234802246,-36.39131784439087,20.694434642791748,0.0
1,1996,19.96,6486.272066831589,8790.45307636261,10000.0,10000.0,-148.95841479301453,-132.71421194076538,0.0,0.0
1,1997,19.97,6254.982799291611,8654.579818248749,10000.0,10000.0,-231.28926753997803,-135.87325811386108,0.0,0.0
1,1998,19.98,5949.381440877914,8528.854548931122,10000.0,10000.0,-305.6013584136963,-125.72526931762695,0.0,0.0
1,1999,19.990000000000002,5680.686384439468,8416.659832000732,10000.0,10000.0,-268.69505643844604,-112.1947169303894,0.0,0.0
1,2000,20.0,5387.151874601841,8310.882449150085,10000.0,10000.0,-293.5345098376274,-105.77738285064697,0.0,0.0
1,2001,20.01,5142.22139492631,8228.73055934906,10000.0,10000.0,-244.9304796755314,-82.15188980102539,0.0,0.0
1,2002,20.02,5065.607074648142,8206.549286842346,10000.0,10000.0,-76.61432027816772,-22.181272506713867,0.0,0.0
1,2003,20.03,5008.0737681128085,8196.240961551666,10000.0,10000.0,-57.533306535333395,-10.308325290679932,0.0,0.0
1,2004,20.04,5023.361986968666,8193.2133436203,10000.0,10000.0,15.28821885585785,-3.027617931365967,0.0,0.0
1,2005,20.05,5402.953661978245,8140.80148935318,10000.0,10000.0,379.59167500957847,-52.41185426712036,0.0,0.0
1,2006,20.06,5490.979738533497,7993.916273117065,10000.0,8902.626931667328,88.02607655525208,-146.8852162361145,0.0,-1097.3730683326721
1,2007,20.07,5162.380430847406,7982.579469680786,10000.0,8567.122220993042,-328.59930768609047,-11.336803436279297,0.0,-335.5047106742859
1,2008,20.080000000000002,5198.433864861727,7962.515950202942,10000.0,8473.784327507019,36.05343401432037,-20.06351947784424,0.0,-93.33789348602295
1,2009,20.09,6609.193682670593,7810.404598712921,10000.0,8308.025598526001,1410.7598178088665,-152.11135149002075,0.0,-165.75872898101807
1,2010,20.1,6745.527237653732,7797.664999961853,10000.0,8339.599967002869,136.33355498313904,-12.739598751068115,0.0,31.574368476867676
1,2011,20.11,6640.229374170303,8006.994128227234,10000.0,10000.0,-105.29786348342896,209.32912826538086,0.0,1660.4000329971313
1,2012,20.12,7001.3174414634705,8134.1031193733215,10000.0,10000.0,361.0880672931671,127.10899114608765,0.0,0.0
1,2013,20.13,7104.8603951931,8131.018280982971,10000.0,10000.0,103.54295372962952,-3.084838390350342,0.0,0.0
1,2014,20.14,7165.206968784332,8116.653561592102,10000.0,10000.0,60.3465735912323,-14.36471939086914,0.0,0.0
1,2015,20.150000000000002,5733.982399106026,8316.16759300232,10000.0,10000.0,-1431.2245696783066,199.51403141021729,0.0,0.0
1,2016,20.16,5587.6146629452705,8400.381207466125,10000.0,10000.0,-146.36773616075516,84.21361446380615,0.0,0.0
1,2017,20.17,5800.342559814453,8458.111584186554,10000.0,10000.0,212.7278968691826,57.73037672042847,0.0,0.0
1,2018,20.18,6179.97981607914,8621.83302640915,10000.0,10000.0,379.6372562646866,163.72144222259521,0.0,0.0
1,2019,20.19,6562.079340219498,8864.279985427856,10000.0,10000.0,382.09952414035797,242.44695901870728,0.0,0.0
1,2020,20.2,6657.034605741501,8793.789148330688,9958.642423152924,10000.0,94.95526552200317,-70.49083709716797,-41.357576847076416,0.0
1,2021,20.21,6588.426381349564,7897.668480873108,9997.509717941284,10000.0,-68.60822439193726,-896.1206674575806,38.867294788360596,0.0
1,2022,20.22,6425.955593585968,7402.929961681366,9982.976019382477,10000.0,-162.47078776359558,-494.73851919174194,-14.533698558807373,0.0
1,2023,20.23,6273.132562637329,8579.021990299225,9752.950370311737,10000.0,-152.82303094863892,1176.092028617859,-230.02564907073975,0.0
1,2024,20.240000000000002,6237.504258751869,8827.152252197266,9775.339663028717,10000.0,-35.6283038854599,248.13026189804077,22.38929271697998,0.0
1,2025,20.25,6299.207955598831,8889.918327331543,9798.034131526947,10000.0,61.703696846961975,62.766075134277344,22.69446849822998,0.0
1,2026,20.26,6201.064810156822,8769.109845161438,10000.0,10000.0,-98.14314544200897,-120.80848217010498,201.96586847305298,0.0
1,2027,20.27,5821.837931871414,8462.694883346558,10000.0,10000.0,-379.226878285408,-306.41496181488037,0.0,0.0
1,2028,20.28,5551.158674061298,8346.786499023438,10000.0,10000.0,-270.6792578101158,-115.90838432312012,0.0,0.0
1,2029,20.29,5211.272109299898,8248.860538005829,10000.0,10000.0,-339.8865647614002,-97.92596101760864,0.0,0.0
1,2030,20.3,5058.3950616419315,8208.475708961487,10000.0,10000.0,-152.8770476579666,-40.38482904434204,0.0,0.0
1,2031,20.31,5060.157049447298,8189.962804317474,10000.0,10000.0,1.7619878053665161,-18.51290464401245,0.0,0.0
1,2032,20.32,6679.568439722061,8027.515709400177,10000.0,10000.0,1619.411390274763,-162.44709491729736,0.0,0.0
1,2033,20.330000000000002,6934.218853712082,7932.669818401337,10000.0,10000.0,254.65041399002075,-94.84589099884033,0.0,0.0
1,2034,20.34,6996.73056602478,7813.002169132233,10000.0,8546.335399150848,62.511712312698364,-119.667649269104,0.0,-1453.6646008491516
1,2035,20.35,6969.820410013199,7849.109768867493,10000.0,8803.311586380005,-26.91015601158142,36.10759973526001,0.0,256.9761872291565
1,2036,20.36,7038.29899430275,7971.194386482239,10000.0,10000.0,68.47858428955078,122.0846176147461,0.0,1196.6884136199951
1,2037,20.37,7239.3108904361725,8105.290532112122,10000.0,10000.0,201.01189613342285,134.0961456298828,0.0,0.0
1,2038,20.38,7494.205087423325,8155.129253864288,10000.0,10000.0,254.8941969871521,49.83872175216675,0.0,0.0
1,2039,20.39,7639.915943145752,8185.21112203598,10000.0,10000.0,145.71085572242737,30.081868171691895,0.0,0.0
1,2040,20.400000000000002,7934.466302394867,8288.05536031723,10000.0,10000.0,294.550359249115,102.84423828125,0.0,0.0
1,2041,20.41,6890.498697757721,8556.098341941833,10000.0,10000.0,-1043.967604637146,268.04298162460327,0.0,0.0
1,2042,20.42,6388.365477323532,8676.574230194092,10000.0,10000.0,-502.13322043418884,120.4758882522583,0.0,0.0
1,2043,20.43,6516.357809305191,8788.40446472168,10000.0,10000.0,127.99233198165894,111.83023452758789,0.0,0.0
1,2044,20.44,6682.467311620712,8953.006267547607,10000.0,10000.0,166.10950231552124,164.60180282592773,0.0,0.0
1,2045,20.45,6691.569089889526,8896.383047103882,9939.080774784088,10000.0,9.101778268814087,-56.623220443725586,-60.919225215911865,0.0
1,2046,20.46,6625.642627477646,8053.11381816864,9994.57061290741,10000.0,-65.9264624118805,-843.2692289352417,55.48983812332153,0.0
1,2047,20.47,6522.732526063919,7207.9408168792725,10000.0,10000.0,-102.9101014137268,-845.1730012893677,5.429387092590332,0.0
1,2048,20.48,6414.429396390915,6981.426775455475,10000.0,10000.0,-108.30312967300415,-226.5140414237976,0.0,0.0
1,2049,20.490000000000002,6316.0161674022675,6935.353577136993,9974.053800106049,10000.0,-98.41322898864746,-46.073198318481445,-25.946199893951416,0.0
1,2050,20.5,6300.411373376846,7168.27005147934,9926.551878452301,10000.0,-15.604794025421143,232.9164743423462,-47.50192165374756,0.0
1,2051,20.51,6397.702246904373,8356.688618659973,9813.668429851532,10000.0,97.29087352752686,1188.4185671806335,-112.88344860076904,0.0
1,2052,20.52,6509.8439157009125,8878.80563735962,9818.713366985321,10000.0,112.1416687965393,522.117018699646,5.0449371337890625,0.0
1,2053,20.53,6564.925163984299,8931.035101413727,9851.422607898712,10000.0,55.08124828338623,52.229464054107666,32.70924091339111,0.0
1,2054,20.54,6612.410545349121,8961.390554904938,9874.524772167206,10000.0,47.48538136482239,30.355453491210938,23.102164268493652,0.0
1,2055,20.55,6650.061309337616,8977.885842323303,9901.536107063293,10000.0,37.65076398849487,16.49528741836548,27.011334896087646,0.0
1,2056,20.56,6680.204421281815,8981.79978132248,9936.403930187225,10000.0,30.14311194419861,3.9139389991760254,34.867823123931885,0.0
1,2057,20.57,6688.871681690216,8971.318900585175,9983.716905117035,10000.0,8.66726040840149,-10.480880737304688,47.31297492980957,0.0
1,2058,20.580000000000002,6682.1034252643585,8953.79900932312,10000.0,10000.0,-6.768256425857544,-17.519891262054443,16.283094882965088,0.0
1,2059,20.59,6661.558896303177,8925.623297691345,10000.0,10000.0,-20.54452896118164,-28.175711631774902,0.0,0.0
1,2060,20.6,6613.966226577759,8873.689472675323,10000.0,10000.0,-47.59266972541809,-51.93382501602173,0.0,0.0
1,2061,20.61,6543.225795030594,8801.922798156738,10000.0,10000.0,-70.74043154716492,-71.7666745185852,0.0,0.0
1,2062,20.62,6474.368572235107,8735.366463661194,10000.0,10000.0,-68.85722279548645,-66.55633449554443,0.0,0.0
1,2063,20.63,6432.476788759232,8696.503043174744,10000.0,10000.0,-41.891783475875854,-38.863420486450195,0.0,0.0
1,2064,20.64,6408.950239419937,8678.544163703918,10000.0,10000.0,-23.526549339294434,-17.958879470825195,0.0,0.0
1,2065,20.650000000000002,6396.198123693466,8670.063316822052,10000.0,10000.0,-12.752115726470947,-8.480846881866455,0.0,0.0
1,2066,20.66,6398.343443870544,8664.568662643433,10000.0,10000.0,2.145320177078247,-5.494654178619385,0.0,0.0
1,2067,20.67,6477.760523557663,8651.238679885864,10000.0,10000.0,79.41707968711853,-13.32998275756836,0.0,0.0
1,2068,20.68,7120.798081159592,8580.358922481537,10000.0,10000.0,643.0375576019287,-70.87975740432739,0.0,0.0
1,2069,20.69,8238.502442836761,8462.737798690796,10000.0,10000.0,1117.7043616771698,-117.62112379074097,0.0,0.0
1,2070,20.7,8354.265689849854,8450.416028499603,10000.0,10000.0,115.76324701309204,-12.321770191192627,0.0,0.0
1,2071,20.71,8367.314338684082,8447.620570659637,10000.0,10000.0,13.048648834228516,-2.7954578399658203,0.0,0.0
1,2072,20.72,8360.7617020607,8442.243337631226,10000.0,10000.0,-6.552636623382568,-5.377233028411865,0.0,0.0
1,2073,20.73,8332.41492509842,8435.329794883728,10000.0,10000.0,-28.346776962280273,-6.913542747497559,0.0,0.0
1,2074,20.740000000000002,8288.8725399971,8425.688743591309,10000.0,10000.0,-43.54238510131836,-9.641051292419434,0.0,0.0
1,2075,20.75,8239.59231376648,8413.26653957367,10000.0,10000.0,-49.28022623062134,-12.42220401763916,0.0,0.0
1,2076,20.76,8152.250051498413,8394.64008808136,10000.0,10000.0,-87.3422622680664,-18.62645149230957,0.0,0.0
1,2077,20.77,8070.414066314697,8358.893394470215,10000.0,10000.0,-81.83598518371582,-35.74669361114502,0.0,0.0
1,2078,20.78,7937.316298484802,8320.913314819336,10000.0,10000.0,-133.09776782989502,-37.980079650878906,0.0,0.0
1,2079,20.79,7823.693752288818,8264.084458351135,10000.0,10000.0,-113.62254619598389,-56.828856468200684,0.0,0.0
1,2080,20.8,7700.845897197723,8212.80062198639,10000.0,10000.0,-122.84785509109497,-51.283836364746094,0.0,0.0
1,2081,20.81,7585.103511810303,8162.980675697327,10000.0,10000.0,-115.74238538742065,-49.8199462890625,0.0,0.0
1,2082,20.82,7481.17133975029,8127.272129058838,10000.0,10000.0,-103.93217206001282,-35.70854663848877,0.0,0.0
1,2083,20.830000000000002,7371.097803115845,8097.299337387085,10000.0,10000.0,-110.07353663444519,-29.97279167175293,0.0,0.0
1,2084,20.84,7235.223203897476,8065.491020679474,10000.0,10000.0,-135.87459921836853,-31.808316707611084,0.0,0.0
1,2085,20.85,7078.033834695816,8028.746545314789,10000.0,10000.0,-157.18936920166016,-36.74447536468506,0.0,0.0
1,2086,20.86,6964.486688375473,7967.708706855774,10000.0,10000.0,-113.54714632034302,-61.03783845901489,0.0,0.0
1,2087,20.87,6909.941285848618,7921.2504625320435,10000.0,10000.0,-54.54540252685547,-46.45824432373047,0.0,0.0
1,2088,20.88,6876.177340745926,7890.399098396301,10000.0,9846.053719520569,-33.76394510269165,-30.851364135742188,0.0,-153.94628047943115
1,2089,20.89,6876.7353892326355,7827.286124229431,10000.0,8998.478949069977,0.5580484867095947,-63.11297416687012,0.0,-847.574770450592
1,2090,20.900000000000002,6852.866411209106,7806.465029716492,10000.0,8649.467825889587,-23.868978023529053,-20.821094512939453,0.0,-349.0111231803894
1,2091,20.91,6825.195550918579,7809.010446071625,10000.0,8614.06683921814,-27.670860290527344,2.5454163551330566,0.0,-35.400986671447754
1,2092,20.92,6814.451366662979,7832.179963588715,10000.0,8825.050592422485,-10.744184255599976,23.169517517089844,0.0,210.9837532043457
1,2093,20.93,6783.452928066254,7926.463186740875,10000.0,9832.727313041687,-30.998438596725464,94.28322315216064,0.0,1007.6767206192017
1,2094,20.94,6794.38129067421,7987.532019615173,10000.0,10000.0,10.928362607955933,61.068832874298096,0.0,167.272686958313
1,2095,20.95,6842.417418956757,8024.410903453827,10000.0,10000.0,48.036128282547,36.878883838653564,0.0,0.0
1,2096,20.96,6919.740736484528,8063.59201669693,10000.0,10000.0,77.323317527771,39.18111324310303,0.0,0.0
1,2097,20.97,7142.598032951355,8100.376129150391,10000.0,10000.0,222.8572964668274,36.78411245346069,0.0,0.0
1,2098,20.98,7437.02694773674,8154.519498348236,10000.0,10000.0,294.42891478538513,54.14336919784546,0.0,0.0
1,2099,20.990000000000002,7640.666365623474,8198.046684265137,10000.0,10000.0,203.639417886734,43.527185916900635,0.0,0.0
1,2100,21.0,7901.796102523804,8278.485536575317,10000.0,10000.0,261.1297369003296,80.43885231018066,0.0,0.0
1,2101,21.01,7674.041390419006,8453.691899776459,10000.0,10000.0,-227.75471210479736,175.20636320114136,0.0,0.0
1,2102,21.02,6361.534595489502,8667.45501756668,10000.0,10000.0,-1312.5067949295044,213.76311779022217,0.0,0.0
1,2103,21.03,6455.567479133606,8729.423582553864,10000.0,10000.0,94.032883644104,61.96856498718262,0.0,0.0
1,2104,21.04,6628.490686416626,8892.229795455933,10000.0,10000.0,172.92320728302002,162.8062129020691,0.0,0.0
1,2105,21.05,6707.128435373306,8969.77424621582,10000.0,10000.0,78.6377489566803,77.5444507598877,0.0,0.0
1,2106,21.06,6703.622788190842,8954.167366027832,9938.360750675201,10000.0,-3.5056471824645996,-15.606880187988281,-61.639249324798584,0.0
1,2107,21.07,6675.03222823143,8927.339911460876,9900.529086589813,10000.0,-28.59055995941162,-26.827454566955566,-37.831664085388184,0.0
1,2108,21.080000000000002,6627.999693155289,8918.265402317047,9868.703484535217,10000.0,-47.03253507614136,-9.074509143829346,-31.825602054595947,0.0
1,2109,21.09,6560.083627700806,8924.374282360077,9824.545681476593,10000.0,-67.91606545448303,6.108880043029785,-44.15780305862427,0.0
1,2110,21.1,6511.734426021576,8940.514624118805,9782.02074766159,10000.0,-48.349201679229736,16.140341758728027,-42.52493381500244,0.0
1,2111,21.11,6472.92897105217,8964.651823043823,9738.540947437286,10000.0,-38.80545496940613,24.13719892501831,-43.4798002243042,0.0
1,2112,21.12,6438.329368829727,8943.364024162292,9799.368977546692,10000.0,-34.59960222244263,-21.28779888153076,60.82803010940552,0.0
1,2113,21.13,6296.367645263672,8835.363388061523,10000.0,10000.0,-141.9617235660553,-108.00063610076904,200.6310224533081,0.0
1,2114,21.14,5961.560904979706,8553.8250207901,10000.0,10000.0,-334.80674028396606,-281.53836727142334,0.0,0.0
1,2115,21.150000000000002,5546.771921217442,8353.014886379242,10000.0,10000.0,-414.78898376226425,-200.81013441085815,0.0,0.0
1,2116,21.16,5202.1038718521595,8240.98527431488,10000.0,10000.0,-344.66804936528206,-112.02961206436157,0.0,0.0
1,2117,21.17,5033.832883927971,8196.4772939682,10000.0,10000.0,-168.27098792418838,-44.50798034667969,0.0,0.0
1,2118,21.18,5019.548705313355,8183.683753013611,10000.0,10000.0,-14.284178614616394,-12.793540954589844,0.0,0.0
1,2119,21.19,5386.915244162083,8136.700391769409,10000.0,10000.0,367.36653884872794,-46.98336124420166,0.0,0.0
1,2120,21.2,6217.183470726013,7924.389541149139,10000.0,8953.014016151428,830.2682265639305,-212.31085062026978,0.0,-1046.9859838485718
1,2121,21.21,5971.036851406097,7888.810336589813,10000.0,8465.467691421509,-246.14661931991577,-35.57920455932617,0.0,-487.54632472991943
1,2122,21.22,6591.50242805481,7813.819646835327,10000.0,8406.438827514648,620.4655766487122,-74.99068975448608,0.0,-59.02886390686035
1,2123,21.23,6743.3105409145355,7793.081104755402,10000.0,8400.543332099915,151.80811285972595,-20.738542079925537,0.0,-5.895495414733887
1,2124,21.240000000000002,6734.360903501511,7979.589402675629,10000.0,10000.0,-8.949637413024902,186.50829792022705,0.0,1599.4566679000854
1,2125,21.25,6858.644634485245,8117.726445198059,10000.0,10000.0,124.28373098373413,138.13704252243042,0.0,0.0
1,2126,21.26,7071.492224931717,8132.4392557144165,10000.0,10000.0,212.84759044647217,14.712810516357422,0.0,0.0
1,2127,21.27,7481.719553470612,8195.158541202545,10000.0,10000.0,410.22732853889465,62.71928548812866,0.0,0.0
1,2128,21.28,7609.096169471741,8222.510814666748,10000.0,10000.0,127.37661600112915,27.35227346420288,0.0,0.0
1,2129,21.29,6394.249647855759,8423.154950141907,10000.0,10000.0,-1214.846521615982,200.6441354751587,0.0,0.0
1,2130,21.3,6216.848790645599,8623.69418144226,10000.0,10000.0,-177.4008572101593,200.539231300354,0.0,0.0
1,2131,21.31,6525.126099586487,8822.777271270752,10000.0,10000.0,308.27730894088745,199.0830898284912,0.0,0.0
1,2132,21.32,6665.919125080109,8727.43546962738,10000.0,10000.0,140.79302549362183,-95.34180164337158,0.0,0.0
1,2133,21.330000000000002,6561.889052391052,7190.099656581879,10000.0,10000.0,-104.0300726890564,-1537.3358130455017,0.0,0.0
1,2134,21.34,6351.593136787415,6956.992149353027,10000.0,10000.0,-210.2959156036377,-233.10750722885132,0.0,0.0
1,2135,21.35,5995.642766356468,6758.309900760651,9851.953983306885,10000.0,-355.95037043094635,-198.6822485923767,-148.04601669311523,0.0
1,2136,21.36,5572.578944265842,6509.360671043396,9682.535231113434,10000.0,-423.06382209062576,-248.94922971725464,-169.41875219345093,0.0
1,2137,21.37,5275.2709574997425,6390.6702399253845,9592.149555683136,10000.0,-297.30798676609993,-118.69043111801147,-90.38567543029785,0.0
1,2138,21.38,5188.962984830141,6636.889576911926,9459.055960178375,10000.0,-86.30797266960144,246.21933698654175,-133.09359550476074,0.0
1,2139,21.39,5761.988013982773,8679.172992706299,9487.163126468658,10000.0,573.0250291526318,2042.2834157943726,28.107166290283203,0.0
1,2140,21.400000000000002,6031.11557662487,8790.131211280823,9753.49873304367,10000.0,269.1275626420975,110.95821857452393,266.3356065750122,0.0
1,2141,21.41,6045.4729199409485,8669.530749320984,10000.0,10000.0,14.357343316078186,-120.60046195983887,246.50126695632935,0.0
1,2142,21.42,5854.868441820145,8480.54826259613,10000.0,10000.0,-190.60447812080383,-188.98248672485352,0.0,0.0
1,2143,21.43,5618.014372885227,8371.715545654297,10000.0,10000.0,-236.85406893491745,-108.8327169418335,0.0,0.0
1,2144,21.44,5377.084799110889,8293.40249300003,10000.0,10000.0,-240.92957377433777,-78.31305265426636,0.0,0.0
1,2145,21.45,5148.075241595507,8226.010203361511,10000.0,10000.0,-229.00955751538277,-67.39228963851929,0.0,0.0
1,2146,21.46,5115.234721451998,8212.966620922089,10000.0,10000.0,-32.84052014350891,-13.043582439422607,0.0,0.0
1,2147,21.47,6787.353307008743,8031.5181612968445,10000.0,10000.0,1672.1185855567455,-181.44845962524414,0.0,0.0
1,2148,21.48,6982.958763837814,8000.032901763916,10000.0,10000.0,195.60545682907104,-31.485259532928467,0.0,0.0
1,2149,21.490000000000002,6923.360377550125,7998.343408107758,10000.0,10000.0,-59.59838628768921,-1.6894936561584473,0.0,0.0
1,2150,21.5,6946.808099746704,7974.079251289368,10000.0,10000.0,23.44772219657898,-24.264156818389893,0.0,0.0
1,2151,21.51,6997.364014387131,8023.233711719513,10000.0,10000.0,50.555914640426636,49.154460430145264,0.0,0.0
1,2152,21.52,7186.466008424759,8111.830651760101,10000.0,10000.0,189.10199403762817,88.59694004058838,0.0,0.0
1,2153,21.53,7378.717362880707,8144.182860851288,10000.0,10000.0,192.25135445594788,32.35220909118652,0.0,0.0
1,2154,21.54,7503.264546394348,8163.209557533264,10000.0,10000.0,124.54718351364136,19.02669668197632,0.0,0.0
1,2155,21.55,7623.145878314972,8181.495666503906,10000.0,10000.0,119.88133192062378,18.28610897064209,0.0,0.0
1,2156,21.56,7747.047543525696,8216.080367565155,10000.0,10000.0,123.90166521072388,34.58470106124878,0.0,0.0
1,2157,21.57,7938.166856765747,8287.376761436462,10000.0,10000.0,191.11931324005127,71.29639387130737,0.0,0.0
1,2158,21.580000000000002,8035.77721118927,8349.109292030334,10000.0,10000.0,97.61035442352295,61.73253059387207,0.0,0.0
1,2159,21.59,6234.834045171738,8586.436212062836,10000.0,10000.0,-1800.9431660175323,237.32692003250122,0.0,0.0
1,2160,21.6,6276.020705699921,8649.111986160278,10000.0,10000.0,41.18666052818298,62.67577409744263,0.0,0.0
1,2161,21.61,6393.2859897613525,8727.609813213348,10000.0,10000.0,117.26528406143188,78.49782705307007,0.0,0.0
1,2162,21.62,6443.957537412643,8741.249740123749,10000.0,10000.0,50.671547651290894,13.63992691040039,0.0,0.0
1,2163,21.63,6522.519588470459,8807.684779167175,10000.0,10000.0,78.56205105781555,66.43503904342651,0.0,0.0
1,2164,21.64,6596.299707889557,8875.465393066406,10000.0,10000.0,73.7801194190979,67.78061389923096,0.0,0.0
1,2165,21.650000000000002,6620.375216007233,8726.812601089478,10000.0,10000.0,24.07550811767578,-148.6527919769287,0.0,0.0
1,2166,21.66,6553.1158447265625,7441.301941871643,10000.0,10000.0,-67.25937128067017,-1285.5106592178345,0.0,0.0
1,2167,21.67,6513.258516788483,7082.447707653046,10000.0,10000.0,-39.857327938079834,-358.8542342185974,0.0,0.0
1,2168,21.68,6482.648253440857,7053.834497928619,10000.0,10000.0,-30.610263347625732,-28.61320972442627,0.0,0.0
1,2169,21.69,6449.8065412044525,7027.104496955872,10000.0,10000.0,-32.84171223640442,-26.730000972747803,0.0,0.0
1,2170,21.7,6418.103277683258,6999.093592166901,10000.0,10000.0,-31.703263521194458,-28.010904788970947,0.0,0.0
1,2171,21.71,6407.664716243744,6982.401907444,10000.0,10000.0,-10.43856143951416,-16.69168472290039,0.0,0.0
1,2172,21.72,6415.339261293411,6977.820098400116,10000.0,10000.0,7.674545049667358,-4.581809043884277,0.0,0.0
1,2173,21.73,6422.412544488907,6975.415349006653,10000.0,10000.0,7.0732831954956055,-2.4047493934631348,0.0,0.0
1,2174,21.740000000000002,6436.023414134979,6981.431543827057,10000.0,10000.0,13.610869646072388,6.016194820404053,0.0,0.0
1,2175,21.75,6459.421813488007,6996.44923210144,10000.0,10000.0,23.398399353027344,15.017688274383545,0.0,0.0
1,2176,21.76,6493.498384952545,7019.955813884735,10000.0,10000.0,34.076571464538574,23.506581783294678,0.0,0.0
1,2177,21.77,6533.454805612564,7058.825194835663,10000.0,10000.0,39.95642066001892,38.869380950927734,0.0,0.0
1,2178,21.78,6564.953327178955,7144.709527492523,10000.0,10000.0,31.49852156639099,85.88433265686035,0.0,0.0
1,2179,21.79,6622.426360845566,7602.63055562973,10000.0,10000.0,57.47303366661072,457.92102813720703,0.0,0.0
1,2180,21.8,6701.982319355011,8728.724718093872,9930.621683597565,10000.0,79.55595850944519,1126.0941624641418,-69.3783164024353,0.0
1,2181,21.81,6727.338284254074,8974.418938159943,9938.71957063675,10000.0,25.35596489906311,245.69422006607056,8.09788703918457,0.0
1,2182,21.82,6730.882376432419,8980.194926261902,9958.881735801697,10000.0,3.5440921783447266,5.7759881019592285,20.16216516494751,0.0
1,2183,21.830000000000002,6727.530062198639,8975.456953048706,9986.28318309784,10000.0,-3.3523142337799072,-4.737973213195801,27.401447296142578,0.0
1,2184,21.84,6707.452237606049,8954.414129257202,10000.0,10000.0,-20.077824592590332,-21.042823791503906,13.716816902160645,0.0
1,2185,21.85,6657.410562038422,8903.416991233826,10000.0,10000.0,-50.04167556762695,-50.997138023376465,0.0,0.0
1,2186,21.86,6571.287661790848,8815.714716911316,10000.0,10000.0,-86.12290024757385,-87.70227432250977,0.0,0.0
1,2187,21.87,6488.280743360519,8731.433749198914,10000.0,10000.0,-83.00691843032837,-84.28096771240234,0.0,0.0
1,2188,21.88,6455.11582493782,8699.778020381927,10000.0,10000.0,-33.164918422698975,-31.655728816986084,0.0,0.0
1,2189,21.89,6434.915810823441,8685.314655303955,10000.0,10000.0,-20.200014114379883,-14.463365077972412,0.0,0.0
1,2190,21.900000000000002,6421.639770269394,8676.81473493576,10000.0,10000.0,-13.27604055404663,-8.49992036819458,0.0,0.0
1,2191,21.91,6418.202072381973,8665.074706077576,10000.0,10000.0,-3.4376978874206543,-11.740028858184814,0.0,0.0
1,2192,21.92,6506.596654653549,8632.642030715942,10000.0,10000.0,88.39458227157593,-32.4326753616333,0.0,0.0
1,2193,21.93,7080.551087856293,8540.601432323456,10000.0,10000.0,573.9544332027435,-92.04059839248657,0.0,0.0
1,2194,21.94,7953.976988792419,8403.037190437317,10000.0,10000.0,873.4259009361267,-137.56424188613892,0.0,0.0
1,2195,21.95,8024.252355098724,8296.184539794922,10000.0,10000.0,70.27536630630493,-106.85265064239502,0.0,0.0
1,2196,21.96,7818.8347816467285,8216.012120246887,10000.0,10000.0,-205.41757345199585,-80.17241954803467,0.0,0.0
1,2197,21.97,7649.2708921432495,8163.723647594452,10000.0,10000.0,-169.563889503479,-52.2884726524353,0.0,0.0
1,2198,21.98,7477.1444499492645,8126.8310546875,10000.0,10000.0,-172.12644219398499,-36.892592906951904,0.0,0.0
1,2199,21.990000000000002,7257.3022544384,8091.386556625366,10000.0,10000.0,-219.84219551086426,-35.44449806213379,0.0,0.0
1,2200,22.0,7061.155885457993,8064.178228378296,10000.0,10000.0,-196.14636898040771,-27.208328247070312,0.0,0.0
1,2201,22.01,6919.1984832286835,8041.648268699646,10000.0,10000.0,-141.95740222930908,-22.529959678649902,0.0,0.0
1,2202,22.02,6858.205497264862,8020.188510417938,10000.0,10000.0,-60.99298596382141,-21.459758281707764,0.0,0.0
1,2203,22.03,6829.9926817417145,7977.819442749023,10000.0,10000.0,-28.212815523147583,-42.369067668914795,0.0,0.0
1,2204,22.04,6873.461306095123,7878.417372703552,10000.0,9837.044477462769,43.46862435340881,-99.40207004547119,0.0,-162.95552253723145
1,2205,22.05,6894.660145044327,7816.076278686523,10000.0,8958.819508552551,21.19883894920349,-62.34109401702881,0.0,-878.2249689102173
1,2206,22.06,6886.410564184189,7790.269553661346,10000.0,8557.933568954468,-8.24958086013794,-25.806725025177002,0.0,-400.8859395980835
1,2207,22.07,6851.84434056282,7788.02216053009,10000.0,8466.072380542755,-34.56622362136841,-2.2473931312561035,0.0,-91.86118841171265
1,2208,22.080000000000002,6803.4374713897705,7794.106006622314,10000.0,8485.953211784363,-48.40686917304993,6.083846092224121,0.0,19.880831241607666
1,2209,22.09,6765.792667865753,7790.743708610535,10000.0,8443.470895290375,-37.644803524017334,-3.362298011779785,0.0,-42.48231649398804
1,2210,22.1,6740.3824627399445,7786.702215671539,10000.0,8377.047777175903,-25.410205125808716,-4.041492938995361,0.0,-66.42311811447144
1,2211,22.11,6703.904569149017,7804.505527019501,10000.0,8413.839042186737,-36.477893590927124,17.803311347961426,0.0,36.79126501083374
1,2212,22.12,6602.194309234619,7878.320813179016,10000.0,8604.692220687866,-101.7102599143982,73.81528615951538,0.0,190.85317850112915
1,2213,22.13,6521.410048007965,7981.759607791901,10000.0,9216.124713420868,-80.78426122665405,103.43879461288452,0.0,611.4324927330017
1,2214,22.14,6448.150128126144,8134.644627571106,10000.0,10000.0,-73.25991988182068,152.88501977920532,0.0,783.8752865791321
1,2215,22.150000000000002,6505.669057369232,8153.9469957351685,10000.0,10000.0,57.51892924308777,19.3023681640625,0.0,0.0
1,2216,22.16,6684.34277176857,8097.105920314789,10000.0,10000.0,178.67371439933777,-56.84107542037964,0.0,0.0
1,2217,22.17,6790.451258420944,8092.540800571442,10000.0,10000.0,106.10848665237427,-4.565119743347168,0.0,0.0
1,2218,22.18,7003.023326396942,8114.448189735413,10000.0,10000.0,212.57206797599792,21.907389163970947,0.0,0.0
1,2219,22.19,7314.614355564117,8157.859146595001,10000.0,10000.0,311.5910291671753,43.41095685958862,0.0,0.0
1,2220,22.2,7571.216821670532,8197.101652622223,10000.0,10000.0,256.6024661064148,39.24250602722168,0.0,0.0
1,2221,22.21,7671.666145324707,8217.482566833496,10000.0,10000.0,100.4493236541748,20.380914211273193,0.0,0.0
1,2222,22.22,7901.875972747803,8287.61100769043,10000.0,10000.0,230.2098274230957,70.1284408569336,0.0,0.0
1,2223,22.23,6453.167796134949,8599.220216274261,10000.0,10000.0,-1448.708176612854,311.6092085838318,0.0,0.0
1,2224,22.240000000000002,6413.693279027939,8685.94229221344,10000.0,10000.0,-39.47451710700989,86.72207593917847,0.0,0.0
1,2225,22.25,6504.105925559998,8756.690621376038,10000.0,10000.0,90.41264653205872,70.74832916259766,0.0,0.0
1,2226,22.26,6672.951132059097,8922.533392906189,10000.0,10000.0,168.84520649909973,165.84277153015137,0.0,0.0
1,2227,22.27,6729.615181684494,8978.481888771057,9984.011054039001,10000.0,56.66404962539673,55.948495864868164,-15.988945960998535,0.0
1,2228,22.28,6727.08660364151,8982.447981834412,9948.290884494781,10000.0,-2.528578042984009,3.966093063354492,-35.72016954421997,0.0
1,2229,22.29,6705.386191606522,8980.510830879211,9922.532141208649,10000.0,-21.700412034988403,-1.9371509552001953,-25.758743286132812,0.0
1,2230,22.3,6665.689498186111,8974.825739860535,9908.12361240387,10000.0,-39.696693420410156,-5.685091018676758,-14.408528804779053,0.0
1,2231,22.31,6592.01979637146,8933.888673782349,9977.898299694061,10000.0,-73.66970181465149,-40.937066078186035,69.77468729019165,0.0
1,2232,22.32,6411.078721284866,8844.693303108215,10000.0,10000.0,-180.94107508659363,-89.1953706741333,22.10170030593872,0.0
1,2233,22.330000000000002,6027.862131595612,8604.229092597961,10000.0,10000.0,-383.21658968925476,-240.4642105102539,0.0,0.0
1,2234,22.34,5580.419190227985,8369.070589542389,10000.0,10000.0,-447.4429413676262,-235.1585030555725,0.0,0.0
1,2235,22.35,5258.10057297349,8253.140449523926,10000.0,10000.0,-322.3186172544956,-115.93014001846313,0.0,0.0
1,2236,22.36,5048.216227442026,8198.109567165375,10000.0,10000.0,-209.88434553146362,-55.030882358551025,0.0,0.0
1,2237,22.37,5044.67511549592,8190.169036388397,10000.0,10000.0,-3.541111946105957,-7.940530776977539,0.0,0.0
1,2238,22.38,6131.228059530258,8017.942905426025,10000.0,10000.0,1086.552944034338,-172.22613096237183,0.0,0.0
1,2239,22.39,6704.7566175460815,7827.775478363037,10000.0,8466.845750808716,573.5285580158234,-190.16742706298828,0.0,-1533.1542491912842
1,2240,22.400000000000002,6748.293042182922,7794.69221830368,10000.0,8378.004729747772,43.53642463684082,-33.08326005935669,0.0,-88.8410210609436
1,2241,22.41,6754.792183637619,7786.650061607361,10000.0,8373.742699623108,6.499141454696655,-8.04215669631958,0.0,-4.262030124664307
1,2242,22.42,6734.901815652847,7850.4908084869385,10000.0,8606.708645820618,-19.89036798477173,63.84074687957764,0.0,232.96594619750977
1,2243,22.43,6868.744641542435,7898.675799369812,10000.0,9221.58807516098,133.8428258895874,48.184990882873535,0.0,614.8794293403625
1,2244,22.44,7012.264579534531,8064.24081325531,10000.0,10000.0,143.51993799209595,165.56501388549805,0.0,778.4119248390198
1,2245,22.45,7485.998123884201,8179.821670055389,10000.0,10000.0,473.7335443496704,115.58085680007935,0.0,0.0
1,2246,22.46,7728.870511054993,8220.88360786438,10000.0,10000.0,242.87238717079163,41.06193780899048,0.0,0.0
1,2247,22.47,8135.401606559753,8380.337059497833,10000.0,10000.0,406.53109550476074,159.45345163345337,0.0,0.0
1,2248,22.48,6421.50491476059,8690.571784973145,10000.0,10000.0,-1713.8966917991638,310.2347254753113,0.0,0.0
1,2249,22.490000000000002,6655.675917863846,8910.265266895294,10000.0,10000.0,234.17100310325623,219.69348192214966,0.0,0.0
1,2250,22.5,6721.3669419288635,8948.733806610107,9951.87133550644,10000.0,65.6910240650177,38.46853971481323,-48.12866449356079,0.0
1,2251,22.51,6637.515425682068,8574.6431350708,9911.544620990753,10000.0,-83.85151624679565,-374.09067153930664,-40.326714515686035,0.0
1,2252,22.52,6384.440958499908,7678.694427013397,9859.490394592285,10000.0,-253.07446718215942,-895.9487080574036,-52.05422639846802,0.0
1,2253,22.53,6040.3066873550415,7889.591753482819,9639.000594615936,10000.0,-344.13427114486694,210.8973264694214,-220.48979997634888,0.0
1,2254,22.54,5609.173513948917,8401.702046394348,9425.834119319916,10000.0,-431.1331734061241,512.1102929115295,-213.1664752960205,0.0
1,2255,22.55,5411.41752153635,8466.687202453613,9277.35298871994,10000.0,-197.75599241256714,64.98515605926514,-148.4811305999756,0.0
1,2256,22.56,5584.987588226795,8641.533255577087,9494.629800319672,10000.0,173.57006669044495,174.84605312347412,217.27681159973145,0.0
1,2257,22.57,5473.782308399677,8394.027948379517,10000.0,10000.0,-111.20527982711792,-247.5053071975708,505.37019968032837,0.0
1,2258,22.580000000000002,5391.516126692295,8312.111496925354,10000.0,10000.0,-82.2661817073822,-81.9164514541626,0.0,0.0
1,2259,22.59,5262.26045563817,8278.624415397644,10000.0,10000.0,-129.25567105412483,-33.48708152770996,0.0,0.0
1,2260,22.6,6981.242746114731,8113.910257816315,10000.0,10000.0,1718.9822904765606,-164.71415758132935,0.0,0.0
1,2261,22.61,7033.410966396332,8103.032112121582,10000.0,10000.0,52.16822028160095,-10.878145694732666,0.0,0.0
1,2262,22.62,6836.948096752167,7826.000154018402,10000.0,8726.35543346405,-196.46286964416504,-277.03195810317993,0.0,-1273.6445665359497
1,2263,22.63,6730.063259601593,7786.94361448288,10000.0,8367.212414741516,-106.88483715057373,-39.05653953552246,0.0,-359.1430187225342
1,2264,22.64,6527.720093727112,7886.435091495514,10000.0,8535.459041595459,-202.3431658744812,99.49147701263428,0.0,168.24662685394287
1,2265,22.650000000000002,6407.073736190796,8048.219084739685,9835.261404514313,9448.14145565033,-120.64635753631592,161.78399324417114,-164.73859548568726,912.6824140548706
1,2266,22.66,6451.4680206775665,8146.4338302612305,9998.356401920319,10000.0,44.39428448677063,98.21474552154541,163.09499740600586,551.8585443496704
1,2267,22.67,6854.44712638855,8103.282451629639,10000.0,10000.0,402.9791057109833,-43.1513786315918,1.6435980796813965,0.0
1,2268,22.68,7494.883239269257,8180.404603481293,10000.0,10000.0,640.4361128807068,77.12215185165405,0.0,0.0
1,2269,22.69,7851.028740406036,8265.436291694641,10000.0,10000.0,356.1455011367798,85.03168821334839,0.0,0.0
1,2270,22.7,6351.785808801651,8663.23173046112,10000.0,10000.0,-1499.2429316043854,397.7954387664795,0.0,0.0
1,2271,22.71,6625.382453203201,8881.117105484009,10000.0,10000.0,273.5966444015503,217.88537502288818,0.0,0.0
1,2272,22.72,6716.725677251816,8989.374041557312,9944.777488708496,10000.0,91.3432240486145,108.25693607330322,-55.222511291503906,0.0
1,2273,22.73,6622.121036052704,8820.389211177826,9848.659932613373,10000.0,-94.60464119911194,-168.98483037948608,-96.11755609512329,0.0
1,2274,22.740000000000002,6327.119469642639,8172.678649425507,9723.128378391266,10000.0,-295.0015664100647,-647.7105617523193,-125.53155422210693,0.0
1,2275,22.75,5962.60666847229,8013.619184494019,9638.86171579361,10000.0,-364.5128011703491,-159.05946493148804,-84.26666259765625,0.0
1,2276,22.76,5606.998838484287,8498.988449573517,9405.643045902252,10000.0,-355.6078299880028,485.3692650794983,-233.21866989135742,0.0
1,2277,22.77,5531.360097229481,8617.65444278717,9285.880327224731,10000.0,-75.63874125480652,118.66599321365356,-119.76271867752075,0.0
1,2278,22.78,5537.481792271137,8665.847182273865,9385.670125484467,10000.0,6.121695041656494,48.192739486694336,99.78979825973511,0.0
1,2279,22.79,5511.764921247959,8380.684554576874,10000.0,10000.0,-25.7168710231781,-285.16262769699097,614.3298745155334,0.0
1,2280,22.8,5574.950240552425,8358.807563781738,10000.0,10000.0,63.18531930446625,-21.876990795135498,0.0,0.0
1,2281,22.81,5575.813092291355,8355.284929275513,10000.0,10000.0,0.8628517389297485,-3.522634506225586,0.0,0.0
1,2282,22.82,5426.397360861301,8319.35703754425,10000.0,10000.0,-149.4157314300537,-35.92789173126221,0.0,0.0
1,2283,22.830000000000002,5051.856730133295,8562.332391738892,9974.91180896759,10000.0,-374.54063072800636,242.9753541946411,-25.088191032409668,0.0
1,2284,22.84,5000.0,8035.5799198150635,10000.0,8573.773503303528,-51.85673013329506,-526.7524719238281,25.088191032409668,-1426.2264966964722
1,2285,22.85,5000.0,8106.431365013123,10000.0,8286.62633895874,0.0,70.85144519805908,0.0,-287.1471643447876
1,2286,22.86,5000.0,8086.094260215759,10000.0,8214.098811149597,0.0,-20.33710479736328,0.0,-72.52752780914307
1,2287,22.87,5000.0,8054.251074790955,10000.0,8418.461680412292,0.0,-31.843185424804688,0.0,204.3628692626953
1,2288,22.88,5007.822311017662,8034.224212169647,10000.0,8886.43503189087,7.822311017662287,-20.026862621307373,0.0,467.97335147857666
1,2289,22.89,5128.409061580896,8210.141062736511,10000.0,10000.0,120.58675056323409,175.916850566864,0.0,1113.5649681091309
1,2290,22.900000000000002,6165.6200885772705,8624.884486198425,10000.0,10000.0,1037.2110269963741,414.74342346191406,0.0,0.0
1,2291,22.91,6547.488421201706,8797.799050807953,10000.0,10000.0,381.8683326244354,172.9145646095276,0.0,0.0
1,2292,22.92,6717.540621757507,8986.246585845947,9815.469086170197,10000.0,170.0522005558014,188.44753503799438,-184.53091382980347,0.0
1,2293,22.93,6713.7181758880615,8996.373414993286,9743.09891462326,10000.0,-3.822445869445801,10.126829147338867,-72.37017154693604,0.0
1,2294,22.94,6638.592779636383,8953.06408405304,9713.756144046783,10000.0,-75.12539625167847,-43.30933094024658,-29.34277057647705,0.0
1,2295,22.95,6457.908153533936,9002.556204795837,9710.482656955719,10000.0,-180.6846261024475,49.49212074279785,-3.273487091064453,0.0
1,2296,22.96,6367.58416891098,9130.929112434387,9660.100042819977,10000.0,-90.32398462295532,128.3729076385498,-50.38261413574219,0.0
1,2297,22.97,6337.548643350601,9213.880896568298,9533.900320529938,10000.0,-30.03552556037903,82.95178413391113,-126.19972229003906,0.0
1,2298,22.98,6506.792455911636,9110.080003738403,9693.687856197357,10000.0,169.24381256103516,-103.80089282989502,159.78753566741943,0.0
1,2299,22.990000000000002,6680.056303739548,8998.298048973083,9900.392591953278,10000.0,173.26384782791138,-111.78195476531982,206.7047357559204,0.0
1,2300,23.0,6349.781900644302,8791.572153568268,10000.0,10000.0,-330.27440309524536,-206.72589540481567,99.60740804672241,0.0
1,2301,23.01,5954.094231128693,8563.329577445984,10000.0,10000.0,-395.68766951560974,-228.24257612228394,0.0,0.0
1,2302,23.02,5797.968283295631,8545.798659324646,10000.0,10000.0,-156.12594783306122,-17.53091812133789,0.0,0.0
1,2303,23.03,5319.3289414048195,8483.25252532959,10000.0,10000.0,-478.6393418908119,-62.54613399505615,0.0,0.0
1,2304,23.04,5000.0,8380.180597305298,9942.745566368103,9768.638014793396,-319.3289414048195,-103.07192802429199,-57.25443363189697,-231.361985206604
1,2305,23.05,5000.0,8401.615023612976,10000.0,8024.3706703186035,0.0,21.434426307678223,57.25443363189697,-1744.2673444747925
1,2306,23.06,5000.0,8368.149995803833,10000.0,7326.2156546115875,0.0,-33.465027809143066,0.0,-698.155015707016
1,2307,23.07,5000.0,8183.788359165192,10000.0,7881.1973333358765,0.0,-184.36163663864136,0.0,554.9816787242889
1,2308,23.080000000000002,5000.0,8185.580670833588,10000.0,8103.876709938049,0.0,1.792311668395996,0.0,222.67937660217285
1,2309,23.09,5025.192222092301,8280.80415725708,9882.093667984009,8332.527577877045,25.192222092300653,95.22348642349243,-117.90633201599121,228.65086793899536
1,2310,23.1,5832.90621638298,8637.837171554565,9891.702830791473,10000.0,807.7139942906797,357.03301429748535,9.6091628074646,1667.4724221229553
1,2311,23.11,6635.540276765823,8914.203345775604,10000.0,10000.0,802.634060382843,276.3661742210388,108.29716920852661,0.0
1,2312,23.12,6788.636296987534,8951.972424983978,9925.046265125275,10000.0,153.0960202217102,37.76907920837402,-74.95373487472534,0.0
1,2313,23.13,6981.447637081146,8786.237239837646,9577.832520008087,9792.707562446594,192.81134009361267,-165.7351851463318,-347.2137451171875,-207.29243755340576
1,2314,23.14,6837.19128370285,8738.902807235718,9249.599874019623,9154.895544052124,-144.2563533782959,-47.33443260192871,-328.23264598846436,-637.8120183944702
1,2315,23.150000000000002,6111.653223633766,8986.52970790863,8949.328064918518,10000.0,-725.5380600690842,247.6269006729126,-300.27180910110474,845.104455947876
1,2316,23.16,5844.670981168747,9150.969386100769,9011.61640882492,10000.0,-266.9822424650192,164.43967819213867,62.28834390640259,0.0
1,2317,23.17,5847.37241268158,9254.710078239441,9100.36414861679,10000.0,2.7014315128326416,103.74069213867188,88.74773979187012,0.0
1,2318,23.18,6012.6737505197525,9183.27659368515,9448.239505290985,10000.0,165.3013378381729,-71.43348455429077,347.87535667419434,0.0
1,2319,23.19,6564.897447824478,9149.547219276428,9917.440116405487,10000.0,552.2236973047256,-33.729374408721924,469.20061111450195,0.0
1,2320,23.2,6704.278439283371,9082.030057907104,9971.931874752045,10000.0,139.38099145889282,-67.51716136932373,54.49175834655762,0.0
1,2321,23.21,6494.9385821819305,8968.538045883179,10000.0,10000.0,-209.33985710144043,-113.49201202392578,28.068125247955322,0.0
1,2322,23.22,6239.378452301025,8985.288143157959,9928.05927991867,10000.0,-255.56012988090515,16.750097274780273,-71.94072008132935,0.0
1,2323,23.23,5542.411841452122,8920.56405544281,9719.577729701996,10000.0,-696.9666108489037,-64.72408771514893,-208.4815502166748,0.0
1,2324,23.240000000000002,5034.994950983673,8952.616155147552,9323.505461215973,8487.234115600586,-507.4168904684484,32.05209970474243,-396.07226848602295,-1512.765884399414
1,2325,23.25,5000.0,9058.406949043274,8961.439728736877,7047.2173392772675,-34.994950983673334,105.79079389572144,-362.06573247909546,-1440.0167763233185
1,2326,23.26,5000.0,8963.373303413391,9094.717800617218,6713.505536317825,0.0,-95.03364562988281,133.27807188034058,-333.71180295944214
1,2327,23.27,5000.0,8750.104904174805,9197.957515716553,7175.555974245071,0.0,-213.26839923858643,103.23971509933472,462.0504379272461
1,2328,23.28,5000.0,8791.321516036987,9065.908789634705,7215.108722448349,0.0,41.21661186218262,-132.04872608184814,39.55274820327759
1,2329,23.29,5000.0,9040.817618370056,8866.461217403412,7118.163704872131,0.0,249.49610233306885,-199.44757223129272,-96.94501757621765
1,2330,23.3,5769.0876722335815,9292.330145835876,9217.216670513153,7739.722430706024,769.0876722335815,251.5125274658203,350.7554531097412,621.5587258338928
1,2331,23.31,6652.884930372238,9251.76352262497,9714.234173297882,9151.14015340805,883.7972581386566,-40.56662321090698,497.017502784729,1411.4177227020264
1,2332,23.32,6840.3977155685425,9189.14407491684,10000.0,9130.501747131348,187.51278519630432,-62.61944770812988,285.7658267021179,-20.63840627670288
1,2333,23.330000000000002,6520.560681819916,9160.28618812561,9693.538546562195,8956.746459007263,-319.8370337486267,-28.857886791229248,-306.4614534378052,-173.75528812408447
1,2334,23.34,5612.276382744312,9421.259760856628,8596.613705158234,8287.093043327332,-908.2842990756035,260.97357273101807,-1096.9248414039612,-669.6534156799316
1,2335,23.35,5233.474392443895,9747.215211391449,8693.672120571136,7924.264669418335,-378.80199030041695,325.95545053482056,97.05841541290283,-362.8283739089966
1,2336,23.36,5226.005334407091,9765.166938304901,8635.993897914886,7872.215509414673,-7.469058036804199,17.95172691345215,-57.67822265625,-52.04916000366211
1,2337,23.37,5255.473721772432,9925.594329833984,8592.383563518524,8007.715940475464,29.468387365341187,160.42739152908325,-43.610334396362305,135.50043106079102
1,2338,23.38,5220.775920897722,10000.0,8673.402070999146,8231.063485145569,-34.69780087471008,74.40567016601562,81.01850748062134,223.34754467010498
1,2339,23.39,5146.304909139872,10000.0,8939.307034015656,9309.34190750122,-74.47101175785065,0.0,265.90496301651,1078.2784223556519
1,2340,23.400000000000002,5202.3145742714405,10000.0,8913.310468196869,10000.0,56.00966513156891,0.0,-25.99656581878662,690.6580924987793
1,2341,23.41,5488.2024601101875,9892.749190330505,9045.980274677277,9213.804602622986,285.887885838747,-107.25080966949463,132.66980648040771,-786.1953973770142
1,2342,23.42,5513.039864599705,9930.483102798462,9169.466197490692,9758.53979587555,24.837404489517212,37.73391246795654,123.48592281341553,544.7351932525635
1,2343,23.43,5355.718322098255,9962.581992149353,9178.390204906464,9876.422584056854,-157.32154250144958,32.09888935089111,8.924007415771484,117.88278818130493
1,2344,23.44,5025.355389807373,9884.113073348999,9197.138249874115,9384.499490261078,-330.3629322908819,-78.468918800354,18.748044967651367,-491.92309379577637
1,2345,23.45,5000.0,9540.871977806091,9005.05244731903,6920.749396085739,-25.355389807373285,-343.2410955429077,-192.08580255508423,-2463.7500941753387
1,2346,23.46,5000.0,9527.159035205841,8649.528622627258,6389.714926481247,0.0,-13.712942600250244,-355.52382469177246,-531.0344696044922
1,2347,23.47,5000.0,9589.815437793732,8500.555753707886,5216.246210038662,0.0,62.656402587890625,-148.97286891937256,-1173.468716442585
1,2348,23.48,5000.0,9616.414606571198,8468.52034330368,5192.964933812618,0.0,26.59916877746582,-32.03541040420532,-23.2812762260437
1,2349,23.490000000000002,5000.0,9608.032405376434,8409.567773342133,5445.16209512949,0.0,-8.382201194763184,-58.95256996154785,252.19716131687164
1,2350,23.5,5000.0,9650.35229921341,8359.71623659134,5420.447997748852,0.0,42.3198938369751,-49.85153675079346,-24.714097380638123
1,2351,23.51,5000.0,9779.237806797028,8313.958644866943,6086.15443110466,0.0,128.88550758361816,-45.75759172439575,665.7064333558083
1,2352,23.52,5136.4232785999775,9873.331785202026,8551.720082759857,6449.197232723236,136.4232785999775,94.09397840499878,237.76143789291382,363.04280161857605
1,2353,23.53,5417.233519256115,9939.668774604797,9092.142581939697,6700.83686709404,280.81024065613747,66.336989402771,540.4224991798401,251.63963437080383
1,2354,23.54,5484.850071370602,9966.045022010803,9408.989250659943,6842.470616102219,67.6165521144867,26.37624740600586,316.84666872024536,141.6337490081787
1,2355,23.55,5627.193450927734,9981.168508529663,9659.123420715332,7046.826779842377,142.34337955713272,15.123486518859863,250.1341700553894,204.35616374015808
1,2356,23.56,5633.221194148064,10000.0,9834.595620632172,7336.4222049713135,6.027743220329285,18.831491470336914,175.4721999168396,289.59542512893677
1,2357,23.57,5151.5391655266285,10000.0,9368.458688259125,7576.462030410767,-481.68202862143517,0.0,-466.1369323730469,240.03982543945312
1,2358,23.580000000000002,5000.0,10000.0,9170.222580432892,8491.311073303223,-151.5391655266285,0.0,-198.2361078262329,914.849042892456
1,2359,23.59,5000.0,10000.0,9181.160926818848,10000.0,0.0,0.0,10.93834638595581,1508.6889266967773
1,2360,23.6,5000.0,10000.0,9152.710437774658,10000.0,0.0,0.0,-28.450489044189453,0.0
1,2361,23.61,5000.0,10000.0,9182.301461696625,10000.0,0.0,0.0,29.591023921966553,0.0
1,2362,23.62,5000.0,10000.0,8939.292430877686,10000.0,0.0,0.0,-243.0090308189392,0.0
1,2363,23.63,5000.0,10000.0,8738.625347614288,9703.86803150177,0.0,0.0,-200.66708326339722,-296.13196849823
1,2364,23.64,5028.537830803543,9929.54969406128,8880.59288263321,9635.70386171341,28.53783080354333,-70.4503059387207,141.9675350189209,-68.1641697883606
1,2365,23.650000000000002,5048.373956233263,9833.062887191772,9150.099158287048,9472.597241401672,19.836125429719687,-96.48680686950684,269.5062756538391,-163.10662031173706
1,2366,23.66,5019.216036889702,9660.198092460632,9235.87054014206,8193.230032920837,-29.157919343560934,-172.86479473114014,85.77138185501099,-1279.367208480835
1,2367,23.67,5000.0,9536.980092525482,9108.13182592392,6762.406527996063,-19.21603688970208,-123.21799993515015,-127.73871421813965,-1430.8235049247742
1,2368,23.68,5000.0,9544.628858566284,8968.091309070587,6310.47248840332,0.0,7.648766040802002,-140.04051685333252,-451.9340395927429
1,2369,23.69,5000.0,9619.026482105255,8694.360554218292,5107.034705579281,0.0,74.39762353897095,-273.7307548522949,-1203.4377828240395
1,2370,23.7,5000.0,9740.344285964966,8625.253438949585,5000.0,0.0,121.3178038597107,-69.10711526870728,-107.03470557928085
1,2371,23.71,5000.0,9731.93109035492,8609.335720539093,5000.0,0.0,-8.413195610046387,-15.917718410491943,0.0
1,2372,23.72,5000.0,9710.17599105835,8567.490875720978,5000.0,0.0,-21.755099296569824,-41.844844818115234,0.0
1,2373,23.73,5000.0,9765.493273735046,8508.173525333405,5000.0,0.0,55.31728267669678,-59.31735038757324,0.0
1,2374,23.740000000000002,5000.0,9863.03448677063,8432.591259479523,5000.0,0.0,97.5412130355835,-75.58226585388184,0.0
1,2375,23.75,5000.0,9904.36315536499,8367.17277765274,5124.3506744503975,0.0,41.32866859436035,-65.41848182678223,124.35067445039749
1,2376,23.76,5000.0,9922.249913215637,8417.315185070038,5853.791981935501,0.0,17.886757850646973,50.14240741729736,729.4413074851036
1,2377,23.77,5225.627664476633,9950.457513332367,8697.357475757599,6393.758207559586,225.62766447663307,28.207600116729736,280.04229068756104,539.9662256240845
1,2378,23.78,5455.899648368359,9969.686269760132,9049.471914768219,6656.4856469631195,230.27198389172554,19.228756427764893,352.1144390106201,262.72743940353394
1,2379,23.79,5504.158101975918,9952.23730802536,9145.551025867462,6726.594716310501,48.258453607559204,-17.44896173477173,96.07911109924316,70.10906934738159
1,2380,23.8,5426.69702321291,9870.526790618896,9017.657935619354,6620.165705680847,-77.46107876300812,-81.71051740646362,-127.89309024810791,-106.42901062965393
1,2381,23.81,5330.619029700756,9796.563684940338,8875.419795513153,6563.476771116257,-96.07799351215363,-73.96310567855835,-142.23814010620117,-56.688934564590454
1,2382,23.82,5362.629853188992,9816.705286502838,8971.074521541595,6851.422488689423,32.010823488235474,20.1416015625,95.65472602844238,287.9457175731659
1,2383,23.830000000000002,5359.749309718609,9871.599674224854,9172.256886959076,7762.254476547241,-2.8805434703826904,54.89438772201538,201.18236541748047,910.8319878578186
1,2384,23.84,5269.710887223482,9944.254457950592,9358.397126197815,8986.798524856567,-90.03842249512672,72.65478372573853,186.140239238739,1224.5440483093262
1,2385,23.85,5176.549572497606,9913.590550422668,9406.188428401947,9223.604202270508,-93.16131472587585,-30.663907527923584,47.79130220413208,236.80567741394043
1,2386,23.86,5093.376655131578,9853.644669055939,9392.097890377045,9005.818367004395,-83.17291736602783,-59.945881366729736,-14.090538024902344,-217.78583526611328
1,2387,23.87,5000.0,9773.780703544617,9311.026632785797,8599.041998386383,-93.37665513157845,-79.86396551132202,-81.07125759124756,-406.7763686180115
1,2388,23.88,5000.0,9662.642478942871,9204.411208629608,7759.253978729248,0.0,-111.1382246017456,-106.61542415618896,-839.788019657135
1,2389,23.89,5000.0,9571.240246295929,9045.864641666412,6864.045709371567,0.0,-91.40223264694214,-158.5465669631958,-895.2082693576813
1,2390,23.900000000000002,5000.0,9560.533165931702,8859.584033489227,6536.471992731094,0.0,-10.707080364227295,-186.28060817718506,-327.5737166404724
1,2391,23.91,5000.0,9583.925604820251,8715.030550956726,5842.115730047226,0.0,23.392438888549805,-144.55348253250122,-694.3562626838684
1,2392,23.92,5000.0,9641.374051570892,8626.710772514343,5273.90506118536,0.0,57.44844675064087,-88.31977844238281,-568.210668861866
1,2393,23.93,5000.0,9724.679589271545,8586.462140083313,5106.037370860577,0.0,83.30553770065308,-40.24863243103027,-167.86769032478333
1,2394,23.94,5000.0,9781.574010848999,8543.800413608551,5066.791363060474,0.0,56.89442157745361,-42.66172647476196,-39.246007800102234
1,2395,23.95,5000.0,9822.958111763,8493.619859218597,5055.707730352879,0.0,41.384100914001465,-50.18055438995361,-11.083632707595825
1,2396,23.96,5000.0,9856.855273246765,8454.102575778961,5049.587972462177,0.0,33.89716148376465,-39.51728343963623,-6.119757890701294
1,2397,23.97,5000.0,9912.102818489075,8409.29001569748,5236.350782215595,0.0,55.24754524230957,-44.812560081481934,186.76280975341797
1,2398,23.98,5000.0,9957.551956176758,8442.051708698273,5802.434980869293,0.0,45.449137687683105,32.76169300079346,566.084198653698
1,2399,23.990000000000002,5001.399389002472,9994.589686393738,8593.779504299164,6280.184835195541,1.3993890024721622,37.03773021697998,151.7277956008911,477.74985432624817
1,2400,24.0,5229.423064738512,10000.0,8768.959641456604,6471.333056688309,228.02367573603988,5.410313606262207,175.18013715744019,191.14822149276733
1,2401,24.01,5320.97052782774,9994.37928199768,8829.531967639923,6543.226391077042,91.54746308922768,-5.620718002319336,60.57232618331909,71.89333438873291
1,2402,24.02,5282.157752662897,9932.911694049835,8780.87192773819,6481.867879629135,-38.812775164842606,-61.46758794784546,-48.6600399017334,-61.358511447906494
1,2403,24.03,5261.359456926584,9894.617795944214,8753.206431865692,6493.076831102371,-20.798295736312866,-38.29389810562134,-27.66549587249756,11.208951473236084
1,2404,24.04,5257.917810231447,9841.955602169037,8789.637982845306,6570.82125544548,-3.441646695137024,-52.662193775177,36.43155097961426,77.74442434310913
1,2405,24.05,5256.093684583902,9814.256727695465,8831.967115402222,6694.66957449913,-1.8241256475448608,-27.698874473571777,42.32913255691528,123.8483190536499
1,2406,24.060000000000002,5231.560710817575,9791.44424200058,8908.085823059082,6897.34160900116,-24.532973766326904,-22.812485694885254,76.11870765686035,202.67203450202942
1,2407,24.07,5142.610240727663,9756.043553352356,8967.570066452026,6992.097347974777,-88.95047008991241,-35.40068864822388,59.484243392944336,94.75573897361755
1,2408,24.080000000000002,5015.680661890656,9722.012877464294,8987.264037132263,7050.325274467468,-126.92957883700728,-34.03067588806152,19.693970680236816,58.22792649269104
1,2409,24.09,5000.0,9703.608453273773,8975.581228733063,6998.974680900574,-15.680661890655756,-18.40442419052124,-11.68280839920044,-51.35059356689453
1,2410,24.1,5000.0,9700.885713100433,8934.703767299652,6834.825426340103,0.0,-2.7227401733398438,-40.877461433410645,-164.14925456047058
1,2411,24.11,5000.0,9683.076739311218,8857.184946537018,6612.507253885269,0.0,-17.808973789215088,-77.51882076263428,-222.31817245483398
1,2412,24.12,5000.0,9663.300812244415,8755.001425743103,6341.954320669174,0.0,-19.77592706680298,-102.1835207939148,-270.55293321609497
1,2413,24.13,5000.0,9673.24286699295,8666.38720035553,6041.672229766846,0.0,9.942054748535156,-88.61422538757324,-300.2820909023285
1,2414,24.14,5000.0,9701.845645904541,8588.750660419464,5932.604968547821,0.0,28.602778911590576,-77.63653993606567,-109.06726121902466
1,2415,24.150000000000002,5000.0,9707.28486776352,8520.349860191345,5873.606204986572,0.0,5.4392218589782715,-68.4008002281189,-58.99876356124878
1,2416,24.16,5000.0,9727.243781089783,8489.146530628204,5443.172417581081,0.0,19.958913326263428,-31.20332956314087,-430.4337874054909
1,2417,24.17,5000.0,9797.20950126648,8480.723798274994,5148.0067148804665,0.0,69.96572017669678,-8.42273235321045,-295.16570270061493
1,2418,24.18,5000.0,9884.634912014008,8463.6589884758,5085.250623524189,0.0,87.42541074752808,-17.064809799194336,-62.756091356277466
1,2419,24.19,5000.0,9979.954957962036,8470.715284347534,5279.433540999889,0.0,95.32004594802856,7.056295871734619,194.18291747570038
1,2420,24.2,5001.495650503784,10000.0,8585.228025913239,5718.904882669449,1.495650503784418,20.045042037963867,114.51274156570435,439.4713416695595
1,2421,24.21,5184.752959758043,10000.0,8788.987696170807,6302.250474691391,183.25730925425887,0.0,203.75967025756836,583.3455920219421
1,2422,24.22,5352.7892008423805,10000.0,8988.72047662735,6615.761071443558,168.03624108433723,0.0,199.73278045654297,313.51059675216675
1,2423,24.23,5377.386026084423,10000.0,9081.24953508377,6736.508011817932,24.59682524204254,0.0,92.5290584564209,120.74694037437439
1,2424,24.240000000000002,5326.807163655758,10000.0,8911.080658435822,6607.893854379654,-50.57886242866516,0.0,-170.16887664794922,-128.6141574382782
1,2425,24.25,5239.546541124582,10000.0,8769.478499889374,6598.345786333084,-87.26062253117561,0.0,-141.60215854644775,-9.548068046569824
1,2426,24.26,5238.35988715291,10000.0,8759.680688381195,6721.809208393097,-1.186653971672058,0.0,-9.797811508178711,123.46342206001282
1,2427,24.27,5258.197356015444,9981.220364570618,8813.011348247528,6759.160906076431,19.83746886253357,-18.779635429382324,53.33065986633301,37.35169768333435
1,2428,24.28,5276.436377316713,9947.707653045654,8851.72814130783,6851.076036691666,18.23902130126953,-33.51271152496338,38.716793060302734,91.91513061523438
1,2429,24.29,5269.87524703145,9917.922019958496,8896.055817604065,6831.338256597519,-6.5611302852630615,-29.785633087158203,44.32767629623413,-19.73778009414673
1,2430,24.3,5170.2494360506535,9855.139553546906,8882.553577423096,6765.933930873871,-99.62581098079681,-62.782466411590576,-13.502240180969238,-65.40432572364807
1,2431,24.310000000000002,5000.246784184128,9788.47622871399,8857.410550117493,6675.792187452316,-170.0026518665254,-66.66332483291626,-25.143027305603027,-90.14174342155457
1,2432,24.32,5000.0,9754.511415958405,8866.068124771118,6640.33904671669,-0.24678418412804604,-33.96481275558472,8.657574653625488,-35.45314073562622
1,2433,24.330000000000002,5000.0,9729.003310203552,8897.309005260468,6521.283835172653,0.0,-25.508105754852295,31.240880489349365,-119.05521154403687
1,2434,24.34,5000.0,9749.950766563416,8878.907859325409,6119.503974914551,0.0,20.94745635986328,-18.401145935058594,-401.7798602581024
1,2435,24.35,5000.0,9803.07251214981,8814.375102519989,5290.544144809246,0.0,53.121745586395264,-64.53275680541992,-828.9598301053047
1,2436,24.36,5000.0,9835.079610347748,8746.581375598907,5053.384117782116,0.0,32.00709819793701,-67.79372692108154,-237.16002702713013
1,2437,24.37,5000.0,9801.750779151917,8722.111880779266,5029.306299984455,0.0,-33.3288311958313,-24.469494819641113,-24.077817797660828
1,2438,24.38,5000.0,9759.96881723404,8659.233152866364,5040.679089725018,0.0,-41.7819619178772,-62.87872791290283,11.372789740562439
1,2439,24.39,5000.0,9745.955169200897,8591.376841068268,5041.7279824614525,0.0,-14.01364803314209,-67.8563117980957,1.0488927364349365
1,2440,24.400000000000002,5000.0,9797.523319721222,8541.353940963745,5000.0,0.0,51.56815052032471,-50.022900104522705,-41.727982461452484
1,2441,24.41,5000.0,9913.379549980164,8503.956496715546,5000.0,0.0,115.85623025894165,-37.39744424819946,0.0
1,2442,24.42,5000.0,10000.0,8467.216789722443,5000.0,0.0,86.62045001983643,-36.73970699310303,0.0
1,2443,24.43,5000.0,10000.0,8444.13548707962,5000.0,0.0,0.0,-23.081302642822266,0.0
1,2444,24.44,5000.0,10000.0,8443.889617919922,5000.0,0.0,0.0,-0.24586915969848633,0.0
1,2445,24.45,5094.4494642317295,10000.0,8536.377251148224,5000.0,94.44946423172951,0.0,92.487633228302,0.0
1,2446,24.46,5169.321317225695,10000.0,8692.57539510727,5403.905771672726,74.87185299396515,0.0,156.1981439590454,403.9057716727257
1,2447,24.47,5280.812103301287,10000.0,9030.103981494904,6142.257004976273,111.49078607559204,0.0,337.5285863876343,738.3512333035469
1,2448,24.48,5500.377751886845,10000.0,9443.245232105255,6781.633347272873,219.56564858555794,0.0,413.14125061035156,639.3763422966003
1,2449,24.490000000000002,5546.860434114933,10000.0,9565.152823925018,6986.880302429199,46.48268222808838,0.0,121.90759181976318,205.2469551563263
1,2450,24.5,5434.454195201397,10000.0,9384.627044200897,6803.45430970192,-112.40623891353607,0.0,-180.5257797241211,-183.42599272727966
1,2451,24.51,5356.182791292667,10000.0,9110.794365406036,6697.991043329239,-78.27140390872955,0.0,-273.83267879486084,-105.46326637268066
1,2452,24.52,5364.190675318241,10000.0,9080.269634723663,7085.211127996445,8.00788402557373,0.0,-30.524730682373047,387.2200846672058
1,2453,24.53,5338.886938989162,10000.0,9092.98449754715,7788.7290716171265,-25.303736329078674,0.0,12.714862823486328,703.5179436206818
1,2454,24.54,5232.6843328773975,10000.0,9182.991683483124,8533.30373764038,-106.20260611176491,0.0,90.00718593597412,744.5746660232544
1,2455,24.55,5154.933575540781,10000.0,9150.449633598328,8067.666590213776,-77.75075733661652,0.0,-32.54204988479614,-465.6371474266052
1,2456,24.560000000000002,5076.896641403437,9967.35155582428,8979.661166667938,7082.677781581879,-78.03693413734436,-32.648444175720215,-170.7884669303894,-984.988808631897
1,2457,24.57,5000.0,9893.273115158081,8888.68123292923,6729.736924171448,-76.89664140343666,-74.07844066619873,-90.9799337387085,-352.9408574104309
1,2458,24.580000000000002,5000.0,9822.06255197525,8915.848433971405,6517.84673333168,0.0,-71.21056318283081,27.167201042175293,-211.89019083976746
1,2459,24.59,5000.0,9770.974218845367,9009.088277816772,5985.27729511261,0.0,-51.08833312988281,93.23984384536743,-532.5694382190704
1,2460,24.6,5000.0,9842.119812965393,9027.7698636055,5321.655534207821,0.0,71.14559412002563,18.681585788726807,-663.621760904789
1,2461,24.61,5000.0,9915.934801101685,8911.092579364777,5000.0,0.0,73.8149881362915,-116.67728424072266,-321.6555342078209
1,2462,24.62,5000.0,10000.0,8819.887340068817,5000.0,0.0,84.06519889831543,-91.20523929595947,0.0
1,2463,24.63,5000.0,10000.0,8780.69818019867,5000.0,0.0,0.0,-39.189159870147705,0.0
1,2464,24.64,5000.0,10000.0,8785.751760005951,5000.0,0.0,0.0,5.053579807281494,0.0
1,2465,24.650000000000002,5000.0,10000.0,8786.529898643494,5000.0,0.0,0.0,0.7781386375427246,0.0
1,2466,24.66,5000.0,10000.0,8725.398480892181,5000.0,0.0,0.0,-61.131417751312256,0.0
1,2467,24.67,5000.0,9900.712966918945,8699.87040758133,5000.0,0.0,-99.28703308105469,-25.52807331085205,0.0
1,2468,24.68,5000.0,9929.578602313995,8753.141462802887,5000.0,0.0,28.86563539505005,53.27105522155762,0.0
1,2469,24.69,5000.0,10000.0,8704.722225666046,5000.0,0.0,70.42139768600464,-48.41923713684082,0.0
1,2470,24.7,5000.0,10000.0,8648.566901683807,5000.0,0.0,0.0,-56.15532398223877,0.0
1,2471,24.71,5000.0,10000.0,8630.788624286652,5000.0,0.0,0.0,-17.77827739715576,0.0
1,2472,24.72,5000.0,10000.0,8595.685064792633,5000.0,0.0,0.0,-35.103559494018555,0.0
1,2473,24.73,5093.082804232836,10000.0,8709.062039852142,5000.0,93.08280423283577,0.0,113.37697505950928,0.0
1,2474,24.740000000000002,5441.988296806812,10000.0,8976.81713104248,5252.17842310667,348.9054925739765,0.0,267.75509119033813,252.17842310667038
1,2475,24.75,5742.386430501938,10000.0,9456.917345523834,6579.430103302002,300.3981336951256,0.0,480.10021448135376,1327.2516801953316
1,2476,24.76,5756.330788135529,10000.0,9795.165956020355,6985.968500375748,13.944357633590698,0.0,338.248610496521,406.5383970737457
1,2477,24.77,5726.764351129532,10000.0,9849.71433877945,7148.541659116745,-29.566437005996704,0.0,54.54838275909424,162.57315874099731
1,2478,24.78,5604.701526463032,10000.0,9665.293395519257,7123.260945081711,-122.06282466650009,0.0,-184.42094326019287,-25.28071403503418
1,2479,24.79,5388.413555920124,10000.0,9640.670120716095,7251.327037811279,-216.28797054290771,0.0,-24.62327480316162,128.06609272956848
1,2480,24.8,5161.546040326357,10000.0,9440.809190273285,8322.786092758179,-226.86751559376717,0.0,-199.86093044281006,1071.4590549468994
1,2481,24.810000000000002,5068.1558437645435,10000.0,9230.49122095108,8963.977694511414,-93.39019656181335,0.0,-210.3179693222046,641.1916017532349
1,2482,24.82,5014.066419098526,10000.0,9169.563353061676,9038.029611110687,-54.089424666017294,0.0,-60.9278678894043,74.05191659927368
1,2483,24.830000000000002,5000.0,10000.0,9017.231166362762,8402.975797653198,-14.06641909852624,0.0,-152.33218669891357,-635.053813457489
1,2484,24.84,5000.0,10000.0,8842.653632164001,7613.8752698898315,0.0,0.0,-174.577534198761,-789.1005277633667
1,2485,24.85,5000.0,10000.0,8773.04345369339,6883.809119462967,0.0,0.0,-69.61017847061157,-730.0661504268646
1,2486,24.86,5000.0,9853.68937253952,9002.002775669098,6427.507549524307,0.0,-146.31062746047974,228.959321975708,-456.30156993865967
1,2487,24.87,5000.0,9844.695329666138,9154.511392116547,5874.026566743851,0.0,-8.994042873382568,152.50861644744873,-553.4809827804565
1,2488,24.88,5000.0,9864.307343959808,9197.734296321869,5093.856118619442,0.0,19.612014293670654,43.222904205322266,-780.1704481244087
1,2489,24.89,5000.0,9904.536008834839,9007.403254508972,5000.0,0.0,40.22866487503052,-190.33104181289673,-93.85611861944199
1,2490,24.900000000000002,5000.0,10000.0,8868.836462497711,5000.0,0.0,95.46399116516113,-138.566792011261,0.0
1,2491,24.91,5000.0,10000.0,8850.917518138885,5000.0,0.0,0.0,-17.918944358825684,0.0
1,2492,24.92,5000.0,10000.0,8917.171061038971,5000.0,0.0,0.0,66.25354290008545,0.0
1,2493,24.93,5000.0,10000.0,8903.848826885223,5000.0,0.0,0.0,-13.322234153747559,0.0
1,2494,24.94,5000.0,10000.0,8834.583163261414,5000.0,0.0,0.0,-69.26566362380981,0.0
1,2495,24.95,5000.0,9978.521466255188,8936.648666858673,5000.0,0.0,-21.47853374481201,102.06550359725952,0.0
1,2496,24.96,5000.0,10000.0,8868.90709400177,5000.0,0.0,21.47853374481201,-67.74157285690308,0.0
1,2497,24.97,5000.0,10000.0,8742.203116416931,5000.0,0.0,0.0,-126.70397758483887,0.0
1,2498,24.98,5000.0,10000.0,8734.276592731476,5000.0,0.0,0.0,-7.926523685455322,0.0
1,2499,24.990000000000002,5000.0,10000.0,8737.40166425705,5000.0,0.0,0.0,3.1250715255737305,0.0
1,2500,25.0,5095.86239233613,10000.0,8752.487599849701,5000.0,95.86239233613014,0.0,15.085935592651367,0.0
1,2501,25.01,5661.046057939529,10000.0,8928.912580013275,5110.607631504536,565.1836656033993,0.0,176.42498016357422,110.60763150453568
1,2502,25.02,5971.070975065231,10000.0,9488.04646730423,6278.023272752762,310.0249171257019,0.0,559.1338872909546,1167.4156412482262
1,2503,25.03,6000.132858753204,10000.0,9770.356714725494,6950.467228889465,29.061883687973022,0.0,282.31024742126465,672.4439561367035
1,2504,25.04,5975.164473056793,10000.0,9994.102418422699,7270.087450742722,-24.968385696411133,0.0,223.7457036972046,319.6202218532562
1,2505,25.05,5703.933238983154,10000.0,9558.158814907074,7353.3327877521515,-271.2312340736389,0.0,-435.943603515625,83.24533700942993
1,2506,25.060000000000002,5332.290567457676,10000.0,8939.480185508728,7391.366809606552,-371.64267152547836,0.0,-618.678629398346,38.034021854400635
1,2507,25.07,5178.015548735857,10000.0,8878.900706768036,7390.682250261307,-154.27501872181892,0.0,-60.57947874069214,-0.6845593452453613
1,2508,25.080000000000002,5129.2250491678715,10000.0,8957.36038684845,7548.801004886627,-48.790499567985535,0.0,78.45968008041382,158.11875462532043
1,2509,25.09,5014.242997858673,10000.0,9000.146090984344,8263.06700706482,-114.98205130919814,0.0,42.785704135894775,714.2660021781921
1,2510,25.1,5000.0,10000.0,9008.39239358902,8112.587928771973,-14.242997858673334,0.0,8.246302604675293,-150.47907829284668
1,2511,25.11,5000.0,10000.0,8855.938017368317,7477.452903985977,0.0,0.0,-152.45437622070312,-635.1350247859955
1,2512,25.12,5000.0,10000.0,8731.594383716583,7015.736103057861,0.0,0.0,-124.3436336517334,-461.71680092811584
1,2513,25.13,5000.0,10000.0,8753.3238530159,7063.247859477997,0.0,0.0,21.729469299316406,47.5117564201355
1,2514,25.14,5000.0,9906.562864780426,8810.340464115143,6554.253846406937,0.0,-93.43713521957397,57.016611099243164,-508.9940130710602
1,2515,25.150000000000002,5000.0,9877.91359424591,9200.85996389389,5868.273973464966,0.0,-28.64927053451538,390.51949977874756,-685.9798729419708
1,2516,25.16,5000.0,9908.921122550964,9294.023215770721,5175.39668828249,0.0,31.00752830505371,93.16325187683105,-692.877285182476
1,2517,25.17,5000.0,9953.406751155853,9147.086143493652,5000.0,0.0,44.485628604888916,-146.9370722770691,-175.39668828248978
1,2518,25.18,5000.0,10000.0,8976.000845432281,5000.0,0.0,46.59324884414673,-171.08529806137085,0.0
1,2519,25.19,5000.0,10000.0,8926.858007907867,5000.0,0.0,0.0,-49.14283752441406,0.0
1,2520,25.2,5000.0,10000.0,9000.35172700882,5000.0,0.0,0.0,73.49371910095215,0.0
1,2521,25.21,5000.0,10000.0,9056.704342365265,5000.0,0.0,0.0,56.35261535644531,0.0
1,2522,25.22,5000.0,10000.0,8998.703062534332,5000.0,0.0,0.0,-58.00127983093262,0.0
1,2523,25.23,5000.0,10000.0,9015.61588048935,5000.0,0.0,0.0,16.91281795501709,0.0
1,2524,25.240000000000002,5000.0,10000.0,9042.975902557373,5000.0,0.0,0.0,27.36002206802368,0.0
1,2525,25.25,5000.0,10000.0,8861.66363954544,5000.0,0.0,0.0,-181.31226301193237,0.0
1,2526,25.26,5000.0,10000.0,8827.629387378693,5000.0,0.0,0.0,-34.03425216674805,0.0
1,2527,25.27,5000.0,10000.0,8840.022385120392,5000.0,0.0,0.0,12.392997741699219,0.0
1,2528,25.28,5000.0,10000.0,8858.981430530548,5000.0,0.0,0.0,18.95904541015625,0.0
1,2529,25.29,5457.247085869312,10000.0,8918.958008289337,5000.0,457.2470858693123,0.0,59.97657775878906,0.0
1,2530,25.3,5953.710004687309,10000.0,9299.41862821579,5187.214575707912,496.462918817997,0.0,380.46061992645264,187.21457570791245
1,2531,25.310000000000002,6090.711355209351,10000.0,9710.291624069214,6252.828985452652,137.00135052204132,0.0,410.8729958534241,1065.6144097447395
1,2532,25.32,6040.671169757843,10000.0,9874.930083751678,6998.914331197739,-50.04018545150757,0.0,164.6384596824646,746.0853457450867
1,2533,25.330000000000002,5951.081365346909,10000.0,10000.0,7251.027226448059,-89.58980441093445,0.0,125.06991624832153,252.11289525032043
1,2534,25.34,5552.081651985645,10000.0,9227.072298526764,7368.997186422348,-398.9997133612633,0.0,-772.9277014732361,117.96995997428894
1,2535,25.35,5327.392406761646,10000.0,8885.83391904831,7412.997931241989,-224.68924522399902,0.0,-341.2383794784546,44.00074481964111
1,2536,25.36,5200.200993567705,10000.0,8841.8248295784,7382.058650255203,-127.19141319394112,0.0,-44.00908946990967,-30.93928098678589
1,2537,25.37,5172.686818987131,10000.0,8925.315141677856,7465.489357709885,-27.514174580574036,0.0,83.49031209945679,83.4307074546814
1,2538,25.38,5124.247167259455,10000.0,8957.341611385345,7596.324682235718,-48.43965172767639,0.0,32.026469707489014,130.83532452583313
1,2539,25.39,5000.0,10000.0,8949.533700942993,7597.886919975281,-124.24716725945473,0.0,-7.807910442352295,1.5622377395629883
1,2540,25.400000000000002,5000.0,10000.0,8891.29787683487,7174.7612953186035,0.0,0.0,-58.23582410812378,-423.12562465667725
1,2541,25.41,5000.0,10000.0,8770.352602005005,6883.694976568222,0.0,0.0,-120.9452748298645,-291.06631875038147
1,2542,25.42,5000.0,10000.0,8883.917927742004,6997.096389532089,0.0,0.0,113.56532573699951,113.40141296386719
1,2543,25.43,5000.0,9957.383871078491,8855.89450597763,6720.7978665828705,0.0,-42.61612892150879,-28.02342176437378,-276.29852294921875
1,2544,25.44,5000.0,9892.821311950684,9153.8605093956,6214.064210653305,0.0,-64.56255912780762,297.96600341796875,-506.73365592956543
1,2545,25.45,5000.0,9933.10958147049,9381.63310289383,5451.124794781208,0.0,40.28826951980591,227.77259349822998,-762.939415872097
1,2546,25.46,5000.0,10000.0,9357.647001743317,5017.945058643818,0.0,66.8904185295105,-23.986101150512695,-433.17973613739014
1,2547,25.47,5000.0,10000.0,9030.348360538483,5000.0,0.0,0.0,-327.298641204834,-17.9450586438179
1,2548,25.48,5000.0,10000.0,8983.866274356842,5000.0,0.0,0.0,-46.482086181640625,0.0
1,2549,25.490000000000002,5000.0,10000.0,9086.985290050507,5000.0,0.0,0.0,103.11901569366455,0.0
1,2550,25.5,5000.0,10000.0,9108.682870864868,5000.0,0.0,0.0,21.697580814361572,0.0
1,2551,25.51,5000.0,10000.0,9181.802570819855,5000.0,0.0,0.0,73.11969995498657,0.0
1,2552,25.52,5000.0,10000.0,9044.391810894012,5000.0,0.0,0.0,-137.41075992584229,0.0
1,2553,25.53,5000.0,10000.0,8922.657668590546,5000.0,0.0,0.0,-121.7341423034668,0.0
1,2554,25.54,5000.0,10000.0,8851.204514503479,5000.0,0.0,0.0,-71.45315408706665,0.0
1,2555,25.55,5000.0,10000.0,8756.648302078247,5000.0,0.0,0.0,-94.55621242523193,0.0
1,2556,25.560000000000002,5000.0,10000.0,8847.652673721313,5000.0,0.0,0.0,91.0043716430664,0.0
1,2557,25.57,5000.0,10000.0,8940.980732440948,5000.0,0.0,0.0,93.32805871963501,0.0
1,2558,25.580000000000002,5271.327663213015,10000.0,8999.883234500885,5000.0,271.3276632130146,0.0,58.90250205993652,0.0
1,2559,25.59,5822.138637304306,10000.0,9322.45522737503,5000.0,550.8109740912914,0.0,322.5719928741455,0.0
1,2560,25.6,6144.888252019882,10000.0,9663.31273317337,5392.0405730605125,322.7496147155762,0.0,340.85750579833984,392.04057306051254
1,2561,25.61,6092.158704996109,10000.0,9854.258000850677,6330.755352973938,-52.72954702377319,0.0,190.94526767730713,938.7147799134254
1,2562,25.62,6006.763577461243,10000.0,10000.0,7105.28239607811,-85.39512753486633,0.0,145.7419991493225,774.5270431041718
1,2563,25.63,5712.92445063591,10000.0,9608.530104160309,7195.771038532257,-293.83912682533264,0.0,-391.46989583969116,90.48864245414734
1,2564,25.64,5399.101264774799,10000.0,8942.221403121948,7371.824681758881,-313.8231858611107,0.0,-666.3087010383606,176.05364322662354
1,2565,25.650000000000002,5244.925785809755,10000.0,8808.637857437134,7376.709282398224,-154.17547896504402,0.0,-133.58354568481445,4.884600639343262
1,2566,25.66,5193.8964612782,10000.0,8869.219720363617,7442.923039197922,-51.029324531555176,0.0,60.581862926483154,66.21375679969788
1,2567,25.67,5184.194166213274,10000.0,8934.954106807709,7495.516389608383,-9.702295064926147,0.0,65.7343864440918,52.593350410461426
1,2568,25.68,5002.465939614922,10000.0,8888.85647058487,7425.867468118668,-181.7282265983522,0.0,-46.097636222839355,-69.64892148971558
1,2569,25.69,5000.0,10000.0,8957.076668739319,7222.726792097092,-2.4659396149218082,0.0,68.22019815444946,-203.14067602157593
1,2570,25.7,5000.0,10000.0,8798.039555549622,6906.070858240128,0.0,0.0,-159.03711318969727,-316.6559338569641
1,2571,25.71,5000.0,10000.0,8956.368267536163,7031.995505094528,0.0,0.0,158.32871198654175,125.92464685440063
1,2572,25.72,5000.0,9993.816912174225,8967.233002185822,6910.850405693054,0.0,-6.1830878257751465,10.864734649658203,-121.145099401474
1,2573,25.73,5000.0,9907.643795013428,9133.83573293686,6617.98968911171,0.0,-86.17311716079712,166.6027307510376,-292.8607165813446
1,2574,25.740000000000002,5000.0,9927.392899990082,9505.583941936493,6134.893745183945,0.0,19.749104976654053,371.7482089996338,-483.0959439277649
1,2575,25.75,5000.0,10000.0,9540.514647960663,5197.021849453449,0.0,72.60710000991821,34.93070602416992,-937.8718957304955
1,2576,25.76,5000.0,10000.0,9108.883142471313,5000.0,0.0,0.0,-431.63150548934937,-197.02184945344925
1,2577,25.77,5000.0,10000.0,9010.548889636993,5000.0,0.0,0.0,-98.33425283432007,0.0
1,2578,25.78,5000.0,10000.0,9115.010797977448,5000.0,0.0,0.0,104.4619083404541,0.0
1,2579,25.79,5000.0,10000.0,9178.883731365204,5000.0,0.0,0.0,63.87293338775635,0.0
1,2580,25.8,5000.0,10000.0,9155.883491039276,5000.0,0.0,0.0,-23.000240325927734,0.0
1,2581,25.810000000000002,5000.0,10000.0,8930.416405200958,5000.0,0.0,0.0,-225.46708583831787,0.0
1,2582,25.82,5000.0,10000.0,8871.465027332306,5000.0,0.0,0.0,-58.951377868652344,0.0
1,2583,25.830000000000002,5000.0,10000.0,8817.797303199768,5000.0,0.0,0.0,-53.66772413253784,0.0
1,2584,25.84,5000.0,10000.0,8839.463889598846,5000.0,0.0,0.0,21.66658639907837,0.0
1,2585,25.85,5000.0,10000.0,8982.12045431137,5000.0,0.0,0.0,142.6565647125244,0.0
1,2586,25.86,5152.6557840406895,10000.0,9037.21809387207,5000.0,152.65578404068947,0.0,55.09763956069946,0.0
1,2587,25.87,5692.794695496559,10000.0,9277.508556842804,5000.0,540.1389114558697,0.0,240.29046297073364,0.0
1,2588,25.88,6106.441915035248,10000.0,9757.191240787506,5227.430798113346,413.64721953868866,0.0,479.68268394470215,227.4307981133461
1,2589,25.89,6162.670478224754,10000.0,9889.641106128693,5669.11906003952,56.22856318950653,0.0,132.44986534118652,441.68826192617416
1,2590,25.900000000000002,6024.5440900325775,10000.0,10000.0,6825.694292783737,-138.12638819217682,0.0,110.35889387130737,1156.575232744217
1,2591,25.91,5620.460100471973,10000.0,9482.45257139206,6464.137583971024,-404.0839895606041,0.0,-517.5474286079407,-361.5567088127136
1,2592,25.92,5426.010973751545,10000.0,8915.278613567352,7012.073844671249,-194.44912672042847,0.0,-567.173957824707,547.9362607002258
1,2593,25.93,5295.368377119303,10000.0,8727.61070728302,7355.1468551158905,-130.6425966322422,0.0,-187.66790628433228,343.0730104446411
1,2594,25.94,5209.387559443712,10000.0,8753.95119190216,7468.704134225845,-85.98081767559052,0.0,26.340484619140625,113.55727910995483
1,2595,25.95,5209.245402365923,10000.0,8837.169110774994,7476.2095510959625,-0.14215707778930664,0.0,83.21791887283325,7.5054168701171875
1,2596,25.96,5119.847375899553,10000.0,8840.258121490479,7419.878393411636,-89.39802646636963,0.0,3.089010715484619,-56.33115768432617
1,2597,25.97,5000.0,10000.0,8826.987445354462,7327.741831541061,-119.8473758995533,0.0,-13.270676136016846,-92.13656187057495
1,2598,25.98,5000.0,10000.0,8874.059319496155,7120.538651943207,0.0,0.0,47.071874141693115,-207.20317959785461
1,2599,25.990000000000002,5000.0,10000.0,9025.590717792511,7178.367227315903,0.0,0.0,151.5313982963562,57.82857537269592
1,2600,26.0,5000.0,9975.309669971466,8994.924128055573,7114.041596651077,0.0,-24.690330028533936,-30.666589736938477,-64.32563066482544
1,2601,26.01,5000.0,9910.407662391663,9151.531755924225,6942.6229596138,0.0,-64.90200757980347,156.60762786865234,-171.41863703727722
1,2602,26.02,5000.0,9919.929504394531,9605.330526828766,6825.409233570099,0.0,9.521842002868652,453.798770904541,-117.21372604370117
1,2603,26.03,5000.0,9987.27560043335,9688.315093517303,5882.8917145729065,0.0,67.34609603881836,82.9845666885376,-942.5175189971924
1,2604,26.04,5000.0,10000.0,9256.31195306778,5000.0,0.0,12.72439956665039,-432.0031404495239,-882.8917145729065
1,2605,26.05,5000.0,10000.0,9028.498828411102,5000.0,0.0,0.0,-227.81312465667725,0.0
1,2606,26.060000000000002,5000.0,10000.0,9143.354594707489,5000.0,0.0,0.0,114.85576629638672,0.0
1,2607,26.07,5000.0,10000.0,9249.285459518433,5000.0,0.0,0.0,105.9308648109436,0.0
1,2608,26.080000000000002,5000.0,10000.0,9065.403044223785,5000.0,0.0,0.0,-183.88241529464722,0.0
1,2609,26.09,5000.0,10000.0,8908.284306526184,5000.0,0.0,0.0,-157.11873769760132,0.0
1,2610,26.1,5000.0,10000.0,8878.943920135498,5000.0,0.0,0.0,-29.340386390686035,0.0
1,2611,26.11,5000.0,10000.0,8846.255242824554,5000.0,0.0,0.0,-32.6886773109436,0.0
1,2612,26.12,5000.0,10000.0,8990.88054895401,5000.0,0.0,0.0,144.62530612945557,0.0
1,2613,26.13,5001.717677805573,10000.0,9114.167392253876,5000.0,1.7176778055727482,0.0,123.28684329986572,0.0
1,2614,26.14,5502.289272844791,10000.0,9272.49163389206,5000.0,500.57159503921866,0.0,158.3242416381836,0.0
1,2615,26.150000000000002,5976.257026195526,10000.0,9736.199676990509,5000.0,473.9677533507347,0.0,463.7080430984497,0.0
1,2616,26.16,6206.5090239048,10000.0,9908.091723918915,5404.690392315388,230.2519977092743,0.0,171.89204692840576,404.6903923153877
1,2617,26.17,6078.370809555054,10000.0,10000.0,6000.881493091583,-128.1382143497467,0.0,91.9082760810852,596.1911007761955
1,2618,26.18,5465.805269777775,10000.0,9508.96292924881,5700.9755074977875,-612.5655397772789,0.0,-491.0370707511902,-299.9059855937958
1,2619,26.19,5420.643202960491,10000.0,8874.57549571991,6319.950819015503,-45.16206681728363,0.0,-634.3874335289001,618.9753115177155
1,2620,26.2,5325.1296654343605,10000.0,8668.908774852753,7236.550003290176,-95.51353752613068,0.0,-205.66672086715698,916.5991842746735
1,2621,26.21,5196.824464946985,10000.0,8644.28848028183,7453.103214502335,-128.30520048737526,0.0,-24.62029457092285,216.5532112121582
1,2622,26.22,5174.1030998528,10000.0,8705.385625362396,7535.673379898071,-22.721365094184875,0.0,61.097145080566406,82.5701653957367
1,2623,26.23,5157.20846131444,10000.0,8766.655325889587,7524.124979972839,-16.894638538360596,0.0,61.26970052719116,-11.548399925231934
1,2624,26.240000000000002,5099.127758294344,10000.0,8813.060820102692,7469.518631696701,-58.080703020095825,0.0,46.40549421310425,-54.606348276138306
1,2625,26.25,5000.0,10000.0,8873.273134231567,7306.795120239258,-99.12775829434395,0.0,60.21231412887573,-162.72351145744324
1,2626,26.26,5100.079942494631,9991.868138313293,9021.086990833282,7389.546483755112,100.07994249463081,-8.131861686706543,147.8138566017151,82.75136351585388
1,2627,26.27,5144.937802106142,9929.862320423126,9017.965495586395,7397.90678024292,44.85785961151123,-62.005817890167236,-3.121495246887207,8.360296487808228
1,2628,26.28,5263.584423810244,9888.700544834137,9034.498929977417,7388.531118631363,118.64662170410156,-41.16177558898926,16.53343439102173,-9.375661611557007
1,2629,26.29,5333.717651665211,9909.754991531372,9469.611048698425,7334.76534485817,70.13322785496712,21.054446697235107,435.1121187210083,-53.76577377319336
1,2630,26.3,5333.101488649845,10000.0,9713.039100170135,7293.11004281044,-0.6161630153656006,90.24500846862793,243.4280514717102,-41.65530204772949
1,2631,26.310000000000002,5000.0,10000.0,9480.614066123962,5602.978505194187,-333.1014886498451,0.0,-232.4250340461731,-1690.131537616253
1,2632,26.32,5000.0,10000.0,9051.797091960907,5000.0,0.0,0.0,-428.8169741630554,-602.9785051941872
1,2633,26.330000000000002,5000.0,10000.0,9094.848930835724,5000.0,0.0,0.0,43.051838874816895,0.0
1,2634,26.34,5000.0,10000.0,9113.552570343018,5000.0,0.0,0.0,18.7036395072937,0.0
1,2635,26.35,5000.0,10000.0,8966.809809207916,5000.0,0.0,0.0,-146.74276113510132,0.0
1,2636,26.36,5000.0,10000.0,8836.863338947296,5000.0,0.0,0.0,-129.94647026062012,0.0
1,2637,26.37,5000.0,10000.0,8816.452026367188,5000.0,0.0,0.0,-20.411312580108643,0.0
1,2638,26.38,5000.0,10000.0,8894.275724887848,5000.0,0.0,0.0,77.8236985206604,0.0
1,2639,26.39,5000.0,10000.0,9106.965959072113,5000.0,0.0,0.0,212.69023418426514,0.0
1,2640,26.400000000000002,5228.720773011446,10000.0,9268.9248919487,5000.0,228.720773011446,0.0,161.9589328765869,0.0
1,2641,26.41,5572.238303720951,10000.0,9698.5524892807,5000.0,343.5175307095051,0.0,429.62759733200073,0.0
1,2642,26.42,6077.438592910767,10000.0,10000.0,5189.791060984135,505.2002891898155,0.0,301.4475107192993,189.79106098413467
1,2643,26.43,6235.271543264389,10000.0,9978.860914707184,5505.277700722218,157.83295035362244,0.0,-21.139085292816162,315.4866397380829
1,2644,26.44,5562.070496380329,10000.0,10000.0,5415.401495993137,-673.2010468840599,0.0,21.139085292816162,-89.8762047290802
1,2645,26.45,5000.0,10000.0,9279.56074476242,5503.104813396931,-562.0704963803291,0.0,-720.4392552375793,87.70331740379333
1,2646,26.46,5203.994903713465,10000.0,8839.75774049759,6298.921853303909,203.99490371346474,0.0,-439.80300426483154,795.8170399069786
1,2647,26.47,5259.5761604607105,10000.0,8617.299497127533,7319.922298192978,55.58125674724579,0.0,-222.45824337005615,1021.0004448890686
1,2648,26.48,5189.974773675203,10000.0,8619.232475757599,7622.933387756348,-69.6013867855072,0.0,1.932978630065918,303.01108956336975
1,2649,26.490000000000002,5149.09515157342,10000.0,8661.33451461792,7633.911669254303,-40.87962210178375,0.0,42.102038860321045,10.978281497955322
1,2650,26.5,5188.271049410105,10000.0,8825.263977050781,7609.948217868805,39.17589783668518,0.0,163.92946243286133,-23.963451385498047
1,2651,26.51,5235.658530145884,10000.0,8753.247559070587,7465.641051530838,47.38748073577881,0.0,-72.01641798019409,-144.30716633796692
1,2652,26.52,5342.56849437952,9899.44338798523,8896.25459909439,7429.043501615524,106.90996423363686,-100.55661201477051,143.0070400238037,-36.59754991531372
1,2653,26.53,5354.885570704937,9770.203828811646,9046.08815908432,7565.3862953186035,12.317076325416565,-129.23955917358398,149.8335599899292,136.34279370307922
1,2654,26.54,5387.766920030117,9669.817090034485,9045.268297195435,7588.373422622681,32.881349325180054,-100.38673877716064,-0.819861888885498,22.98712730407715
1,2655,26.55,5429.998971521854,9806.234240531921,9235.278069972992,7635.529041290283,42.232051491737366,136.41715049743652,190.00977277755737,47.15561866760254
1,2656,26.560000000000002,5412.409193813801,9933.538436889648,9233.21932554245,7682.007849216461,-17.58977770805359,127.30419635772705,-2.058744430541992,46.47880792617798
1,2657,26.57,5454.089678823948,10000.0,9243.184626102448,7292.336672544479,41.680485010147095,66.46156311035156,9.965300559997559,-389.6711766719818
1,2658,26.580000000000002,5000.0,10000.0,9139.202535152435,5000.0,-454.0896788239479,0.0,-103.9820909500122,-2292.3366725444794
1,2659,26.59,5000.0,10000.0,8943.744599819183,5000.0,0.0,0.0,-195.45793533325195,0.0
1,2660,26.6,5000.0,10000.0,9047.966003417969,5000.0,0.0,0.0,104.2214035987854,0.0
1,2661,26.61,5000.0,10000.0,9002.561867237091,5000.0,0.0,0.0,-45.404136180877686,0.0
1,2662,26.62,5000.0,10000.0,8862.718045711517,5000.0,0.0,0.0,-139.84382152557373,0.0
1,2663,26.63,5000.0,10000.0,8790.61609506607,5000.0,0.0,0.0,-72.10195064544678,0.0
1,2664,26.64,5000.0,10000.0,8914.355337619781,5000.0,0.0,0.0,123.73924255371094,0.0
1,2665,26.650000000000002,5029.440990183502,10000.0,9233.252108097076,5000.0,29.440990183502436,0.0,318.8967704772949,0.0
1,2666,26.66,5236.119497567415,10000.0,9841.245114803314,5000.0,206.6785073839128,0.0,607.9930067062378,0.0
1,2667,26.67,5586.172379553318,10000.0,10000.0,5000.0,350.0528819859028,0.0,158.7548851966858,0.0
1,2668,26.68,6075.093895196915,10000.0,10000.0,5298.210270702839,488.92151564359665,0.0,0.0,298.2102707028389
1,2669,26.69,5562.629289925098,10000.0,10000.0,5253.805331885815,-512.4646052718163,0.0,0.0,-44.40493881702423
1,2670,26.7,5000.0,10000.0,9293.740689754486,5548.91686886549,-562.6292899250984,0.0,-706.2593102455139,295.1115369796753
1,2671,26.71,5000.0,10000.0,9066.309332847595,5962.123721837997,0.0,0.0,-227.43135690689087,413.2068529725075
1,2672,26.72,5000.0,9975.962042808533,8826.085031032562,7039.481997489929,0.0,-24.037957191467285,-240.22430181503296,1077.3582756519318
1,2673,26.73,5249.12403896451,9963.512122631073,8576.591908931732,7672.0452308654785,249.12403896450996,-12.449920177459717,-249.49312210083008,632.5632333755493
1,2674,26.740000000000002,5172.694344073534,10000.0,8569.442927837372,7696.563601493835,-76.42969489097595,36.487877368927,-7.148981094360352,24.518370628356934
1,2675,26.75,5218.334514647722,10000.0,8758.222162723541,7658.600211143494,45.64017057418823,0.0,188.77923488616943,-37.9633903503418
1,2676,26.76,5440.555848181248,9982.87320137024,8671.639859676361,7560.3291392326355,222.22133353352547,-17.126798629760742,-86.58230304718018,-98.27107191085815
1,2677,26.77,5573.493875563145,9721.685647964478,8852.77271270752,7556.712031364441,132.93802738189697,-261.1875534057617,181.13285303115845,-3.61710786819458
1,2678,26.78,5557.987578213215,9427.401423454285,9050.547480583191,7657.495737075806,-15.50629734992981,-294.28422451019287,197.7747678756714,100.78370571136475
1,2679,26.79,5531.844682991505,9308.356940746307,8965.95448255539,7771.524786949158,-26.142895221710205,-119.0444827079773,-84.59299802780151,114.02904987335205
1,2680,26.8,5529.311485588551,9515.517950057983,9080.269038677216,7929.190397262573,-2.5331974029541016,207.16100931167603,114.31455612182617,157.66561031341553
1,2681,26.810000000000002,5429.524518549442,9747.833609580994,9069.707989692688,7799.894213676453,-99.78696703910828,232.31565952301025,-10.561048984527588,-129.2961835861206
1,2682,26.82,5372.750125825405,9910.528063774109,9091.749489307404,7509.804964065552,-56.77439272403717,162.69445419311523,22.041499614715576,-290.0892496109009
1,2683,26.830000000000002,5106.912571936846,10000.0,8864.220082759857,5715.169608592987,-265.83755388855934,89.47193622589111,-227.5294065475464,-1794.6353554725647
1,2684,26.84,5000.0,10000.0,8928.541541099548,5000.0,-106.91257193684578,0.0,64.32145833969116,-715.1696085929871
1,2685,26.85,5000.0,10000.0,8942.071795463562,5000.0,0.0,0.0,13.530254364013672,0.0
1,2686,26.86,5000.0,10000.0,8942.339718341827,5000.0,0.0,0.0,0.26792287826538086,0.0
1,2687,26.87,5000.0,10000.0,8952.315151691437,5000.0,0.0,0.0,9.975433349609375,0.0
1,2688,26.88,5000.0,10000.0,8901.103436946869,5000.0,0.0,0.0,-51.21171474456787,0.0
1,2689,26.89,5000.0,10000.0,9120.078384876251,5000.0,0.0,0.0,218.97494792938232,0.0
1,2690,26.900000000000002,5164.6641083061695,10000.0,9767.27843284607,5000.0,164.6641083061695,0.0,647.2000479698181,0.0
1,2691,26.91,5210.038293153048,10000.0,10000.0,5000.0,45.37418484687805,0.0,232.72156715393066,0.0
1,2692,26.92,5541.46159440279,10000.0,9966.31234884262,5027.169324457645,331.4233012497425,0.0,-33.68765115737915,27.169324457645416
1,2693,26.93,5000.0,10000.0,9434.65381860733,5106.120444834232,-541.4615944027901,0.0,-531.6585302352905,78.95112037658691
1,2694,26.94,5000.0,10000.0,9134.348332881927,5995.803326368332,0.0,0.0,-300.30548572540283,889.6828815340996
1,2695,26.95,5000.0,9775.650203227997,8990.643918514252,6553.323566913605,0.0,-224.34979677200317,-143.70441436767578,557.5202405452728
1,2696,26.96,5000.0,9571.776986122131,8805.377781391144,7214.377075433731,0.0,-203.87321710586548,-185.2661371231079,661.0535085201263
1,2697,26.97,5405.696518719196,9719.515442848206,8446.687161922455,7693.645358085632,405.6965187191963,147.73845672607422,-358.69061946868896,479.26828265190125
1,2698,26.98,5300.235021859407,9926.948249340057,8474.097549915314,7700.340747833252,-105.4614968597889,207.4328064918518,27.410387992858887,6.695389747619629
1,2699,26.990000000000002,5341.540910303593,10000.0,8658.88386964798,7641.8909430503845,41.30588844418526,73.05175065994263,184.78631973266602,-58.44980478286743
1,2700,27.0,5496.981404721737,9885.985851287842,8762.441575527191,7576.307654380798,155.44049441814423,-114.0141487121582,103.55770587921143,-65.58328866958618
1,2701,27.01,5677.595138549805,9496.45847082138,8870.040476322174,7593.599855899811,180.61373382806778,-389.5273804664612,107.59890079498291,17.29220151901245
1,2702,27.02,5629.951506853104,9183.620512485504,8855.19951581955,7691.546976566315,-47.64363169670105,-312.83795833587646,-14.840960502624512,97.9471206665039
1,2703,27.03,5615.355558693409,9121.997356414795,8919.547200202942,7983.80970954895,-14.595948159694672,-61.62315607070923,64.34768438339233,292.2627329826355
1,2704,27.04,5573.924370110035,9256.126582622528,8898.97495508194,8391.774892807007,-41.43118858337402,134.12922620773315,-20.572245121002197,407.96518325805664
1,2705,27.05,5577.488131821156,9351.027607917786,8821.247816085815,7776.60995721817,3.5637617111206055,94.90102529525757,-77.72713899612427,-615.1649355888367
1,2706,27.060000000000002,5359.986014664173,9836.876392364502,9078.401923179626,7582.593858242035,-217.50211715698242,485.8487844467163,257.15410709381104,-194.01609897613525
1,2707,27.07,5106.39863088727,10000.0,8809.572160243988,6512.785851955414,-253.58738377690315,163.12360763549805,-268.8297629356384,-1069.808006286621
1,2708,27.080000000000002,5000.0,10000.0,8606.93484544754,5000.0,-106.39863088726997,0.0,-202.63731479644775,-1512.7858519554138
1,2709,27.09,5000.0,10000.0,8734.115064144135,5000.0,0.0,0.0,127.18021869659424,0.0
1,2710,27.1,5000.0,10000.0,8851.926028728485,5000.0,0.0,0.0,117.81096458435059,0.0
1,2711,27.11,5000.0,10000.0,8994.860053062439,5000.0,0.0,0.0,142.93402433395386,0.0
1,2712,27.12,5000.0,10000.0,8982.071578502655,5000.0,0.0,0.0,-12.788474559783936,0.0
1,2713,27.13,5000.0,10000.0,9193.238317966461,5000.0,0.0,0.0,211.16673946380615,0.0
1,2714,27.14,5118.113178759813,10000.0,9988.780915737152,5000.0,118.11317875981331,0.0,795.5425977706909,0.0
1,2715,27.150000000000002,5554.271824657917,10000.0,10000.0,5000.0,436.1586458981037,0.0,11.2190842628479,0.0
1,2716,27.16,5128.777716308832,10000.0,9503.040313720703,5011.626668274403,-425.49410834908485,0.0,-496.9596862792969,11.626668274402618
1,2717,27.17,5000.0,10000.0,9317.459166049957,5326.602049171925,-128.77771630883217,0.0,-185.58114767074585,314.975380897522
1,2718,27.18,5000.0,9483.344852924347,8901.731967926025,7131.0994029045105,0.0,-516.6551470756531,-415.7271981239319,1804.497353732586
1,2719,27.19,5000.0,8963.298797607422,8729.483783245087,7433.362454175949,0.0,-520.046055316925,-172.24818468093872,302.2630512714386
1,2720,27.2,5357.424505054951,9231.855273246765,8366.426229476929,7721.908390522003,357.4245050549507,268.55647563934326,-363.05755376815796,288.5459363460541
1,2721,27.21,5527.006275951862,9550.929069519043,8293.540477752686,7736.859917640686,169.58177089691162,319.07379627227783,-72.88575172424316,14.951527118682861
1,2722,27.22,5368.67406219244,9846.775531768799,8407.577276229858,7696.471810340881,-158.3322137594223,295.84646224975586,114.03679847717285,-40.38810729980469
1,2723,27.23,5454.174764454365,9927.155673503876,8665.136396884918,7596.457004547119,85.50070226192474,80.3801417350769,257.5591206550598,-100.0148057937622
1,2724,27.240000000000002,5576.87733322382,9713.562428951263,8800.781965255737,7568.906247615814,122.70256876945496,-213.5932445526123,135.6455683708191,-27.55075693130493
1,2725,27.25,5673.68358373642,9261.556267738342,8806.206583976746,7634.430825710297,96.80625051259995,-452.00616121292114,5.424618721008301,65.52457809448242
1,2726,27.26,5684.216916561127,9093.88393163681,8885.88160276413,7690.036296844482,10.533332824707031,-167.67233610153198,79.67501878738403,55.60547113418579
1,2727,27.27,5643.136650323868,9094.984233379364,8857.224583625793,8242.129385471344,-41.08026623725891,1.100301742553711,-28.65701913833618,552.0930886268616
1,2728,27.28,5626.508146524429,9101.147651672363,8801.675736904144,8305.819034576416,-16.628503799438477,6.163418292999268,-55.54884672164917,63.68964910507202
1,2729,27.29,5644.195005297661,9211.103320121765,8742.137849330902,7686.959207057953,17.686858773231506,109.95566844940186,-59.53788757324219,-618.8598275184631
1,2730,27.3,5371.066071093082,9767.386317253113,9026.890993118286,7615.520358085632,-273.1289342045784,556.2829971313477,284.75314378738403,-71.43884897232056
1,2731,27.310000000000002,5145.688075572252,10000.0,8822.487890720367,6526.667922735214,-225.37799552083015,232.6136827468872,-204.4031023979187,-1088.852435350418
1,2732,27.32,5000.0,10000.0,8594.196140766144,5071.955509483814,-145.68807557225227,0.0,-228.29174995422363,-1454.7124132514
1,2733,27.330000000000002,5000.0,10000.0,8622.12747335434,5000.0,0.0,0.0,27.9313325881958,-71.95550948381424
1,2734,27.34,5000.0,10000.0,8817.523419857025,5000.0,0.0,0.0,195.39594650268555,0.0
1,2735,27.35,5000.0,10000.0,9052.610993385315,5000.0,0.0,0.0,235.0875735282898,0.0
1,2736,27.36,5000.0,10000.0,9103.347659111023,5000.0,0.0,0.0,50.73666572570801,0.0
1,2737,27.37,5000.0,10000.0,9142.789542675018,5000.0,0.0,0.0,39.44188356399536,0.0
1,2738,27.38,5190.137047320604,10000.0,9704.207181930542,5000.0,190.13704732060432,0.0,561.4176392555237,0.0
1,2739,27.39,5461.231507360935,10000.0,10000.0,5000.0,271.0944600403309,0.0,295.792818069458,0.0
1,2740,27.400000000000002,5094.143319875002,10000.0,9618.648290634155,5000.0,-367.0881874859333,0.0,-381.3517093658447,0.0
1,2741,27.41,5000.0,10000.0,9290.904700756073,5311.9756653904915,-94.14331987500191,0.0,-327.7435898780823,311.9756653904915
1,2742,27.42,5000.0,9429.322183132172,8872.103691101074,7004.617303609848,0.0,-570.6778168678284,-418.8010096549988,1692.6416382193565
1,2743,27.43,5000.0,8763.207197189331,8633.02081823349,7511.749267578125,0.0,-666.1149859428406,-239.08287286758423,507.131963968277
1,2744,27.44,5033.241382334381,8866.07825756073,8468.108177185059,7605.020999908447,33.24138233438134,102.87106037139893,-164.9126410484314,93.27173233032227
1,2745,27.45,5606.5211072564125,9202.516973018646,8127.813041210175,7852.718830108643,573.2797249220312,336.43871545791626,-340.29513597488403,247.6978302001953
1,2746,27.46,5561.223290860653,9538.727402687073,8225.158154964447,7749.128639698029,-45.29781639575958,336.2104296684265,97.34511375427246,-103.59019041061401
1,2747,27.47,5489.276312291622,9790.159165859222,8366.771042346954,7651.176452636719,-71.94697856903076,251.43176317214966,141.61288738250732,-97.95218706130981
1,2748,27.48,5511.812306940556,9836.871027946472,8677.32286453247,7590.292692184448,22.53599464893341,46.711862087249756,310.55182218551636,-60.88376045227051
1,2749,27.490000000000002,5634.0353190898895,9550.808072090149,8746.017515659332,7583.3660364151,122.22301214933395,-286.06295585632324,68.69465112686157,-6.9266557693481445
1,2750,27.5,5677.40336060524,9208.05960893631,8737.258315086365,7633.694410324097,43.36804151535034,-342.7484631538391,-8.75920057296753,50.32837390899658
1,2751,27.51,5632.348880171776,9053.93660068512,8791.611790657043,7694.314122200012,-45.05448043346405,-154.12300825119019,54.35347557067871,60.61971187591553
1,2752,27.52,5693.866908550262,9078.335762023926,8778.49131822586,7904.273271560669,61.51802837848663,24.399161338806152,-13.120472431182861,209.95914936065674
1,2753,27.53,5686.356276273727,9045.570492744446,8735.122382640839,7959.914207458496,-7.510632276535034,-32.76526927947998,-43.36893558502197,55.64093589782715
1,2754,27.54,5693.780779838562,9128.905534744263,8675.119578838348,7731.752693653107,7.424503564834595,83.3350419998169,-60.002803802490234,-228.1615138053894
1,2755,27.55,5507.793910801411,9487.03944683075,8878.975808620453,7723.920047283173,-185.98686903715134,358.1339120864868,203.8562297821045,-7.832646369934082
1,2756,27.560000000000002,5271.524805575609,10000.0,8904.389441013336,6873.805075883865,-236.26910522580147,512.9605531692505,25.4136323928833,-850.1149713993073
1,2757,27.57,5000.0,10000.0,8678.521811962128,5396.942086517811,-271.5248055756092,0.0,-225.8676290512085,-1476.8629893660545
1,2758,27.580000000000002,5000.0,10000.0,8508.80354642868,5000.0,0.0,0.0,-169.71826553344727,-396.9420865178108
1,2759,27.59,5000.0,10000.0,8629.54705953598,5000.0,0.0,0.0,120.7435131072998,0.0
1,2760,27.6,5000.0,10000.0,8844.712972640991,5000.0,0.0,0.0,215.165913105011,0.0
1,2761,27.61,5000.0,10000.0,9107.658565044403,5000.0,0.0,0.0,262.94559240341187,0.0
1,2762,27.62,5000.0,10000.0,9106.44143819809,5000.0,0.0,0.0,-1.2171268463134766,0.0
1,2763,27.63,5000.0,10000.0,9165.416061878204,5000.0,0.0,0.0,58.974623680114746,0.0
1,2764,27.64,5200.8322067558765,10000.0,9953.550398349762,5000.0,200.83220675587654,0.0,788.1343364715576,0.0
1,2765,27.650000000000002,5183.1491477787495,10000.0,10000.0,5000.0,-17.683058977127075,0.0,46.44960165023804,0.0
1,2766,27.66,5000.0,10000.0,9446.068704128265,5000.0,-183.14914777874947,0.0,-553.9312958717346,0.0
1,2767,27.67,5000.0,10000.0,9157.03535079956,5648.534893989563,0.0,0.0,-289.03335332870483,648.534893989563
1,2768,27.68,5000.0,9200.689792633057,8823.512494564056,6904.8817455768585,0.0,-799.3102073669434,-333.52285623550415,1256.3468515872955
1,2769,27.69,5000.0,8701.309263706207,8644.6812748909,7538.158893585205,0.0,-499.38052892684937,-178.83121967315674,633.2771480083466
1,2770,27.7,5000.0,8769.570887088776,8581.15702867508,7535.39502620697,0.0,68.26162338256836,-63.52424621582031,-2.7638673782348633
1,2771,27.71,5548.010133206844,9046.29647731781,8132.4344873428345,7915.252447128296,548.0101332068443,276.7255902290344,-448.7225413322449,379.8574209213257
1,2772,27.72,5585.863925516605,9324.909448623657,8161.812126636505,7847.583889961243,37.85379230976105,278.61297130584717,29.377639293670654,-67.66855716705322
1,2773,27.73,5531.410835683346,9567.093551158905,8233.475387096405,7747.528553009033,-54.45308983325958,242.1841025352478,71.6632604598999,-100.05533695220947
1,2774,27.740000000000002,5519.884116947651,9727.30576992035,8386.661112308502,7660.669684410095,-11.526718735694885,160.2122187614441,153.18572521209717,-86.85886859893799
1,2775,27.75,5561.436004936695,9686.887264251709,8652.00012922287,7598.3962416648865,41.55188798904419,-40.41850566864014,265.3390169143677,-62.27344274520874
1,2776,27.76,5655.028373003006,9419.751465320587,8694.315552711487,7615.988850593567,93.59236806631088,-267.1357989311218,42.31542348861694,17.59260892868042
1,2777,27.77,5669.218152761459,9168.03389787674,8705.705106258392,7674.128413200378,14.18977975845337,-251.71756744384766,11.389553546905518,58.13956260681152
1,2778,27.78,5582.7343836426735,9041.440486907959,8779.455721378326,7686.006426811218,-86.48376911878586,-126.59341096878052,73.75061511993408,11.878013610839844
1,2779,27.79,5695.581883192062,9071.019887924194,8753.917515277863,7843.462824821472,112.84749954938889,29.57940101623535,-25.538206100463867,157.4563980102539
1,2780,27.8,5694.246292114258,9024.431109428406,8726.677596569061,7854.682207107544,-1.3355910778045654,-46.588778495788574,-27.23991870880127,11.219382286071777
1,2781,27.810000000000002,5694.012716412544,9052.967429161072,8661.787807941437,7782.520055770874,-0.233575701713562,28.536319732666016,-64.88978862762451,-72.16215133666992
1,2782,27.82,5622.364319860935,9224.680662155151,8733.769059181213,7749.843597412109,-71.64839655160904,171.7132329940796,71.98125123977661,-32.67645835876465
1,2783,27.830000000000002,5379.110909998417,9795.222580432892,8938.073217868805,7107.746303081512,-243.2534098625183,570.5419182777405,204.30415868759155,-642.0972943305969
1,2784,27.84,5118.814874440432,10000.0,8782.159388065338,5722.236782312393,-260.2960355579853,204.77741956710815,-155.9138298034668,-1385.5095207691193
1,2785,27.85,5000.0,10000.0,8506.171107292175,5025.375075638294,-118.8148744404316,0.0,-275.98828077316284,-696.861706674099
1,2786,27.86,5000.0,10000.0,8428.880870342255,5000.0,0.0,0.0,-77.29023694992065,-25.37507563829422
1,2787,27.87,5000.0,10000.0,8645.972311496735,5000.0,0.0,0.0,217.09144115447998,0.0
1,2788,27.88,5000.0,10000.0,8975.322842597961,5000.0,0.0,0.0,329.3505311012268,0.0
1,2789,27.89,5000.0,10000.0,9171.00578546524,5000.0,0.0,0.0,195.68294286727905,0.0
1,2790,27.900000000000002,5000.0,10000.0,9157.600998878479,5000.0,0.0,0.0,-13.404786586761475,0.0
1,2791,27.91,5061.530787497759,10000.0,9618.407189846039,5000.0,61.530787497758865,0.0,460.8061909675598,0.0
1,2792,27.92,5190.913248807192,10000.0,10000.0,5000.0,129.38246130943298,0.0,381.5928101539612,0.0
1,2793,27.93,5000.0,10000.0,9695.856869220734,5000.0,-190.91324880719185,0.0,-304.14313077926636,0.0
1,2794,27.94,5000.0,10000.0,9416.246712207794,5070.174895226955,0.0,0.0,-279.61015701293945,70.17489522695541
1,2795,27.95,5000.0,9774.142503738403,9120.753109455109,5736.339390277863,0.0,-225.85749626159668,-295.49360275268555,666.1644950509071
1,2796,27.96,5000.0,9003.232717514038,8839.709460735321,6781.174540519714,0.0,-770.9097862243652,-281.0436487197876,1044.8351502418518
1,2797,27.97,5000.0,8722.648024559021,8713.9892578125,7407.3247611522675,0.0,-280.5846929550171,-125.72020292282104,626.1502206325531
1,2798,27.98,5000.0,8746.519982814789,8673.849999904633,7539.815306663513,0.0,23.871958255767822,-40.13925790786743,132.49054551124573
1,2799,27.990000000000002,5077.244881540537,8989.996910095215,8515.828549861908,7662.6259088516235,77.24488154053688,243.47692728042603,-158.0214500427246,122.81060218811035
1,2800,28.0,5493.764318525791,9295.257329940796,8263.273537158966,7887.02130317688,416.5194369852543,305.26041984558105,-252.5550127029419,224.39539432525635
1,2801,28.01,5458.188615739346,9573.655724525452,8320.620954036713,7795.509099960327,-35.57570278644562,278.39839458465576,57.34741687774658,-91.51220321655273
1,2802,28.02,5455.673523247242,9675.273001194,8374.332189559937,7718.873620033264,-2.5150924921035767,101.61727666854858,53.71123552322388,-76.63547992706299
1,2803,28.03,5509.72256809473,9664.38114643097,8516.556322574615,7648.609280586243,54.0490448474884,-10.891854763031006,142.22413301467896,-70.26433944702148
1,2804,28.04,5618.378706276417,9485.289454460144,8635.151088237762,7626.2131333351135,108.6561381816864,-179.0916919708252,118.59476566314697,-22.39614725112915
1,2805,28.05,5676.719695329666,9230.459332466125,8671.169579029083,7659.046947956085,58.34098905324936,-254.83012199401855,36.0184907913208,32.83381462097168
1,2806,28.060000000000002,5552.550591528416,9049.799144268036,8746.27411365509,7669.1001653671265,-124.16910380125046,-180.6601881980896,75.10453462600708,10.05321741104126
1,2807,28.07,5629.323050379753,9045.525193214417,8720.914125442505,7787.454724311829,76.77245885133743,-4.273951053619385,-25.35998821258545,118.35455894470215
1,2808,28.080000000000002,5665.960758924484,9021.863341331482,8720.235526561737,7829.346060752869,36.63770854473114,-23.66185188293457,-0.6785988807678223,41.89133644104004
1,2809,28.09,5671.14382982254,8999.517560005188,8683.31402540207,7814.255952835083,5.18307089805603,-22.345781326293945,-36.92150115966797,-15.090107917785645
1,2810,28.1,5673.520043492317,9034.411013126373,8646.12489938736,7778.41329574585,2.3762136697769165,34.8934531211853,-37.18912601470947,-35.8426570892334
1,2811,28.11,5591.031052172184,9246.009588241577,8816.115856170654,7632.836103439331,-82.48899132013321,211.59857511520386,169.99095678329468,-145.57719230651855
1,2812,28.12,5349.149145185947,9913.292527198792,8906.631767749786,6274.495869874954,-241.88190698623657,667.2829389572144,90.51591157913208,-1358.3402335643768
1,2813,28.13,5039.206314831972,10000.0,8657.492995262146,5415.575169026852,-309.9428303539753,86.7074728012085,-249.13877248764038,-858.9207008481026
1,2814,28.14,5000.0,10000.0,8382.392525672913,5000.0,-39.20631483197212,0.0,-275.1004695892334,-415.57516902685165
1,2815,28.150000000000002,5000.0,10000.0,8434.72421169281,5000.0,0.0,0.0,52.33168601989746,0.0
1,2816,28.16,5000.0,10000.0,8862.735331058502,5000.0,0.0,0.0,428.01111936569214,0.0
1,2817,28.17,5000.0,10000.0,9233.481884002686,5000.0,0.0,0.0,370.74655294418335,0.0
1,2818,28.18,5000.0,10000.0,9330.6303024292,5000.0,0.0,0.0,97.14841842651367,0.0
1,2819,28.19,5000.0,10000.0,9785.237908363342,5000.0,0.0,0.0,454.60760593414307,0.0
1,2820,28.2,5000.0,10000.0,10000.0,5000.0,0.0,0.0,214.76209163665771,0.0
1,2821,28.21,5000.0,10000.0,9588.839709758759,5000.0,0.0,0.0,-411.16029024124146,0.0
1,2822,28.22,5000.0,10000.0,9404.751360416412,5255.782417953014,0.0,0.0,-184.0883493423462,255.78241795301437
1,2823,28.23,5000.0,9635.270237922668,9169.012606143951,5697.924196720123,0.0,-364.72976207733154,-235.73875427246094,442.1417787671089
1,2824,28.240000000000002,5000.0,9179.362058639526,8995.494842529297,5917.401164770126,0.0,-455.9081792831421,-173.51776361465454,219.47696805000305
1,2825,28.25,5000.0,8982.291519641876,8885.800838470459,6512.299627065659,0.0,-197.07053899765015,-109.69400405883789,594.8984622955322
1,2826,28.26,5000.0,9071.57450914383,8881.736099720001,7382.6029896736145,0.0,89.28298950195312,-4.064738750457764,870.3033626079559
1,2827,28.27,5416.872762143612,9340.77501296997,8412.845432758331,7878.329753875732,416.8727621436119,269.20050382614136,-468.8906669616699,495.7267642021179
1,2828,28.28,5373.936183750629,9612.98257112503,8422.901332378387,7796.006798744202,-42.93657839298248,272.2075581550598,10.055899620056152,-82.32295513153076
1,2829,28.29,5401.004292070866,9663.309454917908,8431.03289604187,7718.231976032257,27.068108320236206,50.3268837928772,8.131563663482666,-77.77482271194458
1,2830,28.3,5526.845492422581,9622.05708026886,8524.782657623291,7658.236622810364,125.84120035171509,-41.25237464904785,93.7497615814209,-59.99535322189331
1,2831,28.310000000000002,5658.080279827118,9314.217567443848,8572.258949279785,7670.214474201202,131.2347874045372,-307.8395128250122,47.47629165649414,11.977851390838623
1,2832,28.32,5599.214322865009,9063.989520072937,8656.660318374634,7716.64559841156,-58.86595696210861,-250.22804737091064,84.40136909484863,46.431124210357666
1,2833,28.330000000000002,5429.020412266254,8943.6537027359,8713.900446891785,7686.43319606781,-170.19391059875488,-120.33581733703613,57.24012851715088,-30.21240234375
1,2834,28.34,5550.027899444103,8880.85663318634,8688.464164733887,7836.41904592514,121.00748717784882,-62.79706954956055,-25.43628215789795,149.98584985733032
1,2835,28.35,5577.194653451443,8888.805508613586,8708.733022212982,7815.157175064087,27.166754007339478,7.948875427246094,20.26885747909546,-21.261870861053467
1,2836,28.36,5584.497936069965,8981.001377105713,8811.433613300323,7691.707909107208,7.303282618522644,92.19586849212646,102.70059108734131,-123.44926595687866
1,2837,28.37,5505.965985357761,9313.37594985962,9031.878113746643,6649.749577045441,-78.53195071220398,332.37457275390625,220.44450044631958,-1041.9583320617676
1,2838,28.38,5245.361793786287,10000.0,8780.109584331512,5704.224854707718,-260.6041915714741,686.6240501403809,-251.76852941513062,-945.5247223377228
1,2839,28.39,5000.0,10000.0,8475.96675157547,5000.0,-245.3617937862873,0.0,-304.1428327560425,-704.2248547077179
1,2840,28.400000000000002,5000.0,10000.0,8468.565344810486,5000.0,0.0,0.0,-7.401406764984131,0.0
1,2841,28.41,5000.0,10000.0,8861.629068851471,5000.0,0.0,0.0,393.0637240409851,0.0
1,2842,28.42,5000.0,10000.0,9449.928104877472,5000.0,0.0,0.0,588.299036026001,0.0
1,2843,28.43,5000.0,10000.0,9701.448380947113,5000.0,0.0,0.0,251.5202760696411,0.0
1,2844,28.44,5000.0,10000.0,10000.0,5000.0,0.0,0.0,298.55161905288696,0.0
1,2845,28.45,5000.0,10000.0,9595.354795455933,5000.0,0.0,0.0,-404.6452045440674,0.0
1,2846,28.46,5000.0,10000.0,9354.88224029541,5428.0320182442665,0.0,0.0,-240.47255516052246,428.0320182442665
1,2847,28.47,5000.0,9370.11182308197,9084.796607494354,5811.980664730072,0.0,-629.8881769180298,-270.0856328010559,383.9486464858055
1,2848,28.48,5000.0,9112.001061439514,8968.727886676788,5888.845324516296,0.0,-258.11076164245605,-116.06872081756592,76.86465978622437
1,2849,28.490000000000002,5000.0,9056.17356300354,8933.396935462952,7080.7574689388275,0.0,-55.82749843597412,-35.33095121383667,1191.9121444225311
1,2850,28.5,5354.252047836781,9260.545074939728,8486.554324626923,7865.695953369141,354.25204783678055,204.37151193618774,-446.84261083602905,784.9384844303131
1,2851,28.51,5314.649753272533,9569.688439369202,8467.959761619568,7758.880853652954,-39.60229456424713,309.1433644294739,-18.594563007354736,-106.81509971618652
1,2852,28.52,5412.142090499401,9580.721855163574,8437.157273292542,7691.963911056519,97.49233722686768,11.033415794372559,-30.802488327026367,-66.91694259643555
1,2853,28.53,5607.853941619396,9389.374852180481,8467.941880226135,7677.80214548111,195.71185111999512,-191.34700298309326,30.78460693359375,-14.161765575408936
1,2854,28.54,5550.512410700321,9044.182300567627,8559.140264987946,7741.514444351196,-57.34153091907501,-345.192551612854,91.1983847618103,63.71229887008667
1,2855,28.55,5264.832843095064,8844.878673553467,8700.578510761261,7650.13575553894,-285.67956760525703,-199.30362701416016,141.43824577331543,-91.37868881225586
1,2856,28.560000000000002,5438.410304486752,8778.176307678223,8694.939911365509,7846.067845821381,173.5774613916874,-66.70236587524414,-5.638599395751953,195.93209028244019
1,2857,28.57,5539.064668118954,8938.647210597992,8757.685720920563,7722.274363040924,100.65436363220215,160.4709029197693,62.74580955505371,-123.79348278045654
1,2858,28.580000000000002,5383.989550173283,9262.783527374268,9138.083159923553,6589.205712080002,-155.07511794567108,324.13631677627563,380.3974390029907,-1133.0686509609222
1,2859,28.59,5255.63420727849,10000.0,8702.682554721832,5620.041750371456,-128.35534289479256,737.2164726257324,-435.4006052017212,-969.1639617085457
1,2860,28.6,5000.0,10000.0,8496.278524398804,5000.0,-255.63420727849007,0.0,-206.40403032302856,-620.0417503714561
1,2861,28.61,5000.0,10000.0,8708.050549030304,5000.0,0.0,0.0,211.77202463150024,0.0
1,2862,28.62,5000.0,10000.0,9105.016887187958,5000.0,0.0,0.0,396.9663381576538,0.0
1,2863,28.63,5000.0,10000.0,9824.745059013367,5000.0,0.0,0.0,719.7281718254089,0.0
1,2864,28.64,5000.0,10000.0,10000.0,5000.0,0.0,0.0,175.2549409866333,0.0
1,2865,28.650000000000002,5000.0,10000.0,9559.306204319,5000.0,0.0,0.0,-440.69379568099976,0.0
1,2866,28.66,5000.0,9976.965487003326,9315.334558486938,5532.828085124493,0.0,-23.034512996673584,-243.97164583206177,532.8280851244926
1,2867,28.67,5000.0,9108.518362045288,8981.311321258545,5837.9897475242615,0.0,-868.4471249580383,-334.02323722839355,305.16166239976883
1,2868,28.68,5000.0,8924.60286617279,8852.702677249908,6008.691340684891,0.0,-183.91549587249756,-128.60864400863647,170.70159316062927
1,2869,28.69,5000.0,8906.721472740173,8839.35272693634,7387.022525072098,0.0,-17.881393432617188,-13.349950313568115,1378.331184387207
1,2870,28.7,5314.4243732094765,9350.965917110443,8561.500310897827,7810.930609703064,314.42437320947647,444.2444443702698,-277.8524160385132,423.9080846309662
1,2871,28.71,5324.664898216724,9420.548677444458,8424.821496009827,7696.045339107513,10.240525007247925,69.58276033401489,-136.6788148880005,-114.88527059555054
1,2872,28.72,5543.09505969286,9418.072700500488,8421.530425548553,7653.765678405762,218.43016147613525,-2.4759769439697266,-3.2910704612731934,-42.27966070175171
1,2873,28.73,5463.066287338734,9051.614701747894,8517.069220542908,7717.229723930359,-80.02877235412598,-366.457998752594,95.53879499435425,63.46404552459717
1,2874,28.740000000000002,5112.585891038179,8761.38836145401,8722.799122333527,7606.884837150574,-350.4803963005543,-290.2263402938843,205.7299017906189,-110.34488677978516
1,2875,28.75,5359.152294695377,8768.685162067413,8666.317760944366,7830.011248588562,246.56640365719795,7.29680061340332,-56.481361389160156,223.12641143798828
1,2876,28.76,5406.451113522053,9018.276631832123,8850.193917751312,7536.598742008209,47.298818826675415,249.59146976470947,183.8761568069458,-293.4125065803528
1,2877,28.77,5270.878691226244,9575.597643852234,9186.484515666962,5523.247756063938,-135.5724222958088,557.3210120201111,336.2905979156494,-2013.350985944271
1,2878,28.78,5000.0,10000.0,8570.480346679688,5176.502205431461,-270.878691226244,424.4023561477661,-616.0041689872742,-346.7455506324768
1,2879,28.79,5000.0,10000.0,8458.548486232758,5000.0,0.0,0.0,-111.93186044692993,-176.50220543146133
1,2880,28.8,5000.0,10000.0,8793.54327917099,5000.0,0.0,0.0,334.9947929382324,0.0
1,2881,28.810000000000002,5000.0,10000.0,9910.835921764374,5000.0,0.0,0.0,1117.2926425933838,0.0
1,2882,28.82,5000.0,10000.0,9946.555197238922,5000.0,0.0,0.0,35.71927547454834,0.0
1,2883,28.830000000000002,5000.0,10000.0,9551.036655902863,5000.0,0.0,0.0,-395.51854133605957,0.0
1,2884,28.84,5000.0,10000.0,9347.140491008759,5464.0888050198555,0.0,0.0,-203.896164894104,464.0888050198555
1,2885,28.85,5000.0,8967.532515525818,8914.443254470825,5854.63359951973,0.0,-1032.4674844741821,-432.69723653793335,390.5447944998741
1,2886,28.86,5000.0,8827.216625213623,8763.79132270813,6054.193079471588,0.0,-140.31589031219482,-150.6519317626953,199.55947995185852
1,2887,28.87,5000.0,8824.223279953003,8765.340745449066,7392.128109931946,0.0,-2.993345260620117,1.5494227409362793,1337.9350304603577
1,2888,28.88,5259.5664747059345,9266.725182533264,8582.348823547363,7727.7871966362,259.5664747059345,442.50190258026123,-182.99192190170288,335.65908670425415
1,2889,28.89,5291.148368269205,9306.49220943451,8416.873514652252,7644.531726837158,31.58189356327057,39.76702690124512,-165.47530889511108,-83.25546979904175
1,2890,28.900000000000002,5517.179407179356,9368.194937705994,8412.885665893555,7660.7125997543335,226.03103891015053,61.702728271484375,-3.9878487586975098,16.180872917175293
1,2891,28.91,5165.881384164095,8955.51860332489,8619.045317173004,7574.104964733124,-351.2980230152607,-412.6763343811035,206.15965127944946,-86.60763502120972
1,2892,28.92,5078.118089586496,8715.633749961853,8704.43731546402,7663.930952548981,-87.76329457759857,-239.8848533630371,85.39199829101562,89.82598781585693
1,2893,28.93,5309.328753501177,8819.839358329773,8666.62323474884,7747.060060501099,231.21066391468048,104.20560836791992,-37.81408071517944,83.12910795211792
1,2894,28.94,5186.938066035509,9155.285954475403,9081.585705280304,7072.59014248848,-122.39068746566772,335.4465961456299,414.9624705314636,-674.469918012619
1,2895,28.95,5091.727394610643,10000.0,8942.87884235382,5421.584881842136,-95.21067142486572,844.7140455245972,-138.70686292648315,-1651.0052606463432
1,2896,28.96,5000.0,10000.0,8438.158333301544,5000.0,-91.72739461064339,0.0,-504.7205090522766,-421.5848818421364
1,2897,28.97,5000.0,10000.0,8746.13493680954,5000.0,0.0,0.0,307.9766035079956,0.0
1,2898,28.98,5000.0,10000.0,9259.373843669891,5000.0,0.0,0.0,513.2389068603516,0.0
1,2899,28.990000000000002,5000.0,10000.0,9750.84275007248,5000.0,0.0,0.0,491.4689064025879,0.0
1,2900,29.0,5000.0,10000.0,9543.886482715607,5000.0,0.0,0.0,-206.95626735687256,0.0
1,2901,29.01,5000.0,10000.0,9489.175379276276,5040.9891828894615,0.0,0.0,-54.711103439331055,40.98918288946152
1,2902,29.02,5000.0,9469.168186187744,9194.512665271759,5558.902658522129,0.0,-530.8318138122559,-294.6627140045166,517.9134756326675
1,2903,29.03,5000.0,8752.382397651672,8746.277391910553,5913.713127374649,0.0,-716.7857885360718,-448.23527336120605,354.81046885252
1,2904,29.04,5000.0,8784.9360704422,8665.63230752945,6870.96044421196,0.0,32.553672790527344,-80.64508438110352,957.2473168373108
1,2905,29.05,5000.0,8881.101608276367,8704.317510128021,7416.146099567413,0.0,96.16553783416748,38.68520259857178,545.1856553554535
1,2906,29.060000000000002,5179.631132632494,9224.993586540222,8580.572307109833,7621.703147888184,179.63113263249397,343.891978263855,-123.74520301818848,205.55704832077026
1,2907,29.07,5273.950714617968,9269.467294216156,8428.010940551758,7586.243748664856,94.31958198547363,44.47370767593384,-152.56136655807495,-35.45939922332764
1,2908,29.080000000000002,5403.504632413387,9274.260997772217,8439.607322216034,7598.205208778381,129.5539177954197,4.793703556060791,11.596381664276123,11.96146011352539
1,2909,29.09,5000.0,8857.528567314148,8660.399615764618,7493.5634434223175,-403.5046324133873,-416.73243045806885,220.79229354858398,-104.64176535606384
1,2910,29.1,5059.224311262369,8708.233833312988,8656.684458255768,7680.555284023285,59.224311262369156,-149.29473400115967,-3.7151575088500977,186.9918406009674
1,2911,29.11,5261.799413710833,8883.548378944397,8640.859723091125,7644.55646276474,202.57510244846344,175.3145456314087,-15.824735164642334,-35.99882125854492
1,2912,29.12,5075.536090880632,9297.440648078918,9100.620150566101,6390.6529545784,-186.2633228302002,413.8922691345215,459.7604274749756,-1253.9035081863403
1,2913,29.13,5100.476462393999,10000.0,8718.054592609406,5448.731072247028,24.9403715133667,702.5593519210815,-382.56555795669556,-941.9218823313713
1,2914,29.14,5000.0,10000.0,8503.89152765274,5000.0,-100.4764623939991,0.0,-214.16306495666504,-448.73107224702835
1,2915,29.150000000000002,5000.0,10000.0,8874.380588531494,5000.0,0.0,0.0,370.48906087875366,0.0
1,2916,29.16,5000.0,10000.0,9300.533533096313,5000.0,0.0,0.0,426.15294456481934,0.0
1,2917,29.17,5000.0,10000.0,9568.981230258942,5000.0,0.0,0.0,268.4476971626282,0.0
1,2918,29.18,5000.0,10000.0,9469.262659549713,5000.0,0.0,0.0,-99.71857070922852,0.0
1,2919,29.19,5000.0,10000.0,9479.839205741882,5000.0,0.0,0.0,10.57654619216919,0.0
1,2920,29.2,5000.0,9697.65841960907,9291.09811782837,5411.818362772465,0.0,-302.3415803909302,-188.74108791351318,411.81836277246475
1,2921,29.21,5000.0,8773.026466369629,8762.36230134964,5816.282480955124,0.0,-924.6319532394409,-528.7358164787292,404.46411818265915
1,2922,29.22,5000.0,8862.251043319702,8689.002096652985,5983.712822198868,0.0,89.22457695007324,-73.36020469665527,167.4303412437439
1,2923,29.23,5000.0,8871.443569660187,8666.494488716125,7308.2853853702545,0.0,9.19252634048462,-22.50760793685913,1324.5725631713867
1,2924,29.240000000000002,5005.354902241379,9069.525301456451,8753.960728645325,7377.995401620865,5.354902241379023,198.08173179626465,87.46623992919922,69.71001625061035
1,2925,29.25,5046.880040317774,9179.699718952179,8607.858419418335,7418.862879276276,41.525138076394796,110.17441749572754,-146.10230922698975,40.86747765541077
1,2926,29.26,5320.509560406208,9339.054822921753,8433.826863765717,7535.449862480164,273.6295200884342,159.35510396957397,-174.0315556526184,116.58698320388794
1,2927,29.27,5160.111654549837,9190.688729286194,8590.625822544098,7457.195967435837,-160.39790585637093,-148.36609363555908,156.79895877838135,-78.25389504432678
1,2928,29.28,5000.0,8776.904046535492,8635.17016172409,7474.5528399944305,-160.1116545498371,-413.7846827507019,44.544339179992676,17.35687255859375
1,2929,29.29,5055.720377713442,8755.363523960114,8609.25704240799,7618.91096830368,55.72037771344185,-21.540522575378418,-25.913119316101074,144.35812830924988
1,2930,29.3,5241.456497460604,8966.858386993408,8602.865040302277,7530.61443567276,185.73611974716187,211.49486303329468,-6.392002105712891,-88.29653263092041
1,2931,29.310000000000002,5053.889323025942,9437.916576862335,9054.239690303802,5771.258771419525,-187.56717443466187,471.058189868927,451.3746500015259,-1759.3556642532349
1,2932,29.32,5000.0,10000.0,8685.393631458282,5310.086645185947,-53.88932302594185,562.0834231376648,-368.84605884552,-461.1721262335777
1,2933,29.330000000000002,5000.0,10000.0,8591.96811914444,5000.0,0.0,0.0,-93.42551231384277,-310.0866451859474
1,2934,29.34,5000.0,10000.0,8885.118067264557,5000.0,0.0,0.0,293.1499481201172,0.0
1,2935,29.35,5000.0,10000.0,9189.403355121613,5000.0,0.0,0.0,304.28528785705566,0.0
1,2936,29.36,5000.0,10000.0,9496.16402387619,5000.0,0.0,0.0,306.76066875457764,0.0
1,2937,29.37,5000.0,10000.0,9372.13659286499,5000.0,0.0,0.0,-124.02743101119995,0.0
1,2938,29.38,5000.0,10000.0,9465.058147907257,5000.0,0.0,0.0,92.92155504226685,0.0
1,2939,29.39,5000.0,10000.0,9378.786385059357,5219.9529483914375,0.0,0.0,-86.27176284790039,219.95294839143753
1,2940,29.400000000000002,5000.0,9048.675298690796,8919.329941272736,5585.281439125538,0.0,-951.3247013092041,-459.4564437866211,365.32849073410034
1,2941,29.41,5000.0,8857.226967811584,8724.027276039124,5754.077136516571,0.0,-191.44833087921143,-195.30266523361206,168.79569739103317
1,2942,29.42,5000.0,8965.996205806732,8713.694214820862,5920.537710189819,0.0,108.7692379951477,-10.333061218261719,166.4605736732483
1,2943,29.43,5000.0,8958.49347114563,8719.593584537506,7256.989032030106,0.0,-7.502734661102295,5.899369716644287,1336.4513218402863
1,2944,29.44,5000.0,9149.472713470459,8811.173439025879,7304.021716117859,0.0,190.9792423248291,91.5798544883728,47.032684087753296
1,2945,29.45,5000.0,9185.536801815033,8770.764768123627,7285.653799772263,0.0,36.064088344573975,-40.4086709022522,-18.367916345596313
1,2946,29.46,5227.414984256029,9378.719925880432,8533.639013767242,7442.2334134578705,227.41498425602913,193.18312406539917,-237.12575435638428,156.5796136856079
1,2947,29.47,5166.1247201263905,9309.969544410706,8603.346645832062,7427.565306425095,-61.29026412963867,-68.75038146972656,69.70763206481934,-14.668107032775879
1,2948,29.48,5000.0,8877.891302108765,8661.183714866638,7437.892109155655,-166.12472012639046,-432.0782423019409,57.837069034576416,10.326802730560303
1,2949,29.490000000000002,5018.096363637596,8797.530829906464,8557.72078037262,7537.839412689209,18.09636363759637,-80.36047220230103,-103.46293449401855,99.94730353355408
1,2950,29.5,5154.475886374712,8921.495974063873,8543.764054775238,7527.8449058532715,136.37952273711562,123.96514415740967,-13.956725597381592,-9.9945068359375
1,2951,29.51,5087.196324020624,9157.963395118713,8755.634129047394,7168.222516775131,-67.27956235408783,236.4674210548401,211.87007427215576,-359.62238907814026
1,2952,29.52,5328.489877283573,9901.369214057922,8758.735358715057,5653.930306434631,241.293553262949,743.405818939209,3.101229667663574,-1514.2922103404999
1,2953,29.53,5420.418791472912,9062.642753124237,8888.716399669647,10000.0,91.92891418933868,-838.7264609336853,129.98104095458984,4346.069693565369
1,2954,29.54,5000.0,8780.369758605957,8709.895312786102,10000.0,-420.41879147291183,-282.27299451828003,-178.82108688354492,0.0
1,2955,29.55,5000.0,9101.302027702332,9003.117382526398,10000.0,0.0,320.9322690963745,293.2220697402954,0.0
1,2956,29.560000000000002,5000.0,9047.005474567413,9248.316884040833,9981.646537780762,0.0,-54.29655313491821,245.19950151443481,-18.35346221923828
1,2957,29.57,5000.0,8980.392217636108,9595.709145069122,10000.0,0.0,-66.61325693130493,347.3922610282898,18.35346221923828
1,2958,29.580000000000002,5876.40643119812,9267.118275165558,9699.862897396088,10000.0,876.4064311981201,286.72605752944946,104.15375232696533,0.0
1,2959,29.59,6525.2189338207245,9307.098686695099,9916.814863681793,10000.0,648.8125026226044,39.980411529541016,216.95196628570557,0.0
1,2960,29.6,6662.950962781906,9212.871789932251,9725.124537944794,10000.0,137.73202896118164,-94.2268967628479,-191.6903257369995,0.0
1,2961,29.61,6613.684445619583,8960.584998130798,9325.1234292984,9791.383743286133,-49.266517162323,-252.28679180145264,-400.0011086463928,-208.6162567138672
1,2962,29.62,5665.325149893761,8876.656889915466,8578.669726848602,10000.0,-948.3592957258224,-83.92810821533203,-746.4537024497986,208.6162567138672
1,2963,29.63,5205.280724912882,8973.889350891113,8568.053543567657,10000.0,-460.04442498087883,97.23246097564697,-10.616183280944824,0.0
1,2964,29.64,5217.267889529467,9213.593900203705,8682.07186460495,10000.0,11.987164616584778,239.70454931259155,114.01832103729248,0.0
1,2965,29.650000000000002,5555.609278380871,9267.205893993378,8983.78312587738,10000.0,338.3413888514042,53.61199378967285,301.7112612724304,0.0
1,2966,29.66,5922.580659389496,9173.751175403595,9219.277799129486,10000.0,366.97138100862503,-93.45471858978271,235.4946732521057,0.0
1,2967,29.67,6533.1970155239105,9007.922410964966,9731.034934520721,10000.0,610.6163561344147,-165.82876443862915,511.75713539123535,0.0
1,2968,29.68,6588.773280382156,8757.69317150116,10000.0,10000.0,55.57626485824585,-250.22923946380615,268.96506547927856,0.0
1,2969,29.69,6601.4474630355835,8611.831665039062,10000.0,10000.0,12.674182653427124,-145.86150646209717,0.0,0.0
1,2970,29.7,6578.363478183746,8579.15997505188,10000.0,10000.0,-23.083984851837158,-32.67168998718262,0.0,0.0
1,2971,29.71,6583.314388990402,8608.79123210907,10000.0,10000.0,4.950910806655884,29.63125705718994,0.0,0.0
1,2972,29.72,6541.553437709808,8728.833794593811,10000.0,10000.0,-41.76095128059387,120.04256248474121,0.0,0.0
1,2973,29.73,6053.074598312378,8718.560934066772,9364.387094974518,10000.0,-488.4788393974304,-10.272860527038574,-635.6129050254822,0.0
1,2974,29.740000000000002,5000.0,8633.70954990387,8916.095793247223,8130.142092704773,-1053.074598312378,-84.85138416290283,-448.2913017272949,-1869.857907295227
1,2975,29.75,5000.0,9242.827296257019,9218.88142824173,6829.586625099182,0.0,609.1177463531494,302.78563499450684,-1300.5554676055908
1,2976,29.76,5000.0,8845.619559288025,9447.809159755707,7875.936925411224,0.0,-397.20773696899414,228.92773151397705,1046.3503003120422
1,2977,29.77,5000.0,8911.576867103577,9667.56820678711,8256.68454170227,0.0,65.95730781555176,219.7590470314026,380.74761629104614
1,2978,29.78,5000.0,9217.013716697693,9278.606474399567,8289.214372634888,0.0,305.4368495941162,-388.9617323875427,32.52983093261719
1,2979,29.79,5570.324324071407,9544.948637485504,9239.39824104309,8604.300916194916,570.3243240714073,327.9349207878113,-39.20823335647583,315.0865435600281
1,2980,29.8,6546.153128147125,9399.707913398743,9847.656190395355,10000.0,975.8288040757179,-145.24072408676147,608.2579493522644,1395.6990838050842
1,2981,29.810000000000002,6564.462184906006,9290.948510169983,9790.830910205841,10000.0,18.309056758880615,-108.75940322875977,-56.82528018951416,0.0
1,2982,29.82,6698.224395513535,9016.846120357513,9333.604574203491,8936.685919761658,133.7622106075287,-274.1023898124695,-457.22633600234985,-1063.3140802383423
1,2983,29.830000000000002,5792.272463440895,8894.282281398773,8665.257394313812,10000.0,-905.9519320726395,-122.56383895874023,-668.347179889679,1063.3140802383423
1,2984,29.84,5281.175393611193,8805.991113185883,8575.628697872162,10000.0,-511.0970698297024,-88.29116821289062,-89.62869644165039,0.0
1,2985,29.85,5085.442382842302,8879.720270633698,8708.363473415375,10000.0,-195.73301076889038,73.72915744781494,132.7347755432129,0.0
1,2986,29.86,5220.509860664606,8953.331708908081,8892.23575592041,10000.0,135.06747782230377,73.61143827438354,183.8722825050354,0.0
1,2987,29.87,5583.800487220287,9012.843668460846,9142.878353595734,10000.0,363.29062655568123,59.51195955276489,250.6425976753235,0.0
1,2988,29.88,6018.683761358261,9040.717780590057,9310.420453548431,10000.0,434.8832741379738,27.874112129211426,167.54209995269775,0.0
1,2989,29.89,6534.240245819092,8911.714851856232,9909.054338932037,10000.0,515.5564844608307,-129.00292873382568,598.633885383606,0.0
1,2990,29.900000000000002,6579.194515943527,8735.568523406982,10000.0,10000.0,44.954270124435425,-176.14632844924927,90.94566106796265,0.0
1,2991,29.91,6565.242558717728,8621.567487716675,10000.0,10000.0,-13.95195722579956,-114.00103569030762,0.0,0.0
1,2992,29.92,6546.785533428192,8594.888746738434,10000.0,10000.0,-18.457025289535522,-26.678740978240967,0.0,0.0
1,2993,29.93,6549.602895975113,8619.242310523987,10000.0,10000.0,2.8173625469207764,24.35356378555298,0.0,0.0
1,2994,29.94,6504.391431808472,8715.876638889313,10000.0,10000.0,-45.211464166641235,96.63432836532593,0.0,0.0
1,2995,29.95,5897.093564271927,8681.997060775757,9625.052809715271,10000.0,-607.2978675365448,-33.87957811355591,-374.947190284729,0.0
1,2996,29.96,5000.0,8924.795985221863,9140.214622020721,7360.833287239075,-897.0935642719269,242.79892444610596,-484.83818769454956,-2639.1667127609253
1,2997,29.97,5000.0,9294.205009937286,9836.138784885406,5751.972794532776,0.0,369.4090247154236,695.9241628646851,-1608.8604927062988
1,2998,29.98,5000.0,9250.706434249878,10000.0,6069.542616605759,0.0,-43.49857568740845,163.8612151145935,317.5698220729828
1,2999,29.990000000000002,5000.0,8970.180749893188,10000.0,7526.707947254181,0.0,-280.52568435668945,0.0,1457.1653306484222
1,3000,30.0,5000.0,8994.125127792358,9765.335619449615,7685.002684593201,0.0,23.944377899169922,-234.66438055038452,158.29473733901978
1,3001,30.01,5000.0,9387.19630241394,9331.091046333313,8030.257225036621,0.0,393.07117462158203,-434.2445731163025,345.2545404434204
1,3002,30.02,6292.759925127029,9381.69151544571,9704.786241054535,9208.260774612427,1292.7599251270294,-5.504786968231201,373.6951947212219,1178.0035495758057
1,3003,30.03,6826.182156801224,9231.46903514862,9808.42113494873,9212.434887886047,533.4222316741943,-150.22248029708862,103.63489389419556,4.1741132736206055
1,3004,30.04,6764.102429151535,9080.711603164673,9489.313066005707,8626.677393913269,-62.07972764968872,-150.75743198394775,-319.1080689430237,-585.7574939727783
1,3005,30.05,6391.739100217819,8968.079090118408,8927.984535694122,8216.516375541687,-372.3633289337158,-112.63251304626465,-561.3285303115845,-410.16101837158203
1,3006,30.060000000000002,5800.967514514923,8910.844922065735,8327.209055423737,8644.181489944458,-590.7715857028961,-57.23416805267334,-600.7754802703857,427.665114402771
1,3007,30.07,5398.779697716236,9159.876108169556,8422.508537769318,10000.0,-402.187816798687,249.0311861038208,95.29948234558105,1355.818510055542
1,3008,30.080000000000002,5289.637763053179,9427.267909049988,8522.54569530487,10000.0,-109.14193466305733,267.39180088043213,100.03715753555298,0.0
1,3009,30.09,5328.317992389202,9510.746598243713,8570.243418216705,10000.0,38.68022933602333,83.47868919372559,47.69772291183472,0.0
1,3010,30.1,5663.5987013578415,9501.376152038574,8965.941369533539,10000.0,335.2807089686394,-9.37044620513916,395.6979513168335,0.0
1,3011,30.11,6148.260086774826,9406.881332397461,9451.030790805817,10000.0,484.66138541698456,-94.49481964111328,485.08942127227783,0.0
1,3012,30.12,6600.245386362076,9113.633632659912,9866.658747196198,10000.0,451.98529958724976,-293.2476997375488,415.62795639038086,0.0
1,3013,30.13,6535.256952047348,8806.420862674713,10000.0,10000.0,-64.98843431472778,-307.212769985199,133.3412528038025,0.0
1,3014,30.14,6521.662175655365,8652.374148368835,10000.0,10000.0,-13.594776391983032,-154.04671430587769,0.0,0.0
1,3015,30.150000000000002,6532.142460346222,8626.971542835236,10000.0,10000.0,10.480284690856934,-25.402605533599854,0.0,0.0
1,3016,30.16,6539.406925439835,8611.887097358704,10000.0,10000.0,7.264465093612671,-15.084445476531982,0.0,0.0
1,3017,30.17,6556.470692157745,8643.353581428528,10000.0,10000.0,17.063766717910767,31.46648406982422,0.0,0.0
1,3018,30.18,6517.564207315445,8753.139674663544,10000.0,10000.0,-38.906484842300415,109.78609323501587,0.0,0.0
1,3019,30.19,6331.535875797272,8778.841495513916,10000.0,10000.0,-186.02833151817322,25.701820850372314,0.0,0.0
1,3020,30.2,5317.693911492825,8585.738241672516,9068.389534950256,8855.231404304504,-1013.8419643044472,-193.10325384140015,-931.6104650497437,-1144.7685956954956
1,3021,30.21,5000.0,9147.773683071136,9287.348091602325,6770.713180303574,-317.69391149282455,562.0354413986206,218.9585566520691,-2084.518224000931
1,3022,30.22,5000.0,9365.5464053154,9818.173944950104,5810.663253068924,0.0,217.7727222442627,530.8258533477783,-960.0499272346497
1,3023,30.23,5000.0,9038.569927215576,10000.0,7108.332812786102,0.0,-326.976478099823,181.82605504989624,1297.6695597171783
1,3024,30.240000000000002,5000.0,8926.860690116882,9951.008260250092,7841.129899024963,0.0,-111.70923709869385,-48.99173974990845,732.7970862388611
1,3025,30.25,5000.0,9153.677821159363,9600.320756435394,7488.322705030441,0.0,226.81713104248047,-350.68750381469727,-352.8071939945221
1,3026,30.26,5184.813160449266,9576.435387134552,9347.51033782959,7676.543891429901,184.81316044926643,422.7575659751892,-252.81041860580444,188.22118639945984
1,3027,30.27,6433.525234460831,9338.9493227005,9779.52927350998,8932.619094848633,1248.7120740115643,-237.4860644340515,432.0189356803894,1256.0752034187317
1,3028,30.28,6869.560480117798,9279.976189136505,9829.259514808655,8433.845341205597,436.03524565696716,-58.97313356399536,49.73024129867554,-498.7737536430359
1,3029,30.29,6660.0097715854645,9132.893085479736,9508.38178396225,8263.243734836578,-209.55070853233337,-147.0831036567688,-320.87773084640503,-170.60160636901855
1,3030,30.3,6196.53157889843,8994.964957237244,8873.195350170135,8128.989934921265,-463.4781926870346,-137.92812824249268,-635.1864337921143,-134.25379991531372
1,3031,30.310000000000002,5831.9321274757385,9001.618027687073,8512.698113918304,8034.299910068512,-364.59945142269135,6.653070449829102,-360.49723625183105,-94.69002485275269
1,3032,30.32,5787.327513098717,9115.307331085205,8474.603593349457,8157.463371753693,-44.60461437702179,113.68930339813232,-38.094520568847656,123.16346168518066
1,3033,30.330000000000002,5622.950457036495,9451.71445608139,8526.68821811676,9740.034341812134,-164.37705606222153,336.4071249961853,52.08462476730347,1582.5709700584412
1,3034,30.34,5637.262910604477,9618.052244186401,8760.4159116745,10000.0,14.31245356798172,166.337788105011,233.72769355773926,259.9656581878662
1,3035,30.35,6180.710941553116,9503.341019153595,9594.925343990326,10000.0,543.4480309486389,-114.7112250328064,834.5094323158264,0.0
1,3036,30.36,6483.785510063171,9067.623615264893,10000.0,10000.0,303.07456851005554,-435.7174038887024,405.0746560096741,0.0
1,3037,30.37,6467.641144990921,8813.028633594513,10000.0,10000.0,-16.144365072250366,-254.59498167037964,0.0,0.0
1,3038,30.38,6470.373272895813,8670.903444290161,10000.0,10000.0,2.7321279048919678,-142.1251893043518,0.0,0.0
1,3039,30.39,6496.9368278980255,8644.071519374847,10000.0,10000.0,26.563555002212524,-26.83192491531372,0.0,0.0
1,3040,30.400000000000002,6525.9115397930145,8650.713562965393,10000.0,10000.0,28.974711894989014,6.642043590545654,0.0,0.0
1,3041,30.41,6581.46396279335,8715.655207633972,10000.0,10000.0,55.55242300033569,64.9416446685791,0.0,0.0
1,3042,30.42,6479.301154613495,8847.848773002625,10000.0,10000.0,-102.16280817985535,132.19356536865234,0.0,0.0
1,3043,30.43,6074.654459953308,8835.92426776886,9421.534836292267,10000.0,-404.64669466018677,-11.924505233764648,-578.4651637077332,0.0
1,3044,30.44,5132.44541361928,8900.780081748962,8730.18503189087,7947.981357574463,-942.2090463340282,64.85581398010254,-691.3498044013977,-2052.018642425537
1,3045,30.45,5000.0,9659.689366817474,8955.3102850914,6725.851148366928,-132.44541361927986,758.909285068512,225.125253200531,-1222.1302092075348
1,3046,30.46,5000.0,9644.715189933777,9114.071726799011,6491.657644510269,0.0,-14.97417688369751,158.76144170761108,-234.19350385665894
1,3047,30.47,5000.0,9288.974404335022,9318.51178407669,7242.868542671204,0.0,-355.7407855987549,204.44005727767944,751.2108981609344
1,3048,30.48,5000.0,9437.437653541565,9299.810826778412,7011.576741933823,0.0,148.46324920654297,-18.70095729827881,-231.29180073738098
1,3049,30.490000000000002,5000.0,9714.187979698181,8986.019790172577,7123.807966709137,0.0,276.7503261566162,-313.79103660583496,112.23122477531433
1,3050,30.5,5968.94346177578,9592.912197113037,9639.375507831573,7901.365160942078,968.9434617757797,-121.27578258514404,653.3557176589966,777.5571942329407
1,3051,30.51,6738.895028829575,9230.48585653305,9762.009084224701,8597.912788391113,769.9515670537949,-362.4263405799866,122.63357639312744,696.5476274490356
1,3052,30.52,6560.748964548111,9227.376282215118,9587.865769863129,8195.186853408813,-178.14606428146362,-3.109574317932129,-174.14331436157227,-402.7259349822998
1,3053,30.53,6210.353597998619,9085.721373558044,9045.837223529816,8134.967386722565,-350.3953665494919,-141.65490865707397,-542.028546333313,-60.21946668624878
1,3054,30.54,5732.267424464226,9086.462259292603,8568.640053272247,8049.1310358047485,-478.0861735343933,0.7408857345581055,-477.19717025756836,-85.83635091781616
1,3055,30.55,5707.352086901665,9153.149127960205,8499.394953250885,8162.106573581696,-24.915337562561035,66.68686866760254,-69.2451000213623,112.97553777694702
1,3056,30.560000000000002,5572.06753641367,9531.620740890503,8564.440310001373,9680.073857307434,-135.28455048799515,378.47161293029785,65.04535675048828,1517.9672837257385
1,3057,30.57,5581.444464623928,9663.326442241669,8858.886063098907,10000.0,9.376928210258484,131.70570135116577,294.4457530975342,319.9261426925659
1,3058,30.580000000000002,6176.691800355911,9321.82788848877,9849.378168582916,10000.0,595.2473357319832,-341.49855375289917,990.4921054840088,0.0
1,3059,30.59,6417.395621538162,8972.33784198761,10000.0,10000.0,240.70382118225098,-349.49004650115967,150.62183141708374,0.0
1,3060,30.6,6408.702880144119,8728.123307228088,10000.0,10000.0,-8.692741394042969,-244.21453475952148,0.0,0.0
1,3061,30.61,6454.125344753265,8679.027557373047,10000.0,10000.0,45.42246460914612,-49.095749855041504,0.0,0.0
1,3062,30.62,6508.544534444809,8676.353096961975,10000.0,10000.0,54.41918969154358,-2.6744604110717773,0.0,0.0
1,3063,30.63,6578.928381204605,8745.84972858429,10000.0,10000.0,70.38384675979614,69.49663162231445,0.0,0.0
1,3064,30.64,6458.577364683151,8869.873881340027,10000.0,10000.0,-120.35101652145386,124.0241527557373,0.0,0.0
1,3065,30.650000000000002,6107.262223958969,8782.10186958313,9245.19032239914,10000.0,-351.31514072418213,-87.77201175689697,-754.8096776008606,0.0
1,3066,30.66,5007.294660899788,9204.750955104828,8648.689091205597,7632.830739021301,-1099.967563059181,422.649085521698,-596.5012311935425,-2367.1692609786987
1,3067,30.67,5000.0,10000.0,8917.626738548279,5944.197326898575,-7.294660899788141,795.2490448951721,268.9376473426819,-1688.6334121227264
1,3068,30.68,5000.0,9882.652759552002,8985.912501811981,6600.343137979507,0.0,-117.34724044799805,68.28576326370239,656.1458110809326
1,3069,30.69,5000.0,9706.42626285553,9169.106185436249,6924.488544464111,0.0,-176.22649669647217,183.19368362426758,324.1454064846039
1,3070,30.7,5000.0,9693.760871887207,8991.186022758484,6893.543004989624,0.0,-12.665390968322754,-177.9201626777649,-30.945539474487305
1,3071,30.71,5000.0,10000.0,8999.293148517609,6892.793774604797,0.0,306.23912811279297,8.107125759124756,-0.7492303848266602
1,3072,30.72,6399.592906236649,9392.47190952301,9720.103740692139,8460.884392261505,1399.5929062366486,-607.5280904769897,720.81059217453,1568.0906176567078
1,3073,30.73,6638.465076684952,9240.983128547668,9673.449695110321,8321.742415428162,238.87217044830322,-151.4887809753418,-46.65404558181763,-139.1419768333435
1,3074,30.740000000000002,6365.395337343216,9119.333028793335,9191.313087940216,8097.330927848816,-273.06973934173584,-121.6500997543335,-482.136607170105,-224.4114875793457
1,3075,30.75,5753.704905509949,9019.753336906433,8455.488383769989,8077.056109905243,-611.6904318332672,-99.57969188690186,-735.824704170227,-20.274817943572998
1,3076,30.76,5679.405480623245,9023.993611335754,8402.834236621857,8026.801347732544,-74.29942488670349,4.240274429321289,-52.654147148132324,-50.254762172698975
1,3077,30.77,5657.577216625214,9255.399107933044,8425.061404705048,8531.339466571808,-21.828263998031616,231.40549659729004,22.227168083190918,504.5381188392639
1,3078,30.78,5488.075502216816,9601.34357213974,8592.189252376556,10000.0,-169.50171440839767,345.94446420669556,167.1278476715088,1468.6605334281921
1,3079,30.79,5764.213651418686,9596.374034881592,9294.165670871735,10000.0,276.13814920186996,-4.969537258148193,701.9764184951782,0.0
1,3080,30.8,6296.509653329849,9114.415645599365,10000.0,10000.0,532.2960019111633,-481.95838928222656,705.8343291282654,0.0
1,3081,30.810000000000002,6365.500390529633,8846.516013145447,10000.0,10000.0,68.99073719978333,-267.89963245391846,0.0,0.0
1,3082,30.82,6413.7788116931915,8730.679452419281,10000.0,10000.0,48.27842116355896,-115.83656072616577,0.0,0.0
1,3083,30.830000000000002,6463.058590888977,8697.338998317719,10000.0,10000.0,49.27977919578552,-33.3404541015625,0.0,0.0
1,3084,30.84,6532.268077135086,8755.346536636353,10000.0,10000.0,69.20948624610901,58.00753831863403,0.0,0.0
1,3085,30.85,6429.315954446793,8871.56218290329,10000.0,10000.0,-102.95212268829346,116.21564626693726,0.0,0.0
1,3086,30.86,6159.673631191254,8843.724131584167,9608.871936798096,10000.0,-269.64232325553894,-27.838051319122314,-391.1280632019043,0.0
1,3087,30.87,5236.17984727025,9128.631353378296,8751.006424427032,7877.654731273651,-923.4937839210033,284.9072217941284,-857.8655123710632,-2122.345268726349
1,3088,30.88,5000.0,10000.0,8886.11227273941,5598.829127848148,-236.17984727025032,871.3686466217041,135.10584831237793,-2278.825603425503
1,3089,30.89,5000.0,10000.0,8999.810814857483,5803.759396076202,0.0,0.0,113.69854211807251,204.93026822805405
1,3090,30.900000000000002,5000.0,9985.339641571045,9177.897274494171,6706.352382898331,0.0,-14.660358428955078,178.08645963668823,902.5929868221283
1,3091,30.91,5000.0,9864.991903305054,9025.597870349884,6683.296114206314,0.0,-120.34773826599121,-152.2994041442871,-23.0562686920166
1,3092,30.92,5000.0,10000.0,9037.88447380066,6733.344197273254,0.0,135.0080966949463,12.286603450775146,50.04808306694031
1,3093,30.93,6195.035129785538,9602.565169334412,9692.353904247284,8231.141567230225,1195.0351297855377,-397.4348306655884,654.4694304466248,1497.7973699569702
1,3094,30.94,6601.69318318367,9334.71143245697,9588.452875614166,8449.978530406952,406.6580533981323,-267.8537368774414,-103.90102863311768,218.8369631767273
1,3095,30.95,6341.471970081329,9160.355925559998,9096.700847148895,8048.334121704102,-260.2212131023407,-174.35550689697266,-491.752028465271,-401.64440870285034
1,3096,30.96,5780.703201889992,8977.08147764206,8288.87790441513,8045.82417011261,-560.7687681913376,-183.27444791793823,-807.8229427337646,-2.509951591491699
1,3097,30.970000000000002,5705.403089523315,8976.493179798126,8215.488195419312,8012.484312057495,-75.30011236667633,-0.5882978439331055,-73.38970899581909,-33.339858055114746
1,3098,30.98,5665.318444371223,9163.499474525452,8275.7169008255,8165.842294692993,-40.08464515209198,187.00629472732544,60.228705406188965,153.35798263549805
1,3099,30.990000000000002,5532.521866261959,9434.620440006256,8370.408117771149,9773.788154125214,-132.79657810926437,271.12096548080444,94.6912169456482,1607.9458594322205
1,3100,31.0,5500.474534928799,9670.544564723969,8688.927292823792,10000.0,-32.0473313331604,235.9241247177124,318.5191750526428,226.21184587478638
1,3101,31.01,5974.559336900711,9402.715265750885,9588.182866573334,10000.0,474.0848019719124,-267.8292989730835,899.2555737495422,0.0
1,3102,31.02,6299.84125494957,9042.99259185791,10000.0,10000.0,325.28191804885864,-359.72267389297485,411.81713342666626,0.0
1,3103,31.03,6347.644478082657,8796.793818473816,10000.0,10000.0,47.80322313308716,-246.19877338409424,0.0,0.0
1,3104,31.04,6390.514671802521,8736.016154289246,10000.0,10000.0,42.87019371986389,-60.77766418457031,0.0,0.0
1,3105,31.05,6431.551873683929,8726.772964000702,10000.0,10000.0,41.03720188140869,-9.243190288543701,0.0,0.0
1,3106,31.060000000000002,6482.855826616287,8801.5815615654,10000.0,10000.0,51.30395293235779,74.80859756469727,0.0,0.0
1,3107,31.07,6262.361258268356,8933.498859405518,10000.0,10000.0,-220.4945683479309,131.9172978401184,0.0,0.0
1,3108,31.080000000000002,5971.067547798157,8791.994154453278,9619.475603103638,8899.123072624207,-291.2937104701996,-141.50470495224,-380.5243968963623,-1100.8769273757935
1,3109,31.09,5000.0,9309.742450714111,8907.984495162964,7606.106400489807,-971.0675477981567,517.7482962608337,-711.4911079406738,-1293.0166721343994
1,3110,31.1,5000.0,9298.04414510727,9116.751253604889,7222.2040593624115,0.0,-11.698305606842041,208.76675844192505,-383.90234112739563
1,3111,31.11,5000.0,8865.741491317749,9351.933300495148,7877.773344516754,0.0,-432.30265378952026,235.1820468902588,655.5692851543427
1,3112,31.12,5000.0,8775.741159915924,9759.468734264374,9264.681935310364,0.0,-90.00033140182495,407.5354337692261,1386.9085907936096
1,3113,31.13,5000.0,9076.203107833862,9675.317108631134,9116.747975349426,0.0,300.46194791793823,-84.15162563323975,-147.9339599609375
1,3114,31.14,5000.0,9478.280544281006,9302.805364131927,8047.042191028595,0.0,402.07743644714355,-372.51174449920654,-1069.7057843208313
1,3115,31.150000000000002,6285.078078508377,9431.530237197876,9852.098524570465,10000.0,1285.078078508377,-46.75030708312988,549.2931604385376,1952.957808971405
1,3116,31.16,6586.973667144775,9327.483177185059,9940.86354970932,10000.0,301.8955886363983,-104.04706001281738,88.76502513885498,0.0
1,3117,31.17,6665.72779417038,9198.464155197144,9469.49303150177,10000.0,78.75412702560425,-129.01902198791504,-471.37051820755005,0.0
1,3118,31.18,6059.962585568428,9034.827947616577,8595.886528491974,9001.449346542358,-605.7652086019516,-163.6362075805664,-873.6065030097961,-998.5506534576416
1,3119,31.19,5546.99394851923,9096.79800271988,8409.883677959442,9401.950240135193,-512.9686370491982,61.970055103302,-186.00285053253174,400.5008935928345
1,3120,31.2,5314.389131963253,9403.177201747894,8515.081703662872,10000.0,-232.60481655597687,306.37919902801514,105.19802570343018,598.0497598648071
1,3121,31.21,5070.3503377735615,8435.547947883606,8786.68487071991,10000.0,-244.03879418969154,-967.6292538642883,271.60316705703735,0.0
1,3122,31.220000000000002,5733.823850750923,9437.048137187958,9110.802710056305,10000.0,663.4735129773617,1001.5001893043518,324.11783933639526,0.0
1,3123,31.23,6355.003714561462,9155.787527561188,9739.852845668793,10000.0,621.1798638105392,-281.26060962677,629.0501356124878,0.0
1,3124,31.240000000000002,5987.91629076004,8626.285791397095,10000.0,10000.0,-367.0874238014221,-529.501736164093,260.1471543312073,0.0
1,3125,31.25,5851.665586233139,8471.694886684418,10000.0,10000.0,-136.25070452690125,-154.590904712677,0.0,0.0
1,3126,31.26,6034.316495060921,8515.441119670868,10000.0,10000.0,182.65090882778168,43.746232986450195,0.0,0.0
1,3127,31.27,6009.650826454163,8512.306213378906,10000.0,10000.0,-24.665668606758118,-3.13490629196167,0.0,0.0
1,3128,31.28,6043.987423181534,8520.797491073608,10000.0,10000.0,34.336596727371216,8.491277694702148,0.0,0.0
1,3129,31.29,5976.444706320763,8461.869657039642,10000.0,10000.0,-67.54271686077118,-58.927834033966064,0.0,0.0
1,3130,31.3,5690.705329179764,8406.37743473053,10000.0,9062.896370887756,-285.73937714099884,-55.49222230911255,0.0,-937.1036291122437
1,3131,31.310000000000002,5000.0,9003.942012786865,10000.0,6445.120126008987,-690.7053291797638,597.5645780563354,0.0,-2617.776244878769
1,3132,31.32,5000.0,9098.275303840637,10000.0,6420.824974775314,0.0,94.33329105377197,0.0,-24.295151233673096
1,3133,31.330000000000002,5000.0,8853.638172149658,10000.0,7494.987100362778,0.0,-244.637131690979,0.0,1074.1621255874634
1,3134,31.34,5000.0,8720.029294490814,10000.0,10000.0,0.0,-133.608877658844,0.0,2505.0128996372223
1,3135,31.35,5000.0,8860.704898834229,10000.0,9193.937182426453,0.0,140.6756043434143,0.0,-806.0628175735474
1,3136,31.36,5010.705983731896,9262.880682945251,9746.813476085663,8405.337929725647,10.705983731895685,402.17578411102295,-253.18652391433716,-788.5992527008057
1,3137,31.37,6304.547339677811,9439.423382282257,9889.509975910187,9391.646981239319,1293.841355945915,176.54269933700562,142.69649982452393,986.3090515136719
1,3138,31.38,6660.891622304916,9301.452040672302,9903.466403484344,9799.437522888184,356.3442826271057,-137.97134160995483,13.956427574157715,407.79054164886475
1,3139,31.39,6636.094301939011,9132.111370563507,9381.23494386673,9490.917921066284,-24.79732036590576,-169.34067010879517,-522.2314596176147,-308.5196018218994
1,3140,31.400000000000002,5987.182706594467,8998.167514801025,8492.608368396759,8568.739295005798,-648.9115953445435,-133.9438557624817,-888.6265754699707,-922.1786260604858
1,3141,31.41,5519.234053790569,9107.045531272888,8383.490145206451,9505.139589309692,-467.94865280389786,108.8780164718628,-109.11822319030762,936.400294303894
1,3142,31.42,5266.321916133165,9430.135190486908,8457.796573638916,10000.0,-252.91213765740395,323.0896592140198,74.3064284324646,494.8604106903076
1,3143,31.43,5240.0837279856205,9541.485607624054,8582.763373851776,10000.0,-26.23818814754486,111.350417137146,124.96680021286011,0.0
1,3144,31.44,5875.146612524986,9399.844408035278,9224.226176738739,10000.0,635.0628845393658,-141.64119958877563,641.4628028869629,0.0
1,3145,31.45,6331.337094306946,9103.176593780518,9861.502647399902,10000.0,456.19048178195953,-296.66781425476074,637.2764706611633,0.0
1,3146,31.46,5910.965800285339,8580.54906129837,10000.0,10000.0,-420.37129402160645,-522.6275324821472,138.49735260009766,0.0
1,3147,31.470000000000002,5897.914543747902,8492.164015769958,10000.0,10000.0,-13.051256537437439,-88.38504552841187,0.0,0.0
1,3148,31.48,6056.0645163059235,8544.930219650269,10000.0,10000.0,158.14997255802155,52.76620388031006,0.0,0.0
1,3149,31.490000000000002,5949.611514806747,8512.900471687317,10000.0,10000.0,-106.45300149917603,-32.02974796295166,0.0,0.0
1,3150,31.5,5932.5942397117615,8507.09617137909,10000.0,10000.0,-17.017275094985962,-5.804300308227539,0.0,0.0
1,3151,31.51,5806.630626320839,8428.418040275574,10000.0,10000.0,-125.96361339092255,-78.67813110351562,0.0,0.0
1,3152,31.52,5000.0,8815.864324569702,10000.0,7436.987012624741,-806.6306263208389,387.4462842941284,0.0,-2563.0129873752594
1,3153,31.53,5000.0,9188.847839832306,10000.0,5553.185380995274,0.0,372.98351526260376,0.0,-1883.801631629467
1,3154,31.54,5000.0,9156.579971313477,10000.0,6072.704195976257,0.0,-32.267868518829346,0.0,519.5188149809837
1,3155,31.55,5334.426499903202,8684.0158700943,10000.0,8142.475783824921,334.42649990320206,-472.56410121917725,0.0,2069.7715878486633
1,3156,31.560000000000002,5000.0,8738.336563110352,10000.0,9890.437424182892,-334.42649990320206,54.320693016052246,0.0,1747.9616403579712
1,3157,31.57,5000.0,8899.427354335785,10000.0,8806.480169296265,0.0,161.09079122543335,0.0,-1083.9572548866272
1,3158,31.580000000000002,5385.983921587467,9498.219788074493,9843.522608280182,8671.261668205261,385.9839215874672,598.7924337387085,-156.47739171981812,-135.21850109100342
1,3159,31.59,6499.120742082596,9433.65216255188,9964.25747871399,9491.915106773376,1113.1368204951286,-64.56762552261353,120.73487043380737,820.6534385681152
1,3160,31.6,6544.085294008255,9342.192709445953,9877.323806285858,8954.740762710571,44.96455192565918,-91.45945310592651,-86.9336724281311,-537.1743440628052
1,3161,31.61,6523.797661066055,9054.83216047287,9264.765083789825,8368.764519691467,-20.287632942199707,-287.3605489730835,-612.5587224960327,-585.976243019104
1,3162,31.62,5987.439155578613,9036.59999370575,8574.275970458984,8196.51186466217,-536.358505487442,-18.23216676712036,-690.4891133308411,-172.25265502929688
1,3163,31.63,5726.843774318695,9149.794280529022,8404.292166233063,8512.844145298004,-260.5953812599182,113.1942868232727,-169.98380422592163,316.33228063583374
1,3164,31.64,5579.817704856396,9388.504028320312,8443.63421201706,9366.593658924103,-147.02606946229935,238.70974779129028,39.34204578399658,853.7495136260986
1,3165,31.650000000000002,5650.296583771706,9475.733041763306,8822.477757930756,10000.0,70.4788789153099,87.22901344299316,378.8435459136963,633.4063410758972
1,3166,31.66,6155.943721532822,9316.717684268951,9672.330021858215,10000.0,505.647137761116,-159.01535749435425,849.8522639274597,0.0
1,3167,31.67,6084.359064698219,8817.495107650757,10000.0,10000.0,-71.58465683460236,-499.2225766181946,327.66997814178467,0.0
1,3168,31.68,5865.496397018433,8558.160662651062,10000.0,10000.0,-218.86266767978668,-259.3344449996948,0.0,0.0
1,3169,31.69,5953.546613454819,8540.31890630722,10000.0,10000.0,88.05021643638611,-17.841756343841553,0.0,0.0
1,3170,31.7,5964.757055044174,8545.28546333313,10000.0,10000.0,11.210441589355469,4.966557025909424,0.0,0.0
1,3171,31.71,5928.5107254981995,8535.121083259583,10000.0,10000.0,-36.24632954597473,-10.164380073547363,0.0,0.0
1,3172,31.720000000000002,5908.107757568359,8494.343757629395,10000.0,10000.0,-20.402967929840088,-40.77732563018799,0.0,0.0
1,3173,31.73,5628.773793578148,8454.196453094482,10000.0,8900.691568851471,-279.3339639902115,-40.14730453491211,0.0,-1099.308431148529
1,3174,31.740000000000002,5000.0,9096.343517303467,10000.0,5942.946225404739,-628.7737935781479,642.1470642089844,0.0,-2957.7453434467316
1,3175,31.75,5000.0,9211.246073246002,10000.0,5652.292370796204,0.0,114.9025559425354,0.0,-290.65385460853577
1,3176,31.76,5000.0,9027.546644210815,10000.0,6367.811560630798,0.0,-183.69942903518677,0.0,715.5191898345947
1,3177,31.77,5043.66697743535,8704.332709312439,10000.0,9271.348714828491,43.66697743535042,-323.21393489837646,0.0,2903.537154197693
1,3178,31.78,5000.0,8800.00114440918,10000.0,8690.296709537506,-43.66697743535042,95.66843509674072,0.0,-581.0520052909851
1,3179,31.79,5000.0,9163.299798965454,9961.842894554138,8097.309470176697,0.0,363.2986545562744,-38.157105445861816,-592.9872393608093
1,3180,31.8,5626.667067408562,9683.62808227539,9929.642975330353,8793.614506721497,626.6670674085617,520.3282833099365,-32.1999192237854,696.3050365447998
1,3181,31.810000000000002,6565.085798501968,9449.979662895203,9927.139580249786,9268.803596496582,938.4187310934067,-233.648419380188,-2.5033950805664062,475.18908977508545
1,3182,31.82,6322.119385004044,9377.735257148743,9801.277220249176,8630.99753856659,-242.9664134979248,-72.24440574645996,-125.86236000061035,-637.8060579299927
1,3183,31.830000000000002,6254.0265917778015,9116.787910461426,9053.687155246735,8167.793154716492,-68.09279322624207,-260.9473466873169,-747.5900650024414,-463.20438385009766
1,3184,31.84,5898.420661687851,9146.033227443695,8610.84669828415,8128.310441970825,-355.60593008995056,29.245316982269287,-442.84045696258545,-39.482712745666504
1,3185,31.85,5729.977041482925,9278.311729431152,8456.790149211884,8471.322655677795,-168.44362020492554,132.27850198745728,-154.05654907226562,343.0122137069702
1,3186,31.86,5572.333298623562,9472.134709358215,8592.221438884735,9931.537508964539,-157.64374285936356,193.822979927063,135.43128967285156,1460.2148532867432
1,3187,31.87,5832.3900401592255,9472.865164279938,9333.705008029938,10000.0,260.0567415356636,0.7304549217224121,741.4835691452026,68.46249103546143
1,3188,31.88,6187.064200639725,9045.034050941467,10000.0,10000.0,354.67416048049927,-427.83111333847046,666.2949919700623,0.0
1,3189,31.89,5945.327579975128,8656.073808670044,10000.0,10000.0,-241.73662066459656,-388.96024227142334,0.0,0.0
1,3190,31.900000000000002,5927.80202627182,8568.960428237915,10000.0,10000.0,-17.525553703308105,-87.1133804321289,0.0,0.0
1,3191,31.91,5953.361466526985,8576.091527938843,10000.0,10000.0,25.5594402551651,7.131099700927734,0.0,0.0
1,3192,31.92,5946.141481399536,8569.603562355042,10000.0,10000.0,-7.219985127449036,-6.4879655838012695,0.0,0.0
1,3193,31.93,5964.231267571449,8550.51040649414,10000.0,10000.0,18.089786171913147,-19.09315586090088,0.0,0.0
1,3194,31.94,5715.287029743195,8565.169274806976,10000.0,8819.579482078552,-248.9442378282547,14.658868312835693,0.0,-1180.4205179214478
1,3195,31.95,5000.0,9116.272330284119,10000.0,6090.9104347229,-715.2870297431946,551.1030554771423,0.0,-2728.669047355652
1,3196,31.96,5000.0,9177.473783493042,10000.0,5996.950715780258,0.0,61.20145320892334,0.0,-93.95971894264221
1,3197,31.970000000000002,5000.0,9062.12031841278,10000.0,6782.139837741852,0.0,-115.35346508026123,0.0,785.1891219615936
1,3198,31.98,5000.0,8867.733478546143,10000.0,9268.549382686615,0.0,-194.38683986663818,0.0,2486.409544944763
1,3199,31.990000000000002,5000.0,8911.837935447693,10000.0,7968.600392341614,0.0,44.10445690155029,0.0,-1299.9489903450012
1,3200,32.0,5000.0,9362.541735172272,9811.27381324768,7532.0687890052795,0.0,450.70379972457886,-188.72618675231934,-436.53160333633423
1,3201,32.01,5596.251077950001,9785.946607589722,9977.53769159317,8198.505342006683,596.2510779500008,423.40487241744995,166.2638783454895,666.4365530014038
1,3202,32.02,6480.702459812164,9458.478689193726,9903.436005115509,8969.744443893433,884.4513818621635,-327.4679183959961,-74.10168647766113,771.2391018867493
1,3203,32.03,6232.692152261734,9414.427876472473,9608.737230300903,8329.863846302032,-248.0103075504303,-44.05081272125244,-294.6987748146057,-639.8805975914001
1,3204,32.04,6043.336018919945,9179.36623096466,8833.565413951874,8087.799847126007,-189.35613334178925,-235.0616455078125,-775.1718163490295,-242.0639991760254
1,3205,32.05,5757.516622543335,9203.12762260437,8502.305746078491,8289.748728275299,-285.8193963766098,23.761391639709473,-331.25966787338257,201.948881149292
1,3206,32.06,5689.073279500008,9381.579458713531,8475.05122423172,8454.353213310242,-68.44334304332733,178.45183610916138,-27.25452184677124,164.60448503494263
1,3207,32.07,5527.271442115307,9490.808248519897,8669.58349943161,10000.0,-161.80183738470078,109.22878980636597,194.53227519989014,1545.6467866897583
1,3208,32.08,6022.772043943405,9331.364631652832,9837.974607944489,10000.0,495.5006018280983,-159.44361686706543,1168.3911085128784,0.0
1,3209,32.09,6020.994111895561,8834.989964962006,10000.0,10000.0,-1.777932047843933,-496.3746666908264,162.02539205551147,0.0
1,3210,32.1,5902.589336037636,8623.044490814209,10000.0,10000.0,-118.40477585792542,-211.94547414779663,0.0,0.0
1,3211,32.11,5971.5573489665985,8624.813556671143,10000.0,10000.0,68.96801292896271,1.7690658569335938,0.0,0.0
1,3212,32.12,5974.145829677582,8609.03799533844,10000.0,10000.0,2.5884807109832764,-15.775561332702637,0.0,0.0
1,3213,32.13,6012.234836816788,8615.77421426773,10000.0,10000.0,38.08900713920593,6.7362189292907715,0.0,0.0
1,3214,32.14,5903.802141547203,8614.695072174072,10000.0,9419.344663619995,-108.43269526958466,-1.0791420936584473,0.0,-580.6553363800049
1,3215,32.15,5000.0,9102.999866008759,10000.0,6472.51695394516,-903.8021415472031,488.3047938346863,0.0,-2946.827709674835
1,3216,32.160000000000004,5000.0,9189.884066581726,10000.0,6172.638684511185,0.0,86.88420057296753,0.0,-299.8782694339752
1,3217,32.17,5000.0,9095.967411994934,10000.0,6688.4854435920715,0.0,-93.91665458679199,0.0,515.8467590808868
1,3218,32.18,5000.0,8912.572264671326,10000.0,8402.174711227417,0.0,-183.3951473236084,0.0,1713.6892676353455
1,3219,32.19,5000.0,8987.670540809631,10000.0,7638.06939125061,0.0,75.09827613830566,0.0,-764.1053199768066
1,3220,32.2,5000.0,9443.432092666626,9762.165248394012,7308.038026094437,0.0,455.76155185699463,-237.83475160598755,-330.0313651561737
1,3221,32.21,5489.425249397755,9918.897151947021,10000.0,7805.910706520081,489.42524939775467,475.4650592803955,237.83475160598755,497.8726804256439
1,3222,32.22,6417.102962732315,9469.225406646729,9838.456511497498,8714.127242565155,927.6777133345604,-449.67174530029297,-161.54348850250244,908.2165360450745
1,3223,32.230000000000004,6117.344424128532,9412.851631641388,9309.931099414825,8276.022970676422,-299.75853860378265,-56.373775005340576,-528.5254120826721,-438.1042718887329
1,3224,32.24,5847.29328751564,9158.330261707306,8509.868085384369,8079.93471622467,-270.05113661289215,-254.52136993408203,-800.0630140304565,-196.0882544517517
1,3225,32.25,5675.625279545784,9197.98195362091,8329.611122608185,8314.474523067474,-171.66800796985626,39.651691913604736,-180.25696277618408,234.53980684280396
1,3226,32.26,5609.65184122324,9378.924071788788,8393.37408542633,8716.69590473175,-65.9734383225441,180.9421181678772,63.76296281814575,402.2213816642761
1,3227,32.27,5476.824082434177,9490.064978599548,8694.144487380981,10000.0,-132.8277587890625,111.1409068107605,300.7704019546509,1283.3040952682495
1,3228,32.28,6013.063192367554,9262.900352478027,9926.54949426651,10000.0,536.2391099333763,-227.164626121521,1232.4050068855286,0.0
1,3229,32.29,5982.092171907425,8835.591673851013,10000.0,10000.0,-30.971020460128784,-427.30867862701416,73.45050573348999,0.0
1,3230,32.3,5965.663939714432,8666.309118270874,10000.0,10000.0,-16.428232192993164,-169.28255558013916,0.0,0.0
1,3231,32.31,5980.692431330681,8656.355738639832,10000.0,10000.0,15.028491616249084,-9.95337963104248,0.0,0.0
1,3232,32.32,6008.574888110161,8653.671741485596,10000.0,10000.0,27.88245677947998,-2.68399715423584,0.0,0.0
1,3233,32.33,6053.755655884743,8689.9334192276,10000.0,10000.0,45.18076777458191,36.261677742004395,0.0,0.0
1,3234,32.34,5639.994964003563,8816.373348236084,10000.0,8324.592411518097,-413.7606918811798,126.43992900848389,0.0,-1675.407588481903
1,3235,32.35,5000.0,9233.730137348175,10000.0,5992.598682641983,-639.9949640035629,417.35678911209106,0.0,-2331.993728876114
1,3236,32.36,5000.0,9199.51617717743,10000.0,6202.765554189682,0.0,-34.21396017074585,0.0,210.16687154769897
1,3237,32.37,5000.0,8976.240754127502,10000.0,7386.791855096817,0.0,-223.27542304992676,0.0,1184.026300907135
1,3238,32.38,5000.0,8911.0666513443,10000.0,7805.575728416443,0.0,-65.17410278320312,0.0,418.78387331962585
1,3239,32.39,5000.0,9311.410188674927,9873.606860637665,6978.535950183868,0.0,400.34353733062744,-126.3931393623352,-827.0397782325745
1,3240,32.4,5000.0,10000.0,9730.940163135529,6970.808058977127,0.0,688.5898113250732,-142.66669750213623,-7.727891206741333
1,3241,32.410000000000004,6162.938550114632,9594.06316280365,9990.881085395813,8318.831324577332,1162.9385501146317,-405.9368371963501,259.9409222602844,1348.0232656002045
1,3242,32.42,6199.2912739515305,9497.328102588654,9454.925954341888,8506.515622138977,36.352723836898804,-96.73506021499634,-535.9551310539246,187.6842975616455
1,3243,32.43,5852.563381195068,9278.481006622314,8611.073195934296,8095.272779464722,-346.7278927564621,-218.8470959663391,-843.8527584075928,-411.24284267425537
1,3244,32.44,5693.681687116623,9108.388423919678,8156.854212284088,8089.825212955475,-158.88169407844543,-170.09258270263672,-454.2189836502075,-5.447566509246826
1,3245,32.45,5582.898668944836,9228.522181510925,8209.406733512878,8434.542715549469,-110.78301817178726,120.13375759124756,52.55252122879028,344.71750259399414
1,3246,32.46,5449.83047991991,9373.250901699066,8373.366594314575,9522.778689861298,-133.06818902492523,144.72872018814087,163.95986080169678,1088.2359743118286
1,3247,32.47,5538.7769266963005,9459.120035171509,9121.307134628296,10000.0,88.94644677639008,85.86913347244263,747.9405403137207,477.2213101387024
1,3248,32.480000000000004,5969.68337893486,9041.787385940552,10000.0,10000.0,430.9064522385597,-417.33264923095703,878.6928653717041,0.0
1,3249,32.49,5944.603532552719,8756.36100769043,10000.0,10000.0,-25.079846382141113,-285.42637825012207,0.0,0.0
1,3250,32.5,6004.2305290699005,8721.826374530792,10000.0,10000.0,59.6269965171814,-34.53463315963745,0.0,0.0
1,3251,32.51,6017.232835292816,8694.36115026474,10000.0,10000.0,13.00230622291565,-27.465224266052246,0.0,0.0
1,3252,32.52,6056.55662715435,8740.254640579224,10000.0,10000.0,39.32379186153412,45.89349031448364,0.0,0.0
1,3253,32.53,6042.976751923561,8741.869628429413,10000.0,9339.127540588379,-13.579875230789185,1.614987850189209,0.0,-660.8724594116211
1,3254,32.54,5000.0,9197.19010591507,10000.0,6711.261868476868,-1042.976751923561,455.32047748565674,0.0,-2627.8656721115112
1,3255,32.55,5000.0,9292.495250701904,10000.0,5965.774208307266,0.0,95.30514478683472,0.0,-745.4876601696014
1,3256,32.56,5000.0,9231.792986392975,10000.0,6110.066920518875,0.0,-60.70226430892944,0.0,144.2927122116089
1,3257,32.57,5000.0,9092.386364936829,10000.0,7431.883662939072,0.0,-139.40662145614624,0.0,1321.8167424201965
1,3258,32.58,5000.0,9208.116829395294,10000.0,6876.832544803619,0.0,115.73046445846558,0.0,-555.0511181354523
1,3259,32.59,5000.0,9742.640852928162,9723.044633865356,6757.185012102127,0.0,534.5240235328674,-276.95536613464355,-119.64753270149231
1,3260,32.6,5408.640019595623,10000.0,10000.0,7521.212100982666,408.640019595623,257.3591470718384,276.95536613464355,764.0270888805389
1,3261,32.61,6327.770501375198,9499.390125274658,9663.938879966736,8325.091302394867,919.1304817795753,-500.6098747253418,-336.06112003326416,803.8792014122009
1,3262,32.62,5877.675712108612,9364.193081855774,8911.010921001434,8182.365894317627,-450.0947892665863,-135.19704341888428,-752.9279589653015,-142.72540807724
1,3263,32.63,5715.772062540054,9051.620066165924,8053.068220615387,8088.380396366119,-161.90364956855774,-312.57301568984985,-857.9427003860474,-93.98549795150757
1,3264,32.64,5579.824037849903,9153.322279453278,8075.588643550873,8128.759860992432,-135.94802469015121,101.70221328735352,22.52042293548584,40.379464626312256
1,3265,32.65,5485.487245023251,9327.760934829712,8128.201365470886,8630.63395023346,-94.33679282665253,174.43865537643433,52.61272192001343,501.87408924102783
1,3266,32.660000000000004,5388.430245220661,9403.301477432251,8510.930836200714,9956.132769584656,-97.05699980258942,75.54054260253906,382.7294707298279,1325.4988193511963
1,3267,32.67,5782.535448670387,9298.069477081299,9614.816009998322,10000.0,394.1052034497261,-105.23200035095215,1103.8851737976074,43.86723041534424
1,3268,32.68,5911.203175783157,8963.189125061035,10000.0,10000.0,128.66772711277008,-334.8803520202637,385.18399000167847,0.0
1,3269,32.69,5980.909839272499,8789.125382900238,10000.0,10000.0,69.70666348934174,-174.06374216079712,0.0,0.0
1,3270,32.7,6019.545421004295,8746.589124202728,10000.0,10000.0,38.635581731796265,-42.536258697509766,0.0,0.0
1,3271,32.71,6062.891930341721,8752.297163009644,10000.0,10000.0,43.34650933742523,5.708038806915283,0.0,0.0
1,3272,32.72,6118.571534752846,8814.152479171753,10000.0,10000.0,55.67960441112518,61.855316162109375,0.0,0.0
1,3273,32.730000000000004,5941.672399640083,8843.615055084229,10000.0,8673.246800899506,-176.89913511276245,29.462575912475586,0.0,-1326.7531991004944
1,3274,32.74,5000.0,9300.28885602951,10000.0,6119.045615196228,-941.6723996400833,456.673800945282,0.0,-2554.2011857032776
1,3275,32.75,5000.0,9350.857734680176,10000.0,5889.441668987274,0.0,50.56887865066528,0.0,-229.60394620895386
1,3276,32.76,5000.0,9241.300821304321,10000.0,6243.291050195694,0.0,-109.55691337585449,0.0,353.8493812084198
1,3277,32.77,5000.0,9170.978665351868,10000.0,7085.680067539215,0.0,-70.32215595245361,0.0,842.3890173435211
1,3278,32.78,5000.0,9497.02799320221,9962.728321552277,6232.195496559143,0.0,326.0493278503418,-37.27167844772339,-853.484570980072
1,3279,32.79,5000.0,10000.0,9686.663150787354,6311.833709478378,0.0,502.9720067977905,-276.0651707649231,79.63821291923523
1,3280,32.8,5661.880895495415,10000.0,10000.0,7672.750353813171,661.8808954954147,0.0,313.3368492126465,1360.916644334793
1,3281,32.81,6249.153837561607,9502.784609794617,9396.885335445404,8218.00172328949,587.2729420661926,-497.2153902053833,-603.114664554596,545.2513694763184
1,3282,32.82,5751.535966992378,9300.341010093689,8571.004867553711,8064.532279968262,-497.6178705692291,-202.44359970092773,-825.8804678916931,-153.46944332122803
1,3283,32.83,5654.09742295742,9051.021337509155,7927.127778530121,8087.267875671387,-97.43854403495789,-249.3196725845337,-643.8770890235901,22.735595703125
1,3284,32.84,5513.788498938084,9167.618751525879,7990.477085113525,8118.857145309448,-140.3089240193367,116.59741401672363,63.34930658340454,31.589269638061523
1,3285,32.85,5405.309237539768,9324.468970298767,8023.820519447327,8570.709228515625,-108.47926139831543,156.85021877288818,33.34343433380127,451.85208320617676
1,3286,32.86,5340.4426202178,9402.380883693695,8504.126369953156,9934.732913970947,-64.86661732196808,77.91191339492798,480.30585050582886,1364.0236854553223
1,3287,32.87,5709.364861249924,9278.80585193634,9540.38918018341,10000.0,368.92224103212357,-123.57503175735474,1036.2628102302551,65.26708602905273
1,3288,32.88,5879.195928573608,8996.129035949707,10000.0,10000.0,169.8310673236847,-282.6768159866333,459.61081981658936,0.0
1,3289,32.89,5961.284413933754,8863.30395936966,10000.0,10000.0,82.08848536014557,-132.8250765800476,0.0,0.0
1,3290,32.9,6045.958995819092,8796.025812625885,10000.0,10000.0,84.67458188533783,-67.27814674377441,0.0,0.0
1,3291,32.910000000000004,6101.274490356445,8814.783692359924,10000.0,10000.0,55.315494537353516,18.757879734039307,0.0,0.0
1,3292,32.92,6170.716434717178,8887.348771095276,10000.0,10000.0,69.44194436073303,72.56507873535156,0.0,0.0
1,3293,32.93,6041.692644357681,8854.75754737854,10000.0,9056.332111358643,-129.02379035949707,-32.59122371673584,0.0,-943.6678886413574
1,3294,32.94,5000.0,9275.546073913574,9864.11303281784,6712.607890367508,-1041.6926443576813,420.7885265350342,-135.88696718215942,-2343.7242209911346
1,3295,32.95,5000.0,9438.105821609497,9703.767001628876,5945.376455783844,0.0,162.55974769592285,-160.34603118896484,-767.2314345836639
1,3296,32.96,5000.0,9426.401853561401,9914.997518062592,5823.17978143692,0.0,-11.703968048095703,211.23051643371582,-122.19667434692383
1,3297,32.97,5000.0,9323.403239250183,10000.0,6519.083380699158,0.0,-102.99861431121826,85.00248193740845,695.9035992622375
1,3298,32.980000000000004,5000.0,9607.60086774826,9948.386251926422,6022.908687591553,0.0,284.1976284980774,-51.61374807357788,-496.174693107605
1,3299,32.99,5000.0,10000.0,9636.613130569458,5866.3685619831085,0.0,392.3991322517395,-311.7731213569641,-156.5401256084442
1,3300,33.0,5372.040383517742,10000.0,10000.0,7226.868271827698,372.04038351774216,0.0,363.386869430542,1360.4997098445892
1,3301,33.01,6218.1151658296585,9530.828595161438,9454.120695590973,8144.894540309906,846.0747823119164,-469.171404838562,-545.8793044090271,918.0262684822083
1,3302,33.02,5735.048875212669,9290.41475057602,8610.744774341583,8073.992133140564,-483.06629061698914,-240.4138445854187,-843.3759212493896,-70.90240716934204
1,3303,33.03,5631.828233599663,9027.32104063034,7899.24830198288,8078.280389308929,-103.22064161300659,-263.0937099456787,-711.4964723587036,4.2882561683654785
1,3304,33.04,5511.566065251827,9158.177971839905,7864.051163196564,8065.49072265625,-120.26216834783554,130.8569312095642,-35.19713878631592,-12.789666652679443
1,3305,33.05,5384.670905768871,9305.098354816437,7898.150384426117,8192.712366580963,-126.89515948295593,146.92038297653198,34.09922122955322,127.22164392471313
1,3306,33.06,5310.006085783243,9255.608916282654,8152.9200077056885,9248.744249343872,-74.66481998562813,-49.48943853378296,254.76962327957153,1056.031882762909
1,3307,33.07,5371.250249445438,9380.148649215698,8935.392796993256,10000.0,61.244163662195206,124.53973293304443,782.4727892875671,751.2557506561279
1,3308,33.08,5853.452384471893,9102.612137794495,10000.0,10000.0,482.2021350264549,-277.5365114212036,1064.6072030067444,0.0
1,3309,33.09,5912.004113197327,8924.908936023712,10000.0,10000.0,58.55172872543335,-177.70320177078247,0.0,0.0
1,3310,33.1,6037.88435459137,8882.315754890442,10000.0,10000.0,125.88024139404297,-42.593181133270264,0.0,0.0
1,3311,33.11,6090.270578861237,8852.295875549316,10000.0,10000.0,52.38622426986694,-30.01987934112549,0.0,0.0
1,3312,33.12,6172.698140144348,8920.461535453796,10000.0,10000.0,82.42756128311157,68.16565990447998,0.0,0.0
1,3313,33.13,6227.501854300499,8909.905552864075,10000.0,9653.832912445068,54.80371415615082,-10.55598258972168,0.0,-346.16708755493164
1,3314,33.14,5547.809936106205,9133.78894329071,9731.636345386505,8233.0122590065,-679.691918194294,223.88339042663574,-268.3636546134949,-1420.8206534385681
1,3315,33.15,5000.0,9400.717318058014,9307.530522346497,6349.315643310547,-547.809936106205,266.92837476730347,-424.10582304000854,-1883.6966156959534
1,3316,33.160000000000004,5000.0,9701.543748378754,9348.078668117523,5461.767055094242,0.0,300.82643032073975,40.54814577102661,-887.5485882163048
1,3317,33.17,5000.0,9587.419927120209,9554.685652256012,5770.917981863022,0.0,-114.12382125854492,206.60698413848877,309.15092676877975
1,3318,33.18,5000.0,9641.639292240143,9934.985935688019,5928.069353103638,0.0,54.21936511993408,380.30028343200684,157.15137124061584
1,3319,33.19,5000.0,10000.0,9685.34141778946,5353.152044117451,0.0,358.3607077598572,-249.64451789855957,-574.917308986187
1,3320,33.2,5000.0,10000.0,9784.193933010101,5716.473162174225,0.0,0.0,98.85251522064209,363.32111805677414
1,3321,33.21,5913.736000657082,9913.369417190552,9698.269069194794,7765.928506851196,913.7360006570816,-86.63058280944824,-85.92486381530762,2049.4553446769714
1,3322,33.22,6003.573685884476,9384.124279022217,8821.792900562286,8156.424164772034,89.8376852273941,-529.245138168335,-876.4761686325073,390.4956579208374
1,3323,33.230000000000004,5591.725595295429,9078.114330768585,8060.841262340546,8035.396337509155,-411.8480905890465,-306.0099482536316,-760.9516382217407,-121.02782726287842
1,3324,33.24,5526.37193351984,9078.713655471802,7713.245749473572,8112.329840660095,-65.35366177558899,0.5993247032165527,-347.5955128669739,76.93350315093994
1,3325,33.25,5334.79955047369,9247.738420963287,7827.768325805664,8075.734376907349,-191.5723830461502,169.0247654914856,114.52257633209229,-36.59546375274658
1,3326,33.26,5223.219711333513,9320.19829750061,7802.620530128479,8334.477841854095,-111.57983914017677,72.459876537323,-25.14779567718506,258.7434649467468
1,3327,33.27,5245.499927550554,9309.278726577759,8329.574763774872,9576.972126960754,22.280216217041016,-10.919570922851562,526.9542336463928,1242.494285106659
1,3328,33.28,5490.901432931423,9260.634779930115,9129.826128482819,10000.0,245.4015053808689,-48.64394664764404,800.2513647079468,423.0278730392456
1,3329,33.29,5847.109258174896,9049.060940742493,10000.0,10000.0,356.20782524347305,-211.57383918762207,870.1738715171814,0.0
1,3330,33.3,5931.745022535324,8979.141116142273,10000.0,10000.0,84.63576436042786,-69.91982460021973,0.0,0.0
1,3331,33.31,6038.428544998169,8882.351517677307,10000.0,10000.0,106.68352246284485,-96.78959846496582,0.0,0.0
1,3332,33.32,6112.452745437622,8880.767524242401,10000.0,10000.0,74.02420043945312,-1.5839934349060059,0.0,0.0
1,3333,33.33,6182.618588209152,8964.459300041199,10000.0,10000.0,70.16584277153015,83.69177579879761,0.0,0.0
1,3334,33.34,6155.466139316559,8952.302932739258,10000.0,9158.354103565216,-27.152448892593384,-12.156367301940918,0.0,-841.6458964347839
1,3335,33.35,5541.6615679860115,9248.788356781006,9444.628357887268,8090.263605117798,-613.8045713305473,296.48542404174805,-555.3716421127319,-1068.0904984474182
1,3336,33.36,5000.0,9488.909244537354,9090.727865695953,6306.949406862259,-541.6615679860115,240.12088775634766,-353.9004921913147,-1783.314198255539
1,3337,33.37,5000.0,9984.257817268372,8999.868631362915,5218.868218362331,0.0,495.34857273101807,-90.85923433303833,-1088.0811884999275
1,3338,33.38,5000.0,10000.0,9174.388349056244,5320.906974375248,0.0,15.742182731628418,174.51971769332886,102.03875601291656
1,3339,33.39,5000.0,10000.0,9663.130342960358,5463.334806263447,0.0,0.0,488.74199390411377,142.42783188819885
1,3340,33.4,5000.0,10000.0,9524.43927526474,5049.848295748234,0.0,0.0,-138.69106769561768,-413.486510515213
1,3341,33.410000000000004,5000.0,10000.0,9751.77675485611,5359.9682077765465,0.0,0.0,227.33747959136963,310.1199120283127
1,3342,33.42,5860.815197229385,9950.42234659195,9452.069699764252,7698.97997379303,860.8151972293854,-49.57765340805054,-299.7070550918579,2339.0117660164833
1,3343,33.43,5910.305604338646,9310.1304769516,8639.199435710907,8188.714683055878,49.49040710926056,-640.2918696403503,-812.8702640533447,489.7347092628479
1,3344,33.44,5501.457341015339,8992.114067077637,7943.741977214813,8056.077063083649,-408.84826332330704,-318.0164098739624,-695.4574584960938,-132.637619972229
1,3345,33.45,5462.57171779871,9115.794897079468,7652.808725833893,8126.82569026947,-38.88562321662903,123.68083000183105,-290.9332513809204,70.74862718582153
1,3346,33.46,5254.390779882669,9296.11623287201,7744.19903755188,8043.657541275024,-208.18093791604042,180.3213357925415,91.39031171798706,-83.1681489944458
1,3347,33.47,5145.93468979001,9393.499791622162,7697.682976722717,8088.023066520691,-108.456090092659,97.38355875015259,-46.5160608291626,44.365525245666504
1,3348,33.480000000000004,5074.506346136332,9209.142625331879,7967.2494530677795,9159.569144248962,-71.4283436536789,-184.3571662902832,269.56647634506226,1071.5460777282715
1,3349,33.49,5236.37855425477,9271.61157131195,8727.294504642487,10000.0,161.87220811843872,62.46894598007202,760.045051574707,840.4308557510376
1,3350,33.5,5740.613490343094,9102.61332988739,9794.877171516418,10000.0,504.2349360883236,-168.99824142456055,1067.5826668739319,0.0
1,3351,33.51,5856.86981678009,9006.502628326416,10000.0,10000.0,116.25632643699646,-96.11070156097412,205.12282848358154,0.0
1,3352,33.52,5974.22257065773,8926.630914211273,10000.0,10000.0,117.35275387763977,-79.87171411514282,0.0,0.0
1,3353,33.53,6040.142923593521,8807.344138622284,10000.0,10000.0,65.92035293579102,-119.28677558898926,0.0,0.0
1,3354,33.54,6157.91991353035,8857.835531234741,10000.0,10000.0,117.77698993682861,50.491392612457275,0.0,0.0
1,3355,33.55,6162.05632686615,8973.06889295578,10000.0,10000.0,4.136413335800171,115.23336172103882,0.0,0.0
1,3356,33.56,5818.688720464706,9092.684090137482,9690.602123737335,8626.998662948608,-343.3676064014435,119.61519718170166,-309.3978762626648,-1373.0013370513916
1,3357,33.57,5131.598208099604,9492.717981338501,9166.856706142426,6802.706569433212,-687.0905123651028,400.0338912010193,-523.7454175949097,-1824.2920935153961
1,3358,33.58,5000.0,9768.22316646576,8952.454924583435,5483.485050499439,-131.59820809960365,275.5051851272583,-214.40178155899048,-1319.221518933773
1,3359,33.59,5000.0,10000.0,8902.912437915802,5000.0,0.0,231.77683353424072,-49.54248666763306,-483.48505049943924
1,3360,33.6,5000.0,10000.0,9076.221585273743,5196.874178946018,0.0,0.0,173.30914735794067,196.87417894601822
1,3361,33.61,5000.0,10000.0,9536.65405511856,5347.692705690861,0.0,0.0,460.4324698448181,150.81852674484253
1,3362,33.62,5000.0,10000.0,9504.765570163727,5015.437044203281,0.0,0.0,-31.888484954833984,-332.25566148757935
1,3363,33.63,5164.395589381456,10000.0,9754.807651042938,6008.788198232651,164.39558938145638,0.0,250.04208087921143,993.3511540293694
1,3364,33.64,5783.398151397705,9739.127159118652,8923.428356647491,7851.639986038208,619.0025620162487,-260.87284088134766,-831.3792943954468,1842.8517878055573
1,3365,33.65,5557.096265256405,9108.339548110962,8161.790072917938,8170.627951622009,-226.3018861413002,-630.7876110076904,-761.6382837295532,318.98796558380127
1,3366,33.660000000000004,5343.332625925541,9015.381336212158,7792.08242893219,8147.169649600983,-213.76363933086395,-92.95821189880371,-369.7076439857483,-23.45830202102661
1,3367,33.67,5334.4691172242165,9160.292744636536,7762.538492679596,8067.382872104645,-8.863508701324463,144.91140842437744,-29.543936252593994,-79.78677749633789
1,3368,33.68,5155.203510075808,9351.838827133179,7696.574926376343,7973.447144031525,-179.2656071484089,191.54608249664307,-65.96356630325317,-93.93572807312012
1,3369,33.69,5000.0,9405.934810638428,7655.054926872253,8059.868216514587,-155.20351007580757,54.09598350524902,-41.519999504089355,86.42107248306274
1,3370,33.7,5000.0,9186.229705810547,7839.5843505859375,9289.198517799377,0.0,-219.70510482788086,184.52942371368408,1229.33030128479
1,3371,33.71,5086.867902427912,9020.18666267395,8567.228615283966,10000.0,86.86790242791176,-166.04304313659668,727.6442646980286,710.8014822006226
1,3372,33.72,5596.634857356548,8965.113759040833,9334.162473678589,10000.0,509.76695492863655,-55.072903633117676,766.9338583946228,0.0
1,3373,33.730000000000004,5789.244174957275,8945.455551147461,10000.0,10000.0,192.60931760072708,-19.658207893371582,665.8375263214111,0.0
1,3374,33.74,5878.461450338364,8935.355842113495,10000.0,10000.0,89.21727538108826,-10.099709033966064,0.0,0.0
1,3375,33.75,5970.786213874817,8616.706728935242,10000.0,10000.0,92.32476353645325,-318.6491131782532,0.0,0.0
1,3376,33.76,6094.945073127747,8696.106672286987,10000.0,10000.0,124.15885925292969,79.3999433517456,0.0,0.0
1,3377,33.77,6095.324009656906,8955.418467521667,10000.0,10000.0,0.3789365291595459,259.3117952346802,0.0,0.0
1,3378,33.78,5955.343320965767,9048.622250556946,9906.775653362274,8692.342936992645,-139.98068869113922,93.20378303527832,-93.22434663772583,-1307.6570630073547
1,3379,33.79,5437.254197895527,9441.125988960266,9147.692024707794,7781.625390052795,-518.08912307024,392.5037384033203,-759.08362865448,-910.7175469398499
1,3380,33.8,5000.0,9678.310751914978,9083.525240421295,5669.811367988586,-437.2541978955269,237.1847629547119,-64.16678428649902,-2111.814022064209
1,3381,33.81,5000.0,10000.0,8853.134214878082,5000.0,0.0,321.689248085022,-230.3910255432129,-669.8113679885864
1,3382,33.82,5000.0,10000.0,8838.196694850922,5000.0,0.0,0.0,-14.937520027160645,0.0
1,3383,33.83,5000.0,10000.0,9288.136065006256,5057.220794260502,0.0,0.0,449.9393701553345,57.22079426050186
1,3384,33.84,5000.0,10000.0,9459.313154220581,5019.848011434078,0.0,0.0,171.17708921432495,-37.372782826423645
1,3385,33.85,5000.0,10000.0,9715.06416797638,5008.035413920879,0.0,0.0,255.75101375579834,-11.812597513198853
1,3386,33.86,5558.215565979481,10000.0,9207.314848899841,7260.245680809021,558.2155659794807,0.0,-507.7493190765381,2252.2102668881416
1,3387,33.87,5715.281441807747,9370.88131904602,8399.799764156342,8049.256801605225,157.06587582826614,-629.1186809539795,-807.5150847434998,789.0111207962036
1,3388,33.88,5294.509548693895,8980.243802070618,7838.917672634125,8290.67051410675,-420.77189311385155,-390.63751697540283,-560.8820915222168,241.41371250152588
1,3389,33.89,5189.603138715029,9161.384403705597,7915.77011346817,8079.121708869934,-104.90640997886658,181.14060163497925,76.85244083404541,-211.5488052368164
1,3390,33.9,5140.469018369913,9117.144644260406,7935.913801193237,7840.179204940796,-49.13412034511566,-44.23975944519043,20.14368772506714,-238.94250392913818
1,3391,33.910000000000004,5011.170303914696,9360.880255699158,7736.758291721344,7738.232612609863,-129.29871445521712,243.73561143875122,-199.1555094718933,-101.94659233093262
1,3392,33.92,5000.0,9236.188530921936,7677.542865276337,8360.196352005005,-11.170303914695978,-124.69172477722168,-59.215426445007324,621.9637393951416
1,3393,33.93,5000.0,8694.768846035004,7898.942828178406,9863.611459732056,0.0,-541.4196848869324,221.3999629020691,1503.4151077270508
1,3394,33.94,5000.0,7716.085612773895,8609.218299388885,10000.0,0.0,-978.6832332611084,710.2754712104797,136.38854026794434
1,3395,33.95,5372.687093913555,7435.818612575531,9177.016019821167,10000.0,372.68709391355515,-280.26700019836426,567.7977204322815,0.0
1,3396,33.96,5667.5757467746735,7504.45693731308,9978.32864522934,10000.0,294.8886528611183,68.63832473754883,801.3126254081726,0.0
1,3397,33.97,5776.256322860718,8150.970339775085,10000.0,10000.0,108.68057608604431,646.5134024620056,21.6713547706604,0.0
1,3398,33.980000000000004,5839.473158121109,7965.309023857117,10000.0,10000.0,63.216835260391235,-185.66131591796875,0.0,0.0
1,3399,33.99,5988.830029964447,8284.885287284851,10000.0,10000.0,149.356871843338,319.5762634277344,0.0,0.0
1,3400,34.0,5996.645092964172,8892.426788806915,10000.0,10000.0,7.815062999725342,607.5415015220642,0.0,0.0
1,3401,34.01,5877.602323889732,9112.231135368347,9831.603467464447,8627.28238105774,-119.04276907444,219.80434656143188,-168.39653253555298,-1372.7176189422607
1,3402,34.02,5463.237650692463,9556.87940120697,9126.134812831879,7683.632075786591,-414.36467319726944,444.64826583862305,-705.4686546325684,-943.6503052711487
1,3403,34.03,5000.0,9772.91464805603,9145.650565624237,5546.563975512981,-463.2376506924629,216.03524684906006,19.5157527923584,-2137.068100273609
1,3404,34.04,5000.0,10000.0,8910.689651966095,5000.0,0.0,227.08535194396973,-234.9609136581421,-546.5639755129814
1,3405,34.05,5000.0,10000.0,8778.21832895279,5000.0,0.0,0.0,-132.47132301330566,0.0
1,3406,34.06,5000.0,10000.0,9123.413264751434,5000.0,0.0,0.0,345.194935798645,0.0
1,3407,34.07,5000.0,10000.0,9382.334649562836,5000.0,0.0,0.0,258.92138481140137,0.0
1,3408,34.08,5000.0,10000.0,9646.885395050049,5000.0,0.0,0.0,264.55074548721313,0.0
1,3409,34.09,5422.595329582691,10000.0,9300.135672092438,6768.505424261093,422.5953295826912,0.0,-346.7497229576111,1768.5054242610931
1,3410,34.1,5638.713240623474,9534.834623336792,8513.033092021942,7933.844029903412,216.11791104078293,-465.165376663208,-787.1025800704956,1165.3386056423187
1,3411,34.11,5332.1608528494835,9031.123518943787,7883.245646953583,8146.331906318665,-306.55238777399063,-503.71110439300537,-629.7874450683594,212.48787641525269
1,3412,34.12,5105.680245906115,9131.8678855896,8037.145137786865,8029.174208641052,-226.4806069433689,100.74436664581299,153.89949083328247,-117.1576976776123
1,3413,34.13,5000.0,8178.966343402863,8202.694952487946,7826.880514621735,-105.68024590611458,-952.9015421867371,165.54981470108032,-202.29369401931763
1,3414,34.14,5000.0,8209.717869758606,8024.023771286011,7654.816806316376,0.0,30.751526355743408,-178.67118120193481,-172.0637083053589
1,3415,34.15,5000.0,8046.7188358306885,7890.070974826813,8005.882501602173,0.0,-162.99903392791748,-133.952796459198,351.0656952857971
1,3416,34.160000000000004,5000.0,7314.136326313019,7919.827401638031,10000.0,0.0,-732.5825095176697,29.75642681121826,1994.1174983978271
1,3417,34.17,5000.0,7274.680733680725,8295.22579908371,10000.0,0.0,-39.4555926322937,375.3983974456787,0.0
1,3418,34.18,5000.0,6984.752714633942,8660.00384092331,10000.0,0.0,-289.92801904678345,364.7780418395996,0.0
1,3419,34.19,5383.284874260426,6928.117275238037,9427.259862422943,10000.0,383.28487426042557,-56.63543939590454,767.2560214996338,0.0
1,3420,34.2,5583.558268845081,6864.106059074402,9986.923336982727,10000.0,200.27339458465576,-64.01121616363525,559.6634745597839,0.0
1,3421,34.21,5647.305846214294,7021.619975566864,10000.0,10000.0,63.747577369213104,157.51391649246216,13.07666301727295,0.0
1,3422,34.22,5725.459158420563,7205.061316490173,10000.0,10000.0,78.15331220626831,183.44134092330933,0.0,0.0
1,3423,34.230000000000004,5902.0112454891205,8398.914337158203,9982.113540172577,10000.0,176.55208706855774,1193.8530206680298,-17.886459827423096,0.0
1,3424,34.24,5828.7690579891205,9029.490351676941,9930.720031261444,8900.322914123535,-73.2421875,630.5760145187378,-51.39350891113281,-1099.6770858764648
1,3425,34.25,5531.3098058104515,9537.538290023804,9351.548254489899,7970.293760299683,-297.459252178669,508.0479383468628,-579.1717767715454,-930.0291538238525
1,3426,34.26,5000.0,9910.258054733276,9306.706488132477,5805.746912956238,-531.3098058104515,372.71976470947266,-44.841766357421875,-2164.546847343445
1,3427,34.27,5000.0,10000.0,9104.64495420456,5000.0,0.0,89.74194526672363,-202.06153392791748,-805.7469129562378
1,3428,34.28,5000.0,10000.0,8919.495046138763,5000.0,0.0,0.0,-185.1499080657959,0.0
1,3429,34.29,5000.0,10000.0,8928.55703830719,5000.0,0.0,0.0,9.061992168426514,0.0
1,3430,34.300000000000004,5000.0,10000.0,9252.884089946747,5000.0,0.0,0.0,324.3270516395569,0.0
1,3431,34.31,5000.0,10000.0,9341.748654842377,5000.0,0.0,0.0,88.86456489562988,0.0
1,3432,34.32,5000.0,10000.0,9590.213596820831,5000.0,0.0,0.0,248.4649419784546,0.0
1,3433,34.33,5418.22824627161,10000.0,8765.521347522736,7108.437865972519,418.22824627161026,0.0,-824.6922492980957,2108.437865972519
1,3434,34.34,5451.441965997219,9167.571365833282,8082.670271396637,7846.563458442688,33.213719725608826,-832.4286341667175,-682.8510761260986,738.1255924701691
1,3435,34.35,5256.539154797792,9181.219935417175,7979.62874174118,7969.802021980286,-194.90281119942665,13.648569583892822,-103.04152965545654,123.23856353759766
1,3436,34.36,5000.0,8807.25622177124,8250.212371349335,7638.922333717346,-256.53915479779243,-373.96371364593506,270.5836296081543,-330.87968826293945
1,3437,34.37,5000.0,8028.078377246857,8184.25714969635,7524.5201587677,0.0,-779.1778445243835,-65.95522165298462,-114.402174949646
1,3438,34.38,5000.0,7848.439812660217,8057.800531387329,7606.405019760132,0.0,-179.6385645866394,-126.456618309021,81.88486099243164
1,3439,34.39,5000.0,7204.347550868988,8023.5496163368225,8823.252618312836,0.0,-644.0922617912292,-34.25091505050659,1216.8475985527039
1,3440,34.4,5000.0,7072.4621415138245,8057.487905025482,10000.0,0.0,-131.88540935516357,33.93828868865967,1176.7473816871643
1,3441,34.410000000000004,5000.0,7031.147181987762,8431.478142738342,10000.0,0.0,-41.31495952606201,373.9902377128601,0.0
1,3442,34.42,5000.0,6878.227889537811,8719.814717769623,10000.0,0.0,-152.91929244995117,288.3365750312805,0.0
1,3443,34.43,5290.45918956399,6774.032413959503,9501.200020313263,10000.0,290.45918956398964,-104.1954755783081,781.3853025436401,0.0
1,3444,34.44,5467.5183072686195,6699.75221157074,9911.82953119278,10000.0,177.0591177046299,-74.28020238876343,410.6295108795166,0.0
1,3445,34.45,5530.420579016209,6708.682179450989,10000.0,10000.0,62.90227174758911,8.929967880249023,88.17046880722046,0.0
1,3446,34.46,5678.745210170746,6913.690567016602,10000.0,10000.0,148.3246311545372,205.0083875656128,0.0,0.0
1,3447,34.47,5843.669474124908,8448.406755924225,9859.882891178131,10000.0,164.9242639541626,1534.7161889076233,-140.1171088218689,0.0
1,3448,34.480000000000004,5623.546205461025,9185.285568237305,9530.46202659607,8520.126640796661,-220.1232686638832,736.8788123130798,-329.42086458206177,-1479.8733592033386
1,3449,34.49,5417.487435042858,9811.851382255554,9167.644679546356,7074.640095233917,-206.05877041816711,626.5658140182495,-362.81734704971313,-1445.4865455627441
1,3450,34.5,5000.0,9983.405470848083,9359.627664089203,5270.622260868549,-417.4874350428581,171.5540885925293,191.98298454284668,-1804.017834365368
1,3451,34.51,5000.0,10000.0,9041.607975959778,5000.0,0.0,16.594529151916504,-318.01968812942505,-270.62226086854935
1,3452,34.52,5000.0,10000.0,9005.390107631683,5000.0,0.0,0.0,-36.21786832809448,0.0
1,3453,34.53,5000.0,10000.0,9038.397073745728,5000.0,0.0,0.0,33.00696611404419,0.0
1,3454,34.54,5000.0,10000.0,9267.677366733551,5000.0,0.0,0.0,229.2802929878235,0.0
1,3455,34.550000000000004,5000.0,10000.0,9367.207288742065,5000.0,0.0,0.0,99.5299220085144,0.0
1,3456,34.56,5061.038676649332,10000.0,9293.783605098724,5323.831252753735,61.03867664933205,0.0,-73.42368364334106,323.8312527537346
1,3457,34.57,5394.79922503233,9948.54211807251,8477.780520915985,7299.59100484848,333.7605483829975,-51.457881927490234,-816.0030841827393,1975.7597520947456
1,3458,34.58,5414.477176964283,9124.823808670044,8098.242282867432,7692.944407463074,19.67795193195343,-823.7183094024658,-379.53823804855347,393.3534026145935
1,3459,34.59,5061.847809702158,9327.878057956696,8174.99041557312,7697.741389274597,-352.629367262125,203.0542492866516,76.74813270568848,4.7969818115234375
1,3460,34.6,5000.0,8399.075865745544,8280.14612197876,7327.726483345032,-61.847809702157974,-928.8021922111511,105.15570640563965,-370.01490592956543
1,3461,34.61,5000.0,7825.4300355911255,8216.10301733017,7300.625294446945,0.0,-573.645830154419,-64.04310464859009,-27.101188898086548
1,3462,34.62,5000.0,7639.3923163414,8180.516362190247,7554.6276569366455,0.0,-186.03771924972534,-35.586655139923096,254.00236248970032
1,3463,34.63,5000.0,7084.226310253143,8117.688298225403,8985.266387462616,0.0,-555.1660060882568,-62.82806396484375,1430.6387305259705
1,3464,34.64,5000.0,6942.048966884613,8165.171444416046,10000.0,0.0,-142.17734336853027,47.48314619064331,1014.733612537384
1,3465,34.65,5000.0,6887.673139572144,8467.166125774384,10000.0,0.0,-54.37582731246948,301.9946813583374,0.0
1,3466,34.660000000000004,5000.0,6861.18870973587,8810.623288154602,10000.0,0.0,-26.484429836273193,343.4571623802185,0.0
1,3467,34.67,5217.303279787302,6696.1148381233215,9470.632374286652,10000.0,217.30327978730202,-165.07387161254883,660.0090861320496,0.0
1,3468,34.68,5373.423509299755,6623.881161212921,9870.124161243439,10000.0,156.12022951245308,-72.23367691040039,399.4917869567871,0.0
1,3469,34.69,5475.482381880283,6625.380516052246,9960.416555404663,10000.0,102.05887258052826,1.4993548393249512,90.29239416122437,0.0
1,3470,34.7,5632.749050855637,6789.424121379852,9908.734858036041,10000.0,157.26666897535324,164.0436053276062,-51.681697368621826,0.0
1,3471,34.71,5783.7894558906555,8487.854599952698,9705.335199832916,9385.581314563751,151.04040503501892,1698.4304785728455,-203.399658203125,-614.4186854362488
1,3472,34.72,5472.2267761826515,9365.012347698212,9298.407137393951,8351.221680641174,-311.562679708004,877.1577477455139,-406.92806243896484,-1034.359633922577
1,3473,34.730000000000004,5389.505065977573,9949.912428855896,9283.744096755981,6434.818357229233,-82.72171020507812,584.9000811576843,-14.66304063796997,-1916.4033234119415
1,3474,34.74,5000.0,10000.0,9330.544769763947,5000.0,-389.5050659775734,50.087571144104004,46.80067300796509,-1434.8183572292328
1,3475,34.75,5000.0,10000.0,9025.98351240158,5000.0,0.0,0.0,-304.5612573623657,0.0
1,3476,34.76,5000.0,10000.0,9099.140465259552,5000.0,0.0,0.0,73.15695285797119,0.0
1,3477,34.77,5000.0,10000.0,8946.990668773651,5231.053940951824,0.0,0.0,-152.14979648590088,231.0539409518242
1,3478,34.78,5000.0,10000.0,9330.250918865204,5243.847779929638,0.0,0.0,383.26025009155273,12.79383897781372
1,3479,34.79,5000.0,10000.0,9245.37867307663,5609.109289944172,0.0,0.0,-84.87224578857422,365.261510014534
1,3480,34.800000000000004,5018.801710102707,10000.0,8555.757999420166,6256.823539733887,18.801710102707148,0.0,-689.6206736564636,647.7142497897148
1,3481,34.81,5410.914905369282,9279.611110687256,8086.666762828827,7968.2886600494385,392.1131952665746,-720.3888893127441,-469.0912365913391,1711.4651203155518
1,3482,34.82,5000.0,8898.809552192688,8100.99184513092,9411.364793777466,-410.91490536928177,-380.80155849456787,14.325082302093506,1443.0761337280273
1,3483,34.83,5000.0,5424.847528338432,9011.376202106476,10000.0,0.0,-3473.9620238542557,910.3843569755554,588.6352062225342
1,3484,34.84,5000.0,5000.0,9242.91044473648,9891.993999481201,0.0,-424.8475283384323,231.53424263000488,-108.00600051879883
1,3485,34.85,5000.0,5000.0,9122.027456760406,9909.345209598541,0.0,0.0,-120.88298797607422,17.351210117340088
1,3486,34.86,5000.0,5000.0,9022.806584835052,9928.194284439087,0.0,0.0,-99.220871925354,18.849074840545654
1,3487,34.87,5000.0,5000.0,8831.362128257751,10000.0,0.0,0.0,-191.44445657730103,71.80571556091309
1,3488,34.88,5000.0,5000.0,8855.438530445099,10000.0,0.0,0.0,24.076402187347412,0.0
1,3489,34.89,5000.0,5000.0,8737.191557884216,10000.0,0.0,0.0,-118.24697256088257,0.0
1,3490,34.9,5000.0,5000.0,8850.767612457275,10000.0,0.0,0.0,113.57605457305908,0.0
1,3491,34.910000000000004,5000.0,5000.0,9541.957974433899,10000.0,0.0,0.0,691.1903619766235,0.0
1,3492,34.92,5000.0,5000.0,10000.0,10000.0,0.0,0.0,458.0420255661011,0.0
1,3493,34.93,5000.0,5000.0,10000.0,10000.0,0.0,0.0,0.0,0.0
1,3494,34.94,5220.256466418505,7583.872079849243,9824.67770576477,9583.560824394226,220.25646641850471,2583.872079849243,-175.3222942352295,-416.4391756057739
1,3495,34.95,5164.363104850054,9511.108100414276,9552.554786205292,8227.26160287857,-55.89336156845093,1927.236020565033,-272.12291955947876,-1356.2992215156555
1,3496,34.96,5000.0,9835.195541381836,9534.915387630463,6044.002175331116,-164.3631048500538,324.0874409675598,-17.6393985748291,-2183.259427547455
1,3497,34.97,5000.0,9832.314550876617,9560.640156269073,5000.0,0.0,-2.880990505218506,25.72476863861084,-1044.0021753311157
1,3498,34.980000000000004,5000.0,10000.0,9331.356585025787,5000.0,0.0,167.68544912338257,-229.28357124328613,0.0
1,3499,34.99,5000.0,10000.0,9507.899284362793,5000.0,0.0,0.0,176.54269933700562,0.0
1,3500,35.0,5000.0,10000.0,9789.431989192963,5113.384090363979,0.0,0.0,281.5327048301697,113.38409036397934
1,3501,35.01,5000.0,10000.0,9536.689221858978,5058.365054428577,0.0,0.0,-252.74276733398438,-55.01903593540192
1,3502,35.02,5000.0,10000.0,9183.010756969452,5093.915201723576,0.0,0.0,-353.67846488952637,35.55014729499817
1,3503,35.03,5000.0,10000.0,8738.655745983124,6077.3177444934845,0.0,0.0,-444.3550109863281,983.4025427699089
1,3504,35.04,5471.9507321715355,9126.902222633362,8249.10432100296,7769.04821395874,471.9507321715355,-873.0977773666382,-489.5514249801636,1691.7304694652557
1,3505,35.050000000000004,5000.0,8662.188351154327,8325.987160205841,8876.381814479828,-471.9507321715355,-464.7138714790344,76.88283920288086,1107.3336005210876
1,3506,35.06,5000.0,5000.0,9031.027555465698,8939.668536186218,0.0,-3662.1883511543274,705.0403952598572,63.28672170639038
1,3507,35.07,5000.0,5000.0,9147.064983844757,9188.457429409027,0.0,0.0,116.03742837905884,248.78889322280884
1,3508,35.08,5000.0,5000.0,9144.064486026764,9239.312708377838,0.0,0.0,-3.000497817993164,50.855278968811035
1,3509,35.09,5000.0,5000.0,8968.720138072968,10000.0,0.0,0.0,-175.3443479537964,760.6872916221619
1,3510,35.1,5000.0,5000.0,8998.039066791534,10000.0,0.0,0.0,29.318928718566895,0.0
1,3511,35.11,5000.0,5000.0,8946.149051189423,10000.0,0.0,0.0,-51.890015602111816,0.0
1,3512,35.12,5000.0,5000.0,8977.660536766052,10000.0,0.0,0.0,31.51148557662964,0.0
1,3513,35.13,5000.0,5000.0,9671.602249145508,10000.0,0.0,0.0,693.9417123794556,0.0
1,3514,35.14,5000.0,5000.0,10000.0,10000.0,0.0,0.0,328.3977508544922,0.0
1,3515,35.15,5000.0,5561.026409268379,10000.0,10000.0,0.0,561.0264092683792,0.0,0.0
1,3516,35.160000000000004,5158.234406262636,8948.38035106659,9680.141508579254,8338.109254837036,158.23440626263618,3387.35394179821,-319.85849142074585,-1661.8907451629639
1,3517,35.17,5000.0,9732.70207643509,9394.510686397552,7414.68220949173,-158.23440626263618,784.3217253684998,-285.63082218170166,-923.4270453453064
1,3518,35.18,5000.0,10000.0,9644.411504268646,5060.395859181881,0.0,267.2979235649109,249.90081787109375,-2354.286350309849
1,3519,35.19,5000.0,9845.395386219025,9509.024918079376,5000.0,0.0,-154.60461378097534,-135.38658618927002,-60.39585918188095
1,3520,35.2,5000.0,10000.0,9480.962753295898,5000.0,0.0,154.60461378097534,-28.062164783477783,0.0
1,3521,35.21,5000.0,10000.0,9828.4250497818,5000.0,0.0,0.0,347.4622964859009,0.0
1,3522,35.22,5000.0,10000.0,9780.956208705902,5000.0,0.0,0.0,-47.46884107589722,0.0
1,3523,35.230000000000004,5000.0,10000.0,9379.36246395111,5000.0,0.0,0.0,-401.59374475479126,0.0
1,3524,35.24,5000.0,10000.0,9035.841524600983,5062.9897788167,0.0,0.0,-343.5209393501282,62.98977881669998
1,3525,35.25,5194.6536637842655,9811.196625232697,8832.907378673553,6716.044098138809,194.65366378426552,-188.80337476730347,-202.9341459274292,1653.0543193221092
1,3526,35.26,5231.22975602746,8943.395018577576,8450.99002122879,7817.264795303345,36.57609224319458,-867.8016066551208,-381.9173574447632,1101.2206971645355
1,3527,35.27,5000.0,7222.863435745239,8682.00570344925,8373.63064289093,-231.2297560274601,-1720.5315828323364,231.01568222045898,556.3658475875854
1,3528,35.28,5000.0,5000.0,8967.418372631073,8240.05275964737,0.0,-2222.8634357452393,285.41266918182373,-133.5778832435608
1,3529,35.29,5000.0,5000.0,9036.620557308197,8455.89131116867,0.0,0.0,69.20218467712402,215.83855152130127
1,3530,35.300000000000004,5000.0,5000.0,8865.284025669098,9587.146639823914,0.0,0.0,-171.33653163909912,1131.255328655243
1,3531,35.31,5000.0,5000.0,9037.73695230484,10000.0,0.0,0.0,172.4529266357422,412.8533601760864
1,3532,35.32,5000.0,5000.0,9191.287457942963,10000.0,0.0,0.0,153.55050563812256,0.0
1,3533,35.33,5000.0,5000.0,9154.29800748825,10000.0,0.0,0.0,-36.989450454711914,0.0
1,3534,35.34,5000.0,5000.0,9847.365319728851,10000.0,0.0,0.0,693.0673122406006,0.0
1,3535,35.35,5000.0,5000.0,10000.0,10000.0,0.0,0.0,152.63468027114868,0.0
1,3536,35.36,5000.0,5765.303894877434,9902.350306510925,9853.385090827942,0.0,765.3038948774338,-97.6496934890747,-146.6149091720581
1,3537,35.37,5057.767499238253,9393.518567085266,9282.143414020538,8210.494220256805,57.76749923825264,3628.2146722078323,-620.206892490387,-1642.8908705711365
1,3538,35.38,5066.194552928209,9900.184869766235,9346.955716609955,5811.043083667755,8.427053689956665,506.66630268096924,64.8123025894165,-2399.4511365890503
1,3539,35.39,5000.0,9717.930555343628,9357.41811990738,5000.0,-66.1945529282093,-182.25431442260742,10.462403297424316,-811.0430836677551
1,3540,35.4,5000.0,9949.07259941101,9305.266439914703,5000.0,0.0,231.1420440673828,-52.15167999267578,0.0
1,3541,35.410000000000004,5000.0,10000.0,9429.738819599152,5000.0,0.0,50.92740058898926,124.47237968444824,0.0
1,3542,35.42,5000.0,10000.0,9713.684618473053,5000.0,0.0,0.0,283.94579887390137,0.0
1,3543,35.43,5000.0,10000.0,9373.257756233215,5000.0,0.0,0.0,-340.42686223983765,0.0
1,3544,35.44,5000.0,10000.0,9074.076116085052,5000.0,0.0,0.0,-299.18164014816284,0.0
1,3545,35.45,5000.0,10000.0,9177.931249141693,5702.192485332489,0.0,0.0,103.85513305664062,702.192485332489
1,3546,35.46,5267.269480973482,9135.847687721252,8570.221364498138,7574.582993984222,267.26948097348213,-864.1523122787476,-607.7098846435547,1872.3905086517334
1,3547,35.47,5022.462031338364,8740.094006061554,8586.755990982056,7971.211075782776,-244.80744963511825,-395.7536816596985,16.534626483917236,396.62808179855347
1,3548,35.480000000000004,5000.0,5736.665576696396,8802.755773067474,8321.130275726318,-22.462031338363886,-3003.428429365158,215.9997820854187,349.9191999435425
1,3549,35.49,5000.0,5000.0,9040.243327617645,8300.345540046692,0.0,-736.6655766963959,237.4875545501709,-20.784735679626465
1,3550,35.5,5000.0,5000.0,8914.11155462265,8884.630799293518,0.0,0.0,-126.13177299499512,584.2852592468262
1,3551,35.51,5000.0,5000.0,9122.752249240875,10000.0,0.0,0.0,208.6406946182251,1115.369200706482
1,3552,35.52,5000.0,5000.0,9364.736080169678,10000.0,0.0,0.0,241.9838309288025,0.0
1,3553,35.53,5000.0,5000.0,9386.38061285019,10000.0,0.0,0.0,21.644532680511475,0.0
1,3554,35.54,5000.0,5000.0,9841.706454753876,10000.0,0.0,0.0,455.3258419036865,0.0
1,3555,35.550000000000004,5000.0,5000.0,10000.0,10000.0,0.0,0.0,158.29354524612427,0.0
1,3556,35.56,5191.478226333857,5712.014362215996,9466.941058635712,9323.558807373047,191.47822633385658,712.0143622159958,-533.0589413642883,-676.4411926269531
1,3557,35.57,5171.865541487932,9529.742002487183,9103.903472423553,7130.8839321136475,-19.612684845924377,3817.727640271187,-363.0375862121582,-2192.6748752593994
1,3558,35.58,5000.0,9951.66301727295,9474.492371082306,5000.0,-171.8655414879322,421.9210147857666,370.58889865875244,-2130.8839321136475
1,3559,35.59,5000.0,9917.559027671814,9320.463240146637,5000.0,0.0,-34.103989601135254,-154.02913093566895,0.0
1,3560,35.6,5000.0,10000.0,9389.427602291107,5000.0,0.0,82.44097232818604,68.96436214447021,0.0
1,3561,35.61,5000.0,10000.0,9457.857310771942,5000.0,0.0,0.0,68.42970848083496,0.0
1,3562,35.62,5000.0,10000.0,9386.338591575623,5000.0,0.0,0.0,-71.51871919631958,0.0
1,3563,35.63,5000.0,10000.0,8852.220475673676,5000.0,0.0,0.0,-534.118115901947,0.0
1,3564,35.64,5000.0,10000.0,9194.450676441193,5334.971584379673,0.0,0.0,342.2302007675171,334.971584379673
1,3565,35.65,5187.177751213312,9273.887872695923,8574.650585651398,7474.29832816124,187.17775121331215,-726.1121273040771,-619.8000907897949,2139.3267437815666
1,3566,35.660000000000004,5000.0,8910.014033317566,8611.682057380676,8071.821331977844,-187.17775121331215,-363.87383937835693,37.031471729278564,597.5230038166046
1,3567,35.67,5000.0,5000.0,8974.778354167938,8239.221274852753,0.0,-3910.014033317566,363.09629678726196,167.39994287490845
1,3568,35.68,5000.0,5000.0,9264.233410358429,8110.503852367401,0.0,0.0,289.4550561904907,-128.71742248535156
1,3569,35.69,5000.0,5000.0,9157.425463199615,8721.586465835571,0.0,0.0,-106.80794715881348,611.0826134681702
1,3570,35.7,5000.0,5000.0,9237.333834171295,10000.0,0.0,0.0,79.90837097167969,1278.4135341644287
1,3571,35.71,5000.0,5000.0,9473.211467266083,10000.0,0.0,0.0,235.8776330947876,0.0
1,3572,35.72,5000.0,5000.0,9622.079133987427,10000.0,0.0,0.0,148.867666721344,0.0
1,3573,35.730000000000004,5000.0,5000.0,9857.992231845856,10000.0,0.0,0.0,235.91309785842896,0.0
1,3574,35.74,5000.0,5000.0,10000.0,9902.859628200531,0.0,0.0,142.0077681541443,-97.140371799469
1,3575,35.75,5273.928064852953,5690.670385956764,9150.100946426392,9155.39562702179,273.92806485295296,690.6703859567642,-849.8990535736084,-747.4640011787415
1,3576,35.76,5140.00641182065,9659.045338630676,9284.239113330841,5666.70298576355,-133.92165303230286,3968.374952673912,134.13816690444946,-3488.6926412582397
1,3577,35.77,5000.0,9791.0737991333,9539.934694766998,5000.0,-140.0064118206501,132.0284605026245,255.69558143615723,-666.7029857635498
1,3578,35.78,5000.0,9987.497925758362,9366.238117218018,5000.0,0.0,196.42412662506104,-173.6965775489807,0.0
1,3579,35.79,5000.0,10000.0,9387.940764427185,5000.0,0.0,12.502074241638184,21.70264720916748,0.0
1,3580,35.800000000000004,5000.0,10000.0,9418.958127498627,5000.0,0.0,0.0,31.01736307144165,0.0
1,3581,35.81,5000.0,10000.0,9013.381004333496,5000.0,0.0,0.0,-405.5771231651306,0.0
1,3582,35.82,5000.0,10000.0,9055.220782756805,5000.0,0.0,0.0,41.839778423309326,0.0
1,3583,35.83,5000.0,9695.069193840027,8719.612658023834,6713.144034147263,0.0,-304.93080615997314,-335.6081247329712,1713.1440341472626
1,3584,35.84,5000.0,9098.095297813416,8670.071959495544,8125.99390745163,0.0,-596.9738960266113,-49.540698528289795,1412.849873304367
1,3585,35.85,5000.0,5177.9090613126755,9076.753556728363,8240.995407104492,0.0,-3920.18623650074,406.6815972328186,115.00149965286255
1,3586,35.86,5000.0,5000.0,9367.601573467255,8054.99255657196,0.0,-177.90906131267548,290.8480167388916,-186.00285053253174
1,3587,35.87,5000.0,5000.0,9549.35073852539,8401.864171028137,0.0,0.0,181.749165058136,346.87161445617676
1,3588,35.88,5000.0,5000.0,9372.676312923431,10000.0,0.0,0.0,-176.67442560195923,1598.1358289718628
1,3589,35.89,5000.0,5000.0,9350.84581375122,10000.0,0.0,0.0,-21.830499172210693,0.0
1,3590,35.9,5000.0,5000.0,9696.96044921875,10000.0,0.0,0.0,346.1146354675293,0.0
1,3591,35.910000000000004,5000.0,5000.0,9829.524755477905,10000.0,0.0,0.0,132.56430625915527,0.0
1,3592,35.92,5000.0,5000.0,10000.0,10000.0,0.0,0.0,170.47524452209473,0.0
1,3593,35.93,5141.583625227213,5000.0,9498.432874679565,9274.289608001709,141.5836252272129,0.0,-501.56712532043457,-725.710391998291
1,3594,35.94,5153.58978882432,9572.929739952087,9103.89095544815,6102.713495492935,12.006163597106934,4572.929739952087,-394.5419192314148,-3171.576112508774
1,3595,35.95,5000.0,9944.224059581757,9578.098058700562,5000.0,-153.58978882431984,371.2943196296692,474.2071032524109,-1102.7134954929352
1,3596,35.96,5000.0,10000.0,9340.58666229248,5000.0,0.0,55.77594041824341,-237.51139640808105,0.0
1,3597,35.97,5000.0,10000.0,9409.942030906677,5000.0,0.0,0.0,69.35536861419678,0.0
1,3598,35.980000000000004,5000.0,10000.0,9371.90055847168,5000.0,0.0,0.0,-38.04147243499756,0.0
1,3599,35.99,5000.0,10000.0,9026.996195316315,5000.0,0.0,0.0,-344.904363155365,0.0
1,3600,36.0,5000.0,10000.0,8945.20252943039,5000.0,0.0,0.0,-81.7936658859253,0.0
1,3601,36.01,5000.0,9854.566752910614,8873.713910579681,6180.312633514404,0.0,-145.433247089386,-71.48861885070801,1180.3126335144043
1,3602,36.02,5000.0,9013.32825422287,8651.785552501678,8282.118439674377,0.0,-841.2384986877441,-221.92835807800293,2101.805806159973
1,3603,36.03,5000.0,5000.0,9279.138147830963,8077.519536018372,0.0,-4013.32825422287,627.3525953292847,-204.59890365600586
1,3604,36.04,5000.0,5000.0,9548.68108034134,8038.346469402313,0.0,0.0,269.542932510376,-39.17306661605835
1,3605,36.050000000000004,5000.0,5000.0,9723.939001560211,8649.764060974121,0.0,0.0,175.25792121887207,611.4175915718079
1,3606,36.06,5000.0,5000.0,9669.162034988403,10000.0,0.0,0.0,-54.77696657180786,1350.235939025879
1,3607,36.07,5000.0,5000.0,9558.647572994232,10000.0,0.0,0.0,-110.51446199417114,0.0
1,3608,36.08,5000.0,5000.0,9749.617874622345,10000.0,0.0,0.0,190.9703016281128,0.0
1,3609,36.09,5000.0,5000.0,9862.300455570221,10000.0,0.0,0.0,112.68258094787598,0.0
1,3610,36.1,5000.0,5000.0,10000.0,10000.0,0.0,0.0,137.69954442977905,0.0
1,3611,36.11,5135.448444634676,5000.0,9501.267969608307,9331.563115119934,135.44844463467598,0.0,-498.7320303916931,-668.4368848800659
1,3612,36.12,5045.33039405942,9659.75046157837,9171.988666057587,5307.796783745289,-90.11805057525635,4659.750461578369,-329.2793035507202,-4023.7663313746452
1,3613,36.13,5000.0,9909.610152244568,9651.501476764679,5062.572471797466,-45.33039405941963,249.85969066619873,479.5128107070923,-245.22431194782257
1,3614,36.14,5000.0,10000.0,9339.215457439423,5000.0,0.0,90.38984775543213,-312.28601932525635,-62.57247179746628
1,3615,36.15,5000.0,10000.0,9433.293640613556,5000.0,0.0,0.0,94.0781831741333,0.0
1,3616,36.160000000000004,5000.0,10000.0,9318.500757217407,5000.0,0.0,0.0,-114.79288339614868,0.0
1,3617,36.17,5000.0,10000.0,8869.962394237518,5000.0,0.0,0.0,-448.5383629798889,0.0
1,3618,36.18,5000.0,10000.0,8999.710381031036,5000.0,0.0,0.0,129.74798679351807,0.0
1,3619,36.19,5000.0,9598.326086997986,8850.419223308563,6134.274899959564,0.0,-401.67391300201416,-149.29115772247314,1134.2748999595642
1,3620,36.2,5000.0,8294.040560722351,8804.575204849243,8551.886081695557,0.0,-1304.2855262756348,-45.84401845932007,2417.6111817359924
1,3621,36.21,5000.0,5000.0,9435.853958129883,7910.686731338501,0.0,-3294.040560722351,631.2787532806396,-641.1993503570557
1,3622,36.22,5000.0,5000.0,9690.293371677399,8006.801009178162,0.0,0.0,254.43941354751587,96.11427783966064
1,3623,36.230000000000004,5000.0,5000.0,9833.791255950928,9049.196541309357,0.0,0.0,143.49788427352905,1042.395532131195
1,3624,36.24,5000.0,5000.0,9880.762100219727,10000.0,0.0,0.0,46.97084426879883,950.8034586906433
1,3625,36.25,5000.0,5000.0,9698.916971683502,10000.0,0.0,0.0,-181.84512853622437,0.0
1,3626,36.26,5000.0,5000.0,9800.131618976593,10000.0,0.0,0.0,101.21464729309082,0.0
1,3627,36.27,5000.0,5000.0,9951.606094837189,10000.0,0.0,0.0,151.4744758605957,0.0
1,3628,36.28,5000.0,5000.0,10000.0,10000.0,0.0,0.0,48.39390516281128,0.0
1,3629,36.29,5097.357649356127,5000.0,9391.745328903198,9191.656708717346,97.35764935612679,0.0,-608.2546710968018,-808.3432912826538
1,3630,36.300000000000004,5000.0,9415.591657161713,9278.734922409058,5092.086233198643,-97.35764935612679,4415.591657161713,-113.01040649414062,-4099.5704755187035
1,3631,36.31,5000.0,9663.133919239044,9670.251309871674,5035.617761313915,0.0,247.54226207733154,391.51638746261597,-56.46847188472748
1,3632,36.32,5000.0,10000.0,9348.514378070831,5000.0,0.0,336.8660807609558,-321.7369318008423,-35.61776131391525
1,3633,36.33,5000.0,10000.0,9411.226212978363,5000.0,0.0,0.0,62.71183490753174,0.0
1,3634,36.34,5000.0,10000.0,9178.417921066284,5000.0,0.0,0.0,-232.80829191207886,0.0
1,3635,36.35,5000.0,10000.0,8550.606667995453,5000.0,0.0,0.0,-627.8112530708313,0.0
1,3636,36.36,5000.0,10000.0,9120.58174610138,5000.0,0.0,0.0,569.9750781059265,0.0
1,3637,36.37,5000.0,9135.347604751587,8782.592415809631,6826.062649488449,0.0,-864.6523952484131,-337.98933029174805,1826.062649488449
1,3638,36.38,5000.0,6893.513202667236,9151.611328125,8468.572497367859,0.0,-2241.8344020843506,369.01891231536865,1642.5098478794098
1,3639,36.39,5000.0,5000.0,9491.592943668365,7795.813083648682,0.0,-1893.5132026672363,339.9816155433655,-672.7594137191772
1,3640,36.4,5000.0,5000.0,9733.441174030304,7770.802080631256,0.0,0.0,241.84823036193848,-25.011003017425537
1,3641,36.410000000000004,5000.0,5000.0,9808.329641819,9081.207513809204,0.0,0.0,74.88846778869629,1310.405433177948
1,3642,36.42,5000.0,5000.0,9863.553941249847,10000.0,0.0,0.0,55.22429943084717,918.7924861907959
1,3643,36.43,5000.0,5000.0,9761.053621768951,9818.676710128784,0.0,0.0,-102.500319480896,-181.32328987121582
1,3644,36.44,5000.0,5000.0,9879.217147827148,9834.04517173767,0.0,0.0,118.16352605819702,15.368461608886719
1,3645,36.45,5000.0,5000.0,10000.0,10000.0,0.0,0.0,120.78285217285156,165.9548282623291
1,3646,36.46,5000.0,5000.0,9988.512098789215,10000.0,0.0,0.0,-11.487901210784912,0.0
1,3647,36.47,5193.28722730279,7036.544382572174,9094.85012292862,8492.41554737091,193.2872273027897,2036.544382572174,-893.6619758605957,-1507.5844526290894
1,3648,36.480000000000004,5000.0,9507.987797260284,9566.051661968231,5100.245960056782,-193.2872273027897,2471.4434146881104,471.2015390396118,-3392.169587314129
1,3649,36.49,5000.0,9861.705303192139,9488.425254821777,5000.0,0.0,353.71750593185425,-77.62640714645386,-100.24596005678177
1,3650,36.5,5000.0,10000.0,9429.669082164764,5000.0,0.0,138.29469680786133,-58.75617265701294,0.0
1,3651,36.51,5000.0,10000.0,9247.575104236603,5000.0,0.0,0.0,-182.09397792816162,0.0
1,3652,36.52,5000.0,10000.0,8901.489675045013,5000.0,0.0,0.0,-346.08542919158936,0.0
1,3653,36.53,5000.0,10000.0,8552.272617816925,5000.0,0.0,0.0,-349.2170572280884,0.0
1,3654,36.54,5000.0,9723.856151103973,9147.52334356308,5000.0,0.0,-276.1438488960266,595.2507257461548,0.0
1,3655,36.550000000000004,5000.0,7784.020900726318,9107.484221458435,7868.488430976868,0.0,-1939.835250377655,-40.039122104644775,2868.4884309768677
1,3656,36.56,5000.0,5000.0,9483.584463596344,7899.9364376068115,0.0,-2784.0209007263184,376.10024213790894,31.448006629943848
1,3657,36.57,5000.0,5000.0,9594.576060771942,7686.213552951813,0.0,0.0,110.99159717559814,-213.72288465499878
1,3658,36.58,5000.0,5000.0,9795.068204402924,7932.385206222534,0.0,0.0,200.49214363098145,246.17165327072144
1,3659,36.59,5000.0,5000.0,9860.779941082,9917.168021202087,0.0,0.0,65.71173667907715,1984.7828149795532
1,3660,36.6,5000.0,5000.0,9917.49793291092,10000.0,0.0,0.0,56.71799182891846,82.8319787979126
1,3661,36.61,5000.0,5000.0,9841.76903963089,9682.604372501373,0.0,0.0,-75.7288932800293,-317.3956274986267
1,3662,36.62,5000.0,5000.0,9960.346817970276,9953.993558883667,0.0,0.0,118.57777833938599,271.3891863822937
1,3663,36.63,5000.0,5000.0,10000.0,10000.0,0.0,0.0,39.65318202972412,46.00644111633301
1,3664,36.64,5000.0,5000.0,9819.67806816101,10000.0,0.0,0.0,-180.32193183898926,0.0
1,3665,36.65,5000.0,8565.320372581482,9396.125972270966,5117.343552410603,0.0,3565.320372581482,-423.55209589004517,-4882.656447589397
1,3666,36.660000000000004,5000.0,9505.463242530823,9719.91240978241,5149.13160353899,0.0,940.1428699493408,323.7864375114441,31.78805112838745
1,3667,36.67,5000.0,10000.0,9493.522047996521,5000.0,0.0,494.53675746917725,-226.39036178588867,-149.13160353899002
1,3668,36.68,5000.0,10000.0,9424.416720867157,5000.0,0.0,0.0,-69.10532712936401,0.0
1,3669,36.69,5000.0,10000.0,9155.952632427216,5000.0,0.0,0.0,-268.4640884399414,0.0
1,3670,36.7,5000.0,10000.0,8310.360610485077,5000.0,0.0,0.0,-845.5920219421387,0.0
1,3671,36.71,5000.0,10000.0,8993.611633777618,5000.0,0.0,0.0,683.2510232925415,0.0
1,3672,36.72,5000.0,8724.117875099182,9204.955399036407,6274.772733449936,0.0,-1275.8821249008179,211.34376525878906,1274.772733449936
1,3673,36.730000000000004,5000.0,5537.676960229874,9384.264945983887,7940.408289432526,0.0,-3186.4409148693085,179.30954694747925,1665.6355559825897
1,3674,36.74,5000.0,5000.0,9531.504213809967,7624.2998242378235,0.0,-537.6769602298737,147.23926782608032,-316.10846519470215
1,3675,36.75,5000.0,5000.0,9664.450883865356,7525.759935379028,0.0,0.0,132.9466700553894,-98.53988885879517
1,3676,36.76,5000.0,5000.0,9778.492152690887,8364.37702178955,0.0,0.0,114.041268825531,838.6170864105225
1,3677,36.77,5000.0,5000.0,9998.734295368195,10000.0,0.0,0.0,220.24214267730713,1635.6229782104492
1,3678,36.78,5000.0,5000.0,9907.97072649002,9851.20713710785,0.0,0.0,-90.76356887817383,-148.79286289215088
1,3679,36.79,5000.0,5000.0,9914.89201784134,9834.21117067337,0.0,0.0,6.921291351318359,-16.99596643447876
1,3680,36.800000000000004,5000.0,5000.0,9951.293170452118,10000.0,0.0,0.0,36.40115261077881,165.78882932662964
1,3681,36.81,5000.0,5000.0,9697.97283411026,10000.0,0.0,0.0,-253.3203363418579,0.0
1,3682,36.82,5000.0,7473.944127559662,9297.978579998016,6941.227912902832,0.0,2473.944127559662,-399.99425411224365,-3058.772087097168
1,3683,36.83,5000.0,9341.371059417725,9548.60657453537,5083.694718778133,0.0,1867.4269318580627,250.62799453735352,-1857.5331941246986
1,3684,36.84,5000.0,10000.0,9621.52749300003,5000.0,0.0,658.6289405822754,72.92091846466064,-83.69471877813339
1,3685,36.85,5000.0,10000.0,9611.250162124634,5000.0,0.0,0.0,-10.277330875396729,0.0
1,3686,36.86,5000.0,10000.0,9264.02062177658,5000.446178019047,0.0,0.0,-347.229540348053,0.44617801904678345
1,3687,36.87,5000.0,10000.0,8532.272577285767,5000.0,0.0,0.0,-731.7480444908142,-0.44617801904678345
1,3688,36.88,5000.0,10000.0,8843.615353107452,5000.0,0.0,0.0,311.3427758216858,0.0
1,3689,36.89,5000.0,8802.769780158997,9372.973144054413,5000.0,0.0,-1197.2302198410034,529.3577909469604,0.0
1,3690,36.9,5000.0,7372.775375843048,9194.70101594925,7695.141434669495,0.0,-1429.9944043159485,-178.27212810516357,2695.1414346694946
1,3691,36.910000000000004,5000.0,5000.0,9525.158107280731,7421.752363443375,0.0,-2372.775375843048,330.45709133148193,-273.38907122612
1,3692,36.92,5000.0,5000.0,9617.480039596558,7438.208907842636,0.0,0.0,92.32193231582642,16.456544399261475
1,3693,36.93,5000.0,5000.0,9817.69174337387,7825.924754142761,0.0,0.0,200.21170377731323,387.7158463001251
1,3694,36.94,5000.0,5000.0,10000.0,9661.939442157745,0.0,0.0,182.30825662612915,1836.0146880149841
1,3695,36.95,5000.0,5000.0,10000.0,9822.544753551483,0.0,0.0,0.0,160.6053113937378
1,3696,36.96,5000.0,5000.0,9928.835928440094,9785.14313697815,0.0,0.0,-71.164071559906,-37.40161657333374
1,3697,36.97,5000.0,5000.0,9938.847124576569,9980.652332305908,0.0,0.0,10.01119613647461,195.5091953277588
1,3698,36.980000000000004,5000.0,5000.0,9791.494905948639,10000.0,0.0,0.0,-147.3522186279297,19.347667694091797
1,3699,36.99,5000.0,5000.0,9437.920451164246,8757.479786872864,0.0,0.0,-353.5744547843933,-1242.5202131271362
1,3700,37.0,5000.0,8724.057376384735,9384.601414203644,5039.893351495266,0.0,3724.057376384735,-53.31903696060181,-3717.586435377598
1,3701,37.01,5000.0,9885.291457176208,9684.203267097473,5000.0,0.0,1161.2340807914734,299.60185289382935,-39.89335149526596
1,3702,37.02,5000.0,10000.0,9753.592610359192,5000.0,0.0,114.7085428237915,69.38934326171875,0.0
1,3703,37.03,5000.0,10000.0,9482.616782188416,5051.811821758747,0.0,0.0,-270.97582817077637,51.8118217587471
1,3704,37.04,5000.0,10000.0,8930.529057979584,5025.522597134113,0.0,0.0,-552.0877242088318,-26.28922462463379
1,3705,37.050000000000004,5000.0,9962.291419506073,8625.686764717102,5000.0,0.0,-37.708580493927,-304.8422932624817,-25.52259713411331
1,3706,37.06,5000.0,8903.130292892456,9270.828664302826,5000.0,0.0,-1059.161126613617,645.1418995857239,0.0
1,3707,37.07,5000.0,7302.90412902832,9589.645564556122,7163.144052028656,0.0,-1600.2261638641357,318.8169002532959,2163.144052028656
1,3708,37.08,5000.0,5000.0,9446.674883365631,7431.293278932571,0.0,-2302.9041290283203,-142.97068119049072,268.1492269039154
1,3709,37.09,5000.0,5000.0,9476.582109928131,7368.524372577667,0.0,0.0,29.9072265625,-62.768906354904175
1,3710,37.1,5000.0,5000.0,9702.178239822388,7539.019584655762,0.0,0.0,225.5961298942566,170.49521207809448
1,3711,37.11,5000.0,5000.0,9992.384612560272,8207.47196674347,0.0,0.0,290.2063727378845,668.4523820877075
1,3712,37.12,5000.0,5000.0,10000.0,9873.75020980835,0.0,0.0,7.615387439727783,1666.2782430648804
1,3713,37.13,5000.0,5000.0,10000.0,9853.72543334961,0.0,0.0,0.0,-20.024776458740234
1,3714,37.14,5000.0,5000.0,9906.043708324432,10000.0,0.0,0.0,-93.95629167556763,146.27456665039062
1,3715,37.15,5000.0,5000.0,10000.0,10000.0,0.0,0.0,93.95629167556763,0.0
1,3716,37.160000000000004,5000.0,5000.0,9796.097576618195,9605.842232704163,0.0,0.0,-203.90242338180542,-394.1577672958374
1,3717,37.17,5000.0,7995.233535766602,9714.422523975372,5314.742140471935,0.0,2995.2335357666016,-81.67505264282227,-4291.100092232227
1,3718,37.18,5000.0,9288.802444934845,9520.765841007233,5374.522395431995,0.0,1293.5689091682434,-193.65668296813965,59.78025496006012
1,3719,37.19,5000.0,9980.566501617432,9842.458665370941,5000.0,0.0,691.7640566825867,321.6928243637085,-374.5223954319954
1,3720,37.2,5000.0,9972.816109657288,9512.596428394318,5058.085359632969,0.0,-7.750391960144043,-329.86223697662354,58.0853596329689
1,3721,37.21,5000.0,10000.0,9201.236367225647,5125.453881919384,0.0,27.183890342712402,-311.36006116867065,67.3685222864151
1,3722,37.22,5000.0,10000.0,8496.13904953003,5000.0,0.0,0.0,-705.0973176956177,-125.453881919384
1,3723,37.230000000000004,5052.117798477411,8746.77836894989,9190.683960914612,5000.0,52.11779847741127,-1253.2216310501099,694.5449113845825,0.0
1,3724,37.24,5067.430529743433,6679.0880262851715,9986.318051815033,5473.432801663876,15.312731266021729,-2067.6903426647186,795.6340909004211,473.4328016638756
1,3725,37.25,5000.0,5000.0,9417.603611946106,7510.167360305786,-67.430529743433,-1679.0880262851715,-568.714439868927,2036.7345586419106
1,3726,37.26,5024.405738804489,5000.0,9484.516680240631,7436.88628077507,24.405738804489374,0.0,66.91306829452515,-73.28107953071594
1,3727,37.27,5000.0,5000.0,9488.83056640625,7429.98942732811,-24.405738804489374,0.0,4.3138861656188965,-6.896853446960449
1,3728,37.28,5000.0,5000.0,9793.125987052917,7780.833840370178,0.0,0.0,304.2954206466675,350.8444130420685
1,3729,37.29,5000.0,5000.0,10000.0,8618.638813495636,0.0,0.0,206.87401294708252,837.8049731254578
1,3730,37.300000000000004,5000.0,5000.0,10000.0,9855.994284152985,0.0,0.0,0.0,1237.3554706573486
1,3731,37.31,5000.0,5000.0,9744.479060173035,10000.0,0.0,0.0,-255.52093982696533,144.00571584701538
1,3732,37.32,5000.0,5000.0,10000.0,10000.0,0.0,0.0,255.52093982696533,0.0
1,3733,37.33,5318.131372332573,5000.0,10000.0,9931.26392364502,318.13137233257294,0.0,0.0,-68.73607635498047
1,3734,37.34,6236.861869692802,7426.814138889313,10000.0,6739.010214805603,918.7304973602295,2426.8141388893127,0.0,-3192.2537088394165
1,3735,37.35,5404.990091919899,7947.429418563843,10000.0,6228.117495775223,-831.8717777729034,520.61527967453,0.0,-510.89271903038025
1,3736,37.36,5000.0,9694.754779338837,9645.853638648987,5252.630300819874,-404.990091919899,1747.325360774994,-354.1463613510132,-975.487194955349
1,3737,37.37,5000.0,9871.398210525513,9547.662436962128,5105.439014732838,0.0,176.64343118667603,-98.19120168685913,-147.19128608703613
1,3738,37.38,5000.0,9822.697639465332,9328.121542930603,5302.355028688908,0.0,-48.700571060180664,-219.54089403152466,196.91601395606995
1,3739,37.39,5116.726625710726,10000.0,8629.221320152283,5101.241730153561,116.72662571072578,177.30236053466797,-698.9002227783203,-201.11329853534698
1,3740,37.4,5316.032059490681,8535.77733039856,9132.077395915985,5000.0,199.3054337799549,-1464.2226696014404,502.8560757637024,-101.24173015356064
1,3741,37.410000000000004,5351.794697344303,6332.111805677414,9974.52586889267,5000.0,35.76263785362244,-2203.6655247211456,842.4484729766846,0.0
1,3742,37.42,5195.277575403452,5000.0,9466.876089572906,7390.6804621219635,-156.5171219408512,-1332.111805677414,-507.6497793197632,2390.6804621219635
1,3743,37.43,5312.149841338396,5000.0,9412.740468978882,7478.486150503159,116.87226593494415,0.0,-54.13562059402466,87.80568838119507
1,3744,37.44,5430.668331682682,5000.0,9296.108186244965,7215.265780687332,118.51849034428596,0.0,-116.63228273391724,-263.2203698158264
1,3745,37.45,5000.0,5000.0,9606.878161430359,7630.874216556549,-430.66833168268204,0.0,310.7699751853943,415.6084358692169
1,3746,37.46,5000.0,5000.0,9946.787059307098,8092.081248760223,0.0,0.0,339.9088978767395,461.2070322036743
1,3747,37.47,5000.0,5000.0,10000.0,9781.032800674438,0.0,0.0,53.21294069290161,1688.951551914215
1,3748,37.480000000000004,5000.0,5000.0,9901.484847068787,10000.0,0.0,0.0,-98.51515293121338,218.96719932556152
1,3749,37.49,5000.0,5000.0,10000.0,10000.0,0.0,0.0,98.51515293121338,0.0
1,3750,37.5,5497.521422803402,5377.21611559391,10000.0,9907.718300819397,497.52142280340195,377.2161155939102,0.0,-92.28169918060303
1,3751,37.51,6821.991056203842,7430.569529533386,10000.0,8295.59862613678,1324.4696334004402,2053.353413939476,0.0,-1612.1196746826172
1,3752,37.52,6686.017364263535,7499.5046854019165,10000.0,6878.582686185837,-135.97369194030762,68.93515586853027,0.0,-1417.015939950943
1,3753,37.53,5000.0,9382.91996717453,9660.612940788269,5520.75807005167,-1686.0173642635345,1883.4152817726135,-339.38705921173096,-1357.8246161341667
1,3754,37.54,5000.0,9805.959165096283,9630.302786827087,5139.872469007969,0.0,423.03919792175293,-30.31015396118164,-380.8856010437012
1,3755,37.550000000000004,5000.0,9713.675081729889,9314.37760591507,5345.810540020466,0.0,-92.28408336639404,-315.9251809120178,205.93807101249695
1,3756,37.56,5333.253629505634,9902.293086051941,8749.765455722809,5230.749882757664,333.2536295056343,188.618004322052,-564.6121501922607,-115.06065726280212
1,3757,37.57,5318.326912820339,8184.431791305542,9103.750884532928,5000.0,-14.926716685295105,-1717.861294746399,353.98542881011963,-230.74988275766373
1,3758,37.58,5357.927121222019,6108.866706490517,9833.86367559433,5000.0,39.60020840167999,-2075.5650848150253,730.1127910614014,0.0
1,3759,37.59,5439.41680341959,5000.0,9504.410028457642,6925.043612718582,81.4896821975708,-1108.8667064905167,-329.45364713668823,1925.0436127185822
1,3760,37.6,5567.480884492397,5000.0,9367.35212802887,7453.207820653915,128.0640810728073,0.0,-137.05790042877197,528.1642079353333
1,3761,37.61,5719.458535313606,5000.0,9248.416721820831,7053.01508307457,151.97765082120895,0.0,-118.93540620803833,-400.1927375793457
1,3762,37.62,5112.664941698313,5000.0,9435.87839603424,7542.439699172974,-606.7935936152935,0.0,187.46167421340942,489.42461609840393
1,3763,37.63,5000.0,5000.0,9830.588102340698,7988.705337047577,-112.66494169831276,0.0,394.7097063064575,446.26563787460327
1,3764,37.64,5000.0,5000.0,10000.0,9514.650404453278,0.0,0.0,169.41189765930176,1525.9450674057007
1,3765,37.65,5000.0,5000.0,10000.0,9972.808361053467,0.0,0.0,0.0,458.1579566001892
1,3766,37.660000000000004,5000.0,5000.0,10000.0,10000.0,0.0,0.0,0.0,27.191638946533203
1,3767,37.67,5316.96755439043,5935.022756457329,10000.0,9625.847339630127,316.96755439043045,935.0227564573288,0.0,-374.15266036987305
1,3768,37.68,6950.647681951523,7433.4704875946045,10000.0,9200.360774993896,1633.6801275610924,1498.4477311372757,0.0,-425.48656463623047
1,3769,37.69,7019.934207201004,7576.565742492676,10000.0,7465.555518865585,69.2865252494812,143.0952548980713,0.0,-1734.8052561283112
1,3770,37.7,5176.323596388102,9162.636399269104,9941.851794719696,5998.636931180954,-1843.6106108129025,1586.0706567764282,-58.148205280303955,-1466.9185876846313
1,3771,37.71,5000.0,9724.9436378479,9729.556143283844,5184.2087879776955,-176.32359638810158,562.3072385787964,-212.29565143585205,-814.4281432032585
1,3772,37.72,5000.0,9549.457430839539,9344.618022441864,5384.919755160809,0.0,-175.48620700836182,-384.93812084198,200.7109671831131
1,3773,37.730000000000004,5114.732626825571,9681.673049926758,8985.08995771408,5328.183434903622,114.73262682557106,132.21561908721924,-359.5280647277832,-56.73632025718689
1,3774,37.74,5259.726662188768,8485.575020313263,9087.555706501007,5000.0,144.99403536319733,-1196.0980296134949,102.46574878692627,-328.1834349036217
1,3775,37.75,5275.601539760828,6454.32710647583,9506.300687789917,5000.0,15.874877572059631,-2031.2479138374329,418.7449812889099,0.0
1,3776,37.76,5298.023242503405,5000.0,9682.237207889557,5616.2068620324135,22.4217027425766,-1454.32710647583,175.9365200996399,616.2068620324135
1,3777,37.77,5537.858344614506,5000.0,9365.632236003876,7461.563795804977,239.83510211110115,0.0,-316.60497188568115,1845.356933772564
1,3778,37.78,5755.570977926254,5000.0,9282.400906085968,7096.186131238937,217.7126333117485,0.0,-83.23132991790771,-365.37766456604004
1,3779,37.79,5394.053943455219,5000.0,9311.19292974472,7458.808869123459,-361.517034471035,0.0,28.79202365875244,362.6227378845215
1,3780,37.800000000000004,5000.0,5000.0,9637.688100337982,7841.981947422028,-394.05394345521927,0.0,326.4951705932617,383.1730782985687
1,3781,37.81,5000.0,5000.0,10000.0,9380.285143852234,0.0,0.0,362.3118996620178,1538.3031964302063
1,3782,37.82,5000.0,5000.0,10000.0,9783.42890739441,0.0,0.0,0.0,403.1437635421753
1,3783,37.83,5000.0,5000.0,10000.0,10000.0,0.0,0.0,0.0,216.57109260559082
1,3784,37.84,5000.0,5997.885167598724,10000.0,9751.51538848877,0.0,997.8851675987244,0.0,-248.48461151123047
1,3785,37.85,6963.9952480793,7581.928372383118,10000.0,9509.797394275665,1963.9952480793,1584.0432047843933,0.0,-241.71799421310425
1,3786,37.86,7532.143294811249,7414.434254169464,10000.0,8435.29999256134,568.1480467319489,-167.49411821365356,0.0,-1074.497401714325
1,3787,37.87,6617.592573165894,7699.171602725983,10000.0,6978.966146707535,-914.5507216453552,284.73734855651855,0.0,-1456.3338458538055
1,3788,37.88,5270.956624299288,9505.642056465149,9740.021526813507,5617.322660982609,-1346.6359488666058,1806.4704537391663,-259.9784731864929,-1361.643485724926
1,3789,37.89,5000.0,9590.11286497116,9753.179252147675,5469.262860715389,-270.9566242992878,84.47080850601196,13.15772533416748,-148.05980026721954
1,3790,37.9,5000.0,9260.663986206055,9692.853689193726,5485.252179205418,0.0,-329.4488787651062,-60.325562953948975,15.989318490028381
1,3791,37.910000000000004,5044.569615274668,9214.823842048645,9246.806800365448,5332.555212080479,44.56961527466774,-45.84014415740967,-446.0468888282776,-152.69696712493896
1,3792,37.92,5000.0,6940.779089927673,9245.655834674835,5703.8414478302,-44.56961527466774,-2274.0447521209717,-1.150965690612793,371.2862357497215
1,3793,37.93,5000.0,7210.4886174201965,9107.718169689178,5442.449562251568,0.0,269.7095274925232,-137.93766498565674,-261.39188557863235
1,3794,37.94,5212.266314774752,6982.114315032959,9149.821400642395,6099.924445152283,212.26631477475166,-228.37430238723755,42.10323095321655,657.4748829007149
1,3795,37.95,5317.49252229929,5000.0,9034.89351272583,5071.035511791706,105.22620752453804,-1982.114315032959,-114.92788791656494,-1028.8889333605766
1,3796,37.96,5195.621158927679,5000.0,9202.941060066223,5000.0,-121.87136337161064,0.0,168.04754734039307,-71.03551179170609
1,3797,37.97,5000.0,5000.0,9735.623300075531,5000.0,-195.62115892767906,0.0,532.6822400093079,0.0
1,3798,37.980000000000004,5000.0,5000.0,10000.0,5000.0,0.0,0.0,264.376699924469,0.0
1,3799,37.99,9960.78759431839,5000.0,6105.765178799629,10000.0,4960.78759431839,0.0,-3894.234821200371,5000.0
1,3800,38.0,9712.530374526978,5000.0,6261.025071144104,10000.0,-248.25721979141235,0.0,155.2598923444748,0.0
1,3801,38.01,9822.229146957397,5000.0,6677.524000406265,10000.0,109.69877243041992,0.0,416.49892926216125,0.0
1,3802,38.02,9843.167960643768,5000.0,6510.178446769714,10000.0,20.93881368637085,0.0,-167.3455536365509,0.0
1,3803,38.03,9757.485389709473,5000.0,6279.2715430259705,10000.0,-85.68257093429565,0.0,-230.9069037437439,0.0
1,3804,38.04,9680.170118808746,5000.0,5855.273976922035,10000.0,-77.31527090072632,0.0,-423.99756610393524,0.0
1,3805,38.050000000000004,9755.72645664215,5000.0,5561.60993874073,10000.0,75.55633783340454,0.0,-293.66403818130493,0.0
1,3806,38.06,9678.120911121368,5000.0,5624.570623040199,10000.0,-77.60554552078247,0.0,62.960684299468994,0.0
1,3807,38.07,9330.636262893677,5000.0,6114.5274341106415,10000.0,-347.48464822769165,0.0,489.9568110704422,0.0
1,3808,38.08,9224.570393562317,5000.0,6156.84486925602,10000.0,-106.06586933135986,0.0,42.31743514537811,0.0
1,3809,38.09,9284.594058990479,5000.0,5650.854185223579,10000.0,60.02366542816162,0.0,-505.9906840324402,0.0
1,3810,38.1,9281.498193740845,5000.0,5360.509976744652,10000.0,-3.095865249633789,0.0,-290.3442084789276,0.0
1,3811,38.11,9225.26091337204,5000.0,5494.942739605904,9465.065002441406,-56.23728036880493,0.0,134.43276286125183,-534.9349975585938
1,3812,38.12,9438.77100944519,5000.0,5813.185349106789,9365.880489349365,213.51009607315063,0.0,318.242609500885,-99.18451309204102
1,3813,38.13,9698.419868946075,5000.0,5738.006681203842,9691.303968429565,259.648859500885,0.0,-75.17866790294647,325.4234790802002
1,3814,38.14,9851.58920288086,5000.0,5679.491087794304,10000.0,153.16933393478394,0.0,-58.51559340953827,308.69603157043457
1,3815,38.15,9772.475361824036,5000.0,5829.639062285423,10000.0,-79.11384105682373,0.0,150.14797449111938,0.0
1,3816,38.160000000000004,9516.129195690155,5000.0,5981.137827038765,10000.0,-256.3461661338806,0.0,151.49876475334167,0.0
1,3817,38.17,9729.750752449036,5000.0,5978.0483692884445,10000.0,213.62155675888062,0.0,-3.0894577503204346,0.0
1,3818,38.18,10000.0,5000.0,6229.881569743156,10000.0,270.24924755096436,0.0,251.8332004547119,0.0
1,3819,38.19,10000.0,5000.0,6624.040305614471,10000.0,0.0,0.0,394.158735871315,0.0
1,3820,38.2,10000.0,5000.0,6442.577838897705,10000.0,0.0,0.0,-181.46246671676636,0.0
1,3821,38.21,10000.0,5000.0,6060.425192117691,10000.0,0.0,0.0,-382.15264678001404,0.0
1,3822,38.22,9901.776015758514,5000.0,5749.590024352074,10000.0,-98.2239842414856,0.0,-310.83516776561737,0.0
1,3823,38.230000000000004,10000.0,5000.0,5228.45558822155,8817.691206932068,98.2239842414856,0.0,-521.1344361305237,-1182.3087930679321
1,3824,38.24,9720.980525016785,5000.0,5354.470834136009,9110.483825206757,-279.01947498321533,0.0,126.01524591445923,292.7926182746887
1,3825,38.25,9367.558360099792,5000.0,5868.311300873756,10000.0,-353.4221649169922,0.0,513.8404667377472,889.5161747932434
1,3826,38.26,9410.362541675568,5000.0,6096.5608060359955,10000.0,42.80418157577515,0.0,228.24950516223907,0.0
1,3827,38.27,9375.584721565247,5000.0,5750.458091497421,10000.0,-34.777820110321045,0.0,-346.1027145385742,0.0
1,3828,38.28,9389.090240001678,5000.0,5301.365330815315,10000.0,13.505518436431885,0.0,-449.092760682106,0.0
1,3829,38.29,9187.766015529633,5000.0,5347.2863510251045,9245.419204235077,-201.3242244720459,0.0,45.921020209789276,-754.5807957649231
1,3830,38.300000000000004,9358.825385570526,5000.0,5478.819906711578,9236.389100551605,171.05937004089355,0.0,131.53355568647385,-9.03010368347168
1,3831,38.31,9497.33018875122,5000.0,5639.143288135529,9614.347517490387,138.50480318069458,0.0,160.3233814239502,377.95841693878174
1,3832,38.32,9697.448909282684,5000.0,5830.3797245025635,10000.0,200.11872053146362,0.0,191.2364363670349,385.65248250961304
1,3833,38.33,9651.03268623352,5000.0,5959.311425685883,10000.0,-46.41622304916382,0.0,128.9317011833191,0.0
1,3834,38.34,9553.584456443787,5000.0,6038.281247019768,10000.0,-97.44822978973389,0.0,78.96982133388519,0.0
1,3835,38.35,10000.0,5000.0,6113.30471932888,10000.0,446.4155435562134,0.0,75.02347230911255,0.0
1,3836,38.36,10000.0,5000.0,6607.993245124817,10000.0,0.0,0.0,494.6885257959366,0.0
1,3837,38.37,10000.0,5000.0,6759.481132030487,10000.0,0.0,0.0,151.48788690567017,0.0
1,3838,38.38,10000.0,5000.0,6177.488341927528,10000.0,0.0,0.0,-581.9927901029587,0.0
1,3839,38.39,9913.843274116516,5000.0,5490.1523143053055,10000.0,-86.15672588348389,0.0,-687.3360276222229,0.0
1,3840,38.4,9454.332888126373,5000.0,5400.902703404427,6881.73308968544,-459.5103859901428,0.0,-89.2496109008789,-3118.26691031456
1,3841,38.410000000000004,9562.234878540039,5000.0,5291.859582066536,7787.210047245026,107.90199041366577,0.0,-109.04312133789062,905.4769575595856
1,3842,38.42,9942.333698272705,5000.0,5046.954527497292,8759.619295597076,380.098819732666,0.0,-244.90505456924438,972.4092483520508
1,3843,38.43,9917.449951171875,5000.0,5000.0,8031.342327594757,-24.883747100830078,0.0,-46.954527497291565,-728.2769680023193
1,3844,38.44,9215.285181999207,5000.0,5099.511817097664,10000.0,-702.1647691726685,0.0,99.51181709766388,1968.657672405243
1,3845,38.45,9265.701174736023,5000.0,5065.01592695713,9486.098289489746,50.415992736816406,0.0,-34.49589014053345,-513.9017105102539
1,3846,38.46,9404.682517051697,5000.0,5391.2099078297615,9507.589638233185,138.98134231567383,0.0,326.1939808726311,21.49134874343872
1,3847,38.47,9650.464355945587,5000.0,5260.117277503014,9880.99455833435,245.78183889389038,0.0,-131.0926303267479,373.40492010116577
1,3848,38.480000000000004,9676.198959350586,5000.0,5536.39143705368,9949.424862861633,25.73460340499878,0.0,276.2741595506668,68.43030452728271
1,3849,38.49,9593.071341514587,5000.0,5881.542339920998,10000.0,-83.12761783599854,0.0,345.1509028673172,50.5751371383667
1,3850,38.5,9677.920937538147,5000.0,6051.627844572067,10000.0,84.84959602355957,0.0,170.08550465106964,0.0
1,3851,38.51,10000.0,5000.0,6285.050809383392,10000.0,322.079062461853,0.0,233.42296481132507,0.0
1,3852,38.52,10000.0,5000.0,6581.708192825317,10000.0,0.0,0.0,296.65738344192505,0.0
1,3853,38.53,10000.0,5000.0,6424.897313117981,10000.0,0.0,0.0,-156.81087970733643,0.0
1,3854,38.54,10000.0,5000.0,5549.162998795509,10000.0,0.0,0.0,-875.7343143224716,0.0
1,3855,38.550000000000004,9671.432375907898,5000.0,5000.0,6863.97597193718,-328.56762409210205,0.0,-549.1629987955093,-3136.0240280628204
1,3856,38.56,9351.281225681305,5000.0,5197.838768362999,7114.099860191345,-320.151150226593,0.0,197.83876836299896,250.12388825416565
1,3857,38.57,9270.560443401337,5000.0,5000.0,7134.195864200592,-80.72078227996826,0.0,-197.83876836299896,20.096004009246826
1,3858,38.58,9413.851499557495,5000.0,5000.0,6463.607847690582,143.29105615615845,0.0,0.0,-670.5880165100098
1,3859,38.59,9417.861700057983,5000.0,5000.0,6763.7404799461365,4.010200500488281,0.0,0.0,300.1326322555542
1,3860,38.6,9055.146276950836,5000.0,5000.0,10000.0,-362.7154231071472,0.0,0.0,3236.2595200538635
1,3861,38.61,9461.533725261688,5000.0,5307.498127222061,10000.0,406.38744831085205,0.0,307.49812722206116,0.0
1,3862,38.62,9882.12674856186,5000.0,5173.552371561527,10000.0,420.5930233001709,0.0,-133.9457556605339,0.0
1,3863,38.63,10000.0,5000.0,5000.0,10000.0,117.87325143814087,0.0,-173.55237156152725,0.0
1,3864,38.64,9821.907579898834,5000.0,5213.626399636269,10000.0,-178.09242010116577,0.0,213.62639963626862,0.0
1,3865,38.65,9616.487920284271,5000.0,5825.094506144524,10000.0,-205.419659614563,0.0,611.468106508255,0.0
1,3866,38.660000000000004,10000.0,5000.0,6060.3054612874985,10000.0,383.51207971572876,0.0,235.21095514297485,0.0
1,3867,38.67,10000.0,5000.0,6280.753612518311,10000.0,0.0,0.0,220.44815123081207,0.0
1,3868,38.68,10000.0,5000.0,6191.286966204643,10000.0,0.0,0.0,-89.4666463136673,0.0
1,3869,38.69,10000.0,5000.0,5425.337925553322,10000.0,0.0,0.0,-765.9490406513214,0.0
1,3870,38.7,9516.89600944519,5000.0,5084.647014737129,7524.466812610626,-483.10399055480957,0.0,-340.6909108161926,-2475.533187389374
1,3871,38.71,9571.017920970917,5000.0,5000.0,6970.491260290146,54.12191152572632,0.0,-84.64701473712921,-553.9755523204803
1,3872,38.72,9397.871494293213,5000.0,5000.0,7143.9798176288605,-173.14642667770386,0.0,0.0,173.4885573387146
1,3873,38.730000000000004,9503.341317176819,5000.0,5000.0,7009.267657995224,105.46982288360596,0.0,0.0,-134.71215963363647
1,3874,38.74,9759.335815906525,7055.123746395111,5000.0,6191.888302564621,255.9944987297058,2055.123746395111,0.0,-817.379355430603
1,3875,38.75,9804.149568080902,6636.521816253662,5000.0,6784.825474023819,44.81375217437744,-418.601930141449,0.0,592.937171459198
1,3876,38.76,10000.0,8955.202102661133,9162.75829076767,5410.852320492268,195.8504319190979,2318.6802864074707,4162.75829076767,-1373.9731535315514
1,3877,38.77,10000.0,9259.025156497955,8484.356105327606,5486.07025295496,0.0,303.8230538368225,-678.4021854400635,75.21793246269226
1,3878,38.78,10000.0,8526.98266506195,6100.952625274658,5828.973054885864,0.0,-732.0424914360046,-2383.403480052948,342.9028019309044
1,3879,38.79,9577.622711658478,7482.883036136627,5809.141844511032,6378.8264989852905,-422.3772883415222,-1044.0996289253235,-291.8107807636261,549.8534440994263
1,3880,38.800000000000004,9348.661303520203,5967.997610569,5000.0,7156.787067651749,-228.96140813827515,-1514.885425567627,-809.1418445110321,777.9605686664581
1,3881,38.81,10000.0,5000.0,5515.885315835476,9373.346269130707,651.3386964797974,-967.9976105690002,515.8853158354759,2216.559201478958
1,3882,38.82,9643.794596195221,5000.0,5265.049859881401,10000.0,-356.20540380477905,0.0,-250.83545595407486,626.6537308692932
1,3883,38.83,9801.047444343567,5000.0,5471.477806568146,10000.0,157.25284814834595,0.0,206.4279466867447,0.0
1,3884,38.84,9805.123209953308,5000.0,5592.60718524456,10000.0,4.075765609741211,0.0,121.12937867641449,0.0
1,3885,38.85,9978.686571121216,5000.0,5774.5664566755295,10000.0,173.56336116790771,0.0,181.95927143096924,0.0
1,3886,38.86,10000.0,5000.0,5743.304491043091,10000.0,21.31342887878418,0.0,-31.26196563243866,0.0
1,3887,38.87,9892.416596412659,5000.0,5501.59178674221,10000.0,-107.58340358734131,0.0,-241.71270430088043,0.0
1,3888,38.88,9839.022755622864,5000.0,5000.0,8117.811381816864,-53.39384078979492,0.0,-501.5917867422104,-1882.188618183136
1,3889,38.89,9756.555557250977,5000.0,5000.0,8321.892619132996,-82.4671983718872,0.0,0.0,204.0812373161316
1,3890,38.9,9802.26457118988,5000.0,5000.0,8009.285628795624,45.70901393890381,0.0,0.0,-312.6069903373718
1,3891,38.910000000000004,10000.0,5000.0,5000.0,9126.587808132172,197.73542881011963,0.0,0.0,1117.3021793365479
1,3892,38.92,10000.0,5000.0,5000.0,9089.657068252563,0.0,0.0,0.0,-36.930739879608154
1,3893,38.93,9684.966206550598,5000.0,5000.0,8503.260016441345,-315.03379344940186,0.0,0.0,-586.3970518112183
1,3894,38.94,9569.610953330994,5000.0,5000.0,8271.713852882385,-115.35525321960449,0.0,0.0,-231.54616355895996
1,3895,38.95,9839.41376209259,5000.0,5000.0,7968.786358833313,269.8028087615967,0.0,0.0,-302.92749404907227
1,3896,38.96,10000.0,5077.202543616295,5000.0,8593.792021274567,160.58623790740967,77.20254361629486,0.0,625.0056624412537
1,3897,38.97,10000.0,7239.943742752075,5000.0,9426.642656326294,0.0,2162.7411991357803,0.0,832.8506350517273
1,3898,38.980000000000004,10000.0,7293.082475662231,5000.0,8138.176500797272,0.0,53.13873291015625,0.0,-1288.4661555290222
1,3899,38.99,9813.462793827057,5000.0,5415.478348731995,8123.553097248077,-186.53720617294312,-2293.0824756622314,415.47834873199463,-14.623403549194336
1,3900,39.0,9756.179451942444,5000.0,5177.920460700989,9710.285365581512,-57.28334188461304,0.0,-237.55788803100586,1586.732268333435
1,3901,39.01,9947.694838047028,5000.0,5000.0,10000.0,191.51538610458374,0.0,-177.92046070098877,289.71463441848755
1,3902,39.02,10000.0,5000.0,5000.0,10000.0,52.30516195297241,0.0,0.0,0.0
1,3903,39.03,10000.0,5000.0,5000.0,10000.0,0.0,0.0,0.0,0.0
1,3904,39.04,9866.83189868927,5000.0,5000.0,8777.129650115967,-133.16810131072998,0.0,0.0,-1222.8703498840332
1,3905,39.050000000000004,9993.815422058105,5000.0,5225.709788501263,7609.138488769531,126.98352336883545,0.0,225.70978850126266,-1167.9911613464355
1,3906,39.06,9488.541781902313,5000.0,5239.159539341927,7380.1349103450775,-505.27364015579224,0.0,13.44975084066391,-229.00357842445374
1,3907,39.07,9554.161727428436,5000.0,5141.355842351913,8309.982419013977,65.61994552612305,0.0,-97.80369699001312,929.8475086688995
1,3908,39.08,9308.4055185318,5000.0,5398.7642377614975,7848.362624645233,-245.75620889663696,0.0,257.40839540958405,-461.6197943687439
1,3909,39.09,9169.493019580841,5000.0,5518.756210803986,7410.204261541367,-138.91249895095825,0.0,119.9919730424881,-438.1583631038666
1,3910,39.1,9065.622389316559,5000.0,5652.084872126579,7040.205001831055,-103.87063026428223,0.0,133.3286613225937,-369.9992597103119
1,3911,39.11,8905.747532844543,5000.0,5742.330327630043,6590.893417596817,-159.87485647201538,0.0,90.24545550346375,-449.31158423423767
1,3912,39.12,8795.82166671753,5000.0,5752.2983103990555,6396.457999944687,-109.92586612701416,0.0,9.967982769012451,-194.43541765213013
1,3913,39.13,8743.258714675903,5000.0,5655.272156000137,6254.003196954727,-52.56295204162598,0.0,-97.02615439891815,-142.45480298995972
1,3914,39.14,8750.95158815384,5000.0,5543.365478515625,6136.139631271362,7.692873477935791,0.0,-111.90667748451233,-117.86356568336487
1,3915,39.15,8748.954236507416,5000.0,5514.784827828407,6245.280057191849,-1.9973516464233398,0.0,-28.580650687217712,109.14042592048645
1,3916,39.160000000000004,8682.722747325897,5000.0,5489.327535033226,6293.003708124161,-66.23148918151855,0.0,-25.457292795181274,47.72365093231201
1,3917,39.17,8982.705175876617,7070.890367031097,5055.570527911186,6077.686995267868,299.9824285507202,2070.8903670310974,-433.7570071220398,-215.31671285629272
1,3918,39.18,9481.403827667236,8552.132546901703,5288.63362967968,5867.236107587814,498.6986517906189,1481.2421798706055,233.06310176849365,-210.4508876800537
1,3919,39.19,9646.70866727829,8761.405050754547,5359.4400733709335,5705.437511205673,165.30483961105347,209.27250385284424,70.80644369125366,-161.7985963821411
1,3920,39.2,9632.093012332916,8659.456968307495,5411.1021012067795,5701.3364136219025,-14.615654945373535,-101.948082447052,51.66202783584595,-4.101097583770752
1,3921,39.21,9649.311006069183,8593.998551368713,5535.280331969261,5669.349730014801,17.21799373626709,-65.45841693878174,124.17823076248169,-31.98668360710144
1,3922,39.22,9442.580938339233,8502.458333969116,5580.350533127785,5669.827461242676,-206.73006772994995,-91.54021739959717,45.07020115852356,0.47773122787475586
1,3923,39.230000000000004,9264.140725135803,8355.377316474915,5505.896136164665,5734.792649745941,-178.44021320343018,-147.08101749420166,-74.4543969631195,64.96518850326538
1,3924,39.24,9146.224558353424,8273.356258869171,5308.605805039406,5844.587832689285,-117.91616678237915,-82.02105760574341,-197.2903311252594,109.79518294334412
1,3925,39.25,9095.689058303833,8298.5320687294,5191.544219851494,5821.953266859055,-50.535500049591064,25.175809860229492,-117.06158518791199,-22.634565830230713
1,3926,39.26,9151.702523231506,8440.402150154114,5127.115026116371,5724.742114543915,56.01346492767334,141.87008142471313,-64.42919373512268,-97.21115231513977
1,3927,39.27,9210.275411605835,8575.088381767273,5000.0,5630.502849817276,58.57288837432861,134.68623161315918,-127.11502611637115,-94.2392647266388
1,3928,39.28,9344.11734342575,8741.352260112762,5000.0,5496.790520846844,133.84193181991577,166.2638783454895,0.0,-133.71232897043228
1,3929,39.29,9510.728418827057,8930.413722991943,5000.0,5385.266803205013,166.61107540130615,189.0614628791809,0.0,-111.52371764183044
1,3930,39.300000000000004,9626.551270484924,9018.442034721375,5000.0,5304.108373820782,115.82285165786743,88.02831172943115,0.0,-81.15842938423157
1,3931,39.31,9722.794592380524,9055.318534374237,5000.0,5203.753970563412,96.24332189559937,36.87649965286255,0.0,-100.35440325737
1,3932,39.32,9852.046966552734,9063.631892204285,5000.0,5112.469978630543,129.2523741722107,8.313357830047607,0.0,-91.28399193286896
1,3933,39.33,10000.0,9038.703441619873,5000.0,5019.550509750843,147.95303344726562,-24.92845058441162,0.0,-92.9194688796997
1,3934,39.34,10000.0,9107.774496078491,5000.0,5000.0,0.0,69.07105445861816,0.0,-19.550509750843048
1,3935,39.35,10000.0,9245.942234992981,5000.0,5000.0,0.0,138.16773891448975,0.0,0.0
1,3936,39.36,10000.0,9354.357123374939,5000.0,5000.0,0.0,108.41488838195801,0.0,0.0
1,3937,39.37,10000.0,9360.815286636353,5000.0,5000.0,0.0,6.458163261413574,0.0,0.0
1,3938,39.38,10000.0,9303.70807647705,5000.0,5000.0,0.0,-57.10721015930176,0.0,0.0
1,3939,39.39,10000.0,9243.520498275757,5000.0,5000.0,0.0,-60.187578201293945,0.0,0.0
1,3940,39.4,10000.0,9205.949306488037,5000.0,5000.0,0.0,-37.57119178771973,0.0,0.0
1,3941,39.410000000000004,10000.0,9194.183945655823,5000.0,5000.0,0.0,-11.765360832214355,0.0,0.0
1,3942,39.42,10000.0,9198.966026306152,5000.0,5000.0,0.0,4.78208065032959,0.0,0.0
1,3943,39.43,10000.0,9197.453260421753,5000.0,5000.0,0.0,-1.512765884399414,0.0,0.0
1,3944,39.44,10000.0,9183.94535779953,5000.0,5000.0,0.0,-13.5079026222229,0.0,0.0
1,3945,39.45,10000.0,9162.461757659912,5000.0,5000.0,0.0,-21.48360013961792,0.0,0.0
1,3946,39.46,10000.0,9114.673733711243,5000.346079468727,5000.0,0.0,-47.788023948669434,0.3460794687271118,0.0
1,3947,39.47,10000.0,9127.551913261414,5000.0,5000.0,0.0,12.878179550170898,-0.3460794687271118,0.0
1,3948,39.480000000000004,10000.0,9188.199639320374,5000.0,5000.0,0.0,60.64772605895996,0.0,0.0
1,3949,39.49,10000.0,9291.423261165619,5000.0,5012.052245438099,0.0,103.22362184524536,0.0,12.052245438098907
1,3950,39.5,10000.0,9378.086924552917,5000.0,5049.951113760471,0.0,86.66366338729858,0.0,37.89886832237244
1,3951,39.51,10000.0,9338.981807231903,5000.0,5037.918724119663,0.0,-39.105117321014404,0.0,-12.032389640808105
1,3952,39.52,10000.0,9248.333871364594,5000.0,5095.65282613039,0.0,-90.64793586730957,0.0,57.73410201072693
1,3953,39.53,10000.0,9217.106699943542,5000.0,5068.84653121233,0.0,-31.227171421051025,0.0,-26.806294918060303
1,3954,39.54,9844.520092010498,9121.017754077911,5000.0,5172.880999743938,-155.47990798950195,-96.0889458656311,0.0,104.03446853160858
1,3955,39.550000000000004,9550.796747207642,9012.641310691833,5000.0,5210.3762701153755,-293.72334480285645,-108.37644338607788,0.0,37.49527037143707
1,3956,39.56,9357.866644859314,8887.036442756653,5000.0,5325.088687241077,-192.93010234832764,-125.60486793518066,0.0,114.7124171257019
1,3957,39.57,9252.12025642395,8787.76490688324,5000.0,5433.111824095249,-105.74638843536377,-99.27153587341309,0.0,108.02313685417175
1,3958,39.58,9171.451926231384,8667.919337749481,5000.0,5557.379387319088,-80.66833019256592,-119.84556913375854,0.0,124.2675632238388
1,3959,39.59,9056.796133518219,8555.390536785126,5000.0,5609.586127102375,-114.65579271316528,-112.52880096435547,0.0,52.20673978328705
1,3960,39.6,9102.38802433014,8605.848550796509,5000.0,5597.740523517132,45.591890811920166,50.45801401138306,0.0,-11.845603585243225
1,3961,39.61,9156.021773815155,8644.637763500214,5000.0,5529.969744384289,53.63374948501587,38.789212703704834,0.0,-67.77077913284302
1,3962,39.62,9234.027564525604,8617.671132087708,5000.0,5383.18645209074,78.00579071044922,-26.966631412506104,0.0,-146.78329229354858
1,3963,39.63,9327.592551708221,8456.975817680359,5108.271762728691,5297.5058183074,93.56498718261719,-160.69531440734863,108.2717627286911,-85.68063378334045
1,3964,39.64,9417.777955532074,8281.220197677612,5361.566096544266,5230.9564128518105,90.18540382385254,-175.75562000274658,253.29433381557465,-66.5494054555893
1,3965,39.65,9553.903341293335,8182.123899459839,5396.019145846367,5221.84032946825,136.125385761261,-99.09629821777344,34.453049302101135,-9.11608338356018
1,3966,39.660000000000004,9801.305532455444,8579.072654247284,5231.614112854004,5160.021372139454,247.40219116210938,396.94875478744507,-164.40503299236298,-61.81895732879639
1,3967,39.67,9658.273756504059,8533.96862745285,5354.599058628082,5052.244104444981,-143.0317759513855,-45.104026794433594,122.98494577407837,-107.77726769447327
1,3968,39.68,9495.742619037628,8464.637100696564,5406.112521886826,5000.0,-162.53113746643066,-69.33152675628662,51.513463258743286,-52.24410444498062
1,3969,39.69,9425.721764564514,8407.967686653137,5353.313535451889,5000.0,-70.02085447311401,-56.669414043426514,-52.79898643493652,0.0
1,3970,39.7,9028.14507484436,7365.467250347137,5449.7044160962105,5000.0,-397.5766897201538,-1042.5004363059998,96.39088064432144,0.0
1,3971,39.71,9085.670113563538,7439.83656167984,5527.869053184986,5000.0,57.525038719177246,74.36931133270264,78.16463708877563,0.0
1,3972,39.72,9193.290174007416,6052.974462509155,5501.304641366005,5229.593329131603,107.62006044387817,-1386.8620991706848,-26.56441181898117,229.59332913160324
1,3973,39.730000000000004,9712.121486663818,7713.550627231598,5168.646350502968,5298.937000334263,518.8313126564026,1660.5761647224426,-332.6582908630371,69.3436712026596
1,3974,39.74,10000.0,8436.998128890991,5000.0,5342.1856090426445,287.87851333618164,723.4475016593933,-168.64635050296783,43.24860870838165
1,3975,39.75,10000.0,9317.28571653366,5000.0,5082.400180399418,0.0,880.2875876426697,0.0,-259.7854286432266
1,3976,39.76,10000.0,9362.31791973114,5000.0,5000.0,0.0,45.03220319747925,0.0,-82.40018039941788
1,3977,39.77,10000.0,9204.403758049011,5000.0,5000.0,0.0,-157.9141616821289,0.0,0.0
1,3978,39.78,10000.0,9391.640424728394,5000.0,5075.663216412067,0.0,187.23666667938232,0.0,75.66321641206741
1,3979,39.79,10000.0,9371.939599514008,5000.0,5080.027766525745,0.0,-19.700825214385986,0.0,4.3645501136779785
1,3980,39.800000000000004,10000.0,9214.22004699707,5000.0,5186.170823872089,0.0,-157.71955251693726,0.0,106.143057346344
1,3981,39.81,9962.15045452118,9282.129406929016,5000.0,5277.001895010471,-37.8495454788208,67.9093599319458,0.0,90.83107113838196
1,3982,39.82,9689.473509788513,9109.073877334595,5000.0,5436.353571712971,-272.676944732666,-173.0555295944214,0.0,159.3516767024994
1,3983,39.83,9551.243782043457,9099.574089050293,5000.0,5466.793365776539,-138.22972774505615,-9.499788284301758,0.0,30.439794063568115
1,3984,39.84,9298.561811447144,8779.581189155579,5055.6231290102005,5336.064957082272,-252.68197059631348,-319.99289989471436,55.6231290102005,-130.72840869426727
1,3985,39.85,9312.613308429718,8311.874270439148,5633.713081479073,5070.56187838316,14.051496982574463,-467.70691871643066,578.0899524688721,-265.50307869911194
1,3986,39.86,9432.028532028198,8228.341341018677,5758.465081453323,5065.464116632938,119.41522359848022,-83.53292942047119,124.7519999742508,-5.097761750221252
1,3987,39.87,9365.518391132355,7681.50269985199,5728.374347090721,5493.824295699596,-66.5101408958435,-546.838641166687,-30.090734362602234,428.360179066658
1,3988,39.88,9169.518649578094,7657.77200460434,5604.567751288414,5290.9790351986885,-195.99974155426025,-23.730695247650146,-123.80659580230713,-202.8452605009079
1,3989,39.89,9336.41493320465,7966.251075267792,5617.5472214818,5000.0,166.8962836265564,308.47907066345215,12.979470193386078,-290.9790351986885
1,3990,39.9,9015.867710113525,8062.171041965485,5192.305780947208,5112.438425421715,-320.5472230911255,95.91996669769287,-425.2414405345917,112.43842542171478
1,3991,39.910000000000004,9317.44635105133,7744.439244270325,5040.477886795998,5413.046218454838,301.5786409378052,-317.7317976951599,-151.82789415121078,300.607793033123
1,3992,39.92,8929.976224899292,8059.05282497406,5570.286884903908,5587.763153016567,-387.4701261520386,314.61358070373535,529.8089981079102,174.71693456172943
1,3993,39.93,9475.051164627075,7934.320569038391,6289.965212345123,5314.220525324345,545.0749397277832,-124.73225593566895,719.6783274412155,-273.5426276922226
1,3994,39.94,10000.0,8730.91846704483,8158.557415008545,5000.0,524.9488353729248,796.5978980064392,1868.5922026634216,-314.22052532434464
1,3995,39.95,10000.0,9284.662902355194,6236.012950539589,5000.0,0.0,553.7444353103638,-1922.544464468956,0.0
1,3996,39.96,10000.0,9120.168089866638,5000.0,5000.0,0.0,-164.4948124885559,-1236.012950539589,0.0
1,3997,39.97,10000.0,9486.794471740723,5000.0,5091.402865946293,0.0,366.6263818740845,0.0,91.40286594629288
1,3998,39.980000000000004,10000.0,9623.214602470398,5000.0,5324.654467403889,0.0,136.4201307296753,0.0,233.25160145759583
1,3999,39.99,9689.203798770905,9535.232186317444,5000.0,5416.450463235378,-310.79620122909546,-87.9824161529541,0.0,91.79599583148956
1,4000,40.0,9378.169476985931,9026.256799697876,5302.1040558815,5371.769852936268,-311.03432178497314,-508.97538661956787,302.10405588150024,-44.68061029911041
1,4001,40.01,9291.833639144897,8450.182676315308,5887.983217835426,5000.0,-86.33583784103394,-576.0741233825684,585.8791619539261,-371.76985293626785
1,4002,40.02,9884.896278381348,8042.426109313965,5827.392786741257,5000.0,593.0626392364502,-407.7565670013428,-60.59043109416962,0.0
1,4003,40.03,10000.0,7816.040813922882,5566.88480079174,6746.661514043808,115.10372161865234,-226.38529539108276,-260.5079859495163,1746.661514043808
1,4004,40.04,9734.385013580322,7817.241847515106,5198.725908994675,7185.066193342209,-265.61498641967773,1.201033592224121,-368.15889179706573,438.4046792984009
1,4005,40.050000000000004,9623.07870388031,7889.447808265686,5531.721115112305,5493.922121822834,-111.3063097000122,72.20596075057983,332.99520611763,-1691.1440715193748
1,4006,40.06,7814.666628837585,6876.725554466248,6580.968052148819,5000.0,-1808.4120750427246,-1012.7222537994385,1049.2469370365143,-493.922121822834
1,4007,40.07,8347.425758838654,6790.865659713745,5966.585651040077,5000.0,532.7591300010681,-85.85989475250244,-614.3824011087418,0.0
1,4008,40.08,9380.102157592773,7764.427959918976,9184.437096118927,5000.0,1032.6763987541199,973.5623002052307,3217.85144507885,0.0
1,4009,40.09,10000.0,8306.788802146912,9552.649557590485,5000.0,619.8978424072266,542.3608422279358,368.2124614715576,0.0
1,4010,40.1,10000.0,9338.737428188324,8403.230607509613,5043.698735535145,0.0,1031.9486260414124,-1149.4189500808716,43.698735535144806
1,4011,40.11,10000.0,9738.016426563263,5572.2930282354355,5000.0,0.0,399.27899837493896,-2830.9375792741776,-43.698735535144806
1,4012,40.12,10000.0,9752.535223960876,5035.810694098473,5067.988969385624,0.0,14.518797397613525,-536.4823341369629,67.98896938562393
1,4013,40.13,9826.81006193161,9859.184622764587,5091.975145041943,5179.6020194888115,-173.1899380683899,106.64939880371094,56.16445094347,111.61305010318756
1,4014,40.14,9259.081482887268,9063.163101673126,5342.698320746422,5574.449710547924,-567.728579044342,-796.0215210914612,250.72317570447922,394.84769105911255
1,4015,40.15,9330.520629882812,8579.739928245544,5634.681880474091,5000.0,71.43914699554443,-483.4231734275818,291.98355972766876,-574.449710547924
1,4016,40.160000000000004,10000.0,8355.119228363037,5873.616486787796,5166.494958102703,669.4793701171875,-224.62069988250732,238.93460631370544,166.4949581027031
1,4017,40.17,10000.0,7713.759243488312,5617.875345051289,8640.116453170776,0.0,-641.3599848747253,-255.74114173650742,3473.6214950680733
1,4018,40.18,9837.386310100555,6591.372191905975,5059.076622128487,9625.967741012573,-162.61368989944458,-1122.3870515823364,-558.798722922802,985.8512878417969
1,4019,40.19,9762.250185012817,5213.494598865509,5539.0892922878265,7910.406291484833,-75.13612508773804,-1377.8775930404663,480.0126701593399,-1715.5614495277405
1,4020,40.2,8981.4293384552,5000.0,7075.726687908173,5297.636725008488,-780.8208465576172,-213.49459886550903,1536.637395620346,-2612.769566476345
1,4021,40.21,9118.0619597435,6469.396650791168,8561.646342277527,5000.0,136.63262128829956,1469.3966507911682,1485.9196543693542,-297.6367250084877
1,4022,40.22,10000.0,8257.753849029541,9459.694623947144,5000.0,881.9380402565002,1788.3571982383728,898.0482816696167,0.0
1,4023,40.230000000000004,10000.0,8953.843116760254,9054.722487926483,5000.0,0.0,696.0892677307129,-404.9721360206604,0.0
1,4024,40.24,10000.0,9799.419343471527,6874.809265136719,5000.0,0.0,845.5762267112732,-2179.9132227897644,0.0
1,4025,40.25,10000.0,9829.70654964447,5349.293053150177,5059.615187346935,0.0,30.287206172943115,-1525.5162119865417,59.61518734693527
1,4026,40.26,9872.630834579468,10000.0,5140.956453979015,5000.124238431454,-127.36916542053223,170.29345035552979,-208.33659917116165,-59.49094891548157
1,4027,40.27,9358.326196670532,9102.763831615448,5161.927826702595,5641.887784004211,-514.3046379089355,-897.236168384552,20.971372723579407,641.7635455727577
1,4028,40.28,9628.078639507294,8679.575622081757,5564.717724919319,5000.0,269.7524428367615,-423.1882095336914,402.7898982167244,-641.8877840042114
1,4029,40.29,10000.0,8588.66959810257,5824.654102325439,5388.6787965893745,371.9213604927063,-90.90602397918701,259.9363774061203,388.67879658937454
1,4030,40.300000000000004,10000.0,7937.076687812805,5595.523826777935,9240.819215774536,0.0,-651.5929102897644,-229.13027554750443,3852.1404191851616
1,4031,40.31,10000.0,5724.892243742943,5126.231499016285,10000.0,0.0,-2212.1844440698624,-469.2923277616501,759.1807842254639
1,4032,40.32,10000.0,5000.0,5441.432744264603,8806.45215511322,0.0,-724.8922437429428,315.2012452483177,-1193.5478448867798
1,4033,40.33,9372.079968452454,5000.0,6745.654046535492,5000.0,-627.9200315475464,0.0,1304.2213022708893,-3806.45215511322
1,4034,40.34,10000.0,7846.163809299469,9552.374482154846,5000.0,627.9200315475464,2846.163809299469,2806.7204356193542,0.0
1,4035,40.35,10000.0,8529.91133928299,9080.211222171783,5000.0,0.0,683.7475299835205,-472.16325998306274,0.0
1,4036,40.36,10000.0,9660.846590995789,7958.140075206757,5080.939866602421,0.0,1130.935251712799,-1122.0711469650269,80.9398666024208
1,4037,40.37,10000.0,9771.9806432724,7072.601616382599,5000.0,0.0,111.13405227661133,-885.5384588241577,-80.9398666024208
1,4038,40.38,9928.722083568573,9796.37622833252,5220.429673790932,5062.248222529888,-71.277916431427,24.39558506011963,-1852.1719425916672,62.24822252988815
1,4039,40.39,9767.873287200928,9752.553105354309,5187.099352478981,5221.719481050968,-160.84879636764526,-43.82312297821045,-33.330321311950684,159.47125852108002
1,4040,40.4,9492.334723472595,8733.906745910645,5205.486789345741,5498.124025762081,-275.5385637283325,-1018.6463594436646,18.387436866760254,276.404544711113
1,4041,40.410000000000004,10000.0,8807.282447814941,5554.162412881851,5000.0,507.6652765274048,73.37570190429688,348.6756235361099,-498.12402576208115
1,4042,40.42,10000.0,8750.568926334381,5458.191633224487,6802.465468645096,0.0,-56.7135214805603,-95.97077965736389,1802.4654686450958
1,4043,40.43,10000.0,7705.60085773468,5391.30300283432,10000.0,0.0,-1044.968068599701,-66.88863039016724,3197.534531354904
1,4044,40.44,10000.0,5350.8588671684265,5000.0,9581.51251077652,0.0,-2354.7419905662537,-391.30300283432007,-418.4874892234802
1,4045,40.45,9925.134778022766,5000.0,6130.684167146683,6225.216090679169,-74.86522197723389,-350.8588671684265,1130.6841671466827,-3356.296420097351
1,4046,40.46,10000.0,7571.391463279724,8770.419955253601,5000.0,74.86522197723389,2571.391463279724,2639.7357881069183,-1225.2160906791687
1,4047,40.47,10000.0,8374.098241329193,9003.80551815033,5000.0,0.0,802.706778049469,233.38556289672852,0.0
1,4048,40.480000000000004,10000.0,9047.634899616241,9189.071953296661,5000.0,0.0,673.5366582870483,185.2664351463318,0.0
1,4049,40.49,10000.0,9881.576299667358,6913.343071937561,5000.0,0.0,833.941400051117,-2275.7288813591003,0.0
1,4050,40.5,10000.0,9767.223596572876,7229.19225692749,5000.0,0.0,-114.35270309448242,315.8491849899292,0.0
1,4051,40.51,9640.795886516571,9759.421944618225,5322.934910655022,5178.977735340595,-359.20411348342896,-7.801651954650879,-1906.2573462724686,178.97773534059525
1,4052,40.52,9279.32322025299,9028.78612279892,5211.1198380589485,5632.855743169785,-361.4726662635803,-730.6358218193054,-111.81507259607315,453.8780078291893
1,4053,40.53,9908.134937286377,8663.089573383331,5482.175499200821,5000.0,628.8117170333862,-365.6965494155884,271.0556611418724,-632.8557431697845
1,4054,40.54,10000.0,8867.009580135345,5319.7164833545685,5462.612994015217,91.86506271362305,203.92000675201416,-162.45901584625244,462.6129940152168
1,4055,40.550000000000004,10000.0,8856.555223464966,5163.065157830715,9273.194074630737,0.0,-10.454356670379639,-156.6513255238533,3810.5810806155205
1,4056,40.56,10000.0,6346.5312123298645,5051.693767309189,9772.590398788452,0.0,-2510.0240111351013,-111.37139052152634,499.39632415771484
1,4057,40.57,10000.0,5000.0,5084.099099040031,7623.538076877594,0.0,-1346.5312123298645,32.40533173084259,-2149.052321910858
1,4058,40.58,10000.0,5000.0,5988.855734467506,5000.0,0.0,0.0,904.756635427475,-2623.538076877594
1,4059,40.59,10000.0,8116.348087787628,9190.026819705963,5000.0,0.0,3116.348087787628,3201.1710852384567,0.0
1,4060,40.6,10000.0,8912.530839443207,9189.80211019516,5000.0,0.0,796.1827516555786,-0.22470951080322266,0.0
1,4061,40.61,10000.0,9832.096695899963,7354.843318462372,5000.0,0.0,919.5658564567566,-1834.958791732788,0.0
1,4062,40.62,10000.0,9794.071018695831,7287.401556968689,5000.0,0.0,-38.02567720413208,-67.44176149368286,0.0
1,4063,40.63,9593.145847320557,9615.643918514252,5498.597621917725,5263.681747019291,-406.85415267944336,-178.4271001815796,-1788.8039350509644,263.6817470192909
1,4064,40.64,9189.492464065552,9088.953137397766,5384.7795352339745,5647.98578619957,-403.6533832550049,-526.6907811164856,-113.81808668375015,384.3040391802788
1,4065,40.65,9496.43075466156,8543.182015419006,5321.306847035885,5163.188949227333,306.9382905960083,-545.7711219787598,-63.4726881980896,-484.79683697223663
1,4066,40.660000000000004,10000.0,8689.783215522766,5243.627950549126,5112.773217260838,503.56924533843994,146.60120010375977,-77.67889648675919,-50.415731966495514
1,4067,40.67,10000.0,8878.521621227264,5000.0,8268.144428730011,0.0,188.7384057044983,-243.62795054912567,3155.3712114691734
1,4068,40.68,10000.0,8729.433417320251,5000.0,9673.396348953247,0.0,-149.08820390701294,0.0,1405.251920223236
1,4069,40.69,10000.0,5228.517055511475,5685.205161571503,7281.7955911159515,0.0,-3500.916361808777,685.2051615715027,-2391.6007578372955
1,4070,40.7,10000.0,5081.273540854454,5673.803389072418,5000.0,0.0,-147.24351465702057,-11.401772499084473,-2281.7955911159515
1,4071,40.71,10000.0,7963.761985301971,9515.266716480255,5000.0,0.0,2882.4884444475174,3841.463327407837,0.0
1,4072,40.72,10000.0,8714.424073696136,9116.230010986328,5000.0,0.0,750.662088394165,-399.036705493927,0.0
1,4073,40.730000000000004,10000.0,9724.862277507782,8379.562795162201,5000.0,0.0,1010.4382038116455,-736.6672158241272,0.0
1,4074,40.74,10000.0,9839.963912963867,7174.491584300995,5000.0,0.0,115.1016354560852,-1205.071210861206,0.0
1,4075,40.75,9681.591987609863,9624.958038330078,6099.629104137421,5179.327614605427,-318.4080123901367,-215.00587463378906,-1074.8624801635742,179.3276146054268
1,4076,40.76,9224.904179573059,9191.551506519318,5500.2326890826225,5636.359602212906,-456.6878080368042,-433.4065318107605,-599.3964150547981,457.0319876074791
1,4077,40.77,9421.57506942749,8572.997152805328,5221.186652779579,5226.505883038044,196.67088985443115,-618.5543537139893,-279.04603630304337,-409.8537191748619
1,4078,40.78,10000.0,8572.207987308502,5212.554559111595,5134.448744356632,578.4249305725098,-0.7891654968261719,-8.632093667984009,-92.05713868141174
1,4079,40.79,10000.0,8565.731346607208,5305.170640349388,7303.557842969894,0.0,-6.476640701293945,92.61608123779297,2169.109098613262
1,4080,40.800000000000004,10000.0,8730.505108833313,5000.0,9754.370748996735,0.0,164.77376222610474,-305.1706403493881,2450.81290602684
1,4081,40.81,10000.0,5851.603448390961,6410.078406333923,7494.891732931137,0.0,-2878.9016604423523,1410.0784063339233,-2259.4790160655975
1,4082,40.82,10000.0,5305.0291538238525,5954.486727714539,5000.0,0.0,-546.5742945671082,-455.59167861938477,-2494.891732931137
1,4083,40.83,10000.0,7972.644865512848,9580.765664577484,5000.0,0.0,2667.6157116889954,3626.2789368629456,0.0
1,4084,40.84,10000.0,8678.653836250305,9118.611812591553,5000.0,0.0,706.0089707374573,-462.1538519859314,0.0
1,4085,40.85,10000.0,9632.087349891663,8743.586242198944,5000.0,0.0,953.4335136413574,-375.02557039260864,0.0
1,4086,40.86,10000.0,9902.169704437256,7122.060656547546,5000.0,0.0,270.08235454559326,-1621.5255856513977,0.0
1,4087,40.87,9791.89246892929,9660.713076591492,7096.749246120453,5066.341198980808,-208.10753107070923,-241.45662784576416,-25.311410427093506,66.34119898080826
1,4088,40.88,9280.878901481628,9273.248314857483,5543.108023703098,5624.617375433445,-511.01356744766235,-387.4647617340088,-1553.6412224173546,558.2761764526367
1,4089,40.89,9401.51333808899,8633.161783218384,5219.969376921654,5219.435580074787,120.63443660736084,-640.0865316390991,-323.13864678144455,-405.18179535865784
1,4090,40.9,10000.0,8559.274077415466,5220.178812742233,5160.672329366207,598.4866619110107,-73.88770580291748,0.2094358205795288,-58.76325070858002
1,4091,40.910000000000004,10000.0,8362.034857273102,5832.606852054596,6764.910817146301,0.0,-197.2392201423645,612.4280393123627,1604.2384877800941
1,4092,40.92,10000.0,8691.231608390808,5000.0,9846.125841140747,0.0,329.1967511177063,-832.606852054596,3081.215023994446
1,4093,40.93,10000.0,6556.616276502609,6650.6227850914,8138.379156589508,0.0,-2134.615331888199,1650.6227850914001,-1707.746684551239
1,4094,40.94,10000.0,5165.431275963783,6992.596089839935,5000.0,0.0,-1391.185000538826,341.97330474853516,-3138.379156589508
1,4095,40.95,10000.0,7967.295944690704,9497.361481189728,5000.0,0.0,2801.864668726921,2504.7653913497925,0.0
1,4096,40.96,10000.0,8735.697567462921,9149.434566497803,5000.0,0.0,768.4016227722168,-347.92691469192505,0.0
1,4097,40.97,10000.0,9565.560221672058,8933.626115322113,5000.0,0.0,829.862654209137,-215.8084511756897,0.0
1,4098,40.980000000000004,10000.0,9902.918934822083,7215.87598323822,5000.0,0.0,337.3587131500244,-1717.7501320838928,0.0
1,4099,40.99,9908.666610717773,9747.191369533539,7564.598023891449,5000.0,-91.33338928222656,-155.7275652885437,348.72204065322876,0.0
1,4100,41.0,9341.151118278503,9371.143579483032,5546.222105622292,5608.169548213482,-567.51549243927,-376.0477900505066,-2018.3759182691574,608.1695482134819
1,4101,41.01,9416.120052337646,8718.531727790833,5218.106061220169,5251.716338098049,74.96893405914307,-652.6118516921997,-328.1160444021225,-356.45321011543274
1,4102,41.02,10000.0,8587.394058704376,5260.275974869728,5107.012093067169,583.8799476623535,-131.1376690864563,42.16991364955902,-144.70424503087997
1,4103,41.03,10000.0,8224.279880523682,6131.075918674469,6210.732460021973,0.0,-363.1141781806946,870.7999438047409,1103.7203669548035
1,4104,41.04,10000.0,8618.013560771942,5000.0,9987.103939056396,0.0,393.7336802482605,-1131.075918674469,3776.371479034424
1,4105,41.050000000000004,10000.0,8032.113611698151,6136.525571346283,8965.833187103271,0.0,-585.8999490737915,1136.525571346283,-1021.270751953125
1,4106,41.06,10000.0,5000.0,8999.27705526352,5000.0,0.0,-3032.1136116981506,2862.7514839172363,-3965.8331871032715
1,4107,41.07,10000.0,8038.572669029236,9470.023512840271,5000.0,0.0,3038.572669029236,470.7464575767517,0.0
1,4108,41.08,10000.0,8656.939566135406,9116.317331790924,5000.0,0.0,618.3668971061707,-353.7061810493469,0.0
1,4109,41.09,10000.0,9516.33870601654,9077.399671077728,5000.0,0.0,859.399139881134,-38.9176607131958,0.0
1,4110,41.1,10000.0,9796.229004859924,7817.942202091217,5000.0,0.0,279.8902988433838,-1259.4574689865112,0.0
1,4111,41.11,9978.505373001099,9886.980056762695,7620.5843687057495,5000.0,-21.494626998901367,90.751051902771,-197.35783338546753,0.0
1,4112,41.12,9381.194710731506,9522.287249565125,5672.058463096619,5592.450238764286,-597.3106622695923,-364.6928071975708,-1948.5259056091309,592.450238764286
1,4113,41.13,9474.546313285828,8849.837481975555,5212.114378809929,5372.949205338955,93.35160255432129,-672.4497675895691,-459.94408428668976,-219.50103342533112
1,4114,41.14,9969.744086265564,8587.939739227295,5354.64383661747,5098.990835249424,495.1977729797363,-261.8977427482605,142.5294578075409,-273.95837008953094
1,4115,41.15,10000.0,8216.770887374878,6201.477646827698,5196.128860116005,30.255913734436035,-371.168851852417,846.833810210228,97.13802486658096
1,4116,41.160000000000004,10000.0,8421.464562416077,6437.274515628815,9566.597640514374,0.0,204.69367504119873,235.79686880111694,4370.468780398369
1,4117,41.17,10000.0,8597.807884216309,5985.666587948799,9912.182986736298,0.0,176.34332180023193,-451.60792768001556,345.5853462219238
1,4118,41.18,10000.0,5000.0,9282.77462720871,6754.163205623627,0.0,-3597.8078842163086,3297.1080392599106,-3158.019781112671
1,4119,41.19,10000.0,8026.98940038681,9601.757824420929,5000.0,0.0,3026.9894003868103,318.98319721221924,-1754.1632056236267
1,4120,41.2,10000.0,8465.987741947174,9065.071642398834,5000.0,0.0,438.99834156036377,-536.6861820220947,0.0
1,4121,41.21,10000.0,9471.831619739532,9599.413871765137,5000.0,0.0,1005.8438777923584,534.3422293663025,0.0
1,4122,41.22,10000.0,9775.86805820465,8998.114466667175,5000.0,0.0,304.0364384651184,-601.2994050979614,0.0
1,4123,41.230000000000004,9779.318869113922,9930.246472358704,7642.176151275635,5000.0,-220.68113088607788,154.37841415405273,-1355.9383153915405,0.0
1,4124,41.24,9711.87025308609,9578.287601470947,6792.522668838501,5421.114601194859,-67.44861602783203,-351.95887088775635,-849.6534824371338,421.11460119485855
1,4125,41.25,9561.171531677246,9286.348819732666,5524.09790456295,5555.836744606495,-150.698721408844,-291.93878173828125,-1268.4247642755508,134.72214341163635
1,4126,41.26,9714.250564575195,8662.959039211273,5407.597720623016,5140.38223773241,153.07903289794922,-623.3897805213928,-116.50018393993378,-415.4545068740845
1,4127,41.27,10000.0,8405.277132987976,5630.71496784687,5000.0,285.7494354248047,-257.6819062232971,223.11724722385406,-140.38223773241043
1,4128,41.28,10000.0,8007.632791996002,8191.556632518768,6544.544994831085,0.0,-397.6443409919739,2560.841664671898,1544.5449948310852
1,4129,41.29,10000.0,8517.174124717712,6692.122519016266,10000.0,0.0,509.5413327217102,-1499.4341135025024,3455.455005168915
1,4130,41.300000000000004,10000.0,8200.053572654724,7866.646945476532,9613.317251205444,0.0,-317.1205520629883,1174.524426460266,-386.68274879455566
1,4131,41.31,10000.0,7116.420269012451,9616.746604442596,5000.0,0.0,-1083.633303642273,1750.0996589660645,-4613.317251205444
1,4132,41.32,10000.0,8183.648586273193,9264.238774776459,5000.0,0.0,1067.2283172607422,-352.5078296661377,0.0
1,4133,41.33,10000.0,9012.661874294281,9343.386590480804,5000.0,0.0,829.0132880210876,79.1478157043457,0.0
1,4134,41.34,10000.0,9622.97260761261,9260.520339012146,5000.0,0.0,610.3107333183289,-82.86625146865845,0.0
1,4135,41.35,10000.0,9625.546932220459,8812.778890132904,5000.0,0.0,2.574324607849121,-447.74144887924194,0.0
1,4136,41.36,9758.01020860672,9857.416450977325,7913.946509361267,5000.0,-241.98979139328003,231.86951875686646,-898.832380771637,0.0
1,4137,41.37,9653.84066104889,9563.771188259125,6210.725456476212,5584.919638931751,-104.16954755783081,-293.6452627182007,-1703.2210528850555,584.9196389317513
1,4138,41.38,9676.962494850159,9198.267459869385,5544.6882173419,5443.378277122974,23.12183380126953,-365.50372838974,-666.0372391343117,-141.54136180877686
1,4139,41.39,9796.56845331192,8657.479286193848,5520.783439278603,5064.759738743305,119.60595846176147,-540.7881736755371,-23.90477806329727,-378.6185383796692
1,4140,41.4,10000.0,8290.01247882843,5975.097566843033,5000.0,203.43154668807983,-367.4668073654175,454.31412756443024,-64.7597387433052
1,4141,41.410000000000004,10000.0,7990.825176239014,8751.45822763443,6577.197462320328,0.0,-299.1873025894165,2776.360660791397,1577.1974623203278
1,4142,41.42,10000.0,8462.967574596405,7452.401220798492,9959.505796432495,0.0,472.14239835739136,-1299.0570068359375,3382.3083341121674
1,4143,41.43,10000.0,8318.249583244324,8084.62917804718,9396.98725938797,0.0,-144.7179913520813,632.2279572486877,-562.5185370445251
1,4144,41.44,10000.0,7467.550337314606,9460.179209709167,5000.0,0.0,-850.699245929718,1375.5500316619873,-4396.98725938797
1,4145,41.45,10000.0,8259.476721286774,9316.677451133728,5000.0,0.0,791.926383972168,-143.50175857543945,0.0
1,4146,41.46,10000.0,9053.538739681244,9406.435191631317,5000.0,0.0,794.0620183944702,89.75774049758911,0.0
1,4147,41.47,10000.0,9681.014716625214,9301.82546377182,5000.0,0.0,627.4759769439697,-104.60972785949707,0.0
1,4148,41.480000000000004,10000.0,9551.607072353363,9364.12125825882,5000.0,0.0,-129.4076442718506,62.29579448699951,0.0
1,4149,41.49,9500.792324543,9705.205261707306,8247.621953487396,5000.0,-499.20767545700073,153.59818935394287,-1116.4993047714233,0.0
1,4150,41.5,9971.196949481964,9482.472836971283,7684.601545333862,5396.729595959187,470.40462493896484,-222.73242473602295,-563.0204081535339,396.72959595918655
1,4151,41.51,9546.485245227814,9380.303621292114,5950.891822576523,5559.2261627316475,-424.7117042541504,-102.1692156791687,-1733.7097227573395,162.49656677246094
1,4152,41.52,9775.654375553131,8849.997222423553,5524.797737598419,5085.241235792637,229.16913032531738,-530.3063988685608,-426.09408497810364,-473.9849269390106
1,4153,41.53,10000.0,8431.229293346405,5971.831828355789,5000.0,224.3456244468689,-418.76792907714844,447.03409075737,-85.24123579263687
1,4154,41.54,10000.0,8049.978017807007,8671.312034130096,5115.798842161894,0.0,-381.2512755393982,2699.4802057743073,115.79884216189384
1,4155,41.550000000000004,10000.0,8154.996037483215,8502.895534038544,9013.814628124237,0.0,105.0180196762085,-168.41650009155273,3898.015785962343
1,4156,41.56,10000.0,8753.554821014404,8228.183388710022,9684.280157089233,0.0,598.558783531189,-274.71214532852173,670.4655289649963
1,4157,41.57,10000.0,7229.698002338409,8864.270746707916,6444.482058286667,0.0,-1523.8568186759949,636.0873579978943,-3239.7980988025665
1,4158,41.58,10000.0,8159.60556268692,9434.978365898132,5000.0,0.0,929.9075603485107,570.7076191902161,-1444.4820582866669
1,4159,41.59,10000.0,8651.456832885742,9378.022253513336,5000.0,0.0,491.851270198822,-56.95611238479614,0.0
1,4160,41.6,10000.0,9531.828165054321,9713.83422613144,5000.0,0.0,880.3713321685791,335.811972618103,0.0
1,4161,41.61,10000.0,9677.37227678299,9546.05370759964,5000.0,0.0,145.5441117286682,-167.78051853179932,0.0
1,4162,41.62,9563.16739320755,9453.433752059937,8732.689917087555,5000.0,-436.83260679244995,-223.93852472305298,-813.363790512085,0.0
1,4163,41.63,9538.407325744629,9602.050483226776,8521.775603294373,5000.0,-24.760067462921143,148.6167311668396,-210.91431379318237,0.0
1,4164,41.64,9859.663248062134,9406.414031982422,7414.639890193939,5622.828789055347,321.2559223175049,-195.63645124435425,-1107.1357131004333,622.8287890553474
1,4165,41.65,9657.619893550873,9252.088367938995,5943.67653131485,5390.250943601131,-202.043354511261,-154.3256640434265,-1470.9633588790894,-232.577845454216
1,4166,41.660000000000004,9811.009168624878,8795.838057994843,5754.501819610596,5000.0,153.38927507400513,-456.25030994415283,-189.17471170425415,-390.25094360113144
1,4167,41.67,10000.0,8358.440101146698,6407.818496227264,5000.0,188.99083137512207,-437.39795684814453,653.3166766166687,0.0
1,4168,41.68,10000.0,8011.864125728607,9256.946742534637,5328.538119792938,0.0,-346.5759754180908,2849.128246307373,328.53811979293823
1,4169,41.69,10000.0,8110.103011131287,8482.725024223328,8675.912618637085,0.0,98.23888540267944,-774.2217183113098,3347.3744988441467
1,4170,41.7,10000.0,8705.511391162872,8633.761703968048,8740.008473396301,0.0,595.4083800315857,151.03667974472046,64.09585475921631
1,4171,41.71,10000.0,7514.773309230804,8743.2262301445,6129.332780838013,0.0,-1190.7380819320679,109.46452617645264,-2610.6756925582886
1,4172,41.72,10000.0,8193.857371807098,9470.398724079132,5000.0,0.0,679.084062576294,727.1724939346313,-1129.3327808380127
1,4173,41.730000000000004,10000.0,8709.816336631775,9496.030807495117,5000.0,0.0,515.9589648246765,25.632083415985107,0.0
1,4174,41.74,10000.0,9542.163610458374,9729.082584381104,5000.0,0.0,832.3472738265991,233.05177688598633,0.0
1,4175,41.75,10000.0,9712.905287742615,9541.626870632172,5000.0,0.0,170.74167728424072,-187.45571374893188,0.0
1,4176,41.76,9824.959635734558,9321.458637714386,9484.034776687622,5000.0,-175.0403642654419,-391.44665002822876,-57.59209394454956,0.0
1,4177,41.77,9243.25406551361,9435.52315235138,8853.518068790436,5000.0,-581.7055702209473,114.06451463699341,-630.5167078971863,0.0
1,4178,41.78,9915.745854377747,9321.686029434204,8499.153554439545,5110.233016312122,672.4917888641357,-113.8371229171753,-354.3645143508911,110.23301631212234
1,4179,41.79,9705.121517181396,9387.35842704773,6850.121468305588,5662.643164396286,-210.6243371963501,65.67239761352539,-1649.032086133957,552.4101480841637
1,4180,41.800000000000004,9735.203683376312,8999.5938539505,5839.329659938812,5097.1003994345665,30.08216619491577,-387.764573097229,-1010.7918083667755,-565.5427649617195
1,4181,41.81,9842.153489589691,8586.258292198181,6308.570057153702,5000.0,106.9498062133789,-413.33556175231934,469.2403972148895,-97.1003994345665
1,4182,41.82,10000.0,8147.619664669037,8157.311975955963,5000.0,157.84651041030884,-438.6386275291443,1848.7419188022614,0.0
1,4183,41.83,10000.0,7852.139174938202,9510.894119739532,6208.433508872986,0.0,-295.48048973083496,1353.5821437835693,1208.4335088729858
1,4184,41.84,10000.0,8314.566612243652,9257.321059703827,8357.714712619781,0.0,462.42743730545044,-253.57306003570557,2149.2812037467957
1,4185,41.85,10000.0,8407.772183418274,8807.24161863327,8051.8850684165955,0.0,93.20557117462158,-450.07944107055664,-305.82964420318604
1,4186,41.86,10000.0,7828.333079814911,9106.61667585373,5607.299990952015,0.0,-579.439103603363,299.375057220459,-2444.5850774645805
1,4187,41.87,10000.0,8523.260056972504,9551.263749599457,5000.0,0.0,694.9269771575928,444.64707374572754,-607.2999909520149
1,4188,41.88,10000.0,9141.128361225128,9633.143246173859,5000.0,0.0,617.8683042526245,81.87949657440186,0.0
1,4189,41.89,10000.0,9714.135229587555,9716.549217700958,5000.0,0.0,573.0068683624268,83.40597152709961,0.0
1,4190,41.9,10000.0,9681.720733642578,9736.762642860413,5000.0,0.0,-32.41449594497681,20.213425159454346,0.0
1,4191,41.910000000000004,9691.672921180725,9217.1511054039,9572.601616382599,5000.0,-308.3270788192749,-464.569628238678,-164.16102647781372,0.0
1,4192,41.92,9142.011404037476,9294.444620609283,9146.583378314972,5000.0,-549.6615171432495,77.2935152053833,-426.01823806762695,0.0
1,4193,41.93,9818.649888038635,9225.983023643494,8891.953229904175,5000.0,676.6384840011597,-68.4615969657898,-254.63014841079712,0.0
1,4194,41.94,9761.375188827515,9320.516586303711,7794.180512428284,5667.465329170227,-57.274699211120605,94.53356266021729,-1097.772717475891,667.465329170227
1,4195,41.95,9695.31238079071,9031.662940979004,6050.827205181122,5130.178667604923,-66.0628080368042,-288.85364532470703,-1743.3533072471619,-537.2866615653038
1,4196,41.96,9792.653322219849,8736.068904399872,6268.667578697205,5000.0,97.34094142913818,-295.5940365791321,217.84037351608276,-130.17866760492325
1,4197,41.97,10000.0,8245.999217033386,7323.679625988007,5000.0,207.34667778015137,-490.0696873664856,1055.012047290802,0.0
1,4198,41.980000000000004,10000.0,7883.796691894531,9401.065409183502,5345.099754631519,0.0,-362.202525138855,2077.3857831954956,345.0997546315193
1,4199,41.99,10000.0,8033.112585544586,9415.033161640167,7647.658884525299,0.0,149.31589365005493,13.967752456665039,2302.5591298937798
1,4200,42.0,10000.0,8524.901270866394,9277.054965496063,7173.692286014557,0.0,491.78868532180786,-137.978196144104,-473.9665985107422
1,4201,42.01,10000.0,7845.008671283722,8789.450824260712,5931.808948516846,0.0,-679.8925995826721,-487.60414123535156,-1241.8833374977112
1,4202,42.02,10000.0,8287.9039645195,9502.428770065308,5000.0,0.0,442.8952932357788,712.977945804596,-931.8089485168457
1,4203,42.03,10000.0,8901.612162590027,9704.093337059021,5000.0,0.0,613.7081980705261,201.66456699371338,0.0
1,4204,42.04,10000.0,9503.000676631927,9814.044535160065,5000.0,0.0,601.3885140419006,109.9511981010437,0.0
1,4205,42.050000000000004,10000.0,9877.302050590515,9514.921605587006,5000.0,0.0,374.30137395858765,-299.1229295730591,0.0
1,4206,42.06,10000.0,9406.521916389465,9994.00109052658,5000.0,0.0,-470.7801342010498,479.0794849395752,0.0
1,4207,42.07,9297.68830537796,9091.761410236359,9366.157948970795,5000.0,-702.3116946220398,-314.7605061531067,-627.8431415557861,0.0
1,4208,42.08,9315.546452999115,9127.764701843262,9410.165250301361,5000.0,17.858147621154785,36.003291606903076,44.007301330566406,0.0
1,4209,42.09,9747.183918952942,9066.072702407837,9078.43679189682,5000.0,431.6374659538269,-61.691999435424805,-331.728458404541,0.0
1,4210,42.1,9775.860011577606,9139.744639396667,8314.080834388733,5438.226796686649,28.676092624664307,73.67193698883057,-764.3559575080872,438.2267966866493
1,4211,42.11,9676.727056503296,9011.1643075943,6263.391971588135,5028.640069067478,-99.1329550743103,-128.58033180236816,-2050.688862800598,-409.58672761917114
1,4212,42.12,9801.018238067627,8763.203620910645,6382.353603839874,5000.0,124.29118156433105,-247.96068668365479,118.9616322517395,-28.64006906747818
1,4213,42.13,10000.0,8317.339420318604,7051.54150724411,5000.0,198.98176193237305,-445.864200592041,669.1879034042358,0.0
1,4214,42.14,10000.0,7922.871708869934,8872.219622135162,5022.714585065842,0.0,-394.46771144866943,1820.6781148910522,22.714585065841675
1,4215,42.15,10000.0,7942.555248737335,9323.402345180511,6688.099652528763,0.0,19.683539867401123,451.1827230453491,1665.3850674629211
1,4216,42.160000000000004,10000.0,8383.859395980835,9683.935642242432,6459.4922959804535,0.0,441.30414724349976,360.53329706192017,-228.60735654830933
1,4217,42.17,10000.0,8126.781284809113,8971.043527126312,6088.694781064987,0.0,-257.0781111717224,-712.8921151161194,-370.7975149154663
1,4218,42.18,10000.0,8269.495964050293,9156.088531017303,5476.292110979557,0.0,142.71467924118042,185.0450038909912,-612.4026700854301
1,4219,42.19,10000.0,8808.81130695343,9741.619229316711,5000.0,0.0,539.3153429031372,585.530698299408,-476.29211097955704
1,4220,42.2,10000.0,9279.576539993286,9865.95243215561,5000.0,0.0,470.76523303985596,124.3332028388977,0.0
1,4221,42.21,10000.0,9782.200455665588,9511.669278144836,5000.0,0.0,502.62391567230225,-354.2831540107727,0.0
1,4222,42.22,10000.0,9617.311954498291,9915.649592876434,5000.0,0.0,-164.88850116729736,403.9803147315979,0.0
1,4223,42.230000000000004,9940.264821052551,9184.001982212067,10000.0,5000.0,-59.73517894744873,-433.30997228622437,84.35040712356567,0.0
1,4224,42.24,9084.349572658539,8997.259140014648,9415.187239646912,5000.0,-855.9152483940125,-186.7428421974182,-584.8127603530884,0.0
1,4225,42.25,9547.857344150543,8993.507027626038,9521.348178386688,5000.0,463.5077714920044,-3.75211238861084,106.16093873977661,0.0
1,4226,42.26,9638.292491436005,8909.17032957077,9140.178859233856,5011.097006499767,90.43514728546143,-84.33669805526733,-381.16931915283203,11.097006499767303
1,4227,42.27,9583.683609962463,8852.560222148895,8212.42868900299,5000.0,-54.60888147354126,-56.610107421875,-927.7501702308655,-11.097006499767303
1,4228,42.28,9697.834551334381,8952.713012695312,6700.808256864548,5000.0,114.15094137191772,100.15279054641724,-1511.620432138443,0.0
1,4229,42.29,9842.841923236847,8696.120083332062,6620.458662509918,5000.0,145.00737190246582,-256.59292936325073,-80.34959435462952,0.0
1,4230,42.300000000000004,10000.0,8294.644951820374,7337.724566459656,5000.0,157.15807676315308,-401.47513151168823,717.2659039497375,0.0
1,4231,42.31,10000.0,7889.891862869263,8324.230015277863,5031.894743442535,0.0,-404.75308895111084,986.5054488182068,31.8947434425354
1,4232,42.32,10000.0,7974.947988986969,9643.207490444183,6185.167878866196,0.0,85.0561261177063,1318.9774751663208,1153.2731354236603
1,4233,42.33,10000.0,8319.870829582214,9809.728860855103,6195.9706246852875,0.0,344.92284059524536,166.5213704109192,10.802745819091797
1,4234,42.34,10000.0,8175.183832645416,8971.743881702423,5787.149667739868,0.0,-144.6869969367981,-837.9849791526794,-408.8209569454193
1,4235,42.35,10000.0,8406.121730804443,9039.380252361298,5469.069220125675,0.0,230.9378981590271,67.63637065887451,-318.08044761419296
1,4236,42.36,10000.0,8796.699047088623,9802.91873216629,5000.0,0.0,390.5773162841797,763.5384798049927,-469.0692201256752
1,4237,42.37,10000.0,9275.142848491669,9963.630139827728,5000.0,0.0,478.44380140304565,160.711407661438,0.0
1,4238,42.38,10000.0,9756.20985031128,9576.371610164642,5000.0,0.0,481.0670018196106,-387.25852966308594,0.0
1,4239,42.39,9864.0638589859,9687.29168176651,10000.0,5000.0,-135.93614101409912,-68.91816854476929,423.62838983535767,0.0
1,4240,42.4,9892.901182174683,9186.794757843018,10000.0,5000.0,28.83732318878174,-500.49692392349243,0.0,0.0
1,4241,42.410000000000004,9376.845359802246,8911.686837673187,9527.634084224701,5000.0,-516.0558223724365,-275.1079201698303,-472.3659157752991,0.0
1,4242,42.42,9410.570859909058,8823.71962070465,9696.771800518036,5000.0,33.72550010681152,-87.96721696853638,169.13771629333496,0.0
1,4243,42.43,9534.628093242645,8773.899376392365,9470.546543598175,5000.0,124.05723333358765,-49.82024431228638,-226.22525691986084,0.0
1,4244,42.44,9526.756703853607,8746.182918548584,9265.796840190887,5000.0,-7.871389389038086,-27.716457843780518,-204.7497034072876,0.0
1,4245,42.45,9527.513682842255,8716.175258159637,8368.423581123352,5000.0,0.7569789886474609,-30.007660388946533,-897.3732590675354,0.0
1,4246,42.46,9835.023880004883,8874.514698982239,7037.738561630249,5000.0,307.5101971626282,158.33944082260132,-1330.685019493103,0.0
1,4247,42.47,10000.0,8568.80784034729,6698.133945465088,5000.0,164.9761199951172,-305.70685863494873,-339.60461616516113,0.0
1,4248,42.480000000000004,10000.0,8108.31606388092,7334.215342998505,5000.0,0.0,-460.49177646636963,636.0813975334167,0.0
1,4249,42.49,10000.0,7880.358099937439,7312.138676643372,5279.880054295063,0.0,-227.95796394348145,-22.076666355133057,279.880054295063
1,4250,42.5,10000.0,8178.795576095581,9992.561340332031,5731.369256973267,0.0,298.4374761581421,2680.4226636886597,451.4892026782036
1,4251,42.51,10000.0,8479.426503181458,9519.55646276474,5872.577279806137,0.0,300.63092708587646,-473.00487756729126,141.20802283287048
1,4252,42.52,10000.0,8333.320915699005,8824.075758457184,5594.859831035137,0.0,-146.1055874824524,-695.4807043075562,-277.7174487709999
1,4253,42.53,10000.0,8589.18309211731,9452.5146484375,5152.828432619572,0.0,255.86217641830444,628.4388899803162,-442.0313984155655
1,4254,42.54,10000.0,8968.514800071716,9859.164357185364,5000.0,0.0,379.33170795440674,406.64970874786377,-152.8284326195717
1,4255,42.550000000000004,10000.0,9344.43473815918,10000.0,5000.0,0.0,375.9199380874634,140.83564281463623,0.0
1,4256,42.56,9831.838011741638,9826.67088508606,9617.988467216492,5000.0,-168.16198825836182,482.2361469268799,-382.0115327835083,0.0
1,4257,42.57,9768.87583732605,9612.186849117279,10000.0,5000.0,-62.96217441558838,-214.48403596878052,382.0115327835083,0.0
1,4258,42.58,9820.001721382141,9131.441414356232,10000.0,5000.0,51.12588405609131,-480.74543476104736,0.0,0.0
1,4259,42.59,9553.905725479126,8872.188329696655,9712.272584438324,5000.0,-266.09599590301514,-259.2530846595764,-287.727415561676,0.0
1,4260,42.6,9444.674253463745,8744.94194984436,9773.409366607666,5000.0,-109.23147201538086,-127.24637985229492,61.13678216934204,0.0
1,4261,42.61,9482.94222354889,8699.07796382904,9571.99364900589,5000.0,38.26797008514404,-45.863986015319824,-201.41571760177612,0.0
1,4262,42.62,9496.41764163971,8680.534958839417,9416.563212871552,5000.0,13.475418090820312,-18.543004989624023,-155.43043613433838,0.0
1,4263,42.63,9643.389880657196,8726.567029953003,9341.475367546082,5000.0,146.97223901748657,46.032071113586426,-75.08784532546997,0.0
1,4264,42.64,9769.523739814758,9032.038748264313,7111.814320087433,5000.0,126.13385915756226,305.4717183113098,-2229.6610474586487,0.0
1,4265,42.65,9838.68420124054,8779.423534870148,6787.970066070557,5000.0,69.16046142578125,-252.61521339416504,-323.8442540168762,0.0
1,4266,42.660000000000004,10000.0,8538.520634174347,6651.070713996887,5000.0,161.31579875946045,-240.90290069580078,-136.89935207366943,0.0
1,4267,42.67,10000.0,8131.110072135925,6622.348427772522,5352.354533970356,0.0,-407.41056203842163,-28.722286224365234,352.354533970356
1,4268,42.68,9804.054498672485,8191.978335380554,6753.783822059631,5647.29243516922,-195.94550132751465,60.868263244628906,131.43539428710938,294.937901198864
1,4269,42.69,8807.93422460556,8395.999670028687,6672.870516777039,5576.626397669315,-996.120274066925,204.02133464813232,-80.91330528259277,-70.66603749990463
1,4270,42.7,9103.990197181702,8143.2729959487915,5389.600694179535,5793.042331933975,296.05597257614136,-252.72667407989502,-1283.2698225975037,216.41593426465988
1,4271,42.71,9232.776165008545,8591.103851795197,5337.963663041592,5365.308411419392,128.78596782684326,447.83085584640503,-51.63703113794327,-427.7339205145836
1,4272,42.72,9602.86021232605,9060.629308223724,5464.7598043084145,5000.0,370.0840473175049,469.52545642852783,126.79614126682281,-365.30841141939163
1,4273,42.730000000000004,9742.33865737915,9530.553221702576,5854.758694767952,5000.0,139.4784450531006,469.9239134788513,389.9988904595375,0.0
1,4274,42.74,9792.201817035675,9696.553945541382,6334.429383277893,5110.420845448971,49.86315965652466,166.00072383880615,479.6706885099411,110.4208454489708
1,4275,42.75,9739.433526992798,9765.674471855164,5919.847190380096,5338.8698771595955,-52.7682900428772,69.12052631378174,-414.58219289779663,228.4490317106247
1,4276,42.76,9486.765265464783,9691.71166419983,5968.702659010887,5485.596992075443,-252.66826152801514,-73.96280765533447,48.85546863079071,146.72711491584778
1,4277,42.77,9245.94908952713,9548.219442367554,6155.12952208519,5438.393317162991,-240.8161759376526,-143.4922218322754,186.42686307430267,-47.2036749124527
1,4278,42.78,9498.97974729538,9513.202011585236,6315.720975399017,5295.567400753498,253.0306577682495,-35.017430782318115,160.59145331382751,-142.8259164094925
1,4279,42.79,9843.946993350983,9299.308061599731,5804.240331053734,5455.493666231632,344.967246055603,-213.89394998550415,-511.4806443452835,159.92626547813416
1,4280,42.800000000000004,9714.450240135193,9001.234471797943,5818.400010466576,5250.281505286694,-129.4967532157898,-298.07358980178833,14.159679412841797,-205.21216094493866
1,4281,42.81,9630.4452419281,8804.612159729004,5943.507179617882,5000.0,-84.00499820709229,-196.6223120689392,125.10716915130615,-250.28150528669357
1,4282,42.82,10000.0,8594.35498714447,6533.907055854797,5000.0,369.5547580718994,-210.2571725845337,590.3998762369156,0.0
1,4283,42.83,10000.0,8407.870531082153,8375.215828418732,5000.0,0.0,-186.4844560623169,1841.3087725639343,0.0
1,4284,42.84,10000.0,8084.622025489807,8952.150642871857,5000.0,0.0,-323.2485055923462,576.934814453125,0.0
1,4285,42.85,10000.0,8178.859353065491,7291.120886802673,5094.918794929981,0.0,94.2373275756836,-1661.0297560691833,94.91879492998123
1,4286,42.86,10000.0,8456.445932388306,7296.741604804993,5586.647130548954,0.0,277.58657932281494,5.620718002319336,491.7283356189728
1,4287,42.87,9815.91671705246,8336.850106716156,5625.079572200775,5567.523874342442,-184.08328294754028,-119.59582567214966,-1671.6620326042175,-19.12325620651245
1,4288,42.88,9548.209011554718,8465.853929519653,8254.618346691132,5000.0,-267.7077054977417,129.00382280349731,2629.5387744903564,-567.5238743424416
1,4289,42.89,10000.0,9090.215265750885,9093.821048736572,5000.0,451.790988445282,624.3613362312317,839.2027020454407,0.0
1,4290,42.9,10000.0,9515.549540519714,9106.699526309967,5000.0,0.0,425.33427476882935,12.878477573394775,0.0
1,4291,42.910000000000004,10000.0,9546.894431114197,9467.280209064484,5000.0,0.0,31.344890594482422,360.5806827545166,0.0
1,4292,42.92,10000.0,9456.676840782166,10000.0,5122.943855822086,0.0,-90.21759033203125,532.7197909355164,122.94385582208633
1,4293,42.93,9610.247910022736,9450.038373470306,8891.415297985077,5023.869089782238,-389.7520899772644,-6.638467311859131,-1108.584702014923,-99.07476603984833
1,4294,42.94,9170.030355453491,9359.462857246399,7260.2590918540955,5192.993022501469,-440.2175545692444,-90.57551622390747,-1631.1562061309814,169.12393271923065
1,4295,42.95,9768.189787864685,9010.340571403503,8834.81115102768,5000.0,598.1594324111938,-349.1222858428955,1574.552059173584,-192.99302250146866
1,4296,42.96,9785.006046295166,8977.435231208801,9681.235551834106,5000.0,16.816258430480957,-32.90534019470215,846.424400806427,0.0
1,4297,42.97,9801.652431488037,8979.067206382751,10000.0,5000.0,16.646385192871094,1.6319751739501953,318.76444816589355,0.0
1,4298,42.980000000000004,10000.0,9009.471237659454,9541.575014591217,5000.0,198.3475685119629,30.40403127670288,-458.42498540878296,0.0
1,4299,42.99,10000.0,8730.161786079407,9655.827581882477,5000.0,0.0,-279.3094515800476,114.25256729125977,0.0
1,4300,43.0,10000.0,8601.779639720917,9513.81266117096,5000.0,0.0,-128.38214635849,-142.01492071151733,0.0
1,4301,43.01,10000.0,8953.627347946167,9569.259583950043,5000.0,0.0,351.84770822525024,55.44692277908325,0.0
1,4302,43.02,10000.0,8825.045824050903,10000.0,5000.0,0.0,-128.58152389526367,430.7404160499573,0.0
1,4303,43.03,10000.0,9646.816551685333,9797.126948833466,5000.0,0.0,821.7707276344299,-202.87305116653442,0.0
1,4304,43.04,10000.0,9314.064383506775,9946.281611919403,5000.0,0.0,-332.75216817855835,149.1546630859375,0.0
1,4305,43.050000000000004,9413.073658943176,9374.66561794281,10000.0,5000.0,-586.9263410568237,60.601234436035156,53.718388080596924,0.0
1,4306,43.06,9265.114963054657,9732.427597045898,10000.0,5000.0,-147.9586958885193,357.7619791030884,0.0,0.0
1,4307,43.07,9404.559433460236,9869.175255298615,10000.0,5000.0,139.4444704055786,136.74765825271606,0.0,0.0
1,4308,43.08,9659.479260444641,9803.336262702942,10000.0,5000.0,254.91982698440552,-65.83899259567261,0.0,0.0
1,4309,43.09,10000.0,9846.117794513702,10000.0,5000.0,340.5207395553589,42.7815318107605,0.0,0.0
1,4310,43.1,10000.0,9910.887479782104,10000.0,5000.0,0.0,64.7696852684021,0.0,0.0
1,4311,43.11,10000.0,9913.214147090912,10000.0,5000.0,0.0,2.326667308807373,0.0,0.0
1,4312,43.12,10000.0,10000.0,10000.0,5000.0,0.0,86.78585290908813,0.0,0.0
1,4313,43.13,10000.0,10000.0,10000.0,5000.0,0.0,0.0,0.0,0.0
1,4314,43.14,9731.748700141907,10000.0,10000.0,5000.0,-268.25129985809326,0.0,0.0,0.0
1,4315,43.15,9683.316946029663,10000.0,10000.0,5000.0,-48.43175411224365,0.0,0.0,0.0
1,4316,43.160000000000004,9520.548582077026,9491.280913352966,10000.0,5000.0,-162.76836395263672,-508.7190866470337,0.0,0.0
1,4317,43.17,9490.46015739441,9387.330114841461,10000.0,5000.0,-30.088424682617188,-103.95079851150513,0.0,0.0
1,4318,43.18,9429.629445075989,9459.174871444702,10000.0,5000.0,-60.83071231842041,71.84475660324097,0.0,0.0
1,4319,43.19,9252.570569515228,9657.024145126343,10000.0,5000.0,-177.0588755607605,197.84927368164062,0.0,0.0
1,4320,43.2,6673.008054494858,9831.42614364624,10000.0,5000.0,-2579.5625150203705,174.40199851989746,0.0,0.0
1,4321,43.21,5000.0,9302.533864974976,10000.0,5000.0,-1673.0080544948578,-528.8922786712646,0.0,0.0
1,4322,43.22,5000.0,9524.511694908142,10000.0,5000.0,0.0,221.9778299331665,0.0,0.0
1,4323,43.230000000000004,5000.0,9811.760187149048,10000.0,5000.0,0.0,287.24849224090576,0.0,0.0
1,4324,43.24,8955.282866954803,10000.0,10000.0,5000.0,3955.2828669548035,188.23981285095215,0.0,0.0
1,4325,43.25,9628.741145133972,10000.0,10000.0,5000.0,673.4582781791687,0.0,0.0,0.0
1,4326,43.26,10000.0,10000.0,10000.0,5000.0,371.25885486602783,0.0,0.0,0.0
1,4327,43.27,10000.0,10000.0,10000.0,5000.0,0.0,0.0,0.0,0.0
1,4328,43.28,10000.0,10000.0,10000.0,5000.0,0.0,0.0,0.0,0.0
1,4329,43.29,10000.0,10000.0,10000.0,5000.0,0.0,0.0,0.0,0.0
1,4330,43.300000000000004,10000.0,10000.0,10000.0,5000.0,0.0,0.0,0.0,0.0
1,4331,43.31,9978.213906288147,10000.0,10000.0,5000.0,-21.786093711853027,0.0,0.0,0.0
1,4332,43.32,9808.031916618347,9788.590371608734,10000.0,5000.0,-170.1819896697998,-211.40962839126587,0.0,0.0
1,4333,43.33,9414.64900970459,8917.702436447144,10000.0,5000.0,-393.3829069137573,-870.8879351615906,0.0,0.0
1,4334,43.34,9556.098580360413,8921.508193016052,10000.0,5000.0,141.44957065582275,3.8057565689086914,0.0,0.0
1,4335,43.35,9842.216670513153,9140.467643737793,10000.0,5000.0,286.1180901527405,218.95945072174072,0.0,0.0
1,4336,43.36,9846.894145011902,9229.292571544647,10000.0,5000.0,4.677474498748779,88.82492780685425,0.0,0.0
1,4337,43.37,9489.984512329102,9016.259610652924,10000.0,5000.0,-356.9096326828003,-213.03296089172363,0.0,0.0
1,4338,43.38,8595.547676086426,9032.911360263824,10000.0,5117.14655905962,-894.4368362426758,16.65174961090088,0.0,117.1465590596199
1,4339,43.39,8615.432977676392,9589.723348617554,10000.0,5000.0,19.88530158996582,556.8119883537292,0.0,-117.1465590596199
1,4340,43.4,9218.093454837799,10000.0,10000.0,5000.0,602.6604771614075,410.2766513824463,0.0,0.0
1,4341,43.410000000000004,10000.0,10000.0,10000.0,5000.0,781.9065451622009,0.0,0.0,0.0
1,4342,43.42,10000.0,10000.0,10000.0,5000.0,0.0,0.0,0.0,0.0
1,4343,43.43,10000.0,10000.0,10000.0,5000.0,0.0,0.0,0.0,0.0
1,4344,43.44,10000.0,10000.0,10000.0,5000.0,0.0,0.0,0.0,0.0
1,4345,43.45,10000.0,10000.0,10000.0,5000.0,0.0,0.0,0.0,0.0
1,4346,43.46,9926.060438156128,10000.0,10000.0,5000.0,-73.93956184387207,0.0,0.0,0.0
1,4347,43.47,9125.691652297974,10000.0,10000.0,5711.4700973033905,-800.3687858581543,0.0,0.0,711.4700973033905
1,4348,43.480000000000004,9051.62513256073,10000.0,10000.0,5512.81426101923,-74.06651973724365,0.0,0.0,-198.6558362841606
1,4349,43.49,8868.579864501953,9906.342625617981,10000.0,5384.140647947788,-183.04526805877686,-93.65737438201904,0.0,-128.67361307144165
1,4350,43.5,9106.288850307465,10000.0,10000.0,5000.0,237.70898580551147,93.65737438201904,0.0,-384.14064794778824
1,4351,43.51,9815.239310264587,9770.824909210205,10000.0,5000.0,708.9504599571228,-229.17509078979492,0.0,0.0
1,4352,43.52,5000.0,10000.0,10000.0,5000.0,-4815.239310264587,229.17509078979492,0.0,0.0
1,4353,43.53,5000.0,9926.641285419464,10000.0,5000.0,0.0,-73.35871458053589,0.0,0.0
1,4354,43.54,5000.0,9862.802028656006,10000.0,5000.0,0.0,-63.83925676345825,0.0,0.0
1,4355,43.550000000000004,5000.0,10000.0,10000.0,5000.0,0.0,137.19797134399414,0.0,0.0
1,4356,43.56,9645.931124687195,10000.0,10000.0,5000.0,4645.931124687195,0.0,0.0,0.0
1,4357,43.57,9871.99068069458,10000.0,10000.0,5009.66627150774,226.05955600738525,0.0,0.0,9.66627150774002
1,4358,43.58,10000.0,10000.0,10000.0,5000.0,128.00931930541992,0.0,0.0,-9.66627150774002
1,4359,43.59,10000.0,10000.0,10000.0,5000.0,0.0,0.0,0.0,0.0
1,4360,43.6,9614.59368467331,10000.0,10000.0,5180.789418518543,-385.4063153266907,0.0,0.0,180.78941851854324
1,4361,43.61,9366.381764411926,10000.0,10000.0,5712.042450904846,-248.21192026138306,0.0,0.0,531.253032386303
1,4362,43.62,9316.386580467224,10000.0,10000.0,5660.836547613144,-49.99518394470215,0.0,0.0,-51.20590329170227
1,4363,43.63,9183.98380279541,10000.0,10000.0,5451.063998043537,-132.40277767181396,0.0,0.0,-209.77254956960678
1,4364,43.64,9322.658479213715,10000.0,10000.0,5000.0,138.67467641830444,0.0,0.0,-451.06399804353714
1,4365,43.65,7798.072695732117,10000.0,10000.0,5000.0,-1524.585783481598,0.0,0.0,0.0
1,4366,43.660000000000004,5066.901464015245,10000.0,10000.0,5000.0,-2731.1712317168713,0.0,0.0,0.0
1,4367,43.67,5000.0,10000.0,10000.0,5000.0,-66.90146401524544,0.0,0.0,0.0
1,4368,43.68,5000.0,9828.557968139648,10000.0,5000.0,0.0,-171.44203186035156,0.0,0.0
1,4369,43.69,5000.0,9811.288118362427,10000.0,5000.0,0.0,-17.26984977722168,0.0,0.0
1,4370,43.7,7430.874705314636,10000.0,10000.0,5000.0,2430.8747053146362,188.71188163757324,0.0,0.0
1,4371,43.71,9892.245531082153,10000.0,10000.0,5069.706626236439,2461.370825767517,0.0,0.0,69.70662623643875
1,4372,43.72,9924.17961359024,10000.0,10000.0,5000.0,31.934082508087158,0.0,0.0,-69.70662623643875
1,4373,43.730000000000004,10000.0,10000.0,10000.0,5000.0,75.82038640975952,0.0,0.0,0.0
1,4374,43.74,9705.961346626282,10000.0,10000.0,5188.30943852663,-294.03865337371826,0.0,0.0,188.3094385266304
1,4375,43.75,9515.432119369507,10000.0,10000.0,5636.248588562012,-190.5292272567749,0.0,0.0,447.9391500353813
1,4376,43.76,9457.913041114807,10000.0,10000.0,5719.33850646019,-57.51907825469971,0.0,0.0,83.0899178981781
1,4377,43.77,9383.432865142822,10000.0,10000.0,5478.150732815266,-74.48017597198486,0.0,0.0,-241.18777364492416
1,4378,43.78,9442.773461341858,10000.0,10000.0,5081.897713243961,59.340596199035645,0.0,0.0,-396.2530195713043
1,4379,43.79,8523.257374763489,10000.0,10000.0,5000.0,-919.5160865783691,0.0,0.0,-81.89771324396133
1,4380,43.800000000000004,5093.2626612484455,10000.0,10000.0,5000.0,-3429.9947135150433,0.0,0.0,0.0
1,4381,43.81,5000.0,10000.0,10000.0,5000.0,-93.26266124844551,0.0,0.0,0.0
1,4382,43.82,5000.0,10000.0,10000.0,5000.0,0.0,0.0,0.0,0.0
1,4383,43.83,5000.0,9702.873826026917,10000.0,5000.0,0.0,-297.1261739730835,0.0,0.0
1,4384,43.84,5000.0,9989.257752895355,10000.0,5000.0,0.0,286.3839268684387,0.0,0.0
1,4385,43.85,8759.49740409851,10000.0,10000.0,5000.0,3759.4974040985107,10.742247104644775,0.0,0.0
1,4386,43.86,9875.521659851074,10000.0,10000.0,5050.378032028675,1116.0242557525635,0.0,0.0,50.37803202867508
1,4387,43.87,9827.817380428314,10000.0,10000.0,5019.42191272974,-47.70427942276001,0.0,0.0,-30.956119298934937
1,4388,43.88,9883.857369422913,10000.0,10000.0,5000.0,56.03998899459839,0.0,0.0,-19.421912729740143
1,4389,43.89,9660.573899745941,10000.0,10000.0,5442.4600675702095,-223.28346967697144,0.0,0.0,442.4600675702095
1,4390,43.9,9586.527347564697,10000.0,10000.0,5672.748684883118,-74.0465521812439,0.0,0.0,230.28861731290817
1,4391,43.910000000000004,9574.4189620018,10000.0,10000.0,5652.493983507156,-12.108385562896729,0.0,0.0,-20.254701375961304
1,4392,43.92,9602.145552635193,10000.0,10000.0,5291.099734604359,27.726590633392334,0.0,0.0,-361.3942489027977
1,4393,43.93,9678.032398223877,10000.0,10000.0,5000.0,75.88684558868408,0.0,0.0,-291.0997346043587
1,4394,43.94,6684.088855981827,10000.0,10000.0,5000.0,-2993.94354224205,0.0,0.0,0.0
1,4395,43.95,5000.0,10000.0,10000.0,5000.0,-1684.0888559818268,0.0,0.0,0.0
1,4396,43.96,5000.0,10000.0,10000.0,5000.0,0.0,0.0,0.0,0.0
1,4397,43.97,5000.0,10000.0,10000.0,5000.0,0.0,0.0,0.0,0.0
1,4398,43.980000000000004,5000.0,9780.664145946503,10000.0,5000.0,0.0,-219.33585405349731,0.0,0.0
1,4399,43.99,5000.0,9792.377948760986,10000.0,5000.0,0.0,11.713802814483643,0.0,0.0
1,4400,44.0,6333.083212375641,10000.0,10000.0,5000.0,1333.0832123756409,207.62205123901367,0.0,0.0
1,4401,44.01,10000.0,10000.0,10000.0,5000.0,3666.916787624359,0.0,0.0,0.0
1,4402,44.02,9745.446145534515,10000.0,10000.0,5051.370747387409,-254.55385446548462,0.0,0.0,51.37074738740921
1,4403,44.03,9778.64384651184,10000.0,10000.0,5042.729862034321,33.19770097732544,0.0,0.0,-8.640885353088379
1,4404,44.04,9768.940508365631,10000.0,10000.0,5283.473767340183,-9.703338146209717,0.0,0.0,240.74390530586243
1,4405,44.050000000000004,9728.55418920517,10000.0,10000.0,5508.246906101704,-40.386319160461426,0.0,0.0,224.77313876152039
1,4406,44.06,9606.437087059021,10000.0,10000.0,5660.627633333206,-122.11710214614868,0.0,0.0,152.38072723150253
1,4407,44.07,9646.638333797455,10000.0,10000.0,5495.068617165089,40.20124673843384,0.0,0.0,-165.55901616811752
1,4408,44.08,9673.91461133957,10000.0,10000.0,5059.90955978632,27.276277542114258,0.0,0.0,-435.1590573787689
1,4409,44.09,9760.085940361023,10000.0,10000.0,5000.0,86.17132902145386,0.0,0.0,-59.90955978631973
1,4410,44.1,5819.466114044189,10000.0,10000.0,5000.0,-3940.6198263168335,0.0,0.0,0.0
1,4411,44.11,5000.0,10000.0,10000.0,5000.0,-819.4661140441895,0.0,0.0,0.0
1,4412,44.12,5000.0,10000.0,10000.0,5000.0,0.0,0.0,0.0,0.0
1,4413,44.13,5000.0,10000.0,10000.0,5000.0,0.0,0.0,0.0,0.0
1,4414,44.14,5000.0,9695.957601070404,10000.0,5000.0,0.0,-304.04239892959595,0.0,0.0
1,4415,44.15,5000.0,9971.396327018738,10000.0,5000.0,0.0,275.43872594833374,0.0,0.0
1,4416,44.160000000000004,7115.367203950882,10000.0,10000.0,5000.0,2115.367203950882,28.603672981262207,0.0,0.0
1,4417,44.17,10000.0,10000.0,10000.0,5000.0,2884.632796049118,0.0,0.0,0.0
1,4418,44.18,9709.906876087189,10000.0,10000.0,5011.790879070759,-290.0931239128113,0.0,0.0,11.79087907075882
1,4419,44.19,9794.453978538513,10000.0,10000.0,5041.856952011585,84.54710245132446,0.0,0.0,30.066072940826416
1,4420,44.2,9814.383089542389,10000.0,10000.0,5242.110230028629,19.929111003875732,0.0,0.0,200.25327801704407
1,4421,44.21,9766.315817832947,10000.0,10000.0,5408.638305962086,-48.06727170944214,0.0,0.0,166.52807593345642
1,4422,44.22,9626.163244247437,10000.0,10000.0,5581.788010895252,-140.15257358551025,0.0,0.0,173.1497049331665
1,4423,44.230000000000004,9710.448384284973,10000.0,10000.0,5376.786477863789,84.28514003753662,0.0,0.0,-205.00153303146362
1,4424,44.24,9794.057607650757,10000.0,10000.0,5000.0,83.60922336578369,0.0,0.0,-376.7864778637886
1,4425,44.25,9866.114556789398,10000.0,10000.0,5000.0,72.05694913864136,0.0,0.0,0.0
1,4426,44.26,6436.22949719429,10000.0,10000.0,5000.0,-3429.885059595108,0.0,0.0,0.0
1,4427,44.27,5000.0,10000.0,10000.0,5000.0,-1436.2294971942902,0.0,0.0,0.0
1,4428,44.28,5000.0,10000.0,10000.0,5000.0,0.0,0.0,0.0,0.0
1,4429,44.29,5000.0,10000.0,10000.0,5000.0,0.0,0.0,0.0,0.0
1,4430,44.300000000000004,5000.0,10000.0,10000.0,5000.0,0.0,0.0,0.0,0.0
1,4431,44.31,5000.0,9685.472249984741,10000.0,5000.0,0.0,-314.5277500152588,0.0,0.0
1,4432,44.32,5023.040270898491,10000.0,10000.0,5000.0,23.040270898491144,314.5277500152588,0.0,0.0
1,4433,44.33,8998.54063987732,10000.0,10000.0,5000.0,3975.500368978828,0.0,0.0,0.0
1,4434,44.34,9877.214431762695,10000.0,10000.0,5000.0,878.673791885376,0.0,0.0,0.0
1,4435,44.35,9737.789332866669,10000.0,10000.0,5000.0,-139.4250988960266,0.0,0.0,0.0
1,4436,44.36,9887.968301773071,10000.0,10000.0,5076.856650412083,150.1789689064026,0.0,0.0,76.85665041208267
1,4437,44.37,9782.95624256134,10000.0,10000.0,5301.813371479511,-105.01205921173096,0.0,0.0,224.9567210674286
1,4438,44.38,9674.645364284515,10000.0,10000.0,5453.123636543751,-108.31087827682495,0.0,0.0,151.3102650642395
1,4439,44.39,9681.02216720581,10000.0,10000.0,5410.742051899433,6.376802921295166,0.0,0.0,-42.38158464431763
1,4440,44.4,9808.291494846344,10000.0,10000.0,5087.4752178788185,127.26932764053345,0.0,0.0,-323.2668340206146
1,4441,44.410000000000004,9860.590994358063,10000.0,10000.0,5000.0,52.29949951171875,0.0,0.0,-87.47521787881851
1,4442,44.42,9160.49599647522,10000.0,10000.0,5000.0,-700.094997882843,0.0,0.0,0.0
1,4443,44.43,5586.298294365406,10000.0,10000.0,5000.0,-3574.1977021098137,0.0,0.0,0.0
1,4444,44.44,5000.0,10000.0,10000.0,5000.0,-586.298294365406,0.0,0.0,0.0
1,4445,44.45,5000.0,10000.0,10000.0,5000.0,0.0,0.0,0.0,0.0
1,4446,44.46,5000.0,10000.0,10000.0,5000.0,0.0,0.0,0.0,0.0
1,4447,44.47,5000.0,10000.0,10000.0,5000.0,0.0,0.0,0.0,0.0
1,4448,44.480000000000004,5000.0,9700.923264026642,10000.0,5000.0,0.0,-299.07673597335815,0.0,0.0
1,4449,44.49,5002.414679620415,10000.0,10000.0,5000.0,2.4146796204149723,299.07673597335815,0.0,0.0
1,4450,44.5,8140.9794092178345,10000.0,10000.0,5000.0,3138.5647295974195,0.0,0.0,0.0
1,4451,44.51,9950.063824653625,10000.0,10000.0,5000.0,1809.084415435791,0.0,0.0,0.0
1,4452,44.52,9828.346371650696,10000.0,10000.0,5000.0,-121.71745300292969,0.0,0.0,0.0
1,4453,44.53,9912.36686706543,10000.0,10000.0,5027.025230228901,84.02049541473389,0.0,0.0,27.02523022890091
1,4454,44.54,9789.459705352783,10000.0,10000.0,5231.9686487317085,-122.90716171264648,0.0,0.0,204.94341850280762
1,4455,44.550000000000004,9720.926284790039,10000.0,10000.0,5316.407419741154,-68.53342056274414,0.0,0.0,84.43877100944519
1,4456,44.56,9620.4674243927,10000.0,10000.0,5344.25962716341,-100.45886039733887,0.0,0.0,27.85220742225647
1,4457,44.57,9830.933511257172,10000.0,10000.0,5000.0,210.46608686447144,0.0,0.0,-344.2596271634102
1,4458,44.58,9893.903136253357,10000.0,10000.0,5000.0,62.9696249961853,0.0,0.0,0.0
1,4459,44.59,8974.350094795227,10000.0,10000.0,5000.0,-919.5530414581299,0.0,0.0,0.0
1,4460,44.6,5727.816522121429,10000.0,10000.0,5000.0,-3246.5335726737976,0.0,0.0,0.0
1,4461,44.61,5000.0,10000.0,10000.0,5000.0,-727.8165221214294,0.0,0.0,0.0
1,4462,44.62,5000.0,10000.0,10000.0,5000.0,0.0,0.0,0.0,0.0
1,4463,44.63,5000.0,10000.0,10000.0,5000.0,0.0,0.0,0.0,0.0
1,4464,44.64,5000.0,10000.0,10000.0,5000.0,0.0,0.0,0.0,0.0
1,4465,44.65,5000.0,9938.98868560791,10000.0,5000.0,0.0,-61.011314392089844,0.0,0.0
1,4466,44.660000000000004,5000.0,9828.236401081085,10000.0,5000.0,0.0,-110.75228452682495,0.0,0.0
1,4467,44.67,5293.019134551287,10000.0,10000.0,5000.0,293.0191345512867,171.7635989189148,0.0,0.0
1,4468,44.68,8204.042911529541,10000.0,10000.0,5000.0,2911.0237769782543,0.0,0.0,0.0
1,4469,44.69,9841.446876525879,10000.0,10000.0,5000.0,1637.403964996338,0.0,0.0,0.0
1,4470,44.7,9889.93525505066,10000.0,10000.0,5000.0,48.48837852478027,0.0,0.0,0.0
1,4471,44.71,9893.237352371216,10000.0,10000.0,5001.970715820789,3.3020973205566406,0.0,0.0,1.9707158207893372
1,4472,44.72,9773.449301719666,10000.0,10000.0,5168.275870382786,-119.7880506515503,0.0,0.0,166.30515456199646
1,4473,44.730000000000004,9554.182887077332,10000.0,10000.0,5114.666558802128,-219.26641464233398,0.0,0.0,-53.60931158065796
1,4474,44.74,9234.732985496521,10000.0,10000.0,5016.634650528431,-319.44990158081055,0.0,0.0,-98.0319082736969
1,4475,44.75,9840.726256370544,10000.0,10000.0,5000.0,605.9932708740234,0.0,0.0,-16.63465052843094
1,4476,44.76,9819.652438163757,10000.0,10000.0,5000.0,-21.07381820678711,0.0,0.0,0.0
1,4477,44.77,7717.880308628082,9780.54940700531,10000.0,5000.0,-2101.772129535675,-219.45059299468994,0.0,0.0
1,4478,44.78,5718.394815921783,9997.005462646484,10000.0,5000.0,-1999.4854927062988,216.45605564117432,0.0,0.0
1,4479,44.79,5000.0,10000.0,10000.0,5000.0,-718.3948159217834,2.994537353515625,0.0,0.0
1,4480,44.800000000000004,5000.0,10000.0,10000.0,5000.0,0.0,0.0,0.0,0.0
1,4481,44.81,5000.0,10000.0,10000.0,5000.0,0.0,0.0,0.0,0.0
1,4482,44.82,5000.0,10000.0,10000.0,5000.0,0.0,0.0,0.0,0.0
1,4483,44.83,5000.0,10000.0,10000.0,5000.0,0.0,0.0,0.0,0.0
1,4484,44.84,5000.0,9777.215123176575,10000.0,5000.0,0.0,-222.7848768234253,0.0,0.0
1,4485,44.85,5000.0,10000.0,10000.0,5000.0,0.0,222.7848768234253,0.0,0.0
1,4486,44.86,5556.232817471027,10000.0,10000.0,5000.0,556.2328174710274,0.0,0.0,0.0
1,4487,44.87,8113.334178924561,10000.0,10000.0,5000.0,2557.101361453533,0.0,0.0,0.0
1,4488,44.88,9256.60789012909,10000.0,10000.0,5000.0,1143.2737112045288,0.0,0.0,0.0
1,4489,44.89,9734.46011543274,10000.0,10000.0,5000.0,477.8522253036499,0.0,0.0,0.0
1,4490,44.9,9746.789336204529,10000.0,10000.0,5000.0,12.32922077178955,0.0,0.0,0.0
1,4491,44.910000000000004,9543.439149856567,10000.0,10000.0,5000.0,-203.35018634796143,0.0,0.0,0.0
1,4492,44.92,8268.212676048279,10000.0,10000.0,5000.0,-1275.2264738082886,0.0,0.0,0.0
1,4493,44.93,7918.326258659363,10000.0,10000.0,5000.0,-349.886417388916,0.0,0.0,0.0
1,4494,44.94,8813.378810882568,10000.0,10000.0,5000.0,895.0525522232056,0.0,0.0,0.0
1,4495,44.95,9410.131573677063,10000.0,10000.0,5000.0,596.7527627944946,0.0,0.0,0.0
1,4496,44.96,6924.932599067688,9714.415073394775,10000.0,5000.0,-2485.198974609375,-285.5849266052246,0.0,0.0
1,4497,44.97,5799.823477864265,9911.649823188782,10000.0,5000.0,-1125.1091212034225,197.23474979400635,0.0,0.0
1,4498,44.980000000000004,5006.347915623337,10000.0,10000.0,5000.0,-793.4755622409284,88.35017681121826,0.0,0.0
1,4499,44.99,5000.0,10000.0,10000.0,5000.0,-6.34791562333703,0.0,0.0,0.0
1,4500,45.0,5000.0,10000.0,10000.0,5000.0,0.0,0.0,0.0,0.0
1,4501,45.01,5000.0,10000.0,10000.0,5000.0,0.0,0.0,0.0,0.0
1,4502,45.02,5000.0,10000.0,10000.0,5000.0,0.0,0.0,0.0,0.0
1,4503,45.03,5000.0,10000.0,10000.0,5000.0,0.0,0.0,0.0,0.0
1,4504,45.04,5000.0,9772.701263427734,10000.0,5000.0,0.0,-227.29873657226562,0.0,0.0
1,4505,45.050000000000004,5000.0,10000.0,10000.0,5000.0,0.0,227.29873657226562,0.0,0.0
1,4506,45.06,5611.834861338139,10000.0,10000.0,5000.0,611.8348613381386,0.0,0.0,0.0
1,4507,45.07,7709.863781929016,10000.0,10000.0,5000.0,2098.0289205908775,0.0,0.0,0.0
1,4508,45.08,7940.658926963806,10000.0,10000.0,5000.0,230.79514503479004,0.0,0.0,0.0
1,4509,45.09,7996.742725372314,10000.0,10000.0,5000.0,56.0837984085083,0.0,0.0,0.0
1,4510,45.1,8101.721405982971,10000.0,10000.0,5000.0,104.97868061065674,0.0,0.0,0.0
1,4511,45.11,7802.452743053436,10000.0,10000.0,5000.0,-299.2686629295349,0.0,0.0,0.0
1,4512,45.12,7863.869667053223,10000.0,10000.0,5000.0,61.41692399978638,0.0,0.0,0.0
1,4513,45.13,9877.879321575165,10000.0,10000.0,5000.0,2014.0096545219421,0.0,0.0,0.0
1,4514,45.14,9986.20331287384,10000.0,10000.0,5000.0,108.32399129867554,0.0,0.0,0.0
1,4515,45.15,9912.775754928589,10000.0,10000.0,5000.0,-73.42755794525146,0.0,0.0,0.0
1,4516,45.160000000000004,9882.794618606567,10000.0,10000.0,5000.0,-29.981136322021484,0.0,0.0,0.0
1,4517,45.17,9769.936800003052,9907.010197639465,10000.0,5000.0,-112.85781860351562,-92.98980236053467,0.0,0.0
1,4518,45.18,9423.485100269318,9810.23520231247,10000.0,5000.0,-346.45169973373413,-96.77499532699585,0.0,0.0
1,4519,45.19,6664.824038743973,9726.57322883606,10000.0,5000.0,-2758.661061525345,-83.66197347640991,0.0,0.0
1,4520,45.2,5000.0,9639.236330986023,10000.0,5000.0,-1664.8240387439728,-87.33689785003662,0.0,0.0
1,4521,45.21,5000.0,9709.14214849472,10000.0,5000.0,0.0,69.90581750869751,0.0,0.0
1,4522,45.22,5000.0,9732.88118839264,10000.0,5000.0,0.0,23.7390398979187,0.0,0.0
1,4523,45.230000000000004,5000.0,9539.776742458344,10000.0,5000.0,0.0,-193.10444593429565,0.0,0.0
1,4524,45.24,5000.0,9476.45902633667,9734.174907207489,5000.0,0.0,-63.317716121673584,-265.825092792511,0.0
1,4525,45.25,5000.0,9551.793932914734,9478.789269924164,5000.0,0.0,75.33490657806396,-255.3856372833252,0.0
1,4526,45.26,8168.509006500244,9796.938300132751,10000.0,5000.0,3168.509006500244,245.14436721801758,521.2107300758362,0.0
1,4527,45.27,8751.769065856934,9802.082777023315,10000.0,5173.607356846333,583.2600593566895,5.144476890563965,0.0,173.60735684633255
1,4528,45.28,8973.43099117279,9984.32993888855,10000.0,5096.600838005543,221.66192531585693,182.24716186523438,0.0,-77.0065188407898
1,4529,45.29,9303.27981710434,10000.0,10000.0,5000.0,329.8488259315491,15.670061111450195,0.0,-96.60083800554276
1,4530,45.300000000000004,9690.012037754059,10000.0,10000.0,5000.0,386.73222064971924,0.0,0.0,0.0
1,4531,45.31,9871.969223022461,10000.0,10000.0,5038.73635083437,181.9571852684021,0.0,0.0,38.73635083436966
1,4532,45.32,9873.085618019104,10000.0,10000.0,5000.0,1.1163949966430664,0.0,0.0,-38.73635083436966
1,4533,45.33,9874.500632286072,10000.0,10000.0,5000.0,1.4150142669677734,0.0,0.0,0.0
1,4534,45.34,9779.565930366516,10000.0,10000.0,5000.0,-94.93470191955566,0.0,0.0,0.0
1,4535,45.35,9861.056804656982,10000.0,10000.0,5000.0,81.49087429046631,0.0,0.0,0.0
1,4536,45.36,9924.961924552917,10000.0,10000.0,5000.0,63.90511989593506,0.0,0.0,0.0
1,4537,45.37,9875.566363334656,10000.0,10000.0,5000.0,-49.39556121826172,0.0,0.0,0.0
1,4538,45.38,9750.285744667053,9936.002492904663,10000.0,5000.0,-125.28061866760254,-63.997507095336914,0.0,0.0
1,4539,45.39,6268.134415149689,9737.662076950073,10000.0,5000.0,-3482.1513295173645,-198.34041595458984,0.0,0.0
1,4540,45.4,5000.0,9601.578712463379,10000.0,5000.0,-1268.1344151496887,-136.08336448669434,0.0,0.0
1,4541,45.410000000000004,5000.0,9713.709652423859,10000.0,5000.0,0.0,112.13093996047974,0.0,0.0
1,4542,45.42,5000.0,9611.951112747192,10000.0,5000.0,0.0,-101.75853967666626,0.0,0.0
1,4543,45.43,5000.0,9601.269960403442,10000.0,5000.0,0.0,-10.68115234375,0.0,0.0
1,4544,45.44,5000.0,9593.15538406372,10000.0,5000.0,0.0,-8.11457633972168,0.0,0.0
1,4545,45.45,5000.0,9436.182379722595,9817.240536212921,5000.0,0.0,-156.9730043411255,-182.75946378707886,0.0
1,4546,45.46,5000.0,9612.044095993042,9477.387964725494,5000.0,0.0,175.86171627044678,-339.85257148742676,0.0
1,4547,45.47,6322.813481092453,9333.652257919312,9482.181072235107,5000.0,1322.813481092453,-278.39183807373047,4.793107509613037,0.0
1,4548,45.480000000000004,8600.439429283142,9818.091690540314,10000.0,5000.0,2277.625948190689,484.4394326210022,517.8189277648926,0.0
1,4549,45.49,8840.727508068085,9912.13083267212,10000.0,5078.448690474033,240.28807878494263,94.03914213180542,0.0,78.44869047403336
1,4550,45.5,9207.030534744263,10000.0,10000.0,5000.0,366.303026676178,87.86916732788086,0.0,-78.44869047403336
1,4551,45.51,9701.291024684906,10000.0,10000.0,5000.0,494.2604899406433,0.0,0.0,0.0
1,4552,45.52,9903.124570846558,10000.0,10000.0,5000.0,201.8335461616516,0.0,0.0,0.0
1,4553,45.53,9888.979196548462,10000.0,10000.0,5000.0,-14.145374298095703,0.0,0.0,0.0
1,4554,45.54,9608.080387115479,10000.0,10000.0,5000.0,-280.8988094329834,0.0,0.0,0.0
1,4555,45.550000000000004,9413.958191871643,10000.0,10000.0,5000.0,-194.12219524383545,0.0,0.0,0.0
1,4556,45.56,9737.004041671753,10000.0,10000.0,5000.0,323.04584980010986,0.0,0.0,0.0
1,4557,45.57,9846.785962581635,10000.0,10000.0,5000.0,109.78192090988159,0.0,0.0,0.0
1,4558,45.58,9799.553155899048,10000.0,10000.0,5000.0,-47.23280668258667,0.0,0.0,0.0
1,4559,45.59,9731.548428535461,9892.926216125488,10000.0,5000.0,-68.00472736358643,-107.07378387451172,0.0,0.0
1,4560,45.6,6112.660318613052,9742.077589035034,10000.0,5000.0,-3618.888109922409,-150.8486270904541,0.0,0.0
1,4561,45.61,5000.0,9605.672359466553,10000.0,5000.0,-1112.6603186130524,-136.40522956848145,0.0,0.0
1,4562,45.62,5000.0,9644.013047218323,10000.0,5000.0,0.0,38.34068775177002,0.0,0.0
1,4563,45.63,5000.0,9530.414938926697,10000.0,5000.0,0.0,-113.59810829162598,0.0,0.0
1,4564,45.64,5000.0,9423.703849315643,10000.0,5000.0,0.0,-106.71108961105347,0.0,0.0
1,4565,45.65,5000.0,9520.799815654755,10000.0,5000.0,0.0,97.09596633911133,0.0,0.0
1,4566,45.660000000000004,5000.0,9594.391882419586,10000.0,5000.0,0.0,73.59206676483154,0.0,0.0
1,4567,45.67,5000.0,9447.351396083832,9873.888790607452,5000.0,0.0,-147.0404863357544,-126.11120939254761,0.0
1,4568,45.68,5000.0,9605.259597301483,9530.463516712189,5000.0,0.0,157.90820121765137,-343.4252738952637,0.0
1,4569,45.69,5000.0,9459.101855754852,9307.09570646286,5000.0,0.0,-146.15774154663086,-223.3678102493286,0.0
1,4570,45.7,7126.039564609528,9543.974995613098,9730.91721534729,5000.0,2126.0395646095276,84.87313985824585,423.82150888442993,0.0
1,4571,45.71,8578.321039676666,9876.20085477829,10000.0,5000.0,1452.2814750671387,332.22585916519165,269.08278465270996,0.0
1,4572,45.72,8991.752564907074,10000.0,10000.0,5000.0,413.4315252304077,123.7991452217102,0.0,0.0
1,4573,45.730000000000004,9478.861391544342,10000.0,10000.0,5000.0,487.10882663726807,0.0,0.0,0.0
1,4574,45.74,9700.154662132263,10000.0,10000.0,5000.0,221.29327058792114,0.0,0.0,0.0
1,4575,45.75,9767.321050167084,10000.0,10000.0,5000.0,67.16638803482056,0.0,0.0,0.0
1,4576,45.76,8658.260703086853,10000.0,10000.0,5000.0,-1109.0603470802307,0.0,0.0,0.0
1,4577,45.77,6854.083091020584,10000.0,10000.0,5000.0,-1804.177612066269,0.0,0.0,0.0
1,4578,45.78,6188.825219869614,10000.0,10000.0,5000.0,-665.2578711509705,0.0,0.0,0.0
1,4579,45.79,6685.393750667572,10000.0,10000.0,5000.0,496.5685307979584,0.0,0.0,0.0
1,4580,45.800000000000004,9343.562722206116,10000.0,10000.0,5000.0,2658.1689715385437,0.0,0.0,0.0
1,4581,45.81,9469.020664691925,10000.0,10000.0,5000.0,125.45794248580933,0.0,0.0,0.0
1,4582,45.82,9501.833319664001,9860.215783119202,10000.0,5000.0,32.812654972076416,-139.78421688079834,0.0,0.0
1,4583,45.83,6670.223921537399,9721.498489379883,10000.0,5000.0,-2831.609398126602,-138.71729373931885,0.0,0.0
1,4584,45.84,5000.0,9589.924216270447,10000.0,5000.0,-1670.2239215373993,-131.57427310943604,0.0,0.0
1,4585,45.85,5000.0,9515.376687049866,10000.0,5000.0,0.0,-74.54752922058105,0.0,0.0
1,4586,45.86,5000.0,9446.866512298584,10000.0,5000.0,0.0,-68.51017475128174,0.0,0.0
1,4587,45.87,5000.0,9364.357590675354,10000.0,5000.0,0.0,-82.50892162322998,0.0,0.0
1,4588,45.88,5000.0,9403.583407402039,10000.0,5000.0,0.0,39.22581672668457,0.0,0.0
1,4589,45.89,5000.0,9550.568163394928,10000.0,5000.0,0.0,146.9847559928894,0.0,0.0
1,4590,45.9,5000.0,9448.881149291992,10000.0,5000.0,0.0,-101.68701410293579,0.0,0.0
1,4591,45.910000000000004,5000.0,9492.932558059692,9692.034423351288,5000.0,0.0,44.051408767700195,-307.96557664871216,0.0
1,4592,45.92,5000.0,9560.855627059937,9356.993436813354,5000.0,0.0,67.92306900024414,-335.04098653793335,0.0
1,4593,45.93,5000.0,9380.120635032654,9287.854135036469,5000.0,0.0,-180.73499202728271,-69.13930177688599,0.0
1,4594,45.94,6362.617760896683,9354.321658611298,9409.885108470917,5000.0,1362.6177608966827,-25.7989764213562,122.03097343444824,0.0
1,4595,45.95,7727.949619293213,9727.37342119217,9869.138896465302,5000.0,1365.3318583965302,373.0517625808716,459.25378799438477,0.0
1,4596,45.96,8829.990327358246,10000.0,10000.0,5000.0,1102.040708065033,272.6265788078308,130.8611035346985,0.0
1,4597,45.97,9055.762887001038,10000.0,10000.0,5000.0,225.77255964279175,0.0,0.0,0.0
1,4598,45.980000000000004,8766.128718852997,10000.0,10000.0,5000.0,-289.63416814804077,0.0,0.0,0.0
1,4599,45.99,8751.967251300812,10000.0,10000.0,5000.0,-14.161467552185059,0.0,0.0,0.0
1,4600,46.0,6326.048970222473,10000.0,10000.0,5000.0,-2425.9182810783386,0.0,0.0,0.0
1,4601,46.01,5864.171087741852,10000.0,10000.0,5000.0,-461.87788248062134,0.0,0.0,0.0
1,4602,46.02,10000.0,10000.0,10000.0,5000.0,4135.828912258148,0.0,0.0,0.0
1,4603,46.03,7647.747695446014,10000.0,10000.0,5000.0,-2352.2523045539856,0.0,0.0,0.0
1,4604,46.04,9790.841341018677,10000.0,10000.0,5000.0,2143.0936455726624,0.0,0.0,0.0
1,4605,46.050000000000004,9518.131613731384,10000.0,10000.0,5000.0,-272.7097272872925,0.0,0.0,0.0
1,4606,46.06,8486.427068710327,9827.512502670288,10000.0,5000.0,-1031.7045450210571,-172.4874973297119,0.0,0.0
1,4607,46.07,5788.6310666799545,9732.088148593903,10000.0,5000.0,-2697.7960020303726,-95.4243540763855,0.0,0.0
1,4608,46.08,5000.0,9848.651587963104,10000.0,5000.0,-788.6310666799545,116.56343936920166,0.0,0.0
1,4609,46.09,5000.0,9807.345867156982,10000.0,5000.0,0.0,-41.305720806121826,0.0,0.0
1,4610,46.1,5000.0,9794.331192970276,10000.0,5000.0,0.0,-13.014674186706543,0.0,0.0
1,4611,46.11,5000.0,9608.624577522278,10000.0,5000.0,0.0,-185.70661544799805,0.0,0.0
1,4612,46.12,5000.0,9668.506979942322,10000.0,5000.0,0.0,59.882402420043945,0.0,0.0
1,4613,46.13,5000.0,9879.854321479797,10000.0,5000.0,0.0,211.3473415374756,0.0,0.0
1,4614,46.14,5000.0,10000.0,10000.0,5000.0,0.0,120.14567852020264,0.0,0.0
1,4615,46.15,5000.0,10000.0,10000.0,5000.0,0.0,0.0,0.0,0.0
1,4616,46.160000000000004,5000.0,10000.0,10000.0,5000.0,0.0,0.0,0.0,0.0
1,4617,46.17,5000.0,10000.0,9914.509356021881,5000.0,0.0,0.0,-85.4906439781189,0.0
1,4618,46.18,5000.0,10000.0,9579.339325428009,5000.0,0.0,0.0,-335.17003059387207,0.0
1,4619,46.19,5231.193099170923,10000.0,9563.877284526825,5000.0,231.19309917092323,0.0,-15.462040901184082,0.0
1,4620,46.2,7037.648558616638,10000.0,10000.0,5000.0,1806.455459445715,0.0,436.12271547317505,0.0
1,4621,46.21,7302.119880914688,10000.0,10000.0,5000.0,264.4713222980499,0.0,0.0,0.0
1,4622,46.22,7807.762920856476,10000.0,10000.0,5000.0,505.6430399417877,0.0,0.0,0.0
1,4623,46.230000000000004,7029.579877853394,10000.0,10000.0,5000.0,-778.1830430030823,0.0,0.0,0.0
1,4624,46.24,6238.992214202881,10000.0,10000.0,5000.0,-790.5876636505127,0.0,0.0,0.0
1,4625,46.25,6623.420417308807,10000.0,10000.0,5000.0,384.4282031059265,0.0,0.0,0.0
1,4626,46.26,7795.276939868927,10000.0,10000.0,5000.0,1171.8565225601196,0.0,0.0,0.0
1,4627,46.27,9917.798638343811,10000.0,10000.0,5000.0,2122.521698474884,0.0,0.0,0.0
1,4628,46.28,9855.563640594482,10000.0,10000.0,5000.0,-62.23499774932861,0.0,0.0,0.0
1,4629,46.29,9549.791514873505,9910.068809986115,10000.0,5000.0,-305.7721257209778,-89.9311900138855,0.0,0.0
1,4630,46.300000000000004,9200.74611902237,9541.8781042099,10000.0,5000.0,-349.04539585113525,-368.1907057762146,0.0,0.0
1,4631,46.31,8615.659773349762,9513.847827911377,10000.0,5000.0,-585.0863456726074,-28.03027629852295,0.0,0.0
1,4632,46.32,6811.438649892807,9777.562022209167,10000.0,5000.0,-1804.221123456955,263.7141942977905,0.0,0.0
1,4633,46.33,5009.719452355057,9936.477243900299,10000.0,5000.0,-1801.71919753775,158.9152216911316,0.0,0.0
1,4634,46.34,5000.0,9604.36224937439,10000.0,5000.0,-9.719452355057001,-332.1149945259094,0.0,0.0
1,4635,46.35,5000.0,9395.997524261475,10000.0,5000.0,0.0,-208.36472511291504,0.0,0.0
1,4636,46.36,5000.0,9603.054821491241,10000.0,5000.0,0.0,207.05729722976685,0.0,0.0
1,4637,46.37,5000.0,9581.061005592346,10000.0,5000.0,0.0,-21.993815898895264,0.0,0.0
1,4638,46.38,5000.0,9398.98818731308,9511.880874633789,5000.0,0.0,-182.07281827926636,-488.11912536621094,0.0
1,4639,46.39,5585.90117841959,9257.773756980896,9227.727055549622,5000.0,585.90117841959,-141.21443033218384,-284.1538190841675,0.0
1,4640,46.4,7984.080910682678,9536.795020103455,9812.160730361938,5000.0,2398.179732263088,279.0212631225586,584.4336748123169,0.0
1,4641,46.410000000000004,8146.795034408569,9552.325010299683,9942.985773086548,5000.0,162.7141237258911,15.529990196228027,130.82504272460938,0.0
1,4642,46.42,8398.65893125534,9663.887023925781,9985.871315002441,5000.0,251.86389684677124,111.56201362609863,42.885541915893555,0.0
1,4643,46.43,8861.013650894165,9842.345714569092,10000.0,5000.0,462.35471963882446,178.45869064331055,14.128684997558594,0.0
1,4644,46.44,9206.333756446838,10000.0,10000.0,5027.391202747822,345.32010555267334,157.6542854309082,0.0,27.391202747821808
1,4645,46.45,9531.874060630798,10000.0,10000.0,5000.0,325.54030418395996,0.0,0.0,-27.391202747821808
1,4646,46.46,9601.264297962189,10000.0,10000.0,5000.0,69.39023733139038,0.0,0.0,0.0
1,4647,46.47,9790.297150611877,10000.0,10000.0,5000.0,189.03285264968872,0.0,0.0,0.0
1,4648,46.480000000000004,9795.56679725647,10000.0,10000.0,5000.0,5.269646644592285,0.0,0.0,0.0
1,4649,46.49,9640.822112560272,10000.0,10000.0,5000.0,-154.7446846961975,0.0,0.0,0.0
1,4650,46.5,9689.123332500458,10000.0,10000.0,5000.0,48.30121994018555,0.0,0.0,0.0
1,4651,46.51,9308.582842350006,10000.0,10000.0,5000.0,-380.54049015045166,0.0,0.0,0.0
1,4652,46.52,8921.877443790436,9799.488186836243,10000.0,5000.0,-386.7053985595703,-200.51181316375732,0.0,0.0
1,4653,46.53,6578.630805015564,9812.079071998596,10000.0,5000.0,-2343.246638774872,12.590885162353516,0.0,0.0
1,4654,46.54,5000.0,9720.133543014526,10000.0,5000.0,-1578.630805015564,-91.94552898406982,0.0,0.0
1,4655,46.550000000000004,5000.0,9437.463581562042,10000.0,5000.0,0.0,-282.66996145248413,0.0,0.0
1,4656,46.56,5000.0,9121.641516685486,10000.0,5000.0,0.0,-315.8220648765564,0.0,0.0
1,4657,46.57,5000.0,9135.71685552597,10000.0,5000.0,0.0,14.07533884048462,0.0,0.0
1,4658,46.58,5000.0,9312.227964401245,10000.0,5000.0,0.0,176.51110887527466,0.0,0.0
1,4659,46.59,5000.0,9554.48865890503,10000.0,5000.0,0.0,242.26069450378418,0.0,0.0
1,4660,46.6,5000.0,9568.954110145569,9834.25348997116,5000.0,0.0,14.46545124053955,-165.7465100288391,0.0
1,4661,46.61,5000.0,9493.706822395325,9291.8199300766,5000.0,0.0,-75.24728775024414,-542.4335598945618,0.0
1,4662,46.62,5000.0,9388.261139392853,8914.463818073273,5000.0,0.0,-105.44568300247192,-377.3561120033264,0.0
1,4663,46.63,7722.775936126709,9642.843306064606,9667.476117610931,5000.0,2722.775936126709,254.58216667175293,753.0122995376587,0.0
1,4664,46.64,8039.326071739197,9574.404060840607,9874.139130115509,5000.0,316.5501356124878,-68.43924522399902,206.66301250457764,0.0
1,4665,46.65,8297.244906425476,9676.863551139832,9996.453821659088,5000.0,257.9188346862793,102.45949029922485,122.3146915435791,0.0
1,4666,46.660000000000004,8736.099302768707,9840.762913227081,10000.0,5000.0,438.8543963432312,163.89936208724976,3.5461783409118652,0.0
1,4667,46.67,9150.124192237854,10000.0,10000.0,5000.0,414.02488946914673,159.2370867729187,0.0,0.0
1,4668,46.68,9457.724690437317,10000.0,10000.0,5000.0,307.6004981994629,0.0,0.0,0.0
1,4669,46.69,9486.529529094696,10000.0,10000.0,5000.0,28.80483865737915,0.0,0.0,0.0
1,4670,46.7,9591.538906097412,10000.0,10000.0,5000.0,105.00937700271606,0.0,0.0,0.0
1,4671,46.71,9656.332731246948,10000.0,10000.0,5000.0,64.79382514953613,0.0,0.0,0.0
1,4672,46.72,8334.647119045258,10000.0,10000.0,5000.0,-1321.6856122016907,0.0,0.0,0.0
1,4673,46.730000000000004,9138.49413394928,10000.0,10000.0,5000.0,803.8470149040222,0.0,0.0,0.0
1,4674,46.74,7629.870772361755,10000.0,10000.0,5000.0,-1508.6233615875244,0.0,0.0,0.0
1,4675,46.75,5796.889662742615,9879.09197807312,10000.0,5000.0,-1832.9811096191406,-120.90802192687988,0.0,0.0
1,4676,46.76,5000.0,9660.524725914001,10000.0,5000.0,-796.8896627426147,-218.56725215911865,0.0,0.0
1,4677,46.77,5000.0,9530.81727027893,10000.0,5000.0,0.0,-129.7074556350708,0.0,0.0
1,4678,46.78,5000.0,9429.362416267395,9990.009665489197,5000.0,0.0,-101.45485401153564,-9.990334510803223,0.0
1,4679,46.79,5000.0,9334.89978313446,10000.0,5000.0,0.0,-94.46263313293457,9.990334510803223,0.0
1,4680,46.800000000000004,5000.0,8996.957242488861,10000.0,5000.0,0.0,-337.94254064559937,0.0,0.0
1,4681,46.81,5000.0,9020.950198173523,10000.0,5000.0,0.0,23.992955684661865,0.0,0.0
1,4682,46.82,5000.0,9121.971726417542,10000.0,5000.0,0.0,101.02152824401855,0.0,0.0
1,4683,46.83,5000.0,9499.907493591309,9911.302626132965,5000.0,0.0,377.9357671737671,-88.69737386703491,0.0
1,4684,46.84,5000.0,9592.701494693756,9808.063805103302,5000.0,0.0,92.79400110244751,-103.23882102966309,0.0
1,4685,46.85,5000.0,9578.658640384674,9452.42553949356,5000.0,0.0,-14.042854309082031,-355.6382656097412,0.0
1,4686,46.86,5000.0,9561.430215835571,8923.400938510895,5000.0,0.0,-17.228424549102783,-529.024600982666,0.0
1,4687,46.87,5000.0,9491.633474826813,8679.30144071579,5000.0,0.0,-69.79674100875854,-244.09949779510498,0.0
1,4688,46.88,6354.823857545853,9481.57787322998,9007.608890533447,5000.0,1354.8238575458527,-10.055601596832275,328.30744981765747,0.0
1,4689,46.89,7814.678251743317,9695.520401000977,9639.748632907867,5000.0,1459.854394197464,213.9425277709961,632.1397423744202,0.0
1,4690,46.9,8112.571835517883,9712.523519992828,9912.119805812836,5000.0,297.89358377456665,17.003118991851807,272.37117290496826,0.0
1,4691,46.910000000000004,8524.132072925568,9847.544133663177,10000.0,5000.0,411.5602374076843,135.02061367034912,87.8801941871643,0.0
1,4692,46.92,8923.504054546356,9989.597499370575,10000.0,5000.0,399.3719816207886,142.05336570739746,0.0,0.0
1,4693,46.93,9266.161620616913,10000.0,10000.0,5000.0,342.65756607055664,10.402500629425049,0.0,0.0
1,4694,46.94,9406.704604625702,10000.0,10000.0,5000.0,140.54298400878906,0.0,0.0,0.0
1,4695,46.95,9335.732460021973,10000.0,10000.0,5000.0,-70.97214460372925,0.0,0.0,0.0
1,4696,46.96,9386.709928512573,10000.0,10000.0,5000.0,50.977468490600586,0.0,0.0,0.0
1,4697,46.97,9262.993931770325,10000.0,10000.0,5000.0,-123.71599674224854,0.0,0.0,0.0
1,4698,46.980000000000004,6702.684313058853,10000.0,10000.0,5000.0,-2560.3096187114716,0.0,0.0,0.0
1,4699,46.99,5414.585508406162,10000.0,10000.0,5000.0,-1288.098804652691,0.0,0.0,0.0
1,4700,47.0,5202.553141862154,10000.0,10000.0,5000.0,-212.03236654400826,0.0,0.0,0.0
1,4701,47.01,5000.0,9969.816207885742,10000.0,5000.0,-202.553141862154,-30.183792114257812,0.0,0.0
1,4702,47.02,5000.0,9671.643674373627,10000.0,5000.0,0.0,-298.1725335121155,0.0,0.0
1,4703,47.03,5000.0,9335.911273956299,10000.0,5000.0,0.0,-335.7324004173279,0.0,0.0
1,4704,47.04,5000.0,9247.441589832306,10000.0,5000.0,0.0,-88.46968412399292,0.0,0.0
1,4705,47.050000000000004,5000.0,9184.29970741272,9945.88166475296,5000.0,0.0,-63.14188241958618,-54.118335247039795,0.0
1,4706,47.06,5000.0,8922.643661499023,10000.0,5000.0,0.0,-261.6560459136963,54.118335247039795,0.0
1,4707,47.07,5000.0,8864.009380340576,10000.0,5000.0,0.0,-58.634281158447266,0.0,0.0
1,4708,47.08,5000.0,8971.878588199615,10000.0,5000.0,0.0,107.8692078590393,0.0,0.0
1,4709,47.09,5000.0,9320.861995220184,9928.166270256042,5000.0,0.0,348.98340702056885,-71.83372974395752,0.0
1,4710,47.1,5000.0,9550.781548023224,9815.582633018494,5000.0,0.0,229.91955280303955,-112.58363723754883,0.0
1,4711,47.11,5000.0,9674.519896507263,9483.537673950195,5000.0,0.0,123.7383484840393,-332.04495906829834,0.0
1,4712,47.12,5000.0,9756.110906600952,8976.46963596344,5000.0,0.0,81.59101009368896,-507.06803798675537,0.0
1,4713,47.13,5000.0,9588.124752044678,8537.732362747192,5000.0,0.0,-167.9861545562744,-438.73727321624756,0.0
1,4714,47.14,5000.0,9535.370469093323,8504.341542720795,5000.0,0.0,-52.75428295135498,-33.390820026397705,0.0
1,4715,47.15,6105.198934674263,9535.005986690521,8876.494467258453,5000.0,1105.198934674263,-0.36448240280151367,372.1529245376587,0.0
1,4716,47.160000000000004,7391.321659088135,9860.11028289795,9405.070841312408,5000.0,1286.1227244138718,325.104296207428,528.5763740539551,0.0
1,4717,47.17,8015.066683292389,9954.580664634705,9758.81427526474,5000.0,623.7450242042542,94.47038173675537,353.74343395233154,0.0
1,4718,47.18,8628.278374671936,9894.635081291199,10000.0,5000.0,613.2116913795471,-59.94558334350586,241.18572473526,0.0
1,4719,47.19,9166.730642318726,9837.535619735718,10000.0,5000.0,538.4522676467896,-57.09946155548096,0.0,0.0
1,4720,47.2,9210.413098335266,9832.011461257935,10000.0,5000.0,43.68245601654053,-5.524158477783203,0.0,0.0
1,4721,47.21,9064.366817474365,9947.116672992706,10000.0,5000.0,-146.04628086090088,115.10521173477173,0.0,0.0
1,4722,47.22,9054.644703865051,10000.0,10000.0,5000.0,-9.722113609313965,52.8833270072937,0.0,0.0
1,4723,47.230000000000004,9408.447742462158,10000.0,10000.0,5000.0,353.80303859710693,0.0,0.0,0.0
1,4724,47.24,9354.456663131714,10000.0,10000.0,5000.0,-53.991079330444336,0.0,0.0,0.0
1,4725,47.25,9992.806613445282,10000.0,10000.0,5000.0,638.3499503135681,0.0,0.0,0.0
1,4726,47.26,9883.455634117126,10000.0,10000.0,5000.0,-109.35097932815552,0.0,0.0,0.0
1,4727,47.27,9614.255428314209,9951.179027557373,10000.0,5000.0,-269.2002058029175,-48.82097244262695,0.0,0.0
1,4728,47.28,9216.059446334839,9789.085388183594,10000.0,5000.0,-398.1959819793701,-162.0936393737793,0.0,0.0
1,4729,47.29,7538.776993751526,9820.433259010315,10000.0,5000.0,-1677.282452583313,31.34787082672119,0.0,0.0
1,4730,47.300000000000004,6151.729077100754,9930.10550737381,10000.0,5000.0,-1387.047916650772,109.67224836349487,0.0,0.0
1,4731,47.31,5095.632392913103,9794.94333267212,10000.0,5000.0,-1056.0966841876507,-135.16217470169067,0.0,0.0
1,4732,47.32,5000.0,9372.881054878235,10000.0,5000.0,-95.6323929131031,-422.0622777938843,0.0,0.0
1,4733,47.33,5000.0,9066.907465457916,10000.0,5000.0,0.0,-305.9735894203186,0.0,0.0
1,4734,47.34,5000.0,9080.029129981995,10000.0,5000.0,0.0,13.12166452407837,0.0,0.0
1,4735,47.35,5000.0,9398.724734783173,9691.51645898819,5000.0,0.0,318.695604801178,-308.4835410118103,0.0
1,4736,47.36,5000.0,9633.878469467163,9410.566985607147,5000.0,0.0,235.15373468399048,-280.9494733810425,0.0
1,4737,47.37,5000.0,9558.974802494049,9024.865329265594,5000.0,0.0,-74.90366697311401,-385.70165634155273,0.0
1,4738,47.38,7400.925308465958,9724.189937114716,9461.811780929565,5000.0,2400.9253084659576,165.2151346206665,436.94645166397095,0.0
1,4739,47.39,7869.465351104736,9642.425179481506,9485.252797603607,5000.0,468.5400426387787,-81.76475763320923,23.441016674041748,0.0
1,4740,47.4,8012.09032535553,9740.926623344421,9497.310817241669,5000.0,142.62497425079346,98.50144386291504,12.058019638061523,0.0
1,4741,47.410000000000004,8528.264462947845,9792.256951332092,9549.48365688324,5000.0,516.1741375923157,51.3303279876709,52.172839641571045,0.0
1,4742,47.42,9601.633548736572,9491.667747497559,9791.358411312103,5000.0,1073.3690857887268,-300.5892038345337,241.87475442886353,0.0
1,4743,47.43,10000.0,9178.604483604431,9937.47889995575,5000.0,398.36645126342773,-313.06326389312744,146.12048864364624,0.0
1,4744,47.44,10000.0,9168.43295097351,10000.0,5000.0,0.0,-10.17153263092041,62.52110004425049,0.0
1,4745,47.45,10000.0,9181.635677814484,10000.0,5000.0,0.0,13.2027268409729,0.0,0.0
1,4746,47.46,9762.471318244934,9551.73909664154,10000.0,5000.0,-237.52868175506592,370.1034188270569,0.0,0.0
1,4747,47.47,9300.732612609863,10000.0,10000.0,5000.0,-461.7387056350708,448.2609033584595,0.0,0.0
1,4748,47.480000000000004,9792.103171348572,10000.0,10000.0,5000.0,491.3705587387085,0.0,0.0,0.0
1,4749,47.49,10000.0,10000.0,10000.0,5000.0,207.89682865142822,0.0,0.0,0.0
1,4750,47.5,10000.0,10000.0,10000.0,5000.0,0.0,0.0,0.0,0.0
1,4751,47.51,9862.219095230103,10000.0,10000.0,5000.0,-137.78090476989746,0.0,0.0,0.0
1,4752,47.52,9817.7969455719,10000.0,10000.0,5000.0,-44.422149658203125,0.0,0.0,0.0
1,4753,47.53,9843.544960021973,9980.639219284058,10000.0,5000.0,25.748014450073242,-19.360780715942383,0.0,0.0
1,4754,47.54,8077.546656131744,10000.0,10000.0,5000.0,-1765.9983038902283,19.360780715942383,0.0,0.0
1,4755,47.550000000000004,6193.121373653412,10000.0,10000.0,5000.0,-1884.4252824783325,0.0,0.0,0.0
1,4756,47.56,5453.0515149235725,10000.0,10000.0,5000.0,-740.0698587298393,0.0,0.0,0.0
1,4757,47.57,5000.0,9659.735560417175,10000.0,5000.0,-453.05151492357254,-340.2644395828247,0.0,0.0
1,4758,47.58,5000.0,9472.125172615051,10000.0,5000.0,0.0,-187.61038780212402,0.0,0.0
1,4759,47.59,5000.0,9796.079695224762,10000.0,5000.0,0.0,323.9545226097107,0.0,0.0
1,4760,47.6,5000.0,9926.26667022705,9407.88596868515,5000.0,0.0,130.18697500228882,-592.1140313148499,0.0
1,4761,47.61,5000.0,10000.0,9391.50184392929,5000.0,0.0,73.73332977294922,-16.384124755859375,0.0
1,4762,47.62,8460.656702518463,10000.0,9618.997275829315,5000.0,3460.656702518463,0.0,227.4954319000244,0.0
1,4763,47.63,8906.948566436768,9984.639883041382,9413.948059082031,5000.0,446.29186391830444,-15.360116958618164,-205.04921674728394,0.0
1,4764,47.64,9465.326070785522,9938.558042049408,9429.027736186981,5000.0,558.3775043487549,-46.08184099197388,15.079677104949951,0.0
1,4765,47.65,10000.0,9818.282723426819,9450.751543045044,5000.0,534.6739292144775,-120.27531862258911,21.723806858062744,0.0
1,4766,47.660000000000004,10000.0,9614.838361740112,9371.974170207977,5000.0,0.0,-203.44436168670654,-78.77737283706665,0.0
1,4767,47.67,10000.0,9445.654153823853,9249.400198459625,5185.897834599018,0.0,-169.18420791625977,-122.57397174835205,185.8978345990181
1,4768,47.68,10000.0,9503.401517868042,9351.540803909302,5197.6053789258,0.0,57.74736404418945,102.14060544967651,11.707544326782227
1,4769,47.69,10000.0,9600.250720977783,9418.573677539825,5000.0,0.0,96.84920310974121,67.03287363052368,-197.60537892580032
1,4770,47.7,10000.0,9679.261445999146,9437.926709651947,5000.0,0.0,79.0107250213623,19.353032112121582,0.0
1,4771,47.71,10000.0,10000.0,9704.239070415497,5000.0,0.0,320.7385540008545,266.3123607635498,0.0
1,4772,47.72,10000.0,10000.0,10000.0,5000.0,0.0,0.0,295.7609295845032,0.0
1,4773,47.730000000000004,10000.0,10000.0,10000.0,5000.0,0.0,0.0,0.0,0.0
1,4774,47.74,9993.815422058105,10000.0,10000.0,5000.0,-6.184577941894531,0.0,0.0,0.0
1,4775,47.75,9772.541224956512,10000.0,10000.0,5000.0,-221.27419710159302,0.0,0.0,0.0
1,4776,47.76,9823.59528541565,10000.0,10000.0,5000.0,51.05406045913696,0.0,0.0,0.0
1,4777,47.77,9643.006920814514,10000.0,10000.0,5000.0,-180.58836460113525,0.0,0.0,0.0
1,4778,47.78,7139.931917190552,10000.0,10000.0,5000.0,-2503.0750036239624,0.0,0.0,0.0
1,4779,47.79,6379.5022666454315,10000.0,10000.0,5000.0,-760.4296505451202,0.0,0.0,0.0
1,4780,47.800000000000004,5764.154642820358,10000.0,10000.0,5000.0,-615.3476238250732,0.0,0.0,0.0
1,4781,47.81,5000.0,10000.0,10000.0,5000.0,-764.1546428203583,0.0,0.0,0.0
1,4782,47.82,5000.0,10000.0,10000.0,5000.0,0.0,0.0,0.0,0.0
1,4783,47.83,5000.0,10000.0,10000.0,5000.0,0.0,0.0,0.0,0.0
1,4784,47.84,5000.0,10000.0,9312.729239463806,5000.0,0.0,0.0,-687.2707605361938,0.0
1,4785,47.85,5246.824864298105,10000.0,9146.65400981903,5000.0,246.82486429810524,0.0,-166.0752296447754,0.0
1,4786,47.86,8304.18974161148,10000.0,9335.367381572723,5000.0,3057.3648773133755,0.0,188.71337175369263,0.0
1,4787,47.870000000000005,8822.804689407349,10000.0,9242.168068885803,5000.0,518.6149477958679,0.0,-93.19931268692017,0.0
1,4788,47.88,9553.113281726837,9933.985471725464,9368.270635604858,5000.0,730.3085923194885,-66.01452827453613,126.10256671905518,0.0
1,4789,47.89,10000.0,9709.837138652802,9417.109787464142,5000.0,446.88671827316284,-224.14833307266235,48.83915185928345,0.0
1,4790,47.9,10000.0,9594.447612762451,9205.182492733002,5000.0,0.0,-115.38952589035034,-211.92729473114014,0.0
1,4791,47.910000000000004,10000.0,9406.440556049347,9356.403648853302,5132.056511938572,0.0,-188.00705671310425,151.2211561203003,132.05651193857193
1,4792,47.92,10000.0,9454.223811626434,9435.048997402191,5153.848417103291,0.0,47.7832555770874,78.64534854888916,21.791905164718628
1,4793,47.93,10000.0,9583.054780960083,9384.896159172058,5000.0,0.0,128.83096933364868,-50.15283823013306,-153.84841710329056
1,4794,47.94,10000.0,9638.383984565735,9284.296929836273,5000.0,0.0,55.329203605651855,-100.59922933578491,0.0
1,4795,47.95,10000.0,10000.0,9656.459391117096,5000.0,0.0,361.61601543426514,372.16246128082275,0.0
1,4796,47.96,10000.0,10000.0,10000.0,5000.0,0.0,0.0,343.54060888290405,0.0
1,4797,47.97,10000.0,10000.0,10000.0,5000.0,0.0,0.0,0.0,0.0
1,4798,47.980000000000004,9915.408194065094,10000.0,10000.0,5000.0,-84.591805934906,0.0,0.0,0.0
1,4799,47.99,9765.120148658752,10000.0,10000.0,5000.0,-150.28804540634155,0.0,0.0,0.0
1,4800,48.0,9806.094467639923,10000.0,10000.0,5000.0,40.974318981170654,0.0,0.0,0.0
1,4801,48.01,9605.32695055008,10000.0,10000.0,5000.0,-200.76751708984375,0.0,0.0,0.0
1,4802,48.02,7901.672720909119,10000.0,10000.0,5000.0,-1703.6542296409607,0.0,0.0,0.0
1,4803,48.03,6616.75825715065,10000.0,10000.0,5000.0,-1284.9144637584686,0.0,0.0,0.0
1,4804,48.04,6039.023995399475,10000.0,10000.0,5000.0,-577.7342617511749,0.0,0.0,0.0
1,4805,48.050000000000004,5000.0,10000.0,10000.0,5000.0,-1039.023995399475,0.0,0.0,0.0
1,4806,48.06,5000.0,10000.0,10000.0,5000.0,0.0,0.0,0.0,0.0
1,4807,48.07,5000.0,10000.0,10000.0,5000.0,0.0,0.0,0.0,0.0
1,4808,48.08,5000.0,10000.0,9952.292144298553,5000.0,0.0,0.0,-47.70785570144653,0.0
1,4809,48.09,5000.0,10000.0,9022.558629512787,5000.0,0.0,0.0,-929.7335147857666,0.0
1,4810,48.1,7479.28723692894,10000.0,9314.310252666473,5000.0,2479.28723692894,0.0,291.7516231536865,0.0
1,4811,48.11,8386.048078536987,10000.0,9266.206324100494,5000.0,906.7608416080475,0.0,-48.103928565979004,0.0
1,4812,48.120000000000005,9084.466695785522,9900.92158317566,9255.29271364212,5000.0,698.4186172485352,-99.07841682434082,-10.913610458374023,0.0
1,4813,48.13,10000.0,9647.144079208374,9341.427385807037,5000.0,915.5333042144775,-253.77750396728516,86.13467216491699,0.0
1,4814,48.14,10000.0,9543.164372444153,9231.480658054352,5000.0,0.0,-103.97970676422119,-109.94672775268555,0.0
1,4815,48.15,10000.0,9542.919993400574,9272.673428058624,5000.0,0.0,-0.24437904357910156,41.19277000427246,0.0
1,4816,48.160000000000004,10000.0,9322.048127651215,9598.372280597687,5394.273065030575,0.0,-220.87186574935913,325.6988525390625,394.2730650305748
1,4817,48.17,10000.0,9412.823021411896,9589.133858680725,5096.232630312443,0.0,90.77489376068115,-9.23842191696167,-298.040434718132
1,4818,48.18,10000.0,9595.00402212143,9440.073072910309,5000.0,0.0,182.1810007095337,-149.06078577041626,-96.23263031244278
1,4819,48.19,10000.0,9666.96560382843,9598.030745983124,5000.0,0.0,71.96158170700073,157.95767307281494,0.0
1,4820,48.2,10000.0,10000.0,9793.019592761993,5000.0,0.0,333.0343961715698,194.98884677886963,0.0
1,4821,48.21,10000.0,10000.0,10000.0,5000.0,0.0,0.0,206.9804072380066,0.0
1,4822,48.22,10000.0,10000.0,10000.0,5000.0,0.0,0.0,0.0,0.0
1,4823,48.230000000000004,9669.625163078308,10000.0,10000.0,5000.0,-330.3748369216919,0.0,0.0,0.0
1,4824,48.24,9653.348922729492,10000.0,10000.0,5000.0,-16.276240348815918,0.0,0.0,0.0
1,4825,48.25,9664.47651386261,10000.0,10000.0,5000.0,11.127591133117676,0.0,0.0,0.0
1,4826,48.26,9511.605501174927,10000.0,10000.0,5000.0,-152.8710126876831,0.0,0.0,0.0
1,4827,48.27,6819.154471158981,10000.0,10000.0,5000.0,-2692.4510300159454,0.0,0.0,0.0
1,4828,48.28,6244.695037603378,10000.0,10000.0,5000.0,-574.459433555603,0.0,0.0,0.0
1,4829,48.29,5000.0,10000.0,10000.0,5000.0,-1244.6950376033783,0.0,0.0,0.0
1,4830,48.300000000000004,5000.0,10000.0,10000.0,5000.0,0.0,0.0,0.0,0.0
1,4831,48.31,5000.0,10000.0,10000.0,5000.0,0.0,0.0,0.0,0.0
1,4832,48.32,5000.0,10000.0,10000.0,5000.0,0.0,0.0,0.0,0.0
1,4833,48.33,5000.0,10000.0,9843.840897083282,5000.0,0.0,0.0,-156.15910291671753,0.0
1,4834,48.34,5000.0,10000.0,8962.328135967255,5000.0,0.0,0.0,-881.5127611160278,0.0
1,4835,48.35,7974.6681451797485,10000.0,9285.46279668808,5000.0,2974.6681451797485,0.0,323.1346607208252,0.0
1,4836,48.36,8759.940564632416,9960.05654335022,9302.381575107574,5000.0,785.2724194526672,-39.94345664978027,16.91877841949463,0.0
1,4837,48.370000000000005,9618.518352508545,9721.480011940002,9355.23122549057,5000.0,858.5777878761292,-238.57653141021729,52.849650382995605,0.0
1,4838,48.38,10000.0,9491.552710533142,9350.534975528717,5000.0,381.4816474914551,-229.92730140686035,-4.696249961853027,0.0
1,4839,48.39,10000.0,9535.441100597382,9020.44415473938,5000.0,0.0,43.8883900642395,-330.09082078933716,0.0
1,4840,48.4,10000.0,9514.966905117035,9326.620101928711,5282.6302126049995,0.0,-20.47419548034668,306.17594718933105,282.63021260499954
1,4841,48.410000000000004,10000.0,9426.390528678894,9506.97124004364,5176.821239292622,0.0,-88.57637643814087,180.3511381149292,-105.80897331237793
1,4842,48.42,10000.0,9563.413858413696,9447.729885578156,5000.0,0.0,137.02332973480225,-59.24135446548462,-176.8212392926216
1,4843,48.43,10000.0,9633.163809776306,9645.55710554123,5000.0,0.0,69.74995136260986,197.82721996307373,0.0
1,4844,48.44,10000.0,10000.0,9682.755172252655,5000.0,0.0,366.83619022369385,37.19806671142578,0.0
1,4845,48.45,10000.0,10000.0,9758.8512301445,5000.0,0.0,0.0,76.0960578918457,0.0
1,4846,48.46,10000.0,10000.0,9668.57522726059,5000.0,0.0,0.0,-90.27600288391113,0.0
1,4847,48.47,10000.0,10000.0,10000.0,5000.0,0.0,0.0,331.4247727394104,0.0
1,4848,48.480000000000004,9586.222171783447,10000.0,10000.0,5000.0,-413.77782821655273,0.0,0.0,0.0
1,4849,48.49,9585.62433719635,10000.0,10000.0,5000.0,-0.597834587097168,0.0,0.0,0.0
1,4850,48.5,9374.912679195404,10000.0,10000.0,5000.0,-210.71165800094604,0.0,0.0,0.0
1,4851,48.51,6916.781365871429,10000.0,10000.0,5000.0,-2458.1313133239746,0.0,0.0,0.0
1,4852,48.52,6258.36655497551,10000.0,10000.0,5000.0,-658.4148108959198,0.0,0.0,0.0
1,4853,48.53,5000.0,10000.0,10000.0,5000.0,-1258.3665549755096,0.0,0.0,0.0
1,4854,48.54,5000.0,10000.0,10000.0,5000.0,0.0,0.0,0.0,0.0
1,4855,48.550000000000004,5000.0,10000.0,10000.0,5000.0,0.0,0.0,0.0,0.0
1,4856,48.56,5000.0,10000.0,10000.0,5000.0,0.0,0.0,0.0,0.0
1,4857,48.57,5000.0,10000.0,10000.0,5000.0,0.0,0.0,0.0,0.0
1,4858,48.58,5000.0,10000.0,9066.490232944489,5000.0,0.0,0.0,-933.5097670555115,0.0
1,4859,48.59,7731.340229511261,10000.0,9234.661161899567,5000.0,2731.340229511261,0.0,168.17092895507812,0.0
1,4860,48.6,8811.192214488983,10000.0,9381.875097751617,5000.0,1079.8519849777222,0.0,147.21393585205078,0.0
1,4861,48.61,9709.659218788147,9789.633750915527,9467.915892601013,5000.0,898.4670042991638,-210.36624908447266,86.04079484939575,0.0
1,4862,48.620000000000005,10000.0,9467.449188232422,9558.55280160904,5000.0,290.340781211853,-322.18456268310547,90.63690900802612,0.0
1,4863,48.63,10000.0,9494.086503982544,9251.560270786285,5000.0,0.0,26.63731575012207,-306.9925308227539,0.0
1,4864,48.64,10000.0,9599.978923797607,9249.573051929474,5080.144591629505,0.0,105.89241981506348,-1.9872188568115234,80.14459162950516
1,4865,48.65,10000.0,9572.396278381348,9521.13926410675,5000.0,0.0,-27.582645416259766,271.5662121772766,-80.14459162950516
1,4866,48.660000000000004,10000.0,9657.308757305145,9708.393216133118,5000.0,0.0,84.91247892379761,187.2539520263672,0.0
1,4867,48.67,10000.0,10000.0,9637.469351291656,5000.0,0.0,342.69124269485474,-70.92386484146118,0.0
1,4868,48.68,10000.0,10000.0,9675.341248512268,5000.0,0.0,0.0,37.87189722061157,0.0
1,4869,48.69,10000.0,10000.0,9601.684510707855,5000.0,0.0,0.0,-73.65673780441284,0.0
1,4870,48.7,10000.0,10000.0,9610.181152820587,5000.0,0.0,0.0,8.496642112731934,0.0
1,4871,48.71,9882.153272628784,10000.0,10000.0,5065.060146152973,-117.84672737121582,0.0,389.81884717941284,65.06014615297318
1,4872,48.72,9380.454421043396,10000.0,10000.0,5000.0,-501.6988515853882,0.0,0.0,-65.06014615297318
1,4873,48.730000000000004,9345.26115655899,10000.0,10000.0,5000.0,-35.19326448440552,0.0,0.0,0.0
1,4874,48.74,7925.475239753723,10000.0,10000.0,5000.0,-1419.7859168052673,0.0,0.0,0.0
1,4875,48.75,6653.846055269241,10000.0,10000.0,5000.0,-1271.6291844844818,0.0,0.0,0.0
1,4876,48.76,5567.131824791431,10000.0,10000.0,5000.0,-1086.71423047781,0.0,0.0,0.0
1,4877,48.77,5000.0,10000.0,10000.0,5000.0,-567.1318247914314,0.0,0.0,0.0
1,4878,48.78,5000.0,9922.869503498077,10000.0,5000.0,0.0,-77.13049650192261,0.0,0.0
1,4879,48.79,5000.0,10000.0,10000.0,5000.0,0.0,77.13049650192261,0.0,0.0
1,4880,48.800000000000004,5000.0,10000.0,10000.0,5000.0,0.0,0.0,0.0,0.0
1,4881,48.81,5000.0,10000.0,9323.318004608154,5000.0,0.0,0.0,-676.6819953918457,0.0
1,4882,48.82,6316.831260919571,10000.0,8865.899741649628,5000.0,1316.831260919571,0.0,-457.4182629585266,0.0
1,4883,48.83,8514.481782913208,10000.0,9447.068274021149,5000.0,2197.650521993637,0.0,581.168532371521,0.0
1,4884,48.84,9409.551620483398,9973.459243774414,9655.229151248932,5000.0,895.0698375701904,-26.540756225585938,208.1608772277832,0.0
1,4885,48.85,10000.0,9508.345425128937,9702.482521533966,5000.0,590.4483795166016,-465.1138186454773,47.25337028503418,0.0
1,4886,48.86,10000.0,9426.56934261322,9695.678055286407,5000.0,0.0,-81.77608251571655,-6.804466247558594,0.0
1,4887,48.870000000000005,10000.0,9594.695568084717,9586.554169654846,5000.0,0.0,168.12622547149658,-109.12388563156128,0.0
1,4888,48.88,10000.0,9674.6426820755,9723.345935344696,5000.0,0.0,79.94711399078369,136.79176568984985,0.0
1,4889,48.89,10000.0,9874.101281166077,9635.368287563324,5000.0,0.0,199.45859909057617,-87.97764778137207,0.0
1,4890,48.9,10000.0,10000.0,9637.700319290161,5000.0,0.0,125.89871883392334,2.332031726837158,0.0
1,4891,48.910000000000004,10000.0,10000.0,9713.484346866608,5000.0,0.0,0.0,75.78402757644653,0.0
1,4892,48.92,10000.0,10000.0,9626.741111278534,5000.0,0.0,0.0,-86.74323558807373,0.0
1,4893,48.93,10000.0,10000.0,9567.449688911438,5000.0,0.0,0.0,-59.29142236709595,0.0
1,4894,48.94,10000.0,10000.0,10000.0,5164.303220808506,0.0,0.0,432.550311088562,164.303220808506
1,4895,48.95,9216.022789478302,10000.0,10000.0,5000.0,-783.977210521698,0.0,0.0,-164.303220808506
1,4896,48.96,9258.856475353241,10000.0,10000.0,5000.0,42.833685874938965,0.0,0.0,0.0
1,4897,48.97,9286.234378814697,10000.0,10000.0,5000.0,27.3779034614563,0.0,0.0,0.0
1,4898,48.980000000000004,6944.1622495651245,10000.0,10000.0,5000.0,-2342.0721292495728,0.0,0.0,0.0
1,4899,48.99,5861.9168400764465,10000.0,10000.0,5000.0,-1082.245409488678,0.0,0.0,0.0
1,4900,49.0,5000.0,9827.570915222168,10000.0,5000.0,-861.9168400764465,-172.42908477783203,0.0,0.0
1,4901,49.01,5000.0,10000.0,10000.0,5000.0,0.0,172.42908477783203,0.0,0.0
1,4902,49.02,5000.0,10000.0,10000.0,5000.0,0.0,0.0,0.0,0.0
1,4903,49.03,5000.0,10000.0,10000.0,5000.0,0.0,0.0,0.0,0.0
1,4904,49.04,5000.0,10000.0,9189.508855342865,5000.0,0.0,0.0,-810.491144657135,0.0
1,4905,49.050000000000004,7045.686393976212,10000.0,9159.785807132721,5000.0,2045.6863939762115,0.0,-29.723048210144043,0.0
1,4906,49.06,8886.727094650269,10000.0,9786.063432693481,5000.0,1841.040700674057,0.0,626.2776255607605,0.0
1,4907,49.07,9731.938242912292,9864.032864570618,9885.47533750534,5000.0,845.2111482620239,-135.96713542938232,99.41190481185913,0.0
1,4908,49.08,10000.0,9511.12985610962,9808.447659015656,5000.0,268.0617570877075,-352.90300846099854,-77.02767848968506,0.0
1,4909,49.09,10000.0,9601.294994354248,9691.453576087952,5000.0,0.0,90.1651382446289,-116.99408292770386,0.0
1,4910,49.1,10000.0,9745.506048202515,9716.04973077774,5000.0,0.0,144.2110538482666,24.59615468978882,0.0
1,4911,49.11,10000.0,9919.861555099487,9634.337723255157,5000.0,0.0,174.35550689697266,-81.71200752258301,0.0
1,4912,49.120000000000005,10000.0,10000.0,9565.40197134018,5000.0,0.0,80.1384449005127,-68.93575191497803,0.0
1,4913,49.13,10000.0,10000.0,9562.848210334778,5000.0,0.0,0.0,-2.5537610054016113,0.0
1,4914,49.14,10000.0,10000.0,9542.968571186066,5000.0,0.0,0.0,-19.879639148712158,0.0
1,4915,49.15,10000.0,10000.0,9405.39687871933,5000.0,0.0,0.0,-137.57169246673584,0.0
1,4916,49.160000000000004,10000.0,10000.0,9375.012814998627,5000.0,0.0,0.0,-30.384063720703125,0.0
1,4917,49.17,9771.774709224701,10000.0,10000.0,5000.0,-228.22529077529907,0.0,624.9871850013733,0.0
1,4918,49.18,9356.9815158844,10000.0,10000.0,5000.0,-414.7931933403015,0.0,0.0,0.0
1,4919,49.19,9697.104692459106,10000.0,10000.0,5000.0,340.12317657470703,0.0,0.0,0.0
1,4920,49.2,9500.608146190643,10000.0,10000.0,5000.0,-196.49654626846313,0.0,0.0,0.0
1,4921,49.21,8974.46870803833,10000.0,10000.0,5000.0,-526.1394381523132,0.0,0.0,0.0
1,4922,49.22,6275.950223207474,10000.0,10000.0,5000.0,-2698.5184848308563,0.0,0.0,0.0
1,4923,49.230000000000004,5000.0,10000.0,10000.0,5000.0,-1275.9502232074738,0.0,0.0,0.0
1,4924,49.24,5000.0,10000.0,10000.0,5000.0,0.0,0.0,0.0,0.0
1,4925,49.25,5000.0,10000.0,10000.0,5000.0,0.0,0.0,0.0,0.0
1,4926,49.26,5000.0,10000.0,9630.820453166962,5000.0,0.0,0.0,-369.17954683303833,0.0
1,4927,49.27,5000.0,10000.0,9179.998338222504,5000.0,0.0,0.0,-450.822114944458,0.0
1,4928,49.28,5000.0,10000.0,9226.47625207901,5000.0,0.0,0.0,46.47791385650635,0.0
1,4929,49.29,5000.0,10000.0,9595.467448234558,5000.0,0.0,0.0,368.9911961555481,0.0
1,4930,49.300000000000004,9097.387194633484,10000.0,10000.0,5000.0,4097.387194633484,0.0,404.5325517654419,0.0
1,4931,49.31,9939.966201782227,10000.0,10000.0,5000.0,842.5790071487427,0.0,0.0,0.0
1,4932,49.32,10000.0,10000.0,10000.0,5000.0,60.03379821777344,0.0,0.0,0.0
1,4933,49.33,10000.0,10000.0,10000.0,5000.0,0.0,0.0,0.0,0.0
1,4934,49.34,10000.0,10000.0,10000.0,5000.0,0.0,0.0,0.0,0.0
1,4935,49.35,10000.0,10000.0,10000.0,5000.0,0.0,0.0,0.0,0.0
1,4936,49.36,10000.0,10000.0,10000.0,5000.0,0.0,0.0,0.0,0.0
1,4937,49.370000000000005,10000.0,10000.0,10000.0,5000.0,0.0,0.0,0.0,0.0
1,4938,49.38,10000.0,10000.0,10000.0,5000.0,0.0,0.0,0.0,0.0
1,4939,49.39,9833.509624004364,10000.0,10000.0,5000.0,-166.490375995636,0.0,0.0,0.0
1,4940,49.4,9742.686152458191,10000.0,10000.0,5000.0,-90.8234715461731,0.0,0.0,0.0
1,4941,49.410000000000004,10000.0,9993.304312229156,10000.0,5000.0,257.3138475418091,-6.695687770843506,0.0,0.0
1,4942,49.42,10000.0,10000.0,8970.099091529846,5000.0,0.0,6.695687770843506,-1029.9009084701538,0.0
1,4943,49.43,10000.0,10000.0,9640.17540216446,5000.0,0.0,0.0,670.076310634613,0.0
1,4944,49.44,10000.0,10000.0,9388.03106546402,5000.0,0.0,0.0,-252.14433670043945,0.0
1,4945,49.45,10000.0,10000.0,9585.240185260773,5000.0,0.0,0.0,197.20911979675293,0.0
1,4946,49.46,10000.0,10000.0,9662.196636199951,5000.0,0.0,0.0,76.95645093917847,0.0
1,4947,49.47,10000.0,10000.0,9653.721153736115,5000.0,0.0,0.0,-8.47548246383667,0.0
1,4948,49.480000000000004,10000.0,9963.710308074951,9600.865840911865,5000.0,0.0,-36.28969192504883,-52.85531282424927,0.0
1,4949,49.49,10000.0,9893.398880958557,9603.000581264496,5000.0,0.0,-70.31142711639404,2.1347403526306152,0.0
1,4950,49.5,10000.0,9785.805940628052,9597.704708576202,5000.0,0.0,-107.59294033050537,-5.295872688293457,0.0
1,4951,49.51,10000.0,9847.630262374878,9567.940533161163,5000.0,0.0,61.82432174682617,-29.764175415039062,0.0
1,4952,49.52,10000.0,9905.592501163483,9573.519825935364,5000.0,0.0,57.962238788604736,5.5792927742004395,0.0
1,4953,49.53,10000.0,10000.0,9582.023024559021,5000.0,0.0,94.40749883651733,8.503198623657227,0.0
1,4954,49.54,10000.0,10000.0,9633.44693183899,5000.0,0.0,0.0,51.42390727996826,0.0
1,4955,49.550000000000004,10000.0,10000.0,10000.0,5000.0,0.0,0.0,366.55306816101074,0.0
1,4956,49.56,10000.0,10000.0,10000.0,5000.0,0.0,0.0,0.0,0.0
1,4957,49.57,9632.097780704498,5000.0,7214.36470746994,5350.927077233791,-367.9022192955017,-5000.0,-2785.63529253006,350.92707723379135
1,4958,49.58,9677.797257900238,5000.0,6934.098303318024,5691.140443086624,45.699477195739746,0.0,-280.2664041519165,340.2133658528328
1,4959,49.59,9375.723004341125,5000.0,6548.138409852982,5446.110479533672,-302.07425355911255,0.0,-385.9598934650421,-245.0299635529518
1,4960,49.6,9475.254714488983,5000.0,6290.847659111023,5393.957085907459,99.53171014785767,0.0,-257.2907507419586,-52.153393626213074
1,4961,49.61,10000.0,5000.0,5818.254798650742,5155.405551195145,524.7452855110168,0.0,-472.5928604602814,-238.5515347123146
1,4962,49.620000000000005,10000.0,5000.0,5509.480610489845,5000.0,0.0,0.0,-308.7741881608963,-155.40555119514465
1,4963,49.63,10000.0,5000.0,5429.543107748032,5000.0,0.0,0.0,-79.93750274181366,0.0
1,4964,49.64,10000.0,5000.0,5472.12652862072,5000.0,0.0,0.0,42.58342087268829,0.0
1,4965,49.65,10000.0,5000.0,5547.179393470287,6772.821098566055,0.0,0.0,75.05286484956741,1772.8210985660553
1,4966,49.660000000000004,10000.0,5000.0,5505.72294741869,8838.611841201782,0.0,0.0,-41.456446051597595,2065.790742635727
1,4967,49.67,10000.0,5000.0,5420.743674039841,9332.658052444458,0.0,0.0,-84.97927337884903,494.0462112426758
1,4968,49.68,10000.0,5000.0,5000.0,8104.124069213867,0.0,0.0,-420.7436740398407,-1228.5339832305908
1,4969,49.69,10000.0,5000.0,5000.0,6953.933387994766,0.0,0.0,0.0,-1150.190681219101
1,4970,49.7,9680.925905704498,5000.0,5000.0,6814.641654491425,-319.0740942955017,0.0,0.0,-139.29173350334167
1,4971,49.71,9389.547407627106,5000.0,5000.0,7342.678755521774,-291.3784980773926,0.0,0.0,528.0371010303497
1,4972,49.72,9324.13935661316,5000.0,5000.0,7622.915804386139,-65.40805101394653,0.0,0.0,280.2370488643646
1,4973,49.730000000000004,9372.963905334473,5000.0,5000.0,7321.85959815979,48.82454872131348,0.0,0.0,-301.0562062263489
1,4974,49.74,9506.776928901672,5000.0,5076.7892599105835,6858.776658773422,133.8130235671997,0.0,76.7892599105835,-463.0829393863678
1,4975,49.75,9550.037384033203,5000.0,5403.8116335868835,6717.530339956284,43.26045513153076,0.0,327.02237367630005,-141.24631881713867
1,4976,49.76,9392.60184764862,5000.0,5623.3347952365875,6832.500845193863,-157.43553638458252,0.0,219.52316164970398,114.97050523757935
1,4977,49.77,9155.324101448059,5000.0,5645.248219370842,6952.5496661663055,-237.27774620056152,0.0,21.913424134254456,120.04882097244263
1,4978,49.78,9000.378549098969,5000.0,5625.8368492126465,7040.176838636398,-154.94555234909058,0.0,-19.411370158195496,87.62717247009277
1,4979,49.79,8935.320675373077,5000.0,5578.778013586998,7045.785039663315,-65.05787372589111,0.0,-47.0588356256485,5.608201026916504
1,4980,49.800000000000004,8962.79752254486,5000.0,5479.890443384647,6931.283921003342,27.476847171783447,0.0,-98.88757020235062,-114.50111865997314
1,4981,49.81,9179.880321025848,5000.0,5267.139337956905,6752.961426973343,217.08279848098755,0.0,-212.751105427742,-178.32249402999878
1,4982,49.82,9233.126938343048,5000.0,5006.800517439842,6713.455468416214,53.24661731719971,0.0,-260.33882051706314,-39.505958557128906
1,4983,49.83,9282.164573669434,5000.0,5000.0,6656.31428360939,49.0376353263855,0.0,-6.800517439842224,-57.14118480682373
1,4984,49.84,9191.870093345642,5000.0,5000.0,6916.498690843582,-90.2944803237915,0.0,0.0,260.1844072341919
1,4985,49.85,9081.13181591034,5000.0,5000.0,7118.048667907715,-110.73827743530273,0.0,0.0,201.5499770641327
1,4986,49.86,8953.373730182648,5000.0,5000.0,7328.949868679047,-127.75808572769165,0.0,0.0,210.9012007713318
1,4987,49.870000000000005,8892.468810081482,5000.0,5000.0,7527.342736721039,-60.90492010116577,0.0,0.0,198.3928680419922
1,4988,49.88,9000.903367996216,5000.0,5000.0,7247.51278758049,108.43455791473389,0.0,0.0,-279.8299491405487
1,4989,49.89,9191.082417964935,5000.0,5000.0,6633.161902427673,190.17904996871948,0.0,0.0,-614.3508851528168
1,4990,49.9,9273.998141288757,5000.0,5010.160729289055,6153.93802523613,82.91572332382202,0.0,10.16072928905487,-479.2238771915436
1,4991,49.910000000000004,9247.01601266861,5000.0,5146.935135126114,6138.503551483154,-26.982128620147705,0.0,136.77440583705902,-15.434473752975464
1,4992,49.92,9225.93504190445,5000.0,5210.060998797417,6181.796044111252,-21.080970764160156,0.0,63.125863671302795,43.292492628097534
1,4993,49.93,9219.45333480835,5000.0,5275.005325675011,6174.66926574707,-6.4817070960998535,0.0,64.944326877594,-7.1267783641815186
1,4994,49.94,9190.162420272827,5000.0,5293.417796492577,6160.547137260437,-29.29091453552246,0.0,18.412470817565918,-14.1221284866333
1,4995,49.95,9160.70580482483,5000.0,5255.480110645294,6138.565391302109,-29.456615447998047,0.0,-37.93768584728241,-21.981745958328247
1,4996,49.96,9119.07970905304,5000.0,5089.713335037231,6252.168267965317,-41.62609577178955,0.0,-165.76677560806274,113.60287666320801
1,4997,49.97,9016.681909561157,5609.682314097881,5000.0,6397.925168275833,-102.39779949188232,609.6823140978813,-89.71333503723145,145.75690031051636
1,4998,49.980000000000004,8922.126591205597,6145.819500088692,5000.0,6399.18640255928,-94.5553183555603,536.1371859908104,0.0,1.2612342834472656
1,4999,49.99,8853.44922542572,6575.265675783157,5000.0,6368.52040886879,-68.67736577987671,429.44617569446564,0.0,-30.665993690490723
1,5000,50.0,8795.400559902191,6671.272814273834,5000.0,6348.394900560379,-58.04866552352905,96.00713849067688,0.0,-20.125508308410645
1,5001,50.01,8756.420016288757,6383.612155914307,5000.0,6551.029086112976,-38.98054361343384,-287.6606583595276,0.0,202.63418555259705
1,5002,50.02,8688.937723636627,5875.491052865982,5000.0,6690.936386585236,-67.48229265213013,-508.1211030483246,0.0,139.90730047225952
1,5003,50.03,8668.051958084106,5542.100109159946,5000.0,6816.8289959430695,-20.885765552520752,-333.3909437060356,0.0,125.89260935783386
1,5004,50.04,8720.032572746277,5000.0,5000.0,6668.586730957031,51.98061466217041,-542.1001091599464,0.0,-148.2422649860382
1,5005,50.050000000000004,8767.328262329102,5000.0,5000.0,6326.06714963913,47.29568958282471,0.0,0.0,-342.5195813179016
1,5006,50.06,8820.040225982666,5624.521151185036,5000.0,6219.688206911087,52.71196365356445,624.5211511850357,0.0,-106.3789427280426
1,5007,50.07,8935.989737510681,6240.812912583351,5191.141664981842,6156.468689441681,115.94951152801514,616.2917613983154,191.14166498184204,-63.21951746940613
1,5008,50.08,8955.16961812973,6822.635531425476,5339.036285877228,5947.7318823337555,19.179880619049072,581.8226188421249,147.89462089538574,-208.73680710792542
1,5009,50.09,8858.823776245117,7284.629940986633,5360.269621014595,5755.242258310318,-96.34584188461304,461.9944095611572,21.23333513736725,-192.4896240234375
1,5010,50.1,8721.381723880768,7680.107355117798,5208.956599235535,5693.502724170685,-137.44205236434937,395.47741413116455,-151.31302177906036,-61.73953413963318
1,5011,50.11,8609.306514263153,8055.899441242218,5000.0,5710.045248270035,-112.07520961761475,375.79208612442017,-208.95659923553467,16.542524099349976
1,5012,50.120000000000005,8545.767366886139,8243.916630744934,5000.0,5784.95517373085,-63.53914737701416,188.01718950271606,0.0,74.90992546081543
1,5013,50.13,8590.256571769714,8400.572538375854,5000.0,5782.7626168727875,44.48920488357544,156.6559076309204,0.0,-2.192556858062744
1,5014,50.14,8664.530515670776,8562.16847896576,5000.0,5839.039087295532,74.27394390106201,161.59594058990479,0.0,56.27647042274475
1,5015,50.15,8788.331747055054,8651.112020015717,5000.0,5924.151241779327,123.80123138427734,88.94354104995728,0.0,85.11215448379517
1,5016,50.160000000000004,8903.904259204865,8548.808097839355,5000.0,5993.686020374298,115.57251214981079,-102.30392217636108,0.0,69.5347785949707
1,5017,50.17,8956.528306007385,8087.919652462006,5000.0,6054.25089597702,52.62404680252075,-460.88844537734985,0.0,60.56487560272217
1,5018,50.18,8938.043713569641,7553.216516971588,5000.0,6089.242696762085,-18.48459243774414,-534.7031354904175,0.0,34.9918007850647
1,5019,50.19,8864.722549915314,7225.834429264069,5000.0,6018.607914447784,-73.32116365432739,-327.38208770751953,0.0,-70.63478231430054
1,5020,50.2,8860.062658786774,7092.603147029877,5000.0,5944.058746099472,-4.659891128540039,-133.2312822341919,0.0,-74.54916834831238
1,5021,50.21,8931.454420089722,7017.574608325958,5104.916989803314,5909.166932106018,71.391761302948,-75.02853870391846,104.91698980331421,-34.89181399345398
1,5022,50.22,9067.505896091461,6903.333067893982,5399.6841609478,5865.698456764221,136.0514760017395,-114.24154043197632,294.7671711444855,-43.468475341796875
1,5023,50.230000000000004,9166.643619537354,6802.02841758728,5642.7498906850815,5779.2918384075165,99.13772344589233,-101.30465030670166,243.0657297372818,-86.40661835670471
1,5024,50.24,9113.62111568451,6841.729581356049,5748.836472630501,5683.229565620422,-53.02250385284424,39.70116376876831,106.08658194541931,-96.06227278709412
1,5025,50.25,9014.996886253357,6856.5574288368225,5882.901102304459,5627.362579107285,-98.62422943115234,14.827847480773926,134.06462967395782,-55.86698651313782
1,5026,50.26,8993.881940841675,7137.964367866516,5761.3056898117065,5502.751916646957,-21.11494541168213,281.4069390296936,-121.59541249275208,-124.61066246032715
1,5027,50.27,8810.601830482483,7439.803183078766,5476.041957736015,5502.946637570858,-183.2801103591919,301.83881521224976,-285.2637320756912,0.19472092390060425
1,5028,50.28,8671.712577342987,7684.934139251709,5116.780921816826,5547.7892979979515,-138.88925313949585,245.13095617294312,-359.26103591918945,44.842660427093506
1,5029,50.29,8764.317035675049,8046.689331531525,5000.0,5499.983690679073,92.60445833206177,361.7551922798157,-116.78092181682587,-47.805607318878174
1,5030,50.300000000000004,8901.367783546448,8559.63110923767,5000.0,5387.65411823988,137.05074787139893,512.9417777061462,0.0,-112.32957243919373
1,5031,50.31,9027.491807937622,8851.0262966156,5000.0,5424.557812511921,126.12402439117432,291.3951873779297,0.0,36.90369427204132
1,5032,50.32,9082.744121551514,8881.487846374512,5000.0,5458.897911012173,55.2523136138916,30.461549758911133,0.0,34.34009850025177
1,5033,50.33,9183.041751384735,8903.592824935913,5000.0,5450.939796864986,100.29762983322144,22.104978561401367,0.0,-7.958114147186279
1,5034,50.34,9330.9485912323,8954.195380210876,5000.0,5498.17468971014,147.9068398475647,50.60255527496338,0.0,47.23489284515381
1,5035,50.35,9658.838510513306,8999.444246292114,5000.0,5379.388146102428,327.88991928100586,45.24886608123779,0.0,-118.78654360771179
1,5036,50.36,10000.0,9000.284671783447,5000.0,5138.588435947895,341.16148948669434,0.8404254913330078,0.0,-240.7997101545334
1,5037,50.370000000000005,10000.0,8786.76950931549,5000.0,5077.127851545811,0.0,-213.51516246795654,0.0,-61.46058440208435
1,5038,50.38,9990.448355674744,8581.919074058533,5000.0,5107.027404010296,-9.551644325256348,-204.850435256958,0.0,29.89955246448517
1,5039,50.39,9974.264204502106,8739.018440246582,5000.0,5133.619122207165,-16.18415117263794,157.09936618804932,0.0,26.591718196868896
1,5040,50.4,9900.465309619904,8656.404614448547,5000.0,5130.316652357578,-73.79889488220215,-82.61382579803467,0.0,-3.302469849586487
1,5041,50.410000000000004,9658.247232437134,8299.88718032837,5000.0,5066.6337087750435,-242.21807718276978,-356.5174341201782,0.0,-63.68294358253479
1,5042,50.42,9321.167767047882,7381.044030189514,5045.52997648716,5118.524506688118,-337.0794653892517,-918.843150138855,45.52997648715973,51.89079791307449
1,5043,50.43,8954.851031303406,6767.527461051941,5190.807320177555,5298.373363912106,-366.3167357444763,-613.5165691375732,145.27734369039536,179.84885722398758
1,5044,50.44,8681.928813457489,6320.665776729584,5333.128497004509,5533.8167026638985,-272.92221784591675,-446.8616843223572,142.3211768269539,235.4433387517929
1,5045,50.45,8612.818121910095,6237.257644534111,5522.604696452618,5742.137283086777,-69.1106915473938,-83.40813219547272,189.47619944810867,208.32058042287827
1,5046,50.46,8628.056645393372,6316.731572151184,5718.59247982502,5709.523111581802,15.238523483276367,79.47392761707306,195.9877833724022,-32.614171504974365
1,5047,50.47,8622.021675109863,6347.922682762146,6072.27697968483,5529.938712716103,-6.034970283508301,31.191110610961914,353.6844998598099,-179.58439886569977
1,5048,50.480000000000004,8679.655194282532,6457.852125167847,6384.986340999603,5402.421690523624,57.63351917266846,109.92944240570068,312.70936131477356,-127.51702219247818
1,5049,50.49,8668.566048145294,6704.220175743103,6693.122684955597,5426.140241324902,-11.089146137237549,246.36805057525635,308.13634395599365,23.71855080127716
1,5050,50.5,8815.673291683197,6854.389905929565,6808.241009712219,5453.314483165741,147.10724353790283,150.1697301864624,115.11832475662231,27.174241840839386
1,5051,50.51,8988.482356071472,7034.793198108673,6669.0438985824585,5460.518226027489,172.80906438827515,180.40329217910767,-139.19711112976074,7.203742861747742
1,5052,50.52,9283.19126367569,7762.812077999115,6284.873485565186,5384.426414966583,294.70890760421753,728.0188798904419,-384.17041301727295,-76.09181106090546
1,5053,50.53,9546.276330947876,8911.22043132782,5786.684975028038,5220.913700759411,263.0850672721863,1148.4083533287048,-498.1885105371475,-163.5127142071724
1,5054,50.54,9838.535189628601,9178.449511528015,5487.726926803589,5313.6299178004265,292.2588586807251,267.2290802001953,-298.95804822444916,92.71621704101562
1,5055,50.550000000000004,9752.77841091156,9124.759435653687,5374.555662274361,5403.457917273045,-85.75677871704102,-53.69007587432861,-113.17126452922821,89.8279994726181
1,5056,50.56,9721.397161483765,9139.648079872131,5313.455238938332,5346.7898443341255,-31.38124942779541,14.888644218444824,-61.10042333602905,-56.66807293891907
1,5057,50.57,9577.1986246109,9256.731271743774,5323.618501424789,5358.9097782969475,-144.19853687286377,117.08319187164307,10.163262486457825,12.11993396282196
1,5058,50.58,9523.961544036865,9291.284084320068,5268.47168803215,5360.497198998928,-53.237080574035645,34.552812576293945,-55.14681339263916,1.5874207019805908
1,5059,50.59,9681.927561759949,9358.791410923004,5182.2954043745995,5408.882461488247,157.9660177230835,67.50732660293579,-86.17628365755081,48.38526248931885
1,5060,50.6,9943.276643753052,9399.308562278748,5014.765784144402,5370.21953612566,261.349081993103,40.51715135574341,-167.5296202301979,-38.662925362586975
1,5061,50.61,10000.0,9426.161646842957,5000.0,5397.366248071194,56.72335624694824,26.853084564208984,-14.76578414440155,27.146711945533752
1,5062,50.620000000000005,10000.0,9446.051120758057,5000.0,5483.214966952801,0.0,19.889473915100098,0.0,85.84871888160706
1,5063,50.63,10000.0,9541.565775871277,5000.0,5418.968312442303,0.0,95.51465511322021,0.0,-64.24665451049805
1,5064,50.64,10000.0,9682.719111442566,5000.0,5309.941358864307,0.0,141.15333557128906,0.0,-109.0269535779953
1,5065,50.65,10000.0,9830.040037631989,5000.0,5177.277587354183,0.0,147.3209261894226,0.0,-132.6637715101242
1,5066,50.660000000000004,10000.0,9982.059597969055,5150.233618915081,5101.458244025707,0.0,152.01956033706665,150.23361891508102,-75.81934332847595
1,5067,50.67,10000.0,10000.0,5323.73808324337,5052.6053085923195,0.0,17.940402030944824,173.50446432828903,-48.852935433387756
1,5068,50.68,10000.0,10000.0,5461.715683341026,5029.856003820896,0.0,0.0,137.97760009765625,-22.74930477142334
1,5069,50.69,10000.0,10000.0,5529.70215678215,5000.0,0.0,0.0,67.98647344112396,-29.85600382089615
1,5070,50.7,10000.0,10000.0,5544.632114470005,5003.916434943676,0.0,0.0,14.929957687854767,3.916434943675995
1,5071,50.71,10000.0,10000.0,5560.3161454200745,5000.0,0.0,0.0,15.684030950069427,-3.916434943675995
1,5072,50.72,10000.0,10000.0,5567.745864391327,5000.0,0.0,0.0,7.429718971252441,0.0
1,5073,50.730000000000004,10000.0,10000.0,5565.309636294842,5000.0,0.0,0.0,-2.436228096485138,0.0
1,5074,50.74,10000.0,10000.0,5514.562651515007,5000.0,0.0,0.0,-50.74698477983475,0.0
1,5075,50.75,10000.0,9966.95190668106,5412.311926484108,5000.0,0.0,-33.04809331893921,-102.25072503089905,0.0
1,5076,50.76,10000.0,9958.016872406006,5387.8408670425415,5000.0,0.0,-8.935034275054932,-24.471059441566467,0.0
1,5077,50.77,10000.0,9912.344813346863,5507.175549864769,5000.0,0.0,-45.672059059143066,119.33468282222748,0.0
1,5078,50.78,9971.392750740051,9791.89932346344,5685.934871435165,5000.0,-28.60724925994873,-120.44548988342285,178.75932157039642,0.0
1,5079,50.79,9796.473383903503,9605.05723953247,5898.632258176804,5000.0,-174.91936683654785,-186.84208393096924,212.69738674163818,0.0
1,5080,50.800000000000004,9594.500064849854,9399.986565113068,6163.8762056827545,5000.0,-201.9733190536499,-205.07067441940308,265.2439475059509,0.0
1,5081,50.81,9661.785066127777,9084.236025810242,6172.684282064438,5000.0,67.28500127792358,-315.7505393028259,8.80807638168335,0.0
1,5082,50.82,9513.53520154953,8881.502747535706,6243.494302034378,5191.234536468983,-148.24986457824707,-202.73327827453613,70.81001996994019,191.2345364689827
1,5083,50.83,9462.2203707695,8792.274594306946,6268.002390861511,5302.354358136654,-51.3148307800293,-89.22815322875977,24.50808882713318,111.1198216676712
1,5084,50.84,9734.096229076385,8937.765955924988,6295.52885890007,5244.526378810406,271.87585830688477,145.491361618042,27.52646803855896,-57.82797932624817
1,5085,50.85,10000.0,8729.17354106903,6464.690864086151,5383.423678576946,265.9037709236145,-208.59241485595703,169.16200518608093,138.89729976654053
1,5086,50.86,10000.0,8796.260952949524,6760.54835319519,5087.972916662693,0.0,67.08741188049316,295.8574891090393,-295.45076191425323
1,5087,50.870000000000005,10000.0,9264.745712280273,6717.634797096252,5000.0,0.0,468.4847593307495,-42.91355609893799,-87.97291666269302
1,5088,50.88,10000.0,9710.448384284973,6625.617444515228,5000.0,0.0,445.7026720046997,-92.01735258102417,0.0
1,5089,50.89,10000.0,10000.0,6524.584889411926,5007.068552076817,0.0,289.55161571502686,-101.032555103302,7.068552076816559
1,5090,50.9,10000.0,10000.0,8293.46239566803,5146.516226232052,0.0,0.0,1768.8775062561035,139.4476741552353
1,5091,50.910000000000004,10000.0,9740.70280790329,10000.0,5000.0,0.0,-259.2971920967102,1706.5376043319702,-146.51622623205185
1,5092,50.92,10000.0,9902.865290641785,10000.0,5000.0,0.0,162.16248273849487,0.0,0.0
1,5093,50.93,9945.840835571289,10000.0,10000.0,5000.0,-54.15916442871094,97.13470935821533,0.0,0.0
1,5094,50.94,10000.0,10000.0,10000.0,5100.0552251935005,54.15916442871094,0.0,0.0,100.05522519350052
1,5095,50.95,10000.0,10000.0,10000.0,5379.650928080082,0.0,0.0,0.0,279.5957028865814
1,5096,50.96,10000.0,10000.0,10000.0,5883.583724498749,0.0,0.0,0.0,503.93279641866684
1,5097,50.97,10000.0,10000.0,8157.376050949097,6071.553975343704,0.0,0.0,-1842.6239490509033,187.97025084495544
1,5098,50.980000000000004,10000.0,10000.0,7000.76162815094,5820.6552267074585,0.0,0.0,-1156.6144227981567,-250.89874863624573
1,5099,50.99,9898.008704185486,10000.0,6939.835101366043,5827.915221452713,-101.99129581451416,0.0,-60.92652678489685,7.259994745254517
1,5100,51.0,9628.88777256012,10000.0,5695.221573114395,5734.717100858688,-269.1209316253662,0.0,-1244.613528251648,-93.19812059402466
1,5101,51.01,9764.933586120605,10000.0,5438.386872410774,5668.196976184845,136.04581356048584,0.0,-256.8347007036209,-66.52012467384338
1,5102,51.02,9955.945611000061,10000.0,5590.673536062241,5780.549049377441,191.01202487945557,0.0,152.28666365146637,112.35207319259644
1,5103,51.03,10000.0,10000.0,6186.089292168617,5863.771736621857,44.054388999938965,0.0,595.4157561063766,83.22268724441528
1,5104,51.04,10000.0,10000.0,6314.1995668411255,5873.305797576904,0.0,0.0,128.11027467250824,9.534060955047607
1,5105,51.050000000000004,10000.0,10000.0,6215.624362230301,5805.283039808273,0.0,0.0,-98.57520461082458,-68.02275776863098
1,5106,51.06,10000.0,10000.0,5719.341114163399,5726.283043622971,0.0,0.0,-496.28324806690216,-78.99999618530273
1,5107,51.07,10000.0,10000.0,5301.168039441109,5634.93087887764,0.0,0.0,-418.17307472229004,-91.35216474533081
1,5108,51.08,10000.0,10000.0,5000.0,5528.720356523991,0.0,0.0,-301.1680394411087,-106.21052235364914
1,5109,51.09,9941.500127315521,10000.0,5000.0,5533.920638263226,-58.49987268447876,0.0,0.0,5.200281739234924
1,5110,51.1,9737.23590373993,10000.0,5186.872407793999,5782.979279756546,-204.26422357559204,0.0,186.87240779399872,249.05864149332047
1,5111,51.11,8685.743510723114,10000.0,6190.5646324157715,5839.722901582718,-1051.4923930168152,0.0,1003.6922246217728,56.743621826171875
1,5112,51.120000000000005,9075.627624988556,10000.0,5153.571218252182,5816.128104925156,389.8841142654419,0.0,-1036.9934141635895,-23.594796657562256
1,5113,51.13,9467.186629772186,10000.0,5000.0,5650.669187307358,391.55900478363037,0.0,-153.571218252182,-165.45891761779785
1,5114,51.14,10000.0,10000.0,5010.266005992889,5380.13968616724,532.8133702278137,0.0,10.266005992889404,-270.52950114011765
1,5115,51.15,10000.0,10000.0,5383.121185004711,5057.2459772229195,0.0,0.0,372.85517901182175,-322.8937089443207
1,5116,51.160000000000004,10000.0,10000.0,5643.792748451233,5000.0,0.0,0.0,260.67156344652176,-57.245977222919464
1,5117,51.17,10000.0,10000.0,6138.526499271393,5000.0,0.0,0.0,494.7337508201599,0.0
1,5118,51.18,10000.0,10000.0,6502.445042133331,5000.0,0.0,0.0,363.9185428619385,0.0
1,5119,51.19,10000.0,9724.618196487427,6891.629248857498,5000.0,0.0,-275.38180351257324,389.18420672416687,0.0
1,5120,51.2,10000.0,9564.79400396347,7412.500083446503,5000.0,0.0,-159.8241925239563,520.8708345890045,0.0
1,5121,51.21,10000.0,9382.107555866241,8794.341087341309,5000.0,0.0,-182.686448097229,1381.841003894806,0.0
1,5122,51.22,10000.0,9388.13328742981,10000.0,5000.0,0.0,6.025731563568115,1205.6589126586914,0.0
1,5123,51.230000000000004,9916.206002235413,9812.744855880737,10000.0,5000.0,-83.7939977645874,424.61156845092773,0.0,0.0
1,5124,51.24,7732.203006744385,10000.0,10000.0,5000.0,-2184.002995491028,187.2551441192627,0.0,0.0
1,5125,51.25,5889.839977025986,10000.0,10000.0,5000.0,-1842.363029718399,0.0,0.0,0.0
1,5126,51.26,5000.0,10000.0,10000.0,5000.0,-889.8399770259857,0.0,0.0,0.0
1,5127,51.27,5000.0,10000.0,10000.0,5000.0,0.0,0.0,0.0,0.0
1,5128,51.28,5000.0,10000.0,10000.0,5000.0,0.0,0.0,0.0,0.0
1,5129,51.29,5000.0,10000.0,10000.0,5000.0,0.0,0.0,0.0,0.0
1,5130,51.300000000000004,5000.0,10000.0,10000.0,5000.0,0.0,0.0,0.0,0.0
1,5131,51.31,5000.0,10000.0,10000.0,5000.0,0.0,0.0,0.0,0.0
1,5132,51.32,5000.0,10000.0,10000.0,5000.0,0.0,0.0,0.0,0.0
1,5133,51.33,5000.0,10000.0,10000.0,5000.0,0.0,0.0,0.0,0.0
1,5134,51.34,5000.0,10000.0,10000.0,5000.0,0.0,0.0,0.0,0.0
1,5135,51.35,5000.0,10000.0,10000.0,5000.0,0.0,0.0,0.0,0.0
1,5136,51.36,5000.0,10000.0,10000.0,5000.0,0.0,0.0,0.0,0.0
1,5137,51.370000000000005,5000.0,10000.0,10000.0,5000.0,0.0,0.0,0.0,0.0
1,5138,51.38,5000.0,10000.0,10000.0,5000.0,0.0,0.0,0.0,0.0
1,5139,51.39,5000.0,10000.0,10000.0,5000.0,0.0,0.0,0.0,0.0
1,5140,51.4,5000.0,10000.0,10000.0,5000.0,0.0,0.0,0.0,0.0
1,5141,51.410000000000004,5000.0,10000.0,10000.0,5000.0,0.0,0.0,0.0,0.0
1,5142,51.42,5000.0,10000.0,10000.0,5000.0,0.0,0.0,0.0,0.0
1,5143,51.43,5482.02108591795,10000.0,10000.0,5000.0,482.0210859179497,0.0,0.0,0.0
1,5144,51.44,7091.850787401199,10000.0,10000.0,5000.0,1609.8297014832497,0.0,0.0,0.0
1,5145,51.45,8648.998141288757,10000.0,10000.0,5000.0,1557.147353887558,0.0,0.0,0.0
1,5146,51.46,9552.07735300064,10000.0,10000.0,5146.51570469141,903.0792117118835,0.0,0.0,146.51570469141006
1,5147,51.47,9994.102716445923,10000.0,10000.0,5201.685093343258,442.025363445282,0.0,0.0,55.16938865184784
1,5148,51.480000000000004,10000.0,10000.0,10000.0,5000.0,5.897283554077148,0.0,0.0,-201.6850933432579
1,5149,51.49,10000.0,10000.0,10000.0,5000.0,0.0,0.0,0.0,0.0
1,5150,51.5,9345.392882823944,10000.0,10000.0,5000.0,-654.6071171760559,0.0,0.0,0.0
1,5151,51.51,7690.213322639465,10000.0,10000.0,5000.0,-1655.1795601844788,0.0,0.0,0.0
1,5152,51.52,5742.132216691971,10000.0,10000.0,5000.0,-1948.0811059474945,0.0,0.0,0.0
1,5153,51.53,5171.514395624399,10000.0,10000.0,5000.0,-570.6178210675716,0.0,0.0,0.0
1,5154,51.54,5000.0,10000.0,10000.0,5000.0,-171.51439562439919,0.0,0.0,0.0
1,5155,51.550000000000004,5000.0,10000.0,10000.0,5000.0,0.0,0.0,0.0,0.0
1,5156,51.56,5000.0,9237.893521785736,10000.0,5000.0,0.0,-762.1064782142639,0.0,0.0
1,5157,51.57,5000.0,9738.514125347137,10000.0,5038.394667208195,0.0,500.62060356140137,0.0,38.39466720819473
1,5158,51.58,5000.0,9401.947855949402,10000.0,5013.000853359699,0.0,-336.5662693977356,0.0,-25.393813848495483
1,5159,51.59,5000.0,8230.943083763123,10000.0,5371.481664478779,0.0,-1171.0047721862793,0.0,358.4808111190796
1,5160,51.6,5000.0,7317.397594451904,10000.0,5976.463109254837,0.0,-913.5454893112183,0.0,604.9814447760582
1,5161,51.61,5000.0,6690.964549779892,10000.0,6992.563158273697,0.0,-626.4330446720123,0.0,1016.1000490188599
1,5162,51.620000000000005,5000.0,5971.489399671555,10000.0,8652.819693088531,0.0,-719.4751501083374,0.0,1660.2565348148346
1,5163,51.63,5000.0,5000.0,10000.0,9861.968755722046,0.0,-971.4893996715546,0.0,1209.1490626335144
1,5164,51.64,5496.603138744831,5000.0,10000.0,9899.194240570068,496.6031387448311,0.0,0.0,37.22548484802246
1,5165,51.65,5305.596981197596,5000.0,10000.0,9982.256889343262,-191.0061575472355,0.0,0.0,83.06264877319336
1,5166,51.660000000000004,5000.0,5000.0,10000.0,9380.548000335693,-305.5969811975956,0.0,0.0,-601.7088890075684
1,5167,51.67,5000.0,5000.0,9902.628362178802,8558.995425701141,0.0,0.0,-97.37163782119751,-821.552574634552
1,5168,51.68,5000.0,5000.0,9391.514360904694,8078.084588050842,0.0,0.0,-511.1140012741089,-480.9108376502991
1,5169,51.69,5000.0,5000.0,9281.485378742218,7861.782908439636,0.0,0.0,-110.02898216247559,-216.30167961120605
1,5170,51.7,5000.0,5671.564936637878,9241.887927055359,7026.4385640621185,0.0,671.5649366378784,-39.59745168685913,-835.3443443775177
1,5171,51.71,5000.0,6859.920024871826,9626.868069171906,5549.825020134449,0.0,1188.3550882339478,384.98014211654663,-1476.6135439276695
1,5172,51.72,5000.0,7785.5464816093445,9824.338853359222,5090.221203863621,0.0,925.6264567375183,197.4707841873169,-459.60381627082825
1,5173,51.730000000000004,5000.0,8756.142556667328,10000.0,5000.0,0.0,970.5960750579834,175.6611466407776,-90.22120386362076
1,5174,51.74,5000.0,9251.647889614105,10000.0,5000.0,0.0,495.50533294677734,0.0,0.0
1,5175,51.75,5000.0,8819.390535354614,10000.0,5413.651280105114,0.0,-432.25735425949097,0.0,413.651280105114
1,5176,51.76,5000.0,8555.178344249725,10000.0,5999.339669942856,0.0,-264.2121911048889,0.0,585.6883898377419
1,5177,51.77,5000.0,8542.864322662354,10000.0,6066.736280918121,0.0,-12.314021587371826,0.0,67.3966109752655
1,5178,51.78,5087.476838380098,8678.176403045654,10000.0,6038.385331630707,87.47683838009834,135.31208038330078,0.0,-28.35094928741455
1,5179,51.79,5352.356918156147,9000.137746334076,10000.0,5895.944237709045,264.88007977604866,321.96134328842163,0.0,-142.44109392166138
1,5180,51.800000000000004,5643.066614866257,8407.613635063171,10000.0,5862.49440908432,290.7096967101097,-592.5241112709045,0.0,-33.44982862472534
1,5181,51.81,5797.5223660469055,8914.97552394867,10000.0,5831.517279148102,154.4557511806488,507.36188888549805,0.0,-30.97712993621826
1,5182,51.82,5780.82412481308,8777.98080444336,10000.0,6346.876323223114,-16.698241233825684,-136.99471950531006,0.0,515.3590440750122
1,5183,51.83,5757.776498794556,8493.968546390533,10000.0,6112.23578453064,-23.04762601852417,-284.0122580528259,0.0,-234.64053869247437
1,5184,51.84,5393.084771931171,7486.699223518372,10000.0,5998.121052980423,-364.69172686338425,-1007.2693228721619,0.0,-114.11473155021667
1,5185,51.85,5000.0,5810.579061508179,10000.0,6372.704654932022,-393.0847719311714,-1676.1201620101929,0.0,374.5836019515991
1,5186,51.86,5000.0,5000.0,10000.0,7681.781649589539,0.0,-810.5790615081787,0.0,1309.0769946575165
1,5187,51.870000000000005,5000.0,5000.0,10000.0,9549.32451248169,0.0,0.0,0.0,1867.5428628921509
1,5188,51.88,5233.162026852369,5000.0,10000.0,10000.0,233.1620268523693,0.0,0.0,450.67548751831055
1,5189,51.89,6104.660779237747,5000.0,8336.766362190247,10000.0,871.4987523853779,0.0,-1663.2336378097534,0.0
1,5190,51.9,7131.634503602982,5000.0,8098.433613777161,10000.0,1026.9737243652344,0.0,-238.33274841308594,0.0
1,5191,51.910000000000004,7407.276481389999,5000.0,8048.004508018494,9970.886707305908,275.6419777870178,0.0,-50.42910575866699,-29.113292694091797
1,5192,51.92,6928.386390209198,5000.0,8724.172413349152,10000.0,-478.8900911808014,0.0,676.167905330658,29.113292694091797
1,5193,51.93,6298.030763864517,5000.0,10000.0,10000.0,-630.3556263446808,0.0,1275.8275866508484,0.0
1,5194,51.94,6013.517528772354,5000.0,10000.0,10000.0,-284.5132350921631,0.0,0.0,0.0
1,5195,51.95,5770.631283521652,5000.0,10000.0,10000.0,-242.8862452507019,0.0,0.0,0.0
1,5196,51.96,5542.333424091339,5000.0,10000.0,10000.0,-228.2978594303131,0.0,0.0,0.0
1,5197,51.97,5342.403799295425,5000.0,10000.0,10000.0,-199.9296247959137,0.0,0.0,0.0
1,5198,51.980000000000004,5236.63068190217,5000.0,10000.0,10000.0,-105.77311739325523,0.0,0.0,0.0
1,5199,51.99,5266.864914447069,5000.0,10000.0,9828.531444072723,30.234232544898987,0.0,0.0,-171.4685559272766
1,5200,52.0,5224.994216114283,5000.0,10000.0,9337.421953678131,-41.87069833278656,0.0,0.0,-491.1094903945923
1,5201,52.01,5177.394989877939,5000.0,10000.0,9093.756079673767,-47.599226236343384,0.0,0.0,-243.665874004364
1,5202,52.02,5196.414235979319,5000.0,10000.0,8896.617889404297,19.019246101379395,0.0,0.0,-197.13819026947021
1,5203,52.03,5262.79928162694,5000.0,10000.0,8658.08755159378,66.38504564762115,0.0,0.0,-238.53033781051636
1,5204,52.04,5133.1050880253315,5000.0,10000.0,8718.06263923645,-129.69419360160828,0.0,0.0,59.97508764266968
1,5205,52.050000000000004,5142.469946295023,5000.0,10000.0,9301.094114780426,9.364858269691467,0.0,0.0,583.0314755439758
1,5206,52.06,5131.259094923735,5000.0,10000.0,10000.0,-11.2108513712883,0.0,0.0,698.905885219574
1,5207,52.07,5288.65585103631,5000.0,10000.0,9713.442325592041,157.39675611257553,0.0,0.0,-286.557674407959
1,5208,52.08,5278.427135199308,5000.0,10000.0,9982.960224151611,-10.2287158370018,0.0,0.0,269.5178985595703
1,5209,52.09,5079.91062477231,5000.0,10000.0,9971.727728843689,-198.51651042699814,0.0,0.0,-11.232495307922363
1,5210,52.1,5192.804578691721,5000.0,8971.671760082245,9712.02403306961,112.8939539194107,0.0,-1028.3282399177551,-259.70369577407837
1,5211,52.11,5684.632807970047,5000.0,9348.231852054596,9764.444828033447,491.82822927832603,0.0,376.5600919723511,52.42079496383667
1,5212,52.120000000000005,6124.641448259354,5084.503851830959,9404.236972332,10000.0,440.00864028930664,84.50385183095932,56.005120277404785,235.55517196655273
1,5213,52.13,7115.281671285629,5404.147915542126,9239.990711212158,10000.0,990.6402230262756,319.6440637111664,-164.24626111984253,0.0
1,5214,52.14,8027.196228504181,5551.132149994373,8554.563522338867,10000.0,911.9145572185516,146.98423445224762,-685.427188873291,0.0
1,5215,52.15,8416.486382484436,5481.4112558960915,7979.39658164978,10000.0,389.2901539802551,-69.72089409828186,-575.1669406890869,0.0
1,5216,52.160000000000004,9127.615094184875,5745.904371142387,7628.068327903748,10000.0,711.1287117004395,264.49311524629593,-351.3282537460327,0.0
1,5217,52.17,9572.640061378479,5904.755964875221,7131.95264339447,10000.0,445.0249671936035,158.85159373283386,-496.11568450927734,0.0
1,5218,52.18,9541.03171825409,5876.128226518631,6913.473606109619,9187.485575675964,-31.60834312438965,-28.62773835659027,-218.47903728485107,-812.5144243240356
1,5219,52.19,8787.265419960022,5812.498703598976,7091.633975505829,8333.003520965576,-753.7662982940674,-63.629522919654846,178.16036939620972,-854.4820547103882
1,5220,52.2,8734.712898731232,5000.0,6700.3437876701355,7590.305209159851,-52.55252122879028,-812.4987035989761,-391.29018783569336,-742.6983118057251
1,5221,52.21,8879.618346691132,5000.0,6757.300794124603,7130.043506622314,144.9054479598999,0.0,56.95700645446777,-460.2617025375366
1,5222,52.22,8846.438229084015,5000.0,6672.5954413414,6772.702932357788,-33.1801176071167,0.0,-84.70535278320312,-357.34057426452637
1,5223,52.230000000000004,8771.35843038559,5000.0,6539.6445989608765,6703.193038702011,-75.0797986984253,0.0,-132.95084238052368,-69.50989365577698
1,5224,52.24,8821.44570350647,5000.0,6257.228702306747,6348.03906083107,50.08727312088013,0.0,-282.415896654129,-355.15397787094116
1,5225,52.25,8814.632296562195,5000.0,5921.316593885422,6092.592775821686,-6.813406944274902,0.0,-335.9121084213257,-255.44628500938416
1,5226,52.26,8928.052484989166,5092.75920689106,5624.995902180672,6077.726483345032,113.42018842697144,92.75920689105988,-296.32069170475006,-14.866292476654053
1,5227,52.27,9134.095013141632,6048.2339560985565,5407.027900218964,5884.095579385757,206.04252815246582,955.4747492074966,-217.96800196170807,-193.6309039592743
1,5228,52.28,9270.49696445465,6465.2301371097565,5227.448791265488,5743.559747934341,136.4019513130188,416.99618101119995,-179.57910895347595,-140.53583145141602
1,5229,52.29,9404.865205287933,6519.12122964859,5038.235560059547,5727.8405129909515,134.36824083328247,53.89109253883362,-189.21323120594025,-15.719234943389893
1,5230,52.300000000000004,9467.462301254272,6517.3715353012085,5000.0,5763.662755489349,62.59709596633911,-1.7496943473815918,-38.235560059547424,35.82224249839783
1,5231,52.31,9173.024296760559,6768.43523979187,5680.225342512131,5823.992043733597,-294.4380044937134,251.06370449066162,680.2253425121307,60.32928824424744
1,5232,52.32,9633.080959320068,6558.626890182495,6532.793045043945,7322.8998482227325,460.0566625595093,-209.808349609375,852.5677025318146,1498.9078044891357
1,5233,52.33,10000.0,5999.58673119545,7550.019919872284,10000.0,366.91904067993164,-559.0401589870453,1017.2268748283386,2677.1001517772675
1,5234,52.34,10000.0,5000.0,7953.662276268005,10000.0,0.0,-999.5867311954498,403.64235639572144,0.0
1,5235,52.35,10000.0,5000.0,7689.878940582275,9971.6717004776,0.0,0.0,-263.78333568573,-28.328299522399902
1,5236,52.36,10000.0,5000.0,7365.197539329529,9948.346018791199,0.0,0.0,-324.6814012527466,-23.325681686401367
1,5237,52.370000000000005,10000.0,5000.0,6846.764981746674,9946.544170379639,0.0,0.0,-518.4325575828552,-1.8018484115600586
1,5238,52.38,10000.0,5000.0,6558.943092823029,9904.371500015259,0.0,0.0,-287.821888923645,-42.17267036437988
1,5239,52.39,10000.0,5000.0,6466.788351535797,9891.568422317505,0.0,0.0,-92.15474128723145,-12.803077697753906
1,5240,52.4,9889.716804027557,5000.0,6494.0813183784485,9849.6213555336,-110.28319597244263,0.0,27.292966842651367,-41.94706678390503
1,5241,52.410000000000004,9831.796288490295,5000.0,6512.0068192481995,9724.619388580322,-57.92051553726196,0.0,17.925500869750977,-125.00196695327759
1,5242,52.42,9984.842538833618,5000.0,6305.944621562958,9622.294306755066,153.04625034332275,0.0,-206.0621976852417,-102.32508182525635
1,5243,52.43,10000.0,5000.0,6014.481410384178,9564.334750175476,15.157461166381836,0.0,-291.4632111787796,-57.959556579589844
1,5244,52.44,10000.0,5000.0,5546.516999602318,9599.422216415405,0.0,0.0,-467.96441078186035,35.0874662399292
1,5245,52.45,10000.0,5000.0,5169.680640101433,9695.501327514648,0.0,0.0,-376.836359500885,96.07911109924316
1,5246,52.46,10000.0,5000.0,5076.806470751762,9977.84972190857,0.0,0.0,-92.87416934967041,282.3483943939209
1,5247,52.47,10000.0,5000.0,5310.344621539116,10000.0,0.0,0.0,233.53815078735352,22.150278091430664
1,5248,52.480000000000004,10000.0,5000.0,5683.5442036390305,10000.0,0.0,0.0,373.19958209991455,0.0
1,5249,52.49,9046.658873558044,5047.202706336975,10000.0,6286.141127347946,-953.3411264419556,47.2027063369751,4316.4557963609695,-3713.858872652054
1,5250,52.5,9800.552725791931,8221.023380756378,9138.330519199371,6177.819520235062,753.8938522338867,3173.820674419403,-861.6694808006287,-108.32160711288452
1,5251,52.51,10000.0,8084.028959274292,9641.300439834595,6402.691453695297,199.44727420806885,-136.99442148208618,502.9699206352234,224.8719334602356
1,5252,52.52,10000.0,8442.20370054245,10000.0,7157.342433929443,0.0,358.17474126815796,358.6995601654053,754.6509802341461
1,5253,52.53,10000.0,8570.757806301117,10000.0,7476.649135351181,0.0,128.554105758667,0.0,319.30670142173767
1,5254,52.54,10000.0,8914.0385389328,10000.0,7436.0500276088715,0.0,343.28073263168335,0.0,-40.59910774230957
1,5255,52.550000000000004,9698.325395584106,9111.88691854477,10000.0,7871.912717819214,-301.67460441589355,197.848379611969,0.0,435.8626902103424
1,5256,52.56,8483.630418777466,9150.23684501648,10000.0,8714.692294597626,-1214.6949768066406,38.349926471710205,0.0,842.7795767784119
1,5257,52.57,6921.165883541107,9124.431014060974,9785.90577840805,8189.42666053772,-1562.4645352363586,-25.80583095550537,-214.09422159194946,-525.265634059906
1,5258,52.58,5084.116775542498,8445.32310962677,9889.607727527618,7511.743009090424,-1837.0491079986095,-679.1079044342041,103.70194911956787,-677.6836514472961
1,5259,52.59,5000.0,8384.674489498138,9913.091957569122,6252.076625823975,-84.11677554249763,-60.64862012863159,23.484230041503906,-1259.666383266449
1,5260,52.6,5000.0,8510.948419570923,9988.600611686707,5318.6434879899025,0.0,126.27393007278442,75.50865411758423,-933.4331378340721
1,5261,52.61,5000.0,9087.646901607513,9761.383533477783,5000.0,0.0,576.6984820365906,-227.21707820892334,-318.6434879899025
1,5262,52.620000000000005,5000.0,9446.61796092987,9991.225898265839,5000.0,0.0,358.9710593223572,229.84236478805542,0.0
1,5263,52.63,5000.0,9486.280381679535,10000.0,5000.0,0.0,39.66242074966431,8.774101734161377,0.0
1,5264,52.64,5000.0,9183.574914932251,10000.0,5000.0,0.0,-302.70546674728394,0.0,0.0
1,5265,52.65,5000.0,8018.404543399811,10000.0,5000.0,0.0,-1165.1703715324402,0.0,0.0
1,5266,52.660000000000004,5000.0,8522.453308105469,10000.0,5000.0,0.0,504.04876470565796,0.0,0.0
1,5267,52.67,5000.0,9519.491195678711,10000.0,5000.0,0.0,997.0378875732422,0.0,0.0
1,5268,52.68,5000.0,9654.807448387146,10000.0,5000.0,0.0,135.31625270843506,0.0,0.0
1,5269,52.69,5000.0,9710.65878868103,10000.0,5000.0,0.0,55.85134029388428,0.0,0.0
1,5270,52.7,5000.0,9730.108678340912,10000.0,5000.0,0.0,19.449889659881592,0.0,0.0
1,5271,52.71,5000.0,9866.582155227661,10000.0,5000.0,0.0,136.47347688674927,0.0,0.0
1,5272,52.72,5000.0,9857.381582260132,10000.0,5000.0,0.0,-9.200572967529297,0.0,0.0
1,5273,52.730000000000004,5000.0,9907.776713371277,10000.0,5000.0,0.0,50.39513111114502,0.0,0.0
1,5274,52.74,5000.0,9919.165074825287,10000.0,5000.0,0.0,11.38836145401001,0.0,0.0
1,5275,52.75,5000.0,9865.35668373108,10000.0,5000.0,0.0,-53.808391094207764,0.0,0.0
1,5276,52.76,5000.0,9789.40725326538,10000.0,5000.0,0.0,-75.94943046569824,0.0,0.0
1,5277,52.77,5000.0,9765.832722187042,10000.0,5061.314590275288,0.0,-23.574531078338623,0.0,61.31459027528763
1,5278,52.78,5000.0,9871.864020824432,10000.0,5090.229995548725,0.0,106.03129863739014,0.0,28.9154052734375
1,5279,52.79,5000.0,9807.710945606232,10000.0,5132.4281468987465,0.0,-64.15307521820068,0.0,42.19815135002136
1,5280,52.800000000000004,5000.0,9638.611674308777,10000.0,5363.866277039051,0.0,-169.09927129745483,0.0,231.43813014030457
1,5281,52.81,5000.0,9628.96853685379,10000.0,5773.732215166092,0.0,-9.643137454986572,0.0,409.86593812704086
1,5282,52.82,5000.0,9634.99903678894,10000.0,6326.198577880859,0.0,6.0304999351501465,0.0,552.4663627147675
1,5283,52.83,5000.0,9635.842442512512,10000.0,6722.210794687271,0.0,0.8434057235717773,0.0,396.01221680641174
1,5284,52.84,5000.0,9655.90387582779,10000.0,7154.838889837265,0.0,20.0614333152771,0.0,432.6280951499939
1,5285,52.85,5175.403524190187,9363.671839237213,10000.0,7670.3280210494995,175.40352419018745,-292.2320365905762,0.0,515.4891312122345
1,5286,52.86,5133.255440741777,8848.428130149841,10000.0,8163.631856441498,-42.148083448410034,-515.2437090873718,0.0,493.3038353919983
1,5287,52.870000000000005,5579.415895044804,9147.128462791443,10000.0,7640.627920627594,446.1604543030262,298.70033264160156,0.0,-523.0039358139038
1,5288,52.88,6078.668683767319,9388.803243637085,10000.0,6783.340573310852,499.2527887225151,241.6747808456421,0.0,-857.287347316742
1,5289,52.89,6360.199600458145,9387.50833272934,10000.0,6074.610203504562,281.5309166908264,-1.2949109077453613,0.0,-708.7303698062897
1,5290,52.9,6040.518656373024,8702.386617660522,10000.0,5670.477896928787,-319.68094408512115,-685.1217150688171,0.0,-404.13230657577515
1,5291,52.910000000000004,5610.969401896,7198.803424835205,10000.0,5589.148961007595,-429.5492544770241,-1503.5831928253174,0.0,-81.32893592119217
1,5292,52.92,5135.436002165079,5784.1756939888,10000.0,5562.004707753658,-475.5333997309208,-1414.627730846405,0.0,-27.144253253936768
1,5293,52.93,5000.0,5000.0,10000.0,5734.438747167587,-135.43600216507912,-784.1756939888,0.0,172.43403941392899
1,5294,52.94,5000.0,5000.0,10000.0,5922.65248298645,0.0,0.0,0.0,188.21373581886292
1,5295,52.95,5000.0,5000.0,10000.0,6243.187338113785,0.0,0.0,0.0,320.5348551273346
1,5296,52.96,5000.0,5000.0,10000.0,6290.542632341385,0.0,0.0,0.0,47.3552942276001
1,5297,52.97,5000.0,5000.0,10000.0,6228.237301111221,0.0,0.0,0.0,-62.305331230163574
1,5298,52.980000000000004,5000.0,5000.0,10000.0,5934.429317712784,0.0,0.0,0.0,-293.8079833984375
1,5299,52.99,5000.0,5000.0,10000.0,5618.103556334972,0.0,0.0,0.0,-316.32576137781143
1,5300,53.0,5000.0,5001.31119042635,10000.0,5486.420951783657,0.0,1.31119042634964,0.0,-131.6826045513153
1,5301,53.01,5000.0,5482.16700553894,10000.0,5594.549290835857,0.0,480.8558151125908,0.0,108.12833905220032
1,5302,53.02,5000.0,6299.641132354736,10000.0,5815.754234790802,0.0,817.4741268157959,0.0,221.2049439549446
1,5303,53.03,5369.050540030003,6927.385628223419,10000.0,6050.5300760269165,369.0505400300026,627.7444958686829,0.0,234.7758412361145
1,5304,53.04,5843.259021639824,8101.815581321716,10000.0,6547.853201627731,474.2084816098213,1174.4299530982971,0.0,497.3231256008148
1,5305,53.050000000000004,5953.109487891197,8341.807425022125,10000.0,7139.258235692978,109.85046625137329,239.99184370040894,0.0,591.4050340652466
1,5306,53.06,6020.210981369019,8569.60415840149,10000.0,7765.313386917114,67.10149347782135,227.796733379364,0.0,626.0551512241364
1,5307,53.07,6020.8020359277725,8567.506670951843,10000.0,8325.006663799286,0.5910545587539673,-2.097487449645996,0.0,559.6932768821716
1,5308,53.08,5995.610803365707,8336.337804794312,10000.0,8309.41379070282,-25.191232562065125,-231.16886615753174,0.0,-15.592873096466064
1,5309,53.09,5906.093865633011,8067.502379417419,10000.0,8688.232898712158,-89.51693773269653,-268.8354253768921,0.0,378.8191080093384
1,5310,53.1,5960.721373558044,7775.585055351257,10000.0,8873.910009860992,54.62750792503357,-291.9173240661621,0.0,185.67711114883423
1,5311,53.11,6132.109314203262,7550.7307052612305,10000.0,9122.373461723328,171.3879406452179,-224.85435009002686,0.0,248.4634518623352
1,5312,53.120000000000005,6179.966330528259,7484.437525272369,10000.0,8937.942385673523,47.85701632499695,-66.29317998886108,0.0,-184.4310760498047
1,5313,53.13,6139.224469661713,7543.8860058784485,10000.0,8603.030443191528,-40.74186086654663,59.4484806060791,0.0,-334.91194248199463
1,5314,53.14,6187.643110752106,7649.3605971336365,10000.0,8847.451210021973,48.418641090393066,105.47459125518799,0.0,244.42076683044434
1,5315,53.15,6598.5894203186035,7260.837256908417,10000.0,8985.676169395447,410.9463095664978,-388.5233402252197,0.0,138.22495937347412
1,5316,53.160000000000004,6928.14514040947,7127.821445465088,10000.0,8789.699673652649,329.5557200908661,-133.01581144332886,0.0,-195.97649574279785
1,5317,53.17,7051.050066947937,7019.07753944397,10000.0,8846.257030963898,122.90492653846741,-108.74390602111816,0.0,56.55735731124878
1,5318,53.18,7215.4901921749115,7138.52733373642,10000.0,8719.614744186401,164.4401252269745,119.44979429244995,0.0,-126.64228677749634
1,5319,53.19,7301.382422447205,7197.921276092529,10000.0,8674.421906471252,85.89223027229309,59.39394235610962,0.0,-45.192837715148926
1,5320,53.2,7263.7976706027985,7201.216220855713,10000.0,9000.307321548462,-37.58475184440613,3.2949447631835938,0.0,325.8854150772095
1,5321,53.21,7183.10683965683,7160.213887691498,10000.0,9001.389145851135,-80.69083094596863,-41.00233316421509,0.0,1.0818243026733398
1,5322,53.22,7173.149138689041,7140.054702758789,10000.0,8973.47867488861,-9.957700967788696,-20.15918493270874,0.0,-27.910470962524414
1,5323,53.230000000000004,7103.177458047867,7023.874521255493,10000.0,8870.307207107544,-69.97168064117432,-116.1801815032959,0.0,-103.1714677810669
1,5324,53.24,6976.427733898163,6583.43493938446,9935.18203496933,8795.407712459564,-126.74972414970398,-440.4395818710327,-64.81796503067017,-74.89949464797974
1,5325,53.25,6726.884692907333,5872.64396250248,9772.66550064087,8656.073212623596,-249.54304099082947,-710.7909768819809,-162.5165343284607,-139.33449983596802
1,5326,53.26,6263.254284858704,5024.216249585152,9907.289445400238,8499.62443113327,-463.63040804862976,-848.4277129173279,134.6239447593689,-156.44878149032593
1,5327,53.27,5978.163108229637,5000.0,10000.0,8256.089687347412,-285.09117662906647,-24.216249585151672,92.71055459976196,-243.53474378585815
1,5328,53.28,5779.697746038437,5000.0,10000.0,8073.9617347717285,-198.46536219120026,0.0,0.0,-182.1279525756836
1,5329,53.29,5672.679990530014,5000.0,10000.0,8044.487535953522,-107.01775550842285,0.0,0.0,-29.474198818206787
1,5330,53.300000000000004,5599.749833345413,5000.0,10000.0,8014.504015445709,-72.93015718460083,0.0,0.0,-29.9835205078125
1,5331,53.31,5565.275698900223,5000.0,10000.0,8066.710531711578,-34.47413444519043,0.0,0.0,52.20651626586914
1,5332,53.32,5557.039752602577,5000.0,10000.0,8146.7121839523315,-8.235946297645569,0.0,0.0,80.00165224075317
1,5333,53.33,5576.318204402924,5000.0,10000.0,8150.7134437561035,19.278451800346375,0.0,0.0,4.001259803771973
1,5334,53.34,5625.134631991386,5000.0,10000.0,8286.231458187103,48.81642758846283,0.0,0.0,135.51801443099976
1,5335,53.35,5702.976435422897,5000.0,10000.0,8734.28761959076,77.84180343151093,0.0,0.0,448.056161403656
1,5336,53.36,5742.529630661011,5000.0,10000.0,9558.814764022827,39.5531952381134,0.0,0.0,824.5271444320679
1,5337,53.370000000000005,5726.0143011808395,5000.0,10000.0,10000.0,-16.515329480171204,0.0,0.0,441.18523597717285
1,5338,53.38,5765.999853610992,5000.0,10000.0,10000.0,39.98555243015289,0.0,0.0,0.0
1,5339,53.39,5852.751135826111,5000.0,10000.0,10000.0,86.75128221511841,0.0,0.0,0.0
1,5340,53.4,5935.531109571457,5000.0,10000.0,10000.0,82.77997374534607,0.0,0.0,0.0
1,5341,53.410000000000004,5993.788689374924,5000.0,9574.86093044281,10000.0,58.2575798034668,0.0,-425.13906955718994,0.0
1,5342,53.42,6025.247275829315,5000.0,8008.297383785248,10000.0,31.45858645439148,0.0,-1566.5635466575623,0.0
1,5343,53.43,6509.508788585663,5000.0,8431.212902069092,9954.261779785156,484.26151275634766,0.0,422.915518283844,-45.73822021484375
1,5344,53.44,7301.577478647232,5000.0,8974.257409572601,9592.064619064331,792.0686900615692,0.0,543.0445075035095,-362.1971607208252
1,5345,53.45,8183.60447883606,5000.0,9302.737414836884,9432.066679000854,882.0270001888275,0.0,328.4800052642822,-159.99794006347656
1,5346,53.46,8936.09344959259,5000.0,8922.880291938782,9390.682578086853,752.4889707565308,0.0,-379.8571228981018,-41.384100914001465
1,5347,53.47,9358.346462249756,5000.0,7912.501394748688,9545.19510269165,422.2530126571655,0.0,-1010.378897190094,154.51252460479736
1,5348,53.480000000000004,9772.419035434723,5000.0,6879.7120451927185,9759.805798530579,414.07257318496704,0.0,-1032.7893495559692,214.61069583892822
1,5349,53.49,10000.0,5000.0,6537.230014801025,9804.501831531525,227.5809645652771,0.0,-342.4820303916931,44.696033000946045
1,5350,53.5,10000.0,5000.0,6392.895579338074,9890.072643756866,0.0,0.0,-144.33443546295166,85.5708122253418
1,5351,53.51,10000.0,5000.0,6234.920620918274,10000.0,0.0,0.0,-157.9749584197998,109.92735624313354
1,5352,53.52,10000.0,5000.0,5979.7051548957825,10000.0,0.0,0.0,-255.21546602249146,0.0
1,5353,53.53,10000.0,5000.0,5824.909508228302,10000.0,0.0,0.0,-154.79564666748047,0.0
1,5354,53.54,10000.0,5000.0,5788.1589233875275,8710.009455680847,0.0,0.0,-36.750584840774536,-1289.9905443191528
1,5355,53.550000000000004,9677.256643772125,5000.0,6179.633289575577,8284.504413604736,-322.74335622787476,0.0,391.4743661880493,-425.50504207611084
1,5356,53.56,9417.330026626587,5000.0,6443.366855382919,7773.6082673072815,-259.92661714553833,0.0,263.73356580734253,-510.89614629745483
1,5357,53.57,9404.438138008118,5000.0,6052.080541849136,7292.554527521133,-12.891888618469238,0.0,-391.28631353378296,-481.05373978614807
1,5358,53.58,9667.404592037201,5000.0,5594.290494918823,6508.616954088211,262.96645402908325,0.0,-457.7900469303131,-783.9375734329224
1,5359,53.59,9371.738731861115,5000.0,5477.608703076839,6373.702883720398,-295.6658601760864,0.0,-116.6817918419838,-134.9140703678131
1,5360,53.6,9131.984114646912,5000.0,5367.958955466747,6420.7398891448975,-239.75461721420288,0.0,-109.64974761009216,47.03700542449951
1,5361,53.61,9118.419885635376,5000.0,5199.658051133156,6880.593150854111,-13.564229011535645,0.0,-168.30090433359146,459.85326170921326
1,5362,53.620000000000005,9349.320530891418,5422.117635607719,5139.863416552544,6152.76113152504,230.90064525604248,422.1176356077194,-59.79463458061218,-727.832019329071
1,5363,53.63,9337.504506111145,7088.300883769989,5065.021216869354,5867.5844967365265,-11.816024780273438,1666.1832481622696,-74.84219968318939,-285.1766347885132
1,5364,53.64,9307.3371052742,7226.088345050812,5129.8365369439125,6061.6135597229,-30.16740083694458,137.78746128082275,64.81532007455826,194.0290629863739
1,5365,53.65,9214.860796928406,7250.5122423172,5373.876094818115,6164.466589689255,-92.47630834579468,24.42389726638794,244.03955787420273,102.85302996635437
1,5366,53.660000000000004,9286.313951015472,6884.196102619171,5714.390724897385,6326.198130846024,71.45315408706665,-366.31613969802856,340.5146300792694,161.7315411567688
1,5367,53.67,9112.868905067444,7140.106558799744,6147.543638944626,6568.05083155632,-173.44504594802856,255.9104561805725,433.1529140472412,241.85270071029663
1,5368,53.68,9284.97701883316,7748.418748378754,6170.715093612671,6700.490564107895,172.10811376571655,608.31218957901,23.171454668045044,132.4397325515747
1,5369,53.69,9263.321161270142,8142.90463924408,6602.696776390076,6732.265651226044,-21.6558575630188,394.4858908653259,431.9816827774048,31.775087118148804
1,5370,53.7,8354.042768478394,8244.09008026123,7073.810994625092,6552.539020776749,-909.278392791748,101.18544101715088,471.11421823501587,-179.72663044929504
1,5371,53.71,8302.817046642303,8329.80901002884,8163.028657436371,6109.1916263103485,-51.22572183609009,85.71892976760864,1089.2176628112793,-443.34739446640015
1,5372,53.72,8507.097661495209,8165.307939052582,8727.708160877228,5580.848790705204,204.28061485290527,-164.50107097625732,564.6795034408569,-528.3428356051445
1,5373,53.730000000000004,8667.08219051361,8071.3653564453125,8952.618539333344,5329.854004085064,159.9845290184021,-93.94258260726929,224.91037845611572,-250.99478662014008
1,5374,53.74,8809.845447540283,7895.640432834625,9057.926833629608,5203.74733954668,142.76325702667236,-175.72492361068726,105.30829429626465,-126.10666453838348
1,5375,53.75,8889.654874801636,7788.950204849243,9029.688835144043,5189.935825765133,79.80942726135254,-106.69022798538208,-28.237998485565186,-13.811513781547546
1,5376,53.76,8896.041214466095,7695.260643959045,9009.089469909668,5209.16823297739,6.3863396644592285,-93.68956089019775,-20.599365234375,19.232407212257385
1,5377,53.77,8896.021842956543,7673.318982124329,9061.101973056793,5231.626965105534,-0.019371509552001953,-21.941661834716797,52.012503147125244,22.45873212814331
1,5378,53.78,8857.765793800354,7686.67995929718,9082.011282444,5278.972797095776,-38.256049156188965,13.360977172851562,20.90930938720703,47.345831990242004
1,5379,53.79,8756.186366081238,7731.6537499427795,9141.056537628174,5355.083979666233,-101.57942771911621,44.973790645599365,59.045255184173584,76.11118257045746
1,5380,53.800000000000004,8624.955713748932,7826.637327671051,9213.173389434814,5437.171272933483,-131.2306523323059,94.98357772827148,72.11685180664062,82.08729326725006
1,5381,53.81,8364.030122756958,7968.670725822449,9321.54506444931,5552.781261503696,-260.9255909919739,142.0333981513977,108.37167501449585,115.60998857021332
1,5382,53.82,8017.92711019516,8126.815557479858,9525.86978673935,5656.164586544037,-346.1030125617981,158.14483165740967,204.32472229003906,103.38332504034042
1,5383,53.83,7768.571674823761,8124.502897262573,9802.960753440857,5699.481517076492,-249.35543537139893,-2.3126602172851562,277.09096670150757,43.316930532455444
1,5384,53.84,7646.0447907447815,8131.293952465057,9899.028241634369,5746.808350086212,-122.52688407897949,6.791055202484131,96.06748819351196,47.32683300971985
1,5385,53.85,7682.603895664215,8134.231865406036,10000.0,5843.24523806572,36.559104919433594,2.937912940979004,100.9717583656311,96.43688797950745
1,5386,53.86,7803.1885623931885,8183.127641677856,10000.0,5863.8375997543335,120.58466672897339,48.89577627182007,0.0,20.59236168861389
1,5387,53.870000000000005,7661.047279834747,8438.121974468231,10000.0,6268.646866083145,-142.14128255844116,254.99433279037476,0.0,404.80926632881165
1,5388,53.88,8054.5783042907715,8416.522741317749,10000.0,6106.749027967453,393.53102445602417,-21.599233150482178,0.0,-161.89783811569214
1,5389,53.89,8171.417117118835,8684.416115283966,9721.706509590149,6117.361336946487,116.83881282806396,267.89337396621704,-278.2934904098511,10.612308979034424
1,5390,53.9,9113.13384771347,9031.638503074646,9943.446516990662,5451.403521001339,941.716730594635,347.22238779067993,221.7400074005127,-665.9578159451485
1,5391,53.910000000000004,10000.0,9594.952762126923,8491.202294826508,5000.0,886.8661522865295,563.3142590522766,-1452.244222164154,-451.40352100133896
1,5392,53.92,9722.138047218323,9655.423164367676,6497.6489543914795,5000.0,-277.86195278167725,60.470402240753174,-1993.553340435028,0.0
1,5393,53.93,9431.170523166656,8816.86806678772,6429.09049987793,5051.155723631382,-290.96752405166626,-838.555097579956,-68.5584545135498,51.15572363138199
1,5394,53.94,9642.869234085083,8493.092358112335,6368.117332458496,5164.240933954716,211.6987109184265,-323.7757086753845,-60.973167419433594,113.08521032333374
1,5395,53.95,9870.355725288391,8656.72379732132,6317.003965377808,5188.089050352573,227.4864912033081,163.63143920898438,-51.11336708068848,23.848116397857666
1,5396,53.96,10000.0,9228.582978248596,6204.804256558418,5113.70774358511,129.6442747116089,571.8591809272766,-112.19970881938934,-74.38130676746368
1,5397,53.97,10000.0,10000.0,5833.428725600243,5000.0,0.0,771.4170217514038,-371.37553095817566,-113.70774358510971
1,5398,53.980000000000004,10000.0,10000.0,5524.766966700554,5000.0,0.0,0.0,-308.6617588996887,0.0
1,5399,53.99,10000.0,10000.0,5294.649861752987,5000.0,0.0,0.0,-230.117104947567,0.0
1,5400,54.0,10000.0,8864.086866378784,6400.664150714874,5000.0,0.0,-1135.9131336212158,1106.0142889618874,0.0
1,5401,54.01,10000.0,6468.577682971954,8461.136817932129,5000.0,0.0,-2395.50918340683,2060.4726672172546,0.0
1,5402,54.02,10000.0,5844.696685671806,8693.645298480988,6232.186853885651,0.0,-623.880997300148,232.50848054885864,1232.1868538856506
1,5403,54.03,9373.652935028076,5527.44098007679,8963.631093502045,9047.03676700592,-626.3470649719238,-317.2557055950165,269.98579502105713,2814.84991312027
1,5404,54.04,8284.649848937988,5178.787931799889,8718.58149766922,9192.61485338211,-1089.003086090088,-348.65304827690125,-245.0495958328247,145.57808637619019
1,5405,54.050000000000004,7623.3115792274475,5000.0,8390.6689286232,9322.08240032196,-661.3382697105408,-178.7879317998886,-327.9125690460205,129.46754693984985
1,5406,54.06,7527.622878551483,5000.0,8189.409077167511,9443.62074136734,-95.68870067596436,0.0,-201.25985145568848,121.53834104537964
1,5407,54.07,7259.607762098312,5000.0,7931.739091873169,9549.939036369324,-268.0151164531708,0.0,-257.66998529434204,106.31829500198364
1,5408,54.08,6961.32704615593,5000.0,7792.8707003593445,9729.270339012146,-298.2807159423828,0.0,-138.86839151382446,179.33130264282227
1,5409,54.09,6754.8589408397675,5000.0,7642.039358615875,9946.08223438263,-206.4681053161621,0.0,-150.83134174346924,216.8118953704834
1,5410,54.1,6601.8398106098175,5000.0,7221.972048282623,10000.0,-153.01913022994995,0.0,-420.06731033325195,53.917765617370605
1,5411,54.11,6553.20018529892,5000.0,6899.064481258392,10000.0,-48.63962531089783,0.0,-322.90756702423096,0.0
1,5412,54.120000000000005,6384.39878821373,5000.0,6649.219393730164,10000.0,-168.80139708518982,0.0,-249.84508752822876,0.0
1,5413,54.13,6360.829770565033,5000.0,6340.4276967048645,10000.0,-23.5690176486969,0.0,-308.7916970252991,0.0
1,5414,54.14,6234.27614569664,5000.0,5979.099199175835,10000.0,-126.55362486839294,0.0,-361.32849752902985,0.0
1,5415,54.15,6073.125377297401,5000.0,5739.372000098228,10000.0,-161.1507683992386,0.0,-239.7271990776062,0.0
1,5416,54.160000000000004,5801.052525639534,5000.0,5761.17716729641,10000.0,-272.07285165786743,0.0,21.805167198181152,0.0
1,5417,54.17,5533.500462770462,5000.0,5775.5547016859055,10000.0,-267.55206286907196,0.0,14.37753438949585,0.0
1,5418,54.18,5317.451991140842,5000.0,5723.994597792625,10000.0,-216.0484716296196,0.0,-51.56010389328003,0.0
1,5419,54.19,5246.664397418499,5000.0,5995.056554675102,10000.0,-70.78759372234344,0.0,271.0619568824768,0.0
1,5420,54.2,5315.226688981056,5000.0,5969.755575060844,10000.0,68.56229156255722,0.0,-25.300979614257812,0.0
1,5421,54.21,5468.635223805904,5000.0,6046.05458676815,10000.0,153.40853482484818,0.0,76.29901170730591,0.0
1,5422,54.22,5737.800300121307,5000.0,6179.690659046173,10000.0,269.165076315403,0.0,133.63607227802277,0.0
1,5423,54.230000000000004,5961.432009935379,5000.0,6395.951807498932,9571.914076805115,223.63170981407166,0.0,216.2611484527588,-428.08592319488525
1,5424,54.24,6299.329996109009,5000.0,6597.9041159152985,8632.111549377441,337.89798617362976,0.0,201.95230841636658,-939.8025274276733
1,5425,54.25,6518.101245164871,5000.0,7225.015461444855,8346.06647491455,218.77124905586243,0.0,627.1113455295563,-286.0450744628906
1,5426,54.26,6650.5880653858185,5000.0,7554.337680339813,8049.562573432922,132.48682022094727,0.0,329.3222188949585,-296.5039014816284
1,5427,54.27,6678.1410574913025,5000.0,7532.145082950592,8311.127424240112,27.55299210548401,0.0,-22.19259738922119,261.56485080718994
1,5428,54.28,6707.7600955963135,5000.0,7064.805030822754,8523.341417312622,29.619038105010986,0.0,-467.34005212783813,212.21399307250977
1,5429,54.29,6766.046583652496,5000.0,6939.857304096222,8907.288908958435,58.28648805618286,0.0,-124.94772672653198,383.947491645813
1,5430,54.300000000000004,6888.294816017151,5000.0,6905.390620231628,9359.333515167236,122.24823236465454,0.0,-34.466683864593506,452.04460620880127
1,5431,54.31,6952.794641256332,5000.0,6948.722302913666,9744.197726249695,64.49982523918152,0.0,43.33168268203735,384.8642110824585
1,5432,54.32,7005.133926868439,5000.0,7011.7515325546265,9906.105697154999,52.33928561210632,0.0,63.02922964096069,161.90797090530396
1,5433,54.33,6972.0180332660675,5000.0,6997.644305229187,10000.0,-33.115893602371216,0.0,-14.107227325439453,93.89430284500122
1,5434,54.34,7032.649964094162,5000.0,6947.30281829834,10000.0,60.63193082809448,0.0,-50.34148693084717,0.0
1,5435,54.35,7364.1058802604675,5000.0,6779.389679431915,9861.854910850525,331.45591616630554,0.0,-167.91313886642456,-138.1450891494751
1,5436,54.36,7712.823450565338,5000.0,6333.018243312836,9955.984950065613,348.7175703048706,0.0,-446.3714361190796,94.13003921508789
1,5437,54.370000000000005,7933.655381202698,5000.0,6481.64764046669,9996.68836593628,220.83193063735962,0.0,148.62939715385437,40.703415870666504
1,5438,54.38,8087.759017944336,5000.0,7077.694833278656,9800.421595573425,154.10363674163818,0.0,596.0471928119659,-196.266770362854
1,5439,54.39,8154.319524765015,5000.0,7717.099487781525,9835.855662822723,66.56050682067871,0.0,639.4046545028687,35.434067249298096
1,5440,54.4,8075.823783874512,5000.0,8158.206641674042,9993.364214897156,-78.49574089050293,0.0,441.1071538925171,157.50855207443237
1,5441,54.410000000000004,7396.7282474040985,5000.0,8752.006888389587,10000.0,-679.0955364704132,0.0,593.8002467155457,6.635785102844238
1,5442,54.42,7104.117423295975,5000.0,8844.53535079956,10000.0,-292.6108241081238,0.0,92.52846240997314,0.0
1,5443,54.43,6878.430992364883,5000.0,8913.46961259842,10000.0,-225.6864309310913,0.0,68.93426179885864,0.0
1,5444,54.44,6681.505739688873,5000.0,9059.111177921295,10000.0,-196.92525267601013,0.0,145.64156532287598,0.0
1,5445,54.45,7083.453983068466,5000.0,9167.101681232452,10000.0,401.9482433795929,0.0,107.99050331115723,0.0
1,5446,54.46,7418.910712003708,5448.5780745744705,9149.150550365448,9937.894940376282,335.4567289352417,448.5780745744705,-17.951130867004395,-62.10505962371826
1,5447,54.47,7170.269936323166,6978.36697101593,9093.985259532928,9044.78907585144,-248.640775680542,1529.7888964414597,-55.16529083251953,-893.1058645248413
1,5448,54.480000000000004,7779.548764228821,7313.999235630035,9509.963989257812,7731.69070482254,609.2788279056549,335.6322646141052,415.97872972488403,-1313.0983710289001
1,5449,54.49,6411.655694246292,7746.947407722473,9773.78934621811,6899.246126413345,-1367.8930699825287,432.94817209243774,263.82535696029663,-832.444578409195
1,5450,54.5,6088.7497663497925,8161.437511444092,10000.0,5984.930545091629,-322.90592789649963,414.49010372161865,226.21065378189087,-914.3155813217163
1,5451,54.51,7538.213431835175,8718.449473381042,9794.434309005737,5413.7469455599785,1449.463665485382,557.0119619369507,-205.5656909942627,-571.1835995316505
1,5452,54.52,8404.516577720642,9940.709471702576,7746.337354183197,5000.0,866.3031458854675,1222.2599983215332,-2048.0969548225403,-413.7469455599785
1,5453,54.53,8946.946859359741,10000.0,7186.194360256195,5033.889003098011,542.4302816390991,59.290528297424316,-560.142993927002,33.88900309801102
1,5454,54.54,9191.918075084686,10000.0,7329.767346382141,5000.0,244.97121572494507,0.0,143.57298612594604,-33.88900309801102
1,5455,54.550000000000004,9198.244214057922,10000.0,7599.855065345764,5000.0,6.326138973236084,0.0,270.08771896362305,0.0
1,5456,54.56,9464.019536972046,10000.0,7512.318789958954,5000.0,265.77532291412354,0.0,-87.5362753868103,0.0
1,5457,54.57,9147.268235683441,10000.0,8163.158297538757,5000.0,-316.75130128860474,0.0,650.8395075798035,0.0
1,5458,54.58,8859.343528747559,9995.411336421967,9834.999740123749,5000.0,-287.92470693588257,-4.588663578033447,1671.8414425849915,0.0
1,5459,54.59,8721.185028553009,9349.969327449799,10000.0,5569.377727806568,-138.15850019454956,-645.442008972168,165.00025987625122,569.3777278065681
1,5460,54.6,9045.555293560028,8940.893709659576,10000.0,8740.606606006622,324.37026500701904,-409.07561779022217,0.0,3171.228878200054
1,5461,54.61,9459.096789360046,9155.171513557434,10000.0,8720.126152038574,413.5414958000183,214.27780389785767,0.0,-20.480453968048096
1,5462,54.620000000000005,9558.9479804039,9221.489429473877,10000.0,9029.58631515503,99.85119104385376,66.31791591644287,0.0,309.4601631164551
1,5463,54.63,9427.04051733017,9529.250860214233,10000.0,9073.670506477356,-131.90746307373047,307.76143074035645,0.0,44.08419132232666
1,5464,54.64,9117.645621299744,9724.183082580566,10000.0,8985.01992225647,-309.394896030426,194.932222366333,0.0,-88.65058422088623
1,5465,54.65,9154.304563999176,9829.251766204834,10000.0,8867.998719215393,36.65894269943237,105.06868362426758,0.0,-117.02120304107666
1,5466,54.660000000000004,9222.885966300964,9828.961193561554,10000.0,8853.336572647095,68.58140230178833,-0.2905726432800293,0.0,-14.66214656829834
1,5467,54.67,9229.29733991623,9764.901995658875,9850.882589817047,8868.702352046967,6.411373615264893,-64.05919790267944,-149.11741018295288,15.365779399871826
1,5468,54.68,9081.816673278809,9739.642143249512,9709.844589233398,8951.959609985352,-147.48066663742065,-25.259852409362793,-141.03800058364868,83.25725793838501
1,5469,54.69,8864.0096783638,9673.84397983551,9635.562598705292,9042.633473873138,-217.80699491500854,-65.79816341400146,-74.28199052810669,90.67386388778687
1,5470,54.7,8720.93379497528,9556.016325950623,9618.765413761139,9124.938547611237,-143.0758833885193,-117.8276538848877,-16.797184944152832,82.30507373809814
1,5471,54.71,8589.807152748108,9479.00652885437,9652.958810329437,9078.16082239151,-131.12664222717285,-77.00979709625244,34.19339656829834,-46.77772521972656
1,5472,54.72,8173.210024833679,9368.87502670288,9702.93790102005,8945.90675830841,-416.5971279144287,-110.13150215148926,49.97909069061279,-132.25406408309937
1,5473,54.730000000000004,7752.070426940918,9276.60584449768,9634.380340576172,8644.300699234009,-421.13959789276123,-92.2691822052002,-68.55756044387817,-301.60605907440186
1,5474,54.74,7229.859232902527,9167.4143075943,9412.298500537872,8143.4983015060425,-522.2111940383911,-109.19153690338135,-222.08184003829956,-500.8023977279663
1,5475,54.75,6183.18498134613,9020.473062992096,9265.688359737396,7767.329812049866,-1046.6742515563965,-146.94124460220337,-146.61014080047607,-376.16848945617676
1,5476,54.76,5649.227723479271,8810.70852279663,9322.042763233185,7528.071403503418,-533.9572578668594,-209.7645401954651,56.354403495788574,-239.25840854644775
1,5477,54.77,5493.260808289051,8649.128079414368,9457.337856292725,7390.517741441727,-155.96691519021988,-161.58044338226318,135.2950930595398,-137.55366206169128
1,5478,54.78,5406.100414693356,8652.837872505188,9585.51675081253,7447.14543223381,-87.1603935956955,3.7097930908203125,128.1788945198059,56.62769079208374
1,5479,54.79,5256.942380219698,8789.041638374329,9721.22460603714,7859.715521335602,-149.1580344736576,136.20376586914062,135.70785522460938,412.5700891017914
1,5480,54.800000000000004,5328.350327908993,8804.234266281128,9939.118921756744,8912.838697433472,71.40794768929482,15.192627906799316,217.8943157196045,1053.1231760978699
1,5481,54.81,6558.445394039154,8839.449286460876,10000.0,9508.338868618011,1230.0950661301613,35.215020179748535,60.881078243255615,595.5001711845398
1,5482,54.82,6992.44499206543,9121.909141540527,9930.918216705322,9805.609583854675,433.99959802627563,282.4598550796509,-69.08178329467773,297.2707152366638
1,5483,54.83,6984.570920467377,9751.052260398865,9976.628720760345,9169.631004333496,-7.8740715980529785,629.1431188583374,45.71050405502319,-635.9785795211792
1,5484,54.84,7822.7391839027405,10000.0,9946.25061750412,6410.360634326935,838.1682634353638,248.94773960113525,-30.378103256225586,-2759.2703700065613
1,5485,54.85,8225.784599781036,10000.0,8698.243796825409,5497.015602886677,403.0454158782959,0.0,-1248.006820678711,-913.345031440258
1,5486,54.86,8399.773240089417,10000.0,6913.4460389614105,5120.788179337978,173.98864030838013,0.0,-1784.7977578639984,-376.2274235486984
1,5487,54.870000000000005,8477.832674980164,10000.0,5908.261090517044,5085.39441972971,78.05943489074707,0.0,-1005.1849484443665,-35.39375960826874
1,5488,54.88,8360.511362552643,10000.0,5636.645257472992,5081.34413510561,-117.32131242752075,0.0,-271.6158330440521,-4.0502846240997314
1,5489,54.89,8219.093084335327,10000.0,5494.5287853479385,5115.881972014904,-141.41827821731567,0.0,-142.1164721250534,34.53783690929413
1,5490,54.9,8186.889886856079,10000.0,5725.638717412949,5012.693963944912,-32.20319747924805,0.0,231.10993206501007,-103.18800806999207
1,5491,54.910000000000004,8070.113658905029,10000.0,6463.429927825928,5000.0,-116.7762279510498,0.0,737.7912104129791,-12.693963944911957
1,5492,54.92,7934.53574180603,9529.69640493393,8107.186853885651,5154.304020106792,-135.57791709899902,-470.30359506607056,1643.756926059723,154.30402010679245
1,5493,54.93,8217.519223690033,9326.793551445007,10000.0,6730.338782072067,282.9834818840027,-202.90285348892212,1892.8131461143494,1576.0347619652748
1,5494,54.94,8527.125716209412,8568.471670150757,10000.0,8839.12593126297,309.60649251937866,-758.3218812942505,0.0,2108.7871491909027
1,5495,54.95,8692.963123321533,8286.08512878418,10000.0,8086.099028587341,165.83740711212158,-282.38654136657715,0.0,-753.0269026756287
1,5496,54.96,8862.584233283997,8545.13943195343,10000.0,7918.489575386047,169.62110996246338,259.0543031692505,0.0,-167.60945320129395
1,5497,54.97,9544.856548309326,8499.138951301575,10000.0,7660.183608531952,682.2723150253296,-46.00048065185547,0.0,-258.30596685409546
1,5498,54.980000000000004,9851.743578910828,8219.23166513443,10000.0,7679.85463142395,306.88703060150146,-279.9072861671448,0.0,19.67102289199829
1,5499,54.99,10000.0,8351.8186211586,10000.0,7076.808959245682,148.25642108917236,132.58695602416992,0.0,-603.0456721782684
1,5500,55.0,10000.0,8262.758255004883,10000.0,6622.083783149719,0.0,-89.06036615371704,0.0,-454.7251760959625
1,5501,55.01,10000.0,7893.430590629578,10000.0,6387.158036231995,0.0,-369.3276643753052,0.0,-234.9257469177246
1,5502,55.02,10000.0,8032.838702201843,10000.0,6701.999008655548,0.0,139.40811157226562,0.0,314.84097242355347
1,5503,55.03,9925.71622133255,8150.286078453064,10000.0,7384.694516658783,-74.28377866744995,117.4473762512207,0.0,682.6955080032349
1,5504,55.04,9776.823222637177,8028.465509414673,10000.0,7609.484493732452,-148.89299869537354,-121.82056903839111,0.0,224.78997707366943
1,5505,55.050000000000004,9466.970562934875,7970.629632472992,10000.0,7648.934125900269,-309.852659702301,-57.83587694168091,0.0,39.44963216781616
1,5506,55.06,9018.731713294983,7998.906970024109,10000.0,7633.197009563446,-448.2388496398926,28.277337551116943,0.0,-15.73711633682251
1,5507,55.07,8695.001602172852,8124.96542930603,10000.0,7417.691797018051,-323.73011112213135,126.05845928192139,0.0,-215.5052125453949
1,5508,55.08,8452.584147453308,8546.845018863678,10000.0,7232.591062784195,-242.41745471954346,421.8795895576477,0.0,-185.1007342338562
1,5509,55.09,8343.475461006165,8929.292261600494,10000.0,7242.5951063632965,-109.10868644714355,382.4472427368164,0.0,10.004043579101562
1,5510,55.1,8288.653492927551,9009.398818016052,10000.0,7094.689607620239,-54.82196807861328,80.10655641555786,0.0,-147.90549874305725
1,5511,55.11,7970.299124717712,9067.512452602386,10000.0,6902.743279933929,-318.35436820983887,58.11363458633423,0.0,-191.94632768630981
1,5512,55.120000000000005,7798.146307468414,9089.726209640503,10000.0,6689.822971820831,-172.1528172492981,22.213757038116455,0.0,-212.92030811309814
1,5513,55.13,7427.060008049011,9328.41181755066,10000.0,6618.564426898956,-371.0862994194031,238.68560791015625,0.0,-71.258544921875
1,5514,55.14,7211.225479841232,9363.31182718277,10000.0,6493.807137012482,-215.83452820777893,34.900009632110596,0.0,-124.75728988647461
1,5515,55.15,6915.886253118515,9658.6012840271,10000.0,6328.852474689484,-295.3392267227173,295.28945684432983,0.0,-164.95466232299805
1,5516,55.160000000000004,6900.889724493027,9714.988470077515,10000.0,6143.440455198288,-14.996528625488281,56.38718605041504,0.0,-185.41201949119568
1,5517,55.17,7068.808078765869,9478.131532669067,10000.0,5887.093096971512,167.9183542728424,-236.85693740844727,0.0,-256.3473582267761
1,5518,55.18,7423.254698514938,9375.816881656647,10000.0,5621.868260204792,354.4466197490692,-102.31465101242065,0.0,-265.2248367667198
1,5519,55.19,7759.180068969727,9579.83136177063,9228.816330432892,5438.987948000431,335.9253704547882,204.01448011398315,-771.1836695671082,-182.88031220436096
1,5520,55.2,8065.799176692963,10000.0,7959.1503739356995,5208.217091858387,306.6191077232361,420.1686382293701,-1269.6659564971924,-230.77085614204407
1,5521,55.21,8549.876809120178,10000.0,7202.615439891815,5045.129843056202,484.0776324272156,0.0,-756.5349340438843,-163.08724880218506
1,5522,55.22,9058.549702167511,10000.0,6491.2475645542145,5000.0,508.67289304733276,0.0,-711.3678753376007,-45.129843056201935
1,5523,55.230000000000004,9462.456405162811,10000.0,6127.907335758209,5000.0,403.9067029953003,0.0,-363.34022879600525,0.0
1,5524,55.24,9666.811227798462,10000.0,5890.594348311424,5000.0,204.35482263565063,0.0,-237.31298744678497,0.0
1,5525,55.25,9863.435626029968,10000.0,5564.413443207741,5000.0,196.62439823150635,0.0,-326.1809051036835,0.0
1,5526,55.26,9975.227117538452,10000.0,5326.793044805527,5000.0,111.79149150848389,0.0,-237.62039840221405,0.0
1,5527,55.27,9939.80586528778,10000.0,5418.3559864759445,5000.0,-35.42125225067139,0.0,91.56294167041779,0.0
1,5528,55.28,9868.149757385254,10000.0,5761.750042438507,5000.0,-71.65610790252686,0.0,343.39405596256256,0.0
1,5529,55.29,9855.823516845703,10000.0,6226.9096076488495,5000.0,-12.326240539550781,0.0,465.1595652103424,0.0
1,5530,55.300000000000004,9720.947444438934,10000.0,6618.530452251434,5000.0,-134.8760724067688,0.0,391.62084460258484,0.0
1,5531,55.31,9533.468186855316,10000.0,7114.030718803406,5000.0,-187.47925758361816,0.0,495.50026655197144,0.0
1,5532,55.32,9399.578273296356,10000.0,7535.184621810913,5000.0,-133.88991355895996,0.0,421.1539030075073,0.0
1,5533,55.33,9335.17187833786,10000.0,8051.948547363281,5000.0,-64.4063949584961,0.0,516.7639255523682,0.0
1,5534,55.34,9286.360144615173,10000.0,8506.304025650024,5000.0,-48.81173372268677,0.0,454.35547828674316,0.0
1,5535,55.35,9230.967462062836,10000.0,9112.04069852829,5000.0,-55.39268255233765,0.0,605.7366728782654,0.0
1,5536,55.36,9312.644004821777,10000.0,9534.720480442047,5000.0,81.67654275894165,0.0,422.6797819137573,0.0
1,5537,55.370000000000005,9396.269023418427,10000.0,9664.674997329712,5000.0,83.62501859664917,0.0,129.9545168876648,0.0
1,5538,55.38,9227.673411369324,10000.0,9283.631145954132,5000.0,-168.59561204910278,0.0,-381.04385137557983,0.0
1,5539,55.39,9016.7036652565,10000.0,8835.202157497406,5000.0,-210.9697461128235,0.0,-448.4289884567261,0.0
1,5540,55.4,8920.80008983612,10000.0,8221.571147441864,5000.0,-95.90357542037964,0.0,-613.631010055542,0.0
1,5541,55.410000000000004,8752.084076404572,10000.0,7834.369838237762,5000.0,-168.71601343154907,0.0,-387.20130920410156,0.0
1,5542,55.42,8601.72688961029,10000.0,7594.920992851257,5000.0,-150.357186794281,0.0,-239.44884538650513,0.0
1,5543,55.43,8522.026538848877,10000.0,7216.392457485199,5000.0,-79.70035076141357,0.0,-378.52853536605835,0.0
1,5544,55.44,8551.109433174133,10000.0,6736.578643321991,5020.855106413364,29.082894325256348,0.0,-479.813814163208,20.85510641336441
1,5545,55.45,8968.56278181076,10000.0,6204.317882657051,5194.279886782169,417.4533486366272,0.0,-532.2607606649399,173.42478036880493
1,5546,55.46,9558.563232421875,10000.0,5935.018956661224,5310.1978078484535,590.0004506111145,0.0,-269.2989259958267,115.91792106628418
1,5547,55.47,10000.0,10000.0,5691.660791635513,5372.945703566074,441.436767578125,0.0,-243.35816502571106,62.74789571762085
1,5548,55.480000000000004,10000.0,10000.0,5553.43821644783,5356.20529204607,0.0,0.0,-138.2225751876831,-16.740411520004272
1,5549,55.49,10000.0,10000.0,5622.141994535923,5410.38054972887,0.0,0.0,68.7037780880928,54.17525768280029
1,5550,55.5,10000.0,10000.0,5831.592679023743,5564.190931618214,0.0,0.0,209.45068448781967,153.81038188934326
1,5551,55.51,10000.0,10000.0,5939.522087574005,5545.99154740572,0.0,0.0,107.92940855026245,-18.199384212493896
1,5552,55.52,10000.0,10000.0,5983.229428529739,5300.637073814869,0.0,0.0,43.70734095573425,-245.35447359085083
1,5553,55.53,10000.0,10000.0,6050.99231004715,5000.0,0.0,0.0,67.76288151741028,-300.6370738148689
1,5554,55.54,10000.0,10000.0,6000.433266162872,5000.0,0.0,0.0,-50.559043884277344,0.0
1,5555,55.550000000000004,10000.0,10000.0,6050.722897052765,5000.0,0.0,0.0,50.28963088989258,0.0
1,5556,55.56,10000.0,10000.0,6114.3238842487335,5000.0,0.0,0.0,63.60098719596863,0.0
1,5557,55.57,10000.0,9868.910312652588,6260.481178760529,5000.0,0.0,-131.0896873474121,146.15729451179504,0.0
1,5558,55.58,9868.308901786804,9768.545627593994,6574.169099330902,5000.0,-131.6910982131958,-100.36468505859375,313.68792057037354,0.0
1,5559,55.59,9880.08201122284,9542.746543884277,6968.163549900055,5000.0,11.773109436035156,-225.7990837097168,393.99445056915283,0.0
1,5560,55.6,10000.0,8862.643241882324,7379.970848560333,5217.576511204243,119.91798877716064,-680.1033020019531,411.8072986602783,217.5765112042427
1,5561,55.61,10000.0,7778.158485889435,7796.359062194824,5464.185066521168,0.0,-1084.4847559928894,416.38821363449097,246.60855531692505
1,5562,55.620000000000005,10000.0,7130.605578422546,7873.995006084442,5471.03401273489,0.0,-647.5529074668884,77.63594388961792,6.848946213722229
1,5563,55.63,10000.0,7403.963804244995,7693.395018577576,5305.6300058960915,0.0,273.35822582244873,-180.59998750686646,-165.40400683879852
1,5564,55.64,10000.0,7318.155467510223,8488.834202289581,5279.758237302303,0.0,-85.80833673477173,795.4391837120056,-25.871768593788147
1,5565,55.65,9680.886268615723,6313.027143478394,9849.056899547577,6671.115309000015,-319.11373138427734,-1005.1283240318298,1360.2226972579956,1391.357071697712
1,5566,55.660000000000004,9631.409645080566,6221.776530146599,10000.0,6326.518505811691,-49.47662353515625,-91.25061333179474,150.9431004524231,-344.596803188324
1,5567,55.67,9522.034525871277,6267.077326774597,10000.0,7477.539628744125,-109.37511920928955,45.30079662799835,0.0,1151.021122932434
1,5568,55.68,9135.644733905792,6181.771233677864,10000.0,7960.755527019501,-386.3897919654846,-85.3060930967331,0.0,483.21589827537537
1,5569,55.69,9006.051123142242,7187.053859233856,10000.0,7889.077663421631,-129.5936107635498,1005.2826255559921,0.0,-71.67786359786987
1,5570,55.7,9252.4653673172,9274.964034557343,10000.0,7593.087553977966,246.41424417495728,2087.9101753234863,0.0,-295.99010944366455
1,5571,55.71,9145.99061012268,10000.0,10000.0,6621.793210506439,-106.47475719451904,725.0359654426575,0.0,-971.2943434715271
1,5572,55.72,8627.680540084839,10000.0,9803.659915924072,5332.972593605518,-518.3100700378418,0.0,-196.34008407592773,-1288.8206169009209
1,5573,55.730000000000004,8420.947194099426,10000.0,9160.281717777252,5000.0,-206.7333459854126,0.0,-643.3781981468201,-332.97259360551834
1,5574,55.74,7869.576811790466,10000.0,7905.676066875458,5003.890730440617,-551.37038230896,0.0,-1254.6056509017944,3.8907304406166077
1,5575,55.75,8960.994482040405,10000.0,6921.4266538619995,5301.089473068714,1091.417670249939,0.0,-984.2494130134583,297.19874262809753
1,5576,55.76,9910.421371459961,10000.0,6187.078878283501,5477.4801805615425,949.4268894195557,0.0,-734.3477755784988,176.39070749282837
1,5577,55.77,10000.0,10000.0,6223.451942205429,5445.236377418041,89.57862854003906,0.0,36.373063921928406,-32.24380314350128
1,5578,55.78,10000.0,9678.67136001587,6600.7015109062195,5453.622899949551,0.0,-321.32863998413086,377.2495687007904,8.3865225315094
1,5579,55.79,10000.0,9284.707903862,7292.33056306839,5388.619191944599,0.0,-393.96345615386963,691.6290521621704,-65.00370800495148
1,5580,55.800000000000004,10000.0,9576.179087162018,8079.657852649689,5730.630606412888,0.0,291.4711833000183,787.3272895812988,342.0114144682884
1,5581,55.81,10000.0,8764.415681362152,9226.813912391663,6180.983334779739,0.0,-811.7634057998657,1147.1560597419739,450.3527283668518
1,5582,55.82,10000.0,7775.057852268219,10000.0,6671.826094388962,0.0,-989.3578290939331,773.1860876083374,490.8427596092224
1,5583,55.83,10000.0,7660.616934299469,10000.0,6607.692092657089,0.0,-114.44091796875,0.0,-64.13400173187256
1,5584,55.84,9377.137124538422,7354.976534843445,10000.0,6803.310960531235,-622.8628754615784,-305.64039945602417,0.0,195.6188678741455
1,5585,55.85,9571.408331394196,7109.327912330627,10000.0,7020.013779401779,194.27120685577393,-245.64862251281738,0.0,216.70281887054443
1,5586,55.86,9437.984228134155,7098.343074321747,10000.0,7165.641337633133,-133.42410326004028,-10.984838008880615,0.0,145.62755823135376
1,5587,55.870000000000005,9551.79750919342,7629.532516002655,10000.0,6849.559396505356,113.81328105926514,531.1894416809082,0.0,-316.0819411277771
1,5588,55.88,9926.872849464417,6773.926913738251,10000.0,6922.785937786102,375.0753402709961,-855.6056022644043,0.0,73.22654128074646
1,5589,55.89,10000.0,6065.668538212776,10000.0,6811.189502477646,73.1271505355835,-708.2583755254745,0.0,-111.59643530845642
1,5590,55.9,10000.0,5910.2848917245865,10000.0,7249.398082494736,0.0,-155.3836464881897,0.0,438.20858001708984
1,5591,55.910000000000004,10000.0,5877.24857032299,10000.0,6886.962503194809,0.0,-33.03632140159607,0.0,-362.43557929992676
1,5592,55.92,10000.0,5782.702341675758,9948.772192001343,6695.723086595535,0.0,-94.54622864723206,-51.22780799865723,-191.23941659927368
1,5593,55.93,10000.0,6418.820917606354,9925.278127193451,6012.561619281769,0.0,636.1185759305954,-23.494064807891846,-683.1614673137665
1,5594,55.94,10000.0,7952.188849449158,9876.247644424438,5517.196543514729,0.0,1533.367931842804,-49.03048276901245,-495.36507576704025
1,5595,55.95,10000.0,9367.050528526306,9374.011754989624,5207.9058066010475,0.0,1414.8616790771484,-502.23588943481445,-309.29073691368103
1,5596,55.96,10000.0,9954.662919044495,7870.859801769257,5245.067216455936,0.0,587.6123905181885,-1503.1519532203674,37.161409854888916
1,5597,55.97,10000.0,10000.0,6527.729630470276,5111.18832975626,0.0,45.33708095550537,-1343.1301712989807,-133.8788866996765
1,5598,55.980000000000004,10000.0,10000.0,5695.425495505333,5000.0,0.0,0.0,-832.3041349649429,-111.18832975625992
1,5599,55.99,10000.0,9848.689436912537,5619.5056438446045,5000.0,0.0,-151.31056308746338,-75.91985166072845,0.0
1,5600,56.0,10000.0,9620.283246040344,5640.445873141289,5000.0,0.0,-228.40619087219238,20.940229296684265,0.0
1,5601,56.01,10000.0,9543.504416942596,5595.839768648148,5000.0,0.0,-76.7788290977478,-44.606104493141174,0.0
1,5602,56.02,10000.0,9524.032473564148,5633.058696985245,5016.468279063702,0.0,-19.471943378448486,37.21892833709717,16.46827906370163
1,5603,56.03,10000.0,9656.904339790344,5879.878550767899,5202.998034656048,0.0,132.8718662261963,246.8198537826538,186.5297555923462
1,5604,56.04,10000.0,9706.971049308777,6071.655452251434,5471.890456974506,0.0,50.06670951843262,191.77690148353577,268.89242231845856
1,5605,56.050000000000004,10000.0,9683.088958263397,5960.768908262253,5588.83685618639,0.0,-23.88209104537964,-110.88654398918152,116.94639921188354
1,5606,56.06,10000.0,9669.48926448822,5875.489339232445,5585.905350744724,0.0,-13.599693775177002,-85.27956902980804,-2.9315054416656494
1,5607,56.07,10000.0,9637.97241449356,5741.119980812073,5456.204004585743,0.0,-31.516849994659424,-134.369358420372,-129.70134615898132
1,5608,56.08,10000.0,9488.356709480286,5753.4343004226685,5244.554691016674,0.0,-149.61570501327515,12.314319610595703,-211.6493135690689
1,5609,56.09,10000.0,9431.966543197632,5779.918134212494,5083.1447169184685,0.0,-56.39016628265381,26.48383378982544,-161.40997409820557
1,5610,56.1,10000.0,8893.270194530487,5847.937911748886,5099.687539041042,0.0,-538.6963486671448,68.01977753639221,16.542822122573853
1,5611,56.11,10000.0,8773.707151412964,5774.774551391602,5076.055191457272,0.0,-119.5630431175232,-73.16336035728455,-23.632347583770752
1,5612,56.120000000000005,10000.0,9345.67391872406,6327.32167840004,5000.0,0.0,571.9667673110962,552.5471270084381,-76.05519145727158
1,5613,56.13,10000.0,9015.358984470367,7549.046277999878,5000.0,0.0,-330.3149342536926,1221.7245995998383,0.0
1,5614,56.14,10000.0,9213.399291038513,8216.011822223663,5000.0,0.0,198.04030656814575,666.9655442237854,0.0
1,5615,56.15,9829.838871955872,9384.583830833435,8727.424144744873,5000.0,-170.16112804412842,171.18453979492188,511.4123225212097,0.0
1,5616,56.160000000000004,9895.70677280426,9451.723098754883,8599.064350128174,5000.0,65.86790084838867,67.13926792144775,-128.35979461669922,0.0
1,5617,56.17,10000.0,9533.145129680634,7154.501974582672,5000.0,104.29322719573975,81.42203092575073,-1444.5623755455017,0.0
1,5618,56.18,10000.0,9596.30161523819,6211.955845355988,5090.675167739391,0.0,63.15648555755615,-942.5461292266846,90.67516773939133
1,5619,56.19,10000.0,9888.594150543213,6007.464677095413,5177.300907671452,0.0,292.2925353050232,-204.49116826057434,86.62573993206024
1,5620,56.2,10000.0,10000.0,5623.15821647644,5000.0,0.0,111.40584945678711,-384.3064606189728,-177.30090767145157
1,5621,56.21,10000.0,9887.107014656067,5703.737214207649,5000.0,0.0,-112.8929853439331,80.5789977312088,0.0
1,5622,56.22,10000.0,9621.189832687378,5771.922245621681,5000.0,0.0,-265.91718196868896,68.18503141403198,0.0
1,5623,56.230000000000004,10000.0,9755.678176879883,5735.190808773041,5000.0,0.0,134.48834419250488,-36.73143684864044,0.0
1,5624,56.24,10000.0,9738.007485866547,5770.466849207878,5000.0,0.0,-17.67069101333618,35.27604043483734,0.0
1,5625,56.25,10000.0,9676.125347614288,5971.48522734642,5328.046046197414,0.0,-61.8821382522583,201.01837813854218,328.0460461974144
1,5626,56.26,10000.0,9232.69271850586,5727.370083332062,5485.235042870045,0.0,-443.43262910842896,-244.11514401435852,157.1889966726303
1,5627,56.27,10000.0,8951.707184314728,6056.032329797745,5406.078435480595,0.0,-280.9855341911316,328.662246465683,-79.15660738945007
1,5628,56.28,10000.0,8214.042782783508,6243.20775270462,5237.847380340099,0.0,-737.6644015312195,187.1754229068756,-168.2310551404953
1,5629,56.29,10000.0,7915.500104427338,6142.109632492065,5064.246393740177,0.0,-298.54267835617065,-101.09812021255493,-173.60098659992218
1,5630,56.300000000000004,10000.0,7960.880994796753,6014.0009969472885,5000.0,0.0,45.38089036941528,-128.10863554477692,-64.24639374017715
1,5631,56.31,9936.371147632599,7485.126256942749,7239.018380641937,5721.656978130341,-63.62885236740112,-475.7547378540039,1225.0173836946487,721.6569781303406
1,5632,56.32,9804.313778877258,7309.006750583649,7951.477766036987,5000.0,-132.05736875534058,-176.11950635910034,712.45938539505,-721.6569781303406
1,5633,56.33,10000.0,6324.455738067627,7295.335531234741,5000.0,195.6862211227417,-984.5510125160217,-656.1422348022461,0.0
1,5634,56.34,10000.0,5977.381393313408,7150.852978229523,5000.0,0.0,-347.07434475421906,-144.4825530052185,0.0
1,5635,56.35,10000.0,5657.6501578092575,6672.092378139496,5000.0,0.0,-319.7312355041504,-478.76060009002686,0.0
1,5636,56.36,10000.0,5258.342921733856,6456.165462732315,5185.049585998058,0.0,-399.3072360754013,-215.9269154071808,185.04958599805832
1,5637,56.370000000000005,9912.660121917725,5111.304670572281,5798.500552773476,5567.904748022556,-87.33987808227539,-147.03825116157532,-657.6649099588394,382.855162024498
1,5638,56.38,9713.37080001831,5000.0,5280.192419886589,5397.128574550152,-199.28932189941406,-111.30467057228088,-518.3081328868866,-170.77617347240448
1,5639,56.39,8087.981939315796,5000.0,5000.0,5686.432868242264,-1625.3888607025146,0.0,-280.19241988658905,289.30429369211197
1,5640,56.4,6713.346242904663,5000.0,5609.708279371262,5231.327898800373,-1374.6356964111328,0.0,609.7082793712616,-455.1049694418907
1,5641,56.410000000000004,5960.697382688522,5000.0,7266.624569892883,6023.871302604675,-752.6488602161407,0.0,1656.9162905216217,792.5434038043022
1,5642,56.42,5347.339995205402,5000.0,7505.071759223938,8219.338059425354,-613.35738748312,0.0,238.4471893310547,2195.4667568206787
1,5643,56.43,5027.034862432629,5000.0,8092.515170574188,8807.87193775177,-320.3051327727735,0.0,587.4434113502502,588.533878326416
1,5644,56.44,5000.0,5000.0,8137.750327587128,8730.111122131348,-27.03486243262887,0.0,45.23515701293945,-77.76081562042236
1,5645,56.45,5000.0,5000.0,8423.09683561325,8779.981136322021,0.0,0.0,285.34650802612305,49.87001419067383
1,5646,56.46,5000.0,5000.0,9050.374627113342,8180.318176746368,0.0,0.0,627.2777915000916,-599.6629595756531
1,5647,56.47,5000.0,5000.0,8250.780403614044,8572.882115840912,0.0,0.0,-799.5942234992981,392.56393909454346
1,5648,56.480000000000004,5000.0,5000.0,7810.9341859817505,8720.115721225739,0.0,0.0,-439.8462176322937,147.23360538482666
1,5649,56.49,5134.664978832006,5000.0,5298.400446772575,9098.193645477295,134.66497883200645,0.0,-2512.533739209175,378.0779242515564
1,5650,56.5,6648.423373699188,5000.0,5398.347154259682,9065.928161144257,1513.7583948671818,0.0,99.94670748710632,-32.26548433303833
1,5651,56.51,7487.810701131821,5000.0,5301.196649670601,8951.938152313232,839.3873274326324,0.0,-97.15050458908081,-113.99000883102417
1,5652,56.52,8299.619853496552,5000.0,5245.213508605957,8811.527490615845,811.8091523647308,0.0,-55.98314106464386,-140.4106616973877
1,5653,56.53,8905.77882528305,5000.0,5122.353434562683,8402.070105075836,606.158971786499,0.0,-122.86007404327393,-409.45738554000854
1,5654,56.54,9204.322695732117,5000.0,5136.719010770321,7426.333874464035,298.54387044906616,0.0,14.365576207637787,-975.7362306118011
1,5655,56.550000000000004,9295.621514320374,5000.0,5192.107111215591,5964.578986167908,91.29881858825684,0.0,55.38810044527054,-1461.7548882961273
1,5656,56.56,9305.499196052551,5000.0,5137.967988848686,5000.0,9.877681732177734,0.0,-54.13912236690521,-964.5789861679077
1,5657,56.57,9215.704202651978,5000.0,5082.175359129906,5000.0,-89.79499340057373,0.0,-55.79262971878052,0.0
1,5658,56.58,9289.913177490234,5000.0,5071.280673146248,5033.904537558556,74.20897483825684,0.0,-10.894685983657837,33.9045375585556
1,5659,56.59,9672.452211380005,5000.0,5076.122507452965,5381.469316780567,382.5390338897705,0.0,4.841834306716919,347.56477922201157
1,5660,56.6,10000.0,5000.0,5000.0,5766.650289297104,327.5477886199951,0.0,-76.12250745296478,385.1809725165367
1,5661,56.61,10000.0,5000.0,5006.136372685432,6044.54442858696,0.0,0.0,6.136372685432434,277.89413928985596
1,5662,56.620000000000005,10000.0,5000.0,5000.0,6493.358463048935,0.0,0.0,-6.136372685432434,448.8140344619751
1,5663,56.63,10000.0,5000.0,5000.0,6934.206038713455,0.0,0.0,0.0,440.84757566452026
1,5664,56.64,10000.0,5000.0,5000.0,7382.772266864777,0.0,0.0,0.0,448.5662281513214
1,5665,56.65,10000.0,5000.0,5000.0,7457.819432020187,0.0,0.0,0.0,75.04716515541077
1,5666,56.660000000000004,10000.0,5000.0,5000.0,7306.13112449646,0.0,0.0,0.0,-151.68830752372742
1,5667,56.67,10000.0,5000.0,5081.013813614845,7092.451304197311,0.0,0.0,81.01381361484528,-213.67982029914856
1,5668,56.68,10000.0,5000.0,5139.87697660923,7114.868313074112,0.0,0.0,58.863162994384766,22.417008876800537
1,5669,56.69,10000.0,5000.0,5080.55217564106,7688.336968421936,0.0,0.0,-59.324800968170166,573.4686553478241
1,5670,56.7,10000.0,5000.0,5230.97462952137,8776.845932006836,0.0,0.0,150.42245388031006,1088.5089635849
1,5671,56.71,10000.0,5000.0,5239.951238036156,9146.976172924042,0.0,0.0,8.976608514785767,370.1302409172058
1,5672,56.72,9545.99142074585,5000.0,5508.838668465614,9112.910628318787,-454.0085792541504,0.0,268.8874304294586,-34.06554460525513
1,5673,56.730000000000004,9217.725396156311,5000.0,5708.42333137989,9064.934253692627,-328.2660245895386,0.0,199.58466291427612,-47.97637462615967
1,5674,56.74,9148.395657539368,5000.0,5730.323642492294,8788.300454616547,-69.32973861694336,0.0,21.90031111240387,-276.6337990760803
1,5675,56.75,9200.578927993774,5000.0,5698.466077446938,8358.036279678345,52.18327045440674,0.0,-31.85756504535675,-430.2641749382019
1,5676,56.76,9434.342384338379,5000.0,5572.847202420235,7622.118890285492,233.7634563446045,0.0,-125.61887502670288,-735.9173893928528
1,5677,56.77,9818.888902664185,5000.0,5408.955439925194,6422.14760184288,384.54651832580566,0.0,-163.8917624950409,-1199.9712884426117
1,5678,56.78,9957.979023456573,5000.0,5240.385830402374,5695.430636405945,139.09012079238892,0.0,-168.56960952281952,-726.7169654369354
1,5679,56.79,10000.0,5000.0,5121.147409081459,5542.186461389065,42.020976543426514,0.0,-119.23842132091522,-153.24417501688004
1,5680,56.800000000000004,10000.0,5000.0,5176.3492077589035,5884.4006061553955,0.0,0.0,55.20179867744446,342.2141447663307
1,5681,56.81,10000.0,5000.0,5251.489281654358,5855.951905250549,0.0,0.0,75.1400738954544,-28.44870090484619
1,5682,56.82,10000.0,5000.0,5280.801132321358,5919.671058654785,0.0,0.0,29.311850666999817,63.71915340423584
1,5683,56.83,10000.0,5000.0,5568.282902240753,5926.998257637024,0.0,0.0,287.48176991939545,7.3271989822387695
1,5684,56.84,10000.0,5000.0,5724.654942750931,5867.610722780228,0.0,0.0,156.3720405101776,-59.387534856796265
1,5685,56.85,10000.0,5070.26843726635,5828.696712851524,5708.4740698337555,0.0,70.26843726634979,104.04177010059357,-159.13665294647217
1,5686,56.86,10000.0,5325.354039669037,5717.3216342926025,5705.4513692855835,0.0,255.08560240268707,-111.37507855892181,-3.022700548171997
1,5687,56.870000000000005,9948.837161064148,5669.678375124931,5648.301541805267,5684.514194726944,-51.16283893585205,344.32433545589447,-69.0200924873352,-20.937174558639526
1,5688,56.88,9705.255329608917,5682.204514741898,5683.247596025467,5550.675205886364,-243.5818314552307,12.526139616966248,34.946054220199585,-133.83898884058
1,5689,56.89,9346.51255607605,5545.926913619041,5692.8980350494385,5536.035634577274,-358.74277353286743,-136.27760112285614,9.650439023971558,-14.63957130908966
1,5690,56.9,9398.851096630096,5000.0,5789.841860532761,5354.509614408016,52.33854055404663,-545.9269136190414,96.94382548332214,-181.52602016925812
1,5691,56.910000000000004,9549.210667610168,5000.0,5755.447819828987,5355.249829590321,150.35957098007202,0.0,-34.3940407037735,0.7402151823043823
1,5692,56.92,9639.972746372223,5000.0,5715.770944952965,5588.091500103474,90.76207876205444,0.0,-39.67687487602234,232.84167051315308
1,5693,56.93,9827.207028865814,5000.0,5616.711750626564,5354.52488809824,187.2342824935913,0.0,-99.05919432640076,-233.56661200523376
1,5694,56.94,10000.0,5000.0,5589.1310423612595,5401.53156965971,172.7929711341858,0.0,-27.580708265304565,47.00668156147003
1,5695,56.95,10000.0,5000.0,5559.879764914513,5941.415578126907,0.0,0.0,-29.251277446746826,539.8840084671974
1,5696,56.96,9600.635766983032,5000.0,9113.638699054718,5888.105630874634,-399.3642330169678,0.0,3553.7589341402054,-53.30994725227356
1,5697,56.97,6810.972541570663,5000.0,9786.883294582367,5611.989162862301,-2789.663225412369,0.0,673.2445955276489,-276.1164680123329
1,5698,56.980000000000004,5629.6306848526,5000.0,9957.854449748993,5475.047864019871,-1181.3418567180634,0.0,170.97115516662598,-136.94129884243011
1,5699,56.99,5307.690668851137,7235.124707221985,9868.11488866806,5012.921579182148,-321.94001600146294,2235.124707221985,-89.73956108093262,-462.1262848377228
1,5700,57.0,5165.4125936329365,7163.377106189728,9877.800047397614,5000.0,-142.27807521820068,-71.74760103225708,9.685158729553223,-12.92157918214798
1,5701,57.01,5051.560942083597,7061.05500459671,9961.52013540268,5000.0,-113.8516515493393,-102.32210159301758,83.72008800506592,0.0
1,5702,57.02,5005.739128682762,7036.430537700653,10000.0,5000.0,-45.8218134008348,-24.62446689605713,38.47986459732056,0.0
1,5703,57.03,5000.0,6903.101801872253,10000.0,5000.0,-5.739128682762384,-133.32873582839966,0.0,0.0
1,5704,57.04,5000.0,7255.076169967651,10000.0,5000.0,0.0,351.97436809539795,0.0,0.0
1,5705,57.050000000000004,5000.0,7541.487514972687,10000.0,5000.0,0.0,286.4113450050354,0.0,0.0
1,5706,57.06,5000.0,7384.961247444153,10000.0,5000.0,0.0,-156.52626752853394,0.0,0.0
1,5707,57.07,5000.0,7439.635694026947,10000.0,5000.0,0.0,54.67444658279419,0.0,0.0
1,5708,57.08,5000.0,7655.273079872131,10000.0,5041.181482374668,0.0,215.63738584518433,0.0,41.18148237466812
1,5709,57.09,5000.0,7834.804654121399,10000.0,5064.960457384586,0.0,179.53157424926758,0.0,23.778975009918213
1,5710,57.1,5000.0,7956.418693065643,10000.0,5073.792673647404,0.0,121.61403894424438,0.0,8.832216262817383
1,5711,57.11,5000.0,8049.7002601623535,10000.0,5060.346610844135,0.0,93.2815670967102,0.0,-13.446062803268433
1,5712,57.120000000000005,5000.0,8049.125373363495,10000.0,5107.630006968975,0.0,-0.5748867988586426,0.0,47.28339612483978
1,5713,57.13,5000.0,7799.08686876297,10000.0,5115.985535085201,0.0,-250.0385046005249,0.0,8.355528116226196
1,5714,57.14,5000.0,7685.990333557129,10000.0,5102.847628295422,0.0,-113.09653520584106,0.0,-13.137906789779663
1,5715,57.15,5000.0,7435.813248157501,10000.0,5103.515200316906,0.0,-250.17708539962769,0.0,0.667572021484375
1,5716,57.160000000000004,5000.0,7177.785038948059,10000.0,5000.0,0.0,-258.02820920944214,0.0,-103.51520031690598
1,5717,57.17,5000.0,6984.446048736572,10000.0,5000.0,0.0,-193.33899021148682,0.0,0.0
1,5718,57.18,5000.0,7219.674587249756,10000.0,5024.869404733181,0.0,235.2285385131836,0.0,24.869404733181
1,5719,57.19,5000.0,7608.175873756409,10000.0,5000.0,0.0,388.50128650665283,0.0,-24.869404733181
1,5720,57.2,5000.0,7673.860788345337,10000.0,5000.0,0.0,65.68491458892822,0.0,0.0
1,5721,57.21,5000.0,8037.199079990387,9712.550640106201,5044.000260531902,0.0,363.33829164505005,-287.4493598937988,44.00026053190231
1,5722,57.22,5000.0,8193.15493106842,9489.490389823914,5942.661166191101,0.0,155.95585107803345,-223.0602502822876,898.6609056591988
1,5723,57.230000000000004,5000.0,8063.906729221344,9243.467450141907,6980.067491531372,0.0,-129.24820184707642,-246.02293968200684,1037.406325340271
1,5724,57.24,5000.0,5000.0,9463.184475898743,7600.009441375732,0.0,-3063.906729221344,219.71702575683594,619.9419498443604
1,5725,57.25,5000.0,5000.0,10000.0,9579.766690731049,0.0,0.0,536.8155241012573,1979.7572493553162
1,5726,57.26,5000.0,5000.0,10000.0,9854.0198802948,0.0,0.0,0.0,274.2531895637512
1,5727,57.27,5000.0,5000.0,10000.0,9897.843301296234,0.0,0.0,0.0,43.823421001434326
1,5728,57.28,5000.0,5000.0,10000.0,9885.94263792038,0.0,0.0,0.0,-11.900663375854492
1,5729,57.29,5000.0,5000.0,10000.0,10000.0,0.0,0.0,0.0,114.05736207962036
1,5730,57.300000000000004,5000.0,5000.0,10000.0,9999.399781227112,0.0,0.0,0.0,-0.6002187728881836
1,5731,57.31,5000.0,5000.0,10000.0,10000.0,0.0,0.0,0.0,0.6002187728881836
1,5732,57.32,5000.0,5000.0,10000.0,10000.0,0.0,0.0,0.0,0.0
1,5733,57.33,5000.0,5000.0,10000.0,10000.0,0.0,0.0,0.0,0.0
1,5734,57.34,5000.0,5000.0,10000.0,10000.0,0.0,0.0,0.0,0.0
1,5735,57.35,5000.0,5000.0,10000.0,10000.0,0.0,0.0,0.0,0.0
1,5736,57.36,5000.0,5000.0,10000.0,10000.0,0.0,0.0,0.0,0.0
1,5737,57.370000000000005,5000.0,5000.0,10000.0,10000.0,0.0,0.0,0.0,0.0
1,5738,57.38,5000.0,5000.0,9880.591034889221,10000.0,0.0,0.0,-119.40896511077881,0.0
1,5739,57.39,5000.0,5000.0,9766.03627204895,9363.27874660492,0.0,0.0,-114.554762840271,-636.7212533950806
1,5740,57.4,5000.0,5000.0,9782.213270664215,8751.413226127625,0.0,0.0,16.176998615264893,-611.8655204772949
1,5741,57.410000000000004,5000.0,5000.0,9869.486093521118,8419.161438941956,0.0,0.0,87.27282285690308,-332.25178718566895
1,5742,57.42,5000.0,5000.0,9967.367053031921,8548.295199871063,0.0,0.0,97.88095951080322,129.13376092910767
1,5743,57.43,5000.0,5000.0,10000.0,8539.792895317078,0.0,0.0,32.63294696807861,-8.502304553985596
1,5744,57.44,5000.0,5000.0,10000.0,8322.450518608093,0.0,0.0,0.0,-217.34237670898438
1,5745,57.45,5000.0,5000.0,10000.0,8212.916553020477,0.0,0.0,0.0,-109.53396558761597
1,5746,57.46,5000.0,5000.0,10000.0,8408.5613489151,0.0,0.0,0.0,195.6447958946228
1,5747,57.47,5000.0,5000.0,10000.0,8773.087561130524,0.0,0.0,0.0,364.5262122154236
1,5748,57.480000000000004,5000.0,5000.0,10000.0,9101.634621620178,0.0,0.0,0.0,328.54706048965454
1,5749,57.49,5000.0,5000.0,10000.0,9110.420644283295,0.0,0.0,0.0,8.786022663116455
1,5750,57.5,5000.0,5000.0,10000.0,9370.925426483154,0.0,0.0,0.0,260.5047821998596
1,5751,57.51,5000.0,5000.0,10000.0,9870.02432346344,0.0,0.0,0.0,499.09889698028564
1,5752,57.52,5000.0,5000.0,10000.0,10000.0,0.0,0.0,0.0,129.97567653656006
1,5753,57.53,5000.0,5000.0,10000.0,10000.0,0.0,0.0,0.0,0.0
1,5754,57.54,5000.0,5000.0,10000.0,10000.0,0.0,0.0,0.0,0.0
1,5755,57.550000000000004,5000.0,5000.0,10000.0,10000.0,0.0,0.0,0.0,0.0
1,5756,57.56,5000.0,5000.0,10000.0,10000.0,0.0,0.0,0.0,0.0
1,5757,57.57,5000.0,5000.0,10000.0,10000.0,0.0,0.0,0.0,0.0
1,5758,57.58,5000.0,5000.0,10000.0,10000.0,0.0,0.0,0.0,0.0
1,5759,57.59,5000.0,5000.0,10000.0,10000.0,0.0,0.0,0.0,0.0
1,5760,57.6,5000.0,5517.437681555748,10000.0,10000.0,0.0,517.437681555748,0.0,0.0
1,5761,57.61,5246.008802205324,6566.966474056244,10000.0,9522.823989391327,246.00880220532417,1049.528792500496,0.0,-477.1760106086731
1,5762,57.620000000000005,6358.447223901749,8063.896596431732,10000.0,8971.957862377167,1112.4384216964245,1496.9301223754883,0.0,-550.8661270141602
1,5763,57.63,7103.936523199081,7519.467771053314,10000.0,9175.060987472534,745.4892992973328,-544.428825378418,0.0,203.10312509536743
1,5764,57.64,7926.535904407501,7557.0642948150635,10000.0,9284.858703613281,822.5993812084198,37.59652376174927,0.0,109.79771614074707
1,5765,57.65,9849.035441875458,7674.219310283661,10000.0,9889.205396175385,1922.4995374679565,117.15501546859741,0.0,604.3466925621033
1,5766,57.660000000000004,8773.108124732971,5786.987319588661,10000.0,8840.302228927612,-1075.9273171424866,-1887.2319906949997,0.0,-1048.9031672477722
1,5767,57.67,7557.656466960907,5607.197880744934,8528.779447078705,6665.125340223312,-1215.4516577720642,-179.7894388437271,-1471.2205529212952,-2175.1768887043
1,5768,57.68,7983.601093292236,7585.425674915314,8009.549975395203,5736.977756023407,425.94462633132935,1978.2277941703796,-519.2294716835022,-928.1475841999054
1,5769,57.69,9154.610633850098,7580.820620059967,6529.4380486011505,5686.514228582382,1171.0095405578613,-4.60505485534668,-1480.1119267940521,-50.46352744102478
1,5770,57.7,9427.675902843475,7235.44180393219,8200.219869613647,5966.985374689102,273.0652689933777,-345.3788161277771,1670.781821012497,280.47114610671997
1,5771,57.71,10000.0,8008.674383163452,9765.41668176651,5767.5497233867645,572.3240971565247,773.2325792312622,1565.1968121528625,-199.43565130233765
1,5772,57.72,10000.0,9342.569410800934,8423.86394739151,5000.0,0.0,1333.8950276374817,-1341.552734375,-767.5497233867645
1,5773,57.730000000000004,9377.58982181549,7959.634959697723,10000.0,5520.987473428249,-622.4101781845093,-1382.9344511032104,1576.13605260849,520.9874734282494
1,5774,57.74,5722.07972407341,8445.422351360321,9385.014474391937,6195.426136255264,-3655.5100977420807,485.78739166259766,-614.9855256080627,674.4386628270149
1,5775,57.75,5041.284803301096,5098.278671503067,9401.512742042542,7532.959282398224,-680.7949207723141,-3347.143679857254,16.498267650604248,1337.5331461429596
1,5776,57.76,5000.0,5000.0,10000.0,9497.39545583725,-41.28480330109596,-98.27867150306702,598.4872579574585,1964.4361734390259
1,5777,57.77,5000.0,5000.0,10000.0,9513.528048992157,0.0,0.0,0.0,16.132593154907227
1,5778,57.78,5000.0,5000.0,10000.0,8994.448482990265,0.0,0.0,0.0,-519.0795660018921
1,5779,57.79,5000.0,5000.0,10000.0,9271.421432495117,0.0,0.0,0.0,276.9729495048523
1,5780,57.800000000000004,5000.0,5000.0,10000.0,9453.821182250977,0.0,0.0,0.0,182.39974975585938
1,5781,57.81,5000.0,5000.0,10000.0,10000.0,0.0,0.0,0.0,546.1788177490234
1,5782,57.82,5000.0,5000.0,10000.0,10000.0,0.0,0.0,0.0,0.0
1,5783,57.83,5000.0,5000.0,10000.0,10000.0,0.0,0.0,0.0,0.0
1,5784,57.84,5003.7019909359515,5000.0,10000.0,10000.0,3.7019909359514713,0.0,0.0,0.0
1,5785,57.85,5534.426793456078,5000.0,10000.0,10000.0,530.7248025201261,0.0,0.0,0.0
1,5786,57.86,7431.844919919968,8025.498688220978,10000.0,8692.213892936707,1897.41812646389,3025.498688220978,0.0,-1307.7861070632935
1,5787,57.870000000000005,9221.027791500092,7963.37753534317,10000.0,8838.998675346375,1789.182871580124,-62.12115287780762,0.0,146.78478240966797
1,5788,57.88,10000.0,7393.791377544403,10000.0,9358.720481395721,778.9722084999084,-569.5861577987671,0.0,519.7218060493469
1,5789,57.89,9075.921773910522,5000.0,10000.0,8446.847200393677,-924.0782260894775,-2393.791377544403,0.0,-911.8732810020447
1,5790,57.9,7910.769581794739,5000.0,8645.668029785156,5982.0424020290375,-1165.1521921157837,0.0,-1354.3319702148438,-2464.8047983646393
1,5791,57.910000000000004,8451.04455947876,6667.213588953018,7802.542448043823,5427.01605707407,540.274977684021,1667.2135889530182,-843.125581741333,-555.0263449549675
1,5792,57.92,9643.719792366028,7571.523487567902,7744.957804679871,6026.189774274826,1192.675232887268,904.3098986148834,-57.58464336395264,599.1737172007561
1,5793,57.93,9934.442341327667,7268.967628479004,9565.892815589905,6277.736574411392,290.7225489616394,-302.5558590888977,1820.9350109100342,251.54680013656616
1,5794,57.94,10000.0,8989.1117811203,10000.0,5260.073654353619,65.55765867233276,1720.1441526412964,434.1071844100952,-1017.6629200577736
1,5795,57.95,10000.0,7107.075452804565,10000.0,5039.601549506187,0.0,-1882.0363283157349,0.0,-220.47210484743118
1,5796,57.96,5822.6437866687775,8176.645040512085,9405.593872070312,6031.092703342438,-4177.3562133312225,1069.5695877075195,-594.4061279296875,991.4911538362503
1,5797,57.97,5000.0,5000.0,9443.55696439743,7677.111625671387,-822.6437866687775,-3176.645040512085,37.96309232711792,1646.018922328949
1,5798,57.980000000000004,5000.0,5000.0,10000.0,10000.0,0.0,0.0,556.4430356025696,2322.8883743286133
1,5799,57.99,5000.0,5000.0,10000.0,9746.180772781372,0.0,0.0,0.0,-253.81922721862793
1,5800,58.0,5000.0,5000.0,10000.0,9533.929526805878,0.0,0.0,0.0,-212.25124597549438
1,5801,58.01,5000.0,5000.0,10000.0,9867.076873779297,0.0,0.0,0.0,333.1473469734192
1,5802,58.02,5000.0,5000.0,10000.0,9475.840628147125,0.0,0.0,0.0,-391.23624563217163
1,5803,58.03,5000.0,5000.0,10000.0,10000.0,0.0,0.0,0.0,524.1593718528748
1,5804,58.04,5000.0,5000.0,10000.0,9982.314109802246,0.0,0.0,0.0,-17.685890197753906
1,5805,58.050000000000004,5077.598039060831,5000.0,10000.0,10000.0,77.59803906083107,0.0,0.0,17.685890197753906
1,5806,58.06,5834.235996007919,5000.0,10000.0,10000.0,756.6379569470882,0.0,0.0,0.0
1,5807,58.07,7933.329939842224,8015.458583831787,10000.0,8605.070114135742,2099.093943834305,3015.458583831787,0.0,-1394.9298858642578
1,5808,58.08,10000.0,7827.454507350922,10000.0,8885.6902718544,2066.670060157776,-188.00407648086548,0.0,280.62015771865845
1,5809,58.09,10000.0,7153.032720088959,10000.0,9403.206706047058,0.0,-674.4217872619629,0.0,517.5164341926575
1,5810,58.1,7553.553581237793,5000.0,8494.742810726166,7152.014076709747,-2446.446418762207,-2153.0327200889587,-1505.2571892738342,-2251.192629337311
1,5811,58.11,8221.961855888367,5000.0,8596.294224262238,5039.283484220505,668.4082746505737,0.0,101.55141353607178,-2112.7305924892426
1,5812,58.120000000000005,9368.210434913635,6815.290451049805,7694.976329803467,5759.845674037933,1146.2485790252686,1815.2904510498047,-901.3178944587708,720.5621898174286
1,5813,58.13,9955.326616764069,7471.145391464233,9074.084162712097,6360.868811607361,587.1161818504333,655.8549404144287,1379.1078329086304,601.0231375694275
1,5814,58.14,10000.0,7729.932963848114,10000.0,5433.606095612049,44.6733832359314,258.7875723838806,925.9158372879028,-927.2627159953117
1,5815,58.15,10000.0,7547.755837440491,9827.018082141876,5194.505117833614,0.0,-182.1771264076233,-172.98191785812378,-239.10097777843475
1,5816,58.160000000000004,6108.2324385643005,5604.957640171051,9770.599901676178,6206.406056880951,-3891.7675614356995,-1942.7981972694397,-56.41818046569824,1011.9009390473366
1,5817,58.17,5000.0,5000.0,9328.73398065567,8199.250400066376,-1108.2324385643005,-604.957640171051,-441.8659210205078,1992.8443431854248
1,5818,58.18,5000.0,5000.0,9966.768622398376,10000.0,0.0,0.0,638.0346417427063,1800.7495999336243
1,5819,58.19,5000.0,5000.0,10000.0,10000.0,0.0,0.0,33.231377601623535,0.0
1,5820,58.2,5000.0,5000.0,10000.0,10000.0,0.0,0.0,0.0,0.0
1,5821,58.21,5000.0,5000.0,10000.0,10000.0,0.0,0.0,0.0,0.0
1,5822,58.22,5000.0,5000.0,10000.0,9338.165521621704,0.0,0.0,0.0,-661.8344783782959
1,5823,58.230000000000004,5000.0,5000.0,10000.0,10000.0,0.0,0.0,0.0,661.8344783782959
1,5824,58.24,5000.0,5000.0,10000.0,10000.0,0.0,0.0,0.0,0.0
1,5825,58.25,5482.4090376496315,5000.0,10000.0,10000.0,482.4090376496315,0.0,0.0,0.0
1,5826,58.26,7393.0709064006805,5000.0,10000.0,8924.096524715424,1910.661868751049,0.0,0.0,-1075.9034752845764
1,5827,58.27,9415.52460193634,7995.621562004089,10000.0,8671.62436246872,2022.4536955356598,2995.6215620040894,0.0,-252.4721622467041
1,5828,58.28,10000.0,6774.4892835617065,10000.0,9271.173477172852,584.4753980636597,-1221.1322784423828,0.0,599.5491147041321
1,5829,58.29,9436.330795288086,5000.0,10000.0,7453.620582818985,-563.6692047119141,-1774.4892835617065,0.0,-1817.5528943538666
1,5830,58.300000000000004,8105.883300304413,5000.0,9476.725161075592,5240.21502584219,-1330.447494983673,0.0,-523.274838924408,-2213.405556976795
1,5831,58.31,9021.767973899841,6957.740485668182,8341.76480770111,5568.852163851261,915.8846735954285,1957.7404856681824,-1134.9603533744812,328.63713800907135
1,5832,58.32,10000.0,7532.789409160614,8826.866149902344,6030.257940292358,978.2320261001587,575.0489234924316,485.1013422012329,461.40577644109726
1,5833,58.33,10000.0,7063.18199634552,10000.0,5401.991568505764,0.0,-469.607412815094,1173.1338500976562,-628.2663717865944
1,5834,58.34,10000.0,8197.866380214691,9704.534709453583,5054.576434195042,0.0,1134.6843838691711,-295.46529054641724,-347.41513431072235
1,5835,58.35,7694.942951202393,5000.0,9972.96005487442,6414.579004049301,-2305.0570487976074,-3197.866380214691,268.4253454208374,1360.0025698542595
1,5836,58.36,5000.0,5000.0,9458.382427692413,9384.17136669159,-2694.9429512023926,0.0,-514.5776271820068,2969.592362642288
1,5837,58.370000000000005,5008.042922709137,5000.0,9843.168258666992,10000.0,8.042922709137201,0.0,384.78583097457886,615.8286333084106
1,5838,58.38,5000.0,5000.0,10000.0,10000.0,-8.042922709137201,0.0,156.8317413330078,0.0
1,5839,58.39,5000.0,5000.0,10000.0,10000.0,0.0,0.0,0.0,0.0
1,5840,58.4,5000.0,5000.0,10000.0,10000.0,0.0,0.0,0.0,0.0
1,5841,58.410000000000004,5000.0,5000.0,10000.0,9267.798662185669,0.0,0.0,0.0,-732.201337814331
1,5842,58.42,5000.0,5000.0,10000.0,10000.0,0.0,0.0,0.0,732.201337814331
1,5843,58.43,5000.0,5000.0,10000.0,10000.0,0.0,0.0,0.0,0.0
1,5844,58.44,6185.942366719246,5000.0,10000.0,10000.0,1185.942366719246,0.0,0.0,0.0
1,5845,58.45,8467.452228069305,6568.268835544586,10000.0,8774.957358837128,2281.5098613500595,1568.2688355445862,0.0,-1225.0426411628723
1,5846,58.46,10000.0,7241.51223897934,10000.0,8996.794819831848,1532.5477719306946,673.2434034347534,0.0,221.83746099472046
1,5847,58.47,10000.0,5000.0,10000.0,8915.672600269318,0.0,-2241.5122389793396,0.0,-81.12221956253052
1,5848,58.480000000000004,7843.673229217529,5000.0,9495.344758033752,6287.564784288406,-2156.3267707824707,0.0,-504.65524196624756,-2628.1078159809113
1,5849,58.49,8783.681988716125,6536.43012046814,9253.035187721252,5571.365244686604,940.0087594985962,1536.4301204681396,-242.3095703125,-716.1995396018028
1,5850,58.5,9931.445121765137,7557.739317417145,8177.798688411713,5899.440497159958,1147.7631330490112,1021.3091969490051,-1075.2364993095398,328.07525247335434
1,5851,58.51,10000.0,7045.096457004547,9299.276769161224,5353.720150887966,68.55487823486328,-512.6428604125977,1121.4780807495117,-545.7203462719917
1,5852,58.52,10000.0,7768.28795671463,9770.794212818146,5000.0,0.0,723.191499710083,471.5174436569214,-353.72015088796616
1,5853,58.53,10000.0,5000.0,10000.0,6457.919627428055,0.0,-2768.28795671463,229.20578718185425,1457.9196274280548
1,5854,58.54,5964.517444372177,5000.0,9535.734355449677,8107.885420322418,-4035.482555627823,0.0,-464.2656445503235,1649.9657928943634
1,5855,58.550000000000004,5000.0,5000.0,9652.82529592514,10000.0,-964.5174443721771,0.0,117.09094047546387,1892.1145796775818
1,5856,58.56,5004.153198096901,5000.0,10000.0,10000.0,4.153198096901178,0.0,347.1747040748596,0.0
1,5857,58.57,5000.0,5000.0,10000.0,10000.0,-4.153198096901178,0.0,0.0,0.0
1,5858,58.58,5000.0,5000.0,10000.0,10000.0,0.0,0.0,0.0,0.0
1,5859,58.59,5000.0,5000.0,10000.0,9877.430200576782,0.0,0.0,0.0,-122.56979942321777
1,5860,58.6,5000.0,5000.0,10000.0,10000.0,0.0,0.0,0.0,122.56979942321777
1,5861,58.61,5062.647629529238,5000.0,10000.0,10000.0,62.64762952923775,0.0,0.0,0.0
1,5862,58.620000000000005,6309.134215116501,5000.0,10000.0,10000.0,1246.486585587263,0.0,0.0,0.0
1,5863,58.63,8457.678854465485,5000.0,10000.0,9291.43488407135,2148.5446393489838,0.0,0.0,-708.5651159286499
1,5864,58.64,10000.0,7084.594368934631,10000.0,9309.284090995789,1542.3211455345154,2084.5943689346313,0.0,17.849206924438477
1,5865,58.65,9592.571258544922,5000.0,10000.0,10000.0,-407.4287414550781,-2084.5943689346313,0.0,690.7159090042114
1,5866,58.660000000000004,8341.994285583496,5000.0,9348.339438438416,5555.5399134755135,-1250.5769729614258,0.0,-651.6605615615845,-4444.4600865244865
1,5867,58.67,9199.418723583221,6692.905575037003,8473.28007221222,5689.779669046402,857.4244379997253,1692.9055750370026,-875.0593662261963,134.23975557088852
1,5868,58.68,10000.0,7521.149814128876,7937.276065349579,6095.33354640007,800.5812764167786,828.2442390918732,-536.0040068626404,405.5538773536682
1,5869,58.69,10000.0,7125.327587127686,8782.799243927002,5414.81789201498,0.0,-395.8222270011902,845.5231785774231,-680.5156543850899
1,5870,58.7,10000.0,8019.428551197052,9582.2274684906,5417.301021516323,0.0,894.1009640693665,799.4282245635986,2.4831295013427734
1,5871,58.71,10000.0,5000.0,10000.0,7039.809823036194,0.0,-3019.428551197052,417.7725315093994,1622.5088015198708
1,5872,58.72,6547.655165195465,5000.0,9633.952677249908,9265.611171722412,-3452.344834804535,0.0,-366.04732275009155,2225.8013486862183
1,5873,58.730000000000004,5000.0,5000.0,9698.541462421417,10000.0,-1547.655165195465,0.0,64.58878517150879,734.3888282775879
1,5874,58.74,5000.0,5000.0,10000.0,10000.0,0.0,0.0,301.45853757858276,0.0
1,5875,58.75,5000.0,5000.0,10000.0,10000.0,0.0,0.0,0.0,0.0
1,5876,58.76,5000.0,5000.0,10000.0,10000.0,0.0,0.0,0.0,0.0
1,5877,58.77,5000.0,5000.0,10000.0,10000.0,0.0,0.0,0.0,0.0
1,5878,58.78,5000.0,5000.0,10000.0,10000.0,0.0,0.0,0.0,0.0
1,5879,58.79,5420.812740921974,5000.0,10000.0,10000.0,420.8127409219742,0.0,0.0,0.0
1,5880,58.800000000000004,6874.643117189407,5000.0,10000.0,10000.0,1453.8303762674332,0.0,0.0,0.0
1,5881,58.81,8653.19848060608,5000.0,10000.0,10000.0,1778.5553634166718,0.0,0.0,0.0
1,5882,58.82,10000.0,5000.0,10000.0,10000.0,1346.801519393921,0.0,0.0,0.0
1,5883,58.83,9422.234892845154,5000.0,9940.830171108246,8842.357993125916,-577.7651071548462,0.0,-59.16982889175415,-1157.6420068740845
1,5884,58.84,8864.461183547974,5000.0,8852.04017162323,5205.754786729813,-557.7737092971802,0.0,-1088.7899994850159,-3636.603206396103
1,5885,58.85,9595.30085325241,7029.893100261688,7612.922787666321,6002.902388572693,730.8396697044373,2029.8931002616882,-1239.1173839569092,797.1476018428802
1,5886,58.86,10000.0,7449.286878108978,8236.20468378067,5753.2088458538055,404.6991467475891,419.39377784729004,623.2818961143494,-249.69354271888733
1,5887,58.870000000000005,10000.0,7621.213495731354,8395.968973636627,5749.614536762238,0.0,171.9266176223755,159.76428985595703,-3.594309091567993
1,5888,58.88,10000.0,8018.779158592224,9935.90623140335,6410.495787858963,0.0,397.56566286087036,1539.9372577667236,660.8812510967255
1,5889,58.89,8894.926309585571,5000.0,10000.0,8017.711937427521,-1105.0736904144287,-3018.779158592224,64.09376859664917,1607.2161495685577
1,5890,58.9,5521.412938833237,5000.0,9567.07388162613,10000.0,-3373.5133707523346,0.0,-432.92611837387085,1982.2880625724792
1,5891,58.910000000000004,5000.0,5000.0,10000.0,10000.0,-521.4129388332367,0.0,432.92611837387085,0.0
1,5892,58.92,5000.0,5000.0,10000.0,10000.0,0.0,0.0,0.0,0.0
1,5893,58.93,5000.0,5000.0,10000.0,10000.0,0.0,0.0,0.0,0.0
1,5894,58.94,5000.0,5000.0,10000.0,10000.0,0.0,0.0,0.0,0.0
1,5895,58.95,5000.0,5000.0,10000.0,10000.0,0.0,0.0,0.0,0.0
1,5896,58.96,5358.345545828342,5000.0,10000.0,10000.0,358.34554582834244,0.0,0.0,0.0
1,5897,58.97,6299.583464860916,5000.0,10000.0,10000.0,941.2379190325737,0.0,0.0,0.0
1,5898,58.980000000000004,7533.217668533325,5000.0,10000.0,10000.0,1233.634203672409,0.0,0.0,0.0
1,5899,58.99,8487.580418586731,5000.0,10000.0,10000.0,954.3627500534058,0.0,0.0,0.0
1,5900,59.0,9389.906227588654,5000.0,10000.0,9716.156721115112,902.3258090019226,0.0,0.0,-283.8432788848877
1,5901,59.01,9154.085218906403,5000.0,9171.612560749054,5162.967070937157,-235.82100868225098,0.0,-828.387439250946,-4553.189650177956
1,5902,59.02,9611.313343048096,6389.111578464508,8015.115857124329,6031.566262245178,457.2281241416931,1389.111578464508,-1156.4967036247253,868.5991913080215
1,5903,59.03,10000.0,7752.222418785095,7790.650129318237,6522.442251443863,388.6866569519043,1363.1108403205872,-224.4657278060913,490.8759891986847
1,5904,59.04,10000.0,7771.0846066474915,8254.532814025879,6153.040826320648,0.0,18.86218786239624,463.8826847076416,-369.4014251232147
1,5905,59.050000000000004,10000.0,8964.488804340363,9158.799052238464,6188.915818929672,0.0,1193.404197692871,904.2662382125854,35.87499260902405
1,5906,59.06,9402.740895748138,6398.53835105896,10000.0,8041.20272397995,-597.2591042518616,-2565.9504532814026,841.2009477615356,1852.2869050502777
1,5907,59.07,7407.114207744598,5000.0,9972.92011976242,10000.0,-1995.62668800354,-1398.53835105896,-27.079880237579346,1958.79727602005
1,5908,59.08,5000.0,5000.0,9869.065284729004,10000.0,-2407.1142077445984,0.0,-103.85483503341675,0.0
1,5909,59.09,5000.0,5000.0,10000.0,10000.0,0.0,0.0,130.9347152709961,0.0
1,5910,59.1,5000.0,5000.0,10000.0,10000.0,0.0,0.0,0.0,0.0
1,5911,59.11,5000.0,5000.0,10000.0,10000.0,0.0,0.0,0.0,0.0
1,5912,59.120000000000005,5000.0,5000.0,10000.0,10000.0,0.0,0.0,0.0,0.0
1,5913,59.13,5526.961237192154,5000.0,10000.0,10000.0,526.9612371921539,0.0,0.0,0.0
1,5914,59.14,6213.700771331787,5000.0,10000.0,10000.0,686.7395341396332,0.0,0.0,0.0
1,5915,59.15,6918.069571256638,5000.0,10000.0,10000.0,704.3687999248505,0.0,0.0,0.0
1,5916,59.160000000000004,7496.935129165649,5000.0,10000.0,10000.0,578.8655579090118,0.0,0.0,0.0
1,5917,59.17,8650.805354118347,5000.0,10000.0,10000.0,1153.8702249526978,0.0,0.0,0.0
1,5918,59.18,9628.234207630157,5000.0,9090.561270713806,5582.166649401188,977.4288535118103,0.0,-909.4387292861938,-4417.833350598812
1,5919,59.19,9813.263416290283,5996.558368206024,8033.849596977234,6129.933446645737,185.02920866012573,996.5583682060242,-1056.7116737365723,547.7667972445488
1,5920,59.2,10000.0,8128.6221742630005,7719.46907043457,6870.56377530098,186.7365837097168,2132.0638060569763,-314.3805265426636,740.6303286552429
1,5921,59.21,10000.0,8415.90791940689,8296.215236186981,6284.32884812355,0.0,287.2857451438904,576.7461657524109,-586.2349271774292
1,5922,59.22,10000.0,9410.302340984344,9501.128494739532,6294.703930616379,0.0,994.3944215774536,1204.9132585525513,10.37508249282837
1,5923,59.230000000000004,9861.8945479393,9065.782725811005,10000.0,8379.188179969788,-138.10545206069946,-344.51961517333984,498.87150526046753,2084.484249353409
1,5924,59.24,8353.923559188843,5000.0,10000.0,9685.478806495667,-1507.9709887504578,-4065.7827258110046,0.0,1306.290626525879
1,5925,59.25,5000.0,5000.0,9924.706220626831,10000.0,-3353.923559188843,0.0,-75.29377937316895,314.5211935043335
1,5926,59.26,5000.0,5000.0,10000.0,10000.0,0.0,0.0,75.29377937316895,0.0
1,5927,59.27,5000.0,5000.0,10000.0,10000.0,0.0,0.0,0.0,0.0
1,5928,59.28,5000.0,5000.0,10000.0,10000.0,0.0,0.0,0.0,0.0
1,5929,59.29,5000.0,5000.0,10000.0,10000.0,0.0,0.0,0.0,0.0
1,5930,59.300000000000004,5732.634514570236,5000.0,10000.0,10000.0,732.6345145702362,0.0,0.0,0.0
1,5931,59.31,6252.980977296829,5000.0,10000.0,10000.0,520.346462726593,0.0,0.0,0.0
1,5932,59.32,8465.016782283783,5000.0,5782.55258500576,9816.110730171204,2212.0358049869537,0.0,-4217.44741499424,-183.8892698287964
1,5933,59.33,7867.818474769592,5000.0,5899.136066436768,10000.0,-597.1983075141907,0.0,116.58348143100739,183.8892698287964
1,5934,59.34,7980.647087097168,5000.0,5748.590752482414,9885.636568069458,112.82861232757568,0.0,-150.54531395435333,-114.36343193054199
1,5935,59.35,8879.373371601105,5000.0,5358.278974890709,9870.244860649109,898.7262845039368,0.0,-390.3117775917053,-15.391707420349121
1,5936,59.36,9388.129115104675,5000.0,5596.421435475349,9990.071058273315,508.75574350357056,0.0,238.1424605846405,119.82619762420654
1,5937,59.370000000000005,9472.271203994751,5000.0,6778.30308675766,10000.0,84.14208889007568,0.0,1181.8816512823105,9.92894172668457
1,5938,59.38,9381.119012832642,5000.0,6878.873407840729,10000.0,-91.15219116210938,0.0,100.57032108306885,0.0
1,5939,59.39,9255.751967430115,5000.0,6566.155850887299,10000.0,-125.36704540252686,0.0,-312.7175569534302,0.0
1,5940,59.4,9054.345488548279,5000.0,6559.947729110718,10000.0,-201.40647888183594,0.0,-6.2081217765808105,0.0
1,5941,59.410000000000004,9337.43804693222,5000.0,6238.712444901466,10000.0,283.09255838394165,0.0,-321.2352842092514,0.0
1,5942,59.42,9988.576173782349,5000.0,5852.443054318428,9180.010259151459,651.1381268501282,0.0,-386.26939058303833,-819.9897408485413
1,5943,59.43,10000.0,5000.0,5760.9303295612335,9654.47872877121,11.423826217651367,0.0,-91.51272475719452,474.468469619751
1,5944,59.44,8581.793308258057,5000.0,5790.463089942932,9714.86747264862,-1418.2066917419434,0.0,29.53276038169861,60.38874387741089
1,5945,59.45,8339.017629623413,5000.0,6069.807484745979,10000.0,-242.77567863464355,0.0,279.3443948030472,285.1325273513794
1,5946,59.46,8987.754583358765,5000.0,6081.714630126953,10000.0,648.7369537353516,0.0,11.907145380973816,0.0
1,5947,59.47,8581.46607875824,5000.0,5715.636536478996,10000.0,-406.2885046005249,0.0,-366.07809364795685,0.0
1,5948,59.480000000000004,8417.388200759888,5000.0,5426.755845546722,10000.0,-164.07787799835205,0.0,-288.88069093227386,0.0
1,5949,59.49,7985.9524965286255,5000.0,5847.808122634888,10000.0,-431.4357042312622,0.0,421.0522770881653,0.0
1,5950,59.5,7863.203287124634,5000.0,6075.408458709717,9770.919978618622,-122.7492094039917,0.0,227.6003360748291,-229.08002138137817
1,5951,59.51,7923.047840595245,5000.0,6016.3020342588425,9566.78330898285,59.84455347061157,0.0,-59.10642445087433,-204.1366696357727
1,5952,59.52,8327.898979187012,5000.0,5761.838331818581,9291.678369045258,404.85113859176636,0.0,-254.46370244026184,-275.10493993759155
1,5953,59.53,9142.387509346008,5000.0,5566.857382655144,9377.889335155487,814.4885301589966,0.0,-194.9809491634369,86.21096611022949
1,5954,59.54,9637.386500835419,5000.0,6248.762682080269,10000.0,494.9989914894104,0.0,681.9052994251251,622.1106648445129
1,5955,59.550000000000004,9546.264111995697,5000.0,6948.24144244194,10000.0,-91.12238883972168,0.0,699.4787603616714,0.0
1,5956,59.56,9400.553107261658,5000.0,6761.2698674201965,10000.0,-145.7110047340393,0.0,-186.97157502174377,0.0
1,5957,59.57,9342.679977416992,5000.0,6503.769755363464,10000.0,-57.87312984466553,0.0,-257.5001120567322,0.0
1,5958,59.58,8998.841047286987,5000.0,6461.816132068634,10000.0,-343.8389301300049,0.0,-41.95362329483032,0.0
1,5959,59.59,9068.238735198975,5000.0,6452.331840991974,10000.0,69.3976879119873,0.0,-9.484291076660156,0.0
1,5960,59.6,9910.200834274292,5000.0,6070.32023370266,9351.922273635864,841.9620990753174,0.0,-382.01160728931427,-648.0777263641357
1,5961,59.61,10000.0,5000.0,6354.367434978485,10000.0,89.79916572570801,0.0,284.0472012758255,648.0777263641357
1,5962,59.620000000000005,10000.0,5000.0,6599.152982234955,10000.0,0.0,0.0,244.78554725646973,0.0
1,5963,59.63,9904.04188632965,5000.0,6550.440788269043,10000.0,-95.95811367034912,0.0,-48.712193965911865,0.0
1,5964,59.64,9444.340467453003,5000.0,6393.581032752991,10000.0,-459.70141887664795,0.0,-156.85975551605225,0.0
1,5965,59.65,9002.078771591187,5000.0,5784.143432974815,10000.0,-442.2616958618164,0.0,-609.4375997781754,0.0
1,5966,59.660000000000004,8879.618644714355,5000.0,5473.30878674984,10000.0,-122.46012687683105,0.0,-310.8346462249756,0.0
1,5967,59.67,8924.104869365692,5000.0,5317.892804741859,9731.987416744232,44.48622465133667,0.0,-155.41598200798035,-268.0125832557678
1,5968,59.68,8521.403074264526,5000.0,5467.086955904961,9332.75580406189,-402.70179510116577,0.0,149.1941511631012,-399.23161268234253
1,5969,59.69,8048.2518672943115,5000.0,5697.553381323814,9475.640654563904,-473.15120697021484,0.0,230.46642541885376,142.88485050201416
1,5970,59.7,8614.02690410614,5000.0,5382.657125592232,9726.25732421875,565.7750368118286,0.0,-314.89625573158264,250.6166696548462
1,5971,59.71,9235.646724700928,5000.0,5467.841848731041,10000.0,621.6198205947876,0.0,85.1847231388092,273.74267578125
1,5972,59.72,9527.105689048767,5000.0,6224.401965737343,10000.0,291.45896434783936,0.0,756.5601170063019,0.0
1,5973,59.730000000000004,9198.777675628662,5000.0,6612.3950481414795,10000.0,-328.328013420105,0.0,387.99308240413666,0.0
1,5974,59.74,9125.930964946747,5000.0,6677.176058292389,10000.0,-72.84671068191528,0.0,64.78101015090942,0.0
1,5975,59.75,9139.297604560852,5000.0,6479.107439517975,10000.0,13.366639614105225,0.0,-198.06861877441406,0.0
1,5976,59.76,9044.20554637909,5000.0,6443.997323513031,10000.0,-95.0920581817627,0.0,-35.11011600494385,0.0
1,5977,59.77,8932.446241378784,5000.0,6622.384935617447,10000.0,-111.75930500030518,0.0,178.3876121044159,0.0
1,5978,59.78,9075.583219528198,5000.0,6695.834398269653,10000.0,143.13697814941406,0.0,73.44946265220642,0.0
1,5979,59.79,10000.0,5000.0,6459.14614200592,10000.0,924.4167804718018,0.0,-236.6882562637329,0.0
1,5980,59.800000000000004,10000.0,5000.0,6545.751392841339,10000.0,0.0,0.0,86.6052508354187,0.0
1,5981,59.81,9953.69017124176,5000.0,6679.057776927948,10000.0,-46.309828758239746,0.0,133.3063840866089,0.0
1,5982,59.82,9746.660888195038,5000.0,6361.148953437805,10000.0,-207.0292830467224,0.0,-317.9088234901428,0.0
1,5983,59.83,9369.055032730103,5000.0,5954.630747437477,10000.0,-377.6058554649353,0.0,-406.51820600032806,0.0
1,5984,59.84,9122.446179389954,5000.0,5632.716491818428,10000.0,-246.60885334014893,0.0,-321.9142556190491,0.0
1,5985,59.85,9121.9162940979,5000.0,5424.467846751213,9846.925139427185,-0.5298852920532227,0.0,-208.24864506721497,-153.07486057281494
1,5986,59.86,8804.593682289124,5000.0,5385.36049425602,9387.676119804382,-317.32261180877686,0.0,-39.10735249519348,-459.24901962280273
1,5987,59.870000000000005,8289.340734481812,5000.0,5560.0956827402115,9302.164316177368,-515.252947807312,0.0,174.7351884841919,-85.51180362701416
1,5988,59.88,8826.019167900085,5000.0,5073.208436369896,9336.90756559372,536.6784334182739,0.0,-486.88724637031555,34.74324941635132
1,5989,59.89,9323.36688041687,5000.0,5479.452237486839,10000.0,497.34771251678467,0.0,406.24380111694336,663.0924344062805
1,5990,59.9,9480.412304401398,5000.0,6011.955961585045,10000.0,157.0454239845276,0.0,532.5037240982056,0.0
1,5991,59.910000000000004,9176.447987556458,5000.0,6512.025892734528,10000.0,-303.9643168449402,0.0,500.0699311494827,0.0
1,5992,59.92,9099.828600883484,5000.0,6689.131557941437,10000.0,-76.61938667297363,0.0,177.10566520690918,0.0
1,5993,59.93,9150.041043758392,5000.0,6432.03467130661,10000.0,50.21244287490845,0.0,-257.09688663482666,0.0
1,5994,59.94,8968.921601772308,5000.0,6428.401470184326,10000.0,-181.11944198608398,0.0,-3.6332011222839355,0.0
1,5995,59.95,8807.924389839172,5000.0,6623.227298259735,10000.0,-160.997211933136,0.0,194.82582807540894,0.0
1,5996,59.96,9258.923530578613,5000.0,6714.869141578674,10000.0,450.9991407394409,0.0,91.64184331893921,0.0
1,5997,59.97,10000.0,5000.0,6522.07225561142,9974.759817123413,741.0764694213867,0.0,-192.79688596725464,-25.240182876586914
1,5998,59.980000000000004,10000.0,5000.0,6603.6272048950195,9540.27235507965,0.0,0.0,81.55494928359985,-434.4874620437622
1,5999,59.99,9952.51178741455,5000.0,6592.969596385956,10000.0,-47.48821258544922,0.0,-10.65760850906372,459.7276449203491
