episode,step,time_s,u1_rpm,u2_rpm,u3_rpm,u4_rpm,du1_rpm,du2_rpm,du3_rpm,du4_rpm
1,0,0.0,5170.665271580219,8828.665018081665,9998.339712619781,7789.360284805298,0.0,0.0,0.0,0.0
1,1,0.02,5900.2485871315,8548.557162284851,10000.0,8304.705917835236,729.583315551281,-280.10785579681396,1.6602873802185059,515.3456330299377
1,2,0.04,7242.594361305237,8606.65887594223,9727.152287960052,8786.88782453537,1342.3457741737366,58.10171365737915,-272.8477120399475,482.1819067001343
1,3,0.06,8367.41954088211,8643.29308271408,8911.119401454926,9258.637726306915,1124.8251795768738,36.634206771850586,-816.032886505127,471.7499017715454
1,4,0.08,9300.340712070465,8820.895254611969,8259.992003440857,9445.424973964691,932.9211711883545,177.60217189788818,-651.1273980140686,186.78724765777588
1,5,0.1,9969.030916690826,9026.49313211441,7976.057529449463,9363.493919372559,668.6902046203613,205.5978775024414,-283.93447399139404,-81.93105459213257
1,6,0.12,10000.0,9187.029302120209,7954.792082309723,9204.288721084595,30.969083309173584,160.53617000579834,-21.26544713973999,-159.20519828796387
1,7,0.14,10000.0,9271.256029605865,8068.067133426666,9047.430753707886,0.0,84.22672748565674,113.27505111694336,-156.85796737670898
1,8,0.16,10000.0,9234.637022018433,8324.08756017685,8924.728333950043,0.0,-36.61900758743286,256.0204267501831,-122.70241975784302
1,9,0.18,9989.266097545624,9101.538956165314,8592.175543308258,8810.28264760971,-10.73390245437622,-133.0980658531189,268.0879831314087,-114.44568634033203
1,10,0.2,9930.793344974518,8990.829288959503,8853.030502796173,8733.729720115662,-58.47275257110596,-110.70966720581055,260.85495948791504,-76.55292749404907
1,11,0.22,9770.33019065857,8877.241909503937,9081.45695924759,8732.648491859436,-160.4631543159485,-113.5873794555664,228.42645645141602,-1.081228256225586
1,12,0.24,9518.992006778717,8780.970573425293,9256.843328475952,8743.539452552795,-251.3381838798523,-96.2713360786438,175.38636922836304,10.890960693359375
1,13,0.26,9216.708540916443,8675.691783428192,9370.41461467743,8734.478056430817,-302.28346586227417,-105.27878999710083,113.57128620147705,-9.06139612197876
1,14,0.28,8987.409174442291,8599.583208560944,9444.913864135742,8693.90606880188,-229.2993664741516,-76.10857486724854,74.49924945831299,-40.57198762893677
1,15,0.3,8894.452154636383,8574.365973472595,9458.281397819519,8657.713830471039,-92.9570198059082,-25.21723508834839,13.367533683776855,-36.192238330841064
1,16,0.32,8887.119591236115,8550.52500963211,9429.23754453659,8613.056242465973,-7.332563400268555,-23.84096384048462,-29.043853282928467,-44.65758800506592
1,17,0.34,8876.948058605194,8511.369526386261,9389.186799526215,8567.201793193817,-10.17153263092041,-39.15548324584961,-40.05074501037598,-45.85444927215576
1,18,0.36,8824.59968328476,8458.348512649536,9356.01681470871,8528.530895709991,-52.34837532043457,-53.02101373672485,-33.16998481750488,-38.670897483825684
1,19,0.38,8765.828907489777,8414.461314678192,9324.271380901337,8493.528962135315,-58.77077579498291,-43.887197971343994,-31.745433807373047,-35.001933574676514
1,20,0.4,8722.861111164093,8388.290405273438,9291.817843914032,8453.143537044525,-42.967796325683594,-26.17090940475464,-32.45353698730469,-40.385425090789795
1,21,0.42,8683.822453022003,8368.60716342926,9261.201322078705,8418.05875301361,-39.038658142089844,-19.683241844177246,-30.61652183532715,-35.08478403091431
1,22,0.44,8639.2143368721,8345.896303653717,9232.82116651535,8390.22010564804,-44.608116149902344,-22.710859775543213,-28.380155563354492,-27.83864736557007
1,23,0.46,8598.099648952484,8326.459228992462,9202.556908130646,8359.103500843048,-41.1146879196167,-19.437074661254883,-30.26425838470459,-31.116604804992676
1,24,0.48,8565.353453159332,8313.957452774048,9170.776307582855,8324.081599712372,-32.746195793151855,-12.501776218414307,-31.780600547790527,-35.02190113067627
1,25,0.5,8530.457019805908,8307.42597579956,9139.839708805084,8289.706408977509,-34.89643335342407,-6.531476974487305,-30.936598777770996,-34.37519073486328
1,26,0.52,8488.15232515335,8297.286331653595,9111.175239086151,8265.162706375122,-42.30469465255737,-10.139644145965576,-28.664469718933105,-24.543702602386475
1,27,0.54,8440.683782100677,8280.587196350098,9083.452820777893,8245.480358600616,-47.46854305267334,-16.699135303497314,-27.722418308258057,-19.682347774505615
1,28,0.56,8397.606015205383,8262.48973608017,9051.735997200012,8232.06752538681,-43.07776689529419,-18.09746026992798,-31.71682357788086,-13.412833213806152
1,29,0.58,8356.684744358063,8250.757157802582,9022.780954837799,8222.647607326508,-40.92127084732056,-11.73257827758789,-28.955042362213135,-9.419918060302734
1,30,0.6,8313.161134719849,8243.727385997772,8996.00774049759,8214.219212532043,-43.52360963821411,-7.02977180480957,-26.77321434020996,-8.428394794464111
1,31,0.62,8272.910416126251,8237.923383712769,8969.47592496872,8204.779922962189,-40.25071859359741,-5.804002285003662,-26.53181552886963,-9.439289569854736
1,32,0.64,8236.558437347412,8236.948549747467,8941.53356552124,8196.144998073578,-36.35197877883911,-0.9748339653015137,-27.942359447479248,-8.63492488861084
1,33,0.66,8199.9072432518,8236.397802829742,8913.387060165405,8188.928663730621,-36.65119409561157,-0.5507469177246094,-28.14650535583496,-7.216334342956543
1,34,0.68,8164.307773113251,8229.965269565582,8883.841931819916,8177.850842475891,-35.599470138549805,-6.432533264160156,-29.545128345489502,-11.077821254730225
1,35,0.7000000000000001,8130.010962486267,8224.897384643555,8853.987455368042,8162.771761417389,-34.29681062698364,-5.067884922027588,-29.85447645187378,-15.079081058502197
1,36,0.72,8096.057176589966,8226.235210895538,8824.02628660202,8146.3780999183655,-33.95378589630127,1.3378262519836426,-29.96116876602173,-16.393661499023438
1,37,0.74,8063.149154186249,8227.036595344543,8794.968128204346,8127.513825893402,-32.90802240371704,0.801384449005127,-29.05815839767456,-18.86427402496338
1,38,0.76,8032.074868679047,8222.1719622612,8760.059475898743,8108.815252780914,-31.07428550720215,-4.864633083343506,-34.90865230560303,-18.698573112487793
1,39,0.78,8005.523681640625,8212.582767009735,8720.150291919708,8091.555237770081,-26.55118703842163,-9.589195251464844,-39.909183979034424,-17.26001501083374
1,40,0.8,7980.250716209412,8204.107880592346,8682.109117507935,8077.506721019745,-25.27296543121338,-8.474886417388916,-38.04117441177368,-14.048516750335693
1,41,0.8200000000000001,7956.977188587189,8198.687732219696,8650.075793266296,8067.696392536163,-23.2735276222229,-5.4201483726501465,-32.033324241638184,-9.810328483581543
1,42,0.84,7931.521534919739,8202.374577522278,8616.79583787918,8057.295382022858,-25.45565366744995,3.686845302581787,-33.27995538711548,-10.401010513305664
1,43,0.86,7905.329763889313,8216.66955947876,8580.732643604279,8045.101463794708,-26.191771030426025,14.294981956481934,-36.063194274902344,-12.193918228149414
1,44,0.88,7879.2604804039,8234.077095985413,8554.801940917969,8038.036227226257,-26.069283485412598,17.407536506652832,-25.930702686309814,-7.065236568450928
1,45,0.9,7846.854627132416,8255.222141742706,8538.086712360382,8037.603497505188,-32.405853271484375,21.1450457572937,-16.71522855758667,-0.43272972106933594
1,46,0.92,7804.045677185059,8278.15979719162,8530.4194688797,8045.816719532013,-42.80894994735718,22.937655448913574,-7.667243480682373,8.213222026824951
1,47,0.9400000000000001,7760.950326919556,8295.862674713135,8529.116809368134,8055.387437343597,-43.09535026550293,17.702877521514893,-1.302659511566162,9.570717811584473
1,48,0.96,7727.338373661041,8312.045931816101,8523.318767547607,8067.548871040344,-33.611953258514404,16.18325710296631,-5.798041820526123,12.161433696746826
1,49,0.98,7700.532674789429,8332.19975233078,8509.697020053864,8079.678118228912,-26.80569887161255,20.153820514678955,-13.621747493743896,12.129247188568115
1,50,1.0,7672.643065452576,8356.866240501404,8498.286306858063,8088.204264640808,-27.889609336853027,24.66648817062378,-11.410713195800781,8.526146411895752
1,51,1.02,7644.806802272797,8376.756012439728,8488.085567951202,8089.698255062103,-27.836263179779053,19.889771938323975,-10.200738906860352,1.493990421295166
1,52,1.04,7613.10487985611,8394.65856552124,8470.288813114166,8090.839385986328,-31.70192241668701,17.90255308151245,-17.796754837036133,1.1411309242248535
1,53,1.06,7580.38729429245,8419.855535030365,8449.634611606598,8085.312843322754,-32.71758556365967,25.196969509124756,-20.65420150756836,-5.526542663574219
1,54,1.08,7548.25234413147,8472.548723220825,8438.866436481476,8076.898455619812,-32.134950160980225,52.693188190460205,-10.76817512512207,-8.414387702941895
1,55,1.1,7512.40074634552,8547.734916210175,8434.381484985352,8073.031008243561,-35.85159778594971,75.18619298934937,-4.484951496124268,-3.8674473762512207
1,56,1.12,7467.615753412247,8634.318113327026,8426.704406738281,8055.615723133087,-44.784992933273315,86.5831971168518,-7.6770782470703125,-17.415285110473633
1,57,1.1400000000000001,7413.392812013626,8726.860880851746,8420.691788196564,8022.330701351166,-54.222941398620605,92.54276752471924,-6.012618541717529,-33.28502178192139
1,58,1.16,7335.120141506195,8863.06256055832,8411.77374124527,7974.865734577179,-78.27267050743103,136.2016797065735,-8.918046951293945,-47.464966773986816
1,59,1.18,7246.868163347244,9034.256041049957,8396.005928516388,7912.099659442902,-88.2519781589508,171.19348049163818,-15.767812728881836,-62.766075134277344
1,60,1.2,7169.661372900009,9232.145249843597,8426.040709018707,7870.663702487946,-77.20679044723511,197.88920879364014,30.034780502319336,-41.435956954956055
1,61,1.22,7061.714828014374,9330.303370952606,8463.110625743866,7903.957664966583,-107.94654488563538,98.15812110900879,37.06991672515869,33.293962478637695
1,62,1.24,6926.201432943344,9174.692928791046,8390.580713748932,8056.275844573975,-135.51339507102966,-155.61044216156006,-72.52991199493408,152.31817960739136
1,63,1.26,6832.392066717148,8744.857907295227,8154.380619525909,8393.506705760956,-93.80936622619629,-429.8350214958191,-236.20009422302246,337.2308611869812
1,64,1.28,6812.973171472549,8185.659945011139,7717.807292938232,8987.46281862259,-19.41889524459839,-559.1979622840881,-436.573326587677,593.9561128616333
1,65,1.3,6949.34606552124,7674.698233604431,7251.902222633362,9671.083390712738,136.3728940486908,-510.96171140670776,-465.9050703048706,683.6205720901489
1,66,1.32,7182.848006486893,7258.968353271484,6816.626638174057,10000.0,233.50194096565247,-415.7298803329468,-435.2755844593048,328.91660928726196
1,67,1.34,7445.733994245529,7101.047039031982,6434.537619352341,10000.0,262.8859877586365,-157.92131423950195,-382.0890188217163,0.0
1,68,1.36,7877.968549728394,7072.673738002777,5892.929285764694,9943.777024745941,432.2345554828644,-28.373301029205322,-541.6083335876465,-56.22297525405884
1,69,1.3800000000000001,7997.48569726944,7932.525277137756,7042.316496372223,8182.603120803833,119.51714754104614,859.8515391349792,1149.3872106075287,-1761.1739039421082
1,70,1.4000000000000001,7893.555164337158,8326.46757364273,7990.81563949585,7212.040722370148,-103.9305329322815,393.94229650497437,948.4991431236267,-970.5623984336853
1,71,1.42,7749.79442358017,8239.153623580933,7714.762389659882,7068.549245595932,-143.76074075698853,-87.3139500617981,-276.053249835968,-143.4914767742157
1,72,1.44,7640.5370235443115,8243.882358074188,7416.932582855225,7333.972454071045,-109.25740003585815,4.728734493255615,-297.829806804657,265.4232084751129
1,73,1.46,7967.810928821564,7978.059351444244,7351.396232843399,8117.3184514045715,327.2739052772522,-265.82300662994385,-65.53635001182556,783.3459973335266
1,74,1.48,8107.426166534424,7784.033715724945,7521.302700042725,8441.620171070099,139.6152377128601,-194.02563571929932,169.90646719932556,324.30171966552734
1,75,1.5,7944.1457986831665,7720.595896244049,7576.313316822052,8639.6723985672,-163.28036785125732,-63.437819480895996,55.01061677932739,198.05222749710083
1,76,1.52,7661.515176296234,7829.774916172028,7876.267433166504,8495.874106884003,-282.6306223869324,109.17901992797852,299.9541163444519,-143.79829168319702
1,77,1.54,7510.912716388702,7956.221103668213,8000.580966472626,8396.556377410889,-150.60245990753174,126.4461874961853,124.31353330612183,-99.31772947311401
1,78,1.56,7458.179444074631,7939.242124557495,7932.7192902565,8326.492607593536,-52.733272314071655,-16.978979110717773,-67.86167621612549,-70.0637698173523
1,79,1.58,7504.636645317078,7956.6338658332825,7849.925458431244,8283.042311668396,46.4572012424469,17.391741275787354,-82.79383182525635,-43.45029592514038
1,80,1.6,7552.934885025024,8001.507222652435,7808.639705181122,8194.79614496231,48.29823970794678,44.87335681915283,-41.28575325012207,-88.2461667060852
1,81,1.62,7580.435872077942,8065.941333770752,7738.8569712638855,8076.905310153961,27.50098705291748,64.43411111831665,-69.78273391723633,-117.89083480834961
1,82,1.6400000000000001,7636.872828006744,8157.171010971069,7656.692564487457,7916.805744171143,56.43695592880249,91.22967720031738,-82.16440677642822,-160.0995659828186
1,83,1.6600000000000001,7695.92672586441,8229.621946811676,7566.254436969757,7737.338840961456,59.053897857666016,72.45093584060669,-90.4381275177002,-179.46690320968628
1,84,1.68,7776.136100292206,8315.843641757965,7450.370490550995,7546.364963054657,80.20937442779541,86.22169494628906,-115.8839464187622,-190.97387790679932
1,85,1.7,7846.740186214447,8339.582979679108,7389.223873615265,7404.046952724457,70.60408592224121,23.739337921142578,-61.14661693572998,-142.3180103302002
1,86,1.72,7960.838973522186,8303.422331809998,7270.427793264389,7387.003004550934,114.09878730773926,-36.16064786911011,-118.79608035087585,-17.04394817352295
1,87,1.74,8116.101622581482,8038.595020771027,7283.547222614288,7684.1554045677185,155.26264905929565,-264.82731103897095,13.119429349899292,297.15240001678467
1,88,1.76,8094.944655895233,7980.374395847321,7371.630072593689,7812.5956654548645,-21.15696668624878,-58.220624923706055,88.08284997940063,128.440260887146
1,89,1.78,7969.209253787994,7953.965067863464,7426.801472902298,7824.592590332031,-125.73540210723877,-26.4093279838562,55.17140030860901,11.996924877166748
1,90,1.8,7829.015254974365,7915.361821651459,7481.407821178436,7799.264490604401,-140.19399881362915,-38.603246212005615,54.606348276138306,-25.328099727630615
1,91,1.82,7701.151371002197,7849.889099597931,7600.873112678528,7808.142602443695,-127.86388397216797,-65.47272205352783,119.46529150009155,8.878111839294434
1,92,1.84,7578.641474246979,7788.218259811401,7729.396224021912,7838.369309902191,-122.5098967552185,-61.67083978652954,128.5231113433838,30.226707458496094
1,93,1.86,7500.9965896606445,7720.361053943634,7842.4787521362305,7877.481579780579,-77.64488458633423,-67.85720586776733,113.08252811431885,39.11226987838745
1,94,1.8800000000000001,7491.709440946579,7700.2933621406555,7918.826043605804,7934.7410798072815,-9.287148714065552,-20.067691802978516,76.34729146957397,57.25950002670288
1,95,1.9000000000000001,7515.751123428345,7730.4792404174805,7923.370599746704,7965.337932109833,24.041682481765747,30.18587827682495,4.544556140899658,30.59685230255127
1,96,1.92,7553.974390029907,7810.5628490448,7899.782061576843,7932.98214673996,38.2232666015625,80.08360862731934,-23.58853816986084,-32.35578536987305
1,97,1.94,7590.148150920868,7870.789170265198,7894.729375839233,7847.926318645477,36.17376089096069,60.22632122039795,-5.052685737609863,-85.05582809448242
1,98,1.96,7653.515338897705,7926.275432109833,7860.158681869507,7764.257192611694,63.36718797683716,55.48626184463501,-34.57069396972656,-83.66912603378296
1,99,1.98,7718.709707260132,7943.335771560669,7815.630733966827,7724.28959608078,65.19436836242676,17.06033945083618,-44.52794790267944,-39.96759653091431
1,100,2.0,7740.535736083984,7943.547964096069,7793.324291706085,7717.372179031372,21.82602882385254,0.21219253540039062,-22.306442260742188,-6.917417049407959
1,101,2.02,7735.631465911865,7931.212484836578,7794.964909553528,7719.950973987579,-4.904270172119141,-12.335479259490967,1.640617847442627,2.5787949562072754
1,102,2.04,7731.709778308868,7917.474806308746,7800.069749355316,7723.650336265564,-3.921687602996826,-13.737678527832031,5.10483980178833,3.699362277984619
1,103,2.06,7733.897864818573,7904.140651226044,7801.421880722046,7730.619311332703,2.18808650970459,-13.334155082702637,1.3521313667297363,6.968975067138672
1,104,2.08,7736.302316188812,7893.877923488617,7803.5968542099,7737.221121788025,2.404451370239258,-10.262727737426758,2.174973487854004,6.601810455322266
1,105,2.1,7738.6897802352905,7885.054349899292,7806.603014469147,7742.839455604553,2.3874640464782715,-8.823573589324951,3.006160259246826,5.61833381652832
1,106,2.12,7742.390036582947,7877.002060413361,7808.880507946014,7747.927308082581,3.70025634765625,-8.052289485931396,2.277493476867676,5.087852478027344
1,107,2.14,7746.708989143372,7870.396077632904,7810.852825641632,7752.033472061157,4.318952560424805,-6.605982780456543,1.9723176956176758,4.10616397857666
1,108,2.16,7750.788033008575,7864.466905593872,7812.558710575104,7755.776047706604,4.079043865203857,-5.929172039031982,1.7058849334716797,3.7425756454467773
1,109,2.18,7754.906415939331,7859.415113925934,7813.5645389556885,7759.057581424713,4.118382930755615,-5.051791667938232,1.0058283805847168,3.281533718109131
1,110,2.2,7758.825123310089,7854.740917682648,7813.924849033356,7761.862576007843,3.9187073707580566,-4.674196243286133,0.36031007766723633,2.804994583129883
1,111,2.22,7762.287557125092,7850.846350193024,7813.946604728699,7764.083445072174,3.4624338150024414,-3.8945674896240234,0.021755695343017578,2.2208690643310547
1,112,2.24,7765.488922595978,7847.461402416229,7813.436686992645,7765.893340110779,3.2013654708862305,-3.3849477767944336,-0.5099177360534668,1.8098950386047363
1,113,2.2600000000000002,7768.831551074982,7844.578921794891,7812.379598617554,7767.18944311142,3.3426284790039062,-2.8824806213378906,-1.0570883750915527,1.2961030006408691
1,114,2.2800000000000002,7772.248983383179,7841.811776161194,7810.722887516022,7768.371999263763,3.4174323081970215,-2.7671456336975098,-1.6567111015319824,1.18255615234375
1,115,2.3000000000000003,7775.565683841705,7838.819622993469,7808.582186698914,7769.666910171509,3.3167004585266113,-2.9921531677246094,-2.1407008171081543,1.2949109077453613
1,116,2.32,7778.385877609253,7836.209237575531,7806.215882301331,7770.669758319855,2.8201937675476074,-2.6103854179382324,-2.366304397583008,1.0028481483459473
1,117,2.34,7781.054973602295,7833.671867847443,7802.978157997131,7771.248519420624,2.669095993041992,-2.537369728088379,-3.2377243041992188,0.578761100769043
1,118,2.36,7783.4561467170715,7831.1488032341,7799.421548843384,7771.724760532379,2.4011731147766113,-2.523064613342285,-3.5566091537475586,0.4762411117553711
1,119,2.38,7785.093784332275,7828.244268894196,7795.838415622711,7772.104442119598,1.6376376152038574,-2.904534339904785,-3.5831332206726074,0.3796815872192383
1,120,2.4,7786.085903644562,7825.552225112915,7792.103886604309,7772.411406040192,0.992119312286377,-2.6920437812805176,-3.7345290184020996,0.3069639205932617
1,121,2.42,7786.729037761688,7822.713553905487,7787.783145904541,7772.996127605438,0.6431341171264648,-2.8386712074279785,-4.320740699768066,0.584721565246582
1,122,2.44,7787.127494812012,7819.6340799331665,7783.216238021851,7773.748338222504,0.39845705032348633,-3.0794739723205566,-4.56690788269043,0.7522106170654297
1,123,2.46,7787.248194217682,7816.2625432014465,7778.709232807159,7774.706184864044,0.12069940567016602,-3.3715367317199707,-4.507005214691162,0.9578466415405273
1,124,2.48,7787.189185619354,7813.088595867157,7774.1628885269165,7775.890529155731,-0.05900859832763672,-3.173947334289551,-4.54634428024292,1.1843442916870117
1,125,2.5,7786.962389945984,7810.275554656982,7769.590318202972,7777.000963687897,-0.22679567337036133,-2.8130412101745605,-4.572570323944092,1.1104345321655273
1,126,2.52,7786.62383556366,7807.6207637786865,7764.995992183685,7777.94748544693,-0.33855438232421875,-2.6547908782958984,-4.594326019287109,0.9465217590332031
1,127,2.54,7786.231338977814,7804.940640926361,7760.607600212097,7778.834104537964,-0.39249658584594727,-2.6801228523254395,-4.388391971588135,0.8866190910339355
1,128,2.56,7785.829603672028,7802.451848983765,7756.333351135254,7779.70165014267,-0.4017353057861328,-2.4887919425964355,-4.274249076843262,0.8675456047058105
1,129,2.58,7785.4496240615845,7800.1269698143005,7752.353250980377,7780.452072620392,-0.37997961044311523,-2.3248791694641113,-3.980100154876709,0.750422477722168
1,130,2.6,7785.077691078186,7797.968089580536,7749.0222454071045,7781.07613325119,-0.3719329833984375,-2.1588802337646484,-3.331005573272705,0.6240606307983398
1,131,2.62,7784.566283226013,7795.932292938232,7746.260762214661,7781.660854816437,-0.5114078521728516,-2.035796642303467,-2.7614831924438477,0.584721565246582
1,132,2.64,7784.239053726196,7794.212698936462,7744.280993938446,7782.125771045685,-0.32722949981689453,-1.7195940017700195,-1.9797682762145996,0.4649162292480469
1,133,2.66,7784.119546413422,7792.755961418152,7743.307054042816,7782.026827335358,-0.1195073127746582,-1.4567375183105469,-0.9739398956298828,-0.09894371032714844
1,134,2.68,7783.978879451752,7791.93103313446,7742.399573326111,7782.2622656822205,-0.14066696166992188,-0.8249282836914062,-0.9074807167053223,0.23543834686279297
1,135,2.7,7783.800661563873,7791.737616062164,7741.742432117462,7782.767415046692,-0.17821788787841797,-0.19341707229614258,-0.6571412086486816,0.5051493644714355
1,136,2.72,7783.4829688072205,7791.351079940796,7741.746604442596,7783.3229303359985,-0.31769275665283203,-0.3865361213684082,0.004172325134277344,0.5555152893066406
1,137,2.74,7782.876491546631,7791.462242603302,7742.552757263184,7783.344089984894,-0.6064772605895996,0.11116266250610352,0.8061528205871582,0.021159648895263672
1,138,2.7600000000000002,7781.988084316254,7792.657911777496,7743.8884973526,7782.966792583466,-0.8884072303771973,1.195669174194336,1.335740089416504,-0.37729740142822266
1,139,2.7800000000000002,7781.063616275787,7794.343829154968,7745.4739809036255,7782.5504541397095,-0.9244680404663086,1.6859173774719238,1.5854835510253906,-0.4163384437561035
1,140,2.8000000000000003,7780.217230319977,7795.858979225159,7747.532427310944,7781.960964202881,-0.8463859558105469,1.5151500701904297,2.0584464073181152,-0.5894899368286133
1,141,2.82,7779.270112514496,7797.603905200958,7750.340104103088,7780.939042568207,-0.947117805480957,1.7449259757995605,2.8076767921447754,-1.0219216346740723
1,142,2.84,7778.222858905792,7799.498438835144,7753.789722919464,7779.586315155029,-1.0472536087036133,1.894533634185791,3.4496188163757324,-1.3527274131774902
1,143,2.86,7777.227461338043,7801.269888877869,7757.920920848846,7777.950763702393,-0.9953975677490234,1.7714500427246094,4.131197929382324,-1.6355514526367188
1,144,2.88,7776.206135749817,7803.002297878265,7762.438058853149,7776.207625865936,-1.0213255882263184,1.7324090003967285,4.5171380043029785,-1.7431378364562988
1,145,2.9,7775.025367736816,7804.79371547699,7767.403721809387,7774.533331394196,-1.1807680130004883,1.7914175987243652,4.965662956237793,-1.6742944717407227
1,146,2.92,7773.977816104889,7806.532979011536,7772.596478462219,7772.878408432007,-1.0475516319274902,1.7392635345458984,5.192756652832031,-1.6549229621887207
1,147,2.94,7773.232460021973,7807.915508747101,7778.025269508362,7771.199643611908,-0.7453560829162598,1.3825297355651855,5.428791046142578,-1.678764820098877
1,148,2.96,7772.760987281799,7808.756232261658,7783.503830432892,7769.559323787689,-0.47147274017333984,0.8407235145568848,5.478560924530029,-1.64031982421875
1,149,2.98,7772.367298603058,7809.36986207962,7789.10219669342,7767.97354221344,-0.3936886787414551,0.6136298179626465,5.5983662605285645,-1.5857815742492676
1,150,3.0,7772.325873374939,7809.618413448334,7794.785499572754,7766.4801478385925,-0.041425228118896484,0.2485513687133789,5.683302879333496,-1.493394374847412
1,151,3.02,7772.528827190399,7809.296548366547,7800.495624542236,7765.141725540161,0.20295381546020508,-0.3218650817871094,5.710124969482422,-1.3384222984313965
1,152,3.04,7772.863507270813,7808.554470539093,7806.159555912018,7763.955295085907,0.33468008041381836,-0.7420778274536133,5.663931369781494,-1.1864304542541504
1,153,3.06,7773.332595825195,7807.2720766067505,7811.946868896484,7762.6946568489075,0.4690885543823242,-1.2823939323425293,5.787312984466553,-1.2606382369995117
1,154,3.08,7774.085998535156,7805.489599704742,7817.442715167999,7761.518061161041,0.7534027099609375,-1.7824769020080566,5.495846271514893,-1.176595687866211
1,155,3.1,7775.111198425293,7803.320586681366,7822.4435448646545,7760.52862405777,1.0251998901367188,-2.169013023376465,5.000829696655273,-0.9894371032714844
1,156,3.12,7776.380777359009,7800.806164741516,7826.926410198212,7759.731709957123,1.2695789337158203,-2.5144219398498535,4.482865333557129,-0.7969141006469727
1,157,3.14,7777.856290340424,7798.0053424835205,7830.885350704193,7759.134471416473,1.475512981414795,-2.8008222579956055,3.9589405059814453,-0.5972385406494141
1,158,3.16,7779.504060745239,7794.963419437408,7834.285795688629,7758.756577968597,1.6477704048156738,-3.0419230461120605,3.400444984436035,-0.37789344787597656
1,159,3.18,7781.237959861755,7791.722416877747,7837.065756320953,7758.627831935883,1.7338991165161133,-3.2410025596618652,2.7799606323242188,-0.12874603271484375
1,160,3.2,7783.0058336257935,7788.44028711319,7839.207351207733,7758.737206459045,1.767873764038086,-3.2821297645568848,2.141594886779785,0.1093745231628418
1,161,3.22,7784.67059135437,7784.900069236755,7841.071784496307,7759.311497211456,1.6647577285766602,-3.540217876434326,1.8644332885742188,0.5742907524108887
1,162,3.24,7786.29332780838,7781.019508838654,7842.446267604828,7760.503590106964,1.6227364540100098,-3.8805603981018066,1.3744831085205078,1.1920928955078125
1,163,3.2600000000000002,7787.964940071106,7777.4810791015625,7843.192219734192,7761.945426464081,1.67161226272583,-3.5384297370910645,0.7459521293640137,1.4418363571166992
1,164,3.2800000000000002,7789.751589298248,7774.545252323151,7843.227386474609,7763.412594795227,1.786649227142334,-2.9358267784118652,0.03516674041748047,1.4671683311462402
1,165,3.3000000000000003,7791.440784931183,7772.0701694488525,7842.418253421783,7765.031456947327,1.6891956329345703,-2.4750828742980957,-0.8091330528259277,1.6188621520996094
1,166,3.3200000000000003,7793.023884296417,7770.1157331466675,7841.091156005859,7766.7781710624695,1.583099365234375,-1.9544363021850586,-1.3270974159240723,1.7467141151428223
1,167,3.34,7794.748246669769,7768.475711345673,7839.252650737762,7768.577039241791,1.7243623733520508,-1.640021800994873,-1.8385052680969238,1.798868179321289
1,168,3.36,7796.655893325806,7767.400443553925,7836.892008781433,7770.380675792694,1.907646656036377,-1.0752677917480469,-2.3606419563293457,1.8036365509033203
1,169,3.38,7798.5429763793945,7766.613066196442,7834.005057811737,7772.056758403778,1.8870830535888672,-0.7873773574829102,-2.886950969696045,1.6760826110839844
1,170,3.4,7800.371944904327,7766.2599086761475,7830.871045589447,7773.4240889549255,1.8289685249328613,-0.35315752029418945,-3.134012222290039,1.367330551147461
1,171,3.42,7802.066206932068,7766.3931250572205,7827.473282814026,7774.522602558136,1.6942620277404785,0.13321638107299805,-3.3977627754211426,1.0985136032104492
1,172,3.44,7803.684771060944,7766.865491867065,7823.925614356995,7775.383293628693,1.6185641288757324,0.4723668098449707,-3.54766845703125,0.8606910705566406
1,173,3.46,7805.134356021881,7767.708301544189,7820.37079334259,7776.032984256744,1.4495849609375,0.8428096771240234,-3.554821014404297,0.6496906280517578
1,174,3.48,7806.394398212433,7768.861949443817,7816.886007785797,7776.5050530433655,1.2600421905517578,1.1536478996276855,-3.484785556793213,0.47206878662109375
1,175,3.5,7807.412147521973,7770.3797817230225,7813.630402088165,7776.9240736961365,1.017749309539795,1.5178322792053223,-3.255605697631836,0.4190206527709961
1,176,3.52,7808.164954185486,7772.079706192017,7810.697257518768,7777.278125286102,0.7528066635131836,1.6999244689941406,-2.9331445693969727,0.3540515899658203
1,177,3.54,7808.774411678314,7774.2332220077515,7808.02845954895,7777.823507785797,0.6094574928283691,2.1535158157348633,-2.6687979698181152,0.5453824996948242
1,178,3.56,7809.165418148041,7776.373028755188,7805.566489696503,7778.5176038742065,0.3910064697265625,2.1398067474365234,-2.4619698524475098,0.6940960884094238
1,179,3.58,7809.365093708038,7778.4740924835205,7803.621590137482,7779.038846492767,0.1996755599975586,2.1010637283325195,-1.944899559020996,0.521242618560791
1,180,3.6,7809.314429759979,7780.798077583313,7801.992297172546,7779.451906681061,-0.05066394805908203,2.3239850997924805,-1.6292929649353027,0.41306018829345703
1,181,3.62,7809.160053730011,7783.161401748657,7800.689935684204,7779.7845005989075,-0.15437602996826172,2.3633241653442383,-1.3023614883422852,0.3325939178466797
1,182,3.64,7808.888852596283,7785.526216030121,7799.788415431976,7780.052423477173,-0.27120113372802734,2.364814281463623,-0.9015202522277832,0.26792287826538086
1,183,3.66,7808.391749858856,7787.834107875824,7799.337804317474,7780.316770076752,-0.4971027374267578,2.307891845703125,-0.4506111145019531,0.2643465995788574
1,184,3.68,7807.709276676178,7790.107429027557,7799.318730831146,7780.669033527374,-0.6824731826782227,2.2733211517333984,-0.019073486328125,0.3522634506225586
1,185,3.7,7806.963622570038,7792.372107505798,7799.613177776337,7781.045436859131,-0.7456541061401367,2.264678478240967,0.2944469451904297,0.3764033317565918
1,186,3.72,7806.239128112793,7794.540226459503,7800.257503986359,7781.497538089752,-0.724494457244873,2.168118953704834,0.6443262100219727,0.4521012306213379
1,187,3.74,7805.556058883667,7796.386480331421,7801.477611064911,7782.0757031440735,-0.6830692291259766,1.8462538719177246,1.220107078552246,0.5781650543212891
1,188,3.7600000000000002,7804.971933364868,7798.053026199341,7802.967727184296,7782.652676105499,-0.5841255187988281,1.6665458679199219,1.4901161193847656,0.5769729614257812
1,189,3.7800000000000002,7804.446220397949,7799.625098705292,7804.696261882782,7783.079445362091,-0.5257129669189453,1.5720725059509277,1.7285346984863281,0.4267692565917969
1,190,3.8000000000000003,7804.037034511566,7801.022827625275,7806.515693664551,7783.382833003998,-0.40918588638305664,1.3977289199829102,1.8194317817687988,0.3033876419067383
1,191,3.8200000000000003,7803.707718849182,7802.259027957916,7808.437347412109,7783.548831939697,-0.3293156623840332,1.2362003326416016,1.9216537475585938,0.1659989356994629
1,192,3.84,7803.455889225006,7803.31552028656,7810.423970222473,7783.609628677368,-0.2518296241760254,1.0564923286437988,1.9866228103637695,0.06079673767089844
1,193,3.86,7803.275287151337,7804.158329963684,7812.436819076538,7783.592641353607,-0.1806020736694336,0.8428096771240234,2.0128488540649414,-0.016987323760986328
1,194,3.88,7803.16025018692,7804.763317108154,7814.444005489349,7783.535718917847,-0.1150369644165039,0.6049871444702148,2.0071864128112793,-0.05692243576049805
1,195,3.9,7803.0964732170105,7805.122435092926,7816.404104232788,7783.469259738922,-0.06377696990966797,0.3591179847717285,1.9600987434387207,-0.06645917892456055
1,196,3.92,7803.078591823578,7805.22882938385,7818.288207054138,7783.421576023102,-0.017881393432617188,0.10639429092407227,1.8841028213500977,-0.0476837158203125
1,197,3.94,7803.1012415885925,7805.106043815613,7820.059061050415,7783.423662185669,0.022649765014648438,-0.12278556823730469,1.7708539962768555,0.002086162567138672
1,198,3.96,7803.198993206024,7804.865539073944,7821.676731109619,7783.528566360474,0.09775161743164062,-0.24050474166870117,1.6176700592041016,0.1049041748046875
1,199,3.98,7803.346812725067,7804.331183433533,7823.109328746796,7783.6573123931885,0.14781951904296875,-0.534355640411377,1.4325976371765137,0.12874603271484375
1,200,4.0,7803.561985492706,7803.754508495331,7824.40572977066,7783.8775515556335,0.21517276763916016,-0.5766749382019043,1.296401023864746,0.22023916244506836
1,201,4.0200000000000005,7803.814113140106,7802.949249744415,7825.498282909393,7784.260809421539,0.25212764739990234,-0.8052587509155273,1.0925531387329102,0.3832578659057617
1,202,4.04,7804.075479507446,7801.807820796967,7826.560437679291,7784.864902496338,0.2613663673400879,-1.1414289474487305,1.062154769897461,0.604093074798584
1,203,4.0600000000000005,7804.336249828339,7800.614535808563,7827.440798282623,7785.603702068329,0.260770320892334,-1.1932849884033203,0.8803606033325195,0.7387995719909668
1,204,4.08,7804.62920665741,7799.364328384399,7828.0970454216,7786.388099193573,0.2929568290710449,-1.2502074241638184,0.6562471389770508,0.7843971252441406
1,205,4.1,7804.954648017883,7798.106074333191,7828.498184680939,7787.17964887619,0.3254413604736328,-1.258254051208496,0.4011392593383789,0.7915496826171875
1,206,4.12,7805.312275886536,7796.843945980072,7828.662991523743,7787.9515290260315,0.35762786865234375,-1.2621283531188965,0.16480684280395508,0.7718801498413086
1,207,4.14,7805.671393871307,7795.568406581879,7828.68891954422,7788.754999637604,0.3591179847717285,-1.2755393981933594,0.025928020477294922,0.8034706115722656
1,208,4.16,7806.068956851959,7794.37392950058,7828.466892242432,7789.5501255989075,0.39756298065185547,-1.1944770812988281,-0.22202730178833008,0.7951259613037109
1,209,4.18,7806.505858898163,7793.267667293549,7828.026711940765,7790.266573429108,0.4369020462036133,-1.10626220703125,-0.44018030166625977,0.7164478302001953
1,210,4.2,7806.956470012665,7792.301177978516,7827.356159687042,7790.887951850891,0.4506111145019531,-0.966489315032959,-0.6705522537231445,0.6213784217834473
1,211,4.22,7807.424068450928,7791.439592838287,7826.49427652359,7791.394889354706,0.46759843826293945,-0.8615851402282715,-0.8618831634521484,0.5069375038146973
1,212,4.24,7807.844877243042,7790.70645570755,7825.42884349823,7791.753709316254,0.4208087921142578,-0.7331371307373047,-1.0654330253601074,0.35881996154785156
1,213,4.26,7808.184027671814,7790.089845657349,7824.149429798126,7791.958749294281,0.33915042877197266,-0.616610050201416,-1.2794137001037598,0.20503997802734375
1,214,4.28,7808.464169502258,7789.613306522369,7822.731137275696,7792.070806026459,0.28014183044433594,-0.47653913497924805,-1.41829252243042,0.11205673217773438
1,215,4.3,7808.707654476166,7789.266407489777,7821.218967437744,7792.105674743652,0.2434849739074707,-0.34689903259277344,-1.5121698379516602,0.034868717193603516
1,216,4.32,7808.895707130432,7789.0196442604065,7819.672226905823,7792.09703207016,0.18805265426635742,-0.2467632293701172,-1.5467405319213867,-0.00864267349243164
1,217,4.34,7809.014320373535,7788.86616230011,7818.121016025543,7792.063057422638,0.11861324310302734,-0.15348196029663086,-1.551210880279541,-0.033974647521972656
1,218,4.36,7809.06081199646,7788.8160943984985,7816.593050956726,7791.9891476631165,0.04649162292480469,-0.050067901611328125,-1.5279650688171387,-0.07390975952148438
1,219,4.38,7809.029221534729,7788.865268230438,7815.114259719849,7791.860997676849,-0.03159046173095703,0.049173831939697266,-1.4787912368774414,-0.12814998626708984
1,220,4.4,7808.927893638611,7789.001166820526,7813.699543476105,7791.67503118515,-0.10132789611816406,0.13589859008789062,-1.4147162437438965,-0.18596649169921875
1,221,4.42,7808.758914470673,7789.205312728882,7812.373340129852,7791.431844234467,-0.16897916793823242,0.2041459083557129,-1.3262033462524414,-0.24318695068359375
1,222,4.44,7808.520793914795,7789.463102817535,7811.154127120972,7791.133224964142,-0.23812055587768555,0.25779008865356445,-1.2192130088806152,-0.29861927032470703
1,223,4.46,7808.286249637604,7789.842188358307,7810.045480728149,7790.867388248444,-0.2345442771911621,0.3790855407714844,-1.1086463928222656,-0.2658367156982422
1,224,4.48,7808.0108761787415,7790.23140668869,7809.063196182251,7790.516316890717,-0.2753734588623047,0.3892183303833008,-0.9822845458984375,-0.3510713577270508
1,225,4.5,7807.70868062973,7790.636420249939,7808.242440223694,7790.115475654602,-0.30219554901123047,0.4050135612487793,-0.8207559585571289,-0.40084123611450195
1,226,4.5200000000000005,7807.345688343048,7791.021168231964,7807.651162147522,7789.66099023819,-0.3629922866821289,0.3847479820251465,-0.591278076171875,-0.4544854164123535
1,227,4.54,7806.946337223053,7791.376709938049,7807.207703590393,7789.200246334076,-0.3993511199951172,0.3555417060852051,-0.44345855712890625,-0.46074390411376953
1,228,4.5600000000000005,7806.520164012909,7791.683375835419,7806.880474090576,7788.734138011932,-0.42617321014404297,0.30666589736938477,-0.32722949981689453,-0.4661083221435547
1,229,4.58,7806.083559989929,7791.844606399536,7806.708216667175,7788.291871547699,-0.43660402297973633,0.16123056411743164,-0.1722574234008789,-0.44226646423339844
1,230,4.6000000000000005,7805.642485618591,7791.833579540253,7806.699872016907,7787.831723690033,-0.4410743713378906,-0.011026859283447266,-0.008344650268554688,-0.4601478576660156
1,231,4.62,7805.201709270477,7791.731357574463,7806.838154792786,7787.282764911652,-0.44077634811401367,-0.10222196578979492,0.13828277587890625,-0.5489587783813477
1,232,4.64,7804.7966957092285,7791.5239334106445,7807.002663612366,7786.676585674286,-0.4050135612487793,-0.20742416381835938,0.16450881958007812,-0.6061792373657227
1,233,4.66,7804.424166679382,7791.261374950409,7807.1653842926025,7785.989344120026,-0.3725290298461914,-0.2625584602355957,0.1627206802368164,-0.6872415542602539
1,234,4.68,7804.0918707847595,7790.932059288025,7807.310521602631,7785.227000713348,-0.33229589462280273,-0.3293156623840332,0.14513731002807617,-0.7623434066772461
1,235,4.7,7803.804278373718,7790.494859218597,7807.435095310211,7784.410119056702,-0.28759241104125977,-0.43720006942749023,0.1245737075805664,-0.8168816566467285
1,236,4.72,7803.581058979034,7789.904773235321,7807.547152042389,7783.566117286682,-0.2232193946838379,-0.5900859832763672,0.11205673217773438,-0.8440017700195312
1,237,4.74,7803.356349468231,7789.188623428345,7807.756960391998,7782.8750014305115,-0.22470951080322266,-0.7161498069763184,0.209808349609375,-0.6911158561706543
1,238,4.76,7803.191542625427,7788.402438163757,7807.935178279877,7782.292664051056,-0.16480684280395508,-0.7861852645874023,0.17821788787841797,-0.5823373794555664
1,239,4.78,7803.065180778503,7787.575721740723,7808.072566986084,7781.698405742645,-0.12636184692382812,-0.826716423034668,0.1373887062072754,-0.5942583084106445
1,240,4.8,7802.973687648773,7786.758840084076,7808.095216751099,7781.060636043549,-0.09149312973022461,-0.8168816566467285,0.022649765014648438,-0.6377696990966797
1,241,4.82,7802.930176258087,7785.9339118003845,7808.000445365906,7780.375182628632,-0.043511390686035156,-0.8249282836914062,-0.0947713851928711,-0.6854534149169922
1,242,4.84,7802.920937538147,7785.093188285828,7807.809412479401,7779.669463634491,-0.009238719940185547,-0.8407235145568848,-0.19103288650512695,-0.705718994140625
1,243,4.86,7802.926599979401,7784.246206283569,7807.528972625732,7778.959572315216,0.005662441253662109,-0.8469820022583008,-0.2804398536682129,-0.7098913192749023
1,244,4.88,7802.934646606445,7783.385813236237,7807.175815105438,7778.259515762329,0.008046627044677734,-0.8603930473327637,-0.35315752029418945,-0.7000565528869629
1,245,4.9,7802.930474281311,7782.53048658371,7806.761562824249,7777.576744556427,-0.004172325134277344,-0.8553266525268555,-0.41425228118896484,-0.6827712059020996
1,246,4.92,7802.905440330505,7781.681716442108,7806.303799152374,7776.917219161987,-0.025033950805664062,-0.8487701416015625,-0.457763671875,-0.6595253944396973
1,247,4.94,7802.856266498566,7780.987620353699,7805.863916873932,7776.292562484741,-0.049173831939697266,-0.6940960884094238,-0.4398822784423828,-0.6246566772460938
1,248,4.96,7802.866995334625,7780.413925647736,7805.510759353638,7775.723040103912,0.010728836059570312,-0.5736947059631348,-0.35315752029418945,-0.5695223808288574
1,249,4.98,7802.911996841431,7779.633700847626,7805.129587650299,7775.267064571381,0.04500150680541992,-0.7802248001098633,-0.38117170333862305,-0.4559755325317383
1,250,5.0,7802.944183349609,7778.895795345306,7804.610431194305,7774.849832057953,0.03218650817871094,-0.7379055023193359,-0.5191564559936523,-0.4172325134277344
1,251,5.0200000000000005,7802.86967754364,7778.263986110687,7804.007530212402,7774.513065814972,-0.07450580596923828,-0.6318092346191406,-0.6029009819030762,-0.33676624298095703
1,252,5.04,7802.780270576477,7777.635753154755,7803.3775091171265,7774.265110492706,-0.08940696716308594,-0.6282329559326172,-0.6300210952758789,-0.247955322265625
1,253,5.0600000000000005,7802.6339411735535,7777.080833911896,7802.777886390686,7774.04397726059,-0.14632940292358398,-0.5549192428588867,-0.5996227264404297,-0.22113323211669922
1,254,5.08,7802.441716194153,7776.576280593872,7802.196145057678,7773.803770542145,-0.19222497940063477,-0.5045533180236816,-0.5817413330078125,-0.24020671844482422
1,255,5.1000000000000005,7802.222669124603,7776.120603084564,7801.600098609924,7773.542404174805,-0.21904706954956055,-0.45567750930786133,-0.5960464477539062,-0.2613663673400879
1,256,5.12,7801.9896149635315,7775.701880455017,7800.9942173957825,7773.261368274689,-0.23305416107177734,-0.41872262954711914,-0.6058812141418457,-0.2810359001159668
1,257,5.14,7801.743149757385,7775.3061056137085,7800.386846065521,7772.967517375946,-0.24646520614624023,-0.39577484130859375,-0.6073713302612305,-0.2938508987426758
1,258,5.16,7801.481485366821,7774.928510189056,7799.777686595917,7772.663533687592,-0.26166439056396484,-0.3775954246520996,-0.6091594696044922,-0.3039836883544922
1,259,5.18,7801.244258880615,7774.412631988525,7799.219489097595,7772.323787212372,-0.2372264862060547,-0.5158782005310059,-0.5581974983215332,-0.33974647521972656
1,260,5.2,7801.028490066528,7773.8505601882935,7798.699140548706,7771.947085857391,-0.21576881408691406,-0.5620718002319336,-0.5203485488891602,-0.37670135498046875
1,261,5.22,7800.825536251068,7773.328125476837,7798.1725335121155,7771.59571647644,-0.20295381546020508,-0.5224347114562988,-0.5266070365905762,-0.35136938095092773
1,262,5.24,7800.617516040802,7772.8113532066345,7797.638773918152,7771.293520927429,-0.20802021026611328,-0.5167722702026367,-0.533759593963623,-0.30219554901123047
1,263,5.26,7800.388038158417,7772.320806980133,7797.129154205322,7770.976722240448,-0.2294778823852539,-0.49054622650146484,-0.5096197128295898,-0.31679868698120117
1,264,5.28,7800.132930278778,7771.875858306885,7796.614766120911,7770.644724369049,-0.2551078796386719,-0.444948673248291,-0.5143880844116211,-0.3319978713989258
1,265,5.3,7799.871563911438,7771.45117521286,7796.085774898529,7770.302593708038,-0.2613663673400879,-0.4246830940246582,-0.5289912223815918,-0.3421306610107422
1,266,5.32,7799.601852893829,7771.040499210358,7795.548141002655,7769.961059093475,-0.2697110176086426,-0.4106760025024414,-0.5376338958740234,-0.3415346145629883
1,267,5.34,7799.316346645355,7770.646512508392,7795.0045466423035,7769.622504711151,-0.2855062484741211,-0.39398670196533203,-0.5435943603515625,-0.33855438232421875
1,268,5.36,7799.016535282135,7770.260274410248,7794.455289840698,7769.292891025543,-0.29981136322021484,-0.38623809814453125,-0.5492568016052246,-0.32961368560791016
1,269,5.38,7798.694372177124,7769.8856592178345,7793.890833854675,7768.9749002456665,-0.32216310501098633,-0.3746151924133301,-0.5644559860229492,-0.317990779876709
1,270,5.4,7798.343300819397,7769.5223689079285,7793.304622173309,7768.669426441193,-0.3510713577270508,-0.36329030990600586,-0.5862116813659668,-0.30547380447387695
1,271,5.42,7797.972857952118,7769.164144992828,7792.708575725555,7768.3839201927185,-0.37044286727905273,-0.35822391510009766,-0.5960464477539062,-0.2855062484741211
1,272,5.44,7797.587811946869,7768.8068151474,7792.104780673981,7768.121063709259,-0.38504600524902344,-0.3573298454284668,-0.603795051574707,-0.26285648345947266
1,273,5.46,7797.184884548187,7768.455445766449,7791.494131088257,7767.879664897919,-0.4029273986816406,-0.35136938095092773,-0.610649585723877,-0.24139881134033203
1,274,5.48,7796.764969825745,7768.111526966095,7790.8748388290405,7767.6597237586975,-0.41991472244262695,-0.3439188003540039,-0.6192922592163086,-0.2199411392211914
1,275,5.5,7796.343564987183,7767.764329910278,7790.24600982666,7767.458856105804,-0.4214048385620117,-0.3471970558166504,-0.6288290023803711,-0.2008676528930664
1,276,5.5200000000000005,7795.935273170471,7767.413556575775,7789.618670940399,7767.269313335419,-0.4082918167114258,-0.35077333450317383,-0.6273388862609863,-0.1895427703857422
1,277,5.54,7795.514762401581,7767.072319984436,7788.996994495392,7767.099142074585,-0.42051076889038086,-0.34123659133911133,-0.6216764450073242,-0.17017126083374023
1,278,5.5600000000000005,7795.077562332153,7766.73823595047,7788.373231887817,7766.949236392975,-0.43720006942749023,-0.33408403396606445,-0.6237626075744629,-0.14990568161010742
1,279,5.58,7794.632613658905,7766.419947147369,7787.739634513855,7766.8121457099915,-0.444948673248291,-0.31828880310058594,-0.6335973739624023,-0.13709068298339844
1,280,5.6000000000000005,7794.189155101776,7766.107022762299,7787.093818187714,7766.687273979187,-0.44345855712890625,-0.3129243850708008,-0.6458163261413574,-0.12487173080444336
1,281,5.62,7793.736457824707,7765.803933143616,7786.445319652557,7766.5722370147705,-0.4526972770690918,-0.30308961868286133,-0.64849853515625,-0.1150369644165039
1,282,5.64,7793.266475200653,7765.513062477112,7785.795629024506,7766.472399234772,-0.4699826240539551,-0.29087066650390625,-0.6496906280517578,-0.0998377799987793
1,283,5.66,7792.781293392181,7765.234410762787,7785.140872001648,7766.389548778534,-0.4851818084716797,-0.27865171432495117,-0.654757022857666,-0.08285045623779297
1,284,5.68,7792.284190654755,7764.967381954193,7784.481346607208,7766.32159948349,-0.4971027374267578,-0.26702880859375,-0.6595253944396973,-0.06794929504394531
1,285,5.7,7791.774272918701,7764.712274074554,7783.818244934082,7766.268253326416,-0.5099177360534668,-0.2551078796386719,-0.6631016731262207,-0.05334615707397461
1,286,5.72,7791.23455286026,7764.483690261841,7783.144414424896,7766.227424144745,-0.5397200584411621,-0.22858381271362305,-0.673830509185791,-0.04082918167114258
1,287,5.74,7790.672183036804,7764.271199703217,7782.46134519577,7766.203582286835,-0.5623698234558105,-0.21249055862426758,-0.6830692291259766,-0.02384185791015625
1,288,5.76,7790.081799030304,7764.062881469727,7781.735956668854,7766.213119029999,-0.5903840065002441,-0.20831823348999023,-0.7253885269165039,0.0095367431640625
1,289,5.78,7789.486050605774,7763.873934745789,7781.006097793579,7766.242325305939,-0.5957484245300293,-0.18894672393798828,-0.7298588752746582,0.029206275939941406
1,290,5.8,7788.885831832886,7763.700485229492,7780.282497406006,7766.275703907013,-0.6002187728881836,-0.17344951629638672,-0.7236003875732422,0.03337860107421875
1,291,5.82,7788.287997245789,7763.544321060181,7779.553830623627,7766.312658786774,-0.597834587097168,-0.15616416931152344,-0.7286667823791504,0.03695487976074219
1,292,5.84,7787.700295448303,7763.395011425018,7778.8245677948,7766.35080575943,-0.5877017974853516,-0.14930963516235352,-0.7292628288269043,0.03814697265625
1,293,5.86,7787.109911441803,7763.261198997498,7778.104245662689,7766.38925075531,-0.5903840065002441,-0.13381242752075195,-0.7203221321105957,0.03844499588012695
1,294,5.88,7786.519229412079,7763.141393661499,7777.391970157623,7766.426503658295,-0.5906820297241211,-0.11980533599853516,-0.712275505065918,0.03725290298461914
1,295,5.9,7785.929441452026,7763.029038906097,7776.690721511841,7766.461670398712,-0.5897879600524902,-0.11235475540161133,-0.7012486457824707,0.03516674041748047
1,296,5.92,7785.345017910004,7762.92622089386,7775.998413562775,7766.49534702301,-0.5844235420227051,-0.10281801223754883,-0.6923079490661621,0.0336766242980957
1,297,5.94,7784.763276576996,7762.83472776413,7775.31623840332,7766.52604341507,-0.5817413330078125,-0.09149312973022461,-0.6821751594543457,0.030696392059326172
1,298,5.96,7784.184813499451,7762.754261493683,7774.643898010254,7766.554653644562,-0.578463077545166,-0.08046627044677734,-0.6723403930664062,0.0286102294921875
1,299,5.98,7783.610224723816,7762.682139873505,7773.982286453247,7766.579687595367,-0.5745887756347656,-0.07212162017822266,-0.6616115570068359,0.025033950805664062
1,300,6.0,7783.038914203644,7762.617766857147,7773.331999778748,7766.602635383606,-0.5713105201721191,-0.06437301635742188,-0.6502866744995117,0.02294778823852539
1,301,6.0200000000000005,7782.472670078278,7762.5590562820435,7772.692441940308,7766.6231989860535,-0.5662441253662109,-0.058710575103759766,-0.6395578384399414,0.020563602447509766
1,302,6.04,7781.9108963012695,7762.508392333984,7772.067487239838,7766.639292240143,-0.5617737770080566,-0.05066394805908203,-0.6249547004699707,0.01609325408935547
1,303,6.0600000000000005,7781.355082988739,7762.463092803955,7771.454453468323,7766.652405261993,-0.5558133125305176,-0.045299530029296875,-0.6130337715148926,0.013113021850585938
1,304,6.08,7780.808806419373,7762.4329924583435,7770.863771438599,7766.641676425934,-0.5462765693664551,-0.030100345611572266,-0.5906820297241211,-0.010728836059570312
1,305,6.1000000000000005,7780.2857756614685,7762.400507926941,7770.264744758606,7766.613960266113,-0.5230307579040527,-0.03248453140258789,-0.5990266799926758,-0.02771615982055664
1,306,6.12,7779.772579669952,7762.369215488434,7769.697606563568,7766.587734222412,-0.5131959915161133,-0.03129243850708008,-0.5671381950378418,-0.026226043701171875
1,307,6.140000000000001,7779.261469841003,7762.3337507247925,7769.172489643097,7766.585052013397,-0.5111098289489746,-0.03546476364135742,-0.5251169204711914,-0.002682209014892578
1,308,6.16,7778.750360012054,7762.297689914703,7768.660485744476,7766.586542129517,-0.5111098289489746,-0.03606081008911133,-0.5120038986206055,0.0014901161193847656
1,309,6.18,7778.248488903046,7762.266397476196,7768.157720565796,7766.585648059845,-0.5018711090087891,-0.03129243850708008,-0.5027651786804199,-0.0008940696716308594
1,310,6.2,7777.756154537201,7762.238681316376,7767.673134803772,7766.576409339905,-0.49233436584472656,-0.02771615982055664,-0.4845857620239258,-0.009238719940185547
1,311,6.22,7777.273654937744,7762.216925621033,7767.202258110046,7766.55912399292,-0.4824995994567871,-0.021755695343017578,-0.47087669372558594,-0.01728534698486328
1,312,6.24,7776.802480220795,7762.197852134705,7766.745090484619,7766.533195972443,-0.4711747169494629,-0.019073486328125,-0.4571676254272461,-0.025928020477294922
1,313,6.26,7776.343524456024,7762.178182601929,7766.30163192749,7766.499817371368,-0.4589557647705078,-0.019669532775878906,-0.44345855712890625,-0.03337860107421875
1,314,6.28,7775.895297527313,7762.162983417511,7765.871584415436,7766.459286212921,-0.4482269287109375,-0.01519918441772461,-0.43004751205444336,-0.040531158447265625
1,315,6.3,7775.4586935043335,7762.147486209869,7765.457332134247,7766.40921831131,-0.43660402297973633,-0.015497207641601562,-0.41425228118896484,-0.050067901611328125
1,316,6.32,7775.034010410309,7762.134671211243,7765.055894851685,7766.351997852325,-0.4246830940246582,-0.012814998626708984,-0.40143728256225586,-0.057220458984375
1,317,6.34,7774.620354175568,7762.121260166168,7764.669358730316,7766.28702878952,-0.41365623474121094,-0.01341104507446289,-0.3865361213684082,-0.06496906280517578
1,318,6.36,7774.227559566498,7762.09682226181,7764.294445514679,7766.216099262238,-0.3927946090698242,-0.024437904357910156,-0.37491321563720703,-0.07092952728271484
1,319,6.38,7773.846387863159,7762.076258659363,7763.936221599579,7766.135036945343,-0.38117170333862305,-0.020563602447509766,-0.35822391510009766,-0.08106231689453125
1,320,6.4,7773.472964763641,7762.058973312378,7763.592302799225,7766.048014163971,-0.37342309951782227,-0.01728534698486328,-0.3439188003540039,-0.08702278137207031
1,321,6.42,7773.105204105377,7762.046158313751,7763.261198997498,7765.956223011017,-0.36776065826416016,-0.012814998626708984,-0.3311038017272949,-0.09179115295410156
1,322,6.44,7772.751748561859,7762.0309591293335,7762.952148914337,7765.849530696869,-0.3534555435180664,-0.01519918441772461,-0.3090500831604004,-0.10669231414794922
1,323,6.46,7772.414684295654,7762.016654014587,7762.66485452652,7765.688896179199,-0.337064266204834,-0.01430511474609375,-0.2872943878173828,-0.16063451766967773
1,324,6.48,7772.0823884010315,7762.00145483017,7762.386500835419,7765.516638755798,-0.33229589462280273,-0.01519918441772461,-0.2783536911010742,-0.1722574234008789
1,325,6.5,7771.747708320618,7762.022316455841,7762.063145637512,7765.38759469986,-0.33468008041381836,0.02086162567138672,-0.32335519790649414,-0.1290440559387207
1,326,6.5200000000000005,7771.412432193756,7762.022912502289,7761.732339859009,7765.325903892517,-0.33527612686157227,0.0005960464477539062,-0.33080577850341797,-0.0616908073425293
1,327,6.54,7771.085202693939,7762.024700641632,7761.431336402893,7765.257954597473,-0.32722949981689453,0.0017881393432617188,-0.30100345611572266,-0.06794929504394531
1,328,6.5600000000000005,7770.780324935913,7762.041389942169,7761.15745306015,7765.134871006012,-0.30487775802612305,0.016689300537109375,-0.2738833427429199,-0.12308359146118164
1,329,6.58,7770.4960107803345,7762.040197849274,7760.899364948273,7764.996588230133,-0.2843141555786133,-0.0011920928955078125,-0.2580881118774414,-0.13828277587890625
1,330,6.6000000000000005,7770.22510766983,7762.02380657196,7760.648429393768,7764.866650104523,-0.2709031105041504,-0.016391277313232422,-0.25093555450439453,-0.12993812561035156
1,331,6.62,7769.961655139923,7761.998176574707,7760.409712791443,7764.7387981414795,-0.26345252990722656,-0.02562999725341797,-0.23871660232543945,-0.1278519630432129
1,332,6.640000000000001,7769.705057144165,7761.965990066528,7760.181128978729,7764.610946178436,-0.25659799575805664,-0.03218650817871094,-0.22858381271362305,-0.1278519630432129
1,333,6.66,7769.456207752228,7761.928737163544,7759.96059179306,7764.483988285065,-0.24884939193725586,-0.03725290298461914,-0.2205371856689453,-0.12695789337158203
1,334,6.68,7769.215703010559,7761.8855237960815,7759.748101234436,7764.358818531036,-0.24050474166870117,-0.0432133674621582,-0.21249055862426758,-0.1251697540283203
1,335,6.7,7768.983840942383,7761.840224266052,7759.540677070618,7764.23305273056,-0.23186206817626953,-0.045299530029296875,-0.20742416381835938,-0.12576580047607422
1,336,6.72,7768.731713294983,7761.811316013336,7759.342789649963,7764.102220535278,-0.25212764739990234,-0.028908252716064453,-0.19788742065429688,-0.13083219528198242
1,337,6.74,7768.475711345673,7761.793434619904,7759.137749671936,7763.974368572235,-0.25600194931030273,-0.017881393432617188,-0.20503997802734375,-0.1278519630432129
1,338,6.76,7768.228054046631,7761.774659156799,7758.932411670685,7763.86171579361,-0.24765729904174805,-0.018775463104248047,-0.2053380012512207,-0.11265277862548828
1,339,6.78,7768.000066280365,7761.741280555725,7758.728861808777,7763.746976852417,-0.22798776626586914,-0.03337860107421875,-0.20354986190795898,-0.11473894119262695
1,340,6.8,7767.776548862457,7761.712968349457,7758.525609970093,7763.631641864777,-0.22351741790771484,-0.028312206268310547,-0.20325183868408203,-0.11533498764038086
1,341,6.82,7767.563760280609,7761.680483818054,7758.324146270752,7763.516902923584,-0.21278858184814453,-0.03248453140258789,-0.2014636993408203,-0.11473894119262695
1,342,6.84,7767.3497796058655,7761.6459131240845,7758.1217885017395,7763.410210609436,-0.21398067474365234,-0.03457069396972656,-0.20235776901245117,-0.10669231414794922
1,343,6.86,7767.137289047241,7761.606574058533,7757.914960384369,7763.3267641067505,-0.21249055862426758,-0.03933906555175781,-0.20682811737060547,-0.08344650268554688
1,344,6.88,7766.93195104599,7761.569321155548,7757.712304592133,7763.24987411499,-0.2053380012512207,-0.03725290298461914,-0.20265579223632812,-0.0768899917602539
1,345,6.9,7766.730785369873,7761.540114879608,7757.5114369392395,7763.1676197052,-0.20116567611694336,-0.029206275939941406,-0.2008676528930664,-0.08225440979003906
1,346,6.92,7766.536772251129,7761.516273021698,7757.310569286346,7763.0814909935,-0.19401311874389648,-0.02384185791015625,-0.2008676528930664,-0.08612871170043945
1,347,6.94,7766.351699829102,7761.495113372803,7757.112085819244,7762.990891933441,-0.1850724220275879,-0.021159648895263672,-0.19848346710205078,-0.09059906005859375
1,348,6.96,7766.1725878715515,7761.474549770355,7756.917476654053,7762.898504734039,-0.17911195755004883,-0.020563602447509766,-0.1946091651916504,-0.09238719940185547
1,349,6.98,7766.001224517822,7761.454284191132,7756.722271442413,7762.80552148819,-0.17136335372924805,-0.020265579223632812,-0.1952052116394043,-0.09298324584960938
1,350,7.0,7765.835821628571,7761.4375948905945,7756.531834602356,7762.709856033325,-0.16540288925170898,-0.016689300537109375,-0.19043684005737305,-0.09566545486450195
1,351,7.0200000000000005,7765.698134899139,7761.459946632385,7756.289839744568,7762.608230113983,-0.13768672943115234,0.022351741790771484,-0.24199485778808594,-0.10162591934204102
1,352,7.04,7765.578925609589,7761.47335767746,7756.049036979675,7762.506008148193,-0.11920928955078125,0.01341104507446289,-0.24080276489257812,-0.10222196578979492
1,353,7.0600000000000005,7765.448987483978,7761.479914188385,7755.8305859565735,7762.417197227478,-0.12993812561035156,0.006556510925292969,-0.21845102310180664,-0.08881092071533203
1,354,7.08,7765.312492847443,7761.482298374176,7755.625545978546,7762.3337507247925,-0.13649463653564453,0.002384185791015625,-0.20503997802734375,-0.08344650268554688
1,355,7.1000000000000005,7765.181064605713,7761.531472206116,7755.367755889893,7762.303650379181,-0.13142824172973633,0.049173831939697266,-0.25779008865356445,-0.030100345611572266
1,356,7.12,7765.040099620819,7761.552035808563,7755.174040794373,7762.2392773628235,-0.14096498489379883,0.020563602447509766,-0.19371509552001953,-0.06437301635742188
1,357,7.140000000000001,7764.8913860321045,7761.556804180145,7755.004167556763,7762.189209461212,-0.1487135887145996,0.00476837158203125,-0.16987323760986328,-0.050067901611328125
1,358,7.16,7764.749228954315,7761.530876159668,7754.853665828705,7762.143909931183,-0.14215707778930664,-0.025928020477294922,-0.15050172805786133,-0.045299530029296875
1,359,7.18,7764.609456062317,7761.511504650116,7754.712700843811,7762.097418308258,-0.13977289199829102,-0.019371509552001953,-0.14096498489379883,-0.04649162292480469
1,360,7.2,7764.477431774139,7761.492431163788,7754.581570625305,7762.043178081512,-0.13202428817749023,-0.019073486328125,-0.13113021850585938,-0.05424022674560547
1,361,7.22,7764.351963996887,7761.474251747131,7754.453718662262,7761.983573436737,-0.12546777725219727,-0.01817941665649414,-0.1278519630432129,-0.059604644775390625
1,362,7.24,7764.235436916351,7761.4593505859375,7754.331529140472,7761.916816234589,-0.11652708053588867,-0.014901161193847656,-0.12218952178955078,-0.0667572021484375
1,363,7.26,7764.124274253845,7761.441469192505,7754.217088222504,7761.840522289276,-0.11116266250610352,-0.017881393432617188,-0.11444091796875,-0.0762939453125
1,364,7.28,7764.013707637787,7761.440277099609,7754.126489162445,7761.7257833480835,-0.11056661605834961,-0.0011920928955078125,-0.09059906005859375,-0.11473894119262695
1,365,7.3,7763.933539390564,7761.41881942749,7754.011452198029,7761.610150337219,-0.08016824722290039,-0.021457672119140625,-0.1150369644165039,-0.11563301086425781
1,366,7.32,7763.850092887878,7761.399447917938,7753.908336162567,7761.492133140564,-0.08344650268554688,-0.019371509552001953,-0.10311603546142578,-0.11801719665527344
1,367,7.34,7763.7675404548645,7761.369943618774,7753.806412220001,7761.384546756744,-0.08255243301391602,-0.02950429916381836,-0.10192394256591797,-0.10758638381958008
1,368,7.36,7763.69035243988,7761.328220367432,7753.6940574646,7761.283814907074,-0.07718801498413086,-0.04172325134277344,-0.11235475540161133,-0.10073184967041016
1,369,7.38,7763.616144657135,7761.279344558716,7753.551602363586,7761.199176311493,-0.07420778274536133,-0.04887580871582031,-0.1424551010131836,-0.08463859558105469
1,370,7.4,7763.535380363464,7761.2438797950745,7753.402292728424,7761.143743991852,-0.0807642936706543,-0.03546476364135742,-0.14930963516235352,-0.05543231964111328
1,371,7.42,7763.454616069794,7761.19738817215,7753.260135650635,7761.090695858002,-0.0807642936706543,-0.04649162292480469,-0.14215707778930664,-0.053048133850097656
1,372,7.44,7763.366997241974,7761.144638061523,7753.133773803711,7761.033475399017,-0.08761882781982422,-0.0527501106262207,-0.12636184692382812,-0.057220458984375
1,373,7.46,7763.276100158691,7761.100232601166,7753.015458583832,7760.973274707794,-0.0908970832824707,-0.044405460357666016,-0.11831521987915039,-0.06020069122314453
1,374,7.48,7763.183414936066,7761.059403419495,7752.906978130341,7760.909795761108,-0.09268522262573242,-0.04082918167114258,-0.10848045349121094,-0.06347894668579102
1,375,7.5,7763.093411922455,7761.0185742378235,7752.8029680252075,7760.84691286087,-0.09000301361083984,-0.04082918167114258,-0.10401010513305664,-0.06288290023803711
1,376,7.5200000000000005,7763.007283210754,7760.978043079376,7752.704322338104,7760.781347751617,-0.08612871170043945,-0.040531158447265625,-0.09864568710327148,-0.06556510925292969
1,377,7.54,7762.905657291412,7761.031687259674,7752.628326416016,7760.72084903717,-0.10162591934204102,0.05364418029785156,-0.07599592208862305,-0.060498714447021484
1,378,7.5600000000000005,7762.798964977264,7761.098742485046,7752.5582909584045,7760.672867298126,-0.10669231414794922,0.06705522537231445,-0.07003545761108398,-0.04798173904418945
1,379,7.58,7762.698531150818,7761.144638061523,7752.4808049201965,7760.63859462738,-0.1004338264465332,0.04589557647705078,-0.07748603820800781,-0.03427267074584961
1,380,7.6000000000000005,7762.604057788849,7761.187255382538,7752.399742603302,7760.609686374664,-0.09447336196899414,0.0426173210144043,-0.08106231689453125,-0.028908252716064453
1,381,7.62,7762.51345872879,7761.221826076508,7752.315104007721,7760.586440563202,-0.09059906005859375,0.03457069396972656,-0.08463859558105469,-0.023245811462402344
1,382,7.640000000000001,7762.425243854523,7761.252820491791,7752.228677272797,7760.568261146545,-0.08821487426757812,0.030994415283203125,-0.0864267349243164,-0.01817941665649414
1,383,7.66,7762.33971118927,7761.276364326477,7752.139866352081,7760.5560421943665,-0.08553266525268555,0.023543834686279297,-0.08881092071533203,-0.012218952178955078
1,384,7.68,7762.256860733032,7761.298716068268,7752.048969268799,7760.546505451202,-0.08285045623779297,0.022351741790771484,-0.0908970832824707,-0.0095367431640625
1,385,7.7,7762.175798416138,7761.315405368805,7751.956284046173,7760.541141033173,-0.08106231689453125,0.016689300537109375,-0.09268522262573242,-0.005364418029785156
1,386,7.72,7762.096226215363,7761.332094669342,7751.862108707428,7760.537564754486,-0.07957220077514648,0.016689300537109375,-0.09417533874511719,-0.0035762786865234375
1,387,7.74,7762.018442153931,7761.344611644745,7751.766741275787,7760.538160800934,-0.07778406143188477,0.012516975402832031,-0.095367431640625,0.0005960464477539062
1,388,7.76,7761.9412541389465,7761.3577246665955,7751.66928768158,7760.539948940277,-0.07718801498413086,0.013113021850585938,-0.09745359420776367,0.0017881393432617188
1,389,7.78,7761.864960193634,7761.3696455955505,7751.57243013382,7760.542631149292,-0.0762939453125,0.011920928955078125,-0.09685754776000977,0.002682209014892578
1,390,7.8,7761.792540550232,7761.364579200745,7751.474678516388,7760.553956031799,-0.07241964340209961,-0.005066394805908203,-0.09775161743164062,0.011324882507324219
1,391,7.82,7761.721312999725,7761.3624930381775,7751.37186050415,7760.580480098724,-0.0712275505065918,-0.002086162567138672,-0.10281801223754883,0.026524066925048828
1,392,7.84,7761.650383472443,7761.363983154297,7751.275599002838,7760.598361492157,-0.07092952728271484,0.0014901161193847656,-0.09626150131225586,0.017881393432617188
1,393,7.86,7761.587500572205,7761.364281177521,7751.184403896332,7760.607004165649,-0.06288290023803711,0.0002980232238769531,-0.09119510650634766,0.00864267349243164
1,394,7.88,7761.535048484802,7761.357426643372,7751.098871231079,7760.609686374664,-0.05245208740234375,-0.006854534149169922,-0.08553266525268555,0.002682209014892578
1,395,7.9,7761.483788490295,7761.352956295013,7751.017808914185,7760.6067061424255,-0.05125999450683594,-0.004470348358154297,-0.08106231689453125,-0.0029802322387695312
1,396,7.92,7761.432230472565,7761.349678039551,7750.940322875977,7760.600745677948,-0.05155801773071289,-0.0032782554626464844,-0.07748603820800781,-0.0059604644775390625
1,397,7.94,7761.38573884964,7761.341333389282,7750.86373090744,7760.592401027679,-0.04649162292480469,-0.008344650268554688,-0.07659196853637695,-0.008344650268554688
1,398,7.96,7761.339247226715,7761.336863040924,7750.792503356934,7760.578691959381,-0.04649162292480469,-0.004470348358154297,-0.0712275505065918,-0.013709068298339844
1,399,7.98,7761.291265487671,7761.333286762238,7750.72306394577,7760.562896728516,-0.04798173904418945,-0.0035762786865234375,-0.06943941116333008,-0.015795230865478516
1,400,8.0,7761.238515377045,7761.333286762238,7750.656604766846,7760.548293590546,-0.0527501106262207,0.0,-0.06645917892456055,-0.014603137969970703
1,401,8.02,7761.183977127075,7761.334776878357,7750.5916357040405,7760.534584522247,-0.05453824996948242,0.0014901161193847656,-0.06496906280517578,-0.013709068298339844
1,402,8.040000000000001,7761.125266551971,7761.314511299133,7750.552296638489,7760.507166385651,-0.058710575103759766,-0.020265579223632812,-0.03933906555175781,-0.027418136596679688
1,403,8.06,7761.079668998718,7761.277854442596,7750.522196292877,7760.476171970367,-0.04559755325317383,-0.036656856536865234,-0.030100345611572266,-0.030994415283203125
1,404,8.08,7761.04599237442,7761.240303516388,7750.495374202728,7760.439217090607,-0.0336766242980957,-0.037550926208496094,-0.02682209014892578,-0.03695487976074219
1,405,8.1,7761.01678609848,7761.208415031433,7750.47242641449,7760.389447212219,-0.029206275939941406,-0.031888484954833984,-0.02294778823852539,-0.04976987838745117
1,406,8.120000000000001,7760.992348194122,7761.176228523254,7750.45245885849,7760.33341884613,-0.024437904357910156,-0.03218650817871094,-0.01996755599975586,-0.05602836608886719
1,407,8.14,7760.9699964523315,7761.140763759613,7750.436067581177,7760.2750062942505,-0.022351741790771484,-0.03546476364135742,-0.016391277313232422,-0.05841255187988281
1,408,8.16,7760.948836803436,7761.1044049263,7750.421464443207,7760.215699672699,-0.021159648895263672,-0.03635883331298828,-0.014603137969970703,-0.05930662155151367
1,409,8.18,7760.927677154541,7761.068940162659,7750.410735607147,7760.15430688858,-0.021159648895263672,-0.03546476364135742,-0.010728836059570312,-0.061392784118652344
1,410,8.2,7760.907411575317,7761.030197143555,7750.402390956879,7760.091722011566,-0.020265579223632812,-0.038743019104003906,-0.008344650268554688,-0.06258487701416016
1,411,8.22,7760.886549949646,7760.990560054779,7750.398218631744,7760.028541088104,-0.02086162567138672,-0.039637088775634766,-0.004172325134277344,-0.06318092346191406
1,412,8.24,7760.866582393646,7760.949432849884,7750.3979206085205,7759.963572025299,-0.01996755599975586,-0.04112720489501953,-0.0002980232238769531,-0.06496906280517578
1,413,8.26,7760.8466148376465,7760.9071135520935,7750.400900840759,7759.897410869598,-0.01996755599975586,-0.042319297790527344,0.0029802322387695312,-0.0661611557006836
1,414,8.28,7760.8272433280945,7760.860621929169,7750.406265258789,7759.832441806793,-0.019371509552001953,-0.04649162292480469,0.005364418029785156,-0.06496906280517578
1,415,8.3,7760.808169841766,7760.813534259796,7750.415802001953,7759.765088558197,-0.019073486328125,-0.047087669372558594,0.0095367431640625,-0.0673532485961914
1,416,8.32,7760.807573795319,7760.761082172394,7750.425338745117,7759.693562984467,-0.0005960464477539062,-0.05245208740234375,0.0095367431640625,-0.07152557373046875
1,417,8.34,7760.813236236572,7760.707139968872,7750.439643859863,7759.61309671402,0.005662441253662109,-0.053942203521728516,0.01430511474609375,-0.08046627044677734
1,418,8.36,7760.815620422363,7760.648727416992,7750.4608035087585,7759.533226490021,0.002384185791015625,-0.05841255187988281,0.021159648895263672,-0.07987022399902344
1,419,8.38,7760.8150243759155,7760.58703660965,7750.489115715027,7759.455144405365,-0.0005960464477539062,-0.0616908073425293,0.028312206268310547,-0.07808208465576172
1,420,8.4,7760.813534259796,7760.5220675468445,7750.522494316101,7759.377062320709,-0.0014901161193847656,-0.06496906280517578,0.03337860107421875,-0.07808208465576172
1,421,8.42,7760.811150074005,7760.454714298248,7750.562131404877,7759.29868221283,-0.002384185791015625,-0.0673532485961914,0.039637088775634766,-0.07838010787963867
1,422,8.44,7760.808169841766,7760.384380817413,7750.605344772339,7759.22030210495,-0.0029802322387695312,-0.07033348083496094,0.0432133674621582,-0.07838010787963867
1,423,8.46,7760.80459356308,7760.31106710434,7750.653326511383,7759.14192199707,-0.0035762786865234375,-0.07331371307373047,0.04798173904418945,-0.07838010787963867
1,424,8.48,7760.801017284393,7760.2362632751465,7750.705778598785,7759.061753749847,-0.0035762786865234375,-0.07480382919311523,0.05245208740234375,-0.08016824722290039
1,425,8.5,7760.797739028931,7760.159373283386,7750.7612109184265,7758.981883525848,-0.0032782554626464844,-0.0768899917602539,0.05543231964111328,-0.07987022399902344
1,426,8.52,7760.79535484314,7760.079503059387,7750.820219516754,7758.900821208954,-0.002384185791015625,-0.07987022399902344,0.05900859832763672,-0.08106231689453125
1,427,8.540000000000001,7760.7932686805725,7759.998738765717,7750.881612300873,7758.819162845612,-0.002086162567138672,-0.0807642936706543,0.061392784118652344,-0.08165836334228516
1,428,8.56,7760.792672634125,7759.915888309479,7750.9453892707825,7758.736312389374,-0.0005960464477539062,-0.08285045623779297,0.06377696990966797,-0.08285045623779297
1,429,8.58,7760.792672634125,7759.831249713898,7751.0106563568115,7758.652567863464,0.0,-0.08463859558105469,0.06526708602905273,-0.08374452590942383
1,430,8.6,7760.793566703796,7759.745419025421,7751.077711582184,7758.569419384003,0.0008940696716308594,-0.0858306884765625,0.06705522537231445,-0.08314847946166992
1,431,8.620000000000001,7760.794758796692,7759.658694267273,7751.1462569236755,7758.4850788116455,0.0011920928955078125,-0.08672475814819336,0.06854534149169922,-0.08434057235717773
1,432,8.64,7760.796844959259,7759.569883346558,7751.215100288391,7758.400738239288,0.002086162567138672,-0.08881092071533203,0.06884336471557617,-0.08434057235717773
1,433,8.66,7760.800123214722,7759.480774402618,7751.283645629883,7758.316993713379,0.0032782554626464844,-0.08910894393920898,0.06854534149169922,-0.08374452590942383
1,434,8.68,7760.80310344696,7759.392559528351,7751.352787017822,7758.232057094574,0.0029802322387695312,-0.08821487426757812,0.06914138793945312,-0.08493661880493164
1,435,8.700000000000001,7760.807573795319,7759.301066398621,7751.420438289642,7758.14950466156,0.004470348358154297,-0.09149312973022461,0.06765127182006836,-0.08255243301391602
1,436,8.72,7760.812044143677,7759.211957454681,7751.487493515015,7758.066356182098,0.004470348358154297,-0.08910894393920898,0.06705522537231445,-0.08314847946166992
1,437,8.74,7760.812342166901,7759.139835834503,7751.569449901581,7757.954299449921,0.0002980232238769531,-0.07212162017822266,0.08195638656616211,-0.11205673217773438
1,438,8.76,7760.828137397766,7759.044766426086,7751.651704311371,7757.848799228668,0.015795230865478516,-0.09506940841674805,0.08225440979003906,-0.1055002212524414
1,439,8.78,7760.845720767975,7758.949100971222,7751.7300844192505,7757.749259471893,0.017583370208740234,-0.09566545486450195,0.07838010787963867,-0.09953975677490234
1,440,8.8,7760.859429836273,7758.854329586029,7751.804292201996,7757.653594017029,0.013709068298339844,-0.0947713851928711,0.07420778274536133,-0.09566545486450195
1,441,8.82,7760.873436927795,7758.757472038269,7751.875221729279,7757.562696933746,0.014007091522216797,-0.09685754776000977,0.07092952728271484,-0.0908970832824707
1,442,8.84,7760.885059833527,7758.651673793793,7751.943469047546,7757.480442523956,0.011622905731201172,-0.10579824447631836,0.06824731826782227,-0.08225440979003906
1,443,8.86,7760.8925104141235,7758.5479617118835,7752.009332180023,7757.404446601868,0.007450580596923828,-0.10371208190917969,0.06586313247680664,-0.07599592208862305
1,444,8.88,7760.898172855377,7758.447825908661,7752.070128917694,7757.33083486557,0.005662441253662109,-0.10013580322265625,0.06079673767089844,-0.07361173629760742
1,445,8.9,7760.9047293663025,7758.3494782447815,7752.12436914444,7757.260203361511,0.006556510925292969,-0.09834766387939453,0.05424022674560547,-0.07063150405883789
1,446,8.92,7760.927677154541,7758.22788476944,7752.1812915802,7757.207751274109,0.02294778823852539,-0.12159347534179688,0.05692243576049805,-0.05245208740234375
1,447,8.94,7760.941684246063,7758.128046989441,7752.236425876617,7757.14784860611,0.014007091522216797,-0.0998377799987793,0.05513429641723633,-0.05990266799926758
1,448,8.96,7760.955989360809,7758.0326795578,7752.2870898246765,7757.0852637290955,0.01430511474609375,-0.095367431640625,0.05066394805908203,-0.06258487701416016
1,449,8.98,7760.955989360809,7757.94118642807,7752.354741096497,7757.02029466629,0.0,-0.09149312973022461,0.06765127182006836,-0.06496906280517578
1,450,9.0,7760.953605175018,7757.840156555176,7752.431929111481,7756.970226764679,-0.002384185791015625,-0.10102987289428711,0.07718801498413086,-0.050067901611328125
1,451,9.02,7760.9604597091675,7757.736444473267,7752.501666545868,7756.927311420441,0.006854534149169922,-0.10371208190917969,0.06973743438720703,-0.04291534423828125
1,452,9.040000000000001,7760.965824127197,7757.650315761566,7752.56484746933,7756.875455379486,0.005364418029785156,-0.08612871170043945,0.06318092346191406,-0.051856040954589844
1,453,9.06,7760.9628438949585,7757.562696933746,7752.622067928314,7756.841778755188,-0.0029802322387695312,-0.08761882781982422,0.057220458984375,-0.0336766242980957
1,454,9.08,7760.960161685944,7757.485508918762,7752.6673674583435,7756.808698177338,-0.002682209014892578,-0.07718801498413086,0.045299530029296875,-0.0330805778503418
1,455,9.1,7760.959565639496,7757.417261600494,7752.7084946632385,7756.76816701889,-0.0005960464477539062,-0.06824731826782227,0.04112720489501953,-0.040531158447265625
1,456,9.120000000000001,7760.961949825287,7757.332324981689,7752.759158611298,7756.725549697876,0.002384185791015625,-0.08493661880493164,0.05066394805908203,-0.0426173210144043
1,457,9.14,7760.966420173645,7757.259905338287,7752.8029680252075,7756.678760051727,0.004470348358154297,-0.07241964340209961,0.04380941390991211,-0.04678964614868164
1,458,9.16,7760.973274707794,7757.194936275482,7752.839624881744,7756.6275000572205,0.006854534149169922,-0.06496906280517578,0.036656856536865234,-0.05125999450683594
1,459,9.18,7760.981321334839,7757.136225700378,7752.867937088013,7756.573259830475,0.008046627044677734,-0.058710575103759766,0.028312206268310547,-0.05424022674560547
1,460,9.200000000000001,7760.990858078003,7757.0840716362,7752.889692783356,7756.517231464386,0.0095367431640625,-0.0521540641784668,0.021755695343017578,-0.05602836608886719
1,461,9.22,7760.999500751495,7757.03638792038,7752.905488014221,7756.461203098297,0.00864267349243164,-0.0476837158203125,0.015795230865478516,-0.05602836608886719
1,462,9.24,7761.007249355316,7756.991386413574,7752.916514873505,7756.406664848328,0.007748603820800781,-0.04500150680541992,0.011026859283447266,-0.05453824996948242
1,463,9.26,7761.012613773346,7756.949067115784,7752.922773361206,7756.354510784149,0.005364418029785156,-0.042319297790527344,0.006258487701416016,-0.0521540641784668
1,464,9.28,7761.015594005585,7756.911516189575,7752.925455570221,7756.303548812866,0.0029802322387695312,-0.037550926208496094,0.002682209014892578,-0.050961971282958984
1,465,9.3,7761.014103889465,7756.873965263367,7752.926051616669,7756.255865097046,-0.0014901161193847656,-0.037550926208496094,0.0005960464477539062,-0.0476837158203125
1,466,9.32,7761.009335517883,7756.836712360382,7752.923965454102,7756.212055683136,-0.00476837158203125,-0.03725290298461914,-0.002086162567138672,-0.04380941390991211
1,467,9.34,7761.001288890839,7756.801545619965,7752.921283245087,7756.170332431793,-0.008046627044677734,-0.03516674041748047,-0.002682209014892578,-0.04172325134277344
1,468,9.36,7760.98906993866,7756.765782833099,7752.918899059296,7756.131589412689,-0.012218952178955078,-0.035762786865234375,-0.002384185791015625,-0.038743019104003906
1,469,9.38,7760.973274707794,7756.730020046234,7752.916216850281,7756.095826625824,-0.015795230865478516,-0.035762786865234375,-0.002682209014892578,-0.035762786865234375
1,470,9.4,7760.95449924469,7756.6927671432495,7752.91383266449,7756.0630440711975,-0.018775463104248047,-0.03725290298461914,-0.002384185791015625,-0.032782554626464844
1,471,9.42,7760.9312534332275,7756.655216217041,7752.913534641266,7756.032049655914,-0.023245811462402344,-0.037550926208496094,-0.0002980232238769531,-0.030994415283203125
1,472,9.44,7760.904133319855,7756.615877151489,7752.914130687714,7756.003141403198,-0.027120113372802734,-0.03933906555175781,0.0005960464477539062,-0.028908252716064453
1,473,9.46,7760.875225067139,7756.575644016266,7752.917408943176,7755.975425243378,-0.028908252716064453,-0.04023313522338867,0.0032782554626464844,-0.02771615982055664
1,474,9.48,7760.842740535736,7756.533622741699,7752.923369407654,7755.950391292572,-0.03248453140258789,-0.04202127456665039,0.0059604644775390625,-0.025033950805664062
1,475,9.5,7760.8078718185425,7756.48832321167,7752.93231010437,7755.924761295319,-0.034868717193603516,-0.045299530029296875,0.008940696716308594,-0.02562999725341797
1,476,9.52,7760.770916938782,7756.44063949585,7752.942740917206,7755.90181350708,-0.03695487976074219,-0.0476837158203125,0.01043081283569336,-0.02294778823852539
1,477,9.540000000000001,7760.730981826782,7756.392657756805,7752.958238124847,7755.877673625946,-0.03993511199951172,-0.04798173904418945,0.015497207641601562,-0.024139881134033203
1,478,9.56,7760.690450668335,7756.341099739075,7752.97611951828,7755.855023860931,-0.040531158447265625,-0.05155801773071289,0.017881393432617188,-0.022649765014648438
1,479,9.58,7760.647535324097,7756.286561489105,7752.997875213623,7755.831182003021,-0.04291534423828125,-0.05453824996948242,0.021755695343017578,-0.02384185791015625
1,480,9.6,7760.608792304993,7756.2156319618225,7753.027379512787,7755.806148052216,-0.038743019104003906,-0.07092952728271484,0.02950429916381836,-0.025033950805664062
1,481,9.620000000000001,7760.570347309113,7756.142318248749,7753.065228462219,7755.77574968338,-0.03844499588012695,-0.07331371307373047,0.03784894943237305,-0.03039836883544922
1,482,9.64,7760.5316042900085,7756.066024303436,7753.10605764389,7755.744159221649,-0.038743019104003906,-0.0762939453125,0.04082918167114258,-0.03159046173095703
1,483,9.66,7760.492563247681,7755.990028381348,7753.150165081024,7755.710184574127,-0.03904104232788086,-0.07599592208862305,0.04410743713378906,-0.033974647521972656
1,484,9.68,7760.4541182518005,7755.91105222702,7753.196060657501,7755.675911903381,-0.03844499588012695,-0.07897615432739258,0.04589557647705078,-0.03427267074584961
1,485,9.700000000000001,7760.416567325592,7755.832076072693,7753.2437443733215,7755.6392550468445,-0.037550926208496094,-0.07897615432739258,0.0476837158203125,-0.036656856536865234
1,486,9.72,7760.377526283264,7755.740284919739,7753.303647041321,7755.608856678009,-0.03904104232788086,-0.09179115295410156,0.05990266799926758,-0.03039836883544922
1,487,9.74,7760.336399078369,7755.650579929352,7753.365933895111,7755.575180053711,-0.04112720489501953,-0.08970499038696289,0.0622868537902832,-0.0336766242980957
1,488,9.76,7760.282754898071,7755.569815635681,7753.422260284424,7755.5400133132935,-0.05364418029785156,-0.0807642936706543,0.05632638931274414,-0.03516674041748047
1,489,9.78,7760.229706764221,7755.484879016876,7753.475904464722,7755.504548549652,-0.053048133850097656,-0.08493661880493164,0.05364418029785156,-0.03546476364135742
1,490,9.8,7760.17963886261,7755.402326583862,7753.530442714691,7755.466997623444,-0.050067901611328125,-0.08255243301391602,0.05453824996948242,-0.037550926208496094
1,491,9.82,7760.132253170013,7755.318284034729,7753.582298755646,7755.427658557892,-0.04738569259643555,-0.08404254913330078,0.051856040954589844,-0.03933906555175781
1,492,9.84,7760.087549686432,7755.232751369476,7753.637135028839,7755.38295507431,-0.04470348358154297,-0.08553266525268555,0.054836273193359375,-0.04470348358154297
1,493,9.86,7760.047018527985,7755.148112773895,7753.690779209137,7755.334675312042,-0.040531158447265625,-0.08463859558105469,0.05364418029785156,-0.048279762268066406
1,494,9.88,7760.007381439209,7755.062282085419,7753.741145133972,7755.288183689117,-0.039637088775634766,-0.0858306884765625,0.05036592483520508,-0.04649162292480469
1,495,9.9,7759.968936443329,7754.978239536285,7753.789126873016,7755.2419900894165,-0.03844499588012695,-0.08404254913330078,0.04798173904418945,-0.046193599700927734
1,496,9.92,7759.930193424225,7754.895091056824,7753.834426403046,7755.195796489716,-0.038743019104003906,-0.08314847946166992,0.045299530029296875,-0.046193599700927734
1,497,9.94,7759.893238544464,7754.812836647034,7753.875553607941,7755.151391029358,-0.03695487976074219,-0.08225440979003906,0.04112720489501953,-0.044405460357666016
1,498,9.96,7759.855091571808,7754.732668399811,7753.914594650269,7755.106985569,-0.03814697265625,-0.08016824722290039,0.03904104232788086,-0.044405460357666016
1,499,9.98,7759.818136692047,7754.652500152588,7753.949463367462,7755.064070224762,-0.03695487976074219,-0.08016824722290039,0.034868717193603516,-0.04291534423828125
1,500,10.0,7759.78147983551,7754.57501411438,7753.982245922089,7755.021750926971,-0.036656856536865234,-0.07748603820800781,0.032782554626464844,-0.042319297790527344
1,501,10.02,7759.743630886078,7754.499018192291,7754.011750221252,7754.980623722076,-0.03784894943237305,-0.07599592208862305,0.02950429916381836,-0.04112720489501953
1,502,10.040000000000001,7759.717404842377,7754.431068897247,7754.044532775879,7754.914462566376,-0.026226043701171875,-0.06794929504394531,0.032782554626464844,-0.0661611557006836
1,503,10.06,7759.6864104270935,7754.364609718323,7754.0746331214905,7754.8593282699585,-0.030994415283203125,-0.06645917892456055,0.030100345611572266,-0.05513429641723633
1,504,10.08,7759.651839733124,7754.295766353607,7754.102051258087,7754.811942577362,-0.03457069396972656,-0.06884336471557617,0.027418136596679688,-0.04738569259643555
1,505,10.1,7759.617269039154,7754.227817058563,7754.124402999878,7754.769027233124,-0.03457069396972656,-0.06794929504394531,0.022351741790771484,-0.04291534423828125
1,506,10.120000000000001,7759.581208229065,7754.160463809967,7754.142582416534,7754.729092121124,-0.03606081008911133,-0.0673532485961914,0.01817941665649414,-0.03993511199951172
1,507,10.14,7759.54395532608,7754.094898700714,7754.157185554504,7754.693329334259,-0.03725290298461914,-0.06556510925292969,0.014603137969970703,-0.035762786865234375
1,508,10.16,7759.505212306976,7754.031121730804,7754.167914390564,7754.659354686737,-0.038743019104003906,-0.06377696990966797,0.010728836059570312,-0.033974647521972656
1,509,10.18,7759.465873241425,7753.968834877014,7754.175066947937,7754.627764225006,-0.03933906555175781,-0.0622868537902832,0.007152557373046875,-0.03159046173095703
1,510,10.200000000000001,7759.414613246918,7753.903567790985,7754.183113574982,7754.606604576111,-0.05125999450683594,-0.06526708602905273,0.008046627044677734,-0.021159648895263672
1,511,10.22,7759.367823600769,7753.838300704956,7754.182517528534,7754.596471786499,-0.04678964614868164,-0.06526708602905273,-0.0005960464477539062,-0.010132789611816406
1,512,10.24,7759.321928024292,7753.778100013733,7754.181027412415,7754.579484462738,-0.04589557647705078,-0.06020069122314453,-0.0014901161193847656,-0.016987323760986328
1,513,10.26,7759.273946285248,7753.725349903107,7754.17685508728,7754.56041097641,-0.04798173904418945,-0.0527501106262207,-0.004172325134277344,-0.019073486328125
1,514,10.28,7759.227752685547,7753.673791885376,7754.169404506683,7754.541039466858,-0.046193599700927734,-0.05155801773071289,-0.007450580596923828,-0.019371509552001953
1,515,10.3,7759.181559085846,7753.626108169556,7754.158973693848,7754.519879817963,-0.046193599700927734,-0.0476837158203125,-0.01043081283569336,-0.021159648895263672
1,516,10.32,7759.135961532593,7753.582000732422,7754.1473507881165,7754.4966340065,-0.04559755325317383,-0.04410743713378906,-0.011622905731201172,-0.023245811462402344
1,517,10.34,7759.0906620025635,7753.539681434631,7754.131853580475,7754.473984241486,-0.045299530029296875,-0.042319297790527344,-0.015497207641601562,-0.022649765014648438
1,518,10.36,7759.04506444931,7753.5006403923035,7754.114866256714,7754.449248313904,-0.04559755325317383,-0.03904104232788086,-0.016987323760986328,-0.02473592758178711
1,519,10.38,7758.999168872833,7753.463387489319,7754.0963888168335,7754.42510843277,-0.04589557647705078,-0.03725290298461914,-0.018477439880371094,-0.024139881134033203
1,520,10.4,7758.952379226685,7753.428220748901,7754.0770173072815,7754.40126657486,-0.04678964614868164,-0.03516674041748047,-0.019371509552001953,-0.02384185791015625
1,521,10.42,7758.905589580536,7753.395438194275,7754.055857658386,7754.3774247169495,-0.04678964614868164,-0.032782554626464844,-0.021159648895263672,-0.02384185791015625
1,522,10.44,7758.857309818268,7753.363847732544,7754.032611846924,7754.353582859039,-0.048279762268066406,-0.03159046173095703,-0.023245811462402344,-0.02384185791015625
1,523,10.46,7758.809924125671,7753.334045410156,7754.008769989014,7754.329442977905,-0.04738569259643555,-0.029802322387695312,-0.02384185791015625,-0.024139881134033203
1,524,10.48,7758.761346340179,7753.304839134216,7753.984332084656,7754.305303096771,-0.04857778549194336,-0.029206275939941406,-0.024437904357910156,-0.024139881134033203
1,525,10.5,7758.711576461792,7753.280401229858,7753.959894180298,7754.279673099518,-0.04976987838745117,-0.024437904357910156,-0.024437904357910156,-0.02562999725341797
1,526,10.52,7758.660018444061,7753.254473209381,7753.934860229492,7754.255831241608,-0.05155801773071289,-0.025928020477294922,-0.025033950805664062,-0.02384185791015625
1,527,10.540000000000001,7758.603990077972,7753.232717514038,7753.910720348358,7754.232585430145,-0.05602836608886719,-0.021755695343017578,-0.024139881134033203,-0.023245811462402344
1,528,10.56,7758.548259735107,7753.210663795471,7753.8880705833435,7754.209935665131,-0.055730342864990234,-0.02205371856689453,-0.022649765014648438,-0.022649765014648438
1,529,10.58,7758.493721485138,7753.187716007233,7753.863036632538,7754.1884779930115,-0.05453824996948242,-0.02294778823852539,-0.025033950805664062,-0.021457672119140625
1,530,10.6,7758.437991142273,7753.1662583351135,7753.838002681732,7754.167020320892,-0.055730342864990234,-0.021457672119140625,-0.025033950805664062,-0.021457672119140625
1,531,10.620000000000001,7758.382558822632,7753.14599275589,7753.81326675415,7754.143476486206,-0.05543231964111328,-0.020265579223632812,-0.02473592758178711,-0.023543834686279297
1,532,10.64,7758.3277225494385,7753.1251311302185,7753.787338733673,7754.121124744415,-0.054836273193359375,-0.02086162567138672,-0.025928020477294922,-0.022351741790771484
1,533,10.66,7758.272290229797,7753.104269504547,7753.760814666748,7754.099667072296,-0.05543231964111328,-0.02086162567138672,-0.026524066925048828,-0.021457672119140625
1,534,10.68,7758.216857910156,7753.084599971771,7753.735184669495,7754.077613353729,-0.05543231964111328,-0.019669532775878906,-0.02562999725341797,-0.02205371856689453
1,535,10.700000000000001,7758.16023349762,7753.0637383461,7753.710150718689,7754.055559635162,-0.056624412536621094,-0.02086162567138672,-0.025033950805664062,-0.02205371856689453
1,536,10.72,7758.103907108307,7753.043472766876,7753.685116767883,7754.034101963043,-0.05632638931274414,-0.020265579223632812,-0.025033950805664062,-0.021457672119140625
1,537,10.74,7758.048474788666,7753.0238032341,7753.6603808403015,7754.011154174805,-0.05543231964111328,-0.019669532775878906,-0.02473592758178711,-0.02294778823852539
1,538,10.76,7757.996916770935,7753.000259399414,7753.637135028839,7753.986418247223,-0.05155801773071289,-0.023543834686279297,-0.023245811462402344,-0.02473592758178711
1,539,10.78,7757.943570613861,7752.978205680847,7753.615975379944,7753.960192203522,-0.05334615707397461,-0.02205371856689453,-0.021159648895263672,-0.026226043701171875
1,540,10.8,7757.890820503235,7752.954065799713,7753.594815731049,7753.935754299164,-0.0527501106262207,-0.024139881134033203,-0.021159648895263672,-0.024437904357910156
1,541,10.82,7757.837474346161,7752.9314160346985,7753.573954105377,7753.910720348358,-0.05334615707397461,-0.022649765014648438,-0.02086162567138672,-0.025033950805664062
1,542,10.84,7757.784426212311,7752.906680107117,7753.553986549377,7753.8856863975525,-0.053048133850097656,-0.02473592758178711,-0.01996755599975586,-0.025033950805664062
1,543,10.86,7757.730185985565,7752.88313627243,7753.534615039825,7753.861844539642,-0.05424022674560547,-0.023543834686279297,-0.019371509552001953,-0.02384185791015625
1,544,10.88,7757.677137851715,7752.858102321625,7753.515541553497,7753.837704658508,-0.053048133850097656,-0.025033950805664062,-0.019073486328125,-0.024139881134033203
1,545,10.9,7757.623493671417,7752.833664417267,7753.496468067169,7753.813564777374,-0.05364418029785156,-0.024437904357910156,-0.019073486328125,-0.024139881134033203
1,546,10.92,7757.570147514343,7752.808928489685,7753.478288650513,7753.789126873016,-0.05334615707397461,-0.02473592758178711,-0.01817941665649414,-0.024437904357910156
1,547,10.94,7757.516503334045,7752.7835965156555,7753.459811210632,7753.765285015106,-0.05364418029785156,-0.025331974029541016,-0.018477439880371094,-0.02384185791015625
1,548,10.96,7757.462561130524,7752.757966518402,7753.4419298172,7753.742039203644,-0.053942203521728516,-0.02562999725341797,-0.017881393432617188,-0.023245811462402344
1,549,10.98,7757.40921497345,7752.732336521149,7753.424346446991,7753.7184953689575,-0.05334615707397461,-0.02562999725341797,-0.017583370208740234,-0.023543834686279297
1,550,11.0,7757.355272769928,7752.707004547119,7753.407061100006,7753.694951534271,-0.053942203521728516,-0.025331974029541016,-0.01728534698486328,-0.023543834686279297
1,551,11.02,7757.302224636078,7752.681076526642,7753.390073776245,7753.671705722809,-0.053048133850097656,-0.025928020477294922,-0.016987323760986328,-0.023245811462402344
1,552,11.040000000000001,7757.249474525452,7752.65634059906,7753.3721923828125,7753.647267818451,-0.0527501106262207,-0.02473592758178711,-0.017881393432617188,-0.024437904357910156
1,553,11.06,7757.197320461273,7752.629816532135,7753.354012966156,7753.624618053436,-0.0521540641784668,-0.026524066925048828,-0.01817941665649414,-0.022649765014648438
1,554,11.08,7757.155001163483,7752.595245838165,7753.327488899231,7753.608524799347,-0.042319297790527344,-0.03457069396972656,-0.026524066925048828,-0.01609325408935547
1,555,11.1,7757.117450237274,7752.559185028076,7753.29977273941,7753.590047359467,-0.037550926208496094,-0.03606081008911133,-0.02771615982055664,-0.018477439880371094
1,556,11.120000000000001,7757.076621055603,7752.525210380554,7753.2753348350525,7753.566801548004,-0.04082918167114258,-0.033974647521972656,-0.024437904357910156,-0.023245811462402344
1,557,11.14,7757.03489780426,7752.493619918823,7753.254175186157,7753.5417675971985,-0.04172325134277344,-0.03159046173095703,-0.021159648895263672,-0.025033950805664062
1,558,11.16,7756.992876529694,7752.4614334106445,7753.23361158371,7753.515541553497,-0.04202127456665039,-0.03218650817871094,-0.020563602447509766,-0.026226043701171875
1,559,11.18,7756.949961185455,7752.430438995361,7753.215730190277,7753.488123416901,-0.04291534423828125,-0.030994415283203125,-0.017881393432617188,-0.027418136596679688
1,560,11.200000000000001,7756.909728050232,7752.399146556854,7753.198742866516,7753.459513187408,-0.04023313522338867,-0.03129243850708008,-0.016987323760986328,-0.0286102294921875
1,561,11.22,7756.868004798889,7752.366662025452,7753.187119960785,7753.430902957916,-0.04172325134277344,-0.03248453140258789,-0.011622905731201172,-0.0286102294921875
1,562,11.24,7756.8212151527405,7752.335369586945,7753.178179264069,7753.405272960663,-0.04678964614868164,-0.03129243850708008,-0.008940696716308594,-0.02562999725341797
1,563,11.26,7756.775617599487,7752.303779125214,7753.167748451233,7753.3820271492,-0.04559755325317383,-0.03159046173095703,-0.01043081283569336,-0.023245811462402344
1,564,11.28,7756.730318069458,7752.274572849274,7753.157317638397,7753.356397151947,-0.045299530029296875,-0.029206275939941406,-0.01043081283569336,-0.02562999725341797
1,565,11.3,7756.686806678772,7752.246260643005,7753.14599275589,7753.329873085022,-0.043511390686035156,-0.028312206268310547,-0.011324882507324219,-0.026524066925048828
1,566,11.32,7756.642997264862,7752.218544483185,7753.133773803711,7753.302752971649,-0.04380941390991211,-0.02771615982055664,-0.012218952178955078,-0.027120113372802734
1,567,11.34,7756.602168083191,7752.19053030014,7753.117680549622,7753.2777190208435,-0.04082918167114258,-0.028014183044433594,-0.01609325408935547,-0.025033950805664062
1,568,11.36,7756.558954715729,7752.164304256439,7753.089070320129,7753.252387046814,-0.0432133674621582,-0.026226043701171875,-0.0286102294921875,-0.025331974029541016
1,569,11.38,7756.50292634964,7752.14284658432,7753.0547976493835,7753.225564956665,-0.05602836608886719,-0.021457672119140625,-0.03427267074584961,-0.02682209014892578
1,570,11.4,7756.448984146118,7752.126753330231,7753.0160546302795,7753.199636936188,-0.053942203521728516,-0.01609325408935547,-0.038743019104003906,-0.025928020477294922
1,571,11.42,7756.396532058716,7752.10827589035,7752.97611951828,7753.174602985382,-0.05245208740234375,-0.018477439880371094,-0.03993511199951172,-0.025033950805664062
1,572,11.44,7756.341993808746,7752.090692520142,7752.936482429504,7753.1492710113525,-0.05453824996948242,-0.017583370208740234,-0.039637088775634766,-0.025331974029541016
1,573,11.46,7756.286859512329,7752.071917057037,7752.8974413871765,7753.126323223114,-0.05513429641723633,-0.018775463104248047,-0.03904104232788086,-0.02294778823852539
1,574,11.48,7756.232023239136,7752.054035663605,7752.857208251953,7753.103673458099,-0.054836273193359375,-0.017881393432617188,-0.04023313522338867,-0.022649765014648438
1,575,11.5,7756.1768889427185,7752.034962177277,7752.817869186401,7753.08221578598,-0.05513429641723633,-0.019073486328125,-0.03933906555175781,-0.021457672119140625
1,576,11.52,7756.12086057663,7752.017378807068,7752.778232097626,7753.061354160309,-0.05602836608886719,-0.017583370208740234,-0.039637088775634766,-0.02086162567138672
1,577,11.540000000000001,7756.065130233765,7752.000093460083,7752.738296985626,7753.041386604309,-0.055730342864990234,-0.01728534698486328,-0.03993511199951172,-0.01996755599975586
1,578,11.56,7756.0093998909,7751.981616020203,7752.696871757507,7753.022611141205,-0.055730342864990234,-0.018477439880371094,-0.041425228118896484,-0.018775463104248047
1,579,11.58,7755.953371524811,7751.964032649994,7752.656042575836,7753.0041337013245,-0.05602836608886719,-0.017583370208740234,-0.04082918167114258,-0.018477439880371094
1,580,11.6,7755.89793920517,7751.946151256561,7752.614319324493,7752.987444400787,-0.05543231964111328,-0.017881393432617188,-0.04172325134277344,-0.016689300537109375
1,581,11.620000000000001,7755.842506885529,7751.929461956024,7752.572000026703,7752.969264984131,-0.05543231964111328,-0.016689300537109375,-0.042319297790527344,-0.01817941665649414
1,582,11.64,7755.787074565887,7751.912176609039,7752.528786659241,7752.953469753265,-0.05543231964111328,-0.01728534698486328,-0.0432133674621582,-0.015795230865478516
1,583,11.66,7755.731642246246,7751.894295215607,7752.485573291779,7752.937972545624,-0.05543231964111328,-0.017881393432617188,-0.0432133674621582,-0.015497207641601562
1,584,11.68,7755.6756138801575,7751.878499984741,7752.441763877869,7752.92307138443,-0.05602836608886719,-0.015795230865478516,-0.04380941390991211,-0.014901161193847656
1,585,11.700000000000001,7755.620777606964,7751.861214637756,7752.397060394287,7752.907574176788,-0.054836273193359375,-0.01728534698486328,-0.04470348358154297,-0.015497207641601562
1,586,11.72,7755.565941333771,7751.844823360443,7752.352058887482,7752.89386510849,-0.054836273193359375,-0.016391277313232422,-0.04500150680541992,-0.013709068298339844
1,587,11.74,7755.5108070373535,7751.8293261528015,7752.3064613342285,7752.879559993744,-0.05513429641723633,-0.015497207641601562,-0.04559755325317383,-0.01430511474609375
1,588,11.76,7755.456268787384,7751.814424991608,7752.259969711304,7752.866446971893,-0.05453824996948242,-0.014901161193847656,-0.04649162292480469,-0.013113021850585938
1,589,11.78,7755.401134490967,7751.798033714294,7752.213180065155,7752.853333950043,-0.05513429641723633,-0.016391277313232422,-0.04678964614868164,-0.013113021850585938
1,590,11.8,7755.346596240997,7751.782834529877,7752.165794372559,7752.84081697464,-0.05453824996948242,-0.01519918441772461,-0.04738569259643555,-0.012516975402832031
1,591,11.82,7755.292057991028,7751.767933368683,7752.117812633514,7752.828896045685,-0.05453824996948242,-0.014901161193847656,-0.04798173904418945,-0.011920928955078125
1,592,11.84,7755.237519741058,7751.753628253937,7752.070128917694,7752.816379070282,-0.05453824996948242,-0.01430511474609375,-0.0476837158203125,-0.012516975402832031
1,593,11.86,7755.183577537537,7751.738131046295,7752.021849155426,7752.804458141327,-0.053942203521728516,-0.015497207641601562,-0.048279762268066406,-0.011920928955078125
1,594,11.88,7755.129039287567,7751.725018024445,7751.973271369934,7752.792537212372,-0.05453824996948242,-0.013113021850585938,-0.04857778549194336,-0.011920928955078125
1,595,11.9,7755.0747990608215,7751.709818840027,7751.924693584442,7752.780914306641,-0.05424022674560547,-0.01519918441772461,-0.04857778549194336,-0.011622905731201172
1,596,11.92,7755.020558834076,7751.696407794952,7751.876711845398,7752.769291400909,-0.05424022674560547,-0.01341104507446289,-0.04798173904418945,-0.011622905731201172
1,597,11.94,7754.967212677002,7751.682102680206,7751.827836036682,7752.757370471954,-0.05334615707397461,-0.01430511474609375,-0.04887580871582031,-0.011920928955078125
1,598,11.96,7754.913568496704,7751.668691635132,7751.779854297638,7752.745151519775,-0.05364418029785156,-0.01341104507446289,-0.04798173904418945,-0.012218952178955078
1,599,11.98,7754.859626293182,7751.654088497162,7751.731276512146,7752.733826637268,-0.053942203521728516,-0.014603137969970703,-0.04857778549194336,-0.011324882507324219
1,600,12.0,7754.8059821128845,7751.6403794288635,7751.682996749878,7752.722501754761,-0.05364418029785156,-0.013709068298339844,-0.048279762268066406,-0.011324882507324219
1,601,12.02,7754.752337932587,7751.626670360565,7751.635909080505,7752.710282802582,-0.05364418029785156,-0.013709068298339844,-0.047087669372558594,-0.012218952178955078
1,602,12.040000000000001,7754.699289798737,7751.612961292267,7751.589119434357,7752.697765827179,-0.053048133850097656,-0.013709068298339844,-0.04678964614868164,-0.012516975402832031
1,603,12.06,7754.645943641663,7751.598954200745,7751.542627811432,7752.685248851776,-0.05334615707397461,-0.014007091522216797,-0.04649162292480469,-0.012516975402832031
1,604,12.08,7754.592299461365,7751.584053039551,7751.497328281403,7752.673029899597,-0.05364418029785156,-0.014901161193847656,-0.045299530029296875,-0.012218952178955078
1,605,12.1,7754.541337490082,7751.569747924805,7751.452624797821,7752.661108970642,-0.050961971282958984,-0.01430511474609375,-0.04470348358154297,-0.011920928955078125
1,606,12.120000000000001,7754.491567611694,7751.552164554596,7751.407623291016,7752.653658390045,-0.04976987838745117,-0.017583370208740234,-0.04500150680541992,-0.007450580596923828
1,607,12.14,7754.445970058441,7751.532196998596,7751.355171203613,7752.648890018463,-0.04559755325317383,-0.01996755599975586,-0.05245208740234375,-0.00476837158203125
1,608,12.16,7754.406630992889,7751.510143280029,7751.291990280151,7752.650678157806,-0.03933906555175781,-0.02205371856689453,-0.06318092346191406,0.0017881393432617188
1,609,12.18,7754.364907741547,7751.491665840149,7751.2326836586,7752.6456117630005,-0.04172325134277344,-0.018477439880371094,-0.05930662155151367,-0.005066394805908203
1,610,12.200000000000001,7754.321396350861,7751.47408246994,7751.179933547974,7752.636075019836,-0.043511390686035156,-0.017583370208740234,-0.0527501106262207,-0.0095367431640625
1,611,12.22,7754.275798797607,7751.457095146179,7751.132249832153,7752.62326002121,-0.04559755325317383,-0.016987323760986328,-0.0476837158203125,-0.012814998626708984
1,612,12.24,7754.22990322113,7751.440703868866,7751.089036464691,7752.607762813568,-0.04589557647705078,-0.016391277313232422,-0.0432133674621582,-0.015497207641601562
1,613,12.26,7754.183709621429,7751.4249086380005,7751.049101352692,7752.589583396912,-0.046193599700927734,-0.015795230865478516,-0.03993511199951172,-0.01817941665649414
1,614,12.280000000000001,7754.137217998505,7751.407623291016,7751.01363658905,7752.569615840912,-0.04649162292480469,-0.01728534698486328,-0.03546476364135742,-0.01996755599975586
1,615,12.3,7754.091024398804,7751.390039920807,7750.982046127319,7752.547562122345,-0.046193599700927734,-0.017583370208740234,-0.03159046173095703,-0.02205371856689453
1,616,12.32,7754.044830799103,7751.37335062027,7750.953137874603,7752.523124217987,-0.046193599700927734,-0.016689300537109375,-0.028908252716064453,-0.024437904357910156
1,617,12.34,7753.9995312690735,7751.353681087494,7750.926613807678,7752.498686313629,-0.045299530029296875,-0.019669532775878906,-0.026524066925048828,-0.024437904357910156
1,618,12.36,7753.954231739044,7751.333713531494,7750.903367996216,7752.472460269928,-0.045299530029296875,-0.01996755599975586,-0.023245811462402344,-0.026226043701171875
1,619,12.38,7753.909528255463,7751.314342021942,7750.882804393768,7752.4444460868835,-0.04470348358154297,-0.019371509552001953,-0.020563602447509766,-0.028014183044433594
1,620,12.4,7753.865420818329,7751.293182373047,7750.863432884216,7752.415239810944,-0.04410743713378906,-0.021159648895263672,-0.019371509552001953,-0.029206275939941406
1,621,12.42,7753.821909427643,7751.271724700928,7750.846147537231,7752.386033535004,-0.043511390686035156,-0.021457672119140625,-0.01728534698486328,-0.029206275939941406
1,622,12.44,7753.779888153076,7751.2505650520325,7750.830054283142,7752.355635166168,-0.04202127456665039,-0.021159648895263672,-0.01609325408935547,-0.03039836883544922
1,623,12.46,7753.7378668785095,7751.227617263794,7750.815451145172,7752.324044704437,-0.04202127456665039,-0.02294778823852539,-0.014603137969970703,-0.03159046173095703
1,624,12.48,7753.69793176651,7751.204669475555,7750.800848007202,7752.293348312378,-0.03993511199951172,-0.02294778823852539,-0.014603137969970703,-0.030696392059326172
1,625,12.5,7753.67796421051,7751.172184944153,7750.802636146545,7752.237617969513,-0.01996755599975586,-0.03248453140258789,0.0017881393432617188,-0.055730342864990234
1,626,12.52,7753.675580024719,7751.130163669586,7750.819027423859,7752.167284488678,-0.002384185791015625,-0.04202127456665039,0.016391277313232422,-0.07033348083496094
1,627,12.540000000000001,7753.678560256958,7751.083076000214,7750.837802886963,7752.096652984619,0.0029802322387695312,-0.047087669372558594,0.018775463104248047,-0.07063150405883789
1,628,12.56,7753.680348396301,7751.034200191498,7750.857472419739,7752.029597759247,0.0017881393432617188,-0.04887580871582031,0.019669532775878906,-0.06705522537231445
1,629,12.58,7753.680646419525,7750.983834266663,7750.8774399757385,7751.966416835785,0.0002980232238769531,-0.05036592483520508,0.01996755599975586,-0.06318092346191406
1,630,12.6,7753.6797523498535,7750.932574272156,7750.896513462067,7751.906216144562,-0.0008940696716308594,-0.05125999450683594,0.019073486328125,-0.06020069122314453
1,631,12.620000000000001,7753.67796421051,7750.880718231201,7750.913500785828,7751.850187778473,-0.0017881393432617188,-0.051856040954589844,0.016987323760986328,-0.05602836608886719
1,632,12.64,7753.675878047943,7750.828564167023,7750.929892063141,7751.796841621399,-0.002086162567138672,-0.0521540641784668,0.016391277313232422,-0.05334615707397461
1,633,12.66,7753.671705722809,7750.778794288635,7750.944793224335,7751.744091510773,-0.004172325134277344,-0.04976987838745117,0.014901161193847656,-0.0527501106262207
1,634,12.68,7753.668427467346,7750.727534294128,7750.957608222961,7751.695215702057,-0.0032782554626464844,-0.05125999450683594,0.012814998626708984,-0.04887580871582031
1,635,12.700000000000001,7753.66336107254,7750.677764415741,7750.969231128693,7751.648128032684,-0.005066394805908203,-0.04976987838745117,0.011622905731201172,-0.047087669372558594
1,636,12.72,7753.658592700958,7750.629782676697,7750.978171825409,7751.602232456207,-0.00476837158203125,-0.04798173904418945,0.008940696716308594,-0.04589557647705078
1,637,12.74,7753.6532282829285,7750.580906867981,7750.985622406006,7751.559019088745,-0.005364418029785156,-0.04887580871582031,0.007450580596923828,-0.0432133674621582
1,638,12.76,7753.646671772003,7750.535011291504,7750.990688800812,7751.516401767731,-0.006556510925292969,-0.04589557647705078,0.005066394805908203,-0.0426173210144043
1,639,12.780000000000001,7753.640115261078,7750.490605831146,7750.994563102722,7751.474976539612,-0.006556510925292969,-0.044405460357666016,0.0038743019104003906,-0.041425228118896484
1,640,12.8,7753.633260726929,7750.445902347565,7750.995457172394,7751.436233520508,-0.006854534149169922,-0.04470348358154297,0.0008940696716308594,-0.038743019104003906
1,641,12.82,7753.625512123108,7750.404477119446,7750.994861125946,7751.397788524628,-0.007748603820800781,-0.041425228118896484,-0.0005960464477539062,-0.03844499588012695
1,642,12.84,7753.618061542511,7750.363349914551,7750.991582870483,7751.360833644867,-0.007450580596923828,-0.04112720489501953,-0.0032782554626464844,-0.03695487976074219
1,643,12.86,7753.61031293869,7750.324308872223,7750.986814498901,7751.3256669044495,-0.007748603820800781,-0.03904104232788086,-0.00476837158203125,-0.03516674041748047
1,644,12.88,7753.601968288422,7750.2864599227905,7750.978767871857,7751.290500164032,-0.008344650268554688,-0.03784894943237305,-0.008046627044677734,-0.03516674041748047
1,645,12.9,7753.592431545258,7750.251591205597,7750.9695291519165,7751.256227493286,-0.0095367431640625,-0.034868717193603516,-0.009238719940185547,-0.03427267074584961
1,646,12.92,7753.58110666275,7750.209867954254,7750.959098339081,7751.224935054779,-0.011324882507324219,-0.04172325134277344,-0.01043081283569336,-0.03129243850708008
1,647,12.94,7753.570079803467,7750.170528888702,7750.946581363678,7751.195728778839,-0.011026859283447266,-0.03933906555175781,-0.012516975402832031,-0.029206275939941406
1,648,12.96,7753.558158874512,7750.132977962494,7750.934064388275,7751.165330410004,-0.011920928955078125,-0.037550926208496094,-0.012516975402832031,-0.03039836883544922
1,649,12.98,7753.545641899109,7750.0975131988525,7750.920057296753,7751.135528087616,-0.012516975402832031,-0.03546476364135742,-0.014007091522216797,-0.029802322387695312
1,650,13.0,7753.53342294693,7750.065624713898,7750.903069972992,7751.1051297187805,-0.012218952178955078,-0.031888484954833984,-0.016987323760986328,-0.03039836883544922
1,651,13.02,7753.520309925079,7750.035524368286,7750.885188579559,7751.074433326721,-0.013113021850585938,-0.030100345611572266,-0.017881393432617188,-0.030696392059326172
1,652,13.040000000000001,7753.507494926453,7750.00661611557,7750.86522102356,7751.0446310043335,-0.012814998626708984,-0.028908252716064453,-0.01996755599975586,-0.029802322387695312
1,653,13.06,7753.493785858154,7749.979197978973,7750.844657421112,7751.015722751617,-0.013709068298339844,-0.027418136596679688,-0.020563602447509766,-0.028908252716064453
1,654,13.08,7753.479182720184,7749.95356798172,7750.823199748993,7750.986218452454,-0.014603137969970703,-0.02562999725341797,-0.021457672119140625,-0.02950429916381836
1,655,13.1,7753.464877605438,7749.929130077362,7750.800549983978,7750.957906246185,-0.01430511474609375,-0.024437904357910156,-0.022649765014648438,-0.028312206268310547
1,656,13.120000000000001,7753.449082374573,7749.9058842659,7750.777006149292,7750.929892063141,-0.015795230865478516,-0.023245811462402344,-0.023543834686279297,-0.028014183044433594
1,657,13.14,7753.432095050812,7749.885022640228,7750.75376033783,7750.900983810425,-0.016987323760986328,-0.02086162567138672,-0.023245811462402344,-0.028908252716064453
1,658,13.16,7753.415405750275,7749.862968921661,7750.729322433472,7750.8750557899475,-0.016689300537109375,-0.02205371856689453,-0.024437904357910156,-0.025928020477294922
1,659,13.18,7753.397524356842,7749.8432993888855,7750.7054805755615,7750.848233699799,-0.017881393432617188,-0.019669532775878906,-0.02384185791015625,-0.02682209014892578
1,660,13.200000000000001,7753.378748893738,7749.82362985611,7750.680446624756,7750.822007656097,-0.018775463104248047,-0.019669532775878906,-0.025033950805664062,-0.026226043701171875
1,661,13.22,7753.358781337738,7749.804854393005,7750.656604766846,7750.79607963562,-0.01996755599975586,-0.018775463104248047,-0.02384185791015625,-0.025928020477294922
1,662,13.24,7753.338515758514,7749.786078929901,7750.632762908936,7750.771343708038,-0.020265579223632812,-0.018775463104248047,-0.02384185791015625,-0.02473592758178711
1,663,13.26,7753.317058086395,7749.767899513245,7750.609517097473,7750.747203826904,-0.021457672119140625,-0.01817941665649414,-0.023245811462402344,-0.024139881134033203
1,664,13.280000000000001,7753.2947063446045,7749.749720096588,7750.587165355682,7750.72306394577,-0.022351741790771484,-0.01817941665649414,-0.022351741790771484,-0.024139881134033203
1,665,13.3,7753.271758556366,7749.732136726379,7750.564217567444,7750.69922208786,-0.02294778823852539,-0.017583370208740234,-0.02294778823852539,-0.02384185791015625
1,666,13.32,7753.248512744904,7749.715447425842,7750.542461872101,7750.674784183502,-0.023245811462402344,-0.016689300537109375,-0.021755695343017578,-0.024437904357910156
1,667,13.34,7753.2243728637695,7749.697268009186,7750.522792339325,7750.65153837204,-0.024139881134033203,-0.01817941665649414,-0.019669532775878906,-0.023245811462402344
1,668,13.36,7753.2002329826355,7749.680578708649,7750.504314899445,7750.626504421234,-0.024139881134033203,-0.016689300537109375,-0.018477439880371094,-0.025033950805664062
1,669,13.38,7753.17519903183,7749.661207199097,7750.485837459564,7750.604450702667,-0.025033950805664062,-0.019371509552001953,-0.018477439880371094,-0.02205371856689453
1,670,13.4,7753.150165081024,7749.643921852112,7750.468552112579,7750.580608844757,-0.025033950805664062,-0.01728534698486328,-0.01728534698486328,-0.02384185791015625
1,671,13.42,7753.124237060547,7749.626338481903,7750.45245885849,7750.556170940399,-0.025928020477294922,-0.017583370208740234,-0.01609325408935547,-0.024437904357910156
1,672,13.44,7753.09830904007,7749.607264995575,7750.437557697296,7750.5335211753845,-0.025928020477294922,-0.019073486328125,-0.014901161193847656,-0.022649765014648438
1,673,13.46,7753.0717849731445,7749.588787555695,7750.422358512878,7750.511467456818,-0.026524066925048828,-0.018477439880371094,-0.01519918441772461,-0.02205371856689453
1,674,13.48,7753.044366836548,7749.5697140693665,7750.408053398132,7750.489115715027,-0.027418136596679688,-0.019073486328125,-0.01430511474609375,-0.022351741790771484
1,675,13.5,7753.017246723175,7749.552428722382,7750.395238399506,7750.464975833893,-0.027120113372802734,-0.01728534698486328,-0.012814998626708984,-0.024139881134033203
1,676,13.52,7752.989232540131,7749.53305721283,7750.382721424103,7750.442326068878,-0.028014183044433594,-0.019371509552001953,-0.012516975402832031,-0.022649765014648438
1,677,13.540000000000001,7752.959728240967,7749.519944190979,7750.370502471924,7750.420868396759,-0.02950429916381836,-0.013113021850585938,-0.012218952178955078,-0.021457672119140625
1,678,13.56,7752.92843580246,7749.504446983337,7750.358879566193,7750.4003047943115,-0.03129243850708008,-0.015497207641601562,-0.011622905731201172,-0.020563602447509766
1,679,13.58,7752.896547317505,7749.490439891815,7750.347256660461,7750.381529331207,-0.031888484954833984,-0.014007091522216797,-0.011622905731201172,-0.018775463104248047
1,680,13.6,7752.864956855774,7749.473750591278,7750.33563375473,7750.363647937775,-0.03159046173095703,-0.016689300537109375,-0.011622905731201172,-0.017881393432617188
1,681,13.620000000000001,7752.833664417267,7749.45855140686,7750.324606895447,7750.345766544342,-0.03129243850708008,-0.01519918441772461,-0.011026859283447266,-0.017881393432617188
1,682,13.64,7752.802073955536,7749.442756175995,7750.312983989716,7750.326693058014,-0.03159046173095703,-0.015795230865478516,-0.011622905731201172,-0.019073486328125
1,683,13.66,7752.770185470581,7749.426066875458,7750.301659107208,7750.309705734253,-0.031888484954833984,-0.016689300537109375,-0.011324882507324219,-0.016987323760986328
1,684,13.68,7752.739191055298,7749.41086769104,7750.290632247925,7750.291526317596,-0.030994415283203125,-0.01519918441772461,-0.011026859283447266,-0.01817941665649414
1,685,13.700000000000001,7752.708196640015,7749.395668506622,7750.279009342194,7750.27334690094,-0.030994415283203125,-0.01519918441772461,-0.011622905731201172,-0.01817941665649414
1,686,13.72,7752.677500247955,7749.378979206085,7750.267684459686,7750.255465507507,-0.030696392059326172,-0.016689300537109375,-0.011324882507324219,-0.017881393432617188
1,687,13.74,7752.64710187912,7749.3637800216675,7750.256955623627,7750.237286090851,-0.03039836883544922,-0.01519918441772461,-0.010728836059570312,-0.01817941665649414
1,688,13.76,7752.616405487061,7749.34709072113,7750.246226787567,7750.220000743866,-0.030696392059326172,-0.016689300537109375,-0.010728836059570312,-0.01728534698486328
1,689,13.780000000000001,7752.585709095001,7749.331295490265,7750.233709812164,7750.203311443329,-0.030696392059326172,-0.015795230865478516,-0.012516975402832031,-0.016689300537109375
1,690,13.8,7752.5559067726135,7749.3152022361755,7750.221788883209,7750.186324119568,-0.029802322387695312,-0.01609325408935547,-0.011920928955078125,-0.016987323760986328
1,691,13.82,7752.503454685211,7749.312520027161,7750.225365161896,7750.158607959747,-0.05245208740234375,-0.002682209014892578,0.0035762786865234375,-0.02771615982055664
1,692,13.84,7752.447426319122,7749.303877353668,7750.232219696045,7750.138938426971,-0.05602836608886719,-0.00864267349243164,0.006854534149169922,-0.019669532775878906
1,693,13.86,7752.396762371063,7749.293148517609,7750.234305858612,7750.124633312225,-0.05066394805908203,-0.010728836059570312,0.002086162567138672,-0.01430511474609375
1,694,13.88,7752.348482608795,7749.285101890564,7750.227749347687,7750.110328197479,-0.048279762268066406,-0.008046627044677734,-0.006556510925292969,-0.01430511474609375
1,695,13.9,7752.303183078766,7749.277353286743,7750.215530395508,7750.099003314972,-0.045299530029296875,-0.007748603820800781,-0.012218952178955078,-0.011324882507324219
1,696,13.92,7752.25967168808,7749.271094799042,7750.1994371414185,7750.086784362793,-0.043511390686035156,-0.006258487701416016,-0.01609325408935547,-0.012218952178955078
1,697,13.94,7752.218544483185,7749.263644218445,7750.179171562195,7750.077247619629,-0.04112720489501953,-0.007450580596923828,-0.020265579223632812,-0.0095367431640625
1,698,13.96,7752.178311347961,7749.257981777191,7750.155329704285,7750.067412853241,-0.04023313522338867,-0.005662441253662109,-0.02384185791015625,-0.009834766387939453
1,699,13.98,7752.13897228241,7749.253809452057,7750.127911567688,7750.059068202972,-0.03933906555175781,-0.004172325134277344,-0.027418136596679688,-0.008344650268554688
1,700,14.0,7752.101123332977,7749.249041080475,7750.097215175629,7750.052809715271,-0.03784894943237305,-0.00476837158203125,-0.030696392059326172,-0.006258487701416016
1,701,14.02,7752.063870429993,7749.245762825012,7750.064134597778,7750.04655122757,-0.03725290298461914,-0.0032782554626464844,-0.0330805778503418,-0.006258487701416016
1,702,14.040000000000001,7752.027213573456,7749.241888523102,7750.028669834137,7750.042378902435,-0.036656856536865234,-0.0038743019104003906,-0.03546476364135742,-0.004172325134277344
1,703,14.06,7751.990258693695,7749.240398406982,7749.991714954376,7750.0370144844055,-0.03695487976074219,-0.0014901161193847656,-0.03695487976074219,-0.005364418029785156
1,704,14.08,7751.954197883606,7749.238908290863,7749.9523758888245,7750.033140182495,-0.03606081008911133,-0.0014901161193847656,-0.03933906555175781,-0.0038743019104003906
1,705,14.1,7751.917243003845,7749.23712015152,7749.912738800049,7750.0298619270325,-0.03695487976074219,-0.0017881393432617188,-0.039637088775634766,-0.0032782554626464844
1,706,14.120000000000001,7751.880586147308,7749.235033988953,7749.872505664825,7750.028073787689,-0.036656856536865234,-0.002086162567138672,-0.04023313522338867,-0.0017881393432617188
1,707,14.14,7751.844525337219,7749.234735965729,7749.831676483154,7750.02509355545,-0.03606081008911133,-0.0002980232238769531,-0.04082918167114258,-0.0029802322387695312
1,708,14.16,7751.807272434235,7749.233543872833,7749.791145324707,7750.023305416107,-0.03725290298461914,-0.0011920928955078125,-0.040531158447265625,-0.0017881393432617188
1,709,14.18,7751.769721508026,7749.232649803162,7749.750316143036,7750.021517276764,-0.037550926208496094,-0.0008940696716308594,-0.04082918167114258,-0.0017881393432617188
1,710,14.200000000000001,7751.731872558594,7749.232351779938,7749.710381031036,7750.018239021301,-0.03784894943237305,-0.0002980232238769531,-0.03993511199951172,-0.0032782554626464844
1,711,14.22,7751.694321632385,7749.2305636405945,7749.671638011932,7750.015556812286,-0.037550926208496094,-0.0017881393432617188,-0.038743019104003906,-0.002682209014892578
1,712,14.24,7751.656472682953,7749.229073524475,7749.632894992828,7750.013768672943,-0.03784894943237305,-0.0014901161193847656,-0.038743019104003906,-0.0017881393432617188
1,713,14.26,7751.617729663849,7749.227583408356,7749.59534406662,7750.0104904174805,-0.038743019104003906,-0.0014901161193847656,-0.037550926208496094,-0.0032782554626464844
1,714,14.280000000000001,7751.579284667969,7749.225795269012,7749.559581279755,7750.00661611557,-0.03844499588012695,-0.0017881393432617188,-0.035762786865234375,-0.0038743019104003906
1,715,14.3,7751.540839672089,7749.222218990326,7749.525308609009,7750.001847743988,-0.03844499588012695,-0.0035762786865234375,-0.03427267074584961,-0.00476837158203125
1,716,14.32,7751.501202583313,7749.220132827759,7749.494016170502,7749.995291233063,-0.039637088775634766,-0.002086162567138672,-0.03129243850708008,-0.006556510925292969
1,717,14.34,7751.462161540985,7749.215066432953,7749.463617801666,7749.989926815033,-0.03904104232788086,-0.005066394805908203,-0.03039836883544922,-0.005364418029785156
1,718,14.36,7751.423716545105,7749.2111921310425,7749.43470954895,7749.982476234436,-0.03844499588012695,-0.0038743019104003906,-0.028908252716064453,-0.007450580596923828
1,719,14.38,7751.384675502777,7749.204337596893,7749.408483505249,7749.973833560944,-0.03904104232788086,-0.006854534149169922,-0.026226043701171875,-0.00864267349243164
1,720,14.4,7751.3450384140015,7749.1989731788635,7749.384045600891,7749.9642968177795,-0.039637088775634766,-0.005364418029785156,-0.024437904357910156,-0.0095367431640625
1,721,14.42,7751.305997371674,7749.192118644714,7749.361991882324,7749.954164028168,-0.03904104232788086,-0.006854534149169922,-0.02205371856689453,-0.010132789611816406
1,722,14.44,7751.266658306122,7749.184966087341,7749.3420243263245,7749.941945075989,-0.03933906555175781,-0.007152557373046875,-0.01996755599975586,-0.012218952178955078
1,723,14.46,7751.228511333466,7749.175727367401,7749.323546886444,7749.930024147034,-0.03814697265625,-0.009238719940185547,-0.018477439880371094,-0.011920928955078125
1,724,14.48,7751.190066337585,7749.167680740356,7749.306857585907,7749.914824962616,-0.03844499588012695,-0.008046627044677734,-0.016689300537109375,-0.01519918441772461
1,725,14.5,7751.151919364929,7749.156951904297,7749.2934465408325,7749.899923801422,-0.03814697265625,-0.010728836059570312,-0.01341104507446289,-0.014901161193847656
1,726,14.52,7751.114070415497,7749.146223068237,7749.28092956543,7749.883532524109,-0.03784894943237305,-0.010728836059570312,-0.012516975402832031,-0.016391277313232422
1,727,14.540000000000001,7751.076817512512,7749.135494232178,7749.27020072937,7749.8659491539,-0.03725290298461914,-0.010728836059570312,-0.010728836059570312,-0.017583370208740234
1,728,14.56,7751.04433298111,7749.117016792297,7749.259471893311,7749.849259853363,-0.03248453140258789,-0.018477439880371094,-0.010728836059570312,-0.016689300537109375
1,729,14.58,7751.01363658905,7749.10032749176,7749.249637126923,7749.827802181244,-0.030696392059326172,-0.016689300537109375,-0.009834766387939453,-0.021457672119140625
1,730,14.6,7750.982344150543,7749.082148075104,7749.243676662445,7749.80366230011,-0.03129243850708008,-0.01817941665649414,-0.0059604644775390625,-0.024139881134033203
1,731,14.620000000000001,7750.951945781708,7749.064564704895,7749.238908290863,7749.778032302856,-0.03039836883544922,-0.017583370208740234,-0.00476837158203125,-0.02562999725341797
1,732,14.64,7750.921845436096,7749.045491218567,7749.235928058624,7749.7512102127075,-0.030100345611572266,-0.019073486328125,-0.0029802322387695312,-0.02682209014892578
1,733,14.66,7750.891745090485,7749.026119709015,7749.234735965729,7749.724090099335,-0.030100345611572266,-0.019371509552001953,-0.0011920928955078125,-0.027120113372802734
1,734,14.68,7750.861644744873,7749.006748199463,7749.234437942505,7749.696671962738,-0.030100345611572266,-0.019371509552001953,-0.0002980232238769531,-0.027418136596679688
1,735,14.700000000000001,7750.832140445709,7748.9882707595825,7749.235928058624,7749.668061733246,-0.02950429916381836,-0.018477439880371094,0.0014901161193847656,-0.0286102294921875
1,736,14.72,7750.803530216217,7748.968303203583,7749.238014221191,7749.63915348053,-0.0286102294921875,-0.01996755599975586,0.002086162567138672,-0.028908252716064453
1,737,14.74,7750.775516033173,7748.948931694031,7749.240696430206,7749.608755111694,-0.028014183044433594,-0.019371509552001953,0.002682209014892578,-0.03039836883544922
1,738,14.76,7750.748097896576,7748.928666114807,7749.243378639221,7749.5792508125305,-0.027418136596679688,-0.020265579223632812,0.002682209014892578,-0.02950429916381836
1,739,14.780000000000001,7750.721275806427,7748.908698558807,7749.245762825012,7749.550640583038,-0.02682209014892578,-0.01996755599975586,0.002384185791015625,-0.0286102294921875
1,740,14.8,7750.694453716278,7748.888731002808,7749.248743057251,7749.520838260651,-0.02682209014892578,-0.01996755599975586,0.0029802322387695312,-0.029802322387695312
1,741,14.82,7750.668525695801,7748.868465423584,7749.25172328949,7749.491333961487,-0.025928020477294922,-0.020265579223632812,0.0029802322387695312,-0.02950429916381836
1,742,14.84,7750.643193721771,7748.8502860069275,7749.253809452057,7749.461233615875,-0.025331974029541016,-0.01817941665649414,0.002086162567138672,-0.030100345611572266
1,743,14.86,7750.619053840637,7748.831510543823,7749.254405498505,7749.431431293488,-0.024139881134033203,-0.018775463104248047,0.0005960464477539062,-0.029802322387695312
1,744,14.88,7750.594913959503,7748.812735080719,7749.255001544952,7749.404013156891,-0.024139881134033203,-0.018775463104248047,0.0005960464477539062,-0.027418136596679688
1,745,14.9,7750.571668148041,7748.794853687286,7749.254405498505,7749.375998973846,-0.023245811462402344,-0.017881393432617188,-0.0005960464477539062,-0.028014183044433594
1,746,14.92,7750.548422336578,7748.776078224182,7749.253511428833,7749.34858083725,-0.023245811462402344,-0.018775463104248047,-0.0008940696716308594,-0.027418136596679688
1,747,14.94,7750.5263686180115,7748.759388923645,7749.25023317337,7749.320864677429,-0.02205371856689453,-0.016689300537109375,-0.0032782554626464844,-0.02771615982055664
1,748,14.96,7750.504910945892,7748.742699623108,7749.24635887146,7749.294936656952,-0.021457672119140625,-0.016689300537109375,-0.0038743019104003906,-0.025928020477294922
1,749,14.98,7750.483751296997,7748.726010322571,7749.240696430206,7749.269902706146,-0.021159648895263672,-0.016689300537109375,-0.005662441253662109,-0.025033950805664062
1,750,15.0,7750.462889671326,7748.711705207825,7749.233841896057,7749.244272708893,-0.02086162567138672,-0.01430511474609375,-0.006854534149169922,-0.02562999725341797
1,751,15.02,7750.442922115326,7748.695015907288,7749.225497245789,7749.221324920654,-0.01996755599975586,-0.016689300537109375,-0.008344650268554688,-0.02294778823852539
1,752,15.040000000000001,7750.422656536102,7748.681604862213,7749.215662479401,7749.1989731788635,-0.020265579223632812,-0.01341104507446289,-0.009834766387939453,-0.022351741790771484
1,753,15.06,7750.402987003326,7748.667895793915,7749.204039573669,7749.1772174835205,-0.019669532775878906,-0.013709068298339844,-0.011622905731201172,-0.021755695343017578
1,754,15.08,7750.3833174705505,7748.65448474884,7749.192118644714,7749.156057834625,-0.019669532775878906,-0.01341104507446289,-0.011920928955078125,-0.021159648895263672
1,755,15.1,7750.364542007446,7748.641669750214,7749.178111553192,7749.136984348297,-0.018775463104248047,-0.012814998626708984,-0.014007091522216797,-0.019073486328125
1,756,15.120000000000001,7750.345170497894,7748.630046844482,7749.162316322327,7749.117910861969,-0.019371509552001953,-0.011622905731201172,-0.015795230865478516,-0.019073486328125
1,757,15.14,7750.326693058014,7748.618423938751,7749.14413690567,7749.101221561432,-0.018477439880371094,-0.011622905731201172,-0.01817941665649414,-0.016689300537109375
1,758,15.16,7750.307619571686,7748.608291149139,7749.126255512238,7749.083936214447,-0.019073486328125,-0.010132789611816406,-0.017881393432617188,-0.01728534698486328
1,759,15.18,7750.2888441085815,7748.597264289856,7749.10569190979,7749.069035053253,-0.018775463104248047,-0.011026859283447266,-0.020563602447509766,-0.014901161193847656
1,760,15.200000000000001,7750.270068645477,7748.58832359314,7749.084830284119,7749.054133892059,-0.018775463104248047,-0.008940696716308594,-0.02086162567138672,-0.014901161193847656
1,761,15.22,7750.251591205597,7748.577892780304,7749.063074588776,7749.041318893433,-0.018477439880371094,-0.01043081283569336,-0.021755695343017578,-0.012814998626708984
1,762,15.24,7750.232815742493,7748.5692501068115,7749.039828777313,7749.029099941254,-0.018775463104248047,-0.00864267349243164,-0.023245811462402344,-0.012218952178955078
1,763,15.26,7750.214338302612,7748.5597133636475,7749.015986919403,7749.017775058746,-0.018477439880371094,-0.0095367431640625,-0.02384185791015625,-0.011324882507324219
1,764,15.280000000000001,7750.194370746613,7748.5522627830505,7748.991250991821,7749.006450176239,-0.01996755599975586,-0.007450580596923828,-0.02473592758178711,-0.011324882507324219
1,765,15.3,7750.174701213837,7748.544812202454,7748.965620994568,7748.996317386627,-0.019669532775878906,-0.007450580596923828,-0.02562999725341797,-0.010132789611816406
1,766,15.32,7750.155925750732,7748.537361621857,7748.939990997314,7748.986780643463,-0.018775463104248047,-0.007450580596923828,-0.02562999725341797,-0.0095367431640625
1,767,15.34,7750.135958194733,7748.528718948364,7748.913466930389,7748.978137969971,-0.01996755599975586,-0.00864267349243164,-0.026524066925048828,-0.00864267349243164
1,768,15.36,7750.115692615509,7748.523056507111,7748.887538909912,7748.969495296478,-0.020265579223632812,-0.005662441253662109,-0.025928020477294922,-0.00864267349243164
1,769,15.38,7750.096321105957,7748.51530790329,7748.861014842987,7748.962044715881,-0.019371509552001953,-0.007748603820800781,-0.026524066925048828,-0.007450580596923828
1,770,15.4,7750.076055526733,7748.508453369141,7748.834788799286,7748.953998088837,-0.020265579223632812,-0.006854534149169922,-0.026226043701171875,-0.008046627044677734
1,771,15.42,7750.060260295868,7748.4917640686035,7748.810946941376,7748.951017856598,-0.015795230865478516,-0.016689300537109375,-0.02384185791015625,-0.0029802322387695312
1,772,15.44,7750.04655122757,7748.475968837738,7748.788595199585,7748.943865299225,-0.013709068298339844,-0.015795230865478516,-0.022351741790771484,-0.007152557373046875
1,773,15.46,7750.032544136047,7748.46076965332,7748.768329620361,7748.933136463165,-0.014007091522216797,-0.01519918441772461,-0.020265579223632812,-0.010728836059570312
1,774,15.48,7750.018835067749,7748.445570468903,7748.748362064362,7748.9230036735535,-0.013709068298339844,-0.01519918441772461,-0.01996755599975586,-0.010132789611816406
1,775,15.5,7750.004827976227,7748.4312653541565,7748.729288578033,7748.9107847213745,-0.014007091522216797,-0.01430511474609375,-0.019073486328125,-0.012218952178955078
1,776,15.52,7749.989926815033,7748.41696023941,7748.712599277496,7748.898565769196,-0.014901161193847656,-0.01430511474609375,-0.016689300537109375,-0.012218952178955078
1,777,15.540000000000001,7749.975025653839,7748.40384721756,7748.695611953735,7748.886048793793,-0.014901161193847656,-0.013113021850585938,-0.016987323760986328,-0.012516975402832031
1,778,15.56,7749.960124492645,7748.389542102814,7748.679220676422,7748.87353181839,-0.014901161193847656,-0.01430511474609375,-0.016391277313232422,-0.012516975402832031
1,779,15.58,7749.94432926178,7748.377025127411,7748.664021492004,7748.859822750092,-0.015795230865478516,-0.012516975402832031,-0.01519918441772461,-0.013709068298339844
1,780,15.6,7749.928832054138,7748.363614082336,7748.649716377258,7748.8455176353455,-0.015497207641601562,-0.01341104507446289,-0.01430511474609375,-0.01430511474609375
1,781,15.620000000000001,7749.912738800049,7748.350203037262,7748.636603355408,7748.831808567047,-0.01609325408935547,-0.01341104507446289,-0.013113021850585938,-0.013709068298339844
1,782,15.64,7749.896347522736,7748.3367919921875,7748.623192310333,7748.817503452301,-0.016391277313232422,-0.01341104507446289,-0.01341104507446289,-0.01430511474609375
1,783,15.66,7749.8796582221985,7748.323976993561,7748.611867427826,7748.802602291107,-0.016689300537109375,-0.012814998626708984,-0.011324882507324219,-0.014901161193847656
1,784,15.68,7749.862968921661,7748.309373855591,7748.60143661499,7748.789191246033,-0.016689300537109375,-0.014603137969970703,-0.01043081283569336,-0.01341104507446289
1,785,15.700000000000001,7749.8459815979,7748.295962810516,7748.590707778931,7748.773694038391,-0.016987323760986328,-0.01341104507446289,-0.010728836059570312,-0.015497207641601562
1,786,15.72,7749.828398227692,7748.282253742218,7748.581767082214,7748.758494853973,-0.017583370208740234,-0.013709068298339844,-0.008940696716308594,-0.01519918441772461
1,787,15.74,7749.811410903931,7748.267948627472,7748.57372045517,7748.743295669556,-0.016987323760986328,-0.01430511474609375,-0.008046627044677734,-0.01519918441772461
1,788,15.76,7749.794125556946,7748.253345489502,7748.566567897797,7748.728096485138,-0.01728534698486328,-0.014603137969970703,-0.007152557373046875,-0.01519918441772461
1,789,15.780000000000001,7749.775946140289,7748.238742351532,7748.5597133636475,7748.71289730072,-0.01817941665649414,-0.014603137969970703,-0.006854534149169922,-0.01519918441772461
1,790,15.8,7749.758064746857,7748.22473526001,7748.553454875946,7748.696506023407,-0.017881393432617188,-0.014007091522216797,-0.006258487701416016,-0.016391277313232422
1,791,15.82,7749.741077423096,7748.209834098816,7748.548686504364,7748.67981672287,-0.016987323760986328,-0.014901161193847656,-0.00476837158203125,-0.016689300537109375
1,792,15.84,7749.723792076111,7748.19552898407,7748.543918132782,7748.662531375885,-0.01728534698486328,-0.01430511474609375,-0.00476837158203125,-0.01728534698486328
1,793,15.860000000000001,7749.706208705902,7748.180627822876,7748.539447784424,7748.647332191467,-0.017583370208740234,-0.014901161193847656,-0.004470348358154297,-0.01519918441772461
1,794,15.88,7749.688923358917,7748.1648325920105,7748.535573482513,7748.631536960602,-0.01728534698486328,-0.015795230865478516,-0.0038743019104003906,-0.015795230865478516
1,795,15.9,7749.6713399887085,7748.1502294540405,7748.531997203827,7748.614847660065,-0.017583370208740234,-0.014603137969970703,-0.0035762786865234375,-0.016689300537109375
1,796,15.92,7749.6543526649475,7748.135924339294,7748.529613018036,7748.597264289856,-0.016987323760986328,-0.01430511474609375,-0.002384185791015625,-0.017583370208740234
1,797,15.94,7749.636769294739,7748.120427131653,7748.526334762573,7748.580873012543,-0.017583370208740234,-0.015497207641601562,-0.0032782554626464844,-0.016391277313232422
1,798,15.96,7749.619781970978,7748.104631900787,7748.524248600006,7748.565077781677,-0.016987323760986328,-0.015795230865478516,-0.002086162567138672,-0.015795230865478516
1,799,15.98,7749.603092670441,7748.090326786041,7748.521566390991,7748.548686504364,-0.016689300537109375,-0.01430511474609375,-0.002682209014892578,-0.016391277313232422
1,800,16.0,7749.586701393127,7748.0751276016235,7748.518884181976,7748.531401157379,-0.016391277313232422,-0.01519918441772461,-0.002682209014892578,-0.01728534698486328
1,801,16.02,7749.570310115814,7748.060822486877,7748.516499996185,7748.514711856842,-0.016391277313232422,-0.01430511474609375,-0.002384185791015625,-0.016689300537109375
1,802,16.04,7749.553620815277,7748.045921325684,7748.513221740723,7748.498618602753,-0.016689300537109375,-0.014901161193847656,-0.0032782554626464844,-0.01609325408935547
1,803,16.06,7749.5381236076355,7748.031318187714,7748.510539531708,7748.483121395111,-0.015497207641601562,-0.014603137969970703,-0.002682209014892578,-0.015497207641601562
1,804,16.080000000000002,7749.522030353546,7748.0170130729675,7748.507559299469,7748.4676241874695,-0.01609325408935547,-0.01430511474609375,-0.0029802322387695312,-0.015497207641601562
1,805,16.1,7749.506235122681,7748.003602027893,7748.5039830207825,7748.451232910156,-0.015795230865478516,-0.01341104507446289,-0.0035762786865234375,-0.016391277313232422
1,806,16.12,7749.491035938263,7747.989594936371,7748.500108718872,7748.4360337257385,-0.01519918441772461,-0.014007091522216797,-0.0038743019104003906,-0.01519918441772461
1,807,16.14,7749.475538730621,7747.975587844849,7748.496830463409,7748.420238494873,-0.015497207641601562,-0.014007091522216797,-0.0032782554626464844,-0.015795230865478516
1,808,16.16,7749.460339546204,7747.962176799774,7748.492062091827,7748.406231403351,-0.01519918441772461,-0.01341104507446289,-0.00476837158203125,-0.014007091522216797
1,809,16.18,7749.445140361786,7747.949063777924,7748.486399650574,7748.3925223350525,-0.01519918441772461,-0.013113021850585938,-0.005662441253662109,-0.013709068298339844
1,810,16.2,7749.429941177368,7747.9371428489685,7748.48073720932,7748.377621173859,-0.01519918441772461,-0.011920928955078125,-0.005662441253662109,-0.014901161193847656
1,811,16.22,7749.415636062622,7747.924625873566,7748.474478721619,7748.36391210556,-0.01430511474609375,-0.012516975402832031,-0.006258487701416016,-0.013709068298339844
1,812,16.240000000000002,7749.401032924652,7747.912704944611,7748.468220233917,7748.350203037262,-0.014603137969970703,-0.011920928955078125,-0.006258487701416016,-0.013709068298339844
1,813,16.26,7749.387621879578,7747.9007840156555,7748.46076965332,7748.337686061859,-0.01341104507446289,-0.011920928955078125,-0.007450580596923828,-0.012516975402832031
1,814,16.28,7749.37242269516,7747.890055179596,7748.453617095947,7748.324275016785,-0.01519918441772461,-0.010728836059570312,-0.007152557373046875,-0.01341104507446289
1,815,16.3,7749.358415603638,7747.878730297089,7748.444676399231,7748.3126521110535,-0.014007091522216797,-0.011324882507324219,-0.008940696716308594,-0.011622905731201172
1,816,16.32,7749.343812465668,7747.868597507477,7748.435437679291,7748.300731182098,-0.014603137969970703,-0.010132789611816406,-0.009238719940185547,-0.011920928955078125
1,817,16.34,7749.3298053741455,7747.858166694641,7748.4264969825745,7748.289406299591,-0.014007091522216797,-0.01043081283569336,-0.008940696716308594,-0.011324882507324219
1,818,16.36,7749.315798282623,7747.848331928253,7748.415768146515,7748.278379440308,-0.014007091522216797,-0.009834766387939453,-0.010728836059570312,-0.011026859283447266
1,819,16.38,7749.301791191101,7747.839391231537,7748.405337333679,7748.267948627472,-0.014007091522216797,-0.008940696716308594,-0.01043081283569336,-0.01043081283569336
1,820,16.4,7749.287784099579,7747.829556465149,7748.394310474396,7748.258411884308,-0.014007091522216797,-0.009834766387939453,-0.011026859283447266,-0.0095367431640625
1,821,16.42,7749.273777008057,7747.821807861328,7748.382091522217,7748.247683048248,-0.014007091522216797,-0.007748603820800781,-0.012218952178955078,-0.010728836059570312
1,822,16.44,7749.259173870087,7747.812569141388,7748.370468616486,7748.238742351532,-0.014603137969970703,-0.009238719940185547,-0.011622905731201172,-0.008940696716308594
1,823,16.46,7749.245464801788,7747.805416584015,7748.357355594635,7748.229205608368,-0.013709068298339844,-0.007152557373046875,-0.013113021850585938,-0.0095367431640625
1,824,16.48,7749.231457710266,7747.79736995697,7748.345136642456,7748.2205629348755,-0.014007091522216797,-0.008046627044677734,-0.012218952178955078,-0.00864267349243164
1,825,16.5,7749.218046665192,7747.7893233299255,7748.331725597382,7748.21013212204,-0.01341104507446289,-0.008046627044677734,-0.01341104507446289,-0.01043081283569336
1,826,16.52,7749.205529689789,7747.781276702881,7748.318612575531,7748.195230960846,-0.012516975402832031,-0.008046627044677734,-0.013113021850585938,-0.014901161193847656
1,827,16.54,7749.192416667938,7747.77352809906,7748.301327228546,7748.18629026413,-0.013113021850585938,-0.007748603820800781,-0.01728534698486328,-0.008940696716308594
1,828,16.56,7749.181687831879,7747.762203216553,7748.284637928009,7748.179137706757,-0.010728836059570312,-0.011324882507324219,-0.016689300537109375,-0.007152557373046875
1,829,16.580000000000002,7749.169766902924,7747.752666473389,7748.269438743591,7748.1696009635925,-0.011920928955078125,-0.0095367431640625,-0.01519918441772461,-0.0095367431640625
1,830,16.6,7749.156355857849,7747.743725776672,7748.2545375823975,7748.160660266876,-0.01341104507446289,-0.008940696716308594,-0.014901161193847656,-0.008940696716308594
1,831,16.62,7749.1432428359985,7747.734189033508,7748.23933839798,7748.152017593384,-0.013113021850585938,-0.0095367431640625,-0.01519918441772461,-0.00864267349243164
1,832,16.64,7749.128937721252,7747.7264404296875,7748.2253313064575,7748.142778873444,-0.01430511474609375,-0.007748603820800781,-0.014007091522216797,-0.009238719940185547
1,833,16.66,7749.115824699402,7747.716903686523,7748.211622238159,7748.134434223175,-0.013113021850585938,-0.0095367431640625,-0.013709068298339844,-0.008344650268554688
1,834,16.68,7749.101519584656,7747.708261013031,7748.198211193085,7748.125195503235,-0.01430511474609375,-0.00864267349243164,-0.01341104507446289,-0.009238719940185547
1,835,16.7,7749.0875124931335,7747.698724269867,7748.18480014801,7748.117446899414,-0.014007091522216797,-0.0095367431640625,-0.01341104507446289,-0.007748603820800781
1,836,16.72,7749.072909355164,7747.690379619598,7748.173177242279,7748.108804225922,-0.014603137969970703,-0.008344650268554688,-0.011622905731201172,-0.00864267349243164
1,837,16.740000000000002,7749.05800819397,7747.6829290390015,7748.161554336548,7748.099267482758,-0.014901161193847656,-0.007450580596923828,-0.011622905731201172,-0.0095367431640625
1,838,16.76,7749.043107032776,7747.673392295837,7748.1502294540405,7748.091518878937,-0.014901161193847656,-0.0095367431640625,-0.011324882507324219,-0.007748603820800781
1,839,16.78,7749.028205871582,7747.665047645569,7748.138606548309,7748.0825781822205,-0.014901161193847656,-0.008344650268554688,-0.011622905731201172,-0.008940696716308594
1,840,16.8,7749.013900756836,7747.657597064972,7748.127579689026,7748.073041439056,-0.01430511474609375,-0.007450580596923828,-0.011026859283447266,-0.0095367431640625
1,841,16.82,7748.999297618866,7747.648358345032,7748.11714887619,7748.064994812012,-0.014603137969970703,-0.009238719940185547,-0.01043081283569336,-0.008046627044677734
1,842,16.84,7748.984098434448,7747.640907764435,7748.106420040131,7748.055458068848,-0.01519918441772461,-0.007450580596923828,-0.010728836059570312,-0.0095367431640625
1,843,16.86,7748.969197273254,7747.632265090942,7748.096883296967,7748.0462193489075,-0.014901161193847656,-0.00864267349243164,-0.0095367431640625,-0.009238719940185547
1,844,16.88,7748.954594135284,7747.623324394226,7748.0873465538025,7748.036980628967,-0.014603137969970703,-0.008940696716308594,-0.0095367431640625,-0.009238719940185547
1,845,16.9,7748.939990997314,7747.615873813629,7748.077809810638,7748.027145862579,-0.014603137969970703,-0.007450580596923828,-0.0095367431640625,-0.009834766387939453
1,846,16.92,7748.925685882568,7747.607231140137,7748.068571090698,7748.018205165863,-0.01430511474609375,-0.00864267349243164,-0.009238719940185547,-0.008940696716308594
1,847,16.94,7748.910486698151,7747.59978055954,7748.06022644043,7748.008072376251,-0.01519918441772461,-0.007450580596923828,-0.008344650268554688,-0.010132789611816406
1,848,16.96,7748.895585536957,7747.591435909271,7748.052179813385,7747.998237609863,-0.014901161193847656,-0.008344650268554688,-0.008046627044677734,-0.009834766387939453
1,849,16.98,7748.880982398987,7747.583389282227,7748.0438351631165,7747.989594936371,-0.014603137969970703,-0.008046627044677734,-0.008344650268554688,-0.00864267349243164
1,850,17.0,7748.866677284241,7747.57593870163,7748.035192489624,7747.979462146759,-0.01430511474609375,-0.007450580596923828,-0.00864267349243164,-0.010132789611816406
1,851,17.02,7748.852074146271,7747.568786144257,7748.027443885803,7747.969627380371,-0.014603137969970703,-0.007152557373046875,-0.007748603820800781,-0.009834766387939453
1,852,17.04,7748.837769031525,7747.5616335868835,7748.019099235535,7747.959196567535,-0.01430511474609375,-0.007152557373046875,-0.008344650268554688,-0.01043081283569336
1,853,17.06,7748.823165893555,7747.552990913391,7748.011350631714,7747.950553894043,-0.014603137969970703,-0.00864267349243164,-0.007748603820800781,-0.00864267349243164
1,854,17.080000000000002,7748.808860778809,7747.546434402466,7748.003304004669,7747.941315174103,-0.01430511474609375,-0.006556510925292969,-0.008046627044677734,-0.009238719940185547
1,855,17.1,7748.7945556640625,7747.538685798645,7747.9952573776245,7747.9323744773865,-0.01430511474609375,-0.007748603820800781,-0.008046627044677734,-0.008940696716308594
1,856,17.12,7748.780846595764,7747.532427310944,7747.987508773804,7747.922241687775,-0.013709068298339844,-0.006258487701416016,-0.007748603820800781,-0.010132789611816406
1,857,17.14,7748.76743555069,7747.525572776794,7747.979164123535,7747.912704944611,-0.01341104507446289,-0.006854534149169922,-0.008344650268554688,-0.0095367431640625
1,858,17.16,7748.754322528839,7747.518420219421,7747.971415519714,7747.9031682014465,-0.013113021850585938,-0.007152557373046875,-0.007748603820800781,-0.0095367431640625
1,859,17.18,7748.739719390869,7747.5109696388245,7747.96336889267,7747.894823551178,-0.014603137969970703,-0.007450580596923828,-0.008046627044677734,-0.008344650268554688
1,860,17.2,7748.726010322571,7747.505605220795,7747.955024242401,7747.885882854462,-0.013709068298339844,-0.005364418029785156,-0.008344650268554688,-0.008940696716308594
1,861,17.22,7748.712599277496,7747.499346733093,7747.946977615356,7747.87575006485,-0.01341104507446289,-0.006258487701416016,-0.008046627044677734,-0.010132789611816406
1,862,17.240000000000002,7748.699486255646,7747.491896152496,7747.938334941864,7747.867703437805,-0.013113021850585938,-0.007450580596923828,-0.00864267349243164,-0.008046627044677734
1,863,17.26,7748.686373233795,7747.48682975769,7747.929692268372,7747.858464717865,-0.013113021850585938,-0.005066394805908203,-0.00864267349243164,-0.009238719940185547
1,864,17.28,7748.6735582351685,7747.480273246765,7747.921049594879,7747.849822044373,-0.012814998626708984,-0.006556510925292969,-0.00864267349243164,-0.00864267349243164
1,865,17.3,7748.660743236542,7747.475206851959,7747.912406921387,7747.8402853012085,-0.012814998626708984,-0.005066394805908203,-0.00864267349243164,-0.0095367431640625
1,866,17.32,7748.648226261139,7747.469544410706,7747.903764247894,7747.831642627716,-0.012516975402832031,-0.005662441253662109,-0.00864267349243164,-0.00864267349243164
1,867,17.34,7748.634815216064,7747.463285923004,7747.895419597626,7747.823894023895,-0.01341104507446289,-0.006258487701416016,-0.008344650268554688,-0.007748603820800781
1,868,17.36,7748.622000217438,7747.458219528198,7747.886180877686,7747.8161454200745,-0.012814998626708984,-0.005066394805908203,-0.009238719940185547,-0.007748603820800781
1,869,17.38,7748.609185218811,7747.4528551101685,7747.8766441345215,7747.808396816254,-0.012814998626708984,-0.005364418029785156,-0.0095367431640625,-0.007748603820800781
1,870,17.400000000000002,7748.596966266632,7747.447490692139,7747.867703437805,7747.800350189209,-0.012218952178955078,-0.005364418029785156,-0.008940696716308594,-0.008046627044677734
1,871,17.42,7748.584151268005,7747.442424297333,7747.858166694641,7747.792601585388,-0.012814998626708984,-0.005066394805908203,-0.0095367431640625,-0.007748603820800781
1,872,17.44,7748.5716342926025,7747.437059879303,7747.849225997925,7747.785747051239,-0.012516975402832031,-0.005364418029785156,-0.008940696716308594,-0.006854534149169922
1,873,17.46,7748.559415340424,7747.432887554169,7747.839391231537,7747.777998447418,-0.012218952178955078,-0.004172325134277344,-0.009834766387939453,-0.007748603820800781
1,874,17.48,7748.546600341797,7747.428417205811,7747.829556465149,7747.771441936493,-0.012814998626708984,-0.004470348358154297,-0.009834766387939453,-0.006556510925292969
1,875,17.5,7748.534679412842,7747.4236488342285,7747.819721698761,7747.76428937912,-0.011920928955078125,-0.00476837158203125,-0.009834766387939453,-0.007152557373046875
1,876,17.52,7748.522460460663,7747.4188804626465,7747.810482978821,7747.757136821747,-0.012218952178955078,-0.00476837158203125,-0.009238719940185547,-0.007152557373046875
1,877,17.54,7748.50994348526,7747.415602207184,7747.800648212433,7747.749984264374,-0.012516975402832031,-0.0032782554626464844,-0.009834766387939453,-0.007152557373046875
1,878,17.56,7748.498320579529,7747.410535812378,7747.790515422821,7747.744023799896,-0.011622905731201172,-0.005066394805908203,-0.010132789611816406,-0.0059604644775390625
1,879,17.580000000000002,7748.48610162735,7747.405767440796,7747.780382633209,7747.737467288971,-0.012218952178955078,-0.00476837158203125,-0.010132789611816406,-0.006556510925292969
1,880,17.6,7748.473882675171,7747.401297092438,7747.770249843597,7747.7312088012695,-0.012218952178955078,-0.004470348358154297,-0.010132789611816406,-0.006258487701416016
1,881,17.62,7748.461365699768,7747.39682674408,7747.760713100433,7747.72584438324,-0.012516975402832031,-0.004470348358154297,-0.0095367431640625,-0.005364418029785156
1,882,17.64,7748.449444770813,7747.392952442169,7747.7505803108215,7747.719883918762,-0.011920928955078125,-0.0038743019104003906,-0.010132789611816406,-0.0059604644775390625
1,883,17.66,7748.437523841858,7747.388184070587,7747.740745544434,7747.7142214775085,-0.011920928955078125,-0.00476837158203125,-0.009834766387939453,-0.005662441253662109
1,884,17.68,7748.425602912903,7747.3849058151245,7747.730910778046,7747.707664966583,-0.011920928955078125,-0.0032782554626464844,-0.009834766387939453,-0.006556510925292969
1,885,17.7,7748.413383960724,7747.381031513214,7747.721374034882,7747.70200252533,-0.012218952178955078,-0.0038743019104003906,-0.0095367431640625,-0.005662441253662109
1,886,17.72,7748.400866985321,7747.375965118408,7747.712135314941,7747.696340084076,-0.012516975402832031,-0.005066394805908203,-0.009238719940185547,-0.005662441253662109
1,887,17.740000000000002,7748.388946056366,7747.372090816498,7747.70200252533,7747.69127368927,-0.011920928955078125,-0.0038743019104003906,-0.010132789611816406,-0.005066394805908203
1,888,17.76,7748.376727104187,7747.369110584259,7747.692167758942,7747.685611248016,-0.012218952178955078,-0.0029802322387695312,-0.009834766387939453,-0.005662441253662109
1,889,17.78,7748.365104198456,7747.364640235901,7747.6829290390015,7747.680246829987,-0.011622905731201172,-0.004470348358154297,-0.009238719940185547,-0.005364418029785156
1,890,17.8,7748.353183269501,7747.360169887543,7747.673392295837,7747.6754784584045,-0.011920928955078125,-0.004470348358154297,-0.0095367431640625,-0.00476837158203125
1,891,17.82,7748.341262340546,7747.356295585632,7747.664451599121,7747.669816017151,-0.011920928955078125,-0.0038743019104003906,-0.008940696716308594,-0.005662441253662109
1,892,17.84,7748.329639434814,7747.352123260498,7747.655808925629,7747.664153575897,-0.011622905731201172,-0.004172325134277344,-0.00864267349243164,-0.005662441253662109
1,893,17.86,7748.317718505859,7747.347950935364,7747.646868228912,7747.659385204315,-0.011920928955078125,-0.004172325134277344,-0.008940696716308594,-0.00476837158203125
1,894,17.88,7748.30549955368,7747.343480587006,7747.63822555542,7747.654318809509,-0.012218952178955078,-0.004470348358154297,-0.00864267349243164,-0.005066394805908203
1,895,17.900000000000002,7748.294174671173,7747.339904308319,7747.6295828819275,7747.648656368256,-0.011324882507324219,-0.0035762786865234375,-0.00864267349243164,-0.005662441253662109
1,896,17.92,7748.282551765442,7747.336030006409,7747.621536254883,7747.642695903778,-0.011622905731201172,-0.0038743019104003906,-0.008046627044677734,-0.0059604644775390625
1,897,17.94,7748.270928859711,7747.331261634827,7747.6125955581665,7747.638821601868,-0.011622905731201172,-0.00476837158203125,-0.008940696716308594,-0.0038743019104003906
1,898,17.96,7748.2593059539795,7747.327387332916,7747.603952884674,7747.633457183838,-0.011622905731201172,-0.0038743019104003906,-0.00864267349243164,-0.005364418029785156
1,899,17.98,7748.247981071472,7747.324109077454,7747.596204280853,7747.6271986961365,-0.011324882507324219,-0.0032782554626464844,-0.007748603820800781,-0.006258487701416016
1,900,18.0,7748.236060142517,7747.319340705872,7747.58905172348,7747.621834278107,-0.011920928955078125,-0.00476837158203125,-0.007152557373046875,-0.005364418029785156
1,901,18.02,7748.225033283234,7747.31457233429,7747.581303119659,7747.6173639297485,-0.011026859283447266,-0.00476837158203125,-0.007748603820800781,-0.004470348358154297
1,902,18.04,7748.213708400726,7747.311592102051,7747.5738525390625,7747.6102113723755,-0.011324882507324219,-0.0029802322387695312,-0.007450580596923828,-0.007152557373046875
1,903,18.06,7748.202085494995,7747.306525707245,7747.566699981689,7747.605741024017,-0.011622905731201172,-0.005066394805908203,-0.007152557373046875,-0.004470348358154297
1,904,18.080000000000002,7748.191356658936,7747.302055358887,7747.558653354645,7747.600376605988,-0.010728836059570312,-0.004470348358154297,-0.008046627044677734,-0.005364418029785156
1,905,18.1,7748.180329799652,7747.298777103424,7747.5520968437195,7747.594714164734,-0.011026859283447266,-0.0032782554626464844,-0.006556510925292969,-0.005662441253662109
1,906,18.12,7748.169302940369,7747.294008731842,7747.545838356018,7747.588157653809,-0.011026859283447266,-0.00476837158203125,-0.006258487701416016,-0.006556510925292969
1,907,18.14,7748.158574104309,7747.289538383484,7747.538685798645,7747.583389282227,-0.010728836059570312,-0.004470348358154297,-0.007152557373046875,-0.00476837158203125
1,908,18.16,7748.147547245026,7747.2856640815735,7747.531533241272,7747.577130794525,-0.011026859283447266,-0.0038743019104003906,-0.007152557373046875,-0.006258487701416016
1,909,18.18,7748.136222362518,7747.280299663544,7747.525274753571,7747.572362422943,-0.011324882507324219,-0.005364418029785156,-0.006258487701416016,-0.00476837158203125
1,910,18.2,7748.125195503235,7747.276723384857,7747.519314289093,7747.566401958466,-0.011026859283447266,-0.0035762786865234375,-0.0059604644775390625,-0.0059604644775390625
1,911,18.22,7748.115360736847,7747.272253036499,7747.513055801392,7747.561037540436,-0.009834766387939453,-0.004470348358154297,-0.006258487701416016,-0.005364418029785156
1,912,18.240000000000002,7748.1043338775635,7747.268378734589,7747.50679731369,7747.553884983063,-0.011026859283447266,-0.0038743019104003906,-0.006258487701416016,-0.007152557373046875
1,913,18.26,7748.094797134399,7747.265100479126,7747.500538825989,7747.547626495361,-0.0095367431640625,-0.0032782554626464844,-0.006258487701416016,-0.006258487701416016
1,914,18.28,7748.084664344788,7747.26003408432,7747.4939823150635,7747.542858123779,-0.010132789611816406,-0.005066394805908203,-0.006556510925292969,-0.00476837158203125
1,915,18.3,7748.073637485504,7747.255563735962,7747.48831987381,7747.537195682526,-0.011026859283447266,-0.004470348358154297,-0.005662441253662109,-0.005662441253662109
1,916,18.32,7748.063802719116,7747.251987457275,7747.482359409332,7747.530937194824,-0.009834766387939453,-0.0035762786865234375,-0.0059604644775390625,-0.006258487701416016
1,917,18.34,7748.053967952728,7747.247815132141,7747.476696968079,7747.524678707123,-0.009834766387939453,-0.004172325134277344,-0.005662441253662109,-0.006258487701416016
1,918,18.36,7748.0438351631165,7747.243642807007,7747.470736503601,7747.518718242645,-0.010132789611816406,-0.004172325134277344,-0.0059604644775390625,-0.0059604644775390625
1,919,18.38,7748.034298419952,7747.24006652832,7747.465670108795,7747.51216173172,-0.0095367431640625,-0.0035762786865234375,-0.005066394805908203,-0.006556510925292969
1,920,18.400000000000002,7748.024165630341,7747.2347021102905,7747.459709644318,7747.507393360138,-0.010132789611816406,-0.005364418029785156,-0.0059604644775390625,-0.00476837158203125
1,921,18.42,7748.0146288871765,7747.231721878052,7747.454047203064,7747.5011348724365,-0.0095367431640625,-0.0029802322387695312,-0.005662441253662109,-0.006258487701416016
1,922,18.44,7748.005092144012,7747.22695350647,7747.44838476181,7747.496068477631,-0.0095367431640625,-0.00476837158203125,-0.005662441253662109,-0.005066394805908203
1,923,18.46,7747.995555400848,7747.224271297455,7747.442722320557,7747.489511966705,-0.0095367431640625,-0.002682209014892578,-0.005662441253662109,-0.006556510925292969
1,924,18.48,7747.986316680908,7747.220098972321,7747.437059879303,7747.483551502228,-0.009238719940185547,-0.004172325134277344,-0.005662441253662109,-0.0059604644775390625
1,925,18.5,7747.977375984192,7747.215628623962,7747.431695461273,7747.478187084198,-0.008940696716308594,-0.004470348358154297,-0.005364418029785156,-0.005364418029785156
1,926,18.52,7747.968137264252,7747.211456298828,7747.425734996796,7747.472524642944,-0.009238719940185547,-0.004172325134277344,-0.0059604644775390625,-0.005662441253662109
1,927,18.54,7747.958302497864,7747.2081780433655,7747.420370578766,7747.467160224915,-0.009834766387939453,-0.0032782554626464844,-0.005364418029785156,-0.005364418029785156
1,928,18.56,7747.9493618011475,7747.204601764679,7747.415602207184,7747.4600076675415,-0.008940696716308594,-0.0035762786865234375,-0.00476837158203125,-0.007152557373046875
1,929,18.580000000000002,7747.940123081207,7747.200727462769,7747.410237789154,7747.454941272736,-0.009238719940185547,-0.0038743019104003906,-0.005364418029785156,-0.005066394805908203
1,930,18.6,7747.931480407715,7747.197449207306,7747.403979301453,7747.449278831482,-0.00864267349243164,-0.0032782554626464844,-0.006258487701416016,-0.005662441253662109
1,931,18.62,7747.923135757446,7747.192680835724,7747.398018836975,7747.444808483124,-0.008344650268554688,-0.00476837158203125,-0.0059604644775390625,-0.004470348358154297
1,932,18.64,7747.91419506073,7747.190296649933,7747.392654418945,7747.438848018646,-0.008940696716308594,-0.002384185791015625,-0.005364418029785156,-0.0059604644775390625
1,933,18.66,7747.905552387238,7747.186720371246,7747.386991977692,7747.4334836006165,-0.00864267349243164,-0.0035762786865234375,-0.005662441253662109,-0.005364418029785156
1,934,18.68,7747.896611690521,7747.183442115784,7747.381031513214,7747.427821159363,-0.008940696716308594,-0.0032782554626464844,-0.0059604644775390625,-0.005662441253662109
1,935,18.7,7747.888267040253,7747.1789717674255,7747.375965118408,7747.4236488342285,-0.008344650268554688,-0.004470348358154297,-0.005066394805908203,-0.004172325134277344
1,936,18.72,7747.879922389984,7747.175991535187,7747.370600700378,7747.417390346527,-0.008344650268554688,-0.0029802322387695312,-0.005364418029785156,-0.006258487701416016
1,937,18.740000000000002,7747.871279716492,7747.173011302948,7747.364640235901,7747.412323951721,-0.00864267349243164,-0.0029802322387695312,-0.0059604644775390625,-0.005066394805908203
1,938,18.76,7747.862935066223,7747.169137001038,7747.358679771423,7747.407257556915,-0.008344650268554688,-0.0038743019104003906,-0.0059604644775390625,-0.005066394805908203
1,939,18.78,7747.8548884391785,7747.166454792023,7747.353315353394,7747.4018931388855,-0.008046627044677734,-0.002682209014892578,-0.005364418029785156,-0.005364418029785156
1,940,18.8,7747.84654378891,7747.162580490112,7747.347950935364,7747.39682674408,-0.008344650268554688,-0.0038743019104003906,-0.005364418029785156,-0.005066394805908203
1,941,18.82,7747.838497161865,7747.160196304321,7747.34228849411,7747.392356395721,-0.008046627044677734,-0.002384185791015625,-0.005662441253662109,-0.004470348358154297
1,942,18.84,7747.830152511597,7747.1572160720825,7747.336328029633,7747.386991977692,-0.008344650268554688,-0.0029802322387695312,-0.0059604644775390625,-0.005364418029785156
1,943,18.86,7747.822403907776,7747.152745723724,7747.331261634827,7747.38222360611,-0.007748603820800781,-0.004470348358154297,-0.005066394805908203,-0.00476837158203125
1,944,18.88,7747.814059257507,7747.1500635147095,7747.325897216797,7747.378051280975,-0.008344650268554688,-0.002682209014892578,-0.005364418029785156,-0.004172325134277344
1,945,18.900000000000002,7747.805416584015,7747.1476793289185,7747.3196387290955,7747.372686862946,-0.00864267349243164,-0.002384185791015625,-0.006258487701416016,-0.005364418029785156
1,946,18.92,7747.797966003418,7747.143805027008,7747.313976287842,7747.368514537811,-0.007450580596923828,-0.0038743019104003906,-0.005662441253662109,-0.004172325134277344
1,947,18.94,7747.789919376373,7747.140526771545,7747.308909893036,7747.364044189453,-0.008046627044677734,-0.0032782554626464844,-0.005066394805908203,-0.004470348358154297
1,948,18.96,7747.781574726105,7747.138142585754,7747.303247451782,7747.359573841095,-0.008344650268554688,-0.002384185791015625,-0.005662441253662109,-0.004470348358154297
1,949,18.98,7747.77352809906,7747.134566307068,7747.297883033752,7747.355401515961,-0.008046627044677734,-0.0035762786865234375,-0.005364418029785156,-0.004172325134277344
1,950,19.0,7747.765779495239,7747.132778167725,7747.293412685394,7747.349441051483,-0.007748603820800781,-0.0017881393432617188,-0.004470348358154297,-0.0059604644775390625
1,951,19.02,7747.754752635956,7747.130393981934,7747.291028499603,7747.346460819244,-0.011026859283447266,-0.002384185791015625,-0.002384185791015625,-0.0029802322387695312
1,952,19.04,7747.744023799896,7747.129201889038,7747.287750244141,7747.343480587006,-0.010728836059570312,-0.0011920928955078125,-0.0032782554626464844,-0.0029802322387695312
1,953,19.06,7747.734785079956,7747.127115726471,7747.284173965454,7747.340500354767,-0.009238719940185547,-0.002086162567138672,-0.0035762786865234375,-0.0029802322387695312
1,954,19.080000000000002,7747.724652290344,7747.126519680023,7747.2808957099915,7747.337818145752,-0.010132789611816406,-0.0005960464477539062,-0.0032782554626464844,-0.002682209014892578
1,955,19.1,7747.715413570404,7747.127115726471,7747.276127338409,7747.333645820618,-0.009238719940185547,0.0005960464477539062,-0.00476837158203125,-0.004172325134277344
1,956,19.12,7747.706472873688,7747.126817703247,7747.2710609436035,7747.331261634827,-0.008940696716308594,-0.0002980232238769531,-0.005066394805908203,-0.002384185791015625
1,957,19.14,7747.698128223419,7747.126817703247,7747.265696525574,7747.328579425812,-0.008344650268554688,0.0,-0.005364418029785156,-0.002682209014892578
1,958,19.16,7747.689485549927,7747.127115726471,7747.259736061096,7747.325599193573,-0.00864267349243164,0.0002980232238769531,-0.0059604644775390625,-0.0029802322387695312
1,959,19.18,7747.680842876434,7747.126221656799,7747.253775596619,7747.324109077454,-0.00864267349243164,-0.0008940696716308594,-0.0059604644775390625,-0.0014901161193847656
1,960,19.2,7747.672498226166,7747.125327587128,7747.247815132141,7747.322618961334,-0.008344650268554688,-0.0008940696716308594,-0.0059604644775390625,-0.0014901161193847656
1,961,19.22,7747.664153575897,7747.12473154068,7747.241258621216,7747.320830821991,-0.008344650268554688,-0.0005960464477539062,-0.006556510925292969,-0.0017881393432617188
1,962,19.240000000000002,7747.656404972076,7747.124135494232,7747.234404087067,7747.3196387290955,-0.007748603820800781,-0.0005960464477539062,-0.006854534149169922,-0.0011920928955078125
1,963,19.26,7747.648060321808,7747.125029563904,7747.2275495529175,7747.316360473633,-0.008344650268554688,0.0008940696716308594,-0.006854534149169922,-0.0032782554626464844
1,964,19.28,7747.640311717987,7747.123539447784,7747.220993041992,7747.316658496857,-0.007748603820800781,-0.0014901161193847656,-0.006556510925292969,0.0002980232238769531
1,965,19.3,7747.632265090942,7747.122943401337,7747.214138507843,7747.314274311066,-0.008046627044677734,-0.0005960464477539062,-0.006854534149169922,-0.002384185791015625
1,966,19.32,7747.623920440674,7747.122049331665,7747.207880020142,7747.31308221817,-0.008344650268554688,-0.0008940696716308594,-0.006258487701416016,-0.0011920928955078125
1,967,19.34,7747.616767883301,7747.121453285217,7747.201323509216,7747.311592102051,-0.007152557373046875,-0.0005960464477539062,-0.006556510925292969,-0.0014901161193847656
1,968,19.36,7747.608423233032,7747.120261192322,7747.194766998291,7747.311294078827,-0.008344650268554688,-0.0011920928955078125,-0.006556510925292969,-0.0002980232238769531
1,969,19.38,7747.600078582764,7747.120559215546,7747.1888065338135,7747.308313846588,-0.008344650268554688,0.0002980232238769531,-0.0059604644775390625,-0.0029802322387695312
1,970,19.400000000000002,7747.5932240486145,7747.118771076202,7747.181951999664,7747.307121753693,-0.006854534149169922,-0.0017881393432617188,-0.006854534149169922,-0.0011920928955078125
1,971,19.42,7747.58517742157,7747.118175029755,7747.1765875816345,7747.305333614349,-0.008046627044677734,-0.0005960464477539062,-0.005364418029785156,-0.0017881393432617188
1,972,19.44,7747.577130794525,7747.117877006531,7747.171223163605,7747.3026514053345,-0.008046627044677734,-0.0002980232238769531,-0.005364418029785156,-0.002682209014892578
1,973,19.46,7747.569680213928,7747.115194797516,7747.165262699127,7747.301757335663,-0.007450580596923828,-0.002682209014892578,-0.0059604644775390625,-0.0008940696716308594
1,974,19.48,7747.561931610107,7747.115194797516,7747.159898281097,7747.299373149872,-0.007748603820800781,0.0,-0.005364418029785156,-0.002384185791015625
1,975,19.5,7747.554779052734,7747.113406658173,7747.1548318862915,7747.296988964081,-0.007152557373046875,-0.0017881393432617188,-0.005066394805908203,-0.002384185791015625
1,976,19.52,7747.547030448914,7747.111022472382,7747.150659561157,7747.29460477829,-0.007748603820800781,-0.002384185791015625,-0.004172325134277344,-0.002384185791015625
1,977,19.54,7747.539281845093,7747.11012840271,7747.146487236023,7747.291624546051,-0.007748603820800781,-0.0008940696716308594,-0.004172325134277344,-0.0029802322387695312
1,978,19.56,7747.532427310944,7747.108042240143,7747.142016887665,7747.288644313812,-0.006854534149169922,-0.002086162567138672,-0.004470348358154297,-0.0029802322387695312
1,979,19.580000000000002,7747.524976730347,7747.106850147247,7747.138142585754,7747.285962104797,-0.007450580596923828,-0.0011920928955078125,-0.0038743019104003906,-0.002682209014892578
1,980,19.6,7747.516930103302,7747.105062007904,7747.135162353516,7747.282683849335,-0.008046627044677734,-0.0017881393432617188,-0.0029802322387695312,-0.0032782554626464844
1,981,19.62,7747.509777545929,7747.101783752441,7747.131884098053,7747.28000164032,-0.007152557373046875,-0.0032782554626464844,-0.0032782554626464844,-0.002682209014892578
1,982,19.64,7747.503221035004,7747.100293636322,7747.12860584259,7747.276723384857,-0.006556510925292969,-0.0014901161193847656,-0.0032782554626464844,-0.0032782554626464844
1,983,19.66,7747.495770454407,7747.098207473755,7747.126519680023,7747.272551059723,-0.007450580596923828,-0.002086162567138672,-0.002086162567138672,-0.004172325134277344
1,984,19.68,7747.488617897034,7747.09552526474,7747.124135494232,7747.26927280426,-0.007152557373046875,-0.002682209014892578,-0.002384185791015625,-0.0032782554626464844
1,985,19.7,7747.4817633628845,7747.092843055725,7747.121751308441,7747.265994548798,-0.006854534149169922,-0.002682209014892578,-0.002384185791015625,-0.0032782554626464844
1,986,19.72,7747.4746108055115,7747.091054916382,7747.120261192322,7747.261226177216,-0.007152557373046875,-0.0017881393432617188,-0.0014901161193847656,-0.00476837158203125
1,987,19.740000000000002,7747.468054294586,7747.087776660919,7747.1184730529785,7747.257053852081,-0.006556510925292969,-0.0032782554626464844,-0.0017881393432617188,-0.004172325134277344
1,988,19.76,7747.461199760437,7747.085988521576,7747.116982936859,7747.2516894340515,-0.006854534149169922,-0.0017881393432617188,-0.0014901161193847656,-0.005364418029785156
1,989,19.78,7747.454643249512,7747.083008289337,7747.115790843964,7747.247517108917,-0.006556510925292969,-0.0029802322387695312,-0.0011920928955078125,-0.004172325134277344
1,990,19.8,7747.448682785034,7747.079432010651,7747.114300727844,7747.243344783783,-0.0059604644775390625,-0.0035762786865234375,-0.0014901161193847656,-0.004172325134277344
1,991,19.82,7747.442424297333,7747.076749801636,7747.11400270462,7747.238576412201,-0.006258487701416016,-0.002682209014892578,-0.0002980232238769531,-0.00476837158203125
1,992,19.84,7747.436761856079,7747.074067592621,7747.112214565277,7747.233211994171,-0.005662441253662109,-0.002682209014892578,-0.0017881393432617188,-0.005364418029785156
1,993,19.86,7747.430205345154,7747.071385383606,7747.111618518829,7747.228443622589,-0.006556510925292969,-0.002682209014892578,-0.0005960464477539062,-0.00476837158203125
1,994,19.88,7747.423946857452,7747.068405151367,7747.110724449158,7747.224271297455,-0.006258487701416016,-0.0029802322387695312,-0.0008940696716308594,-0.004172325134277344
1,995,19.900000000000002,7747.418284416199,7747.065722942352,7747.109830379486,7747.218906879425,-0.005662441253662109,-0.002682209014892578,-0.0008940696716308594,-0.005364418029785156
1,996,19.92,7747.412919998169,7747.06244468689,7747.109234333038,7747.213542461395,-0.005364418029785156,-0.0032782554626464844,-0.0005960464477539062,-0.005364418029785156
1,997,19.94,7747.407555580139,7747.059762477875,7747.108936309814,7747.2081780433655,-0.005364418029785156,-0.002682209014892578,-0.0002980232238769531,-0.005364418029785156
1,998,19.96,7747.402191162109,7747.056782245636,7747.108042240143,7747.203409671783,-0.005364418029785156,-0.0029802322387695312,-0.0008940696716308594,-0.00476837158203125
1,999,19.98,7747.3971247673035,7747.053802013397,7747.107148170471,7747.198045253754,-0.005066394805908203,-0.0029802322387695312,-0.0008940696716308594,-0.005364418029785156
