episode,step,time_s,u1_rpm,u2_rpm,u3_rpm,u4_rpm,du1_rpm,du2_rpm,du3_rpm,du4_rpm
1,0,0.0,7797.078192234039,6898.584365844727,10000.0,10000.0,0.0,0.0,0.0,0.0
1,1,0.01,7284.647822380066,7717.919945716858,10000.0,10000.0,-512.4303698539734,819.3355798721313,0.0,0.0
1,2,0.02,7567.180097103119,8046.255111694336,9749.932885169983,10000.0,282.532274723053,328.335165977478,-250.0671148300171,0.0
1,3,0.03,9086.178541183472,9352.298974990845,8755.567371845245,10000.0,1518.9984440803528,1306.0438632965088,-994.3655133247375,0.0
1,4,0.04,10000.0,10000.0,8210.306465625763,10000.0,913.8214588165283,647.7010250091553,-545.2609062194824,0.0
1,5,0.05,10000.0,10000.0,8051.899075508118,9634.242057800293,0.0,0.0,-158.40739011764526,-365.75794219970703
1,6,0.06,10000.0,10000.0,8165.613114833832,8763.825595378876,0.0,0.0,113.71403932571411,-870.4164624214172
1,7,0.07,9840.823411941528,10000.0,8540.760576725006,8010.9986662864685,-159.17658805847168,0.0,375.1474618911743,-752.8269290924072
1,8,0.08,9315.972030162811,10000.0,8976.151049137115,7485.66746711731,-524.851381778717,0.0,435.3904724121094,-525.3311991691589
1,9,0.09,9011.555910110474,10000.0,9301.418662071228,7204.073816537857,-304.41612005233765,0.0,325.26761293411255,-281.5936505794525
1,10,0.1,8945.898711681366,10000.0,9451.07489824295,7150.317281484604,-65.65719842910767,0.0,149.6562361717224,-53.756535053253174
1,11,0.11,9059.66967344284,10000.0,9436.249434947968,7304.702699184418,113.77096176147461,0.0,-14.82546329498291,154.38541769981384
1,12,0.12,9263.400137424469,10000.0,9299.329221248627,7628.805339336395,203.73046398162842,0.0,-136.92021369934082,324.10264015197754
1,13,0.13,9466.807842254639,10000.0,9106.475412845612,8057.969510555267,203.40770483016968,0.0,-192.85380840301514,429.16417121887207
1,14,0.14,9604.469239711761,10000.0,8926.707208156586,8496.433198451996,137.6613974571228,0.0,-179.76820468902588,438.4636878967285
1,15,0.15,9645.975828170776,10000.0,8807.946145534515,8844.77823972702,41.50658845901489,0.0,-118.76106262207031,348.3450412750244
1,16,0.16,9593.42509508133,10000.0,8764.826357364655,9041.100442409515,-52.55073308944702,0.0,-43.11978816986084,196.32220268249512
1,17,0.17,9469.85512971878,10000.0,8784.310519695282,9077.46285200119,-123.56996536254883,0.0,19.48416233062744,36.362409591674805
1,18,0.18,9309.17114019394,10000.0,8838.403522968292,8990.666568279266,-160.6839895248413,0.0,54.093003273010254,-86.79628372192383
1,19,0.19,9146.986603736877,10000.0,8895.83021402359,8842.728734016418,-162.18453645706177,0.0,57.42669105529785,-147.9378342628479
1,20,0.2,9011.459946632385,10000.0,8932.09308385849,8698.797821998596,-135.5266571044922,0.0,36.2628698348999,-143.93091201782227
1,21,0.21,8917.070925235748,10000.0,8935.506641864777,8608.600497245789,-94.38902139663696,0.0,3.413558006286621,-90.19732475280762
1,22,0.22,8863.566219806671,10000.0,8907.64057636261,8596.637547016144,-53.50470542907715,0.0,-27.866065502166748,-11.962950229644775
1,23,0.23,8839.122951030731,10000.0,8859.573304653168,8661.524951457977,-24.44326877593994,0.0,-48.06727170944214,64.8874044418335
1,24,0.24,8826.232552528381,10000.0,8805.991113185883,8781.584799289703,-12.890398502349854,0.0,-53.582191467285156,120.05984783172607
1,25,0.25,8808.78359079361,10000.0,8758.786022663116,8924.08013343811,-17.44896173477173,0.0,-47.20509052276611,142.49533414840698
1,26,0.26,8778.00703048706,10000.0,8722.507059574127,9055.821597576141,-30.776560306549072,0.0,-36.27896308898926,131.741464138031
1,27,0.27,8734.738528728485,10000.0,8693.773746490479,9152.019023895264,-43.26850175857544,0.0,-28.73331308364868,96.19742631912231
1,28,0.28,8687.08997964859,10000.0,8664.685189723969,9200.792908668518,-47.64854907989502,0.0,-29.08855676651001,48.773884773254395
1,29,0.29,8645.077645778656,10000.0,8627.921044826508,9203.042685985565,-42.01233386993408,0.0,-36.76414489746094,2.249777317047119
1,30,0.3,8615.290522575378,10000.0,8580.776154994965,9169.181883335114,-29.787123203277588,0.0,-47.14488983154297,-33.86080265045166
1,31,0.31,8598.282039165497,10000.0,8526.515066623688,9114.625751972198,-17.008483409881592,0.0,-54.261088371276855,-54.55613136291504
1,32,0.32,8589.492440223694,10000.0,8472.920656204224,9055.48244714737,-8.789598941802979,0.0,-53.59441041946411,-59.1433048248291
1,33,0.33,8582.477867603302,10000.0,8429.020345211029,9005.348086357117,-7.014572620391846,0.0,-43.90031099319458,-50.134360790252686
1,34,0.34,8572.34388589859,10000.0,8401.480913162231,8973.601460456848,-10.133981704711914,0.0,-27.539432048797607,-31.746625900268555
1,35,0.35000000000000003,8557.744920253754,10000.0,8392.103612422943,8965.054750442505,-14.598965644836426,0.0,-9.37730073928833,-8.546710014343262
1,36,0.36,8540.914952754974,10000.0,8397.302627563477,8980.495929718018,-16.829967498779297,0.0,5.199015140533447,15.441179275512695
1,37,0.37,8526.190221309662,10000.0,8409.584760665894,9017.585813999176,-14.7247314453125,0.0,12.282133102416992,37.08988428115845
1,38,0.38,8517.912924289703,9978.485107421875,8420.26025056839,9071.767628192902,-8.277297019958496,-21.514892578125,10.675489902496338,54.181814193725586
1,39,0.39,8518.387377262115,9799.211323261261,8422.40184545517,9135.889410972595,0.4744529724121094,-179.273784160614,2.141594886779785,64.1217827796936
1,40,0.4,8525.823056697845,9636.362791061401,8413.83844614029,9193.9976811409,7.4356794357299805,-162.84853219985962,-8.563399314880371,58.10827016830444
1,41,0.41000000000000003,8537.890017032623,9503.379166126251,8396.97778224945,9234.545230865479,12.066960334777832,-132.98362493515015,-16.860663890838623,40.54754972457886
1,42,0.42,8550.698459148407,9408.580958843231,8376.431167125702,9250.006079673767,12.808442115783691,-94.79820728302002,-20.54661512374878,15.460848808288574
1,43,0.43,8559.139668941498,9352.522194385529,8357.22416639328,9236.660301685333,8.44120979309082,-56.05876445770264,-19.207000732421875,-13.345777988433838
1,44,0.44,8560.681641101837,9329.111278057098,8343.534171581268,9195.829331874847,1.5419721603393555,-23.410916328430176,-13.689994812011719,-40.83096981048584
1,45,0.45,8555.887639522552,9327.066242694855,8337.813317775726,9133.53443145752,-4.794001579284668,-2.0450353622436523,-5.720853805541992,-62.29490041732788
1,46,0.46,8547.329604625702,9332.91494846344,8340.661227703094,9059.164822101593,-8.558034896850586,5.848705768585205,2.847909927368164,-74.36960935592651
1,47,0.47000000000000003,8538.509905338287,9334.337711334229,8351.167142391205,8983.566462993622,-8.81969928741455,1.4227628707885742,10.505914688110352,-75.59835910797119
1,48,0.48,8532.608449459076,9322.642087936401,8367.491960525513,8916.729986667633,-5.901455879211426,-11.695623397827148,16.32481813430786,-66.83647632598877
1,49,0.49,8531.554043293,9293.951392173767,8387.444019317627,8865.81152677536,-1.0544061660766602,-28.690695762634277,19.952058792114258,-50.91845989227295
1,50,0.5,8535.620272159576,9249.074161052704,8408.87725353241,8833.982944488525,4.066228866577148,-44.87723112106323,21.433234214782715,-31.828582286834717
1,51,0.51,8543.612360954285,9192.402958869934,8429.770171642303,8820.233643054962,7.992088794708252,-56.671202182769775,20.8929181098938,-13.749301433563232
1,52,0.52,8553.557395935059,9130.392372608185,8448.2142329216,8820.068538188934,9.945034980773926,-62.01058626174927,18.444061279296875,-0.16510486602783203
1,53,0.53,8563.551604747772,9070.033133029938,8462.469279766083,8826.800286769867,9.994208812713623,-60.35923957824707,14.255046844482422,6.731748580932617
1,54,0.54,8572.388887405396,9017.557799816132,8471.150398254395,8833.076059818268,8.837282657623291,-52.47533321380615,8.681118488311768,6.275773048400879
1,55,0.55,8579.709827899933,8977.413475513458,8473.522663116455,8832.313418388367,7.3209404945373535,-40.14432430267334,2.372264862060547,-0.762641429901123
1,56,0.56,8585.73168516159,8951.559066772461,8469.765484333038,8819.81909275055,6.021857261657715,-25.854408740997314,-3.757178783416748,-12.494325637817383
1,57,0.5700000000000001,8590.786755084991,8939.147889614105,8461.08078956604,8793.45178604126,5.055069923400879,-12.411177158355713,-8.684694766998291,-26.36730670928955
1,58,0.58,8594.965934753418,8936.735987663269,8449.55176115036,8753.794133663177,4.179179668426514,-2.4119019508361816,-11.529028415679932,-39.657652378082275
1,59,0.59,8598.048090934753,8939.0167593956,8437.776267528534,8703.861832618713,3.082156181335449,2.2807717323303223,-11.775493621826172,-49.93230104446411
1,60,0.6,8599.689304828644,8939.963579177856,8428.318500518799,8648.410737514496,1.6412138938903809,0.9468197822570801,-9.457767009735107,-55.45109510421753
1,61,0.61,8599.739968776703,8934.101164340973,8423.169255256653,8592.967689037323,0.05066394805908203,-5.862414836883545,-5.149245262145996,-55.44304847717285
1,62,0.62,8598.474860191345,8917.565643787384,8423.320949077606,8542.790412902832,-1.265108585357666,-16.535520553588867,0.15169382095336914,-50.17727613449097
1,63,0.63,8596.599400043488,8888.725638389587,8428.593575954437,8501.924574375153,-1.875460147857666,-28.84000539779663,5.272626876831055,-40.86583852767944
1,64,0.64,8595.062792301178,8848.290145397186,8437.725007534027,8472.568094730377,-1.5366077423095703,-40.43549299240112,9.131431579589844,-29.35647964477539
1,65,0.65,8594.762980937958,8798.965811729431,8448.69613647461,8454.818427562714,-0.29981136322021484,-49.32433366775513,10.971128940582275,-17.749667167663574
1,66,0.66,8596.293032169342,8744.816780090332,8459.191918373108,8446.826040744781,1.5300512313842773,-54.14903163909912,10.495781898498535,-7.992386817932129
1,67,0.67,8599.819839000702,8690.50145149231,8467.070162296295,8445.256650447845,3.5268068313598633,-54.31532859802246,7.878243923187256,-1.5693902969360352
1,68,0.68,8605.091273784637,8640.48033952713,8470.75641155243,8445.979058742523,5.271434783935547,-50.02111196517944,3.686249256134033,0.7224082946777344
1,69,0.6900000000000001,8611.545264720917,8598.309457302094,8469.474613666534,8444.820940494537,6.453990936279297,-42.17088222503662,-1.2817978858947754,-1.1581182479858398
1,70,0.7000000000000001,8618.433773517609,8566.096127033234,8463.305830955505,8438.26413154602,6.8885087966918945,-32.21333026885986,-6.168782711029053,-6.556808948516846
1,71,0.71,8624.954521656036,8544.19320821762,8453.088700771332,8423.993587493896,6.520748138427734,-21.902918815612793,-10.217130184173584,-14.270544052124023
1,72,0.72,8630.38182258606,8531.215190887451,8440.19502401352,8401.20941400528,5.427300930023193,-12.978017330169678,-12.8936767578125,-22.784173488616943
1,73,0.73,8634.182512760162,8524.376451969147,8426.242768764496,8370.673954486847,3.800690174102783,-6.838738918304443,-13.952255249023438,-30.535459518432617
1,74,0.74,8636.119663715363,8520.090281963348,8412.794172763824,8334.498703479767,1.9371509552001953,-4.28617000579834,-13.448596000671387,-36.17525100708008
1,75,0.75,8636.296689510345,8514.690697193146,8401.08871459961,8295.708298683167,0.17702579498291016,-5.399584770202637,-11.705458164215088,-38.79040479660034
1,76,0.76,8635.132908821106,8505.119681358337,8391.85893535614,8257.670104503632,-1.163780689239502,-9.57101583480835,-9.229779243469238,-38.03819417953491
1,77,0.77,8633.251190185547,8489.43442106247,8385.23954153061,8223.486840724945,-1.881718635559082,-15.68526029586792,-6.619393825531006,-34.18326377868652
1,78,0.78,8631.327152252197,8467.054665088654,8380.787670612335,8195.480406284332,-1.9240379333496094,-22.379755973815918,-4.451870918273926,-28.006434440612793
1,79,0.79,8629.927635192871,8438.745141029358,8377.591073513031,8174.837827682495,-1.3995170593261719,-28.309524059295654,-3.196597099304199,-20.642578601837158
1,80,0.8,8629.39566373825,8406.37594461441,8374.450206756592,8161.4843010902405,-0.5319714546203613,-32.36919641494751,-3.140866756439209,-13.353526592254639
1,81,0.81,8629.811108112335,8372.527062892914,8370.084166526794,8154.18154001236,0.41544437408447266,-33.84888172149658,-4.366040229797363,-7.302761077880859
1,82,0.8200000000000001,8631.020486354828,8340.031206607819,8363.341391086578,8150.817453861237,1.2093782424926758,-32.495856285095215,-6.7427754402160645,-3.364086151123047
1,83,0.8300000000000001,8632.688224315643,8311.48773431778,8353.37370634079,8148.823082447052,1.6677379608154297,-28.543472290039062,-9.967684745788574,-1.9943714141845703
1,84,0.84,8634.363114833832,8288.843631744385,8339.760899543762,8145.6369161605835,1.6748905181884766,-22.644102573394775,-13.612806797027588,-3.186166286468506
1,85,0.85,8635.538816452026,8273.095190525055,8322.556912899017,8139.1385197639465,1.17570161819458,-15.748441219329834,-17.203986644744873,-6.498396396636963
1,86,0.86,8635.696470737457,8264.15240764618,8302.26331949234,8127.980530261993,0.1576542854309082,-8.942782878875732,-20.293593406677246,-11.157989501953125
1,87,0.87,8634.363412857056,8260.909616947174,8279.724419116974,8111.7770075798035,-1.3330578804016113,-3.242790699005127,-22.53890037536621,-16.20352268218994
1,88,0.88,8631.184697151184,8261.497914791107,8255.964815616608,8091.116547584534,-3.178715705871582,0.5882978439331055,-23.75960350036621,-20.660459995269775
1,89,0.89,8625.989854335785,8263.669312000275,8231.992423534393,8067.4222111701965,-5.19484281539917,2.1713972091674805,-23.972392082214355,-23.694336414337158
1,90,0.9,8618.833422660828,8265.233635902405,8208.61965417862,8042.669594287872,-7.156431674957275,1.564323902130127,-23.372769355773926,-24.75261688232422
1,91,0.91,8609.991371631622,8264.452517032623,8186.315596103668,8019.032180309296,-8.842051029205322,-0.7811188697814941,-22.304058074951172,-23.63741397857666
1,92,0.92,8599.889278411865,8260.322511196136,8165.142238140106,7998.503148555756,-10.10209321975708,-4.130005836486816,-21.17335796356201,-20.52903175354004
1,93,0.93,8588.987290859222,8252.702057361603,8144.769966602325,7982.570827007294,-10.901987552642822,-7.620453834533691,-20.37227153778076,-15.932321548461914
1,94,0.9400000000000001,8577.653169631958,8242.28286743164,8124.556839466095,7971.998155117035,-11.334121227264404,-10.419189929962158,-20.21312713623047,-10.572671890258789
1,95,0.9500000000000001,8566.065430641174,8230.429887771606,8103.691935539246,7966.732978820801,-11.587738990783691,-11.85297966003418,-20.864903926849365,-5.265176296234131
1,96,0.96,8554.154932498932,8218.924403190613,8081.341981887817,7965.96497297287,-11.910498142242432,-11.505484580993652,-22.349953651428223,-0.7680058479309082
1,97,0.97,8541.611433029175,8209.644854068756,8056.797087192535,7968.309819698334,-12.54349946975708,-9.27954912185669,-24.544894695281982,2.344846725463867
1,98,0.98,8527.936041355133,8204.257488250732,8029.573857784271,7972.079217433929,-13.675391674041748,-5.387365818023682,-27.22322940826416,3.769397735595703
1,99,0.99,8512.51482963562,8203.94217967987,7999.480366706848,7975.594699382782,-15.42121171951294,-0.3153085708618164,-30.093491077423096,3.515481948852539
1,100,1.0,8494.705259799957,8209.224045276642,7966.621518135071,7977.477610111237,-17.809569835662842,5.28186559677124,-32.858848571777344,1.8829107284545898
1,101,1.01,8473.917543888092,8219.919502735138,7931.35941028595,7976.884543895721,-20.787715911865234,10.695457458496094,-35.262107849121094,-0.5930662155151367
1,102,1.02,8449.67633485794,8235.222101211548,7894.233465194702,7973.630726337433,-24.241209030151367,15.302598476409912,-37.12594509124756,-3.253817558288574
1,103,1.03,8421.67466878891,8253.899812698364,7855.850160121918,7968.204319477081,-28.00166606903076,18.677711486816406,-38.383305072784424,-5.4264068603515625
1,104,1.04,8389.789760112762,8274.569809436798,7816.769778728485,7961.65257692337,-31.88490867614746,20.669996738433838,-39.08038139343262,-6.5517425537109375
1,105,1.05,8354.078531265259,8295.978903770447,7777.406275272369,7955.383360385895,-35.71122884750366,21.40909433364868,-39.36350345611572,-6.269216537475586
1,106,1.06,8314.724564552307,8317.250609397888,7737.9608154296875,7950.908839702606,-39.35396671295166,21.271705627441406,-39.445459842681885,-4.474520683288574
1,107,1.07,8271.9686627388,8338.051438331604,7698.411047458649,7949.580550193787,-42.75590181350708,20.80082893371582,-39.54976797103882,-1.32828950881958
1,108,1.08,8226.017653942108,8358.642160892487,7658.547461032867,7952.376902103424,-45.951008796691895,20.59072256088257,-39.86358642578125,2.796351909637451
1,109,1.09,8176.979124546051,8379.829227924347,7618.052661418915,7959.7702622413635,-49.03852939605713,21.18706703186035,-40.49479961395264,7.393360137939453
1,110,1.1,8124.832510948181,8402.821719646454,7576.5955448150635,7971.708178520203,-52.14661359786987,22.992491722106934,-41.45711660385132,11.937916278839111
1,111,1.11,8069.46724653244,8429.048955440521,7533.937990665436,7987.701594829559,-55.36526441574097,26.227235794067383,-42.657554149627686,15.99341630935669
1,112,1.12,8010.770678520203,8459.948599338531,7490.018308162689,8007.015883922577,-58.69656801223755,30.899643898010254,-43.91968250274658,19.314289093017578
1,113,1.1300000000000001,7948.767840862274,8496.786057949066,7445.005923509598,8028.91343832016,-62.00283765792847,36.83745861053467,-45.01238465309143,21.897554397583008
1,114,1.1400000000000001,7883.784472942352,8540.519177913666,7399.32581782341,8052.922189235687,-64.98336791992188,43.73311996459961,-45.680105686187744,24.008750915527344
1,115,1.1500000000000001,7816.59871339798,8591.749966144562,7353.650480508804,8079.074323177338,-67.18575954437256,51.230788230895996,-45.67533731460571,26.15213394165039
1,116,1.16,7748.590409755707,8650.822341442108,7308.8400065898895,8108.06542634964,-68.00830364227295,59.07237529754639,-44.810473918914795,28.991103172302246
1,117,1.17,7682.022452354431,8718.185424804688,7265.864312648773,8141.176104545593,-66.56795740127563,67.36308336257935,-42.97569394111633,33.11067819595337
1,118,1.18,7620.1048493385315,8794.533610343933,7225.561589002609,8180.199563503265,-61.91760301589966,76.3481855392456,-40.30272364616394,39.02345895767212
1,119,1.19,7566.908895969391,8880.745470523834,7188.980728387833,8227.50300168991,-53.195953369140625,86.21186017990112,-36.58086061477661,47.30343818664551
1,120,1.2,7527.056932449341,8977.785110473633,7157.400846481323,8285.844027996063,-39.85196352005005,97.03963994979858,-31.5798819065094,58.341026306152344
1,121,1.21,7505.469918251038,9086.708724498749,7132.356762886047,8358.151018619537,-21.587014198303223,108.92361402511597,-25.04408359527588,72.30699062347412
1,122,1.22,7507.32421875,9208.76830816269,7115.5984699726105,8447.292149066925,1.8543004989624023,122.05958366394043,-16.75829291343689,89.1411304473877
1,123,1.23,7538.051605224609,9345.489740371704,7108.975946903229,8555.839359760284,30.727386474609375,136.7214322090149,-6.622523069381714,108.54721069335938
1,124,1.24,7603.293359279633,9498.583674430847,7114.26317691803,8685.833513736725,65.2417540550232,153.09393405914307,5.287230014801025,129.99415397644043
1,125,1.25,7708.688676357269,9669.643938541412,7132.924050092697,8838.536143302917,105.39531707763672,171.06026411056519,18.66087317466736,152.70262956619263
1,126,1.26,7859.453856945038,9859.66682434082,7165.841907262802,9014.138281345367,150.76518058776855,190.02288579940796,32.91785717010498,175.60213804244995
1,127,1.27,8059.799373149872,10000.0,7213.0294144153595,9211.440980434418,200.34551620483398,140.3331756591797,47.18750715255737,197.3026990890503
1,128,1.28,8311.198353767395,10000.0,7273.029983043671,9424.061477184296,251.3989806175232,0.0,60.00056862831116,212.62049674987793
1,129,1.29,8610.83298921585,10000.0,7343.136966228485,9636.93231344223,299.6346354484558,0.0,70.10698318481445,212.87083625793457
1,130,1.3,8953.341245651245,10000.0,7420.841306447983,9834.842085838318,342.5082564353943,0.0,77.70434021949768,197.90977239608765
1,131,1.31,9328.036308288574,10000.0,7502.051889896393,10000.0,374.6950626373291,0.0,81.21058344841003,165.15791416168213
1,132,1.32,9719.260036945343,10000.0,7581.330239772797,10000.0,391.2237286567688,0.0,79.27834987640381,0.0
1,133,1.33,10000.0,10000.0,7654.161751270294,10000.0,280.739963054657,0.0,72.83151149749756,0.0
1,134,1.34,10000.0,10000.0,7714.765965938568,10000.0,0.0,0.0,60.604214668273926,0.0
1,135,1.35,10000.0,10000.0,7748.922109603882,10000.0,0.0,0.0,34.15614366531372,0.0
1,136,1.36,10000.0,10000.0,7751.271426677704,10000.0,0.0,0.0,2.3493170738220215,0.0
1,137,1.37,10000.0,10000.0,7728.491723537445,10000.0,0.0,0.0,-22.77970314025879,0.0
1,138,1.3800000000000001,10000.0,10000.0,7695.635259151459,9934.847056865692,0.0,0.0,-32.85646438598633,-65.15294313430786
1,139,1.3900000000000001,10000.0,10000.0,7672.876715660095,9855.986833572388,0.0,0.0,-22.758543491363525,-78.86022329330444
1,140,1.4000000000000001,10000.0,10000.0,7680.630087852478,9785.792529582977,0.0,0.0,7.7533721923828125,-70.1943039894104
1,141,1.41,10000.0,10000.0,7733.835875988007,9725.486636161804,0.0,0.0,53.205788135528564,-60.305893421173096
1,142,1.42,10000.0,10000.0,7838.582694530487,9671.373665332794,0.0,0.0,104.74681854248047,-54.11297082901001
1,143,1.43,10000.0,10000.0,7992.04409122467,9616.813361644745,0.0,0.0,153.46139669418335,-54.560303688049316
1,144,1.44,10000.0,10000.0,8183.461129665375,9555.117189884186,0.0,0.0,191.41703844070435,-61.69617176055908
1,145,1.45,10000.0,10000.0,8396.593034267426,9482.113420963287,0.0,0.0,213.13190460205078,-73.00376892089844
1,146,1.46,10000.0,10000.0,8613.401353359222,9397.58449792862,0.0,0.0,216.80831909179688,-84.52892303466797
1,147,1.47,10000.0,10000.0,8818.102180957794,9305.204451084137,0.0,0.0,204.70082759857178,-92.38004684448242
1,148,1.48,10000.0,10000.0,9000.353515148163,9211.276769638062,0.0,0.0,182.25133419036865,-93.92768144607544
1,149,1.49,10000.0,10000.0,9156.566858291626,9122.960269451141,0.0,0.0,156.21334314346313,-88.31650018692017
1,150,1.5,10000.0,10000.0,9289.189279079437,9046.604931354523,0.0,0.0,132.62242078781128,-76.35533809661865
1,151,1.51,10000.0,10000.0,9404.562413692474,8986.551761627197,0.0,0.0,115.37313461303711,-60.05316972732544
1,152,1.52,10000.0,10000.0,9510.242938995361,8944.560885429382,0.0,0.0,105.68052530288696,-41.99087619781494
1,153,1.53,9925.68701505661,10000.0,9612.552523612976,8919.819295406342,-74.31298494338989,0.0,102.30958461761475,-24.74159002304077
1,154,1.54,9768.821895122528,10000.0,9711.38209104538,8910.026848316193,-156.86511993408203,0.0,98.82956743240356,-9.792447090148926
1,155,1.55,9608.874022960663,10000.0,9799.199402332306,8912.243843078613,-159.94787216186523,0.0,87.81731128692627,2.2169947624206543
1,156,1.56,9456.134736537933,10000.0,9866.165816783905,8922.928273677826,-152.7392864227295,0.0,66.96641445159912,10.684430599212646
1,157,1.57,9322.17925786972,10000.0,9902.513027191162,8938.14593553543,-133.9554786682129,0.0,36.34721040725708,15.21766185760498
1,158,1.58,9214.60896730423,10000.0,9900.917410850525,8953.958749771118,-107.57029056549072,0.0,-1.595616340637207,15.812814235687256
1,159,1.59,9134.555757045746,10000.0,9858.714044094086,8967.143297195435,-80.05321025848389,0.0,-42.20336675643921,13.184547424316406
1,160,1.6,9077.16304063797,10000.0,9778.395593166351,8975.814878940582,-57.39271640777588,0.0,-80.31845092773438,8.671581745147705
1,161,1.61,9033.439457416534,10000.0,9666.856229305267,8979.621827602386,-43.72358322143555,0.0,-111.53936386108398,3.806948661804199
1,162,1.62,8992.944955825806,10000.0,9533.629417419434,8979.600369930267,-40.49450159072876,0.0,-133.22681188583374,-0.021457672119140625
1,163,1.6300000000000001,8946.742713451385,10000.0,9388.464391231537,8977.627456188202,-46.202242374420166,0.0,-145.16502618789673,-1.9729137420654297
1,164,1.6400000000000001,8889.724910259247,10000.0,9239.019453525543,8975.504338741302,-57.01780319213867,0.0,-149.44493770599365,-2.123117446899414
1,165,1.6500000000000001,8821.280896663666,10000.0,9089.786112308502,8974.128663539886,-68.44401359558105,0.0,-149.23334121704102,-1.3756752014160156
1,166,1.6600000000000001,8742.783963680267,10000.0,8943.883180618286,8973.37406873703,-78.49693298339844,0.0,-145.90293169021606,-0.7545948028564453
1,167,1.67,8655.032217502594,10000.0,8803.914487361908,8971.810638904572,-87.75174617767334,0.0,-139.96869325637817,-1.563429832458496
1,168,1.68,8558.518886566162,10000.0,8671.163022518158,8967.137038707733,-96.51333093643188,0.0,-132.75146484375,-4.673600196838379
1,169,1.69,8454.92035150528,10000.0,8545.614182949066,8957.497775554657,-103.59853506088257,0.0,-125.5488395690918,-9.639263153076172
1,170,1.7,8347.34171628952,10000.0,8426.291346549988,8942.293226718903,-107.57863521575928,0.0,-119.32283639907837,-15.204548835754395
1,171,1.71,8239.321410655975,10000.0,8311.711549758911,8922.206163406372,-108.02030563354492,0.0,-114.57979679107666,-20.087063312530518
1,172,1.72,8133.654296398163,10000.0,8200.587332248688,8898.822367191315,-105.6671142578125,0.0,-111.12421751022339,-23.383796215057373
1,173,1.73,8031.722605228424,10000.0,8092.457950115204,8874.056041240692,-101.93169116973877,0.0,-108.12938213348389,-24.76632595062256
1,174,1.74,7933.550775051117,10000.0,7987.947762012482,8849.620521068573,-98.17183017730713,0.0,-104.51018810272217,-24.43552017211914
1,175,1.75,7838.428914546967,10000.0,7888.55254650116,8826.688826084137,-95.12186050415039,0.0,-99.39521551132202,-22.931694984436035
1,176,1.76,7745.741009712219,10000.0,7796.068787574768,8805.830776691437,-92.68790483474731,0.0,-92.4837589263916,-20.858049392700195
1,177,1.77,7655.633389949799,10000.0,7711.946666240692,8787.19449043274,-90.10761976242065,0.0,-84.12212133407593,-18.63628625869751
1,178,1.78,7569.198310375214,10000.0,7636.845707893372,8770.793974399567,-86.43507957458496,0.0,-75.10095834732056,-16.400516033172607
1,179,1.79,7488.183081150055,10000.0,7570.561766624451,8756.753504276276,-81.01522922515869,0.0,-66.2839412689209,-14.040470123291016
1,180,1.8,7414.395958185196,10000.0,7512.317895889282,8745.416700839996,-73.78712296485901,0.0,-58.24387073516846,-11.336803436279297
1,181,1.81,7349.103689193726,10000.0,7461.243122816086,8737.297654151917,-65.29226899147034,0.0,-51.07477307319641,-8.119046688079834
1,182,1.82,7292.695641517639,10000.0,7416.794151067734,8732.944130897522,-56.408047676086426,0.0,-44.44897174835205,-4.353523254394531
1,183,1.83,7244.698703289032,10000.0,7378.934472799301,8732.801377773285,-47.99693822860718,0.0,-37.85967826843262,-0.14275312423706055
1,184,1.84,7204.111665487289,10000.0,7348.006516695023,8737.135827541351,-40.587037801742554,0.0,-30.927956104278564,4.334449768066406
1,185,1.85,7169.836163520813,9853.589832782745,7324.406951665878,8746.046125888824,-34.27550196647644,-146.41016721725464,-23.599565029144287,8.910298347473145
1,186,1.86,7139.572501182556,9697.194993495941,7308.623492717743,8752.361238002777,-30.263662338256836,-156.3948392868042,-15.783458948135376,6.315112113952637
1,187,1.87,7112.849056720734,9558.168053627014,7301.972061395645,8750.931024551392,-26.72344446182251,-139.026939868927,-6.651431322097778,-1.430213451385498
1,188,1.8800000000000001,7089.986950159073,9441.335499286652,7304.9296438694,8739.773333072662,-22.862106561660767,-116.83255434036255,2.957582473754883,-11.157691478729248
1,189,1.8900000000000001,7071.019411087036,9347.314238548279,7316.129803657532,8718.684315681458,-18.967539072036743,-94.0212607383728,11.200159788131714,-21.089017391204834
1,190,1.9000000000000001,7057.479918003082,9274.241030216217,7333.25719833374,8689.600229263306,-13.539493083953857,-73.07320833206177,17.127394676208496,-29.084086418151855
1,191,1.9100000000000001,7051.735520362854,9218.932390213013,7354.102581739426,8655.917346477509,-5.7443976402282715,-55.308640003204346,20.845383405685425,-33.68288278579712
1,192,1.92,7055.00066280365,9177.618026733398,7377.426773309708,8621.57791852951,3.2651424407958984,-41.31436347961426,23.324191570281982,-34.33942794799805
1,193,1.93,7066.347897052765,9146.594107151031,7403.182685375214,8590.18862247467,11.34723424911499,-31.023919582366943,25.75591206550598,-31.389296054840088
1,194,1.94,7083.012759685516,9122.713506221771,7432.032376527786,8564.348816871643,16.664862632751465,-23.880600929260254,28.849691152572632,-25.839805603027344
1,195,1.95,7101.68182849884,9103.822708129883,7464.583218097687,8545.400202274323,18.669068813323975,-18.890798091888428,32.55084156990051,-18.948614597320557
1,196,1.96,7119.878679513931,9088.968336582184,7500.743269920349,8533.53202342987,18.196851015090942,-14.854371547698975,36.16005182266235,-11.868178844451904
1,197,1.97,7136.642038822174,9078.193604946136,7539.387345314026,8528.04034948349,16.763359308242798,-10.774731636047363,38.64407539367676,-5.491673946380615
1,198,1.98,7152.334153652191,9072.032272815704,7578.517496585846,8527.640104293823,15.69211483001709,-6.161332130432129,39.13015127182007,-0.40024518966674805
1,199,1.99,7167.903184890747,9070.985317230225,7615.807354450226,8530.76845407486,15.569031238555908,-1.0469555854797363,37.28985786437988,3.128349781036377
1,200,2.0,7184.091955423355,9075.22588968277,7649.281322956085,8535.84498167038,16.188770532608032,4.240572452545166,33.473968505859375,5.0765275955200195
1,201,2.0100000000000002,7201.0040283203125,9084.537923336029,7677.845060825348,8541.501462459564,16.912072896957397,9.312033653259277,28.563737869262695,5.65648078918457
1,202,2.02,7218.120396137238,9098.415672779083,7701.477110385895,8546.758592128754,17.11636781692505,13.8777494430542,23.632049560546875,5.257129669189453
1,203,2.0300000000000002,7234.630584716797,9116.106927394867,7721.0599184036255,8551.16605758667,16.510188579559326,17.69125461578369,19.582808017730713,4.40746545791626
1,204,2.04,7249.830663204193,9136.606752872467,7737.985849380493,8554.86124753952,15.20007848739624,20.499825477600098,16.925930976867676,3.695189952850342
1,205,2.05,7263.371646404266,9158.644676208496,7753.727734088898,8558.523654937744,13.540983200073242,22.037923336029053,15.741884708404541,3.662407398223877
1,206,2.06,7275.299429893494,9180.766344070435,7769.53250169754,8563.229739665985,11.927783489227295,22.121667861938477,15.804767608642578,4.706084728240967
1,207,2.07,7285.921573638916,9201.55256986618,7786.296308040619,8570.217788219452,10.622143745422363,20.78622579574585,16.763806343078613,6.988048553466797
1,208,2.08,7295.608818531036,9219.912588596344,7804.5713901519775,8580.625355243683,9.687244892120361,18.360018730163574,18.275082111358643,10.407567024230957
1,209,2.09,7304.655015468597,9235.329329967499,7824.639976024628,8595.25740146637,9.046196937561035,15.416741371154785,20.068585872650146,14.632046222686768
1,210,2.1,7313.235700130463,9247.958362102509,7846.565544605255,8614.448010921478,8.580684661865234,12.629032135009766,21.92556858062744,19.190609455108643
1,211,2.11,7321.455031633377,9258.551895618439,7870.212197303772,8638.037145137787,8.219331502914429,10.593533515930176,23.646652698516846,23.589134216308594
1,212,2.12,7329.427897930145,9268.245995044708,7895.254492759705,8665.449321269989,7.9728662967681885,9.694099426269531,25.042295455932617,27.41217613220215
1,213,2.13,7337.350249290466,9278.314411640167,7921.206057071686,8695.8447098732,7.922351360321045,10.068416595458984,25.9515643119812,30.39538860321045
1,214,2.14,7345.502972602844,9289.929866790771,7947.507202625275,8728.300631046295,8.15272331237793,11.615455150604248,26.301145553588867,32.4559211730957
1,215,2.15,7354.20286655426,9304.002523422241,7973.6462235450745,8761.98023557663,8.699893951416016,14.072656631469727,26.139020919799805,33.67960453033447
1,216,2.16,7363.718152046204,9321.101307868958,7999.2881417274475,8796.249330043793,9.51528549194336,17.09878444671631,25.641918182373047,34.269094467163086
1,217,2.17,7374.214828014374,9341.43602848053,8024.366199970245,8830.753862857819,10.496675968170166,20.334720611572266,25.07805824279785,34.50453281402588
1,218,2.18,7385.733425617218,9364.881813526154,8049.105703830719,8865.447640419006,11.518597602844238,23.44578504562378,24.739503860473633,34.693777561187744
1,219,2.19,7398.224771022797,9391.060769557953,8073.963224887848,8900.554478168488,12.491345405578613,26.178956031799316,24.857521057128906,35.1068377494812
1,220,2.2,7411.613017320633,9419.442117214203,8099.531531333923,8936.505615711212,13.388246297836304,28.38134765625,25.56830644607544,35.95113754272461
1,221,2.21,7425.871193408966,9449.452459812164,8126.408755779266,8973.848223686218,14.25817608833313,30.010342597961426,26.877224445343018,37.3426079750061
1,222,2.22,7441.053688526154,9480.587542057037,8155.102729797363,9013.135135173798,15.1824951171875,31.135082244873047,28.693974018096924,39.286911487579346
1,223,2.23,7457.311004400253,9512.505829334259,8185.966908931732,9054.826498031616,16.25731587409973,31.91828727722168,30.864179134368896,41.6913628578186
1,224,2.24,7474.86799955368,9545.076787471771,8219.18100118637,9099.211394786835,17.556995153427124,32.57095813751221,33.21409225463867,44.384896755218506
1,225,2.25,7493.985891342163,9578.384459018707,8254.77808713913,9146.364629268646,19.117891788482666,33.307671546936035,35.59708595275879,47.15323448181152
1,226,2.2600000000000002,7514.933347702026,9612.689316272736,8292.68991947174,9196.154177188873,20.94745635986328,34.30485725402832,37.911832332611084,49.78954792022705
1,227,2.27,7537.964880466461,9648.357927799225,8332.808315753937,9248.284697532654,23.031532764434814,35.66861152648926,40.118396282196045,52.13052034378052
1,228,2.2800000000000002,7563.313543796539,9685.766696929932,8375.042080879211,9302.373826503754,25.348663330078125,37.40876913070679,42.23376512527466,54.08912897109985
1,229,2.29,7591.186463832855,9725.212752819061,8419.364988803864,9358.035027980804,27.872920036315918,39.44605588912964,44.3229079246521,55.66120147705078
1,230,2.3000000000000003,7621.763348579407,9766.844809055328,8465.84141254425,9414.956271648407,30.576884746551514,41.63205623626709,46.47642374038696,56.92124366760254
1,231,2.31,7655.191123485565,9810.625612735748,8514.643013477325,9472.947716712952,33.42777490615845,43.78080368041992,48.80160093307495,57.99144506454468
1,232,2.32,7691.587507724762,9856.33760690689,8566.032350063324,9531.96257352829,36.39638423919678,45.71199417114258,51.389336585998535,59.014856815338135
1,233,2.33,7731.0362458229065,9903.628826141357,8620.330095291138,9592.07147359848,39.44873809814453,47.29121923446655,54.29774522781372,60.10890007019043
1,234,2.34,7773.613929748535,9952.082633972168,8677.858114242554,9653.414785861969,42.57768392562866,48.45380783081055,57.528018951416016,61.34331226348877
1,235,2.35,7819.389998912811,10000.0,8738.881051540375,9716.12423658371,45.77606916427612,47.91736602783203,61.022937297821045,62.70945072174072
1,236,2.36,7868.4356808662415,10000.0,8803.545534610748,9780.200123786926,49.045681953430176,0.0,64.66448307037354,64.07588720321655
1,237,2.37,7920.4317927360535,10000.0,8871.836364269257,9843.451082706451,51.99611186981201,0.0,68.2908296585083,63.25095891952515
1,238,2.38,7975.633442401886,10000.0,8943.826258182526,9903.989732265472,55.20164966583252,0.0,71.98989391326904,60.538649559020996
1,239,2.39,8034.423291683197,10000.0,9019.233286380768,9960.276186466217,58.789849281311035,0.0,75.40702819824219,56.28645420074463
1,240,2.4,8096.816837787628,10000.0,9097.341001033783,10000.0,62.39354610443115,0.0,78.10771465301514,39.72381353378296
1,241,2.41,8162.755072116852,10000.0,9177.219867706299,10000.0,65.93823432922363,0.0,79.87886667251587,0.0
1,242,2.42,8231.548368930817,10000.0,9258.109033107758,10000.0,68.79329681396484,0.0,80.88916540145874,0.0
1,243,2.43,8302.5923371315,10000.0,9339.660704135895,10000.0,71.0439682006836,0.0,81.5516710281372,0.0
1,244,2.44,8375.373184680939,10000.0,9421.368539333344,10000.0,72.78084754943848,0.0,81.70783519744873,0.0
1,245,2.45,8449.800312519073,10000.0,9502.289295196533,10000.0,74.42712783813477,0.0,80.9207558631897,0.0
1,246,2.46,8526.056706905365,10000.0,9581.405818462372,10000.0,76.2563943862915,0.0,79.11652326583862,0.0
1,247,2.47,8604.148924350739,10000.0,9657.526314258575,10000.0,78.09221744537354,0.0,76.12049579620361,0.0
1,248,2.48,8683.888614177704,10000.0,9729.388058185577,10000.0,79.73968982696533,0.0,71.86174392700195,0.0
1,249,2.49,8765.049874782562,10000.0,9795.77749967575,10000.0,81.1612606048584,0.0,66.38944149017334,0.0
1,250,2.5,8847.43869304657,10000.0,9855.657815933228,10000.0,82.38881826400757,0.0,59.88031625747681,0.0
1,251,2.5100000000000002,8930.838704109192,10000.0,9908.28961133957,10000.0,83.40001106262207,0.0,52.63179540634155,0.0
1,252,2.52,9014.896154403687,10000.0,9953.29886674881,10000.0,84.05745029449463,0.0,45.00925540924072,0.0
1,253,2.5300000000000002,9099.036157131195,10000.0,9990.66025018692,10000.0,84.14000272750854,0.0,37.36138343811035,0.0
1,254,2.54,9182.482063770294,10000.0,10000.0,10000.0,83.44590663909912,0.0,9.339749813079834,0.0
1,255,2.5500000000000003,9262.410700321198,10000.0,10000.0,10000.0,79.92863655090332,0.0,0.0,0.0
1,256,2.56,9336.527585983276,10000.0,10000.0,10000.0,74.11688566207886,0.0,0.0,0.0
1,257,2.57,9404.199123382568,10000.0,10000.0,10000.0,67.67153739929199,0.0,0.0,0.0
1,258,2.58,9466.29673242569,10000.0,10000.0,10000.0,62.09760904312134,0.0,0.0,0.0
1,259,2.59,9524.606764316559,10000.0,10000.0,10000.0,58.31003189086914,0.0,0.0,0.0
1,260,2.6,9580.929577350616,10000.0,10000.0,10000.0,56.32281303405762,0.0,0.0,0.0
1,261,2.61,9636.361002922058,10000.0,10000.0,10000.0,55.43142557144165,0.0,0.0,0.0
1,262,2.62,9691.081643104553,10000.0,10000.0,10000.0,54.72064018249512,0.0,0.0,0.0
1,263,2.63,9744.568765163422,10000.0,10000.0,10000.0,53.48712205886841,0.0,0.0,0.0
1,264,2.64,9795.974791049957,10000.0,10000.0,9995.556473731995,51.406025886535645,0.0,0.0,-4.443526268005371
1,265,2.65,9844.378530979156,10000.0,9972.880482673645,9935.465157032013,48.40373992919922,0.0,-27.11951732635498,-60.09131669998169
1,266,2.66,9885.389506816864,10000.0,9935.8469247818,9870.872795581818,41.01097583770752,0.0,-37.0335578918457,-64.59236145019531
1,267,2.67,9914.621114730835,10000.0,9898.134171962738,9805.077314376831,29.231607913970947,0.0,-37.71275281906128,-65.79548120498657
1,268,2.68,9929.343461990356,10000.0,9860.857427120209,9741.22405052185,14.722347259521484,0.0,-37.2767448425293,-63.85326385498047
1,269,2.69,9929.89957332611,10000.0,9822.951555252075,9681.324362754822,0.5561113357543945,0.0,-37.905871868133545,-59.89968776702881
1,270,2.7,9919.23451423645,10000.0,9782.101809978485,9626.292288303375,-10.665059089660645,0.0,-40.84974527359009,-55.03207445144653
1,271,2.71,9900.849461555481,10000.0,9735.66859960556,9575.976729393005,-18.38505268096924,0.0,-46.433210372924805,-50.31555891036987
1,272,2.72,9877.03949213028,10000.0,9681.728780269623,9529.356062412262,-23.809969425201416,0.0,-53.9398193359375,-46.62066698074341
1,273,2.73,9848.224222660065,10000.0,9619.652032852173,9484.942853450775,-28.815269470214844,0.0,-62.07674741744995,-44.413208961486816
1,274,2.74,9813.209772109985,10000.0,9550.128877162933,9441.113770008087,-35.014450550079346,0.0,-69.5231556892395,-43.82908344268799
1,275,2.75,9770.089089870453,10000.0,9474.713802337646,9396.37154340744,-43.12068223953247,0.0,-75.41507482528687,-44.74222660064697
1,276,2.7600000000000002,9717.283248901367,10000.0,9395.126402378082,9349.606335163116,-52.80584096908569,0.0,-79.58739995956421,-46.76520824432373
1,277,2.77,9654.238522052765,10000.0,9312.629997730255,9300.296604633331,-63.044726848602295,0.0,-82.49640464782715,-49.309730529785156
1,278,2.7800000000000002,9581.578969955444,10000.0,9227.714836597443,9248.61341714859,-72.65955209732056,0.0,-84.9151611328125,-51.68318748474121
1,279,2.79,9500.774145126343,10000.0,9140.17766714096,9195.382297039032,-80.80482482910156,0.0,-87.53716945648193,-53.231120109558105
1,280,2.8000000000000003,9413.571059703827,10000.0,9049.510061740875,9141.882061958313,-87.20308542251587,0.0,-90.66760540008545,-53.500235080718994
1,281,2.81,9321.471452713013,9804.73905801773,8955.3901553154,9089.548885822296,-92.09960699081421,-195.2609419822693,-94.11990642547607,-52.333176136016846
1,282,2.82,9223.857820034027,9604.333639144897,8857.719600200653,9029.759764671326,-97.6136326789856,-200.40541887283325,-97.6705551147461,-59.78912115097046
1,283,2.83,9122.999012470245,9408.363997936249,8758.021891117096,8955.636024475098,-100.85880756378174,-195.96964120864868,-99.69770908355713,-74.12374019622803
1,284,2.84,9022.487699985504,9224.89196062088,8659.000396728516,8864.118158817291,-100.51131248474121,-183.47203731536865,-99.02149438858032,-91.5178656578064
1,285,2.85,8923.575580120087,9056.950509548187,8562.733829021454,8754.60535287857,-98.91211986541748,-167.94145107269287,-96.26656770706177,-109.5128059387207
1,286,2.86,8826.711475849152,8903.080821037292,8470.374047756195,8629.861772060394,-96.86410427093506,-153.86968851089478,-92.35978126525879,-124.74358081817627
1,287,2.87,8732.120990753174,8759.220540523529,8382.063508033752,8494.90910768509,-94.59048509597778,-143.86028051376343,-88.31053972244263,-134.95266437530518
1,288,2.88,8640.001118183136,8621.411323547363,8297.578394412994,8355.519473552704,-92.11987257003784,-137.80921697616577,-84.48511362075806,-139.38963413238525
1,289,2.89,8550.941050052643,8487.626612186432,8216.752707958221,8216.839730739594,-89.06006813049316,-133.7847113609314,-80.82568645477295,-138.67974281311035
1,290,2.9,8465.856313705444,8358.026444911957,8139.638304710388,8082.579970359802,-85.08473634719849,-129.6001672744751,-77.11440324783325,-134.25976037979126
1,291,2.91,8385.585248470306,8234.033584594727,8066.430985927582,7954.825758934021,-80.27106523513794,-123.99286031723022,-73.2073187828064,-127.75421142578125
1,292,2.92,8310.433328151703,8117.08927154541,7997.284233570099,7834.394574165344,-75.15192031860352,-116.9443130493164,-69.14675235748291,-120.43118476867676
1,293,2.93,8240.042328834534,8007.953763008118,7932.137548923492,7721.329033374786,-70.39099931716919,-109.13550853729248,-65.14668464660645,-113.06554079055786
1,294,2.94,8173.658549785614,7906.769216060638,7870.661616325378,7615.303695201874,-66.38377904891968,-101.18454694747925,-61.475932598114014,-106.0253381729126
1,295,2.95,8110.608756542206,7813.570201396942,7812.321782112122,7515.877187252045,-63.0497932434082,-93.19901466369629,-58.339834213256836,-99.4265079498291
1,296,2.96,8050.665557384491,7728.704214096069,7756.505906581879,7422.648668289185,-59.943199157714844,-84.8659873008728,-55.81587553024292,-93.22851896286011
1,297,2.97,7994.0542578697205,7652.845084667206,7702.65132188797,7335.350215435028,-56.61129951477051,-75.85912942886353,-53.85458469390869,-87.2984528541565
1,298,2.98,7941.128313541412,7586.656212806702,7650.3220200538635,7253.896594047546,-52.925944328308105,-66.18887186050415,-52.329301834106445,-81.45362138748169
1,299,2.99,7891.991138458252,7530.459761619568,7599.248886108398,7178.390324115753,-49.1371750831604,-56.19645118713379,-51.07313394546509,-75.50626993179321
1,300,3.0,7846.335172653198,7484.2023849487305,7549.320757389069,7109.069228172302,-45.65596580505371,-46.2573766708374,-49.928128719329834,-69.32109594345093
1,301,3.0100000000000002,7803.608477115631,7447.718977928162,7500.522434711456,7046.222984790802,-42.72669553756714,-36.48340702056885,-48.798322677612305,-62.846243381500244
1,302,3.02,7763.359248638153,7421.073913574219,7452.852725982666,6990.131437778473,-40.24922847747803,-26.64506435394287,-47.66970872879028,-56.0915470123291
1,303,3.0300000000000002,7725.510597229004,7404.730916023254,7406.25187754631,6941.035985946655,-37.84865140914917,-16.342997550964355,-46.60084843635559,-49.09545183181763
1,304,3.04,7690.363526344299,7399.453222751617,7360.575199127197,6899.15269613266,-35.14707088470459,-5.277693271636963,-45.67667841911316,-41.88328981399536
1,305,3.0500000000000003,7658.399045467377,7406.08811378479,7315.657734870911,6864.70627784729,-31.964480876922607,6.634891033172607,-44.91746425628662,-34.44641828536987
1,306,3.06,7630.044221878052,7425.450086593628,7271.412163972855,6837.946772575378,-28.35482358932495,19.36197280883789,-44.24557089805603,-26.75950527191162
1,307,3.0700000000000003,7605.598866939545,7458.406686782837,7227.928191423416,6819.134056568146,-24.44535493850708,32.956600189208984,-43.48397254943848,-18.812716007232666
1,308,3.08,7585.37083864212,7506.116628646851,7185.516506433487,6808.517575263977,-20.228028297424316,47.70994186401367,-42.4116849899292,-10.616481304168701
1,309,3.09,7569.919228553772,7570.23423910141,7144.690304994583,6806.313842535019,-15.451610088348389,64.11761045455933,-40.82620143890381,-2.20373272895813
1,310,3.1,7560.237944126129,7652.962505817413,7106.130570173264,6812.7115070819855,-9.681284427642822,82.72826671600342,-38.55973482131958,6.397664546966553
1,311,3.11,7557.791769504547,7756.949365139008,7070.679813623428,6827.894896268845,-2.4461746215820312,103.98685932159424,-35.450756549835205,15.18338918685913
1,312,3.12,7564.449310302734,7885.1693868637085,7039.398699998856,6852.075457572937,6.657540798187256,128.22002172470093,-31.281113624572754,24.180561304092407
1,313,3.13,7582.424581050873,8040.8623814582825,7013.6383175849915,6885.513663291931,17.975270748138428,155.69299459457397,-25.760382413864136,33.43820571899414
1,314,3.14,7614.30561542511,8227.569162845612,6995.112299919128,6928.520202636719,31.88103437423706,186.7067813873291,-18.526017665863037,43.0065393447876
1,315,3.15,7663.164436817169,8449.135422706604,6985.9035313129425,6981.432139873505,48.858821392059326,221.56625986099243,-9.208768606185913,52.91193723678589
1,316,3.16,7732.634544372559,8709.541261196136,6988.409012556076,7044.5796847343445,69.4701075553894,260.40583848953247,2.505481243133545,63.147544860839844
1,317,3.17,7826.823592185974,9012.454748153687,7005.2193105220795,7118.231654167175,94.18904781341553,302.91348695755005,16.810297966003418,73.65196943283081
1,318,3.18,7949.9998688697815,9360.51994562149,7038.939297199249,7202.529162168503,123.17627668380737,348.06519746780396,33.7199866771698,84.29750800132751
1,319,3.19,8106.057941913605,9754.469096660614,7091.870456933975,7297.350317239761,156.05807304382324,393.94915103912354,52.93115973472595,94.82115507125854
1,320,3.2,8297.7893948555,10000.0,7165.509015321732,7402.098476886749,191.73145294189453,245.530903339386,73.63855838775635,104.74815964698792
1,321,3.21,8523.60337972641,10000.0,7258.686423301697,7505.199611186981,225.81398487091064,0.0,93.17740797996521,103.10113430023193
1,322,3.22,8778.60963344574,10000.0,7368.109971284866,7582.981586456299,255.00625371932983,0.0,109.42354798316956,77.78197526931763
1,323,3.23,9057.74474143982,10000.0,7490.8749759197235,7618.127763271332,279.1351079940796,0.0,122.76500463485718,35.14617681503296
1,324,3.24,9347.54103422165,10000.0,7621.053159236908,7598.287463188171,289.79629278182983,0.0,130.17818331718445,-19.8403000831604
1,325,3.25,9626.339972019196,10000.0,7748.0557560920715,7516.491413116455,278.7989377975464,0.0,127.00259685516357,-81.79605007171631
1,326,3.2600000000000002,9873.49957227707,10000.0,7859.498560428619,7375.716865062714,247.15960025787354,0.0,111.44280433654785,-140.77454805374146
1,327,3.27,10000.0,10000.0,7944.223582744598,7188.877314329147,126.50042772293091,0.0,84.725022315979,-186.83955073356628
1,328,3.2800000000000002,10000.0,10000.0,7992.543578147888,6977.097392082214,0.0,0.0,48.319995403289795,-211.77992224693298
1,329,3.29,10000.0,10000.0,8000.043630599976,6766.355931758881,0.0,0.0,7.500052452087402,-210.74146032333374
1,330,3.3000000000000003,10000.0,10000.0,7974.627614021301,6581.93975687027,0.0,0.0,-25.416016578674316,-184.41617488861084
1,331,3.31,10000.0,10000.0,7932.367026805878,6443.762928247452,0.0,0.0,-42.260587215423584,-138.176828622818
1,332,3.3200000000000003,10000.0,10000.0,7891.210317611694,6363.691985607147,0.0,0.0,-41.15670919418335,-80.07094264030457
1,333,3.33,10000.0,10000.0,7866.331040859222,6345.407664775848,0.0,0.0,-24.879276752471924,-18.284320831298828
1,334,3.34,10000.0,10000.0,7867.3055768013,6385.8552277088165,0.0,0.0,0.9745359420776367,40.44756293296814
1,335,3.35,10000.0,10000.0,7897.765934467316,6476.7614006996155,0.0,0.0,30.460357666015625,90.90617299079895
1,336,3.36,10000.0,10000.0,7956.705689430237,6606.462299823761,0.0,0.0,58.93975496292114,129.7008991241455
1,337,3.37,10000.0,10000.0,8040.474951267242,6762.221157550812,0.0,0.0,83.76926183700562,155.75885772705078
1,338,3.38,10000.0,10000.0,8144.642412662506,6932.666748762131,0.0,0.0,104.16746139526367,170.44559121131897
1,339,3.39,10000.0,10000.0,8265.287578105927,7109.730392694473,0.0,0.0,120.64516544342041,177.06364393234253
1,340,3.4,10000.0,10000.0,8399.578630924225,7289.4638776779175,0.0,0.0,134.29105281829834,179.7334849834442
1,341,3.41,10000.0,10000.0,8545.7044839859,7471.553236246109,0.0,0.0,146.12585306167603,182.08935856819153
1,342,3.42,9936.363995075226,10000.0,8702.357709407806,7657.85813331604,-63.63600492477417,0.0,156.65322542190552,186.30489706993103
1,343,3.43,9824.890196323395,10000.0,8865.326046943665,7851.426899433136,-111.47379875183105,0.0,162.96833753585815,193.56876611709595
1,344,3.44,9711.899161338806,10000.0,9027.499556541443,8054.303824901581,-112.99103498458862,0.0,162.17350959777832,202.87692546844482
1,345,3.45,9605.1624417305,10000.0,9181.30248785019,8265.940248966217,-106.73671960830688,0.0,153.80293130874634,211.63642406463623
1,346,3.46,9513.220191001892,10000.0,9319.252669811249,8482.548892498016,-91.94225072860718,0.0,137.95018196105957,216.60864353179932
1,347,3.47,9442.67064332962,10000.0,9434.734284877777,8697.039783000946,-70.54954767227173,0.0,115.48161506652832,214.4908905029297
1,348,3.48,9396.831691265106,10000.0,9523.164331912994,8900.134861469269,-45.83895206451416,0.0,88.43004703521729,203.09507846832275
1,349,3.49,9375.419020652771,10000.0,9582.776427268982,9082.167446613312,-21.412670612335205,0.0,59.61209535598755,182.03258514404297
1,350,3.5,9374.644756317139,10000.0,9614.939391613007,9234.929978847504,-0.7742643356323242,0.0,32.16296434402466,152.7625322341919
1,351,3.5100000000000002,9388.043284416199,10000.0,9623.847305774689,9353.128969669342,13.398528099060059,0.0,8.907914161682129,118.19899082183838
1,352,3.52,9408.003389835358,10000.0,9615.528285503387,9435.212016105652,19.960105419158936,0.0,-8.31902027130127,82.08304643630981
1,353,3.5300000000000002,9427.618682384491,10000.0,9596.390128135681,9483.455121517181,19.6152925491333,0.0,-19.1381573677063,48.24310541152954
1,354,3.54,9442.212879657745,10000.0,9571.774005889893,9503.352642059326,14.594197273254395,0.0,-24.616122245788574,19.897520542144775
1,355,3.5500000000000003,9450.080692768097,10000.0,9544.958472251892,9502.471387386322,7.8678131103515625,0.0,-26.81553363800049,-0.8812546730041504
1,356,3.56,9452.261626720428,10000.0,9516.907036304474,9489.012956619263,2.180933952331543,0.0,-28.051435947418213,-13.458430767059326
1,357,3.5700000000000003,9451.52372121811,10000.0,9486.74887418747,9470.400214195251,-0.7379055023193359,0.0,-30.158162117004395,-18.61274242401123
1,358,3.58,9450.961351394653,10000.0,9452.740848064423,9452.206194400787,-0.5623698234558105,0.0,-34.008026123046875,-18.19401979446411
1,359,3.59,9452.707767486572,10000.0,9413.330852985382,9437.602162361145,1.7464160919189453,0.0,-39.40999507904053,-14.604032039642334
1,360,3.6,9457.139670848846,10000.0,9367.993175983429,9427.421987056732,4.43190336227417,0.0,-45.337677001953125,-10.180175304412842
1,361,3.61,9462.769627571106,10000.0,9317.580759525299,9420.753121376038,5.6299567222595215,0.0,-50.41241645812988,-6.66886568069458
1,362,3.62,9466.753602027893,10000.0,9264.175593852997,9415.893256664276,3.9839744567871094,0.0,-53.405165672302246,-4.859864711761475
1,363,3.63,9465.782940387726,10000.0,9210.502803325653,9411.37820482254,-0.9706616401672363,0.0,-53.67279052734375,-4.51505184173584
1,364,3.64,9457.034766674042,10000.0,9159.132838249207,9406.680166721344,-8.748173713684082,0.0,-51.36996507644653,-4.698038101196289
1,365,3.65,9438.880383968353,10000.0,9111.770689487457,9402.366876602173,-18.154382705688477,0.0,-47.36214876174927,-4.313290119171143
1,366,3.66,9411.170184612274,10000.0,9068.871140480042,9399.768114089966,-27.7101993560791,0.0,-42.89954900741577,-2.5987625122070312
1,367,3.67,9375.037848949432,10000.0,9029.669463634491,9400.366842746735,-36.1323356628418,0.0,-39.20167684555054,0.5987286567687988
1,368,3.68,9332.322180271149,10000.0,8992.573022842407,9405.15398979187,-42.71566867828369,0.0,-37.09644079208374,4.787147045135498
1,369,3.69,9284.869730472565,10000.0,8955.74927330017,9414.143860340118,-47.452449798583984,0.0,-36.82374954223633,8.989870548248291
1,370,3.7,9233.952462673187,10000.0,8917.624056339264,9426.190853118896,-50.91726779937744,0.0,-38.12521696090698,12.046992778778076
1,371,3.71,9180.025160312653,10000.0,8877.234756946564,9439.155757427216,-53.92730236053467,0.0,-40.389299392700195,12.964904308319092
1,372,3.72,9122.852683067322,10000.0,8834.26696062088,9450.317025184631,-57.17247724533081,0.0,-42.967796325683594,11.161267757415771
1,373,3.73,9061.907827854156,10000.0,8788.858950138092,9456.956684589386,-60.94485521316528,0.0,-45.408010482788086,6.639659404754639
1,374,3.74,8996.873199939728,10000.0,8741.2890791893,9456.940591335297,-65.03462791442871,0.0,-47.569870948791504,-0.01609325408935547
1,375,3.75,8927.996456623077,10000.0,8691.69145822525,9449.17231798172,-68.87674331665039,0.0,-49.59762096405029,-7.76827335357666
1,376,3.7600000000000002,8856.207728385925,10000.0,8639.933168888092,9433.786571025848,-71.7887282371521,0.0,-51.7582893371582,-15.385746955871582
1,377,3.77,8782.954216003418,10000.0,8585.689961910248,9412.061870098114,-73.25351238250732,0.0,-54.24320697784424,-21.724700927734375
1,378,3.7800000000000002,8709.840774536133,10000.0,8528.676331043243,9386.08169555664,-73.11344146728516,0.0,-57.013630867004395,-25.98017454147339
1,379,3.79,8638.245165348053,10000.0,8468.915522098541,9358.263909816742,-71.59560918807983,0.0,-59.76080894470215,-27.81778573989868
1,380,3.8000000000000003,8569.055497646332,10000.0,8406.917154788971,9330.897629261017,-69.18966770172119,0.0,-61.99836730957031,-27.366280555725098
1,381,3.81,8502.626717090607,10000.0,8343.670666217804,9305.798709392548,-66.4287805557251,0.0,-63.24648857116699,-25.09891986846924
1,382,3.8200000000000003,8438.9528632164,10000.0,8280.466198921204,9284.16758775711,-63.67385387420654,0.0,-63.20446729660034,-21.63112163543701
1,383,3.83,8377.95466184616,10000.0,8218.589723110199,9266.636967658997,-60.99820137023926,0.0,-61.87647581100464,-17.530620098114014
1,384,3.84,8319.741189479828,10000.0,8159.046769142151,9253.452718257904,-58.21347236633301,0.0,-59.542953968048096,-13.18424940109253
1,385,3.85,8264.733254909515,10000.0,8102.396726608276,9244.68845129013,-55.0079345703125,0.0,-56.65004253387451,-8.764266967773438
1,386,3.86,8213.601410388947,10000.0,8048.76983165741,9240.416586399078,-51.13184452056885,0.0,-53.6268949508667,-4.271864891052246
1,387,3.87,8167.059421539307,10000.0,7998.033165931702,9240.778386592865,-46.54198884963989,0.0,-50.73666572570801,0.3618001937866211
1,388,3.88,8125.636577606201,10000.0,7950.004935264587,9245.961606502533,-41.42284393310547,0.0,-48.02823066711426,5.183219909667969
1,389,3.89,8089.512586593628,10000.0,7904.626429080963,9256.11525774002,-36.12399101257324,0.0,-45.37850618362427,10.153651237487793
1,390,3.9,8058.495819568634,10000.0,7862.0025515556335,9271.248877048492,-31.016767024993896,0.0,-42.62387752532959,15.13361930847168
1,391,3.91,8032.127320766449,10000.0,7822.335064411163,9291.16666316986,-26.36849880218506,0.0,-39.667487144470215,19.917786121368408
1,392,3.92,8009.847104549408,10000.0,7785.786986351013,9315.457940101624,-22.280216217041016,0.0,-36.54807806015015,24.291276931762695
1,393,3.93,7991.149127483368,10000.0,7752.363681793213,9343.532025814056,-18.69797706604004,0.0,-33.42330455780029,28.07408571243286
1,394,3.94,7975.653111934662,10000.0,7721.870243549347,9374.679028987885,-15.496015548706055,0.0,-30.493438243865967,31.147003173828125
1,395,3.95,7963.083982467651,9892.632067203522,7693.953812122345,9408.12885761261,-12.569129467010498,-107.36793279647827,-27.916431427001953,33.44982862472534
1,396,3.96,7951.749265193939,9783.894419670105,7668.334543704987,9437.724649906158,-11.334717273712158,-108.73764753341675,-25.6192684173584,29.595792293548584
1,397,3.97,7941.505312919617,9695.680737495422,7645.694315433502,9459.297358989716,-10.24395227432251,-88.21368217468262,-22.640228271484375,21.57270908355713
1,398,3.98,7932.903468608856,9631.977379322052,7626.469433307648,9470.95662355423,-8.601844310760498,-63.70335817337036,-19.224882125854492,11.65926456451416
1,399,3.99,7925.71485042572,9593.097567558289,7610.010802745819,9471.894800662994,-7.188618183135986,-38.87981176376343,-16.458630561828613,0.9381771087646484
1,400,4.0,7920.167148113251,9576.135873794556,7595.214545726776,9463.08434009552,-5.547702312469482,-16.96169376373291,-14.796257019042969,-8.810460567474365
1,401,4.01,7916.829288005829,9575.873017311096,7581.136524677277,9447.086155414581,-3.337860107421875,-0.26285648345947266,-14.078021049499512,-15.99818468093872
1,402,4.0200000000000005,7915.913760662079,9586.26538515091,7567.439377307892,9427.464306354523,-0.91552734375,10.392367839813232,-13.697147369384766,-19.621849060058594
1,403,4.03,7917.139530181885,9601.914882659912,7554.380297660828,9408.018589019775,1.2257695198059082,15.649497509002686,-13.059079647064209,-19.445717334747314
1,404,4.04,7919.920980930328,9618.971049785614,7542.465031147003,9391.998946666718,2.7814507484436035,17.056167125701904,-11.915266513824463,-16.01964235305786
1,405,4.05,7923.70080947876,9635.392427444458,7532.052397727966,9381.546080112457,3.7798285484313965,16.421377658843994,-10.412633419036865,-10.452866554260254
1,406,4.0600000000000005,7928.173840045929,9650.65449476242,7523.094415664673,9377.520382404327,4.4730305671691895,15.262067317962646,-8.957982063293457,-4.025697708129883
1,407,4.07,7933.285236358643,9665.216505527496,7515.100836753845,9379.624426364899,5.111396312713623,14.562010765075684,-7.993578910827637,2.104043960571289
1,408,4.08,7939.081490039825,9680.002629756927,7507.316470146179,9386.727511882782,5.796253681182861,14.786124229431152,-7.784366607666016,7.103085517883301
1,409,4.09,7945.548593997955,9696.033596992493,7499.022036790848,9397.281110286713,6.467103958129883,16.030967235565186,-8.294433355331421,10.553598403930664
1,410,4.1,7952.533066272736,9714.196622371674,7489.806711673737,9409.713745117188,6.984472274780273,18.163025379180908,-9.215325117111206,12.432634830474854
1,411,4.11,7959.763407707214,9735.077917575836,7479.693442583084,9422.761499881744,7.23034143447876,20.881295204162598,-10.113269090652466,13.047754764556885
1,412,4.12,7966.943085193634,9758.82112979889,7469.09961104393,9435.675144195557,7.179677486419678,23.74321222305298,-10.593831539154053,12.913644313812256
1,413,4.13,7973.870933055878,9785.066545009613,7458.675354719162,9448.311626911163,6.927847862243652,26.245415210723877,-10.424256324768066,12.63648271560669
1,414,4.14,7980.530560016632,9813.00264596939,7449.102997779846,9461.089074611664,6.6596269607543945,27.936100959777832,-9.572356939315796,12.777447700500488
1,415,4.15,7987.131178379059,9841.574132442474,7440.9423768520355,9474.834501743317,6.600618362426758,28.571486473083496,-8.160620927810669,13.745427131652832
1,416,4.16,7994.072139263153,9869.768023490906,7434.560507535934,9490.542709827423,6.940960884094238,28.193891048431396,-6.381869316101074,15.708208084106445
1,417,4.17,8001.857399940491,9896.89588546753,7430.139631032944,9509.117603302002,7.7852606773376465,27.127861976623535,-4.420876502990723,18.574893474578857
1,418,4.18,8010.985851287842,9922.753870487213,7427.734285593033,9531.154930591583,9.128451347351074,25.857985019683838,-2.4053454399108887,22.0373272895813
1,419,4.19,8021.844923496246,9947.6358294487,7427.336722612381,9556.814134120941,10.859072208404541,24.881958961486816,-0.39756298065185547,25.65920352935791
1,420,4.2,8034.659028053284,9972.207844257355,7428.935468196869,9585.820436477661,12.814104557037354,24.572014808654785,1.598745584487915,29.00630235671997
1,421,4.21,8049.497306346893,9997.303783893585,7432.541996240616,9617.570340633392,14.83827829360962,25.09593963623047,3.6065280437469482,31.7499041557312
1,422,4.22,8066.329658031464,10000.0,7438.19385766983,9651.30865573883,16.832351684570312,2.696216106414795,5.6518614292144775,33.73831510543823
1,423,4.23,8084.762990474701,10000.0,7445.909231901169,9685.1846575737,18.433332443237305,0.0,7.715374231338501,33.876001834869385
1,424,4.24,8104.66855764389,10000.0,7455.921471118927,9717.686176300049,19.905567169189453,0.0,10.012239217758179,32.50151872634888
1,425,4.25,8126.079440116882,10000.0,7468.443661928177,9747.782945632935,21.410882472991943,0.0,12.522190809249878,30.096769332885742
1,426,4.26,8148.92053604126,10000.0,7483.460605144501,9774.72871541977,22.84109592437744,0.0,15.016943216323853,26.945769786834717
1,427,4.2700000000000005,8173.231482505798,10000.0,7500.82790851593,9798.208773136139,24.310946464538574,0.0,17.367303371429443,23.48005771636963
1,428,4.28,8199.127614498138,10000.0,7520.352005958557,9818.268120288849,25.896131992340088,0.0,19.524097442626953,20.05934715270996
1,429,4.29,8226.658999919891,10000.0,7541.847229003906,9835.178554058075,27.53138542175293,0.0,21.49522304534912,16.910433769226074
1,430,4.3,8255.72282075882,10000.0,7565.15771150589,9849.277436733246,29.063820838928223,0.0,23.310482501983643,14.098882675170898
1,431,4.3100000000000005,8286.054134368896,10000.0,7590.139210224152,9860.826432704926,30.331313610076904,0.0,24.98149871826172,11.548995971679688
1,432,4.32,8317.25388765335,10000.0,7616.636157035828,9869.933426380157,31.199753284454346,0.0,26.496946811676025,9.106993675231934
1,433,4.33,8348.845541477203,10000.0,7644.461095333099,9876.544773578644,31.59165382385254,0.0,27.82493829727173,6.611347198486328
1,434,4.34,8380.325734615326,10000.0,7673.371732234955,9880.488514900208,31.48019313812256,0.0,28.91063690185547,3.9437413215637207
1,435,4.3500000000000005,8411.186933517456,10000.0,7703.069746494293,9881.544411182404,30.861198902130127,0.0,29.69801425933838,1.055896282196045
1,436,4.36,8440.936803817749,10000.0,7733.216881752014,9879.51636314392,29.74987030029297,0.0,30.147135257720947,-2.028048038482666
1,437,4.37,8469.088971614838,10000.0,7763.451039791107,9874.289631843567,28.152167797088623,0.0,30.234158039093018,-5.226731300354004
1,438,4.38,8495.163023471832,10000.0,7793.412506580353,9865.850508213043,26.07405185699463,0.0,29.961466789245605,-8.439123630523682
1,439,4.39,8518.68599653244,10000.0,7822.760045528412,9854.296147823334,23.52297306060791,0.0,29.347538948059082,-11.554360389709473
1,440,4.4,8539.198338985443,10000.0,7851.1688113212585,9839.811325073242,20.51234245300293,0.0,28.40876579284668,-14.484822750091553
1,441,4.41,8556.267321109772,10000.0,7878.330945968628,9822.645783424377,17.068982124328613,0.0,27.162134647369385,-17.165541648864746
1,442,4.42,8569.51355934143,10000.0,7903.943955898285,9803.090393543243,13.246238231658936,0.0,25.613009929656982,-19.555389881134033
1,443,4.43,8578.61578464508,10000.0,7927.698791027069,9781.450629234314,9.102225303649902,0.0,23.75483512878418,-21.639764308929443
1,444,4.44,8583.327233791351,10000.0,7949.278652667999,9758.034348487854,4.711449146270752,0.0,21.579861640930176,-23.41628074645996
1,445,4.45,8583.474457263947,10000.0,7968.360781669617,9733.138382434845,0.14722347259521484,0.0,19.08212900161743,-24.895966053009033
1,446,4.46,8578.953444957733,10000.0,7984.621524810791,9707.04048871994,-4.521012306213379,0.0,16.260743141174316,-26.097893714904785
1,447,4.47,8569.721579551697,10000.0,7997.750341892242,9679.996371269226,-9.231865406036377,0.0,13.128817081451416,-27.04411745071411
1,448,4.48,8555.790483951569,10000.0,8007.456958293915,9652.236998081207,-13.931095600128174,0.0,9.706616401672363,-27.7593731880188
1,449,4.49,8537.212312221527,10000.0,8013.48865032196,9623.963534832,-18.578171730041504,0.0,6.031692028045654,-28.273463249206543
1,450,4.5,8514.080941677094,10000.0,8015.63024520874,9595.352113246918,-23.131370544433594,0.0,2.141594886779785,-28.611421585083008
1,451,4.51,8486.523032188416,10000.0,8013.716340065002,9566.553831100464,-27.55790948867798,0.0,-1.913905143737793,-28.798282146453857
1,452,4.5200000000000005,8454.69981431961,10000.0,8007.626235485077,9537.700414657593,-31.82321786880493,0.0,-6.090104579925537,-28.853416442871094
1,453,4.53,8418.808281421661,10000.0,7997.289001941681,9508.906602859497,-35.89153289794922,0.0,-10.337233543395996,-28.793811798095703
1,454,4.54,8379.069864749908,10000.0,7982.687950134277,9480.272233486176,-39.73841667175293,0.0,-14.601051807403564,-28.634369373321533
1,455,4.55,8335.732519626617,10000.0,7963.856756687164,9451.888799667358,-43.337345123291016,0.0,-18.831193447113037,-28.38343381881714
1,456,4.5600000000000005,8289.06536102295,10000.0,7940.895855426788,9423.842132091522,-46.66715860366821,0.0,-22.960901260375977,-28.04666757583618
1,457,4.57,8239.358365535736,10000.0,7913.958728313446,9396.219253540039,-49.706995487213135,0.0,-26.937127113342285,-27.622878551483154
1,458,4.58,8186.920285224915,10000.0,7883.26233625412,9369.108974933624,-52.43808031082153,0.0,-30.696392059326172,-27.110278606414795
1,459,4.59,8132.08132982254,10000.0,7849.079966545105,9342.605769634247,-54.83895540237427,0.0,-34.18236970901489,-26.50320529937744
1,460,4.6000000000000005,8075.18869638443,10000.0,7811.731994152069,9316.809177398682,-56.89263343811035,0.0,-37.34797239303589,-25.796592235565186
1,461,4.61,8016.605079174042,10000.0,7771.582007408142,9291.825592517853,-58.583617210388184,0.0,-40.149986743927,-24.983584880828857
1,462,4.62,7956.709563732147,10000.0,7729.027569293976,9267.771542072296,-59.89551544189453,0.0,-42.55443811416626,-24.05405044555664
1,463,4.63,7895.8860039711,10000.0,7684.487998485565,9244.768023490906,-60.82355976104736,0.0,-44.539570808410645,-23.00351858139038
1,464,4.64,7834.526598453522,10000.0,7638.398110866547,9222.94169664383,-61.359405517578125,0.0,-46.089887619018555,-21.826326847076416
1,465,4.65,7773.01549911499,10000.0,7591.193914413452,9202.415645122528,-61.511099338531494,0.0,-47.20419645309448,-20.52605152130127
1,466,4.66,7711.7326855659485,10000.0,7543.308436870575,9183.308184146881,-61.28281354904175,0.0,-47.8854775428772,-19.107460975646973
1,467,4.67,7651.039659976959,10000.0,7495.153695344925,9165.723025798798,-60.69302558898926,0.0,-48.154741525650024,-17.585158348083496
1,468,4.68,7591.274380683899,10000.0,7447.115629911423,9149.746000766754,-59.7652792930603,0.0,-48.0380654335022,-15.977025032043457
1,469,4.69,7532.7447056770325,10000.0,7399.545460939407,9135.442078113556,-58.529675006866455,0.0,-47.57016897201538,-14.303922653198242
1,470,4.7,7475.720047950745,10000.0,7352.752089500427,9122.848510742188,-57.02465772628784,0.0,-46.7933714389801,-12.593567371368408
1,471,4.71,7420.431077480316,9890.567064285278,7306.998521089554,9111.97453737259,-55.28897047042847,-109.43293571472168,-45.75356841087341,-10.873973369598389
1,472,4.72,7365.921586751938,9778.884053230286,7262.209206819534,9097.611010074615,-54.509490728378296,-111.68301105499268,-44.78931427001953,-14.363527297973633
1,473,4.73,7312.356531620026,9676.030576229095,7219.274938106537,9076.053500175476,-53.56505513191223,-102.85347700119019,-42.93426871299744,-21.557509899139404
1,474,4.74,7260.438054800034,9585.330784320831,7179.007679224014,9045.705795288086,-51.918476819992065,-90.69979190826416,-40.26725888252258,-30.347704887390137
1,475,4.75,7210.155427455902,9507.399201393127,7141.1798894405365,9006.034433841705,-50.28262734413147,-77.93158292770386,-37.82778978347778,-39.671361446380615
1,476,4.76,7162.116169929504,9440.944790840149,7105.051875114441,8958.148658275604,-48.039257526397705,-66.45441055297852,-36.12801432609558,-47.885775566101074
1,477,4.7700000000000005,7117.424309253693,9383.675158023834,7069.849818944931,8904.284536838531,-44.69186067581177,-57.2696328163147,-35.20205616950989,-53.864121437072754
1,478,4.78,7076.883912086487,9333.080649375916,7035.233676433563,8847.151696681976,-40.54039716720581,-50.5945086479187,-34.6161425113678,-57.132840156555176
1,479,4.79,7040.523290634155,9287.061989307404,7001.473754644394,8789.280354976654,-36.36062145233154,-46.01866006851196,-33.75992178916931,-57.871341705322266
1,480,4.8,7007.571905851364,9244.190156459808,6969.25550699234,8732.534050941467,-32.95138478279114,-42.871832847595215,-32.21824765205383,-56.74630403518677
1,481,4.8100000000000005,6976.877450942993,9203.718602657318,6939.303129911423,8677.941858768463,-30.69445490837097,-40.471553802490234,-29.95237708091736,-54.59219217300415
1,482,4.82,6947.458386421204,9165.41576385498,6912.014484405518,8625.817000865936,-29.41906452178955,-38.30283880233765,-27.28864550590515,-52.124857902526855
1,483,4.83,6918.857842683792,9129.301011562347,6887.257695198059,8576.003909111023,-28.6005437374115,-36.11475229263306,-24.756789207458496,-49.81309175491333
1,484,4.84,6891.13587141037,9095.397293567657,6864.422410726547,8528.136909008026,-27.72197127342224,-33.90371799468994,-22.83528447151184,-47.867000102996826
1,485,4.8500000000000005,6864.586621522903,9063.589870929718,6842.687577009201,8481.830656528473,-26.54924988746643,-31.807422637939453,-21.73483371734619,-46.30625247955322
1,486,4.86,6839.406043291092,9033.639132976532,6821.333467960358,8436.769545078278,-25.180578231811523,-29.950737953186035,-21.354109048843384,-45.06111145019531
1,487,4.87,6815.503388643265,9005.2929520607,6799.973249435425,8392.729461193085,-23.90265464782715,-28.34618091583252,-21.36021852493286,-44.04008388519287
1,488,4.88,6792.532503604889,8978.394269943237,6778.598129749298,8349.566757678986,-22.970885038375854,-26.898682117462158,-21.37511968612671,-43.16270351409912
1,489,4.89,6770.083457231522,8952.915966510773,6757.458001375198,8307.21765756607,-22.44904637336731,-25.4783034324646,-21.14012837409973,-42.34910011291504
1,490,4.9,6747.881472110748,8928.900063037872,6736.872047185898,8265.70600271225,-22.201985120773315,-24.01590347290039,-20.585954189300537,-41.5116548538208
1,491,4.91,6725.874245166779,8906.358182430267,6717.068403959274,8225.142061710358,-22.007226943969727,-22.54188060760498,-19.803643226623535,-40.56394100189209
1,492,4.92,6704.192757606506,8885.212242603302,6698.122024536133,8185.7118010520935,-21.681487560272217,-21.145939826965332,-18.94637942314148,-39.43026065826416
1,493,4.93,6683.028042316437,8865.308463573456,6679.994165897369,8147.641122341156,-21.16471529006958,-19.90377902984619,-18.127858638763428,-38.0706787109375
1,494,4.94,6662.513613700867,8846.510648727417,6662.622541189194,8111.142218112946,-20.51442861557007,-18.79781484603882,-17.37162470817566,-36.49890422821045
1,495,4.95,6642.685234546661,8828.804194927216,6645.989269018173,8076.367080211639,-19.828379154205322,-17.706453800201416,-16.633272171020508,-34.77513790130615
1,496,4.96,6623.509228229523,8812.333345413208,6630.136072635651,8043.383359909058,-19.176006317138672,-16.47084951400757,-15.853196382522583,-32.98372030258179
1,497,4.97,6604.946106672287,8797.369301319122,6615.137010812759,8012.1853947639465,-18.563121557235718,-14.964044094085693,-14.999061822891235,-31.197965145111084
1,498,4.98,6587.011814117432,8784.222900867462,6601.047515869141,7982.729375362396,-17.934292554855347,-13.146400451660156,-14.089494943618774,-29.456019401550293
1,499,4.99,6569.780856370926,8773.162066936493,6587.881296873093,7954.97328042984,-17.230957746505737,-11.060833930969238,-13.166218996047974,-27.756094932556152
1,500,5.0,6553.365588188171,8764.363825321198,6575.613170862198,7928.906977176666,-16.415268182754517,-8.79824161529541,-12.268126010894775,-26.066303253173828
1,501,5.01,6537.875533103943,8757.927119731903,6564.214825630188,7904.56622838974,-15.490055084228516,-6.436705589294434,-11.398345232009888,-24.34074878692627
1,502,5.0200000000000005,6523.389518260956,8753.91811132431,6553.691625595093,7882.024943828583,-14.48601484298706,-4.009008407592773,-10.523200035095215,-22.541284561157227
1,503,5.03,6509.9576115608215,8752.420842647552,6544.095277786255,7861.375212669373,-13.431906700134277,-1.4972686767578125,-9.59634780883789,-20.649731159210205
1,504,5.04,6497.620195150375,8753.546476364136,6535.51921248436,7842.715084552765,-12.337416410446167,1.125633716583252,-8.576065301895142,-18.660128116607666
1,505,5.05,6486.424803733826,8757.422268390656,6528.073251247406,7826.1396288871765,-11.195391416549683,3.8757920265197754,-7.445961236953735,-16.57545566558838
1,506,5.0600000000000005,6476.436108350754,8764.152824878693,6521.859019994736,7811.7382526397705,-9.9886953830719,6.730556488037109,-6.214231252670288,-14.401376247406006
1,507,5.07,6467.736661434174,8773.80758523941,6516.9574320316315,7799.599468708038,-8.6994469165802,9.654760360717773,-4.901587963104248,-12.138783931732178
1,508,5.08,6460.412889719009,8786.411881446838,6513.434052467346,7789.811491966248,-7.323771715164185,12.604296207427979,-3.5233795642852783,-9.787976741790771
1,509,5.09,6454.543918371201,8801.96899175644,6511.349827051163,7782.455086708069,-5.868971347808838,15.55711030960083,-2.0842254161834717,-7.356405258178711
1,510,5.1000000000000005,6450.196802616119,8820.472955703735,6510.775685310364,7777.602672576904,-4.347115755081177,18.503963947296143,-0.5741417407989502,-4.852414131164551
1,511,5.11,6447.4305510520935,8841.916024684906,6511.789560317993,7775.311768054962,-2.766251564025879,21.443068981170654,1.0138750076293945,-2.2909045219421387
1,512,5.12,6446.2994039058685,8866.279125213623,6514.479070901871,7775.627970695496,-1.1311471462249756,24.36310052871704,2.6895105838775635,0.31620264053344727
1,513,5.13,6446.849554777145,8893.523216247559,6518.930047750473,7778.5831689834595,0.5501508712768555,27.244091033935547,4.450976848602295,2.955198287963867
1,514,5.14,6449.12526011467,8923.571109771729,6525.218486785889,7784.198224544525,2.275705337524414,30.047893524169922,6.288439035415649,5.615055561065674
1,515,5.15,6453.161835670471,8956.303894519806,6533.4077179431915,7792.486250400543,4.036575555801392,32.73278474807739,8.189231157302856,8.288025856018066
1,516,5.16,6458.980739116669,8991.56242609024,6543.550789356232,7803.4526109695435,5.81890344619751,35.25853157043457,10.143071413040161,10.966360569000244
1,517,5.17,6466.588079929352,9029.152691364288,6555.685997009277,7817.090451717377,7.6073408126831055,37.59026527404785,12.135207653045654,13.637840747833252
1,518,5.18,6475.970894098282,9068.85415315628,6569.840908050537,7833.376824855804,9.382814168930054,39.70146179199219,14.154911041259766,16.286373138427734
1,519,5.19,6487.097889184952,9110.419750213623,6586.025953292847,7852.266728878021,11.126995086669922,41.56559705734253,16.18504524230957,18.889904022216797
1,520,5.2,6499.916315078735,9153.56993675232,6604.23144698143,7873.69579076767,12.81842589378357,43.15018653869629,18.205493688583374,21.429061889648438
1,521,5.21,6514.352560043335,9197.994470596313,6624.421030282974,7897.573411464691,14.43624496459961,44.42453384399414,20.18958330154419,23.877620697021484
1,522,5.22,6530.314385890961,9243.34853887558,6646.530777215958,7923.786342144012,15.961825847625732,45.35406827926636,22.1097469329834,26.21293067932129
1,523,5.23,6547.686904668808,9289.255142211914,6670.461595058441,7952.196896076202,17.37251877784729,45.90660333633423,23.93081784248352,28.41055393218994
1,524,5.24,6566.33660197258,9335.315227508545,6696.085333824158,7982.641160488129,18.649697303771973,46.06008529663086,25.623738765716553,30.44426441192627
1,525,5.25,6586.11074090004,9381.11275434494,6723.243296146393,8014.9319767951965,19.774138927459717,45.797526836395264,27.157962322235107,32.29081630706787
1,526,5.26,6606.835573911667,9426.21648311615,6751.748472452164,8048.85596036911,20.724833011627197,45.10372877120972,28.505176305770874,33.923983573913574
1,527,5.2700000000000005,6628.32036614418,9470.190107822418,6781.382709741592,8084.171116352081,21.484792232513428,43.97362470626831,29.63423728942871,35.31515598297119
1,528,5.28,6650.364547967911,9512.600004673004,6811.900436878204,8120.61220407486,22.04418182373047,42.40989685058594,30.51772713661194,36.44108772277832
1,529,5.29,6672.757267951965,9553.020894527435,6843.033283948898,8157.891929149628,22.392719984054565,40.42088985443115,31.13284707069397,37.279725074768066
1,530,5.3,6695.287376642227,9591.043889522552,6874.48725104332,8195.701241493225,22.53010869026184,38.02299499511719,31.453967094421387,37.80931234359741
1,531,5.3100000000000005,6717.740893363953,9626.287519931793,6905.950754880905,8233.712315559387,22.453516721725464,35.24363040924072,31.46350383758545,38.01107406616211
1,532,5.32,6739.908903837204,9658.40369462967,6937.103122472763,8271.582126617432,22.168010473251343,32.11617469787598,31.15236759185791,37.869811058044434
1,533,5.33,6761.589795351028,9687.087833881378,6967.616826295853,8308.958113193512,21.680891513824463,28.684139251708984,30.5137038230896,37.37598657608032
1,534,5.34,6782.590746879578,9712.08244562149,6997.165381908417,8345.478773117065,21.000951528549194,24.994611740112305,29.548555612564087,36.52065992355347
1,535,5.3500000000000005,6802.7350306510925,9733.189046382904,7025.433331727982,8380.78111410141,20.144283771514893,21.106600761413574,28.26794981956482,35.30234098434448
1,536,5.36,6821.863949298859,9750.266969203949,7052.1193742752075,8414.50721025467,19.128918647766113,17.077922821044922,26.686042547225952,33.72609615325928
1,537,5.37,6839.839071035385,9763.234555721283,7076.9403874874115,8446.30628824234,17.97512173652649,12.967586517333984,24.82101321220398,31.7990779876709
1,538,5.38,6856.541633605957,9772.069156169891,7099.644094705582,8475.845158100128,16.7025625705719,8.834600448608398,22.703707218170166,29.538869857788086
1,539,5.39,6871.8719482421875,9776.803255081177,7120.007425546646,8502.812683582306,15.330314636230469,4.7340989112854,20.363330841064453,26.967525482177734
1,540,5.4,6885.756552219391,9777.521193027496,7137.848883867264,8526.932299137115,13.88460397720337,0.7179379463195801,17.841458320617676,24.11961555480957
1,541,5.41,6898.142397403717,9774.35678243637,7153.026461601257,8547.959625720978,12.385845184326172,-3.1644105911254883,15.17757773399353,21.027326583862305
1,542,5.42,6908.998191356659,9767.48526096344,7165.443301200867,8565.695583820343,10.855793952941895,-6.871521472930908,12.416839599609375,17.735958099365234
1,543,5.43,6918.313801288605,9757.117927074432,7175.045758485794,8579.984605312347,9.3156099319458,-10.367333889007568,9.602457284927368,14.289021492004395
1,544,5.44,6926.098316907883,9743.489027023315,7181.82384967804,8590.719997882843,7.784515619277954,-13.628900051116943,6.778091192245483,10.735392570495605
1,545,5.45,6932.379603385925,9726.852476596832,7185.809165239334,8597.846031188965,6.2812864780426025,-16.636550426483154,3.9853155612945557,7.126033306121826
1,546,5.46,6937.199831008911,9707.471430301666,7187.070846557617,8601.35406255722,4.82022762298584,-19.381046295166016,1.261681318283081,3.5080313682556152
1,547,5.47,6940.620541572571,9685.61738729477,7185.709178447723,8601.286709308624,3.420710563659668,-21.854043006896973,-1.3616681098937988,-0.0673532485961914
1,548,5.48,6942.715048789978,9661.557376384735,7181.858569383621,8597.736060619354,2.0945072174072266,-24.06001091003418,-3.850609064102173,-3.5506486892700195
1,549,5.49,6943.5663521289825,9635.554850101471,7175.677567720413,8590.834438800812,0.8513033390045166,-26.00252628326416,-6.181001663208008,-6.9016218185424805
1,550,5.5,6943.267583847046,9607.87296295166,7167.345434427261,8580.751717090607,-0.2987682819366455,-27.68188714981079,-8.332133293151855,-10.082721710205078
1,551,5.51,6941.919922828674,9578.763842582703,7157.0563316345215,8567.689061164856,-1.347661018371582,-29.10912036895752,-10.289102792739868,-13.062655925750732
1,552,5.5200000000000005,6939.631849527359,9548.468887805939,7145.010679960251,8551.875054836273,-2.2880733013153076,-30.294954776763916,-12.04565167427063,-15.814006328582764
1,553,5.53,6936.513930559158,9517.219960689545,7131.418287754059,8533.560335636139,-3.1179189682006836,-31.248927116394043,-13.592392206192017,-18.314719200134277
1,554,5.54,6932.677924633026,9485.237300395966,7116.488665342331,8513.008952140808,-3.836005926132202,-31.9826602935791,-14.929622411727905,-20.55138349533081
1,555,5.55,6928.236335515976,9452.737867832184,7100.428938865662,8490.495383739471,-4.441589117050171,-32.49943256378174,-16.05972647666931,-22.51356840133667
1,556,5.5600000000000005,6923.301517963409,9419.931173324585,7083.441466093063,8466.295897960663,-4.934817552566528,-32.80669450759888,-16.987472772598267,-24.199485778808594
1,557,5.57,6917.982697486877,9387.023150920868,7065.715938806534,8440.683782100677,-5.318820476531982,-32.90802240371704,-17.72552728652954,-25.61211585998535
1,558,5.58,6912.391483783722,9354.221522808075,7047.43430018425,8413.927555084229,-5.591213703155518,-32.80162811279297,-18.281638622283936,-26.756227016448975
1,559,5.59,6906.633526086807,9321.727752685547,7028.762996196747,8386.284112930298,-5.757957696914673,-32.493770122528076,-18.67130398750305,-27.643442153930664
1,560,5.6000000000000005,6900.814920663834,9289.75224494934,7009.854018688202,8357.99902677536,-5.818605422973633,-31.975507736206055,-18.908977508544922,-28.285086154937744
1,561,5.61,6895.039677619934,9258.50123167038,6990.842968225479,8329.304456710815,-5.775243043899536,-31.25101327896118,-19.01105046272278,-28.694570064544678
1,562,5.62,6889.411062002182,9228.192269802094,6971.849799156189,8300.413489341736,-5.628615617752075,-30.308961868286133,-18.99316906929016,-28.89096736907959
1,563,5.63,6884.038597345352,9199.050962924957,6952.97509431839,8271.525502204895,-5.372464656829834,-29.14130687713623,-18.874704837799072,-28.88798713684082
1,564,5.64,6879.037171602249,9171.308875083923,6934.300363063812,8242.82556772232,-5.001425743103027,-27.742087841033936,-18.674731254577637,-28.699934482574463
1,565,5.65,6874.534785747528,9145.200550556183,6915.883272886276,8214.487433433533,-4.502385854721069,-26.10832452774048,-18.41709017753601,-28.338134288787842
1,566,5.66,6870.6730008125305,9120.952785015106,6897.761970758438,8186.682760715485,-3.8617849349975586,-24.24776554107666,-18.121302127838135,-27.804672718048096
1,567,5.67,6867.595314979553,9098.759889602661,6879.958212375641,8159.591853618622,-3.077685832977295,-22.19289541244507,-17.80375838279724,-27.090907096862793
1,568,5.68,6865.432411432266,9078.761041164398,6862.493604421616,8133.411109447479,-2.1629035472869873,-19.99884843826294,-17.46460795402527,-26.180744171142578
1,569,5.69,6864.261627197266,9061.008393764496,6845.409572124481,8108.3619594573975,-1.1707842350006104,-17.752647399902344,-17.0840322971344,-25.049149990081787
1,570,5.7,6864.080727100372,9045.448005199432,6828.778982162476,8084.684312343597,-0.18090009689331055,-15.560388565063477,-16.630589962005615,-23.67764711380005
1,571,5.71,6864.803731441498,9031.926095485687,6812.703013420105,8062.629699707031,0.7230043411254883,-13.521909713745117,-16.075968742370605,-22.054612636566162
1,572,5.72,6866.2890791893005,9020.210802555084,6797.299087047577,8042.452037334442,1.4853477478027344,-11.715292930603027,-15.403926372528076,-20.17766237258911
1,573,5.73,6868.37911605835,9010.04821062088,6782.6783657073975,8024.386167526245,2.0900368690490723,-10.162591934204102,-14.620721340179443,-18.06586980819702
1,574,5.74,6870.9273636341095,9001.201093196869,6768.923252820969,8008.624315261841,2.5482475757598877,-8.84711742401123,-13.755112886428833,-15.761852264404297
1,575,5.75,6873.833239078522,8993.498980998993,6756.067872047424,7995.294034481049,2.9058754444122314,-7.702112197875977,-12.855380773544312,-13.330280780792236
1,576,5.76,6877.046525478363,8986.842036247253,6744.096130132675,7984.4507575035095,3.2132863998413086,-6.656944751739502,-11.971741914749146,-10.843276977539062
1,577,5.7700000000000005,6880.548447370529,8981.187641620636,6732.94872045517,7976.076900959015,3.5019218921661377,-5.654394626617432,-11.147409677505493,-8.373856544494629
1,578,5.78,6884.332001209259,8976.527154445648,6722.547560930252,7970.10064125061,3.7835538387298584,-4.660487174987793,-10.401159524917603,-5.976259708404541
1,579,5.79,6888.377368450165,8972.866535186768,6712.8148674964905,7966.41081571579,4.045367240905762,-3.6606192588806152,-9.732693433761597,-3.6898255348205566
1,580,5.8,6892.651319503784,8970.220685005188,6703.692674636841,7964.877188205719,4.273951053619385,-2.64585018157959,-9.122192859649658,-1.5336275100708008
1,581,5.8100000000000005,6897.109746932983,8968.612551689148,6695.14998793602,7965.3677344322205,4.458427429199219,-1.608133316040039,-8.542686700820923,0.49054622650146484
1,582,5.82,6901.715993881226,8968.065083026886,6687.177121639252,7967.759966850281,4.6062469482421875,-0.5474686622619629,-7.9728662967681885,2.3922324180603027
1,583,5.83,6906.446069478989,8968.593180179596,6679.7782480716705,7971.952557563782,4.7300755977630615,0.5280971527099609,-7.398873567581177,4.192590713500977
1,584,5.84,6911.288350820541,8970.182836055756,6672.967821359634,7977.871894836426,4.842281341552734,1.589655876159668,-6.810426712036133,5.919337272644043
1,585,5.8500000000000005,6916.241645812988,8972.793519496918,6666.761636734009,7985.468804836273,4.953294992446899,2.6106834411621094,-6.20618462562561,7.596909999847412
1,586,5.86,6921.308636665344,8976.35966539383,6661.176681518555,7994.717061519623,5.066990852355957,3.566145896911621,-5.584955215454102,9.24825668334961
1,587,5.87,6926.486045122147,8980.80974817276,6656.233370304108,8005.599677562714,5.177408456802368,4.450082778930664,-4.9433112144470215,10.88261604309082
1,588,5.88,6931.773275136948,8986.080586910248,6651.954799890518,8018.102943897247,5.287230014801025,5.270838737487793,-4.2785704135894775,12.503266334533691
1,589,5.89,6937.169432640076,8992.12270975113,6648.3646631240845,8032.206296920776,5.396157503128052,6.042122840881348,-3.590136766433716,14.103353023529053
1,590,5.9,6942.67600774765,8998.903930187225,6645.481437444687,8047.875463962555,5.506575107574463,6.781220436096191,-2.883225679397583,15.669167041778564
1,591,5.91,6948.300898075104,9006.399512290955,6643.321216106415,8065.066039562225,5.624890327453613,7.495582103729248,-2.1602213382720947,17.19057559967041
1,592,5.92,6954.05051112175,9014.587104320526,6641.896963119507,8083.721995353699,5.749613046646118,8.187592029571533,-1.424252986907959,18.65595579147339
1,593,5.93,6959.93959903717,9023.450314998627,6641.2195563316345,8103.781640529633,5.889087915420532,8.863210678100586,-0.6774067878723145,20.059645175933838
1,594,5.94,6965.979784727097,9032.970666885376,6641.30225777626,8125.177323818207,6.0401856899261475,9.520351886749268,0.08270144462585449,21.39568328857422
1,595,5.95,6972.187012434006,9043.131172657013,6642.163395881653,8147.8434801101685,6.20722770690918,10.160505771636963,0.861138105392456,22.66615629196167
1,596,5.96,6978.578716516495,9053.917825222015,6643.826365470886,8171.713650226593,6.391704082489014,10.786652565002441,1.6629695892333984,23.87017011642456
1,597,5.97,6985.173225402832,9065.318405628204,6646.320819854736,8196.72554731369,6.59450888633728,11.400580406188965,2.4944543838500977,25.011897087097168
1,598,5.98,6991.993933916092,9077.317416667938,6649.676859378815,8222.81688451767,6.820708513259888,11.999011039733887,3.356039524078369,26.091337203979492
1,599,5.99,6999.067068099976,9089.895188808441,6653.926223516464,8249.930739402771,7.073134183883667,12.57777214050293,4.249364137649536,27.11385488510132
1,600,6.0,7006.416767835617,9103.029072284698,6659.102886915207,8278.010785579681,7.3496997356414795,13.133883476257324,5.176663398742676,28.0800461769104
1,601,6.01,7014.068961143494,9116.699993610382,6665.240377187729,8306.999802589417,7.652193307876587,13.670921325683594,6.137490272521973,28.989017009735107
1,602,6.0200000000000005,7022.052705287933,9130.888283252716,6672.369539737701,8336.840271949768,7.983744144439697,14.188289642333984,7.129162549972534,29.840469360351562
1,603,6.03,7030.393183231354,9145.579040050507,6680.52077293396,8367.469012737274,8.34047794342041,14.690756797790527,8.151233196258545,30.628740787506104
1,604,6.04,7039.118856191635,9160.75974702835,6689.721643924713,8398.82105588913,8.725672960281372,15.180706977844238,9.200870990753174,31.35204315185547
1,605,6.05,7048.255503177643,9176.417291164398,6699.9974846839905,8430.826961994171,9.13664698600769,15.657544136047363,10.275840759277344,32.005906105041504
1,606,6.0600000000000005,7057.827115058899,9192.542135715485,6711.373180150986,8463.412821292877,9.571611881256104,16.124844551086426,11.37569546699524,32.585859298706055
1,607,6.07,7067.8554475307465,9209.123849868774,6723.866909742355,8496.502339839935,10.028332471847534,16.581714153289795,12.493729591369629,33.089518547058105
1,608,6.08,7078.358829021454,9226.149320602417,6737.4977469444275,8530.015051364899,10.503381490707397,17.025470733642578,13.630837202072144,33.51271152496338
1,609,6.09,7089.352905750275,9243.607223033905,6752.281039953232,8563.870191574097,10.9940767288208,17.457902431488037,14.783293008804321,33.855140209198
1,610,6.1000000000000005,7100.851833820343,9261.483252048492,6768.227964639664,8597.984611988068,11.49892807006836,17.876029014587402,15.946924686431885,34.11442041397095
1,611,6.11,7112.865149974823,9279.759228229523,6785.344630479813,8632.274866104126,12.01331615447998,18.275976181030273,17.116665840148926,34.29025411605835
1,612,6.12,7125.398814678192,9298.414289951324,6803.6361038684845,8666.656911373138,12.53366470336914,18.655061721801758,18.291473388671875,34.38204526901245
1,613,6.13,7138.453722000122,9317.425191402435,6823.1001496315,8701.045215129852,13.054907321929932,19.01090145111084,19.464045763015747,34.38830375671387
1,614,6.140000000000001,7152.026444673538,9336.764216423035,6843.7328934669495,8735.355138778687,13.572722673416138,19.339025020599365,20.63274383544922,34.30992364883423
1,615,6.15,7166.106849908829,9356.40275478363,6865.5237555503845,8769.499361515045,14.080405235290527,19.638538360595703,21.79086208343506,34.14422273635864
1,616,6.16,7180.6807816028595,9376.308023929596,6888.456791639328,8803.389072418213,14.573931694030762,19.905269145965576,22.93303608894348,33.889710903167725
1,617,6.17,7195.731103420258,9396.447241306305,6912.511438131332,8836.935460567474,15.050321817398071,20.139217376708984,24.054646492004395,33.546388149261475
1,618,6.18,7211.235165596008,9416.78136587143,6937.659978866577,8870.050311088562,15.504062175750732,20.33412456512451,25.14854073524475,33.11485052108765
1,619,6.19,7227.170616388321,9437.27046251297,6963.868886232376,8902.645111083984,15.935450792312622,20.489096641540527,26.20890736579895,32.59479999542236
1,620,6.2,7243.507653474808,9457.871615886688,6991.099268198013,8934.63283777237,16.337037086486816,20.60115337371826,27.230381965637207,31.98772668838501
1,621,6.21,7260.214388370514,9478.537738323212,7019.31044459343,8965.927064418793,16.706734895706177,20.666122436523438,28.21117639541626,31.29422664642334
1,622,6.22,7277.2543132305145,9499.22114610672,7048.452198505402,8996.442258358002,17.03992486000061,20.6834077835083,29.141753911972046,30.515193939208984
1,623,6.23,7294.589132070541,9519.870579242706,7078.473418951035,9026.096165180206,17.334818840026855,20.649433135986328,30.021220445632935,29.65390682220459
1,624,6.24,7312.179207801819,9540.43298959732,7109.3180775642395,9054.808914661407,17.590075731277466,20.562410354614258,30.844658613204956,28.712749481201172
1,625,6.25,7329.985797405243,9560.855329036713,7140.924036502838,9082.50242471695,17.806589603424072,20.42233943939209,31.605958938598633,27.693510055541992
1,626,6.26,7347.968816757202,9581.083953380585,7173.226177692413,9109.10278558731,17.98301935195923,20.22862434387207,32.302141189575195,26.600360870361328
1,627,6.2700000000000005,7366.088479757309,9601.06074810028,7206.155061721802,9134.538769721985,18.11966300010681,19.976794719696045,32.92888402938843,25.435984134674072
1,628,6.28,7384.300231933594,9620.72879076004,7239.637523889542,9158.739149570465,18.21175217628479,19.66804265975952,33.48246216773987,24.200379848480225
1,629,6.29,7402.564287185669,9640.030264854431,7273.600846529007,9181.640446186066,18.264055252075195,19.30147409439087,33.96332263946533,22.901296615600586
1,630,6.3,7420.837581157684,9658.908545970917,7307.96605348587,9203.178584575653,18.27329397201538,18.878281116485596,34.3652069568634,21.538138389587402
1,631,6.3100000000000005,7439.080625772476,9677.306711673737,7342.652827501297,9223.294854164124,18.24304461479187,18.398165702819824,34.686774015426636,20.11626958847046
1,632,6.32,7457.251846790314,9695.168733596802,7377.580553293228,9241.93263053894,18.171221017837524,17.862021923065186,34.92772579193115,18.637776374816895
1,633,6.33,7475.307881832123,9712.4382853508,7412.666529417038,9259.037971496582,18.056035041809082,17.269551753997803,35.085976123809814,17.1053409576416
1,634,6.34,7493.208050727844,9729.064404964447,7447.826713323593,9274.559915065765,17.900168895721436,16.62611961364746,35.160183906555176,15.52194356918335
1,635,6.3500000000000005,7510.914206504822,9745.000898838043,7482.972592115402,9288.444817066193,17.70615577697754,15.936493873596191,35.14587879180908,13.884902000427246
1,636,6.36,7528.392672538757,9760.206639766693,7518.004775047302,9300.634562969208,17.478466033935547,15.205740928649902,35.032182931900024,12.189745903015137
1,637,6.37,7545.610964298248,9774.63811635971,7552.821338176727,9311.074912548065,17.218291759490967,14.431476593017578,34.81656312942505,10.440349578857422
1,638,6.38,7562.5380873680115,9788.25718164444,7587.313652038574,9319.705069065094,16.927123069763184,13.619065284729004,34.492313861846924,8.630156517028809
1,639,6.390000000000001,7579.137980937958,9801.01853609085,7621.369361877441,9326.464235782623,16.59989356994629,12.761354446411133,34.05570983886719,6.759166717529297
1,640,6.4,7595.367431640625,9812.873005867004,7654.87402677536,9331.291019916534,16.229450702667236,11.854469776153564,33.5046648979187,4.826784133911133
1,641,6.41,7611.18084192276,9823.770225048065,7687.707245349884,9334.121942520142,15.81341028213501,10.897219181060791,32.833218574523926,2.8309226036071777
1,642,6.42,7626.5281438827515,9833.65684747696,7719.746232032776,9334.890246391296,15.347301959991455,9.886622428894043,32.038986682891846,0.7683038711547852
1,643,6.43,7641.352117061615,9842.469394207,7750.85985660553,9333.526492118835,14.823973178863525,8.812546730041504,31.113624572753906,-1.3637542724609375
1,644,6.44,7655.590176582336,9850.144386291504,7780.9154987335205,9329.960346221924,14.238059520721436,7.674992084503174,30.055642127990723,-3.566145896911621
1,645,6.45,7669.171690940857,9856.60046339035,7809.767723083496,9324.116110801697,13.581514358520508,6.4560770988464355,28.852224349975586,-5.844235420227051
1,646,6.46,7682.017683982849,9861.74762248993,7837.267220020294,9315.917193889618,12.845993041992188,5.147159099578857,27.499496936798096,-8.198916912078857
1,647,6.47,7694.0396428108215,9865.486323833466,7863.254249095917,9305.281341075897,12.021958827972412,3.738701343536377,25.98702907562256,-10.635852813720703
1,648,6.48,7705.135643482208,9867.704212665558,7887.565493583679,9292.124211788177,11.096000671386719,2.217888832092285,24.31124448776245,-13.157129287719727
1,649,6.49,7715.197205543518,9868.275821208954,7910.029590129852,9276.356995105743,10.061562061309814,0.5716085433959961,22.464096546173096,-15.767216682434082
1,650,6.5,7724.100947380066,9867.063462734222,7930.467128753662,9257.884621620178,8.903741836547852,-1.2123584747314453,20.437538623809814,-18.472373485565186
1,651,6.51,7731.717228889465,9863.915145397186,7948.695421218872,9236.613810062408,7.616281509399414,-3.148317337036133,18.22829246520996,-21.270811557769775
1,652,6.5200000000000005,7737.905383110046,9858.665764331818,7964.528203010559,9212.447106838226,6.188154220581055,-5.249381065368652,15.832781791687012,-24.16670322418213
1,653,6.53,7742.515504360199,9851.132333278656,7977.777123451233,9185.286462306976,4.610121250152588,-7.533431053161621,13.248920440673828,-27.16064453125
1,654,6.54,7745.392024517059,9841.123223304749,7988.254129886627,9155.039191246033,2.8765201568603516,-10.00910997390747,10.477006435394287,-30.247271060943604
1,655,6.55,7746.3749051094055,9828.435480594635,7995.775640010834,9121.610820293427,0.9828805923461914,-12.687742710113525,7.521510124206543,-33.4283709526062
1,656,6.5600000000000005,7745.301723480225,9812.859296798706,8000.169396400452,9084.914922714233,-1.0731816291809082,-15.576183795928955,4.39375638961792,-36.695897579193115
1,657,6.57,7742.011249065399,9794.183373451233,8001.274764537811,9044.871032238007,-3.2904744148254395,-18.675923347473145,1.1053681373596191,-40.04389047622681
1,658,6.58,7736.352980136871,9772.199988365173,7998.952269554138,9001.409709453583,-5.658268928527832,-21.98338508605957,-2.3224949836730957,-43.46132278442383
1,659,6.59,7728.183567523956,9746.710360050201,7993.087470531464,8954.474329948425,-8.169412612915039,-25.489628314971924,-5.8647990226745605,-46.93537950515747
1,660,6.6000000000000005,7717.37813949585,9717.529714107513,7983.598411083221,8904.024362564087,-10.80542802810669,-29.18064594268799,-9.489059448242188,-50.44996738433838
1,661,6.61,7703.835368156433,9684.495627880096,7970.443069934845,8850.045502185822,-13.542771339416504,-33.03408622741699,-13.155341148376465,-53.97886037826538
1,662,6.62,7687.479555606842,9647.479057312012,7953.625321388245,8792.547285556793,-16.355812549591064,-37.01657056808472,-16.817748546600342,-57.49821662902832
1,663,6.63,7668.271362781525,9606.394171714783,7933.205366134644,8731.57113790512,-19.208192825317383,-41.084885597229004,-20.419955253601074,-60.97614765167236
1,664,6.640000000000001,7646.218836307526,9561.210870742798,7909.297943115234,8667.190372943878,-22.052526473999023,-45.18330097198486,-23.90742301940918,-64.38076496124268
1,665,6.65,7621.421217918396,9512.034356594086,7882.039844989777,8599.497973918915,-24.79761838912964,-49.17651414871216,-27.258098125457764,-67.69239902496338
1,666,6.66,7594.131231307983,9459.175169467926,7851.582467556,8528.586626052856,-27.289986610412598,-52.85918712615967,-30.457377433776855,-70.91134786605835
1,667,6.67,7564.760446548462,9403.134882450104,7818.116545677185,8454.574346542358,-29.370784759521484,-56.040287017822266,-33.4659218788147,-74.01227951049805
1,668,6.68,7533.81222486496,9344.50775384903,7781.912684440613,8377.642929553986,-30.948221683502197,-58.62712860107422,-36.203861236572266,-76.9314169883728
1,669,6.69,7501.7693638801575,9283.876121044159,7743.359804153442,8298.087418079376,-32.042860984802246,-60.631632804870605,-38.55288028717041,-79.55551147460938
1,670,6.7,7469.033598899841,9221.772849559784,7702.969312667847,8216.33368730545,-32.73576498031616,-62.103271484375,-40.3904914855957,-81.75373077392578
1,671,6.71,7435.939013957977,9158.7033867836,7661.35185956955,8132.935464382172,-33.094584941864014,-63.06946277618408,-41.61745309829712,-83.39822292327881
1,672,6.72,7402.816712856293,9095.207750797272,7619.168162345886,8048.548698425293,-33.12230110168457,-63.495635986328125,-42.18369722366333,-84.38676595687866
1,673,6.73,7370.06276845932,9031.899273395538,7577.072978019714,7963.898479938507,-32.753944396972656,-63.3084774017334,-42.095184326171875,-84.65021848678589
1,674,6.74,7338.148504495621,8969.44373846054,7535.671293735504,7879.747152328491,-31.91426396369934,-62.45553493499756,-41.401684284210205,-84.15132761001587
1,675,6.75,7307.580411434174,8908.510506153107,7495.490461587906,7796.875536441803,-30.568093061447144,-60.93323230743408,-40.18083214759827,-82.87161588668823
1,676,6.76,7278.835028409958,8849.716484546661,7456.968426704407,7716.052830219269,-28.7453830242157,-58.79402160644531,-38.522034883499146,-80.82270622253418
1,677,6.7700000000000005,7252.3099184036255,8793.610036373138,7420.46132683754,7638.026773929596,-26.525110006332397,-56.10644817352295,-36.507099866867065,-78.02605628967285
1,678,6.78,7228.320389986038,8740.69333076477,7386.232167482376,7563.487589359283,-23.98952841758728,-52.91670560836792,-34.229159355163574,-74.5391845703125
1,679,6.79,7207.117080688477,8691.448271274567,7354.458123445511,7493.050098419189,-21.203309297561646,-49.24505949020386,-31.774044036865234,-70.437490940094
1,680,6.8,7188.912630081177,8646.349608898163,7325.219213962555,7427.234649658203,-18.204450607299805,-45.09866237640381,-29.238909482955933,-65.81544876098633
1,681,6.8100000000000005,7173.894494771957,8605.851531028748,7298.503965139389,7366.470992565155,-15.01813530921936,-40.49807786941528,-26.715248823165894,-60.763657093048096
1,682,6.82,7162.209153175354,8570.351302623749,7274.213880300522,7311.095148324966,-11.685341596603394,-35.50022840499878,-24.290084838867188,-55.3758442401886
1,683,6.83,7153.943181037903,8540.160953998566,7252.182066440582,7261.366993188858,-8.265972137451172,-30.190348625183105,-22.031813859939575,-49.7281551361084
1,684,6.84,7149.1120755672455,8515.508770942688,7232.1973741054535,7217.470854520798,-4.831105470657349,-24.652183055877686,-19.984692335128784,-43.8961386680603
1,685,6.8500000000000005,7147.674113512039,8496.560156345367,7214.024662971497,7179.531306028366,-1.4379620552062988,-18.948614597320557,-18.17271113395691,-37.93954849243164
1,686,6.86,7149.545848369598,8483.434915542603,7197.420299053192,7147.613763809204,1.871734857559204,-13.125240802764893,-16.604363918304443,-31.917542219161987
1,687,6.87,7154.626846313477,8476.223647594452,7182.145267724991,7121.7381954193115,5.080997943878174,-7.211267948150635,-15.275031328201294,-25.875568389892578
1,688,6.88,7162.807136774063,8474.979400634766,7167.965769767761,7101.886570453644,8.180290460586548,-1.2442469596862793,-14.179497957229614,-19.851624965667725
1,689,6.890000000000001,7173.963338136673,8479.698896408081,7154.663950204849,7088.0186557769775,11.156201362609863,4.71949577331543,-13.301819562911987,-13.86791467666626
1,690,6.9,7187.945246696472,8490.31537771225,7142.047435045242,7080.082297325134,13.981908559799194,10.616481304168701,-12.616515159606934,-7.936358451843262
1,691,6.91,7204.5692801475525,8506.702184677124,7129.959911108017,7078.02027463913,16.624033451080322,16.386806964874268,-12.087523937225342,-2.0620226860046387
1,692,6.92,7223.631739616394,8528.683483600616,7118.272483348846,7081.764936447144,19.062459468841553,21.98129892349243,-11.687427759170532,3.744661808013916
1,693,6.93,7244.9323534965515,8556.056916713715,7106.872200965881,7091.240435838699,21.30061388015747,27.373433113098145,-11.400282382965088,9.475499391555786
1,694,6.94,7268.287837505341,8588.593006134033,7095.664292573929,7106.360048055649,23.355484008789062,32.5360894203186,-11.207908391952515,15.119612216949463
1,695,6.95,7293.524593114853,8626.03098154068,7084.561437368393,7127.029001712799,25.23675560951233,37.43797540664673,-11.102855205535889,20.66895365715027
1,696,6.96,7320.472896099091,8668.070137500763,7073.4915137290955,7153.145521879196,26.94830298423767,42.03915596008301,-11.069923639297485,26.116520166397095
1,697,6.97,7348.950952291489,8714.373409748077,7062.401622533798,7184.597551822662,28.47805619239807,46.30327224731445,-11.089891195297241,31.452029943466187
1,698,6.98,7378.764450550079,8764.576017856598,7051.26479268074,7221.265733242035,29.8134982585907,50.20260810852051,-11.136829853057861,36.66818141937256
1,699,6.99,7409.712225198746,8818.299472332,7040.076702833176,7263.015508651733,30.947774648666382,53.72345447540283,-11.188089847564697,41.749775409698486
1,700,7.0,7441.596239805222,8875.159919261932,7028.851360082626,7309.6963763237,31.88401460647583,56.86044692993164,-11.225342750549316,46.68086767196655
1,701,7.01,7474.229037761688,8934.768736362457,7017.621845006943,7361.144572496414,32.632797956466675,59.6088171005249,-11.229515075683594,51.44819617271423
1,702,7.0200000000000005,7507.433295249939,8996.725976467133,7006.430923938751,7417.181581258774,33.20425748825073,61.95724010467529,-11.190921068191528,56.03700876235962
1,703,7.03,7541.038990020752,9060.620367527008,6995.3374564647675,7477.619647979736,33.60569477081299,63.89439105987549,-11.093467473983765,60.438066720962524
1,704,7.04,7574.879229068756,9126.028716564178,6984.4116270542145,7542.259991168976,33.84023904800415,65.40834903717041,-10.925829410552979,64.6403431892395
1,705,7.05,7608.797550201416,9192.533493041992,6973.743438720703,7610.897719860077,33.91832113265991,66.50477647781372,-10.668188333511353,68.63772869110107
1,706,7.0600000000000005,7642.650902271271,9259.730875492096,6963.439434766769,7683.317959308624,33.853352069854736,67.19738245010376,-10.304003953933716,72.42023944854736
1,707,7.07,7676.316797733307,9327.240288257599,6953.622847795486,7759.300172328949,33.66589546203613,67.50941276550293,-9.816586971282959,75.9822130203247
1,708,7.08,7709.698379039764,9394.708573818207,6944.431960582733,7838.61517906189,33.38158130645752,67.46828556060791,-9.190887212753296,79.31500673294067
1,709,7.09,7742.724120616913,9461.810886859894,6936.017423868179,7921.030819416046,33.02574157714844,67.10231304168701,-8.414536714553833,82.4156403541565
1,710,7.1000000000000005,7775.349915027618,9528.25278043747,6928.540915250778,8006.307780742645,32.625794410705566,66.44189357757568,-7.476508617401123,85.27696132659912
1,711,7.11,7807.5650334358215,9593.776166439056,6922.1799075603485,8094.208538532257,32.215118408203125,65.52338600158691,-6.3610076904296875,87.90075778961182
1,712,7.12,7839.38854932785,9658.167660236359,6917.125433683395,8184.4958662986755,31.82351589202881,64.39149379730225,-5.054473876953125,90.28732776641846
1,713,7.13,7870.878279209137,9721.260666847229,6913.582235574722,8276.934325695038,31.48972988128662,63.09300661087036,-3.5431981086730957,92.4384593963623
1,714,7.140000000000001,7902.131974697113,9782.940149307251,6911.765933036804,8371.293842792511,31.253695487976074,61.67948246002197,-1.8163025379180908,94.35951709747314
1,715,7.15,7933.289408683777,9843.13815832138,6911.903023719788,8467.350900173187,31.15743398666382,60.19800901412964,0.13709068298339844,96.05705738067627
1,716,7.16,7964.53058719635,9901.82638168335,6914.223283529282,8564.886152744293,31.241178512573242,58.688223361968994,2.3202598094940186,97.53525257110596
1,717,7.17,7996.068298816681,9959.010779857635,6918.95917057991,8663.688004016876,31.53771162033081,57.18439817428589,4.735887050628662,98.80185127258301
1,718,7.18,8028.1513929367065,10000.0,6926.348954439163,8763.558566570282,32.083094120025635,40.9892201423645,7.38978385925293,99.87056255340576
1,719,7.19,8060.885369777679,10000.0,6936.636716127396,8863.526582717896,32.7339768409729,0.0,10.287761688232422,99.96801614761353
1,720,7.2,8094.121813774109,10000.0,6950.2197206020355,8960.883915424347,33.23644399642944,0.0,13.583004474639893,97.35733270645142
1,721,7.21,8128.237426280975,10000.0,6967.822760343552,9054.031074047089,34.115612506866455,0.0,17.603039741516113,93.1471586227417
1,722,7.22,8163.376748561859,10000.0,6989.928334951401,9141.865074634552,35.13932228088379,0.0,22.10557460784912,87.83400058746338
1,723,7.23,8199.401199817657,10000.0,7016.613036394119,9223.527014255524,36.02445125579834,0.0,26.684701442718506,81.66193962097168
1,724,7.24,8236.565887928009,10000.0,7047.807574272156,9298.782348632812,37.16468811035156,0.0,31.1945378780365,75.25533437728882
1,725,7.25,8275.396823883057,10000.0,7083.388268947601,9367.912113666534,38.83093595504761,0.0,35.58069467544556,69.12976503372192
1,726,7.26,8316.418826580048,10000.0,7123.229652643204,9431.549906730652,41.02200269699097,0.0,39.84138369560242,63.63779306411743
1,727,7.2700000000000005,8359.999060630798,10000.0,7167.205214500427,9490.467011928558,43.58023405075073,0.0,43.97556185722351,58.917105197906494
1,728,7.28,8406.252264976501,10000.0,7215.169966220856,9545.343220233917,46.253204345703125,0.0,47.96475172042847,54.87620830535889
1,729,7.29,8455.033898353577,10000.0,7266.959995031357,9596.621990203857,48.781633377075195,0.0,51.7900288105011,51.278769969940186
1,730,7.3,8505.983054637909,10000.0,7322.392016649246,9644.453227519989,50.949156284332275,0.0,55.432021617889404,47.83123731613159
1,731,7.3100000000000005,8558.574616909027,10000.0,7381.264567375183,9688.704311847687,52.591562271118164,0.0,58.87255072593689,44.251084327697754
1,732,7.32,8612.169921398163,10000.0,7443.360984325409,9729.029536247253,53.59530448913574,0.0,62.09641695022583,40.32522439956665
1,733,7.33,8665.95208644867,10000.0,7508.512735366821,9765.052497386932,53.78216505050659,0.0,65.15175104141235,36.022961139678955
1,734,7.34,8718.906044960022,10000.0,7576.7117738723755,9796.532690525055,52.95395851135254,0.0,68.1990385055542,31.48019313812256
1,735,7.3500000000000005,8769.874274730682,10000.0,7647.975385189056,9823.394119739532,50.9682297706604,0.0,71.26361131668091,26.86142921447754
1,736,7.36,8817.722797393799,10000.0,7722.311913967133,9845.771789550781,47.848522663116455,0.0,74.33652877807617,22.37766981124878
1,737,7.37,8861.481845378876,10000.0,7799.653112888336,9863.98160457611,43.759047985076904,0.0,77.34119892120361,18.20981502532959
1,738,7.38,8900.38937330246,10000.0,7879.819273948669,9878.463745117188,38.907527923583984,0.0,80.16616106033325,14.48214054107666
1,739,7.390000000000001,8933.901190757751,10000.0,7962.490022182465,9889.700710773468,33.51181745529175,0.0,82.67074823379517,11.236965656280518
1,740,7.4,8961.676061153412,10000.0,8047.212064266205,9898.161590099335,27.7748703956604,0.0,84.72204208374023,8.4608793258667
1,741,7.41,8983.567655086517,10000.0,8133.399188518524,9904.24782037735,21.89159393310547,0.0,86.18712425231934,6.086230278015137
1,742,7.42,8999.625742435455,10000.0,8220.348358154297,9908.270239830017,16.05808734893799,0.0,86.9491696357727,4.022419452667236
1,743,7.43,9010.103344917297,10000.0,8307.250440120697,9910.433888435364,10.477602481842041,0.0,86.90208196640015,2.1636486053466797
1,744,7.44,9015.444815158844,10000.0,8393.205404281616,9910.847246646881,5.341470241546631,0.0,85.95496416091919,0.413358211517334
1,745,7.45,9016.267359256744,10000.0,8477.247953414917,9909.544289112091,0.8225440979003906,0.0,84.04254913330078,-1.302957534790039
1,746,7.46,9013.305306434631,10000.0,8558.38268995285,9906.511008739471,-2.962052822113037,0.0,81.13473653793335,-3.033280372619629
1,747,7.47,9007.352590560913,10000.0,8635.642230510712,9901.715219020844,-5.952715873718262,0.0,77.25954055786133,-4.79578971862793
1,748,7.48,8999.195396900177,10000.0,8708.134889602661,9895.123541355133,-8.157193660736084,0.0,72.49265909194946,-6.591677665710449
1,749,7.49,8989.548981189728,10000.0,8775.10517835617,9886.724650859833,-9.646415710449219,0.0,66.97028875350952,-8.398890495300293
1,750,7.5,8979.009985923767,10000.0,8835.978209972382,9876.533448696136,-10.538995265960693,0.0,60.87303161621094,-10.191202163696289
1,751,7.51,8968.032002449036,10000.0,8890.37549495697,9864.594042301178,-10.977983474731445,0.0,54.39728498458862,-11.939406394958496
1,752,7.5200000000000005,8956.915438175201,10000.0,8938.12507390976,9850.98421573639,-11.116564273834229,0.0,47.74957895278931,-13.609826564788818
1,753,7.53,8945.828974246979,10000.0,8979.235589504242,9835.815131664276,-11.086463928222656,0.0,41.11051559448242,-15.169084072113037
1,754,7.54,8934.833109378815,10000.0,9013.866484165192,9819.228947162628,-10.995864868164062,0.0,34.63089466094971,-16.58618450164795
1,755,7.55,8923.915326595306,10000.0,9042.285978794098,9801.395237445831,-10.9177827835083,0.0,28.41949462890625,-17.833709716796875
1,756,7.5600000000000005,8913.008272647858,10000.0,9064.835011959076,9782.49967098236,-10.90705394744873,0.0,22.549033164978027,-18.89556646347046
1,757,7.57,8902.018070220947,10000.0,9081.895053386688,9762.735068798065,-10.9902024269104,0.0,17.060041427612305,-19.764602184295654
1,758,7.58,8890.824019908905,10000.0,9093.870222568512,9742.293059825897,-11.194050312042236,0.0,11.97516918182373,-20.44200897216797
1,759,7.59,8879.290223121643,10000.0,9101.168513298035,9721.349775791168,-11.533796787261963,0.0,7.298290729522705,-20.943284034729004
1,760,7.6000000000000005,8867.267966270447,10000.0,9104.199707508087,9700.064361095428,-12.022256851196289,0.0,3.0311942100524902,-21.285414695739746
1,761,7.61,8854.592442512512,10000.0,9103.36822271347,9678.57152223587,-12.67552375793457,0.0,-0.8314847946166992,-21.492838859558105
1,762,7.62,8841.102421283722,10000.0,9099.063873291016,9656.985700130463,-13.490021228790283,0.0,-4.304349422454834,-21.585822105407715
1,763,7.63,8826.643526554108,10000.0,9091.65620803833,9635.401666164398,-14.458894729614258,0.0,-7.407665252685547,-21.584033966064453
1,764,7.640000000000001,8811.077177524567,10000.0,9081.492125988007,9613.898396492004,-15.566349029541016,0.0,-10.164082050323486,-21.5032696723938
1,765,7.65,8794.291913509369,10000.0,9068.88484954834,9592.544436454773,-16.785264015197754,0.0,-12.607276439666748,-21.353960037231445
1,766,7.66,8776.201605796814,10000.0,9054.112136363983,9571.398496627808,-18.09030771255493,0.0,-14.77271318435669,-21.145939826965332
1,767,7.67,8756.748735904694,10000.0,9037.42402791977,9550.51451921463,-19.45286989212036,0.0,-16.688108444213867,-20.88397741317749
1,768,7.68,8735.902607440948,10000.0,9019.034802913666,9529.936015605927,-20.846128463745117,0.0,-18.389225006103516,-20.578503608703613
1,769,7.69,8713.65487575531,10000.0,8999.13638830185,9509.697258472443,-22.247731685638428,0.0,-19.898414611816406,-20.238757133483887
1,770,7.7,8690.016567707062,10000.0,8977.903425693512,9489.828646183014,-23.63830804824829,0.0,-21.232962608337402,-19.86861228942871
1,771,7.71,8665.02434015274,10000.0,8955.495059490204,9470.35402059555,-24.99222755432129,0.0,-22.408366203308105,-19.47462558746338
1,772,7.72,8638.736009597778,10000.0,8932.054340839386,9451.29007101059,-26.288330554962158,0.0,-23.44071865081787,-19.063949584960938
1,773,7.73,8611.242771148682,10000.0,8907.70971775055,9432.643949985504,-27.49323844909668,0.0,-24.34462308883667,-18.64612102508545
1,774,7.74,8582.65370130539,10000.0,8882.574141025543,9414.415061473846,-28.589069843292236,0.0,-25.135576725006104,-18.228888511657715
1,775,7.75,8553.101122379303,10000.0,8856.74238204956,9396.5944647789,-29.552578926086426,0.0,-25.831758975982666,-17.82059669494629
1,776,7.76,8522.721827030182,10000.0,8830.303251743317,9379.17023897171,-30.379295349121094,0.0,-26.439130306243896,-17.42422580718994
1,777,7.7700000000000005,8491.654992103577,10000.0,8803.344070911407,9362.13105916977,-31.066834926605225,0.0,-26.95918083190918,-17.039179801940918
1,778,7.78,8460.032641887665,10000.0,8775.952160358429,9345.465004444122,-31.622350215911865,0.0,-27.391910552978516,-16.666054725646973
1,779,7.79,8427.983224391937,10000.0,8748.21811914444,9329.162538051605,-32.04941749572754,0.0,-27.734041213989258,-16.30246639251709
1,780,7.8,8395.629823207855,10000.0,8720.236420631409,9313.217103481293,-32.35340118408203,0.0,-27.981698513031006,-15.9454345703125
1,781,7.8100000000000005,8363.092839717865,10000.0,8692.096471786499,9297.620058059692,-32.536983489990234,0.0,-28.139948844909668,-15.597045421600342
1,782,7.82,8330.492973327637,10000.0,8663.883805274963,9282.366335391998,-32.59986639022827,0.0,-28.212666511535645,-15.253722667694092
1,783,7.83,8297.948837280273,10000.0,8635.67739725113,9267.446398735046,-32.54413604736328,0.0,-28.20640802383423,-14.919936656951904
1,784,7.84,8265.574872493744,10000.0,8607.548475265503,9252.850711345673,-32.37396478652954,0.0,-28.12892198562622,-14.59568738937378
1,785,7.8500000000000005,8233.474493026733,10000.0,8579.559922218323,9238.565266132355,-32.1003794670105,0.0,-27.988553047180176,-14.285445213317871
1,786,7.86,8201.744854450226,10000.0,8551.768362522125,9224.57367181778,-31.72963857650757,0.0,-27.79155969619751,-13.991594314575195
1,787,7.87,8170.4676151275635,10000.0,8524.220287799835,9210.85238456726,-31.277239322662354,0.0,-27.54807472229004,-13.721287250518799
1,788,7.88,8139.713704586029,10000.0,8496.957123279572,9197.370707988739,-30.753910541534424,0.0,-27.263164520263672,-13.481676578521729
1,789,7.890000000000001,8109.543323516846,10000.0,8470.010459423065,9184.095561504364,-30.17038106918335,0.0,-26.946663856506348,-13.275146484375
1,790,7.9,8080.005943775177,10000.0,8443.404734134674,9170.986115932465,-29.5373797416687,0.0,-26.605725288391113,-13.109445571899414
1,791,7.91,8051.136434078217,10000.0,8417.152464389801,9157.999455928802,-28.86950969696045,0.0,-26.252269744873047,-12.98666000366211
1,792,7.92,8022.961318492889,10000.0,8391.255140304565,9145.086407661438,-28.17511558532715,0.0,-25.897324085235596,-12.913048267364502
1,793,7.930000000000001,7995.492219924927,10000.0,8365.70531129837,9132.198691368103,-27.469098567962646,0.0,-25.54982900619507,-12.887716293334961
1,794,7.94,7968.730628490448,10000.0,8340.48718214035,9119.2826628685,-26.76159143447876,0.0,-25.21812915802002,-12.916028499603271
1,795,7.95,7942.66015291214,10000.0,8315.572142601013,9106.28229379654,-26.070475578308105,0.0,-24.915039539337158,-13.00036907196045
1,796,7.96,7917.256653308868,10000.0,8290.923535823822,9093.140661716461,-25.403499603271484,0.0,-24.648606777191162,-13.141632080078125
1,797,7.97,7892.483770847321,10000.0,8266.4954662323,9079.798460006714,-24.77288246154785,0.0,-24.428069591522217,-13.342201709747314
1,798,7.98,7868.292927742004,9961.758553981781,8242.233991622925,9066.196978092194,-24.190843105316162,-38.241446018218994,-24.261474609375,-13.601481914520264
1,799,7.99,7844.419181346893,9897.169768810272,8217.97788143158,9050.428867340088,-23.873746395111084,-64.58878517150879,-24.256110191345215,-15.768110752105713
1,800,8.0,7820.883095264435,9836.777448654175,8193.782269954681,9029.701054096222,-23.536086082458496,-60.39232015609741,-24.195611476898193,-20.727813243865967
1,801,8.01,7798.143029212952,9782.404601573944,8169.945180416107,9002.377688884735,-22.740066051483154,-54.37284708023071,-23.83708953857422,-27.323365211486816
1,802,8.02,7776.332795619965,9734.459221363068,8146.607279777527,8967.909514904022,-21.81023359298706,-47.945380210876465,-23.337900638580322,-34.46817398071289
1,803,8.03,7755.392491817474,9692.169725894928,8123.667240142822,8926.726877689362,-20.940303802490234,-42.28949546813965,-22.94003963470459,-41.182637214660645
1,804,8.040000000000001,7735.5024218559265,9654.233455657959,8100.896775722504,8880.089819431305,-19.89006996154785,-37.936270236968994,-22.770464420318604,-46.63705825805664
1,805,8.05,7716.90160036087,9619.316756725311,8078.145086765289,8829.653859138489,-18.600821495056152,-34.916698932647705,-22.751688957214355,-50.43596029281616
1,806,8.06,7699.608206748962,9586.358964443207,8055.487871170044,8777.038156986237,-17.29339361190796,-32.95779228210449,-22.65721559524536,-52.6157021522522
1,807,8.07,7683.306634426117,9554.649591445923,8033.215403556824,8723.511099815369,-16.30157232284546,-31.709372997283936,-22.272467613220215,-53.52705717086792
1,808,8.08,7667.442560195923,9523.78123998642,8011.66445016861,8669.84874010086,-15.864074230194092,-30.868351459503174,-21.55095338821411,-53.66235971450806
1,809,8.09,7651.4869928359985,9493.556022644043,7991.025447845459,8616.375029087067,-15.955567359924316,-30.22521734237671,-20.639002323150635,-53.473711013793945
1,810,8.1,7635.173499584198,9463.900923728943,7971.212863922119,8563.105762004852,-16.313493251800537,-29.655098915100098,-19.812583923339844,-53.269267082214355
1,811,8.11,7618.564963340759,9434.77749824524,7951.8672823905945,8509.912192821503,-16.60853624343872,-29.123425483703613,-19.345581531524658,-53.19356918334961
1,812,8.120000000000001,7601.915001869202,9406.086504459381,7932.47252702713,8456.648290157318,-16.649961471557617,-28.690993785858154,-19.394755363464355,-53.26390266418457
1,813,8.13,7585.448622703552,9377.634525299072,7912.539541721344,8403.226435184479,-16.466379165649414,-28.451979160308838,-19.932985305786133,-53.421854972839355
1,814,8.14,7569.178640842438,9349.146783351898,7891.756892204285,8349.632620811462,-16.269981861114502,-28.487741947174072,-20.782649517059326,-53.59381437301636
1,815,8.15,7552.879154682159,9320.347607135773,7870.054841041565,8295.90529203415,-16.29948616027832,-28.79917621612549,-21.702051162719727,-53.72732877731323
1,816,8.16,7536.198794841766,9291.031658649445,7847.554981708527,8242.105841636658,-16.680359840393066,-29.315948486328125,-22.49985933303833,-53.799450397491455
1,817,8.17,7518.8252329826355,9261.105358600616,7824.461758136749,8188.295364379883,-17.37356185913086,-29.926300048828125,-23.093223571777344,-53.8104772567749
1,818,8.18,7500.601708889008,9230.549931526184,7800.954282283783,8134.536445140839,-18.22352409362793,-30.555427074432373,-23.50747585296631,-53.75891923904419
1,819,8.19,7481.538951396942,9199.354946613312,7777.11808681488,8080.897927284241,-19.06275749206543,-31.194984912872314,-23.836195468902588,-53.6385178565979
1,820,8.2,7461.758255958557,9167.48434305191,7752.937376499176,8027.449548244476,-19.78069543838501,-31.870603561401367,-24.180710315704346,-53.448379039764404
1,821,8.21,7441.429942846298,9134.92888212204,7728.293240070343,7974.251806735992,-20.32831311225891,-32.555460929870605,-24.644136428833008,-53.19774150848389
1,822,8.22,7420.760542154312,9101.78005695343,7703.073024749756,7921.3547706604,-20.669400691986084,-33.14882516860962,-25.220215320587158,-52.89703607559204
1,823,8.23,7399.957925081253,9068.24916601181,7677.200138568878,7868.77304315567,-20.802617073059082,-33.53089094161987,-25.872886180877686,-52.581727504730225
1,824,8.24,7379.2096972465515,9034.629762172699,7650.659680366516,7816.498577594757,-20.748227834701538,-33.61940383911133,-26.54045820236206,-52.274465560913086
1,825,8.25,7358.666509389877,9001.217186450958,7623.507380485535,7764.5352482795715,-20.543187856674194,-33.41257572174072,-27.152299880981445,-51.96332931518555
1,826,8.26,7338.423728942871,8968.246877193451,7595.850825309753,7712.923586368561,-20.242780447006226,-32.970309257507324,-27.65655517578125,-51.61166191101074
1,827,8.27,7318.540513515472,8935.877978801727,7567.826807498932,7661.7661118507385,-19.88321542739868,-32.36889839172363,-28.024017810821533,-51.157474517822266
1,828,8.28,7299.070954322815,8904.220461845398,7539.569735527039,7611.214220523834,-19.46955919265747,-31.657516956329346,-28.25707197189331,-50.5518913269043
1,829,8.290000000000001,7280.096709728241,8873.371183872223,7511.20537519455,7561.4675879478455,-18.974244594573975,-30.84927797317505,-28.364360332489014,-49.74663257598877
1,830,8.3,7261.7316246032715,8843.438923358917,7482.843101024628,7512.748241424561,-18.365085124969482,-29.932260513305664,-28.362274169921875,-48.71934652328491
1,831,8.31,7244.1041469573975,8814.539015293121,7454.584389925003,7465.288937091827,-17.627477645874023,-28.8999080657959,-28.258711099624634,-47.459304332733154
1,832,8.32,7227.329909801483,8786.781132221222,7426.5240132808685,7419.317960739136,-16.774237155914307,-27.757883071899414,-28.06037664413452,-45.97097635269165
1,833,8.33,7211.493104696274,8760.263323783875,7398.757040500641,7375.054061412811,-15.83680510520935,-26.517808437347412,-27.76697278022766,-44.26389932632446
1,834,8.34,7196.653336286545,8735.078275203705,7371.374815702438,7332.699149847031,-14.839768409729004,-25.185048580169678,-27.382224798202515,-42.35491156578064
1,835,8.35,7182.862460613251,8711.324036121368,7344.457656145096,7292.439043521881,-13.790875673294067,-23.754239082336426,-26.91715955734253,-40.260106325149536
1,836,8.36,7170.180082321167,8689.113557338715,7318.07217001915,7254.438698291779,-12.68237829208374,-22.21047878265381,-26.385486125946045,-38.00034523010254
1,837,8.370000000000001,7158.676981925964,8668.564856052399,7292.274087667465,7218.853235244751,-11.503100395202637,-20.548701286315918,-25.79808235168457,-35.58546304702759
1,838,8.38,7148.429751396179,8649.795651435852,7267.105132341385,7185.827940702438,-10.247230529785156,-18.76920461654663,-25.168955326080322,-33.02529454231262
1,839,8.39,7139.501869678497,8632.908761501312,7242.599278688431,7155.500948429108,-8.927881717681885,-16.886889934539795,-24.5058536529541,-30.32699227333069
1,840,8.4,7131.941616535187,8617.997765541077,7218.7890112400055,7128.005623817444,-7.560253143310547,-14.910995960235596,-23.810267448425293,-27.49532461166382
1,841,8.41,7125.780880451202,8605.149686336517,7195.703834295273,7103.467136621475,-6.160736083984375,-12.848079204559326,-23.085176944732666,-24.538487195968628
1,842,8.42,7121.046483516693,8594.460189342499,7173.366695642471,7082.00067281723,-4.734396934509277,-10.689496994018555,-22.337138652801514,-21.466463804244995
1,843,8.43,7117.769718170166,8586.032092571259,7151.795476675034,7063.711881637573,-3.2767653465270996,-8.428096771240234,-21.571218967437744,-18.288791179656982
1,844,8.44,7115.988880395889,8579.977452754974,7130.995690822601,7048.6971735954285,-1.7808377742767334,-6.05463981628418,-20.79978585243225,-15.014708042144775
1,845,8.45,7115.743309259415,8576.405942440033,7110.963463783264,7037.041485309601,-0.24557113647460938,-3.5715103149414062,-20.032227039337158,-11.655688285827637
1,846,8.46,7117.069363594055,8575.425446033478,7091.690003871918,7028.825730085373,1.326054334640503,-0.9804964065551758,-19.273459911346436,-8.215755224227905
1,847,8.47,7119.99848484993,8577.143549919128,7073.161453008652,7024.122178554535,2.929121255874634,1.7181038856506348,-18.52855086326599,-4.703551530838013
1,848,8.48,7124.554514884949,8581.667244434357,7055.364698171616,7022.998631000519,4.556030035018921,4.5236945152282715,-17.796754837036133,-1.1235475540161133
1,849,8.49,7130.761444568634,8589.111268520355,7038.286030292511,7025.517821311951,6.206929683685303,7.444024085998535,-17.078667879104614,2.5191903114318848
1,850,8.5,7138.643115758896,8599.596321582794,7021.913230419159,7031.7342877388,7.881671190261841,10.485053062438965,-16.37279987335205,6.216466426849365
1,851,8.51,7148.228883743286,8613.246977329254,7006.234228610992,7041.700035333633,9.585767984390259,13.650655746459961,-15.679001808166504,9.965747594833374
1,852,8.52,7159.54527258873,8630.181849002838,6991.2393391132355,7055.463790893555,11.316388845443726,16.934871673583984,-14.994889497756958,13.763755559921265
1,853,8.53,7172.613441944122,8650.5126953125,6976.923793554306,7073.071897029877,13.068169355392456,20.330846309661865,-14.315545558929443,17.60810613632202
1,854,8.540000000000001,7187.45157122612,8674.339950084686,6963.2890820503235,7094.570100307465,14.83812928199768,23.82725477218628,-13.634711503982544,21.49820327758789
1,855,8.55,7204.070538282394,8701.753616333008,6950.341165065765,7120.003402233124,16.618967056274414,27.413666248321533,-12.947916984558105,25.43330192565918
1,856,8.56,7222.472429275513,8732.829988002777,6938.100308179855,7149.419188499451,18.401890993118286,31.076371669769287,-12.240856885910034,29.415786266326904
1,857,8.57,7242.653667926788,8767.626285552979,6926.598995923996,7182.869911193848,20.181238651275635,34.796297550201416,-11.501312255859375,33.45072269439697
1,858,8.58,7264.599800109863,8806.18304014206,6915.876716375351,7220.398783683777,21.94613218307495,38.55675458908081,-10.72227954864502,37.5288724899292
1,859,8.59,7288.3012890815735,8848.516047000885,6905.968934297562,7262.043058872223,23.701488971710205,42.333006858825684,-9.907782077789307,41.644275188446045
1,860,8.6,7313.755750656128,8894.616663455963,6896.908283233643,7307.828664779663,25.454461574554443,46.100616455078125,-9.060651063919067,45.785605907440186
1,861,8.61,7340.962886810303,8944.445252418518,6888.72754573822,7357.77422785759,27.207136154174805,49.82858896255493,-8.180737495422363,49.945563077926636
1,862,8.620000000000001,7369.921058416367,8997.927606105804,6881.46099448204,7411.883920431137,28.958171606063843,53.48235368728638,-7.26655125617981,54.10969257354736
1,863,8.63,7400.616109371185,9054.954946041107,6875.155866146088,7470.152676105499,30.695050954818726,57.027339935302734,-6.305128335952759,58.26875567436218
1,864,8.64,7433.025538921356,9115.38690328598,6869.869381189346,7532.559633255005,32.4094295501709,60.43195724487305,-5.286484956741333,62.406957149505615
1,865,8.65,7467.120140790939,9179.052412509918,6865.668743848801,7599.066197872162,34.09460186958313,63.66550922393799,-4.200637340545654,66.50656461715698
1,866,8.66,7502.869665622711,9245.745837688446,6862.630844116211,7669.6160435676575,35.74952483177185,66.69342517852783,-3.0378997325897217,70.5498456954956
1,867,8.67,7540.242373943329,9315.224587917328,6860.83510518074,7744.134962558746,37.372708320617676,69.47875022888184,-1.795738935470581,74.51891899108887
1,868,8.68,7579.206824302673,9387.20166683197,6860.363483428955,7822.529375553131,38.96445035934448,71.97707891464233,-0.4716217517852783,78.39441299438477
1,869,8.69,7619.728446006775,9461.35014295578,6861.297190189362,7904.683351516724,40.52162170410156,74.14847612380981,0.9337067604064941,82.15397596359253
1,870,8.700000000000001,7661.767899990082,9537.302553653717,6863.719671964645,7990.460097789764,42.039453983306885,75.95241069793701,2.4224817752838135,85.77674627304077
1,871,8.71,7705.276906490326,9614.6559715271,6867.716312408447,8079.698085784912,43.50900650024414,77.35341787338257,3.99664044380188,89.2379879951477
1,872,8.72,7750.203311443329,9692.983329296112,6873.376816511154,8172.2113490104675,44.92640495300293,78.32735776901245,5.660504102706909,92.51326322555542
1,873,8.73,7796.491086483002,9771.836698055267,6880.789548158646,8267.78620481491,46.28777503967285,78.85336875915527,7.412731647491455,95.57485580444336
1,874,8.74,7844.077944755554,9850.758016109467,6890.043914318085,8366.173803806305,47.58685827255249,78.92131805419922,9.254366159439087,98.38759899139404
1,875,8.75,7892.894446849823,9929.27372455597,6901.227980852127,8467.099964618683,48.8165020942688,78.51570844650269,11.184066534042358,100.92616081237793
1,876,8.76,7942.858636379242,10000.0,6914.431303739548,8570.254147052765,49.964189529418945,70.72627544403076,13.203322887420654,103.15418243408203
1,877,8.77,7993.811666965485,10000.0,6929.734945297241,8674.918115139008,50.953030586242676,0.0,15.303641557693481,104.66396808624268
1,878,8.78,8044.982850551605,10000.0,6947.21907377243,8776.728808879852,51.171183586120605,0.0,17.48412847518921,101.81069374084473
1,879,8.790000000000001,8096.516132354736,10000.0,6967.634856700897,8872.945010662079,51.5332818031311,0.0,20.415782928466797,96.21620178222656
1,880,8.8,8148.314654827118,10000.0,6991.65865778923,8961.75354719162,51.79852247238159,0.0,24.02380108833313,88.80853652954102
1,881,8.81,8199.463486671448,10000.0,7019.406706094742,9041.61810874939,51.148831844329834,0.0,27.748048305511475,79.86456155776978
1,882,8.82,8249.524533748627,10000.0,7050.796747207642,9111.999869346619,50.061047077178955,0.0,31.39004111289978,70.381760597229
1,883,8.83,8298.54041337967,10000.0,7085.608541965485,9173.186123371124,49.01587963104248,0.0,34.81179475784302,61.186254024505615
1,884,8.84,8346.742391586304,10000.0,7123.5717833042145,9226.098954677582,48.20197820663452,0.0,37.96324133872986,52.91283130645752
1,885,8.85,8394.350111484528,10000.0,7164.392918348312,9272.002875804901,47.60771989822388,0.0,40.8211350440979,45.903921127319336
1,886,8.86,8441.410064697266,10000.0,7207.753956317902,9312.181770801544,47.05995321273804,0.0,43.36103796958923,40.178894996643066
1,887,8.870000000000001,8487.751483917236,10000.0,7253.338545560837,9347.709715366364,46.3414192199707,0.0,45.58458924293518,35.527944564819336
1,888,8.88,8533.022701740265,10000.0,7300.856113433838,9379.356801509857,45.271217823028564,0.0,47.5175678730011,31.647086143493652
1,889,8.89,8576.76237821579,10000.0,7350.04723072052,9407.582581043243,43.7396764755249,0.0,49.19111728668213,28.22577953338623
1,890,8.9,8618.471026420593,10000.0,7400.676012039185,9432.609677314758,41.70864820480347,0.0,50.62878131866455,25.027096271514893
1,891,8.91,8657.660484313965,10000.0,7452.520281076431,9454.534947872162,39.18945789337158,0.0,51.844269037246704,21.925270557403564
1,892,8.92,8693.885207176208,10000.0,7505.360245704651,9473.43796491623,36.22472286224365,0.0,52.839964628219604,18.903017044067383
1,893,8.93,8726.755678653717,10000.0,7558.970749378204,9489.470720291138,32.870471477508545,0.0,53.61050367355347,16.032755374908447
1,894,8.94,8755.93900680542,10000.0,7613.125145435333,9502.893388271332,29.18332815170288,0.0,54.154396057128906,13.422667980194092
1,895,8.950000000000001,8781.16399049759,10000.0,7667.588293552399,9514.062404632568,25.22498369216919,0.0,54.46314811706543,11.169016361236572
1,896,8.96,8802.219033241272,10000.0,7722.125947475433,9523.39082956314,21.05504274368286,0.0,54.53765392303467,9.32842493057251
1,897,8.97,8818.957209587097,10000.0,7776.488661766052,9531.281888484955,16.738176345825195,0.0,54.3627142906189,7.891058921813965
1,898,8.98,8831.300139427185,10000.0,7830.41387796402,9538.08069229126,12.34292984008789,0.0,53.92521619796753,6.798803806304932
1,899,8.99,8839.254081249237,10000.0,7883.610427379608,9544.034600257874,7.953941822052002,0.0,53.19654941558838,5.9539079666137695
1,900,9.0,8842.917084693909,10000.0,7935.744822025299,9549.275934696198,3.663003444671631,0.0,52.13439464569092,5.241334438323975
1,901,9.01,8842.488527297974,10000.0,7986.443340778351,9553.835093975067,-0.4285573959350586,0.0,50.69851875305176,4.559159278869629
1,902,9.02,8838.275372982025,10000.0,8035.283386707306,9557.645618915558,-4.213154315948486,0.0,48.84004592895508,3.8105249404907227
1,903,9.03,8830.626904964447,10000.0,8081.819713115692,9560.606181621552,-7.648468017578125,0.0,46.53632640838623,2.9605627059936523
1,904,9.040000000000001,8819.861114025116,10000.0,8125.717341899872,9562.672078609467,-10.765790939331055,0.0,43.89762878417969,2.065896987915039
1,905,9.05,8806.211948394775,10000.0,8166.716992855072,9563.848078250885,-13.649165630340576,0.0,40.999650955200195,1.175999641418457
1,906,9.06,8789.86269235611,10000.0,8204.61481809616,9564.196169376373,-16.34925603866577,0.0,37.89782524108887,0.34809112548828125
1,907,9.07,8771.008551120758,10000.0,8239.25107717514,9563.812911510468,-18.854141235351562,0.0,34.63625907897949,-0.3832578659057617
1,908,9.08,8749.884068965912,10000.0,8270.485997200012,9562.805593013763,-21.12448215484619,0.0,31.234920024871826,-1.0073184967041016
1,909,9.09,8726.763427257538,10000.0,8298.181891441345,9561.258256435394,-23.120641708374023,0.0,27.695894241333008,-1.5473365783691406
1,910,9.1,8701.943457126617,10000.0,8322.214484214783,9559.219777584076,-24.81997013092041,0.0,24.0325927734375,-2.0384788513183594
1,911,9.11,8675.718307495117,10000.0,8342.47887134552,9556.696712970734,-26.225149631500244,0.0,20.264387130737305,-2.523064613342285
1,912,9.120000000000001,8648.360669612885,10000.0,8358.908593654633,9553.662240505219,-27.357637882232666,0.0,16.42972230911255,-3.0344724655151367
1,913,9.13,8620.10806798935,10000.0,8371.489942073822,9550.071358680725,-28.252601623535156,0.0,12.581348419189453,-3.590881824493408
1,914,9.14,8591.159284114838,10000.0,8380.269706249237,9545.871317386627,-28.94878387451172,0.0,8.779764175415039,-4.2000412940979
1,915,9.15,8561.67584657669,10000.0,8385.357558727264,9541.020393371582,-29.483437538146973,0.0,5.087852478027344,-4.850924015045166
1,916,9.16,8531.79007768631,10000.0,8386.921882629395,9535.504281520844,-29.88576889038086,0.0,1.564323902130127,-5.516111850738525
1,917,9.17,8501.612842082977,10000.0,8385.173082351685,9529.336988925934,-30.17723560333252,0.0,-1.748800277709961,-6.167292594909668
1,918,9.18,8471.240103244781,10000.0,8380.357921123505,9522.569179534912,-30.3727388381958,0.0,-4.815161228179932,-6.7678093910217285
1,919,9.19,8440.756499767303,10000.0,8372.744023799896,9515.27863740921,-30.483603477478027,0.0,-7.613897323608398,-7.290542125701904
1,920,9.200000000000001,8410.237431526184,10000.0,8362.614810466766,9507.560431957245,-30.519068241119385,0.0,-10.129213333129883,-7.718205451965332
1,921,9.21,8379.748165607452,10000.0,8350.264132022858,9499.51946735382,-30.48926591873169,0.0,-12.350678443908691,-8.040964603424072
1,922,9.22,8349.34413433075,10000.0,8335.987329483032,9491.255581378937,-30.40403127670288,0.0,-14.27680253982544,-8.263885974884033
1,923,9.23,8319.073021411896,10000.0,8320.082128047943,9482.865333557129,-30.27111291885376,0.0,-15.905201435089111,-8.390247821807861
1,924,9.24,8288.977444171906,10000.0,8302.839696407318,9474.433958530426,-30.095577239990234,0.0,-17.242431640625,-8.43137502670288
1,925,9.25,8259.091675281525,10000.0,8284.539878368378,9466.034770011902,-29.88576889038086,0.0,-18.29981803894043,-8.39918851852417
1,926,9.26,8229.454457759857,10000.0,8265.447318553925,9457.735121250153,-29.63721752166748,0.0,-19.092559814453125,-8.299648761749268
1,927,9.27,8200.10095834732,10000.0,8245.809376239777,9449.59819316864,-29.35349941253662,0.0,-19.63794231414795,-8.136928081512451
1,928,9.28,8171.068727970123,10000.0,8225.8540391922,9441.683292388916,-29.032230377197266,0.0,-19.955337047576904,-7.914900779724121
1,929,9.290000000000001,8142.398297786713,10000.0,8205.786049365997,9434.045851230621,-28.670430183410645,0.0,-20.067989826202393,-7.637441158294678
1,930,9.3,8114.128410816193,10000.0,8185.7940554618835,9426.73921585083,-28.26988697052002,0.0,-19.99199390411377,-7.30663537979126
1,931,9.31,8086.302280426025,10000.0,8166.047632694244,9419.811964035034,-27.826130390167236,0.0,-19.74642276763916,-6.927251815795898
1,932,9.32,8058.96520614624,10000.0,8146.695792675018,9413.30462694168,-27.337074279785156,0.0,-19.351840019226074,-6.5073370933532715
1,933,9.33,8032.160103321075,10000.0,8127.868175506592,9407.242834568024,-26.805102825164795,0.0,-18.827617168426514,-6.061792373657227
1,934,9.34,8005.934059619904,10000.0,8109.675347805023,9401.644468307495,-26.226043701171875,0.0,-18.192827701568604,-5.5983662605285645
1,935,9.35,7980.332970619202,10000.0,8092.208206653595,9396.514892578125,-25.601089000701904,0.0,-17.467141151428223,-5.129575729370117
1,936,9.36,7955.404818058014,10000.0,8075.535595417023,9391.847550868988,-24.928152561187744,0.0,-16.672611236572266,-4.667341709136963
1,937,9.370000000000001,7931.1951994895935,10000.0,8059.7123503685,9387.628734111786,-24.20961856842041,0.0,-15.82324504852295,-4.218816757202148
1,938,9.38,7907.747328281403,10000.0,8044.779896736145,9383.837878704071,-23.447871208190918,0.0,-14.932453632354736,-3.7908554077148438
1,939,9.39,7885.097861289978,10000.0,8030.769228935242,9380.451142787933,-22.64946699142456,0.0,-14.01066780090332,-3.3867359161376953
1,940,9.4,7863.281071186066,10000.0,8017.703890800476,9377.44528055191,-21.816790103912354,0.0,-13.065338134765625,-3.005862236022949
1,941,9.41,7842.321693897247,10000.0,8005.600273609161,9374.792277812958,-20.95937728881836,0.0,-12.103617191314697,-2.6530027389526367
1,942,9.42,7822.246849536896,10000.0,7994.464039802551,9372.460544109344,-20.074844360351562,0.0,-11.136233806610107,-2.3317337036132812
1,943,9.43,7803.077697753906,10000.0,7984.290421009064,9370.411336421967,-19.169151782989502,0.0,-10.173618793487549,-2.0492076873779297
1,944,9.44,7784.83510017395,10000.0,7975.069582462311,9368.601739406586,-18.242597579956055,0.0,-9.22083854675293,-1.8095970153808594
1,945,9.450000000000001,7767.533957958221,10000.0,7966.78364276886,9366.979897022247,-17.30114221572876,0.0,-8.285939693450928,-1.621842384338379
1,946,9.46,7751.1826157569885,10000.0,7959.406673908234,9365.491569042206,-16.35134220123291,0.0,-7.376968860626221,-1.488327980041504
1,947,9.47,7735.7834577560425,10000.0,7952.915132045746,9364.075362682343,-15.399158000946045,0.0,-6.491541862487793,-1.4162063598632812
1,948,9.48,7721.3335037231445,9954.684674739838,7947.279512882233,9362.669885158539,-14.44995403289795,-45.31532526016235,-5.635619163513184,-1.405477523803711
1,949,9.49,7707.448303699493,9908.492863178253,7942.415177822113,9359.126389026642,-13.885200023651123,-46.19181156158447,-4.864335060119629,-3.5434961318969727
1,950,9.5,7694.190442562103,9867.920577526093,7938.576638698578,9351.722300052643,-13.257861137390137,-40.572285652160645,-3.8385391235351562,-7.404088973999023
1,951,9.51,7681.797444820404,9834.077656269073,7935.986816883087,9339.654743671417,-12.392997741699219,-33.84292125701904,-2.5898218154907227,-12.067556381225586
1,952,9.52,7670.250236988068,9806.891679763794,7934.552729129791,9322.755634784698,-11.547207832336426,-27.18597650527954,-1.4340877532958984,-16.89910888671875
1,953,9.53,7659.828662872314,9785.5544090271,7933.979332447052,9301.639199256897,-10.421574115753174,-21.337270736694336,-0.5733966827392578,-21.116435527801514
1,954,9.540000000000001,7651.059925556183,9768.897891044617,7933.926582336426,9277.444779872894,-8.768737316131592,-16.65651798248291,-0.0527501106262207,-24.194419384002686
1,955,9.55,7644.296586513519,9755.672216415405,7934.224307537079,9251.511991024017,-6.763339042663574,-13.225674629211426,0.29772520065307617,-25.932788848876953
1,956,9.56,7639.461159706116,9744.787812232971,7934.982478618622,9225.053489208221,-4.8354268074035645,-10.884404182434082,0.7581710815429688,-26.4585018157959
1,957,9.57,7636.054456233978,9735.442101955414,7936.523258686066,9198.933243751526,-3.406703472137451,-9.345710277557373,1.5407800674438477,-26.120245456695557
1,958,9.58,7633.413076400757,9727.185368537903,7939.203083515167,9173.596203327179,-2.6413798332214355,-8.256733417510986,2.6798248291015625,-25.337040424346924
1,959,9.59,7631.040811538696,9719.897508621216,7943.228185176849,9149.13147687912,-2.372264862060547,-7.287859916687012,4.025101661682129,-24.464726448059082
1,960,9.6,7628.802955150604,9713.667929172516,7948.535680770874,9125.398099422455,-2.237856388092041,-6.229579448699951,5.307495594024658,-23.73337745666504
1,961,9.61,7626.909911632538,9708.636701107025,7954.795658588409,9102.161824703217,-1.8930435180664062,-5.031228065490723,6.2599778175354,-23.23627471923828
1,962,9.620000000000001,7625.7142424583435,9704.845249652863,7961.5360498428345,9079.196155071259,-1.195669174194336,-3.7914514541625977,6.740391254425049,-22.965669631958008
1,963,9.63,7625.478506088257,9702.193140983582,7968.311607837677,9056.335091590881,-0.23573637008666992,-2.652108669281006,6.775557994842529,-22.861063480377197
1,964,9.64,7626.229524612427,9700.472950935364,7974.852025508881,9033.484756946564,0.7510185241699219,-1.7201900482177734,6.540417671203613,-22.850334644317627
1,965,9.65,7627.764344215393,9699.464440345764,7981.111109256744,9010.596871376038,1.5348196029663086,-1.0085105895996094,6.2590837478637695,-22.887885570526123
1,966,9.66,7629.777193069458,9699.01829957962,7987.217009067535,8987.652957439423,2.0128488540649414,-0.44614076614379883,6.105899810791016,-22.94391393661499
1,967,9.67,7632.002234458923,9699.066579341888,7993.359863758087,8964.641988277435,2.225041389465332,0.048279762268066406,6.142854690551758,-23.010969161987305
1,968,9.68,7634.311616420746,9699.58484172821,7999.686896800995,8941.565454006195,2.3093819618225098,0.5182623863220215,6.327033042907715,-23.076534271240234
1,969,9.69,7636.719644069672,9700.531661510468,8006.2344670295715,8918.434083461761,2.4080276489257812,0.9468197822570801,6.54757022857666,-23.131370544433594
1,970,9.700000000000001,7639.311254024506,9701.80630683899,8012.9289627075195,8895.274698734283,2.5916099548339844,1.2746453285217285,6.694495677947998,-23.159384727478027
1,971,9.71,7642.16423034668,9703.257977962494,8019.629716873169,8872.109651565552,2.8529763221740723,1.4516711235046387,6.700754165649414,-23.16504716873169
1,972,9.72,7645.286321640015,9704.72127199173,8026.189506053925,8848.942518234253,3.122091293334961,1.4632940292358398,6.559789180755615,-23.167133331298828
1,973,9.73,7648.610472679138,9706.064760684967,8032.494783401489,8825.744092464447,3.324151039123535,1.3434886932373047,6.305277347564697,-23.198425769805908
1,974,9.74,7652.024030685425,9707.203805446625,8038.46538066864,8802.442252635956,3.413558006286621,1.1390447616577148,5.970597267150879,-23.30183982849121
1,975,9.75,7655.407190322876,9708.085358142853,8044.039309024811,8778.936564922333,3.383159637451172,0.8815526962280273,5.573928356170654,-23.505687713623047
1,976,9.76,7658.658921718597,9708.64474773407,8049.14653301239,8755.111396312714,3.2517313957214355,0.559389591217041,5.107223987579346,-23.82516860961914
1,977,9.77,7661.700546741486,9708.772599697113,8053.682744503021,8730.864822864532,3.0416250228881836,0.1278519630432129,4.5362114906311035,-24.246573448181152
1,978,9.78,7664.459645748138,9708.29576253891,8057.510554790497,8706.112504005432,2.759099006652832,-0.476837158203125,3.827810287475586,-24.752318859100342
1,979,9.790000000000001,7666.849493980408,9706.983864307404,8060.472309589386,8680.792152881622,2.389848232269287,-1.3118982315063477,2.96175479888916,-25.320351123809814
1,980,9.8,7668.758928775787,9704.574644565582,8062.404096126556,8654.857277870178,1.9094347953796387,-2.409219741821289,1.9317865371704102,-25.934875011444092
1,981,9.81,7670.044004917145,9700.799286365509,8063.1497502326965,8628.25721502304,1.2850761413574219,-3.775358200073242,0.7456541061401367,-26.60006284713745
1,982,9.82,7670.545279979706,9695.39999961853,8062.566816806793,8600.930273532867,0.5012750625610352,-5.39928674697876,-0.5829334259033203,-27.32694149017334
1,983,9.83,7670.098543167114,9688.130021095276,8060.5146288871765,8572.794198989868,-0.44673681259155273,-7.2699785232543945,-2.052187919616699,-28.136074542999268
1,984,9.84,7668.549120426178,9678.749740123749,8056.851625442505,8543.751835823059,-1.5494227409362793,-9.3802809715271,-3.663003444671631,-29.042363166809082
1,985,9.85,7665.753960609436,9667.021334171295,8051.430583000183,8513.696193695068,-2.7951598167419434,-11.728405952453613,-5.421042442321777,-30.055642127990723
1,986,9.86,7661.585211753845,9652.705192565918,8044.103384017944,8482.515513896942,-4.16874885559082,-14.316141605377197,-7.3271989822387695,-31.18067979812622
1,987,9.870000000000001,7655.9266448020935,9635.56557893753,8034.727871417999,8450.101613998413,-5.658566951751709,-17.13961362838745,-9.375512599945068,-32.41389989852905
1,988,9.88,7648.666799068451,9615.384638309479,8023.182451725006,8416.350781917572,-7.259845733642578,-20.180940628051758,-11.545419692993164,-33.750832080841064
1,989,9.89,7639.712691307068,9591.987133026123,8009.370565414429,8381.15006685257,-8.954107761383057,-23.397505283355713,-13.811886310577393,-35.20071506500244
1,990,9.9,7629.028260707855,9565.303027629852,7993.18790435791,8344.373404979706,-10.684430599212646,-26.684105396270752,-16.182661056518555,-36.77666187286377
1,991,9.91,7616.68473482132,9535.423815250397,7974.543571472168,8305.873274803162,-12.343525886535645,-29.879212379455566,-18.644332885742188,-38.50013017654419
1,992,9.92,7602.874636650085,9502.590298652649,7953.356206417084,8265.486061573029,-13.81009817123413,-32.8335165977478,-21.18736505508423,-40.38721323013306
1,993,9.93,7587.846517562866,9467.114508152008,7929.595410823822,8223.069608211517,-15.028119087219238,-35.47579050064087,-23.76079559326172,-42.41645336151123
1,994,9.94,7571.829855442047,9429.294764995575,7903.321385383606,8178.549706935883,-16.016662120819092,-37.819743156433105,-26.274025440216064,-44.519901275634766
1,995,9.950000000000001,7554.971277713776,9389.37395811081,7874.700129032135,8131.947219371796,-16.858577728271484,-39.920806884765625,-28.621256351470947,-46.602487564086914
1,996,9.96,7537.354826927185,9347.571432590485,7843.994200229645,8083.379566669464,-17.616450786590576,-41.80252552032471,-30.705928802490234,-48.56765270233154
1,997,9.97,7519.062161445618,9304.136335849762,7811.536490917206,8033.050000667572,-18.292665481567383,-43.435096740722656,-32.457709312438965,-50.32956600189209
1,998,9.98,7500.232458114624,9259.383082389832,7777.695953845978,7981.234788894653,-18.829703330993652,-44.75325345993042,-33.84053707122803,-51.8152117729187
1,999,9.99,7481.085956096649,9213.690757751465,7742.846310138702,7928.261458873749,-19.146502017974854,-45.6923246383667,-34.84964370727539,-52.97333002090454
1,1000,10.0,7461.8977308273315,9167.465567588806,7707.345187664032,7874.501645565033,-19.188225269317627,-46.22519016265869,-35.50112247467041,-53.75981330871582
1,1001,10.01,7442.95060634613,9121.099710464478,7671.541273593903,7820.365130901337,-18.947124481201172,-46.36585712432861,-35.803914070129395,-54.13651466369629
1,1002,10.02,7424.504309892654,9074.963927268982,7635.765969753265,7766.294181346893,-18.446296453475952,-46.135783195495605,-35.77530384063721,-54.07094955444336
1,1003,10.03,7406.7772924900055,9029.418230056763,7600.342631340027,7712.742984294891,-17.727017402648926,-45.54569721221924,-35.423338413238525,-53.55119705200195
1,1004,10.040000000000001,7389.9707198143005,8984.839618206024,7565.56898355484,7660.163938999176,-16.806572675704956,-44.578611850738525,-34.77364778518677,-52.57904529571533
1,1005,10.05,7374.284714460373,8941.625952720642,7531.715929508209,7608.995735645294,-15.686005353927612,-43.21366548538208,-33.85305404663086,-51.168203353881836
1,1006,10.06,7359.920144081116,8900.18105506897,7499.011009931564,7559.655606746674,-14.364570379257202,-41.44489765167236,-32.7049195766449,-49.340128898620605
1,1007,10.07,7347.070127725601,8860.892653465271,7467.628866434097,7512.533664703369,-12.850016355514526,-39.28840160369873,-31.38214349746704,-47.12194204330444
1,1008,10.08,7335.900217294693,8824.099600315094,7437.692880630493,7467.993795871735,-11.169910430908203,-36.793053150177,-29.935985803604126,-44.53986883163452
1,1009,10.09,7326.534688472748,8790.087699890137,7409.278899431229,7426.37038230896,-9.36552882194519,-34.011900424957275,-28.413981199264526,-41.62341356277466
1,1010,10.1,7319.054752588272,8759.101629257202,7382.422834634781,7387.964576482773,-7.479935884475708,-30.98607063293457,-26.856064796447754,-38.405805826187134
1,1011,10.11,7313.511371612549,8731.358349323273,7357.122898101807,7353.033721446991,-5.543380975723267,-27.743279933929443,-25.299936532974243,-34.93085503578186
1,1012,10.120000000000001,7309.936285018921,8707.063496112823,7333.344370126724,7321.791052818298,-3.5750865936279297,-24.29485321044922,-23.778527975082397,-31.242668628692627
1,1013,10.13,7308.349907398224,8686.401546001434,7311.02243065834,7294.403314590454,-1.5863776206970215,-20.66195011138916,-22.32193946838379,-27.38773822784424
1,1014,10.14,7308.753281831741,8669.528067111969,7290.064841508865,7270.99284529686,0.40337443351745605,-16.873478889465332,-20.957589149475098,-23.41046929359436
1,1015,10.15,7311.130166053772,8656.559884548187,7270.362824201584,7251.649349927902,2.3768842220306396,-12.968182563781738,-19.702017307281494,-19.34349536895752
1,1016,10.16,7315.434664487839,8647.574484348297,7251.794636249542,7236.425578594208,4.3044984340667725,-8.985400199890137,-18.568187952041626,-15.223771333694458
1,1017,10.17,7321.600019931793,8642.614781856537,7234.237641096115,7225.348949432373,6.165355443954468,-4.959702491760254,-17.556995153427124,-11.076629161834717
1,1018,10.18,7329.550385475159,8641.703426837921,7217.5706923007965,7218.421995639801,7.9503655433654785,-0.9113550186157227,-16.666948795318604,-6.9269537925720215
1,1019,10.19,7339.20156955719,8644.839823246002,7201.677709817886,7215.626835823059,9.65118408203125,3.1363964080810547,-15.892982482910156,-2.7951598167419434
1,1020,10.200000000000001,7350.470125675201,8652.004301548004,7186.449319124222,7216.931134462357,11.268556118011475,7.164478302001953,-15.22839069366455,1.3042986392974854
1,1021,10.21,7363.2630705833435,8663.147985935211,7171.785682439804,7222.289443016052,12.79294490814209,11.143684387207031,-14.663636684417725,5.358308553695679
1,1022,10.22,7377.4828016757965,8678.196370601654,7157.600820064545,7231.649309396744,14.219731092453003,15.048384666442871,-14.1848623752594,9.359866380691528
1,1023,10.23,7393.01398396492,8697.040379047394,7143.825441598892,7244.958579540253,15.531182289123535,18.844008445739746,-13.775378465652466,13.309270143508911
1,1024,10.24,7409.727573394775,8719.544112682343,7130.412608385086,7262.162566184998,16.713589429855347,22.50373363494873,-13.412833213806152,17.203986644744873
1,1025,10.25,7427.485287189484,8745.554983615875,7117.330580949783,7283.200323581696,17.757713794708252,26.010870933532715,-13.082027435302734,21.037757396697998
1,1026,10.26,7446.155548095703,8774.904310703278,7104.550153017044,7308.002561330795,18.670260906219482,29.349327087402344,-12.780427932739258,24.80223774909973
1,1027,10.27,7465.621531009674,8807.409405708313,7092.039883136749,7336.48955821991,19.465982913970947,32.5050950050354,-12.5102698802948,28.48699688911438
1,1028,10.28,7485.779523849487,8842.865526676178,7079.768031835556,7368.574291467667,20.157992839813232,35.45612096786499,-12.271851301193237,32.08473324775696
1,1029,10.290000000000001,7506.527006626129,8881.048560142517,7067.710757255554,7404.166758060455,20.747482776641846,38.18303346633911,-12.057274580001831,35.592466592788696
1,1030,10.3,7527.756094932556,8921.714723110199,7055.856436491013,7443.170547485352,21.229088306427002,40.666162967681885,-11.854320764541626,39.00378942489624
1,1031,10.31,7549.352049827576,8964.615762233734,7044.209539890289,7485.481947660446,21.59595489501953,42.901039123535156,-11.646896600723267,42.311400175094604
1,1032,10.32,7571.200430393219,9009.503424167633,7032.793164253235,7530.99262714386,21.84838056564331,44.887661933898926,-11.416375637054443,45.510679483413696
1,1033,10.33,7593.192458152771,9056.133031845093,7021.642774343491,7579.583525657654,21.992027759552002,46.62960767745972,-11.150389909744263,48.590898513793945
1,1034,10.34,7615.235149860382,9104.25990819931,7010.801583528519,7631.132006645203,22.042691707611084,48.12687635421753,-10.841190814971924,51.54848098754883
1,1035,10.35,7637.247145175934,9153.642356395721,7000.322043895721,7685.5140924453735,22.011995315551758,49.38244819641113,-10.479539632797241,54.3820858001709
1,1036,10.36,7659.158110618591,9204.03242111206,6990.261524915695,7742.603123188019,21.91096544265747,50.39006471633911,-10.060518980026245,57.089030742645264
1,1037,10.370000000000001,7680.908441543579,9255.188405513763,6980.689167976379,7802.272439002991,21.750330924987793,51.15598440170288,-9.572356939315796,59.669315814971924
1,1038,10.38,7702.452838420868,9306.881725788116,6971.682161092758,7864.3956780433655,21.54439687728882,51.69332027435303,-9.007006883621216,62.123239040374756
1,1039,10.39,7723.765671253204,9358.900487422943,6963.329613208771,7928.849756717682,21.312832832336426,52.01876163482666,-8.352547883987427,64.4540786743164
1,1040,10.4,7744.83859539032,9411.057531833649,6955.728679895401,7995.506525039673,21.07292413711548,52.157044410705566,-7.600933313369751,66.65676832199097
1,1041,10.41,7765.684425830841,9463.187754154205,6948.983520269394,8064.238727092743,20.84583044052124,52.13022232055664,-6.74515962600708,68.73220205307007
1,1042,10.42,7786.33713722229,9515.148103237152,6943.209022283554,8134.918510913849,20.652711391448975,51.96034908294678,-5.774497985839844,70.67978382110596
1,1043,10.43,7806.852161884308,9566.817879676819,6938.523501157761,8207.418024539948,20.515024662017822,51.66977643966675,-4.685521125793457,72.49951362609863
1,1044,10.44,7827.310264110565,9618.10052394867,6935.054808855057,8281.614482402802,20.458102226257324,51.282644271850586,-3.4686923027038574,74.196457862854
1,1045,10.450000000000001,7847.813069820404,9668.920934200287,6932.936757802963,8357.38718509674,20.502805709838867,50.82041025161743,-2.118051052093506,75.77270269393921
1,1046,10.46,7868.484854698181,9719.227850437164,6932.312697172165,8434.622287750244,20.6717848777771,50.30691623687744,-0.6240606307983398,77.23510265350342
1,1047,10.47,7889.475226402283,9768.991768360138,6933.327317237854,8513.206541538239,20.990371704101562,49.76391792297363,1.014620065689087,78.58425378799438
1,1048,10.48,7910.94958782196,9818.196594715118,6936.129033565521,8593.02967786789,21.474361419677734,49.20482635498047,2.8017163276672363,79.82313632965088
1,1049,10.49,7933.09360742569,9866.838157176971,6940.869390964508,8673.987090587616,22.144019603729248,48.64156246185303,4.740357398986816,80.95741271972656
1,1050,10.5,7956.10636472702,9914.920032024384,6947.700083255768,8755.977153778076,23.012757301330566,48.08187484741211,6.830692291259766,81.9900631904602
1,1051,10.51,7980.197370052338,9962.449073791504,6956.776678562164,8838.904798030853,24.091005325317383,47.52904176712036,9.076595306396484,82.9276442527771
1,1052,10.52,8005.582392215729,10000.0,6968.255788087845,8922.676146030426,25.385022163391113,37.550926208496094,11.479109525680542,83.77134799957275
1,1053,10.53,8032.36722946167,10000.0,6982.294470071793,9006.703495979309,26.784837245941162,0.0,14.038681983947754,84.02734994888306
1,1054,10.540000000000001,8060.330450534821,10000.0,6999.145448207855,9088.66435289383,27.963221073150635,0.0,16.850978136062622,81.96085691452026
1,1055,10.55,8089.677095413208,10000.0,7019.371688365936,9167.09840297699,29.34664487838745,0.0,20.226240158081055,78.4340500831604
1,1056,10.56,8120.42236328125,10000.0,7043.370455503464,9240.959286689758,30.745267868041992,0.0,23.998767137527466,73.86088371276855
1,1057,10.57,8152.303397655487,10000.0,7071.186453104019,9309.399425983429,31.88103437423706,0.0,27.81599760055542,68.44013929367065
1,1058,10.58,8185.4066252708435,10000.0,7102.712839841843,9372.11662530899,33.103227615356445,0.0,31.526386737823486,62.71719932556152
1,1059,10.59,8220.070898532867,10000.0,7137.765288352966,9429.265856742859,34.664273262023926,0.0,35.05244851112366,57.14923143386841
1,1060,10.6,8256.630599498749,10000.0,7176.145315170288,9481.326043605804,36.55970096588135,0.0,38.38002681732178,52.06018686294556
1,1061,10.61,8295.250236988068,10000.0,7217.666953802109,9528.908133506775,38.61963748931885,0.0,41.52163863182068,47.58208990097046
1,1062,10.620000000000001,8335.833847522736,10000.0,7262.151688337326,9572.552740573883,40.58361053466797,0.0,44.484734535217285,43.644607067108154
1,1063,10.63,8378.04228067398,10000.0,7309.431284666061,9612.607657909393,42.20843315124512,0.0,47.27959632873535,40.054917335510254
1,1064,10.64,8421.352505683899,10000.0,7359.338849782944,9649.183750152588,43.31022500991821,0.0,49.907565116882324,36.57609224319458
1,1065,10.65,8465.140461921692,10000.0,7411.690354347229,9682.18058347702,43.78795623779297,0.0,52.35150456428528,32.99683332443237
1,1066,10.66,8508.75437259674,10000.0,7466.2646651268005,9711.362421512604,43.61391067504883,0.0,54.57431077957153,29.181838035583496
1,1067,10.67,8551.563918590546,10000.0,7522.796392440796,9736.433625221252,42.80954599380493,0.0,56.53172731399536,25.07120370864868
1,1068,10.68,8592.924773693085,10000.0,7580.996453762054,9757.174551486969,41.36085510253906,0.0,58.200061321258545,20.740926265716553
1,1069,10.69,8632.120788097382,10000.0,7640.675604343414,9773.562848567963,39.196014404296875,0.0,59.67915058135986,16.388297080993652
1,1070,10.700000000000001,8668.358623981476,10000.0,7701.676189899445,9785.757064819336,36.23783588409424,0.0,61.00058555603027,12.194216251373291
1,1071,10.71,8700.850307941437,10000.0,7763.846218585968,9794.08472776413,32.49168395996094,0.0,62.17002868652344,8.327662944793701
1,1072,10.72,8728.927969932556,10000.0,7826.992869377136,9798.98750782013,28.077661991119385,0.0,63.14665079116821,4.902780055999756
1,1073,10.73,8752.08854675293,10000.0,7890.855371952057,9800.951778888702,23.160576820373535,0.0,63.862502574920654,1.964271068572998
1,1074,10.74,8770.017325878143,10000.0,7955.076992511749,9800.44573545456,17.928779125213623,0.0,64.22162055969238,-0.5060434341430664
1,1075,10.75,8782.577216625214,10000.0,8019.203841686249,9797.880947589874,12.559890747070312,0.0,64.12684917449951,-2.5647878646850586
1,1076,10.76,8789.801299571991,10000.0,8082.687258720398,9793.58822107315,7.224082946777344,0.0,63.48341703414917,-4.292726516723633
1,1077,10.77,8791.873753070831,10000.0,8144.9094414711,9787.81670331955,2.072453498840332,0.0,62.222182750701904,-5.771517753601074
1,1078,10.78,8789.110481739044,10000.0,8205.20669221878,9780.736863613129,-2.7632713317871094,0.0,60.297250747680664,-7.079839706420898
1,1079,10.790000000000001,8781.934678554535,10000.0,8262.897729873657,9772.453904151917,-7.175803184509277,0.0,57.69103765487671,-8.282959461212158
1,1080,10.8,8770.84195613861,10000.0,8317.31915473938,9763.024151325226,-11.092722415924072,0.0,54.421424865722656,-9.429752826690674
1,1081,10.81,8756.365478038788,10000.0,8367.849588394165,9752.475917339325,-14.476478099822998,0.0,50.530433654785156,-10.548233985900879
1,1082,10.82,8739.045262336731,10000.0,8413.942158222198,9740.830063819885,-17.320215702056885,0.0,46.09256982803345,-11.645853519439697
1,1083,10.83,8719.39241886139,10000.0,8455.144762992859,9728.111326694489,-19.652843475341797,0.0,41.2026047706604,-12.718737125396729
1,1084,10.84,8697.874248027802,10000.0,8491.118252277374,9714.36321735382,-21.518170833587646,0.0,35.97348928451538,-13.748109340667725
1,1085,10.85,8674.895465373993,10000.0,8521.643280982971,9699.647426605225,-22.978782653808594,0.0,30.525028705596924,-14.715790748596191
1,1086,10.86,8650.791049003601,10000.0,8546.626269817352,9684.047102928162,-24.104416370391846,0.0,24.982988834381104,-15.600323677062988
1,1087,10.870000000000001,8625.822961330414,10000.0,8566.093146800995,9667.665362358093,-24.968087673187256,0.0,19.466876983642578,-16.38174057006836
1,1088,10.88,8600.187599658966,10000.0,8580.180406570435,9650.623798370361,-25.635361671447754,0.0,14.087259769439697,-17.041563987731934
1,1089,10.89,8574.022948741913,10000.0,8589.116930961609,9633.051753044128,-26.164650917053223,0.0,8.936524391174316,-17.57204532623291
1,1090,10.9,8547.420799732208,10000.0,8593.206703662872,9615.092277526855,-26.60214900970459,0.0,4.089772701263428,-17.95947551727295
1,1091,10.91,8520.434498786926,10000.0,8592.813313007355,9596.891105175018,-26.986300945281982,0.0,-0.3933906555175781,-18.201172351837158
1,1092,10.92,8493.09355020523,10000.0,8588.33760023117,9578.597247600555,-27.340948581695557,0.0,-4.475712776184082,-18.29385757446289
1,1093,10.93,8465.406000614166,10000.0,8580.208122730255,9560.355842113495,-27.687549591064453,0.0,-8.129477500915527,-18.241405487060547
1,1094,10.94,8437.369167804718,10000.0,8568.865060806274,9542.30546951294,-28.036832809448242,0.0,-11.343061923980713,-18.05037260055542
1,1095,10.950000000000001,8408.972918987274,10000.0,8554.750382900238,9524.572789669037,-28.396248817443848,0.0,-14.114677906036377,-17.732679843902588
1,1096,10.96,8380.20771741867,10000.0,8538.298904895782,9507.26866722107,-28.765201568603516,0.0,-16.451478004455566,-17.30412244796753
1,1097,10.97,8351.07147693634,10000.0,8519.926071166992,9490.48787355423,-29.136240482330322,0.0,-18.372833728790283,-16.7807936668396
1,1098,10.98,8321.57701253891,10000.0,8500.02110004425,9474.30819272995,-29.49446439743042,0.0,-19.9049711227417,-16.179680824279785
1,1099,10.99,8291.759490966797,10000.0,8478.944599628448,9458.7904214859,-29.817521572113037,0.0,-21.076500415802002,-15.517771244049072
1,1100,11.0,8261.674642562866,10000.0,8457.023799419403,9443.981945514679,-30.084848403930664,0.0,-21.92080020904541,-14.808475971221924
1,1101,11.01,8231.399953365326,10000.0,8434.553146362305,9429.917931556702,-30.274689197540283,0.0,-22.47065305709839,-14.064013957977295
1,1102,11.02,8201.029002666473,10000.0,8411.796391010284,9416.619837284088,-30.37095069885254,0.0,-22.756755352020264,-13.298094272613525
1,1103,11.03,8170.6660985946655,10000.0,8388.985395431519,9404.100477695465,-30.36290407180786,0.0,-22.81099557876587,-12.519359588623047
1,1104,11.040000000000001,8140.423595905304,10000.0,8366.331458091736,9392.369091510773,-30.242502689361572,0.0,-22.653937339782715,-11.731386184692383
1,1105,11.05,8110.418617725372,10000.0,8344.016969203949,9381.42865896225,-30.00497817993164,0.0,-22.314488887786865,-10.94043254852295
1,1106,11.06,8080.7724595069885,10000.0,8322.202265262604,9371.275007724762,-29.64615821838379,0.0,-21.814703941345215,-10.153651237487793
1,1107,11.07,8051.6088008880615,10000.0,8301.023542881012,9361.894726753235,-29.163658618927002,0.0,-21.178722381591797,-9.3802809715271
1,1108,11.08,8023.054897785187,10000.0,8280.593454837799,9353.268146514893,-28.553903102874756,0.0,-20.43008804321289,-8.626580238342285
1,1109,11.09,7995.234727859497,10000.0,8261.004984378815,9345.365464687347,-27.820169925689697,0.0,-19.588470458984375,-7.902681827545166
1,1110,11.1,7968.263030052185,10000.0,8242.335319519043,9338.14913034439,-26.97169780731201,0.0,-18.66966485977173,-7.216334342956543
1,1111,11.11,7942.241728305817,10000.0,8224.648237228394,9331.57354593277,-26.021301746368408,0.0,-17.687082290649414,-6.575584411621094
1,1112,11.120000000000001,7917.263209819794,10000.0,8207.996487617493,9325.586259365082,-24.97851848602295,0.0,-16.65174961090088,-5.987286567687988
1,1113,11.13,7893.405556678772,10000.0,8192.42149591446,9320.127964019775,-23.85765314102173,0.0,-15.574991703033447,-5.4582953453063965
1,1114,11.14,7870.738804340363,10000.0,8177.954256534576,9315.135180950165,-22.666752338409424,0.0,-14.467239379882812,-4.992783069610596
1,1115,11.15,7849.320769309998,10000.0,8164.618611335754,9310.539364814758,-21.41803503036499,0.0,-13.335645198822021,-4.595816135406494
1,1116,11.16,7829.199731349945,10000.0,8152.426481246948,9306.264221668243,-20.12103796005249,0.0,-12.192130088806152,-4.275143146514893
1,1117,11.17,7810.415029525757,10000.0,8141.382038593292,9302.233159542084,-18.784701824188232,0.0,-11.044442653656006,-4.031062126159668
1,1118,11.18,7792.997062206268,10000.0,8131.480515003204,9298.363626003265,-17.417967319488525,0.0,-9.90152359008789,-3.8695335388183594
1,1119,11.19,7776.964008808136,10000.0,8122.7099895477295,9294.56889629364,-16.033053398132324,0.0,-8.770525455474854,-3.794729709625244
1,1120,11.200000000000001,7762.327492237091,9967.228770256042,8115.055859088898,9290.761351585388,-14.636516571044922,-32.77122974395752,-7.654130458831787,-3.807544708251953
1,1121,11.21,7748.861014842987,9921.509325504303,8108.436763286591,9285.323023796082,-13.466477394104004,-45.7194447517395,-6.619095802307129,-5.438327789306641
1,1122,11.22,7736.576795578003,9881.5056681633,8102.991878986359,9276.348650455475,-12.28421926498413,-40.00365734100342,-5.444884300231934,-8.97437334060669
1,1123,11.23,7725.735008716583,9848.44982624054,8098.953366279602,9262.82912492752,-10.841786861419678,-33.05584192276001,-4.038512706756592,-13.519525527954102
1,1124,11.24,7716.381549835205,9822.441935539246,8096.348345279694,9244.52394247055,-9.353458881378174,-26.007890701293945,-2.6050209999084473,-18.305182456970215
1,1125,11.25,7708.637118339539,9802.755415439606,8094.993531703949,9221.941828727722,-7.744431495666504,-19.686520099639893,-1.354813575744629,-22.58211374282837
1,1126,11.26,7702.860534191132,9788.285195827484,8094.618320465088,9196.169078350067,-5.776584148406982,-14.470219612121582,-0.375211238861084,-25.77275037765503
1,1127,11.27,7699.359953403473,9777.86272764206,8095.051348209381,9168.53278875351,-3.5005807876586914,-10.422468185424805,0.4330277442932129,-27.636289596557617
1,1128,11.28,7698.106467723846,9770.465195178986,8096.346855163574,9140.268862247467,-1.2534856796264648,-7.3975324630737305,1.2955069541931152,-28.26392650604248
1,1129,11.290000000000001,7698.6923813819885,9765.31833410263,8098.751604557037,9112.291634082794,0.5859136581420898,-5.1468610763549805,2.4047493934631348,-27.97722816467285
1,1130,11.3,7700.510025024414,9761.936068534851,8102.562129497528,9085.107147693634,1.817643642425537,-3.382265567779541,3.8105249404907227,-27.184486389160156
1,1131,11.31,7703.044712543488,9760.092794895172,8107.947409152985,9058.85636806488,2.5346875190734863,-1.843273639678955,5.385279655456543,-26.250779628753662
1,1132,11.32,7706.087529659271,9759.742617607117,8114.829957485199,9033.437669277191,3.0428171157836914,-0.3501772880554199,6.8825483322143555,-25.41869878768921
1,1133,11.33,7709.752321243286,9760.890007019043,8122.876584529877,9008.637070655823,3.6647915840148926,1.1473894119262695,8.046627044677734,-24.800598621368408
1,1134,11.34,7714.310586452484,9763.45956325531,8131.596148014069,8984.23820734024,4.558265209197998,2.56955623626709,8.719563484191895,-24.398863315582275
1,1135,11.35,7719.961702823639,9767.232537269592,8140.504360198975,8960.075378417969,5.651116371154785,3.7729740142822266,8.908212184906006,-24.16282892227173
1,1136,11.36,7726.680636405945,9771.873652935028,8149.25342798233,8936.046361923218,6.718933582305908,4.641115665435791,8.749067783355713,-24.029016494750977
1,1137,11.370000000000001,7734.203934669495,9777.007699012756,8157.690465450287,8912.090957164764,7.523298263549805,5.1340460777282715,8.437037467956543,-23.95540475845337
1,1138,11.38,7742.13433265686,9782.306253910065,8165.819942951202,8888.161480426788,7.930397987365723,5.29855489730835,8.129477500915527,-23.929476737976074
1,1139,11.39,7750.093042850494,9787.51689195633,8173.704743385315,8864.201605319977,7.958710193634033,5.210638046264648,7.884800434112549,-23.959875106811523
1,1140,11.4,7757.823765277863,9792.432188987732,8181.3618540763855,8840.14517068863,7.730722427368164,4.915297031402588,7.657110691070557,-24.056434631347656
1,1141,11.41,7765.20162820816,9796.83518409729,8188.699781894684,8815.920650959015,7.377862930297852,4.4029951095581055,7.33792781829834,-24.224519729614258
1,1142,11.42,7772.180736064911,9800.450503826141,8195.513784885406,8791.459798812866,6.979107856750488,3.6153197288513184,6.814002990722656,-24.46085214614868
1,1143,11.43,7778.707444667816,9802.934229373932,8201.530873775482,8766.69704914093,6.526708602905273,2.4837255477905273,6.017088890075684,-24.762749671936035
1,1144,11.44,7784.662246704102,9803.9111495018,8206.464350223541,8741.553723812103,5.9548020362854,0.9769201278686523,4.933476448059082,-25.143325328826904
1,1145,11.450000000000001,7789.8553013801575,9803.022146224976,8210.053741931915,8715.927600860596,5.193054676055908,-0.8890032768249512,3.5893917083740234,-25.62612295150757
1,1146,11.46,7794.053256511688,9799.95846748352,8212.080597877502,8689.677715301514,4.197955131530762,-3.063678741455078,2.026855945587158,-26.24988555908203
1,1147,11.47,7797.020375728607,9794.460535049438,8212.352693080902,8662.62674331665,2.9671192169189453,-5.497932434082031,0.2720952033996582,-27.05097198486328
1,1148,11.48,7798.54953289032,9786.291718482971,8210.685849189758,8634.577989578247,1.5291571617126465,-8.168816566467285,-1.6668438911437988,-28.04875373840332
1,1149,11.49,7798.466980457306,9775.206744670868,8206.888735294342,8605.33207654953,-0.08255243301391602,-11.084973812103271,-3.7971138954162598,-29.24591302871704
1,1150,11.5,7796.626091003418,9760.937988758087,8200.759589672089,8574.704229831696,-1.8408894538879395,-14.268755912780762,-6.129145622253418,-30.627846717834473
1,1151,11.51,7792.888581752777,9743.199050426483,8192.102909088135,8542.533218860626,-3.737509250640869,-17.738938331604004,-8.656680583953857,-32.171010971069336
1,1152,11.52,7787.118852138519,9721.715152263641,8180.751204490662,8508.67360830307,-5.7697296142578125,-21.483898162841797,-11.351704597473145,-33.85961055755615
1,1153,11.53,7779.194116592407,9696.264564990997,8166.57692193985,8472.985029220581,-7.9247355461120605,-25.450587272644043,-14.174282550811768,-35.688579082489014
1,1154,11.540000000000001,7769.046723842621,9666.755199432373,8149.459064006805,8435.302674770355,-10.147392749786377,-29.509365558624268,-17.117857933044434,-37.68235445022583
1,1155,11.55,7756.73896074295,9633.300006389618,8129.297196865082,8395.427465438843,-12.30776309967041,-33.45519304275513,-20.161867141723633,-39.87520933151245
1,1156,11.56,7742.473781108856,9596.19015455246,8106.010258197784,8353.138267993927,-14.265179634094238,-37.1098518371582,-23.286938667297363,-42.28919744491577
1,1157,11.57,7726.536393165588,9555.812180042267,8079.5809626579285,8308.240175247192,-15.937387943267822,-40.37797451019287,-26.429295539855957,-44.89809274673462
1,1158,11.58,7709.19531583786,9512.53592967987,8050.09663105011,8260.617852210999,-17.34107732772827,-43.27625036239624,-29.484331607818604,-47.62232303619385
1,1159,11.59,7690.6368136405945,9466.68267250061,8017.773330211639,8210.273683071136,-18.558502197265625,-45.853257179260254,-32.32330083847046,-50.34416913986206
1,1160,11.6,7670.975923538208,9418.540298938751,7982.942759990692,8157.3328375816345,-19.660890102386475,-48.14237356185913,-34.830570220947266,-52.94084548950195
1,1161,11.61,7650.325000286102,9368.433058261871,7946.0301995277405,8102.034628391266,-20.650923252105713,-50.10724067687988,-36.91256046295166,-55.29820919036865
1,1162,11.620000000000001,7628.859579563141,9316.765069961548,7907.5077176094055,8044.7056889534,-21.465420722961426,-51.667988300323486,-38.52248191833496,-57.32893943786621
1,1163,11.63,7606.847584247589,9264.013767242432,7867.858707904816,7985.7441782951355,-22.011995315551758,-52.75130271911621,-39.649009704589844,-58.96151065826416
1,1164,11.64,7584.628462791443,9210.690259933472,7827.554643154144,7925.609052181244,-22.21912145614624,-53.32350730895996,-40.30406475067139,-60.1351261138916
1,1165,11.65,7562.558352947235,9157.291650772095,7787.04971075058,7864.813506603241,-22.070109844207764,-53.39860916137695,-40.50493240356445,-60.79554557800293
1,1166,11.66,7540.96657037735,9104.286134243011,7746.778130531311,7803.908884525299,-21.591782569885254,-53.00551652908325,-40.2715802192688,-60.904622077941895
1,1167,11.67,7520.141899585724,9052.124917507172,7707.14670419693,7743.465900421143,-20.824670791625977,-52.161216735839844,-39.6314263343811,-60.442984104156494
1,1168,11.68,7500.348091125488,9001.263976097107,7668.532431125641,7684.057652950287,-19.793808460235596,-50.8609414100647,-38.61427307128906,-59.40824747085571
1,1169,11.69,7481.843084096909,8952.175676822662,7631.264925003052,7626.238465309143,-18.505007028579712,-49.08829927444458,-37.26750612258911,-57.8191876411438
1,1170,11.700000000000001,7464.8793041706085,8905.330896377563,7595.61151266098,7570.5286860466,-16.96377992630005,-46.84478044509888,-35.65341234207153,-55.709779262542725
1,1171,11.71,7449.692338705063,8861.171305179596,7561.773955821991,7517.412602901459,-15.186965465545654,-44.15959119796753,-33.83755683898926,-53.1160831451416
1,1172,11.72,7436.481714248657,8820.081055164337,7529.883980751038,7467.332482337952,-13.21062445640564,-41.09025001525879,-31.88997507095337,-50.08012056350708
1,1173,11.73,7425.393760204315,8782.374560832977,7500.0059604644775,7420.683801174164,-11.087954044342041,-37.70649433135986,-29.87802028656006,-46.64868116378784
1,1174,11.74,7416.524440050125,8748.314082622528,7472.151070833206,7377.810776233673,-8.869320154190063,-34.06047821044922,-27.854889631271362,-42.87302494049072
1,1175,11.75,7409.929037094116,8718.123733997345,7446.279078722,7338.998764753342,-6.595402956008911,-30.190348625183105,-25.871992111206055,-38.81201148033142
1,1176,11.76,7405.638247728348,8692.004382610321,7422.3096668720245,7304.470390081406,-4.290789365768433,-26.119351387023926,-23.969411849975586,-34.528374671936035
1,1177,11.77,7403.6625027656555,8670.128881931305,7400.125116109848,7274.3891179561615,-1.9757449626922607,-21.875500679016113,-22.184550762176514,-30.08127212524414
1,1178,11.78,7403.99032831192,8652.638494968414,7379.5850574970245,7248.863577842712,0.32782554626464844,-17.490386962890625,-20.540058612823486,-25.525540113449097
1,1179,11.790000000000001,7406.582236289978,8639.624416828156,7360.5285584926605,7227.9539704322815,2.5919079780578613,-13.014078140258789,-19.056499004364014,-20.909607410430908
1,1180,11.8,7411.370575428009,8631.13522529602,7342.789024114609,7211.683243513107,4.788339138031006,-8.48919153213501,-17.739534378051758,-16.270726919174194
1,1181,11.81,7418.266236782074,8627.181351184845,7326.199263334274,7200.040519237518,6.895661354064941,-3.953874111175537,-16.589760780334473,-11.64272427558899
1,1182,11.82,7427.168488502502,8627.74521112442,7310.600578784943,7192.989885807037,8.902251720428467,0.5638599395751953,-15.598684549331665,-7.050633430480957
1,1183,11.83,7437.971532344818,8632.788062095642,7295.844107866287,7190.476357936859,10.803043842315674,5.042850971221924,-14.756470918655396,-2.5135278701782227
1,1184,11.84,7450.570464134216,8642.245829105377,7281.791120767593,7192.427963018417,12.598931789398193,9.457767009735107,-14.052987098693848,1.9516050815582275
1,1185,11.85,7464.8517370224,8656.02731704712,7268.320322036743,7198.762595653534,14.281272888183594,13.781487941741943,-13.47079873085022,6.334632635116577
1,1186,11.86,7480.697482824326,8674.010336399078,7255.32665848732,7209.39427614212,15.84574580192566,17.98301935195923,-12.993663549423218,10.631680488586426
1,1187,11.870000000000001,7497.982531785965,8696.046471595764,7242.722660303116,7224.234342575073,17.285048961639404,22.03613519668579,-12.603998184204102,14.84006643295288
1,1188,11.88,7516.5727734565735,8721.962869167328,7230.4388880729675,7243.193686008453,18.59024167060852,25.91639757156372,-12.283772230148315,18.959343433380127
1,1189,11.89,7536.323666572571,8751.569092273712,7218.43346953392,7266.186624765396,19.750893115997314,29.606223106384277,-12.005418539047241,22.99293875694275
1,1190,11.9,7557.089924812317,8784.660696983337,7206.675559282303,7293.120920658112,20.766258239746094,33.091604709625244,-11.757910251617432,26.934295892715454
1,1191,11.91,7578.733563423157,8821.01982831955,7195.135802030563,7323.894500732422,21.643638610839844,36.35913133621216,-11.539757251739502,30.773580074310303
1,1192,11.92,7601.131796836853,8860.414326190948,7183.782011270523,7358.397841453552,22.39823341369629,39.394497871398926,-11.353790760040283,34.50334072113037
1,1193,11.93,7624.170482158661,8902.597725391388,7172.585725784302,7396.513819694519,23.03868532180786,42.18339920043945,-11.196285486221313,38.1159782409668
1,1194,11.94,7647.736966609955,8947.305381298065,7161.524593830109,7438.121140003204,23.566484451293945,44.707655906677246,-11.061131954193115,41.6073203086853
1,1195,11.950000000000001,7671.71710729599,8994.264900684357,7150.58758854866,7483.092546463013,23.980140686035156,46.959519386291504,-10.937005281448364,44.97140645980835
1,1196,11.96,7695.989012718201,9043.203890323639,7139.781713485718,7531.292736530304,24.271905422210693,48.93898963928223,-10.805875062942505,48.20019006729126
1,1197,11.97,7720.433175563812,9093.852937221527,7129.129618406296,7582.581043243408,24.444162845611572,50.649046897888184,-10.652095079421997,51.28830671310425
1,1198,11.98,7744.932472705841,9145.945310592651,7118.665426969528,7636.809051036835,24.49929714202881,52.09237337112427,-10.464191436767578,54.228007793426514
1,1199,11.99,7769.3817019462585,9199.220836162567,7108.435481786728,7693.822681903839,24.44922924041748,53.27552556991577,-10.229945182800293,57.013630867004395
1,1200,12.0,7793.686091899872,9253.415167331696,7098.487913608551,7753.467261791229,24.30438995361328,54.19433116912842,-9.94756817817688,59.64457988739014
1,1201,12.01,7817.7610039711,9308.269321918488,7088.879495859146,7815.586626529694,24.074912071228027,54.85415458679199,-9.608417749404907,62.119364738464355
1,1202,12.02,7841.535210609436,9363.531172275543,7079.67683672905,7880.027592182159,23.77420663833618,55.261850357055664,-9.202659130096436,64.44096565246582
1,1203,12.030000000000001,7864.950597286224,9418.962299823761,7070.954442024231,7946.635484695435,23.41538667678833,55.43112754821777,-8.722394704818726,66.60789251327515
1,1204,12.040000000000001,7887.965142726898,9474.347233772278,7062.79531121254,8015.25890827179,23.014545440673828,55.384933948516846,-8.159130811691284,68.62342357635498
1,1205,12.05,7910.554111003876,9529.49434518814,7055.293321609497,8085.74378490448,22.58896827697754,55.14711141586304,-7.5019896030426025,70.48487663269043
1,1206,12.06,7932.711839675903,9584.235846996307,7048.549801111221,8157.936632633209,22.157728672027588,54.741501808166504,-6.743520498275757,72.19284772872925
1,1207,12.07,7954.453527927399,9638.42898607254,7042.673826217651,8231.684863567352,21.74168825149536,54.19313907623291,-5.875974893569946,73.74823093414307
1,1208,12.08,7975.816428661346,9691.955745220184,7037.780433893204,8306.84095621109,21.362900733947754,53.52675914764404,-4.893392324447632,75.1560926437378
1,1209,12.09,7996.858656406403,9744.722843170166,7033.993154764175,8383.257389068604,21.042227745056152,52.76709794998169,-3.7872791290283203,76.41643285751343
1,1210,12.1,8017.663061618805,9796.661138534546,7031.443864107132,8460.79707145691,20.804405212402344,51.93829536437988,-2.549290657043457,77.53968238830566
1,1211,12.11,8038.335144519806,9847.726225852966,7030.269354581833,8539.33036327362,20.672082901000977,51.06508731842041,-1.1745095252990723,78.53329181671143
1,1212,12.120000000000001,8059.00514125824,9897.894561290741,7030.608355998993,8618.731200695038,20.669996738433838,50.16833543777466,0.3390014171600342,79.40083742141724
1,1213,12.13,8079.823553562164,9947.156608104706,7032.603770494461,8698.883354663849,20.81841230392456,49.262046813964844,1.9954144954681396,80.15215396881104
1,1214,12.14,8100.957572460175,9995.515048503876,7036.400884389877,8779.678642749786,21.134018898010254,48.35844039916992,3.7971138954162598,80.7952880859375
1,1215,12.15,8122.59167432785,10000.0,7042.146623134613,8861.019313335419,21.63410186767578,4.484951496124268,5.745738744735718,81.34067058563232
1,1216,12.16,8144.450783729553,10000.0,7050.01637339592,8940.50419330597,21.85910940170288,0.0,7.869750261306763,79.48487997055054
1,1217,12.17,8166.79835319519,10000.0,7060.58070063591,9016.4515376091,22.347569465637207,0.0,10.564327239990234,75.9473443031311
1,1218,12.18,8189.881145954132,10000.0,7074.373215436935,9087.807834148407,23.08279275894165,0.0,13.79251480102539,71.35629653930664
1,1219,12.19,8213.487565517426,10000.0,7091.565728187561,9153.701364994049,23.606419563293457,0.0,17.19251275062561,65.89353084564209
1,1220,12.200000000000001,8237.67215013504,10000.0,7112.147957086563,9213.823974132538,24.184584617614746,0.0,20.582228899002075,60.12260913848877
1,1221,12.21,8262.8133893013,10000.0,7136.009633541107,9268.393218517303,25.141239166259766,0.0,23.861676454544067,54.569244384765625
1,1222,12.22,8289.383947849274,10000.0,7163.016647100449,9318.027794361115,26.570558547973633,0.0,27.00701355934143,49.634575843811035
1,1223,12.23,8317.800760269165,10000.0,7193.029820919037,9363.556802272797,28.416812419891357,0.0,30.013173818588257,45.52900791168213
1,1224,12.24,8348.296880722046,10000.0,7225.908935070038,9405.79891204834,30.49612045288086,0.0,32.87911415100098,42.24210977554321
1,1225,12.25,8380.889296531677,10000.0,7261.516898870468,9445.392489433289,32.59241580963135,0.0,35.6079638004303,39.59357738494873
1,1226,12.26,8415.393829345703,10000.0,7299.72317814827,9482.719004154205,34.50453281402588,0.0,38.206279277801514,37.32651472091675
1,1227,12.27,8451.476991176605,10000.0,7340.402901172638,9517.895579338074,36.0831618309021,0.0,40.679723024368286,35.17657518386841
1,1228,12.280000000000001,8488.71111869812,10000.0,7383.42672586441,9550.825655460358,37.23412752151489,0.0,43.02382469177246,32.930076122283936
1,1229,12.290000000000001,8526.62205696106,10000.0,7428.652793169022,9581.283926963806,37.91093826293945,0.0,45.226067304611206,30.458271503448486
1,1230,12.3,8564.712405204773,10000.0,7475.9237468242645,9609.01141166687,38.09034824371338,0.0,47.27095365524292,27.727484703063965
1,1231,12.31,8602.47403383255,10000.0,7525.063753128052,9633.789360523224,37.7616286277771,0.0,49.14000630378723,24.77794885635376
1,1232,12.32,8639.390468597412,10000.0,7575.884163379669,9655.487835407257,36.91643476486206,0.0,50.82041025161743,21.698474884033203
1,1233,12.33,8674.944341182709,10000.0,7628.183662891388,9674.081802368164,35.55387258529663,0.0,52.29949951171875,18.593966960906982
1,1234,12.34,8708.61440896988,10000.0,7681.749761104584,9689.631760120392,33.67006778717041,0.0,53.5660982131958,15.549957752227783
1,1235,12.35,8739.91072177887,10000.0,7736.354172229767,9702.247083187103,31.29631280899048,0.0,54.604411125183105,12.615323066711426
1,1236,12.36,8768.327534198761,10000.0,7791.75877571106,9712.086021900177,28.416812419891357,0.0,55.404603481292725,9.83893871307373
1,1237,12.370000000000001,8793.313801288605,10000.0,7847.836911678314,9719.416201114655,24.98626708984375,0.0,56.07813596725464,7.330179214477539
1,1238,12.38,8814.279735088348,10000.0,7904.480993747711,9724.551141262054,20.965933799743652,0.0,56.64408206939697,5.134940147399902
1,1239,12.39,8830.702900886536,10000.0,7961.54797077179,9727.833271026611,16.423165798187256,0.0,57.06697702407837,3.2821297645568848
1,1240,12.4,8842.247724533081,10000.0,8018.815815448761,9729.606211185455,11.54482364654541,0.0,57.267844676971436,1.7729401588439941
1,1241,12.41,8848.797380924225,10000.0,8075.948357582092,9730.181396007538,6.549656391143799,0.0,57.1325421333313,0.5751848220825195
1,1242,12.42,8850.449025630951,10000.0,8132.490515708923,9729.805588722229,1.6516447067260742,0.0,56.542158126831055,-0.3758072853088379
1,1243,12.43,8847.470581531525,10000.0,8187.885880470276,9728.64717245102,-2.9784440994262695,0.0,55.39536476135254,-1.1584162712097168
1,1244,12.44,8840.239346027374,10000.0,8241.519629955292,9726.795554161072,-7.231235504150391,0.0,53.63374948501587,-1.8516182899475098
1,1245,12.450000000000001,8829.202353954315,10000.0,8292.761147022247,9724.265038967133,-11.036992073059082,0.0,51.241517066955566,-2.530515193939209
1,1246,12.46,8814.834356307983,10000.0,8341.007232666016,9721.010029315948,-14.367997646331787,0.0,48.24608564376831,-3.255009651184082
1,1247,12.47,8797.613680362701,10000.0,8385.712206363678,9716.946184635162,-17.220675945281982,0.0,44.70497369766235,-4.063844680786133
1,1248,12.48,8778.005838394165,10000.0,8426.412045955658,9711.973667144775,-19.607841968536377,0.0,40.69983959197998,-4.972517490386963
1,1249,12.49,8756.449520587921,10000.0,8462.734520435333,9706.002175807953,-21.556317806243896,0.0,36.32247447967529,-5.97149133682251
1,1250,12.5,8733.347654342651,10000.0,8494.40336227417,9698.972404003143,-23.101866245269775,0.0,31.66884183883667,-7.02977180480957
1,1251,12.51,8709.056675434113,10000.0,8521.244823932648,9690.86468219757,-24.29097890853882,0.0,26.841461658477783,-8.10772180557251
1,1252,12.52,8683.885037899017,10000.0,8543.180525302887,9681.706428527832,-25.171637535095215,0.0,21.935701370239258,-9.15825366973877
1,1253,12.530000000000001,8658.075034618378,10000.0,8560.22983789444,9671.560227870941,-25.81000328063965,0.0,17.049312591552734,-10.14620065689087
1,1254,12.540000000000001,8631.813526153564,10000.0,8572.507798671722,9660.519659519196,-26.261508464813232,0.0,12.277960777282715,-11.040568351745605
1,1255,12.55,8605.225384235382,10000.0,8580.207526683807,9648.690521717072,-26.588141918182373,0.0,7.699728012084961,-11.829137802124023
1,1256,12.56,8578.386008739471,10000.0,8583.596050739288,9636.18665933609,-26.839375495910645,0.0,3.388524055480957,-12.503862380981445
1,1257,12.57,8551.333248615265,10000.0,8582.989275455475,9623.12400341034,-27.052760124206543,0.0,-0.6067752838134766,-13.062655925750732
1,1258,12.58,8524.084389209747,10000.0,8578.741252422333,9609.615802764893,-27.248859405517578,0.0,-4.24802303314209,-13.508200645446777
1,1259,12.59,8496.644794940948,10000.0,8571.220934391022,9595.774412155151,-27.439594268798828,0.0,-7.520318031311035,-13.841390609741211
1,1260,12.6,8469.01923418045,10000.0,8560.80412864685,9581.71159029007,-27.625560760498047,0.0,-10.416805744171143,-14.062821865081787
1,1261,12.61,8441.207706928253,10000.0,8547.861874103546,9567.538499832153,-27.811527252197266,0.0,-12.942254543304443,-14.17309045791626
1,1262,12.620000000000001,8413.214981555939,10000.0,8532.755672931671,9553.364515304565,-27.992725372314453,0.0,-15.106201171875,-14.17398452758789
1,1263,12.63,8385.04284620285,10000.0,8515.836298465729,9539.294838905334,-28.17213535308838,0.0,-16.919374465942383,-14.069676399230957
1,1264,12.64,8356.690108776093,10000.0,8497.441709041595,9525.427520275116,-28.352737426757812,0.0,-18.3945894241333,-13.867318630218506
1,1265,12.65,8328.1609416008,10000.0,8477.892279624939,9511.851966381073,-28.52916717529297,0.0,-19.549429416656494,-13.575553894042969
1,1266,12.66,8299.467861652374,10000.0,8457.485437393188,9498.647153377533,-28.693079948425293,0.0,-20.40684223175049,-13.204813003540039
1,1267,12.67,8270.636796951294,10000.0,8436.497449874878,9485.880434513092,-28.831064701080322,0.0,-20.987987518310547,-12.766718864440918
1,1268,12.68,8241.715133190155,10000.0,8415.178656578064,9473.613798618317,-28.921663761138916,0.0,-21.318793296813965,-12.26663589477539
1,1269,12.69,8212.76992559433,10000.0,8393.746018409729,9461.89433336258,-28.945207595825195,0.0,-21.43263816833496,-11.719465255737305
1,1270,12.700000000000001,8183.880150318146,10000.0,8372.39295244217,9450.761377811432,-28.889775276184082,0.0,-21.353065967559814,-11.132955551147461
1,1271,12.71,8155.13551235199,10000.0,8351.283073425293,9440.240859985352,-28.744637966156006,0.0,-21.10987901687622,-10.520517826080322
1,1272,12.72,8126.629590988159,10000.0,8330.56390285492,9430.350959300995,-28.505921363830566,0.0,-20.719170570373535,-9.88990068435669
1,1273,12.73,8098.457753658295,10000.0,8310.36239862442,9421.10151052475,-28.171837329864502,0.0,-20.201504230499268,-9.249448776245117
1,1274,12.74,8070.708513259888,10000.0,8290.794789791107,9412.499368190765,-27.749240398406982,0.0,-19.56760883331299,-8.602142333984375
1,1275,12.75,8043.472170829773,10000.0,8271.966576576233,9404.54751253128,-27.236342430114746,0.0,-18.828213214874268,-7.951855659484863
1,1276,12.76,8016.837537288666,10000.0,8253.970444202423,9397.248327732086,-26.634633541107178,0.0,-17.996132373809814,-7.299184799194336
1,1277,12.77,7990.896701812744,10000.0,8236.879408359528,9390.596747398376,-25.94083547592163,0.0,-17.091035842895508,-6.651580333709717
1,1278,12.780000000000001,7965.74205160141,10000.0,8220.753967761993,9384.577870368958,-25.15465021133423,0.0,-16.12544059753418,-6.018877029418945
1,1279,12.790000000000001,7941.464483737946,10000.0,8205.637633800507,9379.168450832367,-24.277567863464355,0.0,-15.116333961486816,-5.409419536590576
1,1280,12.8,7918.148934841156,10000.0,8191.563785076141,9374.334812164307,-23.31554889678955,0.0,-14.073848724365234,-4.833638668060303
1,1281,12.81,7895.8675265312195,10000.0,8178.5571575164795,9370.034635066986,-22.281408309936523,0.0,-13.006627559661865,-4.300177097320557
1,1282,12.82,7874.681055545807,10000.0,8166.638016700745,9366.218149662018,-21.186470985412598,0.0,-11.919140815734863,-3.8164854049682617
1,1283,12.83,7854.641377925873,10000.0,8155.818283557892,9362.825453281403,-20.039677619934082,0.0,-10.819733142852783,-3.3926963806152344
1,1284,12.84,7835.793197154999,10000.0,8146.109879016876,9359.794557094574,-18.848180770874023,0.0,-9.708404541015625,-3.0308961868286133
1,1285,12.85,7818.173766136169,10000.0,8137.516975402832,9357.057511806488,-17.619431018829346,0.0,-8.59290361404419,-2.7370452880859375
1,1286,12.86,7801.814675331116,10000.0,8130.040764808655,9354.542791843414,-16.35909080505371,0.0,-7.476210594177246,-2.5147199630737305
1,1287,12.870000000000001,7786.74304485321,9986.564815044403,8123.676478862762,9352.175295352936,-15.071630477905273,-13.435184955596924,-6.364285945892334,-2.3674964904785156
1,1288,12.88,7772.87632226944,9940.659403800964,8118.400275707245,9349.260926246643,-13.866722583770752,-45.90541124343872,-5.276203155517578,-2.9143691062927246
1,1289,12.89,7760.019898414612,9899.57869052887,8114.241659641266,9343.731105327606,-12.85642385482788,-41.08071327209473,-4.158616065979004,-5.529820919036865
1,1290,12.9,7748.359143733978,9864.948987960815,8111.4619970321655,9334.245324134827,-11.660754680633545,-34.6297025680542,-2.779662609100342,-9.485781192779541
1,1291,12.91,7738.0794286727905,9837.360382080078,8110.194206237793,9320.319592952728,-10.279715061187744,-27.588605880737305,-1.2677907943725586,-13.925731182098389
1,1292,12.92,7729.238867759705,9816.399216651917,8110.3140115737915,9302.1360039711,-8.840560913085938,-20.96116542816162,0.11980533599853516,-18.183588981628418
1,1293,12.93,7722.184956073761,9801.117181777954,8111.553490161896,9280.565679073334,-7.0539116859436035,-15.282034873962402,1.239478588104248,-21.570324897766113
1,1294,12.94,7717.3614501953125,9790.370166301727,8113.668262958527,9256.844818592072,-4.823505878448486,-10.747015476226807,2.1147727966308594,-23.720860481262207
1,1295,12.950000000000001,7714.935839176178,9783.051013946533,8116.613328456879,9232.255518436432,-2.4256110191345215,-7.319152355194092,2.945065498352051,-24.58930015563965
1,1296,12.96,7714.65927362442,9778.261482715607,8120.586276054382,9207.84443616867,-0.2765655517578125,-4.789531230926514,3.972947597503662,-24.41108226776123
1,1297,12.97,7715.970873832703,9775.390923023224,8125.917315483093,9184.276461601257,1.3116002082824707,-2.8705596923828125,5.3310394287109375,-23.56797456741333
1,1298,12.98,7718.284428119659,9774.141013622284,8132.895529270172,9161.82667016983,2.313554286956787,-1.2499094009399414,6.978213787078857,-22.449791431427002
1,1299,12.99,7721.26704454422,9774.471819400787,8141.607940196991,9140.471518039703,2.982616424560547,0.33080577850341797,8.712410926818848,-21.355152130126953
1,1300,13.0,7724.948525428772,9776.475429534912,8151.876330375671,9120.024740695953,3.681480884552002,2.003610134124756,10.26839017868042,-20.44677734375
1,1301,13.01,7729.619145393372,9780.227541923523,8163.304626941681,9100.252091884613,4.670619964599609,3.75211238861084,11.428296566009521,-19.772648811340332
1,1302,13.02,7735.603749752045,9785.673320293427,8175.427317619324,9080.95806837082,5.984604358673096,5.4457783699035645,12.122690677642822,-19.294023513793945
1,1303,13.030000000000001,7743.050456047058,9792.613089084625,8187.867701053619,9062.011539936066,7.446706295013428,6.9397687911987305,12.440383434295654,-18.946528434753418
1,1304,13.040000000000001,7751.858234405518,9800.759255886078,8200.433254241943,9043.34157705307,8.807778358459473,8.146166801452637,12.565553188323975,-18.669962882995605
1,1305,13.05,7761.725187301636,9809.830486774445,8213.12814950943,9024.911522865295,9.866952896118164,9.0712308883667,12.694895267486572,-18.430054187774658
1,1306,13.06,7772.299349308014,9819.612205028534,8226.06772184372,9006.69127702713,10.574162006378174,9.781718254089355,12.93957233428955,-18.220245838165283
1,1307,13.07,7783.306837081909,9829.954504966736,8239.376246929169,8988.645374774933,11.007487773895264,10.342299938201904,13.308525085449219,-18.045902252197266
1,1308,13.08,7794.614136219025,9840.727746486664,8253.085315227509,8970.734179019928,11.307299137115479,10.773241519927979,13.709068298339844,-17.911195755004883
1,1309,13.09,7806.196808815002,9851.760864257812,8267.104923725128,8952.91656255722,11.582672595977783,11.033117771148682,14.019608497619629,-17.81761646270752
1,1310,13.1,7818.062603473663,9862.814843654633,8281.237483024597,8935.149908065796,11.865794658660889,11.053979396820068,14.132559299468994,-17.76665449142456
1,1311,13.11,7830.177843570709,9873.592555522919,8295.232355594635,8917.384445667267,12.115240097045898,10.777711868286133,13.994872570037842,-17.765462398529053
1,1312,13.120000000000001,7842.424511909485,9883.780479431152,8308.83264541626,8899.545073509216,12.246668338775635,10.187923908233643,13.600289821624756,-17.839372158050537
1,1313,13.13,7854.6130657196045,9893.08476448059,8321.809470653534,8881.521821022034,12.188553810119629,9.304285049438477,12.97682523727417,-18.023252487182617
1,1314,13.14,7866.508364677429,9901.23838186264,8333.955705165863,8863.16329240799,11.895298957824707,8.15361738204956,12.146234512329102,-18.35852861404419
1,1315,13.15,7877.875864505768,9907.98830986023,8345.063030719757,8844.288289546967,11.367499828338623,6.749927997589111,11.107325553894043,-18.87500286102295
1,1316,13.16,7888.499796390533,9913.063049316406,8354.90107536316,8824.701607227325,10.623931884765625,5.074739456176758,9.8380446434021,-19.586682319641113
1,1317,13.17,7898.179292678833,9916.144907474518,8363.202512264252,8804.214298725128,9.67949628829956,3.0818581581115723,8.30143690109253,-20.487308502197266
1,1318,13.18,7906.715571880341,9916.857779026031,8369.670510292053,8782.64993429184,8.536279201507568,0.7128715515136719,6.467998027801514,-21.564364433288574
1,1319,13.19,7913.897335529327,9914.789497852325,8373.990952968597,8759.844899177551,7.181763648986816,-2.0682811737060547,4.3204426765441895,-22.80503511428833
1,1320,13.200000000000001,7919.489741325378,9909.515678882599,8375.856578350067,8735.637962818146,5.592405796051025,-5.2738189697265625,1.8656253814697266,-24.206936359405518
1,1321,13.21,7923.243343830109,9900.62803030014,8374.98277425766,8709.858059883118,3.7536025047302246,-8.887648582458496,-0.8738040924072266,-25.779902935028076
1,1322,13.22,7924.909293651581,9887.756705284119,8371.113240718842,8682.315051555634,1.665949821472168,-12.871325016021729,-3.8695335388183594,-27.54300832748413
1,1323,13.23,7924.251854419708,9870.573580265045,8364.019989967346,8652.797937393188,-0.6574392318725586,-17.183125019073486,-7.093250751495361,-29.51711416244507
1,1324,13.24,7921.06032371521,9848.79344701767,8353.507816791534,8621.08200788498,-3.191530704498291,-21.78013324737549,-10.512173175811768,-31.71592950820923
1,1325,13.25,7915.160655975342,9822.176992893219,8339.416980743408,8586.93778514862,-5.899667739868164,-26.616454124450684,-14.09083604812622,-34.14422273635864
1,1326,13.26,7906.418740749359,9790.538549423218,8321.626782417297,8550.13519525528,-8.741915225982666,-31.63844347000122,-17.79019832611084,-36.802589893341064
1,1327,13.27,7894.7848081588745,9753.821194171906,8300.027549266815,8510.43701171875,-11.63393259048462,-36.717355251312256,-21.599233150482178,-39.69818353652954
1,1328,13.280000000000001,7880.351543426514,9712.176322937012,8274.535238742828,8467.594385147095,-14.43326473236084,-41.6448712348938,-25.492310523986816,-42.84262657165527
1,1329,13.290000000000001,7863.370180130005,9665.975272655487,8245.110213756561,8421.350717544556,-16.98136329650879,-46.20105028152466,-29.42502498626709,-46.24366760253906
1,1330,13.3,7844.184935092926,9615.716636180878,8211.81446313858,8371.497094631195,-19.185245037078857,-50.258636474609375,-33.29575061798096,-49.853622913360596
1,1331,13.31,7823.130786418915,9561.921656131744,8174.8563051223755,8317.929804325104,-21.05414867401123,-53.7949800491333,-36.958158016204834,-53.56729030609131
1,1332,13.32,7800.460755825043,9505.076706409454,8134.611248970032,8260.692954063416,-22.67003059387207,-56.84494972229004,-40.24505615234375,-57.23685026168823
1,1333,13.33,7776.3524651527405,9445.646703243256,8091.599941253662,8199.98413324356,-24.108290672302246,-59.43000316619873,-43.01130771636963,-60.708820819854736
1,1334,13.34,7750.990092754364,9384.128749370575,8046.441972255707,8136.147260665894,-25.362372398376465,-61.517953872680664,-45.15796899795532,-63.836872577667236
1,1335,13.35,7724.638879299164,9321.096539497375,7999.802231788635,8069.652020931244,-26.351213455200195,-63.03220987319946,-46.63974046707153,-66.49523973464966
1,1336,13.36,7697.67552614212,9257.194697856903,7952.340543270111,8001.066148281097,-26.963353157043457,-63.90184164047241,-47.46168851852417,-68.58587265014648
1,1337,13.370000000000001,7670.557200908661,9193.093180656433,7904.692590236664,7931.043803691864,-27.118325233459473,-64.10151720046997,-47.647953033447266,-70.0223445892334
1,1338,13.38,7643.759250640869,9129.440486431122,7857.4517369270325,7860.303223133087,-26.797950267791748,-63.65269422531128,-47.24085330963135,-70.74058055877686
1,1339,13.39,7617.717683315277,9066.837131977081,7811.168730258942,7789.609432220459,-26.04156732559204,-62.60335445404053,-46.28300666809082,-70.69379091262817
1,1340,13.4,7592.810392379761,9005.85025548935,7766.342759132385,7719.73729133606,-24.907290935516357,-60.986876487731934,-44.8259711265564,-69.87214088439941
1,1341,13.41,7569.371461868286,8947.03358411789,7723.410725593567,7651.444971561432,-23.43893051147461,-58.81667137145996,-42.93203353881836,-68.29231977462769
1,1342,13.42,7547.708749771118,8890.938460826874,7682.727575302124,7585.444152355194,-21.66271209716797,-56.095123291015625,-40.68315029144287,-66.0008192062378
1,1343,13.43,7528.111636638641,8838.094174861908,7644.553780555725,7522.3857164382935,-19.597113132476807,-52.84428596496582,-38.173794746398926,-63.058435916900635
1,1344,13.44,7510.8402967453,8788.979351520538,7609.047591686249,7462.847828865051,-17.271339893341064,-49.11482334136963,-35.50618886947632,-59.53788757324219
1,1345,13.450000000000001,7496.100068092346,8743.993937969208,7576.267123222351,7407.331764698029,-14.740228652954102,-44.985413551330566,-32.780468463897705,-55.516064167022705
1,1346,13.46,7484.029233455658,8703.451752662659,7546.18763923645,7356.260865926743,-12.070834636688232,-40.54218530654907,-30.07948398590088,-51.07089877128601
1,1347,13.47,7474.700212478638,8667.59568452835,7518.713474273682,7309.972941875458,-9.329020977020264,-35.85606813430786,-27.474164962768555,-46.28792405128479
1,1348,13.48,7468.132972717285,8636.623322963715,7493.6990439891815,7268.722951412201,-6.567239761352539,-30.97236156463623,-25.014430284500122,-41.249990463256836
1,1349,13.49,7464.317232370377,8610.70066690445,7470.956593751907,7232.680767774582,-3.8157403469085693,-25.922656059265137,-22.74245023727417,-36.04218363761902
1,1350,13.5,7463.216185569763,8589.964509010315,7450.272291898727,7201.942205429077,-1.1010468006134033,-20.73615789413452,-20.68430185317993,-30.73856234550476
1,1351,13.51,7464.769780635834,8574.506938457489,7431.4184486866,7176.536023616791,1.5535950660705566,-15.457570552825928,-18.853843212127686,-25.406181812286377
1,1352,13.52,7468.890398740768,8564.368188381195,7414.160966873169,7156.44434094429,4.120618104934692,-10.138750076293945,-17.257481813430786,-20.09168267250061
1,1353,13.530000000000001,7475.466728210449,8559.53425168991,7398.2711136341095,7141.610682010651,6.576329469680786,-4.83393669128418,-15.889853239059448,-14.833658933639526
1,1354,13.540000000000001,7484.367340803146,8559.946417808533,7383.53505730629,7131.952345371246,8.900612592697144,0.41216611862182617,-14.736056327819824,-9.658336639404297
1,1355,13.55,7495.452165603638,8565.51617383957,7369.760423898697,7127.368003129959,11.084824800491333,5.569756031036377,-13.774633407592773,-4.5843422412872314
1,1356,13.56,7508.583068847656,8576.129078865051,7356.775850057602,7127.745598554611,13.130903244018555,10.612905025482178,-12.98457384109497,0.3775954246520996
1,1357,13.57,7523.627579212189,8591.65221452713,7344.433963298798,7132.967412471771,15.04451036453247,15.523135662078857,-12.341886758804321,5.221813917160034
1,1358,13.58,7540.453374385834,8611.919283866882,7332.606464624405,7142.912596464157,16.82579517364502,20.267069339752197,-11.8274986743927,9.945183992385864
1,1359,13.59,7558.928728103638,8636.73985004425,7321.187257766724,7157.4632823467255,18.475353717803955,24.820566177368164,-11.419206857681274,14.55068588256836
1,1360,13.6,7578.918635845184,8665.8975481987,7310.0899159908295,7176.501303911209,19.98990774154663,29.157698154449463,-11.097341775894165,19.038021564483643
1,1361,13.61,7600.28213262558,8699.159026145935,7299.250811338425,7199.9140083789825,21.363496780395508,33.26147794723511,-10.839104652404785,23.412704467773438
1,1362,13.620000000000001,7622.874081134796,8736.278414726257,7288.631051778793,7227.592766284943,22.59194850921631,37.119388580322266,-10.619759559631348,27.678757905960083
1,1363,13.63,7646.545767784119,8777.002692222595,7278.2061994075775,7259.424030780792,23.67168664932251,40.72427749633789,-10.42485237121582,31.83126449584961
1,1364,13.64,7671.156823635101,8821.068704128265,7267.958074808121,7295.287996530533,24.611055850982666,44.066011905670166,-10.248124599456787,35.8639657497406
1,1365,13.65,7696.581184864044,8868.206441402435,7257.862538099289,7335.053980350494,25.42436122894287,47.13773727416992,-10.095536708831787,39.76598381996155
1,1366,13.66,7722.706496715546,8918.13188791275,7247.892767190933,7378.58384847641,26.125311851501465,49.92544651031494,-9.969770908355713,43.52986812591553
1,1367,13.67,7749.422490596771,8970.551192760468,7238.02849650383,7425.735145807266,26.715993881225586,52.419304847717285,-9.864270687103271,47.15129733085632
1,1368,13.68,7776.6153216362,9025.162756443024,7228.257805109024,7476.355880498886,27.19283103942871,54.61156368255615,-9.770691394805908,50.62073469161987
1,1369,13.69,7804.162800312042,9081.663489341736,7218.584716320038,7530.28929233551,27.547478675842285,56.50073289871216,-9.673088788986206,53.933411836624146
1,1370,13.700000000000001,7831.943929195404,9139.75864648819,7209.026515483856,7587.3687863349915,27.781128883361816,58.09515714645386,-9.55820083618164,57.0794939994812
1,1371,13.71,7859.836518764496,9199.155271053314,7199.615091085434,7647.42374420166,27.892589569091797,59.39662456512451,-9.411424398422241,60.0549578666687
1,1372,13.72,7887.726426124573,9259.567260742188,7190.3882920742035,7710.274159908295,27.889907360076904,60.41198968887329,-9.226799011230469,62.85041570663452
1,1373,13.73,7915.50487279892,9320.70791721344,7181.3903748989105,7775.736749172211,27.778446674346924,61.14065647125244,-8.997917175292969,65.46258926391602
1,1374,13.74,7943.073213100433,9382.291436195374,7172.670811414719,7843.6291217803955,27.568340301513672,61.583518981933594,-8.719563484191895,67.89237260818481
1,1375,13.75,7970.341742038727,9444.04274225235,7164.28741812706,7913.766503334045,27.268528938293457,61.75130605697632,-8.383393287658691,70.1373815536499
1,1376,13.76,7997.231483459473,9505.700767040253,7156.304866075516,7985.964119434357,26.88974142074585,61.65802478790283,-7.9825520515441895,72.19761610031128
1,1377,13.77,8023.677170276642,9567.023813724518,7148.797363042831,8060.037791728973,26.44568681716919,61.32304668426514,-7.507503032684326,74.0736722946167
1,1378,13.780000000000001,8049.63082075119,9627.798199653625,7141.84582233429,8135.800659656525,25.95365047454834,60.774385929107666,-6.95154070854187,75.76286792755127
1,1379,13.790000000000001,8075.060248374939,9687.833189964294,7135.541588068008,8213.06586265564,25.42942762374878,60.034990310668945,-6.304234266281128,77.26520299911499
1,1380,13.8,8099.948465824127,9746.964871883392,7129.984498023987,8291.645050048828,24.888217449188232,59.1316819190979,-5.5570900440216064,78.57918739318848
1,1381,13.81,8124.299049377441,9805.057644844055,7125.282287597656,8371.350467205048,24.35058355331421,58.09277296066284,-4.702210426330566,79.70541715621948
1,1382,13.82,8148.1340527534485,9861.99975013733,7121.550738811493,8452.001512050629,23.83500337600708,56.942105293273926,-3.73154878616333,80.65104484558105
1,1383,13.83,8171.500265598297,9917.706549167633,7118.91308426857,8533.421456813812,23.366212844848633,55.706799030303955,-2.6376545429229736,81.4199447631836
1,1384,13.84,8194.468319416046,9972.121119499207,7117.49792098999,8615.444600582123,22.968053817749023,54.414570331573486,-1.415163278579712,82.02314376831055
1,1385,13.85,8217.127919197083,10000.0,7117.438316345215,8697.910010814667,22.659599781036377,27.878880500793457,-0.059604644775390625,82.46541023254395
1,1386,13.86,8239.33869600296,10000.0,7118.882238864899,8779.264986515045,22.210776805877686,0.0,1.443922519683838,81.35497570037842
1,1387,13.870000000000001,8261.066377162933,10000.0,7122.231870889664,8857.055604457855,21.727681159973145,0.0,3.3496320247650146,77.79061794281006
1,1388,13.88,8282.642662525177,10000.0,7128.113657236099,8929.811418056488,21.576285362243652,0.0,5.881786346435547,72.75581359863281
1,1389,13.89,8304.056525230408,10000.0,7136.932015419006,8996.52510881424,21.413862705230713,0.0,8.818358182907104,66.71369075775146
1,1390,13.9,8325.130641460419,10000.0,7148.803621530533,9056.62626028061,21.074116230010986,0.0,11.87160611152649,60.10115146636963
1,1391,13.91,8346.026837825775,10000.0,7163.706123828888,9110.199511051178,20.896196365356445,0.0,14.902502298355103,53.57325077056885
1,1392,13.92,8367.150127887726,10000.0,7181.541472673416,9157.85402059555,21.123290061950684,0.0,17.8353488445282,47.65450954437256
1,1393,13.93,8388.982117176056,10000.0,7202.177494764328,9200.554192066193,21.831989288330078,0.0,20.636022090911865,42.70017147064209
1,1394,13.94,8411.964476108551,10000.0,7225.456535816193,9239.389300346375,22.982358932495117,0.0,23.279041051864624,38.835108280181885
1,1395,13.950000000000001,8436.398804187775,10000.0,7251.200079917908,9275.354444980621,24.434328079223633,0.0,25.743544101715088,35.965144634246826
1,1396,13.96,8462.417125701904,10000.0,7279.232740402222,9309.212565422058,26.01832151412964,0.0,28.032660484313965,33.85812044143677
1,1397,13.97,8489.980101585388,10000.0,7309.405654668808,9341.44139289856,27.562975883483887,0.0,30.172914266586304,32.228827476501465
1,1398,13.98,8518.918752670288,10000.0,7341.596037149429,9372.245967388153,28.938651084899902,0.0,32.19038248062134,30.804574489593506
1,1399,13.99,8548.977077007294,10000.0,7375.711351633072,9401.625096797943,30.058324337005615,0.0,34.11531448364258,29.37912940979004
1,1400,14.0,8579.844236373901,10000.0,7411.678582429886,9429.459273815155,30.867159366607666,0.0,35.967230796813965,27.834177017211914
1,1401,14.01,8611.179888248444,10000.0,7449.429482221603,9455.606043338776,31.335651874542236,0.0,37.75089979171753,26.146769523620605
1,1402,14.02,8642.627894878387,10000.0,7488.894611597061,9479.970335960388,31.448006629943848,0.0,39.465129375457764,24.36429262161255
1,1403,14.030000000000001,8673.818111419678,10000.0,7529.994547367096,9502.53814458847,31.190216541290283,0.0,41.09993577003479,22.567808628082275
1,1404,14.040000000000001,8704.363405704498,10000.0,7572.643160820007,9523.385465145111,30.545294284820557,0.0,42.64861345291138,20.847320556640625
1,1405,14.05,8733.861148357391,10000.0,7616.742253303528,9542.64372587204,29.497742652893066,0.0,44.09909248352051,19.25826072692871
1,1406,14.06,8761.896789073944,10000.0,7662.183344364166,9560.469090938568,28.035640716552734,0.0,45.44109106063843,17.82536506652832
1,1407,14.07,8788.057267665863,10000.0,7708.843648433685,9576.998353004456,26.160478591918945,0.0,46.66030406951904,16.52926206588745
1,1408,14.08,8811.948001384735,10000.0,7756.578028202057,9592.324495315552,23.89073371887207,0.0,47.73437976837158,15.326142311096191
1,1409,14.09,8833.214044570923,10000.0,7805.213630199432,9606.483280658722,21.266043186187744,0.0,48.63560199737549,14.158785343170166
1,1410,14.1,8851.56899690628,10000.0,7854.534685611725,9619.45503950119,18.354952335357666,0.0,49.32105541229248,12.971758842468262
1,1411,14.11,8866.815268993378,10000.0,7904.27953004837,9631.18314743042,15.246272087097168,0.0,49.74484443664551,11.728107929229736
1,1412,14.120000000000001,8878.865540027618,10000.0,7954.133450984955,9641.574323177338,12.050271034240723,0.0,49.85392093658447,10.391175746917725
1,1413,14.13,8887.67033815384,10000.0,8003.753423690796,9650.565087795258,8.804798126220703,0.0,49.619972705841064,8.990764617919922
1,1414,14.14,8893.155753612518,10000.0,8052.90549993515,9658.208787441254,5.485415458679199,0.0,49.15207624435425,7.643699645996094
1,1415,14.15,8895.200788974762,10000.0,8101.388216018677,9664.638340473175,2.0450353622436523,0.0,48.48271608352661,6.429553031921387
1,1416,14.16,8893.71007680893,10000.0,8148.995935916901,9670.041501522064,-1.4907121658325195,0.0,47.60771989822388,5.40316104888916
1,1417,14.17,8888.711929321289,10000.0,8195.484578609467,9674.624502658844,-4.998147487640381,0.0,46.48864269256592,4.583001136779785
1,1418,14.18,8880.364298820496,10000.0,8240.555822849274,9678.562581539154,-8.347630500793457,0.0,45.07124423980713,3.9380788803100586
1,1419,14.19,8868.936002254486,10000.0,8283.847868442535,9681.967198848724,-11.428296566009521,0.0,43.29204559326172,3.4046173095703125
1,1420,14.200000000000001,8854.778110980988,10000.0,8324.958384037018,9684.873223304749,-14.157891273498535,0.0,41.11051559448242,2.90602445602417
1,1421,14.21,8838.272392749786,10000.0,8363.47371339798,9687.239825725555,-16.505718231201172,0.0,38.515329360961914,2.3666024208068848
1,1422,14.22,8819.801807403564,10000.0,8399.003446102142,9688.969552516937,-18.470585346221924,0.0,35.5297327041626,1.729726791381836
1,1423,14.23,8799.724578857422,10000.0,8431.216478347778,9689.936339855194,-20.077228546142578,0.0,32.213032245635986,0.9667873382568359
1,1424,14.24,8778.359591960907,10000.0,8459.858894348145,9690.006971359253,-21.364986896514893,0.0,28.64241600036621,0.07063150405883789
1,1425,14.25,8755.9774518013,10000.0,8484.764397144318,9689.069390296936,-22.382140159606934,0.0,24.905502796173096,-0.9375810623168945
1,1426,14.26,8732.803463935852,10000.0,8505.854606628418,9687.0556473732,-23.173987865447998,0.0,21.090209484100342,-2.0137429237365723
1,1427,14.27,8709.0203166008,10000.0,8523.131906986237,9683.948159217834,-23.78314733505249,0.0,17.277300357818604,-3.1074881553649902
1,1428,14.280000000000001,8684.775233268738,10000.0,8536.666929721832,9679.780304431915,-24.245083332061768,0.0,13.535022735595703,-4.1678547859191895
1,1429,14.290000000000001,8660.186231136322,10000.0,8546.582162380219,9674.623906612396,-24.58900213241577,0.0,9.91523265838623,-5.156397819519043
1,1430,14.3,8635.341823101044,10000.0,8553.0486702919,9668.581783771515,-24.84440803527832,0.0,6.466507911682129,-6.042122840881348
1,1431,14.31,8610.304296016693,10000.0,8556.268513202667,9661.759734153748,-25.037527084350586,0.0,3.2198429107666016,-6.822049617767334
1,1432,14.32,8585.1189494133,10000.0,8556.473553180695,9654.264450073242,-25.185346603393555,0.0,0.20503997802734375,-7.495284080505371
1,1433,14.33,8559.813797473907,10000.0,8553.910553455353,9646.186828613281,-25.30515193939209,0.0,-2.562999725341797,-8.077621459960938
1,1434,14.34,8534.403443336487,10000.0,8548.836410045624,9637.603461742401,-25.410354137420654,0.0,-5.074143409729004,-8.583366870880127
1,1435,14.35,8508.902788162231,10000.0,8541.511595249176,9628.583490848541,-25.50065517425537,0.0,-7.324814796447754,-9.019970893859863
1,1436,14.36,8483.323752880096,10000.0,8532.192409038544,9619.18592453003,-25.57903528213501,0.0,-9.319186210632324,-9.397566318511963
1,1437,14.370000000000001,8457.677960395813,10000.0,8521.129190921783,9609.472155570984,-25.645792484283447,0.0,-11.063218116760254,-9.71376895904541
1,1438,14.38,8431.97911977768,10000.0,8508.566319942474,9599.508345127106,-25.698840618133545,0.0,-12.562870979309082,-9.963810443878174
1,1439,14.39,8406.238853931427,10000.0,8494.738042354584,9589.36482667923,-25.74026584625244,0.0,-13.828277587890625,-10.143518447875977
1,1440,14.4,8380.467593669891,10000.0,8479.869365692139,9579.115808010101,-25.771260261535645,0.0,-14.868676662445068,-10.249018669128418
1,1441,14.41,8354.67278957367,10000.0,8464.177250862122,9568.8396692276,-25.794804096221924,0.0,-15.69211483001709,-10.27613878250122
1,1442,14.42,8328.865468502045,10000.0,8447.864949703217,9558.609426021576,-25.807321071624756,0.0,-16.31230115890503,-10.23024320602417
1,1443,14.43,8303.060531616211,10000.0,8431.122601032257,9548.49660396576,-25.80493688583374,0.0,-16.742348670959473,-10.11282205581665
1,1444,14.44,8277.280628681183,10000.0,8414.125144481659,9538.565576076508,-25.779902935028076,0.0,-16.997456550598145,-9.931027889251709
1,1445,14.450000000000001,8251.55884027481,10000.0,8397.032022476196,9528.876543045044,-25.72178840637207,0.0,-17.093122005462646,-9.689033031463623
1,1446,14.46,8225.940763950348,10000.0,8379.98479604721,9519.480466842651,-25.61807632446289,0.0,-17.047226428985596,-9.396076202392578
1,1447,14.47,8200.47914981842,10000.0,8363.106846809387,9510.41966676712,-25.46161413192749,0.0,-16.877949237823486,-9.060800075531006
1,1448,14.48,8175.233900547028,10000.0,8346.50605916977,9501.72871351242,-25.245249271392822,0.0,-16.60078763961792,-8.690953254699707
1,1449,14.49,8150.266110897064,10000.0,8330.27869462967,9493.434131145477,-24.96778964996338,0.0,-16.227364540100098,-8.29458236694336
1,1450,14.5,8125.637471675873,10000.0,8314.510881900787,9485.557973384857,-24.628639221191406,0.0,-15.767812728881836,-7.876157760620117
1,1451,14.51,8101.404011249542,10000.0,8299.279808998108,9478.112757205963,-24.233460426330566,0.0,-15.231072902679443,-7.445216178894043
1,1452,14.52,8077.623546123505,10000.0,8284.657001495361,9471.105933189392,-23.780465126037598,0.0,-14.622807502746582,-7.006824016571045
1,1453,14.530000000000001,8054.352402687073,10000.0,8270.70564031601,9464.541971683502,-23.271143436431885,0.0,-13.951361179351807,-6.563961505889893
1,1454,14.540000000000001,8031.646311283112,10000.0,8257.484436035156,9458.422064781189,-22.70609140396118,0.0,-13.221204280853271,-6.119906902313232
1,1455,14.55,8009.561896324158,10000.0,8245.043158531189,9452.7468085289,-22.084414958953857,0.0,-12.441277503967285,-5.675256252288818
1,1456,14.56,7988.1551861763,10000.0,8233.42651128769,9447.514712810516,-21.406710147857666,0.0,-11.616647243499756,-5.232095718383789
1,1457,14.57,7967.477738857269,10000.0,8222.672045230865,9442.723393440247,-20.67744731903076,0.0,-10.75446605682373,-4.791319370269775
1,1458,14.58,7947.584688663483,10000.0,8212.809562683105,9438.364505767822,-19.89305019378662,0.0,-9.86248254776001,-4.358887672424316
1,1459,14.59,7928.52908372879,10000.0,8203.856945037842,9434.421956539154,-19.055604934692383,0.0,-8.952617645263672,-3.942549228668213
1,1460,14.6,7910.360395908356,10000.0,8195.829093456268,9430.870115756989,-18.16868782043457,0.0,-8.027851581573486,-3.5518407821655273
1,1461,14.61,7893.123924732208,10000.0,8188.734650611877,9427.671134471893,-17.23647117614746,0.0,-7.094442844390869,-3.198981285095215
1,1462,14.620000000000001,7876.858413219452,10000.0,8182.5777888298035,9424.781799316406,-16.265511512756348,0.0,-6.156861782073975,-2.8893351554870605
1,1463,14.63,7861.5981340408325,10000.0,8177.361190319061,9422.148764133453,-15.260279178619385,0.0,-5.2165985107421875,-2.633035182952881
1,1464,14.64,7847.371399402618,10000.0,8173.087537288666,9419.71868276596,-14.226734638214111,0.0,-4.273653030395508,-2.430081367492676
1,1465,14.65,7834.203243255615,10000.0,8169.75474357605,9417.430460453033,-13.168156147003174,0.0,-3.332793712615967,-2.288222312927246
1,1466,14.66,7822.117209434509,9991.912245750427,8167.362213134766,9415.225684642792,-12.086033821105957,-8.087754249572754,-2.3925304412841797,-2.204775810241699
1,1467,14.67,7811.071276664734,9954.008758068085,8165.898025035858,9412.671625614166,-11.04593276977539,-37.90348768234253,-1.4641880989074707,-2.5540590286254883
1,1468,14.68,7800.85951089859,9920.114576816559,8165.383338928223,9408.046305179596,-10.211765766143799,-33.89418125152588,-0.514686107635498,-4.6253204345703125
1,1469,14.69,7791.621088981628,9891.628623008728,8166.043162345886,9400.199353694916,-9.23842191696167,-28.48595380783081,0.6598234176635742,-7.846951484680176
1,1470,14.700000000000001,7783.523201942444,9869.103133678436,8168.004155158997,9388.69446516037,-8.09788703918457,-22.525489330291748,1.9609928131103516,-11.504888534545898
1,1471,14.71,7776.618599891663,9852.234721183777,8171.162009239197,9373.6332654953,-6.90460205078125,-16.868412494659424,3.1578540802001953,-15.06119966506958
1,1472,14.72,7771.213948726654,9840.253591537476,8175.28635263443,9355.702698230743,-5.404651165008545,-11.98112964630127,4.124343395233154,-17.930567264556885
1,1473,14.73,7767.714560031891,9832.19176530838,8180.153071880341,9335.91514825821,-3.4993886947631836,-8.061826229095459,4.8667192459106445,-19.78754997253418
1,1474,14.74,7766.301333904266,9827.090501785278,8185.703456401825,9315.340220928192,-1.4132261276245117,-5.101263523101807,5.550384521484375,-20.57492733001709
1,1475,14.75,7766.79128408432,9824.140667915344,8192.091286182404,9294.871985912323,0.48995018005371094,-2.949833869934082,6.387829780578613,-20.46823501586914
1,1476,14.76,7768.717706203461,9822.7858543396,8199.59968328476,9275.089800357819,1.926422119140625,-1.354813575744629,7.508397102355957,-19.782185554504395
1,1477,14.77,7771.577835083008,9822.745621204376,8208.494484424591,9256.243407726288,2.860128879547119,-0.04023313522338867,8.894801139831543,-18.84639263153076
1,1478,14.780000000000001,7775.075137615204,9823.989570140839,8218.885362148285,9238.322973251343,3.497302532196045,1.2439489364624023,10.390877723693848,-17.92043447494507
1,1479,14.790000000000001,7779.226005077362,9826.625883579254,8230.654299259186,9221.168160438538,4.150867462158203,2.6363134384155273,11.768937110900879,-17.154812812805176
1,1480,14.8,7784.284353256226,9830.764532089233,8243.493139743805,9204.571545124054,5.058348178863525,4.138648509979248,12.83884048461914,-16.596615314483643
1,1481,14.81,7790.5502915382385,9836.408793926239,8257.015347480774,9188.348352909088,6.2659382820129395,5.644261837005615,13.522207736968994,-16.22319221496582
1,1482,14.82,7798.193395137787,9843.4317111969,8270.896971225739,9172.37013578415,7.64310359954834,7.0229172706604,13.8816237449646,-15.978217124938965
1,1483,14.83,7807.166278362274,9851.616322994232,8284.968733787537,9156.564474105835,8.972883224487305,8.184611797332764,14.071762561798096,-15.805661678314209
1,1484,14.84,7817.244231700897,9860.736429691315,8299.228250980377,9140.89411497116,10.077953338623047,9.12010669708252,14.259517192840576,-15.670359134674072
1,1485,14.85,7828.1426429748535,9870.61619758606,8313.78310918808,9125.332832336426,10.898411273956299,9.879767894744873,14.554858207702637,-15.561282634735107
1,1486,14.86,7839.628458023071,9881.135821342468,8328.758180141449,9109.854102134705,11.485815048217773,10.519623756408691,14.97507095336914,-15.478730201721191
1,1487,14.870000000000001,7851.584851741791,9892.201721668243,8344.210386276245,9094.426333904266,11.956393718719482,11.065900325775146,15.452206134796143,-15.427768230438232
1,1488,14.88,7863.991558551788,9903.688132762909,8360.088169574738,9079.013764858246,12.406706809997559,11.486411094665527,15.877783298492432,-15.412569046020508
1,1489,14.89,7876.8667578697205,9915.418922901154,8376.242220401764,9063.57854604721,12.875199317932129,11.730790138244629,16.154050827026367,-15.435218811035156
1,1490,14.9,7890.201210975647,9927.169382572174,8392.465114593506,9048.07299375534,13.334453105926514,11.750459671020508,16.222894191741943,-15.505552291870117
1,1491,14.91,7903.914153575897,9938.692152500153,8408.536612987518,9032.423496246338,13.712942600250244,11.522769927978516,16.07149839401245,-15.649497509002686
1,1492,14.92,7917.856574058533,9949.746131896973,8424.247801303864,9016.526639461517,13.942420482635498,11.053979396820068,15.711188316345215,-15.896856784820557
1,1493,14.93,7931.828200817108,9960.107505321503,8439.410626888275,9000.243842601776,13.97162675857544,10.36137342453003,15.162825584411621,-16.28279685974121
1,1494,14.94,7945.6159472465515,9969.553053379059,8453.83197069168,8983.40791463852,13.78774642944336,9.445548057556152,14.421343803405762,-16.835927963256836
1,1495,14.950000000000001,7959.015369415283,9977.833330631256,8467.295467853546,8965.84540605545,13.39942216873169,8.280277252197266,13.463497161865234,-17.562508583068848
1,1496,14.96,7971.828281879425,9984.6550822258,8479.547798633575,8947.380185127258,12.812912464141846,6.821751594543457,12.252330780029297,-18.46522092819214
1,1497,14.97,7983.854711055756,9989.665746688843,8490.300476551056,8927.852809429169,12.026429176330566,5.010664463043213,10.752677917480469,-19.5273756980896
1,1498,14.98,7994.8800802230835,9992.469251155853,8499.23551082611,8907.108306884766,11.02536916732788,2.803504467010498,8.935034275054932,-20.744502544403076
1,1499,14.99,8004.661500453949,9992.637038230896,8506.027460098267,8884.995877742767,9.781420230865479,0.1677870750427246,6.791949272155762,-22.11242914199829
1,1500,15.0,8012.933433055878,9989.742934703827,8510.356843471527,8861.351907253265,8.271932601928711,-2.894103527069092,4.329383373260498,-23.643970489501953
1,1501,15.01,8019.417822360992,9983.367025852203,8511.91371679306,8835.994303226471,6.484389305114746,-6.375908851623535,1.5568733215332031,-25.357604026794434
1,1502,15.02,8023.837506771088,9973.117411136627,8510.405123233795,8808.720111846924,4.419684410095215,-10.249614715576172,-1.5085935592651367,-27.27419137954712
1,1503,15.030000000000001,8025.929033756256,9958.62066745758,8505.55270910263,8779.303431510925,2.091526985168457,-14.49674367904663,-4.852414131164551,-29.416680335998535
1,1504,15.040000000000001,8025.451600551605,9939.531981945038,8497.095108032227,8747.507631778717,-0.4774332046508789,-19.088685512542725,-8.457601070404053,-31.795799732208252
1,1505,15.05,8022.189736366272,9915.534853935242,8484.80373620987,8713.093101978302,-3.261864185333252,-23.997128009796143,-12.291371822357178,-34.41452980041504
1,1506,15.06,8015.954792499542,9886.353313922882,8468.489348888397,8675.82380771637,-6.234943866729736,-29.18154001235962,-16.314387321472168,-37.26929426193237
1,1507,15.07,8006.58792257309,9851.768016815186,8448.02349805832,8635.473251342773,-9.366869926452637,-34.58529710769653,-20.465850830078125,-40.35055637359619
1,1508,15.08,7993.957102298737,9811.629354953766,8423.350751399994,8591.83132648468,-12.630820274353027,-40.13866186141968,-24.672746658325195,-43.64192485809326
1,1509,15.09,7977.982461452484,9765.882194042206,8394.491970539093,8544.700145721436,-15.974640846252441,-45.74716091156006,-28.85878086090088,-47.13118076324463
1,1510,15.1,7958.6926102638245,9714.661240577698,8361.499011516571,8493.88062953949,-19.289851188659668,-51.22095346450806,-32.99295902252197,-50.8195161819458
1,1511,15.11,7936.299741268158,9658.35452079773,8324.468731880188,8439.176976680756,-22.392868995666504,-56.30671977996826,-37.03027963638306,-54.70365285873413
1,1512,15.120000000000001,7911.204099655151,9597.57775068283,8283.553719520569,8380.419611930847,-25.095641613006592,-60.77677011489868,-40.91501235961914,-58.75736474990845
1,1513,15.13,7883.90189409256,9533.065259456635,8239.024877548218,8317.530453205109,-27.302205562591553,-64.51249122619629,-44.528841972351074,-62.889158725738525
1,1514,15.14,7854.865491390228,9465.543329715729,8191.311955451965,8250.589668750763,-29.036402702331543,-67.52192974090576,-47.71292209625244,-66.9407844543457
1,1515,15.15,7824.46950674057,9395.682513713837,8141.007125377655,8179.863095283508,-30.395984649658203,-69.86081600189209,-50.3048300743103,-70.72657346725464
1,1516,15.16,7793.0110692977905,9324.124157428741,8088.836967945099,8105.802834033966,-31.45843744277954,-71.55835628509521,-52.17015743255615,-74.06026124954224
1,1517,15.17,7760.793566703796,9251.536428928375,8035.6040596961975,8029.022514820099,-32.21750259399414,-72.58772850036621,-53.23290824890137,-76.78031921386719
1,1518,15.18,7728.204429149628,9178.654849529266,7982.114553451538,7950.257360935211,-32.5891375541687,-72.88157939910889,-53.489506244659424,-78.7651538848877
1,1519,15.19,7695.735394954681,9106.260240077972,7929.128110408783,7870.331108570099,-32.46903419494629,-72.39460945129395,-52.98644304275513,-79.9262523651123
1,1520,15.200000000000001,7663.9339327812195,9035.122692584991,7877.326309680939,7790.129482746124,-31.801462173461914,-71.13754749298096,-51.80180072784424,-80.20162582397461
1,1521,15.21,7633.335888385773,8965.947031974792,7827.295958995819,7710.565030574799,-30.598044395446777,-69.17566061019897,-50.03035068511963,-79.56445217132568
1,1522,15.22,7604.400217533112,8899.353444576263,7779.532968997955,7632.554471492767,-28.935670852661133,-66.59358739852905,-47.76298999786377,-78.01055908203125
1,1523,15.23,7577.499747276306,8835.89506149292,7734.435200691223,7556.971609592438,-26.90047025680542,-63.458383083343506,-45.09776830673218,-75.58286190032959
1,1524,15.24,7552.936971187592,8776.091933250427,7692.302167415619,7484.616637229919,-24.5627760887146,-59.803128242492676,-42.13303327560425,-72.35497236251831
1,1525,15.25,7530.971467494965,8720.446527004242,7653.323709964752,7416.190057992935,-21.965503692626953,-55.6454062461853,-38.9784574508667,-68.42657923698425
1,1526,15.26,7511.831820011139,8669.42673921585,7617.575228214264,7352.27957367897,-19.139647483825684,-51.01978778839111,-35.74848175048828,-63.910484313964844
1,1527,15.27,7495.701611042023,8623.434603214264,7585.024535655975,7293.359637260437,-16.13020896911621,-45.992136001586914,-32.550692558288574,-58.919936418533325
1,1528,15.280000000000001,7482.7030301094055,8582.784235477448,7555.549442768097,7239.799499511719,-12.998580932617188,-40.650367736816406,-29.475092887878418,-53.56013774871826
1,1529,15.290000000000001,7472.882270812988,8547.697365283966,7528.959810733795,7191.869616508484,-9.820759296417236,-35.086870193481445,-26.589632034301758,-47.92988300323486
1,1530,15.3,7466.223835945129,8518.324792385101,7505.019903182983,7149.750590324402,-6.658434867858887,-29.372572898864746,-23.939907550811768,-42.11902618408203
1,1531,15.31,7462.667375802994,8494.777977466583,7483.472973108292,7113.5395765304565,-3.55646014213562,-23.546814918518066,-21.546930074691772,-36.21101379394531
1,1532,15.32,7462.131381034851,8477.143049240112,7464.051991701126,7083.2593739032745,-0.5359947681427002,-17.634928226470947,-19.420981407165527,-30.280202627182007
1,1533,15.33,7464.524060487747,8465.473353862762,7446.49276137352,7058.879882097244,2.392679452896118,-11.669695377349854,-17.5592303276062,-24.379491806030273
1,1534,15.34,7469.741702079773,8459.779918193817,7430.540174245834,7040.327489376068,5.217641592025757,-5.6934356689453125,-15.952587127685547,-18.552392721176147
1,1535,15.35,7477.664053440094,8460.014164447784,7415.957003831863,7027.50563621521,7.922351360321045,0.23424625396728516,-14.583170413970947,-12.821853160858154
1,1536,15.36,7488.150745630264,8466.081023216248,7402.531057596207,7020.300328731537,10.486692190170288,6.066858768463135,-13.425946235656738,-7.205307483673096
1,1537,15.370000000000001,7501.054406166077,8477.843701839447,7390.077859163284,7018.59325170517,12.903660535812378,11.762678623199463,-12.453198432922363,-1.7070770263671875
1,1538,15.38,7516.230046749115,8495.143949985504,7378.439158201218,7022.262811660767,15.17564058303833,17.30024814605713,-11.63870096206665,3.669559955596924
1,1539,15.39,7533.548176288605,8517.811298370361,7367.4823343753815,7031.18771314621,17.318129539489746,22.667348384857178,-10.956823825836182,8.924901485443115
1,1540,15.4,7552.8886914253235,8545.659184455872,7357.097715139389,7045.248746871948,19.34051513671875,27.847886085510254,-10.384619235992432,14.061033725738525
1,1541,15.41,7574.1395354270935,8578.48048210144,7347.194254398346,7064.32968378067,21.25084400177002,32.82129764556885,-9.90346074104309,19.080936908721924
1,1542,15.42,7597.185671329498,8616.048097610474,7337.699681520462,7088.3142948150635,23.046135902404785,37.5676155090332,-9.494572877883911,23.98461103439331
1,1543,15.43,7621.910274028778,8658.113777637482,7328.557074069977,7117.089629173279,24.724602699279785,42.06568002700806,-9.14260745048523,28.775334358215332
1,1544,15.44,7648.194134235382,8704.423606395721,7319.730073213577,7150.54452419281,26.283860206604004,46.309828758239746,-8.827000856399536,33.45489501953125
1,1545,15.450000000000001,7675.909698009491,8754.715621471405,7311.202585697174,7188.56543302536,27.715563774108887,50.292015075683594,-8.527487516403198,38.02090883255005
1,1546,15.46,7704.926431179047,8808.720409870148,7302.971035242081,7231.033593416214,29.016733169555664,54.004788398742676,-8.231550455093384,42.46816039085388
1,1547,15.47,7735.119163990021,8866.158723831177,7295.028418302536,7277.8186202049255,30.19273281097412,57.43831396102905,-7.942616939544678,46.78502678871155
1,1548,15.48,7766.375541687012,8926.737010478973,7287.358939647675,7328.775525093079,31.256377696990967,60.57828664779663,-7.66947865486145,50.956904888153076
1,1549,15.49,7798.587381839752,8990.145921707153,7279.944866895676,7383.752167224884,32.21184015274048,63.40891122817993,-7.414072751998901,54.97664213180542
1,1550,15.5,7831.6450119018555,9056.056141853333,7272.768914699554,7442.586421966553,33.05763006210327,65.9102201461792,-7.175952196121216,58.8342547416687
1,1551,15.51,7865.430414676666,9124.127328395844,7265.81797003746,7505.106627941132,33.78540277481079,68.07118654251099,-6.950944662094116,62.52020597457886
1,1552,15.52,7899.814546108246,9194.010198116302,7259.090840816498,7571.130692958832,34.38413143157959,69.88286972045898,-6.727129220962524,66.0240650177002
1,1553,15.530000000000001,7934.6588253974915,9265.35427570343,7252.599745988846,7640.465497970581,34.844279289245605,71.34407758712769,-6.4910948276519775,69.33480501174927
1,1554,15.540000000000001,7969.821989536285,9337.810575962067,7246.363162994385,7712.9048109054565,35.163164138793945,72.45630025863647,-6.23658299446106,72.43931293487549
1,1555,15.55,8005.162179470062,9411.022365093231,7240.4032945632935,7788.230180740356,35.340189933776855,73.21178913116455,-5.959868431091309,75.3253698348999
1,1556,15.56,8040.538728237152,9484.629333019257,7234.7491979599,7866.215407848358,35.376548767089844,73.60696792602539,-5.654096603393555,77.98522710800171
1,1557,15.57,8075.812757015228,9558.270275592804,7229.43440079689,7946.626245975494,35.27402877807617,73.64094257354736,-5.3147971630096436,80.41083812713623
1,1558,15.58,8110.851943492889,9631.589353084564,7224.495708942413,8029.222190380096,35.03918647766113,73.31907749176025,-4.938691854476929,82.59594440460205
1,1559,15.59,8145.532608032227,9704.247415065765,7219.97931599617,8113.755285739899,34.68066453933716,72.65806198120117,-4.516392946243286,84.53309535980225
1,1560,15.6,8179.7438859939575,9775.92945098877,7215.938121080399,8199.971914291382,34.21127796173096,71.68203592300415,-4.041194915771484,86.21662855148315
1,1561,15.610000000000001,8213.387429714203,9846.349358558655,7212.441861629486,8287.610113620758,33.64354372024536,70.41990756988525,-3.4962594509124756,87.63819932937622
1,1562,15.620000000000001,8246.381282806396,9915.250837802887,7209.566831588745,8376.404643058777,32.9938530921936,68.90147924423218,-2.875030040740967,88.7945294380188
1,1563,15.63,8278.657495975494,9982.410967350006,7207.40333199501,8466.085195541382,32.2762131690979,67.16012954711914,-2.163499593734741,89.68055248260498
1,1564,15.64,8310.169875621796,10000.0,7206.050902605057,8556.379973888397,31.51237964630127,17.589032649993896,-1.3524293899536133,90.29477834701538
1,1565,15.65,8340.466916561127,10000.0,7205.631583929062,8644.314706325531,30.297040939331055,0.0,-0.41931867599487305,87.93473243713379
1,1566,15.66,8369.706273078918,10000.0,7206.7078948020935,8727.09184885025,29.239356517791748,0.0,1.0763108730316162,82.77714252471924
1,1567,15.67,8398.273289203644,10000.0,7210.012972354889,8803.049921989441,28.567016124725342,0.0,3.30507755279541,75.95807313919067
1,1568,15.68,8425.862491130829,10000.0,7215.952426195145,8870.966136455536,27.58920192718506,0.0,5.939453840255737,67.91621446609497
1,1569,15.69,8452.139496803284,10000.0,7224.695980548859,8930.3457736969,26.277005672454834,0.0,8.74355435371399,59.379637241363525
1,1570,15.700000000000001,8477.12516784668,10000.0,7236.25436425209,8981.475532054901,24.985671043395996,0.0,11.558383703231812,51.12975835800171
1,1571,15.71,8501.096963882446,10000.0,7250.535190105438,9025.253057479858,23.9717960357666,0.0,14.280825853347778,43.777525424957275
1,1572,15.72,8524.483144283295,10000.0,7267.366647720337,9062.963128089905,23.38618040084839,0.0,16.83145761489868,37.71007061004639
1,1573,15.73,8547.7414727211,10000.0,7286.499440670013,9096.00168466568,23.258328437805176,0.0,19.132792949676514,33.03855657577515
1,1574,15.74,8571.248352527618,10000.0,7307.635843753815,9125.635921955109,23.506879806518555,0.0,21.13640308380127,29.63423728942871
1,1575,15.75,8595.223426818848,10000.0,7330.488413572311,9152.863919734955,23.975074291229248,0.0,22.852569818496704,27.22799777984619
1,1576,15.76,8619.720041751862,10000.0,7354.825884103775,9178.360402584076,24.496614933013916,0.0,24.337470531463623,25.496482849121094
1,1577,15.77,8644.647896289825,10000.0,7380.493879318237,9202.49491930008,24.927854537963867,0.0,25.66799521446228,24.134516716003418
1,1578,15.780000000000001,8669.821321964264,10000.0,7407.4093997478485,9225.406646728516,25.173425674438477,0.0,26.915520429611206,22.91172742843628
1,1579,15.790000000000001,8695.006966590881,10000.0,7435.540407896042,9247.113764286041,25.18564462661743,0.0,28.13100814819336,21.707117557525635
1,1580,15.8,8719.958364963531,10000.0,7464.876025915146,9267.619252204895,24.951398372650146,0.0,29.335618019104004,20.50548791885376
1,1581,15.81,8744.442164897919,10000.0,7495.403736829758,9286.995530128479,24.483799934387207,0.0,30.527710914611816,19.376277923583984
1,1582,15.82,8768.246471881866,10000.0,7527.096271514893,9305.427074432373,23.804306983947754,0.0,31.692534685134888,18.431544303894043
1,1583,15.83,8791.169226169586,10000.0,7559.916973114014,9323.19849729538,22.922754287719727,0.0,32.820701599121094,17.771422863006592
1,1584,15.84,8813.011944293976,10000.0,7593.816816806793,9340.654015541077,21.84271812438965,0.0,33.89984369277954,17.45551824569702
1,1585,15.85,8833.567500114441,10000.0,7628.745138645172,9358.132183551788,20.555555820465088,0.0,34.928321838378906,17.47816801071167
1,1586,15.860000000000001,8852.606117725372,10000.0,7664.656043052673,9375.905096530914,19.038617610931396,0.0,35.91090440750122,17.772912979125977
1,1587,15.870000000000001,8869.887292385101,10000.0,7701.500058174133,9394.137561321259,17.281174659729004,0.0,36.84401512145996,18.23246479034424
1,1588,15.88,8885.17141342163,10000.0,7739.228308200836,9412.876069545746,15.284121036529541,0.0,37.72825002670288,18.738508224487305
1,1589,15.89,8898.24241399765,10000.0,7777.772843837738,9432.054460048676,13.071000576019287,0.0,38.544535636901855,19.178390502929688
1,1590,15.9,8908.939361572266,10000.0,7817.032635211945,9451.524913311005,10.696947574615479,0.0,39.25979137420654,19.4704532623291
1,1591,15.91,8917.177021503448,10000.0,7856.8702936172485,9471.094906330109,8.237659931182861,0.0,39.837658405303955,19.569993019104004
1,1592,15.92,8922.94853925705,10000.0,7897.098362445831,9490.551948547363,5.771517753601074,0.0,40.228068828582764,19.45704221725464
1,1593,15.93,8926.327526569366,10000.0,7937.49064207077,9509.692788124084,3.3789873123168945,0.0,40.392279624938965,19.14083957672119
1,1594,15.94,8927.455842494965,10000.0,7977.780401706696,9528.328776359558,1.1283159255981445,0.0,40.28975963592529,18.635988235473633
1,1595,15.950000000000001,8926.52302980423,10000.0,8017.681241035461,9546.287059783936,-0.9328126907348633,0.0,39.90083932876587,17.95828342437744
1,1596,15.96,8923.752009868622,10000.0,8056.891858577728,9563.402831554413,-2.77101993560791,0.0,39.210617542266846,17.115771770477295
1,1597,15.97,8919.381201267242,10000.0,8095.112144947052,9579.51694726944,-4.3708086013793945,0.0,38.22028636932373,16.114115715026855
1,1598,15.98,8913.673460483551,10000.0,8132.045567035675,9594.449698925018,-5.707740783691406,0.0,36.93342208862305,14.932751655578613
1,1599,15.99,8906.83889389038,10000.0,8167.41943359375,9608.04969072342,-6.834566593170166,0.0,35.37386655807495,13.599991798400879
1,1600,16.0,8898.974359035492,10000.0,8201.134502887726,9620.281159877777,-7.864534854888916,0.0,33.71506929397583,12.23146915435791
1,1601,16.01,8890.041708946228,10000.0,8233.180046081543,9631.191790103912,-8.932650089263916,0.0,32.04554319381714,10.910630226135254
1,1602,16.02,8879.935443401337,10000.0,8263.591229915619,9640.900790691376,-10.106265544891357,0.0,30.411183834075928,9.709000587463379
1,1603,16.03,8868.59506368637,10000.0,8292.409479618073,9649.579226970673,-11.34037971496582,0.0,28.818249702453613,8.678436279296875
1,1604,16.04,8856.028616428375,10000.0,8319.641649723053,9657.401442527771,-12.566447257995605,0.0,27.23217010498047,7.822215557098389
1,1605,16.05,8842.316269874573,10000.0,8345.245122909546,9664.512574672699,-13.71234655380249,0.0,25.60347318649292,7.1111321449279785
1,1606,16.06,8827.578723430634,10000.0,8369.138240814209,9671.005308628082,-14.737546443939209,0.0,23.893117904663086,6.492733955383301
1,1607,16.07,8811.950981616974,10000.0,8391.218781471252,9676.912426948547,-15.627741813659668,0.0,22.080540657043457,5.907118320465088
1,1608,16.080000000000002,8795.553743839264,10000.0,8411.388397216797,9682.209193706512,-16.39723777770996,0.0,20.169615745544434,5.296766757965088
1,1609,16.09,8778.484761714935,10000.0,8429.57466840744,9686.834514141083,-17.068982124328613,0.0,18.18627119064331,4.6253204345703125
1,1610,16.1,8760.81794500351,10000.0,8445.739150047302,9690.70553779602,-17.66681671142578,0.0,16.16448163986206,3.871023654937744
1,1611,16.11,8742.60812997818,10000.0,8459.879457950592,9693.745076656342,-18.20981502532959,0.0,14.140307903289795,3.039538860321045
1,1612,16.12,8723.898828029633,10000.0,8472.025692462921,9695.8988904953,-18.709301948547363,0.0,12.146234512329102,2.1538138389587402
1,1613,16.13,8704.733550548553,10000.0,8482.228219509125,9697.147905826569,-19.1652774810791,0.0,10.202527046203613,1.2490153312683105
1,1614,16.14,8685.162961483002,10000.0,8490.547835826874,9697.51089811325,-19.570589065551758,0.0,8.319616317749023,0.3629922866821289
1,1615,16.15,8665.238320827484,10000.0,8497.052788734436,9697.035253047943,-19.924640655517578,0.0,6.504952907562256,-0.4756450653076172
1,1616,16.16,8645.012974739075,10000.0,8501.819968223572,9695.788621902466,-20.225346088409424,0.0,4.767179489135742,-1.246631145477295
1,1617,16.17,8624.53430891037,10000.0,8504.92537021637,9693.838953971863,-20.478665828704834,0.0,3.1054019927978516,-1.9496679306030273
1,1618,16.18,8603.841066360474,10000.0,8506.457805633545,9691.247642040253,-20.69324254989624,0.0,1.532435417175293,-2.5913119316101074
1,1619,16.19,8582.960665225983,10000.0,8506.511747837067,9688.060283660889,-20.880401134490967,0.0,0.053942203521728516,-3.1873583793640137
1,1620,16.2,8561.91337108612,10000.0,8505.18673658371,9684.30757522583,-21.04729413986206,0.0,-1.3250112533569336,-3.7527084350585938
1,1621,16.21,8540.719449520111,10000.0,8502.585589885712,9680.010080337524,-21.19392156600952,0.0,-2.601146697998047,-4.297494888305664
1,1622,16.22,8519.404232501984,10000.0,8498.810231685638,9675.186574459076,-21.31521701812744,0.0,-3.775358200073242,-4.823505878448486
1,1623,16.23,8497.992753982544,10000.0,8493.957221508026,9669.85821723938,-21.411478519439697,0.0,-4.853010177612305,-5.328357219696045
1,1624,16.240000000000002,8476.519584655762,10000.0,8488.119542598724,9664.054811000824,-21.473169326782227,0.0,-5.837678909301758,-5.803406238555908
1,1625,16.25,8455.01333475113,10000.0,8481.391966342926,9657.818973064423,-21.50624990463257,0.0,-6.72757625579834,-6.235837936401367
1,1626,16.26,8433.49814414978,10000.0,8473.870754241943,9651.200473308563,-21.515190601348877,0.0,-7.521212100982666,-6.618499755859375
1,1627,16.27,8411.992490291595,10000.0,8465.654850006104,9644.256830215454,-21.505653858184814,0.0,-8.215904235839844,-6.943643093109131
1,1628,16.28,8390.507698059082,10000.0,8456.844687461853,9637.046456336975,-21.484792232513428,0.0,-8.810162544250488,-7.210373878479004
1,1629,16.29,8369.052112102509,10000.0,8447.54308462143,9629.627168178558,-21.455585956573486,0.0,-9.301602840423584,-7.419288158416748
1,1630,16.3,8347.636759281158,10000.0,8437.847793102264,9622.054398059845,-21.415352821350098,0.0,-9.695291519165039,-7.572770118713379
1,1631,16.31,8326.273560523987,10000.0,8427.852094173431,9614.38000202179,-21.36319875717163,0.0,-9.995698928833008,-7.67439603805542
1,1632,16.32,8304.984271526337,10000.0,8417.641520500183,9606.653451919556,-21.289288997650146,0.0,-10.210573673248291,-7.726550102233887
1,1633,16.330000000000002,8283.799290657043,10000.0,8407.29683637619,9598.924815654755,-21.184980869293213,0.0,-10.34468412399292,-7.728636264801025
1,1634,16.34,8262.751996517181,10000.0,8396.88926935196,9591.234922409058,-21.04729413986206,0.0,-10.407567024230957,-7.6898932456970215
1,1635,16.35,8241.87308549881,10000.0,8386.488556861877,9583.626389503479,-20.878911018371582,0.0,-10.400712490081787,-7.608532905578613
1,1636,16.36,8221.197426319122,10000.0,8376.159965991974,9576.133489608765,-20.6756591796875,0.0,-10.328590869903564,-7.4928998947143555
1,1637,16.37,8200.753629207611,10000.0,8365.96667766571,9568.789005279541,-20.44379711151123,0.0,-10.193288326263428,-7.344484329223633
1,1638,16.38,8180.570006370544,10000.0,8355.970978736877,9561.620652675629,-20.18362283706665,0.0,-9.995698928833008,-7.1683526039123535
1,1639,16.39,8160.675764083862,10000.0,8346.230685710907,9554.652273654938,-19.89424228668213,0.0,-9.740293025970459,-6.968379020690918
1,1640,16.4,8141.1013007164,10000.0,8336.801826953888,9547.905921936035,-19.574463367462158,0.0,-9.428858757019043,-6.746351718902588
1,1641,16.41,8121.879994869232,10000.0,8327.732682228088,9541.39620065689,-19.22130584716797,0.0,-9.06914472579956,-6.509721279144287
1,1642,16.42,8103.044331073761,10000.0,8319.06795501709,9535.134732723236,-18.83566379547119,0.0,-8.664727210998535,-6.261467933654785
1,1643,16.43,8084.629774093628,10000.0,8310.84817647934,9529.130756855011,-18.414556980133057,0.0,-8.219778537750244,-6.003975868225098
1,1644,16.44,8066.671788692474,10000.0,8303.10970544815,9523.388743400574,-17.957985401153564,0.0,-7.738471031188965,-5.742013454437256
1,1645,16.45,8049.206435680389,10000.0,8295.882642269135,9517.905414104462,-17.46535301208496,0.0,-7.227063179016113,-5.4833292961120605
1,1646,16.46,8032.26500749588,10000.0,8289.197385311127,9512.679278850555,-16.941428184509277,0.0,-6.6852569580078125,-5.22613525390625
1,1647,16.47,8015.877604484558,10000.0,8283.083438873291,9507.702887058258,-16.38740301132202,0.0,-6.113946437835693,-4.976391792297363
1,1648,16.48,8000.070750713348,10000.0,8277.56941318512,9502.970576286316,-15.806853771209717,0.0,-5.514025688171387,-4.732310771942139
1,1649,16.490000000000002,7984.874248504639,10000.0,8272.682130336761,9498.476684093475,-15.196502208709717,0.0,-4.887282848358154,-4.493892192840576
1,1650,16.5,7970.316112041473,10000.0,8268.441259860992,9494.213163852692,-14.558136463165283,0.0,-4.240870475769043,-4.263520240783691
1,1651,16.51,7956.430912017822,10000.0,8264.861404895782,9490.165114402771,-13.885200023651123,0.0,-3.579854965209961,-4.048049449920654
1,1652,16.52,7943.252623081207,10000.0,8261.950314044952,9486.31227016449,-13.17828893661499,0.0,-2.911090850830078,-3.85284423828125
1,1653,16.53,7930.813729763031,10000.0,8259.71007347107,9482.624232769012,-12.43889331817627,0.0,-2.2402405738830566,-3.688037395477295
1,1654,16.54,7919.1431403160095,10000.0,8258.142471313477,9479.06494140625,-11.670589447021484,0.0,-1.5676021575927734,-3.559291362762451
1,1655,16.55,7908.264100551605,10000.0,8257.249295711517,9475.592076778412,-10.879039764404297,0.0,-0.8931756019592285,-3.4728646278381348
1,1656,16.56,7898.1974720954895,10000.0,8257.029950618744,9472.158551216125,-10.066628456115723,0.0,-0.2193450927734375,-3.433525562286377
1,1657,16.57,7888.961136341095,10000.0,8257.484138011932,9468.715488910675,-9.236335754394531,0.0,0.45418739318847656,-3.4430623054504395
1,1658,16.580000000000002,7880.572080612183,10000.0,8258.611857891083,9465.212523937225,-8.389055728912354,0.0,1.1277198791503906,-3.502964973449707
1,1659,16.59,7873.04699420929,10000.0,8260.4119181633,9461.598694324493,-7.525086402893066,0.0,1.8000602722167969,-3.6138296127319336
1,1660,16.6,7866.40077829361,9974.406659603119,8262.88253068924,9457.821249961853,-6.646215915679932,-25.593340396881104,2.4706125259399414,-3.777444362640381
1,1661,16.61,7860.445082187653,9950.37853717804,8265.997171401978,9452.660083770752,-5.955696105957031,-24.028122425079346,3.114640712738037,-5.161166191101074
1,1662,16.62,7855.254709720612,9930.146634578705,8269.90932226181,9445.190727710724,-5.190372467041016,-20.231902599334717,3.9121508598327637,-7.469356060028076
1,1663,16.63,7850.988805294037,9914.21639919281,8274.734616279602,9435.018002986908,-4.265904426574707,-15.930235385894775,4.825294017791748,-10.172724723815918
1,1664,16.64,7847.653925418854,9902.440011501312,8280.421495437622,9422.109425067902,-3.3348798751831055,-11.776387691497803,5.6868791580200195,-12.908577919006348
1,1665,16.65,7845.417857170105,9894.295632839203,8286.813199520111,9406.867921352386,-2.2360682487487793,-8.144378662109375,6.391704082489014,-15.241503715515137
1,1666,16.66,7844.562232494354,9889.08976316452,8293.729722499847,9389.964044094086,-0.8556246757507324,-5.205869674682617,6.916522979736328,-16.90387725830078
1,1667,16.67,7845.24530172348,9886.10178232193,8301.08791589737,9372.153580188751,0.6830692291259766,-2.987980842590332,7.358193397521973,-17.810463905334473
1,1668,16.68,7847.3785519599915,9884.706437587738,8308.958113193512,9354.092180728912,2.1332502365112305,-1.3953447341918945,7.870197296142578,-18.061399459838867
1,1669,16.69,7850.653827190399,9884.439408779144,8317.514955997467,9336.227774620056,3.275275230407715,-0.26702880859375,8.556842803955078,-17.8644061088562
1,1670,16.7,7854.696214199066,9885.036051273346,8326.939046382904,9318.76927614212,4.042387008666992,0.5966424942016602,9.424090385437012,-17.45849847793579
1,1671,16.71,7859.250009059906,9886.414706707,8337.314426898956,9301.723539829254,4.553794860839844,1.3786554336547852,10.375380516052246,-17.04573631286621
1,1672,16.72,7864.270508289337,9888.615906238556,8348.562717437744,9284.969866275787,5.020499229431152,2.201199531555176,11.248290538787842,-16.753673553466797
1,1673,16.73,7869.896590709686,9891.6956782341,8360.456824302673,9268.336594104767,5.626082420349121,3.0797719955444336,11.8941068649292,-16.633272171020508
1,1674,16.740000000000002,7876.32554769516,9895.646274089813,8372.69514799118,9251.65742635727,6.428956985473633,3.9505958557128906,12.23832368850708,-16.67916774749756
1,1675,16.75,7883.674800395966,9900.356233119965,8384.996950626373,9234.804213047028,7.349252700805664,4.709959030151367,12.301802635192871,-16.8532133102417
1,1676,16.76,7891.9073939323425,9905.636012554169,8397.176563739777,9217.688143253326,8.232593536376953,5.279779434204102,12.17961311340332,-17.116069793701172
1,1677,16.77,7900.846004486084,9911.272525787354,8409.166634082794,9200.244843959808,8.938610553741455,5.6365132331848145,11.990070343017578,-17.443299293518066
1,1678,16.78,7910.251021385193,9917.07444190979,8420.985043048859,9182.426035404205,9.405016899108887,5.801916122436523,11.818408966064453,-17.818808555603027
1,1679,16.79,7919.900417327881,9922.891557216644,8432.671427726746,9164.181053638458,9.649395942687988,5.817115306854248,11.686384677886963,-18.24498176574707
1,1680,16.8,7929.646074771881,9928.590953350067,8444.21923160553,9145.45089006424,9.745657444000244,5.699396133422852,11.54780387878418,-18.73016357421875
1,1681,16.81,7939.41468000412,9934.031963348389,8455.550372600555,9126.172661781311,9.76860523223877,5.441009998321533,11.331140995025635,-19.278228282928467
1,1682,16.82,7949.163615703583,9939.033389091492,8466.506004333496,9106.276333332062,9.74893569946289,5.001425743103027,10.955631732940674,-19.896328449249268
1,1683,16.830000000000002,7958.8377475738525,9943.37260723114,8476.8807888031,9085.685908794403,9.674131870269775,4.3392181396484375,10.374784469604492,-20.59042453765869
1,1684,16.84,7968.334853649139,9946.808516979218,8486.44882440567,9064.309298992157,9.497106075286865,3.4359097480773926,9.56803560256958,-21.376609802246094
1,1685,16.85,7977.501451969147,9949.09644126892,8494.991660118103,9042.02938079834,9.166598320007324,2.287924289703369,8.542835712432861,-22.27991819381714
1,1686,16.86,7986.142933368683,9950.004816055298,8502.305448055267,9018.705785274506,8.641481399536133,0.9083747863769531,7.313787937164307,-23.32359552383423
1,1687,16.87,7994.053959846497,9949.304163455963,8508.18932056427,8994.17668581009,7.911026477813721,-0.7006525993347168,5.8838725090026855,-24.529099464416504
1,1688,16.88,8001.030385494232,9946.753680706024,8512.43406534195,8968.2736992836,6.976425647735596,-2.550482749938965,4.244744777679443,-25.902986526489258
1,1689,16.89,8006.875813007355,9942.083954811096,8514.812290668488,8940.828144550323,5.845427513122559,-4.6697258949279785,2.378225326538086,-27.445554733276367
1,1690,16.9,8011.396825313568,9934.99368429184,8515.078723430634,8911.679089069366,4.521012306213379,-7.090270519256592,0.2664327621459961,-29.14905548095703
1,1691,16.91,8014.397323131561,9925.155341625214,8512.975573539734,8880.673050880432,3.000497817993164,-9.838342666625977,-2.103149890899658,-31.006038188934326
1,1692,16.92,8015.671074390411,9912.22769021988,8508.248031139374,8847.66161441803,1.2737512588500977,-12.927651405334473,-4.727542400360107,-33.011436462402344
1,1693,16.93,8015.0046944618225,9895.877540111542,8500.659167766571,8812.496364116669,-0.6663799285888672,-16.350150108337402,-7.588863372802734,-35.165250301361084
1,1694,16.94,8012.177050113678,9875.788390636444,8489.99708890915,8775.019943714142,-2.8276443481445312,-20.089149475097656,-10.662078857421875,-37.476420402526855
1,1695,16.95,8006.98310136795,9851.678311824799,8476.075232028961,8735.069036483765,-5.193948745727539,-24.110078811645508,-13.921856880187988,-39.9509072303772
1,1696,16.96,7999.236881732941,9823.300540447235,8458.740413188934,8692.474365234375,-7.746219635009766,-28.377771377563477,-17.334818840026855,-42.59467124938965
1,1697,16.97,7988.779246807098,9790.442287921906,8437.875807285309,8647.072911262512,-10.457634925842285,-32.85825252532959,-20.86460590362549,-45.40145397186279
1,1698,16.98,7975.4868149757385,9752.93755531311,8413.40720653534,8598.714768886566,-13.292431831359863,-37.504732608795166,-24.468600749969482,-48.358142375946045
1,1699,16.990000000000002,7959.2689871788025,9710.66802740097,8385.312259197235,8547.271490097046,-16.217827796936035,-42.26952791213989,-28.094947338104248,-51.443278789520264
1,1700,17.0,7940.073609352112,9663.578867912292,8353.631794452667,8492.64532327652,-19.195377826690674,-47.08915948867798,-31.68046474456787,-54.62616682052612
1,1701,17.01,7917.888760566711,9611.683785915375,8318.47995519638,8434.77576971054,-22.18484878540039,-51.895081996917725,-35.15183925628662,-57.869553565979004
1,1702,17.02,7892.749309539795,9555.080831050873,8280.048072338104,8373.647034168243,-25.139451026916504,-56.60295486450195,-38.43188285827637,-61.12873554229736
1,1703,17.03,7864.774167537689,9494.004845619202,8238.57694864273,8309.266567230225,-27.975142002105713,-61.07598543167114,-41.471123695373535,-64.3804669380188
1,1704,17.04,7834.2404961586,9428.919851779938,8194.303512573242,8241.661190986633,-30.533671379089355,-65.08499383926392,-44.273436069488525,-67.60537624359131
1,1705,17.05,7801.6239404678345,9360.528290271759,8147.510290145874,8170.8937883377075,-32.61655569076538,-68.39156150817871,-46.793222427368164,-70.76740264892578
1,1706,17.06,7767.52769947052,9289.678633213043,8098.533749580383,8097.09370136261,-34.09624099731445,-70.84965705871582,-48.97654056549072,-73.80008697509766
1,1707,17.07,7732.5597405433655,9217.227101325989,8047.815561294556,8020.519316196442,-34.96795892715454,-72.45153188705444,-50.71818828582764,-76.57438516616821
1,1708,17.080000000000002,7697.224318981171,9143.944680690765,7995.914816856384,7941.587269306183,-35.335421562194824,-73.28242063522339,-51.90074443817139,-78.93204689025879
1,1709,17.09,7661.896049976349,9070.508778095245,7943.489551544189,7860.872745513916,-35.32826900482178,-73.43590259552002,-52.425265312194824,-80.71452379226685
1,1710,17.1,7626.877725124359,8997.55746126175,7891.243994235992,7779.076099395752,-35.018324851989746,-72.9513168334961,-52.24555730819702,-81.79664611816406
1,1711,17.11,7592.498362064362,8925.749361515045,7839.860618114471,7696.980834007263,-34.37936305999756,-71.8080997467041,-51.383376121520996,-82.09526538848877
1,1712,17.12,7559.162378311157,8855.770826339722,7789.945304393768,7615.408301353455,-33.335983753204346,-69.97853517532349,-49.915313720703125,-81.5725326538086
1,1713,17.13,7527.325749397278,8788.289725780487,7741.987109184265,7535.1837277412415,-31.836628913879395,-67.48110055923462,-47.958195209503174,-80.22457361221313
1,1714,17.14,7497.429549694061,8723.893463611603,7696.360647678375,7457.112669944763,-29.896199703216553,-64.39626216888428,-45.62646150588989,-78.07105779647827
1,1715,17.150000000000002,7469.835728406906,8663.066923618317,7653.33354473114,7381.957471370697,-27.59382128715515,-60.82653999328613,-43.02710294723511,-75.15519857406616
1,1716,17.16,7444.799393415451,8606.203496456146,7613.080143928528,7310.409098863602,-25.036334991455078,-56.86342716217041,-40.253400802612305,-71.54837250709534
1,1717,17.17,7422.492206096649,8553.66051197052,7575.699985027313,7243.066430091858,-22.30718731880188,-52.54298448562622,-37.3801589012146,-67.34266877174377
1,1718,17.18,7403.043359518051,8505.785167217255,7541.210651397705,7180.417478084564,-19.448846578598022,-47.87534475326538,-34.489333629608154,-62.6489520072937
1,1719,17.19,7386.566400527954,8462.920486927032,7509.556710720062,7122.8426694869995,-16.476958990097046,-42.86468029022217,-31.653940677642822,-57.5748085975647
1,1720,17.2,7373.156398534775,8425.367772579193,7480.617463588715,7070.624828338623,-13.410001993179321,-37.552714347839355,-28.939247131347656,-52.217841148376465
1,1721,17.21,7362.870275974274,8393.360674381256,7454.221695661545,7023.967802524567,-10.286122560501099,-32.00709819793701,-26.3957679271698,-46.6570258140564
1,1722,17.22,7355.709373950958,8367.052674293518,7430.169582366943,6983.008086681366,-7.16090202331543,-26.308000087738037,-24.05211329460144,-40.959715843200684
1,1723,17.23,7351.6204953193665,8346.531093120575,7408.25280547142,6947.830617427826,-4.088878631591797,-20.521581172943115,-21.91677689552307,-35.17746925354004
1,1724,17.240000000000002,7350.524067878723,8331.851661205292,7388.268262147903,6918.47562789917,-1.0964274406433105,-14.679431915283203,-19.984543323516846,-29.354989528656006
1,1725,17.25,7352.3348569869995,8323.059380054474,7370.022386312485,6894.945800304413,1.8107891082763672,-8.792281150817871,-18.2458758354187,-23.52982759475708
1,1726,17.26,7356.975674629211,8320.1864361763,7353.335320949554,6877.216696739197,4.640817642211914,-2.872943878173828,-16.687065362930298,-17.729103565216064
1,1727,17.27,7364.377081394196,8323.240876197815,7338.038086891174,6865.24510383606,7.401406764984131,3.0544400215148926,-15.297234058380127,-11.971592903137207
1,1728,17.28,7374.466210603714,8332.190215587616,7323.980778455734,6858.98020863533,10.089129209518433,8.949339389801025,-14.057308435440063,-6.26489520072937
1,1729,17.29,7387.159615755081,8346.962332725525,7311.02928519249,6858.365535736084,12.693405151367188,14.772117137908936,-12.951493263244629,-0.6146728992462158
1,1730,17.3,7402.367740869522,8367.458283901215,7299.072742462158,6863.344609737396,15.208125114440918,20.495951175689697,-11.956542730331421,4.979074001312256
1,1731,17.31,7420.006841421127,8393.571078777313,7288.0204021930695,6873.8605082035065,17.639100551605225,26.112794876098633,-11.052340269088745,10.51589846611023
1,1732,17.32,7440.009117126465,8425.196707248688,7277.7993977069855,6889.85213637352,20.002275705337524,31.62562847137451,-10.221004486083984,15.991628170013428
1,1733,17.330000000000002,7462.318241596222,8462.224900722504,7268.3510184288025,6911.256015300751,22.30912446975708,37.02819347381592,-9.448379278182983,21.403878927230835
1,1734,17.34,7486.888468265533,8504.53644990921,7259.6292197704315,6938.008517026901,24.570226669311523,42.31154918670654,-8.721798658370972,26.752501726150513
1,1735,17.35,7513.670921325684,8551.993668079376,7251.602858304977,6970.040202140808,26.782453060150146,47.457218170166016,-8.026361465454102,32.03168511390686
1,1736,17.36,7542.610466480255,8604.436218738556,7244.2518174648285,7007.282078266144,28.939545154571533,52.44255065917969,-7.351040840148926,37.24187612533569
1,1737,17.37,7573.642134666443,8661.687076091766,7237.571626901627,7049.663662910461,31.031668186187744,57.25085735321045,-6.680190563201904,42.38158464431763
1,1738,17.38,7606.688439846039,8723.552227020264,7231.576293706894,7097.1134305000305,33.04630517959595,61.865150928497314,-5.995333194732666,47.44976758956909
1,1739,17.39,7641.666531562805,8789.819777011871,7226.285487413406,7149.549722671509,34.97809171676636,66.26754999160767,-5.290806293487549,52.43629217147827
1,1740,17.400000000000002,7678.4947514534,8860.256373882294,7221.714407205582,7206.879109144211,36.82821989059448,70.43659687042236,-4.571080207824707,57.329386472702026
1,1741,17.41,7717.092931270599,8934.597671031952,7217.864096164703,7268.988937139511,38.59817981719971,74.3412971496582,-3.850311040878296,62.10982799530029
1,1742,17.42,7757.383286952972,9012.541472911835,7214.726805686951,7335.757464170456,40.29035568237305,77.94380187988281,-3.1372904777526855,66.76852703094482
1,1743,17.43,7799.27134513855,9093.746542930603,7212.289720773697,7407.046854496002,41.88805818557739,81.20507001876831,-2.437084913253784,71.28939032554626
1,1744,17.44,7842.6408767700195,9177.832305431366,7210.541814565659,7482.703626155853,43.36953163146973,84.08576250076294,-1.74790620803833,75.65677165985107
1,1745,17.45,7887.351214885712,9264.38957452774,7209.4738483428955,7562.55179643631,44.71033811569214,86.55726909637451,-1.0679662227630615,79.84817028045654
1,1746,17.46,7933.241128921509,9352.975189685822,7209.080010652542,7646.395266056061,45.88991403579712,88.58561515808105,-0.39383769035339355,83.84346961975098
1,1747,17.47,7980.13299703598,9443.126022815704,7209.354937076569,7734.011709690094,46.891868114471436,90.15083312988281,0.27492642402648926,87.6164436340332
1,1748,17.48,8027.830421924591,9534.345269203186,7210.291475057602,7825.151979923248,47.69742488861084,91.21924638748169,0.9365379810333252,91.1402702331543
1,1749,17.490000000000002,8076.126575469971,9626.109302043915,7211.878448724747,7919.541895389557,48.29615354537964,91.76403284072876,1.5869736671447754,94.3899154663086
1,1750,17.5,8124.8027086257935,9717.871248722076,7214.103192090988,8016.884028911591,48.676133155822754,91.76194667816162,2.224743366241455,97.34213352203369
1,1751,17.51,8173.632919788361,9809.074103832245,7216.9530391693115,8116.855323314667,48.83021116256714,91.20285511016846,2.8498470783233643,99.97129440307617
1,1752,17.52,8222.38951921463,9899.162352085114,7220.4239666461945,8219.113647937775,48.75659942626953,90.08824825286865,3.4709274768829346,102.25832462310791
1,1753,17.53,8270.845115184784,9987.596571445465,7224.519699811935,8323.289453983307,48.45559597015381,88.43421936035156,4.095733165740967,104.17580604553223
1,1754,17.54,8318.77887248993,10000.0,7229.254394769669,8428.989946842194,47.933757305145264,12.403428554534912,4.734694957733154,105.70049285888672
1,1755,17.55,8365.357518196106,10000.0,7234.620898962021,8531.57490491867,46.57864570617676,0.0,5.366504192352295,102.58495807647705
1,1756,17.56,8410.873115062714,10000.0,7241.284400224686,8627.457916736603,45.515596866607666,0.0,6.663501262664795,95.88301181793213
1,1757,17.57,8455.747067928314,10000.0,7250.131517648697,8714.493215084076,44.873952865600586,0.0,8.84711742401123,87.03529834747314
1,1758,17.580000000000002,8499.241769313812,10000.0,7261.605113744736,8790.978491306305,43.49470138549805,0.0,11.473596096038818,76.485276222229
1,1759,17.59,8540.658056735992,10000.0,7275.9319841861725,8856.276273727417,41.416287422180176,0.0,14.326870441436768,65.29778242111206
1,1760,17.6,8579.735159873962,10000.0,7293.142676353455,8910.752832889557,39.07710313796997,0.0,17.210692167282104,54.47655916213989
1,1761,17.61,8616.550266742706,10000.0,7313.120514154434,8955.543339252472,36.8151068687439,0.0,19.977837800979614,44.79050636291504
1,1762,17.62,8651.466369628906,10000.0,7335.603386163712,8992.28185415268,34.91610288619995,0.0,22.482872009277344,36.73851490020752
1,1763,17.63,8684.963881969452,10000.0,7360.192835330963,9022.750854492188,33.497512340545654,0.0,24.589449167251587,30.469000339508057
1,1764,17.64,8717.4791097641,10000.0,7386.416047811508,9048.592150211334,32.51522779464722,0.0,26.223212480545044,25.84129571914673
1,1765,17.650000000000002,8749.29130077362,10000.0,7413.827627897263,9071.134626865387,31.812191009521484,0.0,27.411580085754395,22.542476654052734
1,1766,17.66,8780.481815338135,10000.0,7442.082613706589,9091.32033586502,31.19051456451416,0.0,28.254985809326172,20.18570899963379
1,1767,17.67,8810.953795909882,10000.0,7470.972090959549,9109.715223312378,30.471980571746826,0.0,28.889477252960205,18.394887447357178
1,1768,17.68,8840.488493442535,10000.0,7500.410079956055,9126.59764289856,29.53469753265381,0.0,29.437988996505737,16.88241958618164
1,1769,17.69,8868.79414319992,10000.0,7530.392110347748,9142.086803913116,28.305649757385254,0.0,29.982030391693115,15.489161014556885
1,1770,17.7,8895.56884765625,10000.0,7560.944855213165,9156.29118680954,26.774704456329346,0.0,30.55274486541748,14.20438289642334
1,1771,17.71,8920.543491840363,10000.0,7592.088878154755,9169.420301914215,24.97464418411255,0.0,31.144022941589355,13.129115104675293
1,1772,17.72,8943.504393100739,10000.0,7623.817622661591,9181.83833360672,22.960901260375977,0.0,31.728744506835938,12.418031692504883
1,1773,17.73,8964.296877384186,10000.0,7656.09472990036,9194.04923915863,20.792484283447266,0.0,32.27710723876953,12.2109055519104
1,1774,17.740000000000002,8982.813656330109,10000.0,7688.866853713989,9206.63058757782,18.51677894592285,0.0,32.77212381362915,12.581348419189453
1,1775,17.75,8998.968005180359,10000.0,7722.07647562027,9220.1367020607,16.154348850250244,0.0,33.20962190628052,13.506114482879639
1,1776,17.76,9012.667834758759,10000.0,7755.678594112396,9235.008358955383,13.699829578399658,0.0,33.602118492126465,14.871656894683838
1,1777,17.77,9023.811519145966,10000.0,7789.64102268219,9251.510202884674,11.143684387207031,0.0,33.9624285697937,16.50184392929077
1,1778,17.78,9032.29296207428,10000.0,7823.939621448517,9269.714951515198,8.481442928314209,0.0,34.298598766326904,18.20474863052368
1,1779,17.79,9038.03437948227,10000.0,7858.541309833527,9289.519190788269,5.741417407989502,0.0,34.601688385009766,19.80423927307129
1,1780,17.8,9041.012227535248,10000.0,7893.383502960205,9310.691356658936,2.9778480529785156,0.0,34.84219312667847,21.172165870666504
1,1781,17.81,9041.280448436737,10000.0,7928.363680839539,9332.921206951141,0.2682209014892578,0.0,34.980177879333496,22.22985029220581
1,1782,17.82,9038.980901241302,10000.0,7963.329255580902,9355.879127979279,-2.2995471954345703,0.0,34.965574741363525,22.957921028137207
1,1783,17.830000000000002,9034.335017204285,10000.0,7998.0820417404175,9379.24474477768,-4.645884037017822,0.0,34.75278615951538,23.36561679840088
1,1784,17.84,9027.628600597382,10000.0,8032.391965389252,9402.733743190765,-6.706416606903076,0.0,34.30992364883423,23.488998413085938
1,1785,17.85,9019.185602664948,10000.0,8066.011071205139,9426.093399524689,-8.442997932434082,0.0,33.61910581588745,23.35965633392334
1,1786,17.86,9009.342193603516,10000.0,8098.691999912262,9449.09781217575,-9.843409061431885,0.0,32.6809287071228,23.00441265106201
1,1787,17.87,8998.432457447052,10000.0,8130.20259141922,9471.535384654999,-10.909736156463623,0.0,31.510591506958008,22.437572479248047
1,1788,17.88,8986.767828464508,10000.0,8160.3363156318665,9493.1960105896,-11.664628982543945,0.0,30.133724212646484,21.66062593460083
1,1789,17.89,8974.63470697403,10000.0,8188.919723033905,9513.877928256989,-12.133121490478516,0.0,28.583407402038574,20.681917667388916
1,1790,17.900000000000002,8962.28939294815,10000.0,8215.80857038498,9533.388912677765,-12.345314025878906,0.0,26.88884735107422,19.510984420776367
1,1791,17.91,8949.95629787445,10000.0,8240.893185138702,9551.560282707214,-12.333095073699951,0.0,25.084614753723145,18.171370029449463
1,1792,17.92,8937.831223011017,10000.0,8264.093697071075,9568.256139755249,-12.125074863433838,0.0,23.200511932373047,16.695857048034668
1,1793,17.93,8926.077783107758,10000.0,8285.360038280487,9583.375751972198,-11.753439903259277,0.0,21.26634120941162,15.119612216949463
1,1794,17.94,8914.814889431,10000.0,8304.68863248825,9596.859216690063,-11.262893676757812,0.0,19.328594207763672,13.48346471786499
1,1795,17.95,8904.035985469818,10000.0,8322.152197360992,9608.7446808815,-10.77890396118164,0.0,17.4635648727417,11.885464191436768
1,1796,17.96,8893.583118915558,10000.0,8337.989449501038,9619.203507900238,-10.452866554260254,0.0,15.837252140045166,10.458827018737793
1,1797,17.97,8883.188366889954,10000.0,8352.473676204681,9628.461301326752,-10.394752025604248,0.0,14.484226703643799,9.257793426513672
1,1798,17.98,8872.571885585785,10000.0,8365.878164768219,9636.77316904068,-10.616481304168701,0.0,13.404488563537598,8.311867713928223
1,1799,17.990000000000002,8861.528933048248,10000.0,8378.42881679535,9644.379615783691,-11.042952537536621,0.0,12.550652027130127,7.606446743011475
1,1800,18.0,8849.933743476868,10000.0,8390.272557735443,9651.468396186829,-11.595189571380615,0.0,11.843740940093994,7.088780403137207
1,1801,18.01,8837.731182575226,10000.0,8401.475548744202,9658.152461051941,-12.202560901641846,0.0,11.202991008758545,6.684064865112305
1,1802,18.02,8824.91022348404,10000.0,8412.036299705505,9664.469063282013,-12.820959091186523,0.0,10.560750961303711,6.3166022300720215
1,1803,18.03,8811.480104923248,10000.0,8421.911299228668,9670.39167881012,-13.430118560791016,0.0,9.874999523162842,5.9226155281066895
1,1804,18.04,8797.444105148315,10000.0,8431.04600906372,9675.847887992859,-14.035999774932861,0.0,9.13470983505249,5.456209182739258
1,1805,18.05,8782.798945903778,10000.0,8439.391553401947,9680.739343166351,-14.645159244537354,0.0,8.345544338226318,4.891455173492432
1,1806,18.06,8767.531514167786,10000.0,8446.916341781616,9684.973955154419,-15.267431735992432,0.0,7.5247883796691895,4.234611988067627
1,1807,18.07,8751.62810087204,10000.0,8453.606069087982,9688.47543001175,-15.90341329574585,0.0,6.689727306365967,3.5014748573303223
1,1808,18.080000000000002,8735.08095741272,10000.0,8459.453880786896,9691.202938556671,-16.54714345932007,0.0,5.847811698913574,2.727508544921875
1,1809,18.09,8717.899024486542,10000.0,8464.457392692566,9693.151414394379,-17.18193292617798,0.0,5.003511905670166,1.9484758377075195
1,1810,18.1,8700.112700462341,10000.0,8468.606770038605,9694.346487522125,-17.78632402420044,0.0,4.149377346038818,1.195073127746582
1,1811,18.11,8681.766092777252,10000.0,8471.888303756714,9694.835245609283,-18.34660768508911,0.0,3.281533718109131,0.4887580871582031
1,1812,18.12,8662.913739681244,10000.0,8474.284708499908,9694.667756557465,-18.8523530960083,0.0,2.39640474319458,-0.16748905181884766
1,1813,18.13,8643.61435174942,10000.0,8475.778996944427,9693.891108036041,-19.29938793182373,0.0,1.494288444519043,-0.7766485214233398
1,1814,18.14,8623.921573162079,10000.0,8476.360738277435,9692.538678646088,-19.69277858734131,0.0,0.5817413330078125,-1.3524293899536133
1,1815,18.150000000000002,8603.881895542145,10000.0,8476.026356220245,9690.628945827484,-20.039677619934082,0.0,-0.3343820571899414,-1.9097328186035156
1,1816,18.16,8583.537340164185,10000.0,8474.786579608917,9688.169360160828,-20.344555377960205,0.0,-1.239776611328125,-2.459585666656494
1,1817,18.17,8562.930524349213,10000.0,8472.65750169754,9685.1646900177,-20.606815814971924,0.0,-2.129077911376953,-3.0046701431274414
1,1818,18.18,8542.104661464691,10000.0,8469.662964344025,9681.624472141266,-20.825862884521484,0.0,-2.994537353515625,-3.540217876434326
1,1819,18.19,8521.105647087097,10000.0,8465.833961963654,9677.567481994629,-20.999014377593994,0.0,-3.8290023803710938,-4.056990146636963
1,1820,18.2,8499.978482723236,10000.0,8461.208045482635,9673.0238199234,-21.127164363861084,0.0,-4.625916481018066,-4.543662071228027
1,1821,18.21,8478.766679763794,10000.0,8455.827534198761,9668.037593364716,-21.21180295944214,0.0,-5.380511283874512,-4.986226558685303
1,1822,18.22,8457.505404949188,10000.0,8449.746072292328,9662.660658359528,-21.261274814605713,0.0,-6.0814619064331055,-5.376935005187988
1,1823,18.23,8436.228930950165,10000.0,8443.02386045456,9656.95172548294,-21.276473999023438,0.0,-6.722211837768555,-5.708932876586914
1,1824,18.240000000000002,8414.964377880096,10000.0,8435.728251934052,9650.969505310059,-21.26455307006836,0.0,-7.2956085205078125,-5.98222017288208
1,1825,18.25,8393.733203411102,10000.0,8427.928388118744,9644.76764202118,-21.23117446899414,0.0,-7.799863815307617,-6.2018632888793945
1,1826,18.26,8372.555375099182,10000.0,8419.69758272171,9638.396203517914,-21.177828311920166,0.0,-8.230805397033691,-6.371438503265381
1,1827,18.27,8351.459205150604,10000.0,8411.105573177338,9631.902873516083,-21.09616994857788,0.0,-8.592009544372559,-6.493330001831055
1,1828,18.28,8330.472707748413,10000.0,8402.220904827118,9625.333547592163,-20.986497402191162,0.0,-8.884668350219727,-6.569325923919678
1,1829,18.29,8309.628665447235,10000.0,8393.109142780304,9618.728160858154,-20.84404230117798,0.0,-9.111762046813965,-6.605386734008789
1,1830,18.3,8288.958370685577,10000.0,8383.835256099701,9612.126648426056,-20.670294761657715,0.0,-9.273886680603027,-6.601512432098389
1,1831,18.31,8268.494307994843,10000.0,8374.461233615875,9605.564773082733,-20.464062690734863,0.0,-9.374022483825684,-6.561875343322754
1,1832,18.32,8248.266279697418,10000.0,8365.047574043274,9599.073231220245,-20.228028297424316,0.0,-9.413659572601318,-6.491541862487793
1,1833,18.330000000000002,8228.298723697662,10000.0,8355.654776096344,9592.682421207428,-19.96755599975586,0.0,-9.392797946929932,-6.390810012817383
1,1834,18.34,8208.613991737366,10000.0,8346.34155035019,9586.416780948639,-19.68473196029663,0.0,-9.313225746154785,-6.2656402587890625
1,1835,18.35,8189.235031604767,10000.0,8337.164521217346,9580.301940441132,-19.378960132598877,0.0,-9.177029132843018,-6.114840507507324
1,1836,18.36,8170.182406902313,10000.0,8328.176438808441,9574.354588985443,-19.052624702453613,0.0,-8.98808240890503,-5.947351455688477
1,1837,18.37,8151.480555534363,10000.0,8319.423496723175,9568.588435649872,-18.70185136795044,0.0,-8.752942085266113,-5.766153335571289
1,1838,18.38,8133.150935173035,10000.0,8310.947120189667,9563.014805316925,-18.329620361328125,0.0,-8.4763765335083,-5.573630332946777
1,1839,18.39,8115.2161955833435,10000.0,8302.78605222702,9557.640254497528,-17.934739589691162,0.0,-8.161067962646484,-5.374550819396973
1,1840,18.400000000000002,8097.698986530304,10000.0,8294.973373413086,9552.467167377472,-17.51720905303955,0.0,-7.812678813934326,-5.173087120056152
1,1841,18.41,8080.61808347702,10000.0,8287.536203861237,9547.49345779419,-17.08090305328369,0.0,-7.437169551849365,-4.973709583282471
1,1842,18.42,8063.991367816925,10000.0,8280.501663684845,9542.713463306427,-16.626715660095215,0.0,-7.034540176391602,-4.779994487762451
1,1843,18.43,8047.837316989899,10000.0,8273.894190788269,9538.11764717102,-16.154050827026367,0.0,-6.607472896575928,-4.595816135406494
1,1844,18.44,8032.167851924896,10000.0,8267.731368541718,9533.692300319672,-15.669465065002441,0.0,-6.162822246551514,-4.425346851348877
1,1845,18.45,8016.998171806335,10000.0,8262.028992176056,9529.422223567963,-15.169680118560791,0.0,-5.702376365661621,-4.270076751708984
1,1846,18.46,8002.3422837257385,10000.0,8256.800770759583,9525.289237499237,-14.655888080596924,0.0,-5.228221416473389,-4.132986068725586
1,1847,18.47,7988.211214542389,10000.0,8252.058923244476,9521.275460720062,-14.13106918334961,0.0,-4.741847515106201,-4.013776779174805
1,1848,18.48,7974.61062669754,10000.0,8247.81209230423,9517.358243465424,-13.600587844848633,0.0,-4.246830940246582,-3.917217254638672
1,1849,18.490000000000002,7961.552143096924,10000.0,8244.069814682007,9513.523280620575,-13.058483600616455,0.0,-3.7422776222229004,-3.834962844848633
1,1850,18.5,7949.042618274689,10000.0,8240.837752819061,9509.756565093994,-12.509524822235107,0.0,-3.2320618629455566,-3.7667155265808105
1,1851,18.51,7937.090694904327,10000.0,8238.120675086975,9506.043195724487,-11.951923370361328,0.0,-2.7170777320861816,-3.713369369506836
1,1852,18.52,7925.707995891571,10000.0,8235.915005207062,9502.363801002502,-11.382699012756348,0.0,-2.20566987991333,-3.6793947219848633
1,1853,18.53,7914.902865886688,10000.0,8234.213888645172,9498.695135116577,-10.805130004882812,0.0,-1.7011165618896484,-3.668665885925293
1,1854,18.54,7904.68692779541,10000.0,8233.00689458847,9495.006501674652,-10.215938091278076,0.0,-1.2069940567016602,-3.688633441925049
1,1855,18.55,7895.066142082214,10000.0,8232.280611991882,9491.263329982758,-9.6207857131958,0.0,-0.7262825965881348,-3.7431716918945312
1,1856,18.56,7886.047661304474,10000.0,8232.021629810333,9487.426578998566,-9.018480777740479,0.0,-0.25898218154907227,-3.8367509841918945
1,1857,18.57,7877.63386964798,9990.832209587097,8232.214152812958,9483.455121517181,-8.41379165649414,-9.167790412902832,0.19252300262451172,-3.9714574813842773
1,1858,18.580000000000002,7869.744598865509,9963.0668759346,8232.837319374084,9478.887021541595,-7.889270782470703,-27.765333652496338,0.623166561126709,-4.5680999755859375
1,1859,18.59,7862.237393856049,9938.010573387146,8233.919441699982,9472.49561548233,-7.507205009460449,-25.056302547454834,1.0821223258972168,-6.391406059265137
1,1860,18.6,7855.207622051239,9916.607439517975,8235.611021518707,9463.483393192291,-7.02977180480957,-21.403133869171143,1.691579818725586,-9.012222290039062
1,1861,18.61,7848.7628698349,9899.190962314606,8237.95884847641,9451.533555984497,-6.444752216339111,-17.41647720336914,2.3478269577026367,-11.94983720779419
1,1862,18.62,7842.961847782135,9885.497689247131,8240.843713283539,9436.719417572021,-5.801022052764893,-13.693273067474365,2.8848648071289062,-14.814138412475586
1,1863,18.63,7838.026583194733,9874.925315380096,8244.064748287201,9419.516026973724,-4.935264587402344,-10.572373867034912,3.2210350036621094,-17.20339059829712
1,1864,18.64,7834.21516418457,9866.72729253769,8247.447311878204,9400.629103183746,-3.8114190101623535,-8.198022842407227,3.382563591003418,-18.886923789978027
1,1865,18.650000000000002,7831.604182720184,9860.159456729889,8250.95146894455,9380.799233913422,-2.6109814643859863,-6.567835807800293,3.504157066345215,-19.829869270324707
1,1866,18.66,7830.02108335495,9854.60251569748,8254.688680171967,9360.642433166504,-1.583099365234375,-5.556941032409668,3.737211227416992,-20.156800746917725
1,1867,18.67,7829.113304615021,9849.630892276764,8258.85146856308,9340.548515319824,-0.9077787399291992,-4.971623420715332,4.162788391113281,-20.093917846679688
1,1868,18.68,7828.525006771088,9845.035076141357,8263.603746891022,9320.675432682037,-0.5882978439331055,-4.595816135406494,4.7522783279418945,-19.873082637786865
1,1869,18.69,7828.058302402496,9840.788543224335,8268.984258174896,9300.990402698517,-0.4667043685913086,-4.246532917022705,5.380511283874512,-19.685029983520508
1,1870,18.7,7827.730476856232,9836.965799331665,8274.868726730347,9281.356036663055,-0.32782554626464844,-3.8227438926696777,5.8844685554504395,-19.634366035461426
1,1871,18.71,7827.710211277008,9833.637773990631,8280.998170375824,9261.591732501984,-0.020265579223632812,-3.3280253410339355,6.129443645477295,-19.764304161071777
1,1872,18.72,7828.185856342316,9830.798506736755,8287.06979751587,9241.533875465393,0.4756450653076172,-2.8392672538757324,6.071627140045166,-20.057857036590576
1,1873,18.73,7829.24622297287,9828.351736068726,8292.835652828217,9221.060574054718,1.0603666305541992,-2.446770668029785,5.765855312347412,-20.47330141067505
1,1874,18.740000000000002,7830.831706523895,9826.138615608215,8298.160433769226,9200.088381767273,1.5854835510253906,-2.213120460510254,5.3247809410095215,-20.97219228744507
1,1875,18.75,7832.764685153961,9823.999106884003,8303.033113479614,9178.566038608551,1.932978630065918,-2.1395087242126465,4.872679710388184,-21.522343158721924
1,1876,18.76,7834.839224815369,9821.80804014206,8307.519853115082,9156.456291675568,2.0745396614074707,-2.1910667419433594,4.486739635467529,-22.1097469329834
1,1877,18.77,7836.892306804657,9819.477796554565,8311.699330806732,9133.732616901398,2.05308198928833,-2.3302435874938965,4.179477691650391,-22.723674774169922
1,1878,18.78,7838.844060897827,9816.940426826477,8315.60343503952,9110.36878824234,1.951754093170166,-2.537369728088379,3.904104232788086,-23.363828659057617
1,1879,18.79,7840.68375825882,9814.112186431885,8319.191634654999,9086.339473724365,1.8396973609924316,-2.828240394592285,3.5881996154785156,-24.029314517974854
1,1880,18.8,7842.424213886261,9810.881912708282,8322.361409664154,9061.61516904831,1.7404556274414062,-3.230273723602295,3.1697750091552734,-24.724304676055908
1,1881,18.81,7844.061553478241,9807.114899158478,8324.975073337555,9036.154448986053,1.6373395919799805,-3.7670135498046875,2.613663673400879,-25.46072006225586
1,1882,18.82,7845.548093318939,9802.676737308502,8326.89255475998,9009.896218776703,1.4865398406982422,-4.438161849975586,1.9174814224243164,-26.258230209350586
1,1883,18.830000000000002,7846.788763999939,9797.446131706238,8327.988684177399,8982.754349708557,1.2406706809997559,-5.230605602264404,1.0961294174194336,-27.141869068145752
1,1884,18.84,7847.664952278137,9791.320860385895,8328.160047531128,8954.621255397797,0.8761882781982422,-6.125271320343018,0.17136335372924805,-28.133094310760498
1,1885,18.85,7848.052680492401,9784.201085567474,8327.30382680893,8925.376832485199,0.387728214263916,-7.11977481842041,-0.8562207221984863,-29.244422912597656
1,1886,18.86,7847.839891910553,9775.969088077545,8325.307667255402,8894.900977611542,-0.21278858184814453,-8.2319974899292,-1.996159553527832,-30.475854873657227
1,1887,18.87,7846.920192241669,9766.477048397064,8322.043120861053,8863.084018230438,-0.9196996688842773,-9.492039680480957,-3.2645463943481445,-31.816959381103516
1,1888,18.88,7845.188081264496,9755.540788173676,8317.36534833908,8829.8299908638,-1.7321109771728516,-10.936260223388672,-4.677772521972656,-33.254027366638184
1,1889,18.89,7842.522859573364,9742.942750453949,8311.119377613068,8795.055449008942,-2.665221691131592,-12.598037719726562,-6.245970726013184,-34.7745418548584
1,1890,18.900000000000002,7838.791906833649,9728.456437587738,8303.155601024628,8758.686184883118,-3.730952739715576,-14.486312866210938,-7.963776588439941,-36.369264125823975
1,1891,18.91,7833.84770154953,9711.853563785553,8293.331563472748,8720.644116401672,-4.944205284118652,-16.60287380218506,-9.824037551879883,-38.04206848144531
1,1892,18.92,7827.5421261787415,9692.92163848877,8281.517326831818,8680.847585201263,-6.305575370788574,-18.931925296783447,-11.814236640930176,-39.796531200408936
1,1893,18.93,7819.7309374809265,9671.462178230286,8267.590701580048,8639.2080783844,-7.811188697814941,-21.459460258483887,-13.92662525177002,-41.639506816864014
1,1894,18.94,7810.283601284027,9647.286534309387,8251.443803310394,8595.636188983917,-9.447336196899414,-24.175643920898438,-16.14689826965332,-43.57188940048218
1,1895,18.95,7799.084484577179,9620.220065116882,8232.97530412674,8550.044894218445,-11.199116706848145,-27.066469192504883,-18.468499183654785,-45.59129476547241
1,1896,18.96,7786.032259464264,9590.098857879639,8212.102353572845,8502.358198165894,-13.052225112915039,-30.121207237243652,-20.872950553894043,-47.68669605255127
1,1897,18.97,7771.044671535492,9556.778967380524,8188.766539096832,8452.515006065369,-14.987587928771973,-33.31989049911499,-23.335814476013184,-49.8431921005249
1,1898,18.98,7754.05615568161,9520.14833688736,8162.943422794342,8400.472104549408,-16.988515853881836,-36.63063049316406,-25.823116302490234,-52.04290151596069
1,1899,18.990000000000002,7735.01992225647,9480.130672454834,8134.649693965912,8346.207439899445,-19.03623342514038,-40.017664432525635,-28.293728828430176,-54.26466464996338
1,1900,19.0,7713.916003704071,9436.698853969574,8103.94823551178,8289.723694324493,-21.10391855239868,-43.43181848526001,-30.70145845413208,-56.48374557495117
1,1901,19.01,7690.751254558563,9389.878809452057,8070.946037769318,8231.04590177536,-23.164749145507812,-46.82004451751709,-33.00219774246216,-58.6777925491333
1,1902,19.02,7665.570080280304,9339.746236801147,8035.796582698822,8170.232772827148,-25.181174278259277,-50.132572650909424,-35.149455070495605,-60.81312894821167
1,1903,19.03,7638.455033302307,9286.432266235352,7998.697757720947,8107.380568981171,-27.115046977996826,-53.3139705657959,-37.098824977874756,-62.85220384597778
1,1904,19.04,7609.536945819855,9230.143129825592,7959.87069606781,8042.600154876709,-28.918087482452393,-56.28913640975952,-38.82706165313721,-64.78041410446167
1,1905,19.05,7579.056620597839,9171.24718427658,7919.50911283493,7976.016700267792,-30.48032522201538,-58.89594554901123,-40.36158323287964,-66.58345460891724
1,1906,19.06,7547.4101305007935,9110.30888557434,7877.813279628754,7907.764613628387,-31.6464900970459,-60.93829870223999,-41.69583320617676,-68.2520866394043
1,1907,19.07,7515.111565589905,9048.03067445755,7834.9873423576355,7837.997078895569,-32.29856491088867,-62.27821111679077,-42.825937271118164,-69.7675347328186
1,1908,19.080000000000002,7482.686936855316,8985.121548175812,7791.283130645752,7766.934931278229,-32.42462873458862,-62.90912628173828,-43.704211711883545,-71.06214761734009
1,1909,19.09,7450.561821460724,8922.19215631485,7747.034132480621,7694.902122020721,-32.125115394592285,-62.929391860961914,-44.248998165130615,-72.03280925750732
1,1910,19.1,7419.0157651901245,8859.737515449524,7702.648937702179,7622.326910495758,-31.546056270599365,-62.45464086532593,-44.38519477844238,-72.57521152496338
1,1911,19.11,7388.233989477158,8798.18707704544,7658.573091030121,7549.721002578735,-30.78177571296692,-61.55043840408325,-44.075846672058105,-72.6059079170227
1,1912,19.12,7358.395159244537,8737.978041172028,7615.23962020874,7477.642893791199,-29.83883023262024,-60.209035873413086,-43.333470821380615,-72.07810878753662
1,1913,19.13,7329.743802547455,8679.577708244324,7573.023438453674,7406.667768955231,-28.65135669708252,-58.40033292770386,-42.21618175506592,-70.97512483596802
1,1914,19.14,7302.5840520858765,8623.455166816711,7532.216012477875,7337.3644053936005,-27.15975046157837,-56.122541427612305,-40.80742597579956,-69.30336356163025
1,1915,19.150000000000002,7277.218997478485,8570.024967193604,7493.027895689011,7270.282506942749,-25.365054607391357,-53.43019962310791,-39.188116788864136,-67.08189845085144
1,1916,19.16,7253.893613815308,8519.617021083832,7455.605119466782,7205.943763256073,-23.32538366317749,-50.40794610977173,-37.422776222229004,-64.33874368667603
1,1917,19.17,7232.759892940521,8472.49060869217,7420.045584440231,7144.822180271149,-21.133720874786377,-47.1264123916626,-35.55953502655029,-61.121582984924316
1,1918,19.18,7213.908284902573,8428.881466388702,7386.408746242523,7087.336033582687,-18.85160803794861,-43.6091423034668,-33.63683819770813,-57.486146688461304
1,1919,19.19,7197.403311729431,8389.042913913727,7354.720383882523,7033.834755420685,-16.50497317314148,-39.838552474975586,-31.68836236000061,-53.50127816200256
1,1920,19.2,7183.3160519599915,8353.248834609985,7324.967533349991,6984.601318836212,-14.087259769439697,-35.794079303741455,-29.75285053253174,-49.233436584472656
1,1921,19.21,7171.726077795029,8321.765959262848,7297.098785638809,6939.862966537476,-11.589974164962769,-31.48287534713745,-27.86874771118164,-44.73835229873657
1,1922,19.22,7162.694483995438,8294.815421104431,7271.033376455307,6899.80149269104,-9.031593799591064,-26.950538158416748,-26.065409183502197,-40.06147384643555
1,1923,19.23,7156.243175268173,8272.556066513062,7246.673405170441,6864.567250013351,-6.451308727264404,-22.25935459136963,-24.359971284866333,-35.2342426776886
1,1924,19.240000000000002,7152.353525161743,8255.10174036026,7223.916947841644,6834.283173084259,-3.8896501064300537,-17.454326152801514,-22.756457328796387,-30.284076929092407
1,1925,19.25,7150.987088680267,8242.550790309906,7202.664613723755,6809.046268463135,-1.36643648147583,-12.550950050354004,-21.252334117889404,-25.236904621124268
1,1926,19.26,7152.112424373627,8235.010206699371,7182.820588350296,6788.932979106903,1.125335693359375,-7.540583610534668,-19.844025373458862,-20.11328935623169
1,1927,19.27,7155.7095646858215,8232.592642307281,7164.291739463806,6773.99754524231,3.597140312194824,-2.4175643920898438,-18.528848886489868,-14.935433864593506
1,1928,19.28,7161.775231361389,8235.404193401337,7146.986275911331,6764.279901981354,6.065666675567627,2.811551094055176,-17.305463552474976,-9.71764326095581
1,1929,19.29,7170.30331492424,8243.523836135864,7130.81568479538,6759.811341762543,8.528083562850952,8.119642734527588,-16.170591115951538,-4.468560218811035
1,1930,19.3,7181.279808282852,8257.00432062149,7115.704268217087,6760.617196559906,10.97649335861206,13.48048448562622,-15.111416578292847,0.8058547973632812
1,1931,19.31,7194.681018590927,8275.87753534317,7101.588845252991,6766.719967126846,13.401210308074951,18.873214721679688,-14.11542296409607,6.102770566940308
1,1932,19.32,7210.487425327301,8300.17238855362,7088.420540094376,6778.138875961304,15.806406736373901,24.29485321044922,-13.168305158615112,11.418908834457397
1,1933,19.330000000000002,7228.690087795258,8329.922258853912,7076.166272163391,6794.888377189636,18.202662467956543,29.74987030029297,-12.254267930984497,16.74950122833252
1,1934,19.34,7249.298244714737,8365.163505077362,7064.804434776306,6816.978752613068,20.60815691947937,35.24124622344971,-11.361837387084961,22.090375423431396
1,1935,19.35,7272.327244281769,8405.921161174774,7054.3272793293,6844.419836997986,23.02899956703186,40.75765609741211,-10.477155447006226,27.441084384918213
1,1936,19.36,7297.794371843338,8452.197313308716,7044.738978147507,6877.222061157227,25.467127561569214,46.27615213394165,-9.588301181793213,32.80222415924072
1,1937,19.37,7325.695902109146,8503.958582878113,7036.069333553314,6915.40390253067,27.901530265808105,51.76126956939697,-8.669644594192505,38.1818413734436
1,1938,19.38,7356.017976999283,8561.148941516876,7028.364837169647,6958.98175239563,30.32207489013672,57.19035863876343,-7.704496383666992,43.57784986495972
1,1939,19.39,7388.749122619629,8623.688519001007,7021.676599979401,7007.966935634613,32.73114562034607,62.53957748413086,-6.688237190246582,48.985183238983154
1,1940,19.400000000000002,7423.887252807617,8691.478669643402,7016.055136919022,7062.35945224762,35.13813018798828,67.79015064239502,-5.621463060379028,54.39251661300659
1,1941,19.41,7461.448758840561,8764.393031597137,7011.542320251465,7122.147083282471,37.561506032943726,72.91436195373535,-4.512816667556763,59.787631034851074
1,1942,19.42,7501.450479030609,8842.258155345917,7008.177191019058,7187.3074769973755,40.00172019004822,77.8651237487793,-3.365129232406616,65.16039371490479
1,1943,19.43,7543.89226436615,8924.846947193146,7006.00266456604,7257.804572582245,42.44178533554077,82.588791847229,-2.1745264530181885,70.49709558486938
1,1944,19.44,7588.74773979187,9011.880457401276,7005.069404840469,7333.58770608902,44.855475425720215,87.03351020812988,-0.9332597255706787,75.7831335067749
1,1945,19.45,7635.967433452606,9103.032350540161,7005.433589220047,7414.5859479904175,47.219693660736084,91.1518931388855,0.3641843795776367,80.9982419013977
1,1946,19.46,7685.480415821075,9197.926223278046,7007.151395082474,7500.699460506439,49.51298236846924,94.89387273788452,1.7178058624267578,86.11351251602173
1,1947,19.47,7737.19996213913,9296.136796474457,7010.274678468704,7591.800093650818,51.7195463180542,98.21057319641113,3.1232833862304688,91.10063314437866
1,1948,19.48,7791.02087020874,9397.179186344147,7014.845460653305,7687.727510929108,53.820908069610596,101.04238986968994,4.57078218460083,95.9274172782898
1,1949,19.490000000000002,7846.815288066864,9500.50264596939,7020.8922028541565,7788.285315036774,55.79441785812378,103.32345962524414,6.04674220085144,100.55780410766602
1,1950,19.5,7904.423773288727,9605.490863323212,7028.433084487915,7893.2419419288635,57.60848522186279,104.9882173538208,7.540881633758545,104.95662689208984
1,1951,19.51,7963.652312755585,9711.46821975708,7037.4758541584015,8002.320826053619,59.22853946685791,105.97735643386841,9.04276967048645,109.07888412475586
1,1952,19.52,8024.274408817291,9817.713797092438,7048.014551401138,8115.196526050568,60.62209606170654,106.24557733535767,10.538697242736816,112.87569999694824
1,1953,19.53,8086.036145687103,9923.470318317413,7060.0369572639465,8231.49174451828,61.76173686981201,105.75652122497559,12.022405862808228,116.2952184677124
1,1954,19.54,8148.658871650696,10000.0,7073.526829481125,8350.776433944702,62.62272596359253,76.52968168258667,13.489872217178345,119.28468942642212
1,1955,19.55,8211.601078510284,10000.0,7088.434845209122,8470.982015132904,62.94220685958862,0.0,14.908015727996826,120.2055811882019
1,1956,19.56,8274.088501930237,10000.0,7104.901671409607,8586.423397064209,62.48742341995239,0.0,16.46682620048523,115.44138193130493
1,1957,19.57,8336.460590362549,10000.0,7123.817056417465,8693.560063838959,62.37208843231201,0.0,18.915385007858276,107.13666677474976
1,1958,19.580000000000002,8398.50664138794,10000.0,7145.966440439224,8790.015876293182,62.046051025390625,0.0,22.149384021759033,96.45581245422363
1,1959,19.59,8458.974063396454,10000.0,7171.57855629921,8873.987197875977,60.467422008514404,0.0,25.61211585998535,83.97132158279419
1,1960,19.6,8517.026603221893,10000.0,7200.682312250137,8944.990336894989,58.05253982543945,0.0,29.103755950927734,71.00313901901245
1,1961,19.61,8572.349846363068,10000.0,7233.120948076248,9003.632366657257,55.323243141174316,0.0,32.43863582611084,58.642029762268066
1,1962,19.62,8624.98253583908,10000.0,7268.607020378113,9051.348567008972,52.632689476013184,0.0,35.486072301864624,47.71620035171509
1,1963,19.63,8675.19587278366,10000.0,7306.712418794632,9090.051352977753,50.21333694458008,0.0,38.105398416519165,38.70278596878052
1,1964,19.64,8723.30754995346,10000.0,7346.898168325424,9121.739864349365,48.111677169799805,0.0,40.185749530792236,31.68851137161255
1,1965,19.650000000000002,8769.537508487701,10000.0,7388.59087228775,9148.205816745758,46.22995853424072,0.0,41.69270396232605,26.465952396392822
1,1966,19.66,8813.942670822144,10000.0,7431.282997131348,9170.871675014496,44.40516233444214,0.0,42.69212484359741,22.665858268737793
1,1967,19.67,8856.399953365326,10000.0,7474.599331617355,9190.736413002014,42.45728254318237,0.0,43.31633448600769,19.86473798751831
1,1968,19.68,8896.638751029968,10000.0,7518.313527107239,9208.411276340485,40.238797664642334,0.0,43.71419548988342,17.67486333847046
1,1969,19.69,8934.293687343597,10000.0,7562.324404716492,9224.232137203217,37.65493631362915,0.0,44.01087760925293,15.820860862731934
1,1970,19.7,8968.95945072174,10000.0,7606.612145900726,9238.414764404297,34.66576337814331,0.0,44.28774118423462,14.182627201080322
1,1971,19.71,9000.250101089478,10000.0,7651.188969612122,9251.198768615723,31.290650367736816,0.0,44.576823711395264,12.784004211425781
1,1972,19.72,9027.844965457916,10000.0,7696.0572600364685,9262.942969799042,27.59486436843872,0.0,44.868290424346924,11.744201183319092
1,1973,19.73,9051.518440246582,10000.0,7741.188108921051,9274.151623249054,23.67347478866577,0.0,45.13084888458252,11.208653450012207
1,1974,19.740000000000002,9071.143865585327,10000.0,7786.518037319183,9285.4243516922,19.625425338745117,0.0,45.329928398132324,11.272728443145752
1,1975,19.75,9086.678326129913,10000.0,7831.951081752777,9297.367632389069,15.534460544586182,0.0,45.43304443359375,11.943280696868896
1,1976,19.76,9098.139703273773,10000.0,7877.373397350311,9310.491383075714,11.461377143859863,0.0,45.42231559753418,13.123750686645508
1,1977,19.77,9105.587303638458,10000.0,7922.656536102295,9325.12879371643,7.447600364685059,0.0,45.28313875198364,14.637410640716553
1,1978,19.78,9109.12424325943,10000.0,7967.652380466461,9341.387450695038,3.5369396209716797,0.0,44.99584436416626,16.258656978607178
1,1979,19.79,9108.905792236328,10000.0,8012.186586856842,9359.152913093567,-0.21845102310180664,0.0,44.53420639038086,17.765462398529053
1,1980,19.8,9105.157554149628,10000.0,8056.043088436127,9378.134310245514,-3.7482380867004395,0.0,43.85650157928467,18.98139715194702
1,1981,19.81,9098.186194896698,10000.0,8098.957240581512,9397.921562194824,-6.9713592529296875,0.0,42.91415214538574,19.787251949310303
1,1982,19.82,9088.387787342072,10000.0,8140.616416931152,9418.06048154831,-9.798407554626465,0.0,41.65917634963989,20.138919353485107
1,1983,19.830000000000002,9076.222777366638,10000.0,8180.67193031311,9438.10909986496,-12.16500997543335,0.0,40.05551338195801,20.04861831665039
1,1984,19.84,9062.192738056183,10000.0,8218.761384487152,9457.676112651825,-14.030039310455322,0.0,38.08945417404175,19.567012786865234
1,1985,19.85,9046.804010868073,10000.0,8254.53907251358,9476.446509361267,-15.388727188110352,0.0,35.77768802642822,18.77039670944214
1,1986,19.86,9030.528366565704,10000.0,8287.706971168518,9494.180381298065,-16.275644302368164,0.0,33.167898654937744,17.733871936798096
1,1987,19.87,9013.776779174805,10000.0,8318.029940128326,9510.699212551117,-16.751587390899658,0.0,30.32296895980835,16.518831253051758
1,1988,19.88,8996.885120868683,10000.0,8345.357775688171,9525.874555110931,-16.891658306121826,0.0,27.32783555984497,15.175342559814453
1,1989,19.89,8980.109989643097,10000.0,8369.618654251099,9539.617002010345,-16.775131225585938,0.0,24.260878562927246,13.742446899414062
1,1990,19.900000000000002,8963.635861873627,10000.0,8390.813767910004,9551.860094070435,-16.474127769470215,0.0,21.19511365890503,12.243092060089111
1,1991,19.91,8947.579562664032,10000.0,8409.017026424408,9562.56479024887,-16.056299209594727,0.0,18.203258514404297,10.70469617843628
1,1992,19.92,8931.934237480164,10000.0,8424.391448497772,9571.77609205246,-15.645325183868408,0.0,15.374422073364258,9.211301803588867
1,1993,19.93,8916.564881801605,10000.0,8437.25472688675,9579.66148853302,-15.36935567855835,0.0,12.86327838897705,7.885396480560303
1,1994,19.94,8901.241719722748,10000.0,8447.943031787872,9586.438238620758,-15.323162078857422,0.0,10.688304901123047,6.776750087738037
1,1995,19.95,8885.742127895355,10000.0,8456.78836107254,9592.355489730835,-15.499591827392578,0.0,8.845329284667969,5.917251110076904
1,1996,19.96,8869.915008544922,10000.0,8464.06877040863,9597.6522564888,-15.82711935043335,0.0,7.280409336090088,5.296766757965088
1,1997,19.97,8853.676915168762,10000.0,8469.99317407608,9602.521359920502,-16.238093376159668,0.0,5.924403667449951,4.86910343170166
1,1998,19.98,8836.992681026459,10000.0,8474.700152873993,9607.08349943161,-16.684234142303467,0.0,4.706978797912598,4.562139511108398
1,1999,19.990000000000002,8819.848597049713,10000.0,8478.27523946762,9611.383378505707,-17.144083976745605,0.0,3.5750865936279297,4.29987907409668
