episode,step,time_s,u1_rpm,u2_rpm,u3_rpm,u4_rpm,du1_rpm,du2_rpm,du3_rpm,du4_rpm
1,0,0.0,5000.0,9189.26328420639,10000.0,8131.566047668457,0.0,0.0,0.0,0.0
1,1,0.02,5000.0,9091.009199619293,10000.0,8065.084218978882,0.0,-98.25408458709717,0.0,-66.4818286895752
1,2,0.04,5228.305757045746,9190.712571144104,10000.0,8028.656542301178,228.30575704574585,99.70337152481079,0.0,-36.42767667770386
1,3,0.06,6771.792769432068,9181.558191776276,10000.0,8795.131742954254,1543.487012386322,-9.15437936782837,0.0,766.4752006530762
1,4,0.08,9018.454253673553,8886.550664901733,8575.354218482971,9219.395518302917,2246.6614842414856,-295.00752687454224,-1424.6457815170288,424.26377534866333
1,5,0.1,10000.0,8727.953433990479,7143.947780132294,9722.985327243805,981.5457463264465,-158.59723091125488,-1431.4064383506775,503.58980894088745
1,6,0.12,10000.0,8638.988137245178,6268.4401869773865,10000.0,0.0,-88.9652967453003,-875.5075931549072,277.01467275619507
1,7,0.14,10000.0,8595.931231975555,5908.035933971405,10000.0,0.0,-43.0569052696228,-360.40425300598145,0.0
1,8,0.16,10000.0,8698.161542415619,6162.208169698715,10000.0,0.0,102.23031044006348,254.17223572731018,0.0
1,9,0.18,10000.0,8714.090287685394,6647.719889879227,10000.0,0.0,15.92874526977539,485.5117201805115,0.0
1,10,0.2,9793.966710567474,8720.907866954803,7166.397571563721,9784.140288829803,-206.03328943252563,6.81757926940918,518.677681684494,-215.85971117019653
1,11,0.22,9834.491312503815,8956.502079963684,7655.940651893616,9300.592243671417,40.52460193634033,235.59421300888062,489.543080329895,-483.54804515838623
1,12,0.24,10000.0,9309.069216251373,8328.329920768738,8838.3349776268,165.5086874961853,352.5671362876892,672.3892688751221,-462.2572660446167
1,13,0.26,10000.0,9584.977626800537,9351.80127620697,8611.679673194885,0.0,275.9084105491638,1023.4713554382324,-226.65530443191528
1,14,0.28,9802.314639091492,9828.11063528061,10000.0,8563.496172428131,-197.6853609085083,243.13300848007202,648.1987237930298,-48.18350076675415
1,15,0.3,9369.19629573822,10000.0,10000.0,8692.23266839981,-433.1183433532715,171.88936471939087,0.0,128.7364959716797
1,16,0.32,8847.565352916718,10000.0,10000.0,8683.31491947174,-521.6309428215027,0.0,0.0,-8.917748928070068
1,17,0.34,8412.960767745972,9987.31017112732,10000.0,8764.125406742096,-434.60458517074585,-12.689828872680664,0.0,80.81048727035522
1,18,0.36,8104.177415370941,9901.301860809326,10000.0,8988.165259361267,-308.7833523750305,-86.00831031799316,0.0,224.03985261917114
1,19,0.38,7951.472699642181,9721.88264131546,10000.0,9174.85922574997,-152.70471572875977,-179.41921949386597,0.0,186.6939663887024
1,20,0.4,7923.221588134766,9450.851082801819,10000.0,9322.333931922913,-28.25111150741577,-271.03155851364136,0.0,147.47470617294312
1,21,0.42,7929.681837558746,9253.914952278137,10000.0,9421.651661396027,6.460249423980713,-196.93613052368164,0.0,99.31772947311401
1,22,0.44,8086.17502450943,9087.860584259033,10000.0,9431.6765666008,156.4931869506836,-166.054368019104,0.0,10.02490520477295
1,23,0.46,8281.842470169067,8957.89086818695,10000.0,9360.295832157135,195.66744565963745,-129.96971607208252,0.0,-71.38073444366455
1,24,0.48,8442.54195690155,8867.956101894379,9989.866614341736,9253.48550081253,160.6994867324829,-89.93476629257202,-10.13338565826416,-106.81033134460449
1,25,0.5,8555.927872657776,8783.39409828186,9921.943545341492,9118.686318397522,113.38591575622559,-84.56200361251831,-67.92306900024414,-134.79918241500854
1,26,0.52,8688.746392726898,8739.228546619415,9791.266918182373,8994.83472108841,132.81852006912231,-44.16555166244507,-130.67662715911865,-123.85159730911255
1,27,0.54,8783.175647258759,8712.040781974792,9600.31807422638,8862.776160240173,94.42925453186035,-27.187764644622803,-190.94884395599365,-132.05856084823608
1,28,0.56,8842.107951641083,8634.925782680511,9374.799132347107,8716.760575771332,58.93230438232422,-77.114999294281,-225.51894187927246,-146.01558446884155
1,29,0.58,8874.42022562027,8589.890897274017,9128.247499465942,8545.786440372467,32.31227397918701,-45.03488540649414,-246.55163288116455,-170.97413539886475
1,30,0.6,8892.847001552582,8533.513247966766,8932.948112487793,8363.986313343048,18.42677593231201,-56.37764930725098,-195.2993869781494,-181.80012702941895
1,31,0.62,8843.267560005188,8517.761826515198,8813.914060592651,8229.618668556213,-49.5794415473938,-15.751421451568604,-119.0340518951416,-134.36764478683472
1,32,0.64,8754.118978977203,8514.257669448853,8784.722089767456,8151.266276836395,-89.14858102798462,-3.504157066345215,-29.191970825195312,-78.35239171981812
1,33,0.66,8654.153048992157,8474.091291427612,8790.895342826843,8104.167878627777,-99.96592998504639,-40.166378021240234,6.173253059387207,-47.098398208618164
1,34,0.68,8536.325693130493,8449.688255786896,8788.304924964905,8054.685890674591,-117.82735586166382,-24.403035640716553,-2.5904178619384766,-49.481987953186035
1,35,0.7000000000000001,8444.42903995514,8414.06136751175,8768.240809440613,7989.378273487091,-91.896653175354,-35.626888275146484,-20.064115524291992,-65.3076171875
1,36,0.72,8364.190757274628,8382.504880428314,8745.893836021423,7920.197248458862,-80.23828268051147,-31.55648708343506,-22.346973419189453,-69.18102502822876
1,37,0.74,8280.610144138336,8338.94968032837,8720.951080322266,7865.023910999298,-83.5806131362915,-43.55520009994507,-24.942755699157715,-55.17333745956421
1,38,0.76,8212.232887744904,8304.552137851715,8697.674870491028,7808.177471160889,-68.37725639343262,-34.39754247665405,-23.276209831237793,-56.846439838409424
1,39,0.78,8153.994083404541,8262.25370168686,8670.262098312378,7765.227258205414,-58.23880434036255,-42.29843616485596,-27.412772178649902,-42.95021295547485
1,40,0.8,8101.038038730621,8214.079141616821,8644.335865974426,7721.846103668213,-52.95604467391968,-48.17456007003784,-25.92623233795166,-43.38115453720093
1,41,0.8200000000000001,8053.566217422485,8170.605301856995,8604.190349578857,7689.296901226044,-47.471821308135986,-43.47383975982666,-40.14551639556885,-32.54920244216919
1,42,0.84,8012.188374996185,8131.751716136932,8563.324809074402,7657.134830951691,-41.37784242630005,-38.853585720062256,-40.865540504455566,-32.16207027435303
1,43,0.86,7977.278232574463,8081.824481487274,8526.909947395325,7630.671858787537,-34.91014242172241,-49.9272346496582,-36.41486167907715,-26.462972164154053
1,44,0.88,7939.349710941315,8041.043281555176,8482.581377029419,7607.007026672363,-37.92852163314819,-40.78119993209839,-44.32857036590576,-23.66483211517334
1,45,0.9,7909.913659095764,7997.474670410156,8436.986207962036,7591.612637042999,-29.436051845550537,-43.56861114501953,-45.59516906738281,-15.394389629364014
1,46,0.92,7887.78692483902,7955.44296503067,8396.974205970764,7580.742537975311,-22.126734256744385,-42.031705379486084,-40.01200199127197,-10.870099067687988
1,47,0.9400000000000001,7859.03126001358,7905.659973621368,8354.918360710144,7574.710249900818,-28.755664825439453,-49.78299140930176,-42.05584526062012,-6.032288074493408
1,48,0.96,7837.347090244293,7862.350344657898,8308.590054512024,7565.48672914505,-21.68416976928711,-43.30962896347046,-46.32830619812012,-9.223520755767822
1,49,0.98,7819.1933035850525,7828.048765659332,8281.055688858032,7563.141882419586,-18.153786659240723,-34.301578998565674,-27.5343656539917,-2.344846725463867
1,50,1.0,7796.688377857208,7787.752151489258,8257.812857627869,7558.347284793854,-22.50492572784424,-40.29661417007446,-23.242831230163574,-4.794597625732422
1,51,1.02,7776.629626750946,7747.694551944733,8245.533108711243,7549.3404269218445,-20.058751106262207,-40.05759954452515,-12.279748916625977,-9.006857872009277
1,52,1.04,7740.503251552582,7725.106179714203,8253.588080406189,7544.852197170258,-36.12637519836426,-22.588372230529785,8.054971694946289,-4.488229751586914
1,53,1.06,7720.782160758972,7715.324759483337,8279.074430465698,7523.040175437927,-19.72109079360962,-9.781420230865479,25.486350059509277,-21.812021732330322
1,54,1.08,7698.4646916389465,7706.311047077179,8299.426436424255,7498.706728219986,-22.317469120025635,-9.013712406158447,20.35200595855713,-24.333447217941284
1,55,1.1,7659.096419811249,7716.4241671562195,8342.39661693573,7475.118190050125,-39.368271827697754,10.113120079040527,42.97018051147461,-23.58853816986084
1,56,1.12,7608.7698340415955,7728.712260723114,8397.641777992249,7443.831413984299,-50.32658576965332,12.288093566894531,55.245161056518555,-31.286776065826416
1,57,1.1400000000000001,7556.626796722412,7747.731804847717,8443.016409873962,7418.86243224144,-52.14303731918335,19.01954412460327,45.37463188171387,-24.968981742858887
1,58,1.16,7501.056790351868,7751.204967498779,8491.255640983582,7396.901100873947,-55.570006370544434,3.4731626510620117,48.23923110961914,-21.961331367492676
1,59,1.18,7445.614337921143,7748.976647853851,8528.980016708374,7364.951819181442,-55.4424524307251,-2.2283196449279785,37.72437572479248,-31.949281692504883
1,60,1.2,7369.140088558197,7777.181565761566,8583.639860153198,7335.086017847061,-76.47424936294556,28.204917907714844,54.65984344482422,-29.865801334381104
1,61,1.22,7293.5231029987335,7783.820033073425,8647.40252494812,7307.086735963821,-75.6169855594635,6.638467311859131,63.762664794921875,-27.999281883239746
1,62,1.24,7216.337025165558,7798.672914505005,8712.121844291687,7272.982150316238,-77.18607783317566,14.85288143157959,64.7193193435669,-34.10458564758301
1,63,1.26,7129.789441823959,7829.770743846893,8761.802911758423,7247.37748503685,-86.54758334159851,31.097829341888428,49.68106746673584,-25.604665279388428
1,64,1.28,7068.0709183216095,7847.169637680054,8784.846067428589,7190.094739198685,-61.71852350234985,17.3988938331604,23.043155670166016,-57.28274583816528
1,65,1.3,7046.620547771454,7833.348512649536,8763.565421104431,7172.427028417587,-21.45037055015564,-13.821125030517578,-21.280646324157715,-17.667710781097412
1,66,1.32,7068.501114845276,7759.712040424347,8660.554885864258,7161.786109209061,21.88056707382202,-73.63647222518921,-103.01053524017334,-10.640919208526611
1,67,1.34,7129.569351673126,7654.69491481781,8528.81669998169,7206.587642431259,61.06823682785034,-105.01712560653687,-131.73818588256836,44.801533222198486
1,68,1.36,7285.780310630798,7507.9405307769775,8249.164819717407,7224.135249853134,156.21095895767212,-146.75438404083252,-279.6518802642822,17.547607421875
1,69,1.3800000000000001,7507.556080818176,7302.826941013336,7913.666367530823,7326.066046953201,221.77577018737793,-205.11358976364136,-335.4984521865845,101.93079710006714
1,70,1.4000000000000001,7853.51425409317,7081.477046012878,7360.031306743622,7473.053187131882,345.9581732749939,-221.34989500045776,-553.6350607872009,146.98714017868042
1,71,1.42,8252.754509449005,6762.824505567551,6850.481480360031,7720.715701580048,399.24025535583496,-318.65254044532776,-509.5498263835907,247.6625144481659
1,72,1.44,8659.188449382782,6540.413349866867,6391.678154468536,7935.991585254669,406.43393993377686,-222.4111557006836,-458.80332589149475,215.27588367462158
1,73,1.46,9074.276983737946,6379.667967557907,6097.932979464531,8099.198639392853,415.0885343551636,-160.74538230895996,-293.74517500400543,163.2070541381836
1,74,1.48,9389.146268367767,6343.9904153347015,5952.868536114693,8257.210850715637,314.8692846298218,-35.677552223205566,-145.06444334983826,158.01221132278442
1,75,1.5,9483.332633972168,6475.086212158203,5850.975662469864,8424.732387065887,94.18636560440063,131.0957968235016,-101.8928736448288,167.52153635025024
1,76,1.52,9630.262851715088,6879.218369722366,6015.722006559372,8387.612998485565,146.93021774291992,404.1321575641632,164.74634408950806,-37.119388580322266
1,77,1.54,10000.0,7154.776602983475,6448.622494935989,8432.874083518982,369.7371482849121,275.5582332611084,432.90048837661743,45.26108503341675
1,78,1.56,9667.985141277313,7347.498834133148,7986.605167388916,8128.162324428558,-332.01485872268677,192.72223114967346,1537.9826724529266,-304.7117590904236
1,79,1.58,7383.832633495331,8086.647093296051,9820.658564567566,7206.693738698959,-2284.1525077819824,739.1482591629028,1834.05339717865,-921.468585729599
1,80,1.6,5110.322451218963,9480.961263179779,10000.0,6277.466416358948,-2273.510182276368,1394.314169883728,179.34143543243408,-929.2273223400116
1,81,1.62,5000.0,9940.429031848907,10000.0,6243.864893913269,-110.32245121896267,459.4677686691284,0.0,-33.60152244567871
1,82,1.6400000000000001,5000.0,9733.82979631424,10000.0,5891.574919223785,0.0,-206.59923553466797,0.0,-352.28997468948364
1,83,1.6600000000000001,5000.0,10000.0,10000.0,5347.458012402058,0.0,266.1702036857605,0.0,-544.1169068217278
1,84,1.68,6308.887749910355,9074.821770191193,9117.099046707153,7160.765081644058,1308.8877499103546,-925.1782298088074,-882.9009532928467,1813.3070692420006
1,85,1.7,8463.669121265411,6545.464992523193,7644.373178482056,8823.350965976715,2154.7813713550568,-2529.3567776679993,-1472.7258682250977,1662.5858843326569
1,86,1.72,9997.502267360687,5058.377925306559,6433.479338884354,10000.0,1533.8331460952759,-1487.0870672166348,-1210.893839597702,1176.649034023285
1,87,1.74,10000.0,5000.0,5234.912671148777,10000.0,2.497732639312744,-58.37792530655861,-1198.5666677355766,0.0
1,88,1.76,10000.0,5413.068160414696,5589.877292513847,10000.0,0.0,413.06816041469574,354.96462136507034,0.0
1,89,1.78,10000.0,5096.434000879526,5731.877312064171,10000.0,0.0,-316.6341595351696,142.0000195503235,0.0
1,90,1.8,10000.0,5931.565538048744,6334.124207496643,10000.0,0.0,835.1315371692181,602.2468954324722,0.0
1,91,1.82,8675.035238265991,7167.866975069046,8389.452695846558,9287.51677274704,-1324.9647617340088,1236.3014370203018,2055.3284883499146,-712.4832272529602
1,92,1.84,6708.468645811081,8233.888447284698,9860.056042671204,7650.31099319458,-1966.5665924549103,1066.0214722156525,1470.603346824646,-1637.2057795524597
1,93,1.86,5404.736809432507,9926.212430000305,10000.0,6355.98212480545,-1303.7318363785744,1692.3239827156067,139.9439573287964,-1294.3288683891296
1,94,1.8800000000000001,5308.461710810661,10000.0,10000.0,5124.898925423622,-96.27509862184525,73.78756999969482,0.0,-1231.0831993818283
1,95,1.9000000000000001,5482.560321688652,9889.583587646484,10000.0,5089.83064442873,174.09861087799072,-110.41641235351562,0.0,-35.06828099489212
1,96,1.92,5020.823171362281,10000.0,10000.0,5000.0,-461.7371503263712,110.41641235351562,0.0,-89.83064442873001
1,97,1.94,6728.993058204651,10000.0,8751.088976860046,5096.645541489124,1708.16988684237,0.0,-1248.9110231399536,96.6455414891243
1,98,1.96,8798.504769802094,9859.117567539215,6570.413112640381,5885.685384273529,2069.5117115974426,-140.8824324607849,-2180.6758642196655,789.0398427844048
1,99,1.98,9993.6243891716,7376.162558794022,5017.961338162422,8588.776290416718,1195.1196193695068,-2482.9550087451935,-1552.4517744779587,2703.0909061431885
1,100,2.0,10000.0,5886.993929743767,5000.0,9858.798086643219,6.375610828399658,-1489.1686290502548,-17.96133816242218,1270.0217962265015
1,101,2.02,10000.0,5416.152328252792,5175.986588001251,10000.0,0.0,-470.8416014909744,175.98658800125122,141.201913356781
1,102,2.04,10000.0,5410.83998978138,5083.439871668816,10000.0,0.0,-5.312338471412659,-92.54671633243561,0.0
1,103,2.06,10000.0,5828.008130192757,5140.956789255142,10000.0,0.0,417.16814041137695,57.5169175863266,0.0
1,104,2.08,9729.823768138885,6783.260256052017,7408.771961927414,9940.69904088974,-270.1762318611145,955.2521258592606,2267.8151726722717,-59.30095911026001
1,105,2.1,6808.225512504578,8028.4252762794495,9632.166624069214,8626.47920846939,-2921.598255634308,1245.1650202274323,2223.3946621418,-1314.2198324203491
1,106,2.12,5000.0,9537.266790866852,10000.0,7427.738159894943,-1808.2255125045776,1508.8415145874023,367.83337593078613,-1198.7410485744476
1,107,2.14,5000.0,10000.0,10000.0,6418.228298425674,0.0,462.7332091331482,0.0,-1009.5098614692688
1,108,2.16,5094.818016514182,10000.0,10000.0,5903.216749429703,94.81801651418209,0.0,0.0,-515.0115489959717
1,109,2.18,5000.0,9969.628155231476,10000.0,5437.186248600483,-94.81801651418209,-30.37184476852417,0.0,-466.0305008292198
1,110,2.2,6092.49122440815,10000.0,9957.452416419983,5391.81474596262,1092.4912244081497,30.37184476852417,-42.54758358001709,-45.37150263786316
1,111,2.22,7370.043396949768,10000.0,9488.210678100586,6289.414316415787,1277.5521725416183,0.0,-469.241738319397,897.599570453167
1,112,2.24,9219.917356967926,7433.956116437912,7516.214847564697,8540.317714214325,1849.873960018158,-2566.043883562088,-1971.9958305358887,2250.903397798538
1,113,2.2600000000000002,10000.0,6148.471534252167,6531.448513269424,9917.960464954376,780.082643032074,-1285.4845821857452,-984.7663342952728,1377.6427507400513
1,114,2.2800000000000002,10000.0,5000.0,5291.175618767738,10000.0,0.0,-1148.4715342521667,-1240.272894501686,82.03953504562378
1,115,2.3000000000000003,10000.0,5552.20253765583,5417.55422949791,9958.049356937408,0.0,552.2025376558304,126.3786107301712,-41.95064306259155
1,116,2.32,10000.0,5395.770147442818,5672.428384423256,10000.0,0.0,-156.4323902130127,254.87415492534637,41.95064306259155
1,117,2.34,10000.0,6208.704635500908,6069.606691598892,10000.0,0.0,812.9344880580902,397.1783071756363,0.0
1,118,2.36,8554.744124412537,7591.2293791770935,8501.917719841003,9714.038670063019,-1445.2558755874634,1382.5247436761856,2432.311028242111,-285.9613299369812
1,119,2.38,6176.2771010398865,8595.145642757416,9949.57685470581,8460.386097431183,-2378.46702337265,1003.9162635803223,1447.6591348648071,-1253.652572631836
1,120,2.4,5000.0,9996.888637542725,10000.0,7240.294367074966,-1176.2771010398865,1401.7429947853088,50.42314529418945,-1220.0917303562164
1,121,2.42,5000.0,10000.0,10000.0,6109.441965818405,0.0,3.1113624572753906,0.0,-1130.8524012565613
1,122,2.44,5190.886743366718,9996.271431446075,10000.0,5497.155748307705,190.8867433667183,-3.7285685539245605,0.0,-612.2862175107002
1,123,2.46,5173.556134104729,10000.0,10000.0,5000.0,-17.330609261989594,3.7285685539245605,0.0,-497.1557483077049
1,124,2.48,7192.644774913788,10000.0,8912.952542304993,5250.233598053455,2019.0886408090591,0.0,-1087.0474576950073,250.23359805345535
1,125,2.5,9158.747494220734,9216.834604740143,6535.453349351883,6768.405586481094,1966.1027193069458,-783.1653952598572,-2377.4991929531097,1518.171988427639
1,126,2.52,10000.0,7278.078943490982,5014.304406940937,9146.093428134918,841.2525057792664,-1938.7556612491608,-1521.148942410946,2377.687841653824
1,127,2.54,10000.0,5507.840216159821,5000.0,10000.0,0.0,-1770.2387273311615,-14.304406940937042,853.9065718650818
1,128,2.56,10000.0,5459.090322256088,5281.274914741516,10000.0,0.0,-48.7498939037323,281.2749147415161,0.0
1,129,2.58,10000.0,5438.762828707695,5298.326015472412,10000.0,0.0,-20.32749354839325,17.051100730895996,0.0
1,130,2.6,10000.0,5983.414128422737,5616.674832999706,10000.0,0.0,544.6512997150421,318.34881752729416,0.0
1,131,2.62,9241.827428340912,7176.8540143966675,8135.499954223633,10000.0,-758.1725716590881,1193.4398859739304,2518.8251212239265,0.0
1,132,2.64,6561.012715101242,8288.92171382904,9813.8827085495,8751.688301563263,-2680.81471323967,1112.067699432373,1678.3827543258667,-1248.311698436737
1,133,2.66,5000.0,9684.836566448212,10000.0,7829.281389713287,-1561.012715101242,1395.9148526191711,186.1172914505005,-922.4069118499756
1,134,2.68,5000.0,10000.0,10000.0,6819.771379232407,0.0,315.16343355178833,0.0,-1009.5100104808807
1,135,2.7,5178.056284785271,9995.745718479156,10000.0,5976.036489009857,178.0562847852707,-4.254281520843506,0.0,-843.7348902225494
1,136,2.72,5000.0,10000.0,10000.0,5438.435114920139,-178.0562847852707,4.254281520843506,0.0,-537.6013740897179
1,137,2.74,6549.599468708038,10000.0,9759.491086006165,5416.038371622562,1549.5994687080383,0.0,-240.50891399383545,-22.396743297576904
1,138,2.7600000000000002,8254.685699939728,10000.0,8575.196862220764,5846.83895111084,1705.0862312316895,0.0,-1184.2942237854004,430.80057948827744
1,139,2.7800000000000002,9762.369096279144,8276.618719100952,5899.728238582611,8077.928721904755,1507.6833963394165,-1723.3812808990479,-2675.468623638153,2231.089770793915
1,140,2.8000000000000003,10000.0,6841.982007026672,5005.4435059428215,9842.879474163055,237.6309037208557,-1434.6367120742798,-894.2847326397896,1764.9507522583008
1,141,2.82,10000.0,5338.8988226652145,5013.933554291725,10000.0,0.0,-1503.0831843614578,8.490048348903656,157.12052583694458
1,142,2.84,10000.0,5556.145682930946,5362.4992072582245,10000.0,0.0,217.2468602657318,348.56565296649933,0.0
1,143,2.86,10000.0,5582.313165068626,5439.778044819832,10000.0,0.0,26.167482137680054,77.27883756160736,0.0
1,144,2.88,9926.73009634018,6518.688052892685,7037.721127271652,10000.0,-73.26990365982056,936.3748878240585,1597.9430824518204,0.0
1,145,2.9,7527.9077887535095,7685.639262199402,9264.435768127441,9524.426758289337,-2398.82230758667,1166.951209306717,2226.714640855789,-475.57324171066284
1,146,2.92,5268.221087753773,8808.0894947052,10000.0,8591.319918632507,-2259.686700999737,1122.4502325057983,735.5642318725586,-933.1068396568298
1,147,2.94,5000.0,9937.055706977844,10000.0,7751.416265964508,-268.22108775377274,1128.966212272644,0.0,-839.9036526679993
1,148,2.96,5026.226108893752,10000.0,10000.0,6640.923172235489,26.226108893752098,62.94429302215576,0.0,-1110.4930937290192
1,149,2.98,5000.0,9893.970787525177,10000.0,5798.7938821315765,-26.226108893752098,-106.029212474823,0.0,-842.1292901039124
1,150,3.0,5570.154041051865,10000.0,10000.0,5297.454819083214,570.1540410518646,106.029212474823,0.0,-501.33906304836273
1,151,3.02,7767.77058839798,10000.0,8796.65493965149,5470.65231949091,2197.616547346115,0.0,-1203.3450603485107,173.19750040769577
1,152,3.04,9382.676780223846,9598.067998886108,6559.760868549347,6583.231240510941,1614.9061918258667,-401.9320011138916,-2236.8940711021423,1112.578921020031
1,153,3.06,10000.0,7776.490747928619,5114.58283290267,9017.236232757568,617.3232197761536,-1821.577250957489,-1445.178035646677,2434.004992246628
1,154,3.08,10000.0,5929.010137915611,5000.0,10000.0,0.0,-1847.4806100130081,-114.5828329026699,982.7637672424316
1,155,3.1,10000.0,5505.681708455086,5333.099439740181,10000.0,0.0,-423.3284294605255,333.09943974018097,0.0
1,156,3.12,10000.0,5403.228849172592,5378.183871507645,10000.0,0.0,-102.45285928249359,45.084431767463684,0.0
1,157,3.14,10000.0,5750.01634657383,5930.832996964455,10000.0,0.0,346.7874974012375,552.64912545681,0.0
1,158,3.16,8511.696755886078,6935.339272022247,8589.827418327332,10000.0,-1488.3032441139221,1185.3229254484177,2658.994421362877,0.0
1,159,3.18,5931.5793961286545,7792.493999004364,10000.0,8979.834616184235,-2580.1173597574234,857.1547269821167,1410.1725816726685,-1020.1653838157654
1,160,3.2,5000.0,9263.209104537964,10000.0,8217.943012714386,-931.5793961286545,1470.7151055335999,0.0,-761.8916034698486
1,161,3.22,5000.0,10000.0,10000.0,7312.922924757004,0.0,736.7908954620361,0.0,-905.0200879573822
1,162,3.24,5164.208337664604,9998.477399349213,10000.0,6011.980473995209,164.2083376646042,-1.5226006507873535,0.0,-1300.942450761795
1,163,3.2600000000000002,5008.098436519504,10000.0,10000.0,5306.208617985249,-156.1099011451006,1.5226006507873535,0.0,-705.7718560099602
1,164,3.2800000000000002,6838.638186454773,10000.0,9430.57656288147,5309.520326554775,1830.5397499352694,0.0,-569.4234371185303,3.3117085695266724
1,165,3.3000000000000003,8787.564933300018,10000.0,7787.571549415588,5426.9832745194435,1948.9267468452454,0.0,-1643.0050134658813,117.46294796466827
1,166,3.3200000000000003,9897.813498973846,8714.126646518707,5422.980152070522,7579.101622104645,1110.2485656738281,-1285.8733534812927,-2364.591397345066,2152.1183475852013
1,167,3.34,10000.0,7133.955657482147,5000.0,9553.945660591125,102.18650102615356,-1580.17098903656,-422.9801520705223,1974.8440384864807
1,168,3.36,10000.0,5691.530033946037,5274.893939495087,10000.0,0.0,-1442.42562353611,274.89393949508667,446.0543394088745
1,169,3.38,10000.0,5550.524890422821,5343.213230371475,10000.0,0.0,-141.00514352321625,68.31929087638855,0.0
1,170,3.4,10000.0,5459.518805146217,5309.007167816162,10000.0,0.0,-91.0060852766037,-34.20606255531311,0.0
1,171,3.42,9785.732328891754,6064.018532633781,7196.324318647385,10000.0,-214.26767110824585,604.4997274875641,1887.3171508312225,0.0
1,172,3.44,7626.7993450164795,6974.357217550278,9262.765049934387,9729.255735874176,-2158.9329838752747,910.3386849164963,2066.4407312870026,-270.744264125824
1,173,3.46,5341.083742678165,7976.1746525764465,10000.0,8762.739300727844,-2285.715602338314,1001.8174350261688,737.2349500656128,-966.5164351463318
1,174,3.48,5000.0,9324.65672492981,10000.0,7981.339693069458,-341.08374267816544,1348.482072353363,0.0,-781.3996076583862
1,175,3.5,5020.420243963599,10000.0,10000.0,6942.105144262314,20.420243963599205,675.3432750701904,0.0,-1039.2345488071442
1,176,3.52,5072.609772905707,9928.716123104095,10000.0,5795.116424560547,52.189528942108154,-71.28387689590454,0.0,-1146.988719701767
1,177,3.54,5564.516335725784,10000.0,10000.0,5279.3750911951065,491.90656282007694,71.28387689590454,0.0,-515.7413333654404
1,178,3.56,7427.548468112946,10000.0,8954.681754112244,5348.445512354374,1863.0321323871613,0.0,-1045.3182458877563,69.07042115926743
1,179,3.58,9111.216068267822,10000.0,7060.310989618301,5332.343615591526,1683.6676001548767,0.0,-1894.3707644939423,-16.1018967628479
1,180,3.6,9932.443797588348,8600.977957248688,5154.746919870377,7644.697725772858,821.2277293205261,-1399.0220427513123,-1905.5640697479248,2312.3541101813316
1,181,3.62,10000.0,6897.292584180832,5011.054128408432,9558.072984218597,67.55620241165161,-1703.6853730678558,-143.69279146194458,1913.3752584457397
1,182,3.64,10000.0,5638.871788978577,5392.319038510323,10000.0,0.0,-1258.4207952022552,381.26491010189056,441.9270157814026
1,183,3.66,10000.0,5462.0034992694855,5355.486646294594,10000.0,0.0,-176.8682897090912,-36.83239221572876,0.0
1,184,3.68,10000.0,5359.749123454094,5299.834236502647,9991.948306560516,0.0,-102.25437581539154,-55.65240979194641,-8.051693439483643
1,185,3.7,9182.33722448349,5988.833159208298,7980.363368988037,10000.0,-817.66277551651,629.0840357542038,2680.5291324853897,8.051693439483643
1,186,3.72,6907.113194465637,6716.937869787216,9670.689105987549,9569.898545742035,-2275.224030017853,728.1047105789185,1690.3257369995117,-430.1014542579651
1,187,3.74,5000.0,7739.406228065491,10000.0,8745.717704296112,-1907.1131944656372,1022.4683582782745,329.3108940124512,-824.1808414459229
1,188,3.7600000000000002,5000.0,8949.42045211792,10000.0,8087.178170681,0.0,1210.0142240524292,0.0,-658.5395336151123
1,189,3.7800000000000002,5042.387014254928,9810.437262058258,10000.0,6944.28876042366,42.387014254927635,861.0168099403381,0.0,-1142.8894102573395
1,190,3.8000000000000003,5000.009601935744,9979.239702224731,10000.0,5694.737583398819,-42.37741231918335,168.8024401664734,0.0,-1249.5511770248413
1,191,3.8200000000000003,6210.249364376068,10000.0,10000.0,5262.424051761627,1210.2397624403238,20.760297775268555,0.0,-432.3135316371918
1,192,3.84,7931.5027594566345,10000.0,8666.45872592926,5184.052772819996,1721.2533950805664,0.0,-1333.5412740707397,-78.37127894163132
1,193,3.86,9411.273002624512,10000.0,6567.247360944748,5036.042220890522,1479.7702431678772,0.0,-2099.2113649845123,-148.01055192947388
1,194,3.88,9972.348511219025,9193.324148654938,5038.335472345352,6910.105794668198,561.0755085945129,-806.6758513450623,-1528.9118885993958,1874.0635737776756
1,195,3.9,10000.0,7418.943792581558,5167.152192443609,9152.04107761383,27.651488780975342,-1774.3803560733795,128.81672009825706,2241.935282945633
1,196,3.92,10000.0,6099.16590154171,5465.639904141426,10000.0,0.0,-1319.7778910398483,298.48771169781685,847.9589223861694
1,197,3.94,10000.0,5520.650669932365,5323.744565248489,10000.0,0.0,-578.5152316093445,-141.8953388929367,0.0
1,198,3.96,10000.0,5299.186948686838,5198.057442903519,10000.0,0.0,-221.46372124552727,-125.6871223449707,0.0
1,199,3.98,9043.098986148834,5648.533925414085,7875.456809997559,10000.0,-956.9010138511658,349.34697672724724,2677.39936709404,0.0
1,200,4.0,6807.794868946075,6235.9824776649475,9700.125455856323,9760.859310626984,-2235.304117202759,587.4485522508621,1824.6686458587646,-239.14068937301636
1,201,4.0200000000000005,5000.0,7032.068222761154,10000.0,9122.771322727203,-1807.7948689460754,796.0857450962067,299.87454414367676,-638.0879878997803
1,202,4.04,5000.0,8122.082948684692,10000.0,8492.612540721893,0.0,1090.0147259235382,0.0,-630.1587820053101
1,203,4.0600000000000005,5000.0,9042.47522354126,10000.0,7808.743417263031,0.0,920.3922748565674,0.0,-683.8691234588623
1,204,4.08,5000.0,9869.084060192108,10000.0,6222.013682126999,0.0,826.6088366508484,0.0,-1586.729735136032
1,205,4.1,5891.61217212677,10000.0,10000.0,5231.804884970188,891.61217212677,130.91593980789185,0.0,-990.2087971568108
1,206,4.12,7791.082859039307,10000.0,8781.789541244507,5195.154510438442,1899.4706869125366,0.0,-1218.2104587554932,-36.65037453174591
1,207,4.14,9313.338696956635,10000.0,7104.733437299728,5000.0,1522.2558379173279,0.0,-1677.0561039447784,-195.15451043844223
1,208,4.16,10000.0,10000.0,5344.318673014641,5262.768976390362,686.6613030433655,0.0,-1760.4147642850876,262.7689763903618
1,209,4.18,10000.0,8717.452585697174,5178.0711859464645,7501.079142093658,0.0,-1282.547414302826,-166.24748706817627,2238.3101657032967
1,210,4.2,10000.0,7410.7058346271515,5556.75595998764,9121.941328048706,0.0,-1306.7467510700226,378.68477404117584,1620.8621859550476
1,211,4.22,10000.0,6267.845034599304,5420.6569492816925,10000.0,0.0,-1142.8608000278473,-136.09901070594788,878.058671951294
1,212,4.24,10000.0,5436.720848083496,5315.835475921631,10000.0,0.0,-831.1241865158081,-104.82147336006165,0.0
1,213,4.26,9728.719890117645,5293.541941791773,6526.743322610855,10000.0,-271.28010988235474,-143.17890629172325,1210.9078466892242,0.0
1,214,4.28,7294.7074472904205,5693.502575159073,9321.832656860352,10000.0,-2434.0124428272247,399.96063336730003,2795.0893342494965,0.0
1,215,4.3,5120.365163311362,6015.61427116394,10000.0,9613.376557826996,-2174.3422839790583,322.11169600486755,678.1673431396484,-386.62344217300415
1,216,4.32,5000.0,6918.97913813591,10000.0,9240.182936191559,-120.36516331136227,903.3648669719696,0.0,-373.193621635437
1,217,4.34,5000.0,7782.190442085266,10000.0,8919.581472873688,0.0,863.2113039493561,0.0,-320.6014633178711
1,218,4.36,5000.0,8985.957503318787,10000.0,7740.162312984467,0.0,1203.7670612335205,0.0,-1179.4191598892212
1,219,4.38,5078.302761539817,10000.0,10000.0,5969.722718000412,78.30276153981686,1014.0424966812134,0.0,-1770.4395949840546
1,220,4.4,6422.731280326843,10000.0,10000.0,5000.0,1344.4285187870264,0.0,0.0,-969.722718000412
1,221,4.42,8725.740611553192,10000.0,8057.628273963928,5000.0,2303.009331226349,0.0,-1942.3717260360718,0.0
1,222,4.44,10000.0,10000.0,6222.634464502335,5000.0,1274.2593884468079,0.0,-1834.9938094615936,0.0
1,223,4.46,10000.0,9754.561483860016,5056.993700563908,5678.544342517853,0.0,-245.43851613998413,-1165.640763938427,678.5443425178528
1,224,4.48,10000.0,8505.923449993134,5479.704886674881,7881.2918066978455,0.0,-1248.6380338668823,422.71118611097336,2202.7474641799927
1,225,4.5,10000.0,7463.068813085556,5619.313567876816,9149.518013000488,0.0,-1042.8546369075775,139.60868120193481,1268.2262063026428
1,226,4.5200000000000005,10000.0,6346.916705369949,5273.970514535904,10000.0,0.0,-1116.1521077156067,-345.34305334091187,850.4819869995117
1,227,4.54,10000.0,5615.4923141002655,5326.8863260746,10000.0,0.0,-731.4243912696838,52.91581153869629,0.0
1,228,4.5600000000000005,9567.751288414001,5430.269464850426,6864.15359377861,10000.0,-432.24871158599854,-185.22284924983978,1537.26726770401,0.0
1,229,4.58,7094.324827194214,5764.724165201187,9419.081211090088,10000.0,-2473.4264612197876,334.4547003507614,2554.9276173114777,0.0
1,230,4.6000000000000005,5000.0,6036.721765995026,10000.0,9588.578045368195,-2094.324827194214,271.9976007938385,580.9187889099121,-411.4219546318054
1,231,4.62,5000.0,7020.12374997139,10000.0,9186.64962053299,0.0,983.4019839763641,0.0,-401.9284248352051
1,232,4.64,5000.0,7726.353406906128,10000.0,8899.45924282074,0.0,706.2296569347382,0.0,-287.19037771224976
1,233,4.66,5000.0,9007.038474082947,10000.0,7638.386785984039,0.0,1280.6850671768188,0.0,-1261.0724568367004
1,234,4.68,5233.89395326376,9999.3896484375,10000.0,6014.804989099503,233.8939532637596,992.3511743545532,0.0,-1623.5817968845367
1,235,4.7,6831.5669894218445,10000.0,9665.382504463196,5119.091980159283,1597.6730361580849,0.6103515625,-334.6174955368042,-895.7130089402199
1,236,4.72,8858.239352703094,10000.0,7782.149910926819,5000.0,2026.67236328125,0.0,-1883.232593536377,-119.09198015928268
1,237,4.74,10000.0,10000.0,5898.989364504814,5000.0,1141.7606472969055,0.0,-1883.1605464220047,0.0
1,238,4.76,10000.0,9951.42787694931,5000.0,5403.56207638979,0.0,-48.5721230506897,-898.9893645048141,403.5620763897896
1,239,4.78,10000.0,9184.38583612442,5497.530475258827,7194.903343915939,0.0,-767.0420408248901,497.5304752588272,1791.3412675261497
1,240,4.8,10000.0,8191.938698291779,5606.764107942581,8680.056035518646,0.0,-992.4471378326416,109.23363268375397,1485.152691602707
1,241,4.82,10000.0,7021.514475345612,5368.708148598671,9854.792058467865,0.0,-1170.424222946167,-238.05595934391022,1174.7360229492188
1,242,4.84,10000.0,5881.724953651428,5458.201915025711,10000.0,0.0,-1139.7895216941833,89.4937664270401,145.207941532135
1,243,4.86,9838.187396526337,5384.661182761192,6766.25594496727,10000.0,-161.81260347366333,-497.0637708902359,1308.0540299415588,0.0
1,244,4.88,7297.482788562775,5530.735477805138,9297.79052734375,10000.0,-2540.704607963562,146.0742950439453,2531.53458237648,0.0
1,245,4.9,5126.649895682931,5743.472874164581,10000.0,9774.59341287613,-2170.8328928798437,212.73739635944366,702.20947265625,-225.40658712387085
1,246,4.92,5000.0,6297.784298658371,10000.0,9602.460861206055,-126.64989568293095,554.3114244937897,0.0,-172.13255167007446
1,247,4.94,5000.0,7044.2356169223785,10000.0,9414.497911930084,0.0,746.4513182640076,0.0,-187.96294927597046
1,248,4.96,5000.0,7961.049675941467,10000.0,8751.046359539032,0.0,916.8140590190887,0.0,-663.4515523910522
1,249,4.98,5000.0,9317.27021932602,10000.0,7181.839346885681,0.0,1356.220543384552,0.0,-1569.2070126533508
1,250,5.0,5389.232747256756,10000.0,10000.0,5388.912446796894,389.23274725675583,682.7297806739807,0.0,-1792.926900088787
1,251,5.0200000000000005,7778.472900390625,10000.0,8556.897044181824,5000.0,2389.240153133869,0.0,-1443.1029558181763,-388.9124467968941
1,252,5.04,9704.943597316742,10000.0,6523.224711418152,5000.0,1926.470696926117,0.0,-2033.6723327636719,0.0
1,253,5.0600000000000005,10000.0,10000.0,5059.487782418728,5000.0,295.05640268325806,0.0,-1463.736928999424,0.0
1,254,5.08,10000.0,9749.77821111679,5197.324641048908,6058.157235383987,0.0,-250.22178888320923,137.83685863018036,1058.1572353839874
1,255,5.1000000000000005,10000.0,9148.831069469452,5587.441995739937,7560.167610645294,0.0,-600.9471416473389,390.1173546910286,1502.0103752613068
1,256,5.12,10000.0,8179.439306259155,5609.339997172356,8895.5357670784,0.0,-969.3917632102966,21.898001432418823,1335.3681564331055
1,257,5.14,10000.0,7025.41396021843,5381.287336349487,9858.34389925003,0.0,-1154.0253460407257,-228.05266082286835,962.8081321716309
1,258,5.16,10000.0,5932.602211833,6037.384495139122,10000.0,0.0,-1092.8117483854294,656.0971587896347,141.65610074996948
1,259,5.18,8918.050825595856,5465.926006436348,7909.719347953796,10000.0,-1081.9491744041443,-466.6762053966522,1872.3348528146744,0.0
1,260,5.2,6368.144601583481,5495.399907231331,9877.800345420837,10000.0,-2549.906224012375,29.47390079498291,1968.080997467041,0.0
1,261,5.22,5000.0,5693.788379430771,10000.0,9764.398634433746,-1368.1446015834808,198.38847219944,122.1996545791626,-235.60136556625366
1,262,5.24,5000.0,6331.250816583633,10000.0,9661.461412906647,0.0,637.4624371528625,0.0,-102.93722152709961
1,263,5.26,5000.0,7006.989568471909,10000.0,9501.542747020721,0.0,675.7387518882751,0.0,-159.9186658859253
1,264,5.28,5000.0,8155.823647975922,10000.0,8539.59172964096,0.0,1148.834079504013,0.0,-961.9510173797607
1,265,5.3,5000.0,9600.693583488464,10000.0,6691.552847623825,0.0,1444.8699355125427,0.0,-1848.0388820171356
1,266,5.32,6043.718084692955,10000.0,9774.702787399292,5009.71507281065,1043.718084692955,399.30641651153564,-225.297212600708,-1681.8377748131752
1,267,5.34,8838.209211826324,10000.0,7504.076957702637,5000.0,2794.4911271333694,0.0,-2270.6258296966553,-9.715072810649872
1,268,5.36,10000.0,10000.0,5611.83787882328,5000.0,1161.7907881736755,0.0,-1892.2390788793564,0.0
1,269,5.38,10000.0,10000.0,5000.0,5150.608494877815,0.0,0.0,-611.8378788232803,150.60849487781525
1,270,5.4,10000.0,9576.656520366669,5552.883669734001,6612.880080938339,0.0,-423.3434796333313,552.8836697340012,1462.271586060524
1,271,5.42,10000.0,9034.716784954071,5475.4383862018585,7739.907503128052,0.0,-541.9397354125977,-77.44528353214264,1127.0274221897125
1,272,5.44,10000.0,8035.0154638290405,5477.178394794464,9192.960262298584,0.0,-999.7013211250305,1.7400085926055908,1453.0527591705322
1,273,5.46,10000.0,6855.2835285663605,5331.328138709068,9987.384378910065,0.0,-1179.73193526268,-145.8502560853958,794.4241166114807
1,274,5.48,10000.0,5808.364897966385,6080.8031260967255,10000.0,0.0,-1046.9186305999756,749.4749873876572,12.615621089935303
1,275,5.5,8561.633229255676,5492.167621850967,8199.406266212463,10000.0,-1438.3667707443237,-316.1972761154175,2118.603140115738,0.0
1,276,5.5200000000000005,6029.5891761779785,5525.186508893967,10000.0,10000.0,-2532.0440530776978,33.01888704299927,1800.5937337875366,0.0
1,277,5.54,5000.0,5817.487686872482,10000.0,9726.790487766266,-1029.5891761779785,292.3011779785156,0.0,-273.20951223373413
1,278,5.5600000000000005,5000.0,6517.679244279861,10000.0,9520.021378993988,0.0,700.1915574073792,0.0,-206.76910877227783
1,279,5.58,5000.0,7195.325195789337,10000.0,9273.743033409119,0.0,677.6459515094757,0.0,-246.27834558486938
1,280,5.6000000000000005,5000.0,8443.505465984344,9972.602725028992,8192.291557788849,0.0,1248.1802701950073,-27.3972749710083,-1081.4514756202698
1,281,5.62,5079.17414419353,9764.403998851776,10000.0,6510.58629155159,79.17414419353008,1320.8985328674316,27.3972749710083,-1681.705266237259
1,282,5.64,5913.079679012299,10000.0,9856.78255558014,5073.200762271881,833.9055348187685,235.59600114822388,-143.21744441986084,-1437.3855292797089
1,283,5.66,8484.189510345459,10000.0,7695.122957229614,5000.0,2571.1098313331604,0.0,-2161.659598350525,-73.2007622718811
1,284,5.68,10000.0,10000.0,5729.490220546722,5000.0,1515.810489654541,0.0,-1965.6327366828918,0.0
1,285,5.7,10000.0,10000.0,5000.0,5115.2681186795235,0.0,0.0,-729.4902205467224,115.26811867952347
1,286,5.72,10000.0,9645.9299325943,5430.440083146095,6592.530757188797,0.0,-354.0700674057007,430.4400831460953,1477.2626385092735
1,287,5.74,10000.0,9109.313786029816,5376.317165791988,7910.48526763916,0.0,-536.6161465644836,-54.1229173541069,1317.9545104503632
1,288,5.76,10000.0,8026.255667209625,5433.95422399044,9307.965338230133,0.0,-1083.0581188201904,57.637058198451996,1397.480070590973
1,289,5.78,10000.0,6824.7851729393005,5234.777629375458,10000.0,0.0,-1201.4704942703247,-199.1765946149826,692.034661769867
1,290,5.8,10000.0,5782.711952924728,6086.670905351639,10000.0,0.0,-1042.0732200145721,851.893275976181,0.0
1,291,5.82,8406.362235546112,5483.524799346924,8180.135488510132,10000.0,-1593.637764453888,-299.18715357780457,2093.464583158493,0.0
1,292,5.84,5931.130275130272,5526.734814047813,10000.0,10000.0,-2475.23196041584,43.21001470088959,1819.8645114898682,0.0
1,293,5.86,5000.0,5835.253074765205,10000.0,9723.744690418243,-931.1302751302719,308.51826071739197,0.0,-276.2553095817566
1,294,5.88,5000.0,6535.1444482803345,10000.0,9501.902759075165,0.0,699.8913735151291,0.0,-221.8419313430786
1,295,5.9,5000.0,7137.017548084259,10000.0,9312.936961650848,0.0,601.8730998039246,0.0,-188.9657974243164
1,296,5.92,5000.0,8375.919163227081,9972.593784332275,8243.142068386078,0.0,1238.9016151428223,-27.40621566772461,-1069.7948932647705
1,297,5.94,5000.0,9746.264815330505,10000.0,6547.60554432869,0.0,1370.345652103424,27.40621566772461,-1695.5365240573883
1,298,5.96,5647.588893771172,10000.0,9891.7955160141,5006.08716160059,647.5888937711716,253.73518466949463,-108.20448398590088,-1541.5183827280998
1,299,5.98,8290.778696537018,10000.0,7666.810154914856,5000.0,2643.1898027658463,0.0,-2224.985361099243,-6.087161600589752
1,300,6.0,9956.923425197601,10000.0,5683.183819055557,5000.0,1666.1447286605835,0.0,-1983.6263358592987,0.0
1,301,6.0200000000000005,10000.0,10000.0,5000.0,5212.582349777222,43.07657480239868,0.0,-683.1838190555573,212.58234977722168
1,302,6.04,10000.0,9376.017153263092,5507.580786943436,6932.704895734787,0.0,-623.982846736908,507.58078694343567,1720.1225459575653
1,303,6.0600000000000005,10000.0,8658.347427845001,5407.255180180073,8299.438059329987,0.0,-717.6697254180908,-100.32560676336288,1366.7331635951996
1,304,6.08,10000.0,7601.079940795898,5387.036949396133,9590.145945549011,0.0,-1057.2674870491028,-20.21823078393936,1290.7078862190247
1,305,6.1000000000000005,10000.0,6467.084884643555,5245.92898786068,10000.0,0.0,-1133.9950561523438,-141.1079615354538,409.85405445098877
1,306,6.12,10000.0,5696.891099214554,5911.492109298706,10000.0,0.0,-770.1937854290009,665.5631214380264,0.0
1,307,6.140000000000001,8242.94775724411,5543.602108955383,8209.9449634552,10000.0,-1757.05224275589,-153.28899025917053,2298.452854156494,0.0
1,308,6.16,5789.488404989243,5613.724663853645,10000.0,9901.393949985504,-2453.4593522548676,70.12255489826202,1790.0550365447998,-98.60605001449585
1,309,6.18,5000.0,6030.425950884819,10000.0,9609.30347442627,-789.4884049892426,416.7012870311737,0.0,-292.0904755592346
1,310,6.2,5000.0,6822.8499591350555,10000.0,9353.164732456207,0.0,792.4240082502365,0.0,-256.13874197006226
1,311,6.22,5000.0,7520.448267459869,10000.0,8982.511460781097,0.0,697.5983083248138,0.0,-370.65327167510986
1,312,6.24,5000.0,8955.436944961548,9988.808035850525,7739.090323448181,0.0,1434.9886775016785,-11.191964149475098,-1243.4211373329163
1,313,6.26,5082.96019397676,10000.0,10000.0,5981.682240962982,82.96019397675991,1044.5630550384521,11.191964149475098,-1757.408082485199
1,314,6.28,6474.961638450623,10000.0,9359.972476959229,5000.0,1392.0014444738626,0.0,-640.0275230407715,-981.6822409629822
1,315,6.3,8810.083270072937,10000.0,7136.761695146561,5000.0,2335.1216316223145,0.0,-2223.210781812668,0.0
1,316,6.32,10000.0,10000.0,5305.234119296074,5000.0,1189.916729927063,0.0,-1831.5275758504868,0.0
1,317,6.34,10000.0,9986.293315887451,5000.0,5476.944409310818,0.0,-13.706684112548828,-305.2341192960739,476.9444093108177
1,318,6.36,10000.0,9383.942484855652,5541.246123611927,7201.63032412529,0.0,-602.3508310317993,541.246123611927,1724.6859148144722
1,319,6.38,10000.0,8629.147112369537,5433.330237865448,8576.19047164917,0.0,-754.7953724861145,-107.91588574647903,1374.56014752388
1,320,6.4,10000.0,7440.603524446487,5276.941359043121,9790.426194667816,0.0,-1188.54358792305,-156.38887882232666,1214.2357230186462
1,321,6.42,10000.0,6258.996427059174,5430.2361607551575,10000.0,0.0,-1181.6070973873138,153.29480171203613,209.57380533218384
1,322,6.44,9788.382947444916,5546.1012572050095,6705.505549907684,10000.0,-211.61705255508423,-712.8951698541641,1275.2693891525269,0.0
1,323,6.46,7424.461841583252,5503.789857029915,9034.429788589478,10000.0,-2363.921105861664,-42.311400175094604,2328.924238681793,0.0
1,324,6.48,5238.425396382809,5672.592595219612,10000.0,9820.226728916168,-2186.0364452004433,168.80273818969727,965.5702114105225,-179.7732710838318
1,325,6.5,5000.0,6141.027510166168,10000.0,9647.537767887115,-238.42539638280869,468.4349149465561,0.0,-172.68896102905273
1,326,6.5200000000000005,5000.0,6821.511536836624,10000.0,9474.160373210907,0.0,680.4840266704559,0.0,-173.3773946762085
1,327,6.54,5000.0,7617.217302322388,10000.0,8980.400264263153,0.0,795.7057654857635,0.0,-493.7601089477539
1,328,6.5600000000000005,5000.0,9008.512794971466,9986.216425895691,7622.0545172691345,0.0,1391.2954926490784,-13.783574104309082,-1358.3457469940186
1,329,6.58,5000.0,10000.0,10000.0,5744.292885065079,0.0,991.4872050285339,13.783574104309082,-1877.7616322040558
1,330,6.6000000000000005,6644.021421670914,10000.0,9091.882109642029,5000.0,1644.0214216709137,0.0,-908.1178903579712,-744.2928850650787
1,331,6.62,9084.302484989166,10000.0,6811.768412590027,5000.0,2440.2810633182526,0.0,-2280.113697052002,0.0
1,332,6.640000000000001,10000.0,10000.0,5161.888860166073,5000.0,915.6975150108337,0.0,-1649.879552423954,0.0
1,333,6.66,10000.0,9790.289103984833,5000.0,5863.427072763443,0.0,-209.71089601516724,-161.88886016607285,863.427072763443
1,334,6.68,10000.0,9099.000096321106,5618.654005229473,7650.460302829742,0.0,-691.2890076637268,618.6540052294731,1787.0332300662994
1,335,6.7,10000.0,8214.959502220154,5523.690246045589,8873.797357082367,0.0,-884.0405941009521,-94.96375918388367,1223.3370542526245
1,336,6.72,10000.0,7114.213705062866,5279.315337538719,9987.720549106598,0.0,-1100.7457971572876,-244.37490850687027,1113.923192024231
1,337,6.74,10000.0,6110.582798719406,5570.896863937378,10000.0,0.0,-1003.6309063434601,291.58152639865875,12.2794508934021
1,338,6.76,9531.67349100113,5618.562921881676,6825.8316814899445,10000.0,-468.32650899887085,-492.0198768377304,1254.9348175525665,0.0
1,339,6.78,7071.9945430755615,5608.145892620087,9271.380305290222,10000.0,-2459.6789479255676,-10.41702926158905,2445.5486238002777,0.0
1,340,6.8,5002.496996894479,5799.971297383308,10000.0,9703.262746334076,-2069.4975461810827,191.82540476322174,728.6196947097778,-296.7372536659241
1,341,6.82,5000.0,6465.364396572113,10000.0,9488.999545574188,-2.496996894478798,665.3930991888046,0.0,-214.2632007598877
1,342,6.84,5000.0,7160.555571317673,10000.0,9308.43859910965,0.0,695.1911747455597,0.0,-180.56094646453857
1,343,6.86,5000.0,8205.635249614716,10000.0,8459.272682666779,0.0,1045.0796782970428,0.0,-849.1659164428711
1,344,6.88,5000.0,9531.464874744415,10000.0,6998.107135295868,0.0,1325.8296251296997,0.0,-1461.1655473709106
1,345,6.9,5506.927520036697,10000.0,10000.0,5346.152670681477,506.9275200366974,468.5351252555847,0.0,-1651.9544646143913
1,346,6.92,7892.336547374725,10000.0,8191.491365432739,5000.0,2385.409027338028,0.0,-1808.5086345672607,-346.1526706814766
1,347,6.94,9759.441912174225,10000.0,6023.582890629768,5000.0,1867.1053647994995,0.0,-2167.908474802971,0.0
1,348,6.96,10000.0,10000.0,5000.0,5032.74817019701,240.55808782577515,0.0,-1023.5828906297684,32.74817019701004
1,349,6.98,10000.0,9642.322957515717,5289.356391876936,6357.112377882004,0.0,-357.67704248428345,289.35639187693596,1324.3642076849937
1,350,7.0,10000.0,9036.691784858704,5439.679734408855,7898.171246051788,0.0,-605.6311726570129,150.32334253191948,1541.0588681697845
1,351,7.0200000000000005,10000.0,7969.36422586441,5474.202781915665,9292.752146720886,0.0,-1067.3275589942932,34.523047506809235,1394.580900669098
1,352,7.04,10000.0,6771.623641252518,5243.293344974518,10000.0,0.0,-1197.7405846118927,-230.90943694114685,707.2478532791138
1,353,7.0600000000000005,10000.0,5774.605795741081,5962.812453508377,10000.0,0.0,-997.0178455114365,719.5191085338593,0.0
1,354,7.08,8867.09600687027,5482.05129802227,7963.332533836365,10000.0,-1132.9039931297302,-292.55449771881104,2000.5200803279877,0.0
1,355,7.1000000000000005,6329.542398452759,5544.549226760864,9897.193312644958,10000.0,-2537.553608417511,62.497928738594055,1933.8607788085938,0.0
1,356,7.12,5000.0,5861.651003360748,10000.0,9682.70629644394,-1329.5423984527588,317.10177659988403,102.8066873550415,-317.2937035560608
1,357,7.140000000000001,5000.0,6589.245796203613,10000.0,9495.027661323547,0.0,727.594792842865,0.0,-187.67863512039185
1,358,7.16,5000.0,7226.017862558365,10000.0,9267.172515392303,0.0,636.7720663547516,0.0,-227.8551459312439
1,359,7.18,5000.0,8503.855764865875,9992.85638332367,8166.0884618759155,0.0,1277.8379023075104,-7.143616676330566,-1101.084053516388
1,360,7.2,5000.0,9785.57676076889,10000.0,6522.752046585083,0.0,1281.7209959030151,7.143616676330566,-1643.3364152908325
1,361,7.22,5712.973475456238,10000.0,10000.0,5030.877478420734,712.9734754562378,214.42323923110962,0.0,-1491.8745681643486
1,362,7.24,8312.328159809113,10000.0,7871.676087379456,5000.0,2599.3546843528748,0.0,-2128.3239126205444,-30.877478420734406
1,363,7.26,9926.093518733978,10000.0,5889.2591297626495,5000.0,1613.7653589248657,0.0,-1982.416957616806,0.0
1,364,7.28,10000.0,10000.0,5000.0,5132.471956312656,73.90648126602173,0.0,-889.2591297626495,132.4719563126564
1,365,7.3,10000.0,9445.556104183197,5424.161851406097,6824.181824922562,0.0,-554.443895816803,424.1618514060974,1691.7098686099052
1,366,7.32,10000.0,8713.336884975433,5443.870350718498,8327.721059322357,0.0,-732.2192192077637,19.708499312400818,1503.5392343997955
1,367,7.34,10000.0,7622.487545013428,5453.970581293106,9566.646218299866,0.0,-1090.8493399620056,10.10023057460785,1238.9251589775085
1,368,7.36,10000.0,6474.147588014603,5322.305336594582,10000.0,0.0,-1148.339956998825,-131.66524469852448,433.3537817001343
1,369,7.38,10000.0,5665.97081720829,6092.679724097252,10000.0,0.0,-808.1767708063126,770.3743875026703,0.0
1,370,7.4,8364.598155021667,5518.221631646156,8373.570442199707,10000.0,-1635.4018449783325,-147.7491855621338,2280.890718102455,0.0
1,371,7.42,5906.94323182106,5614.8067861795425,10000.0,9931.747019290924,-2457.6549232006073,96.58515453338623,1626.429557800293,-68.25298070907593
1,372,7.44,5000.0,6001.263707876205,10000.0,9655.941128730774,-906.9432318210602,386.4569216966629,0.0,-275.80589056015015
1,373,7.46,5000.0,6801.673620939255,10000.0,9432.561695575714,0.0,800.4099130630493,0.0,-223.37943315505981
1,374,7.48,5000.0,7501.728534698486,10000.0,9104.154706001282,0.0,700.0549137592316,0.0,-328.4069895744324
1,375,7.5,5000.0,8944.28700208664,10000.0,7785.704433917999,0.0,1442.558467388153,0.0,-1318.4502720832825
1,376,7.5200000000000005,5123.163191601634,10000.0,10000.0,5949.288606643677,123.16319160163403,1055.7129979133606,0.0,-1836.4158272743225
1,377,7.54,6491.241455078125,10000.0,9540.77661037445,5000.0,1368.078263476491,0.0,-459.2233896255493,-949.2886066436768
1,378,7.5600000000000005,8928.390145301819,10000.0,7342.010587453842,5000.0,2437.148690223694,0.0,-2198.7660229206085,0.0
1,379,7.58,10000.0,10000.0,5583.6402252316475,5000.0,1071.6098546981812,0.0,-1758.3703622221947,0.0
1,380,7.6000000000000005,10000.0,9976.918399333954,5000.0,5460.345633327961,0.0,-23.081600666046143,-583.6402252316475,460.34563332796097
1,381,7.62,10000.0,9316.583573818207,5523.042269051075,7289.574593305588,0.0,-660.3348255157471,523.042269051075,1829.2289599776268
1,382,7.640000000000001,10000.0,8499.05401468277,5543.674826622009,8678.741753101349,0.0,-817.529559135437,20.632557570934296,1389.167159795761
1,383,7.66,10000.0,7362.352162599564,5362.046733498573,9837.174713611603,0.0,-1136.7018520832062,-181.62809312343597,1158.432960510254
1,384,7.68,10000.0,6247.1068650484085,5473.286733031273,10000.0,0.0,-1115.245297551155,111.23999953269958,162.82528638839722
1,385,7.7,9957.819879055023,5578.168630599976,6554.259806871414,10000.0,-42.18012094497681,-668.9382344484329,1080.9730738401413,0.0
1,386,7.72,7664.28679227829,5566.963627934456,8985.199928283691,10000.0,-2293.5330867767334,-11.205002665519714,2430.940121412277,0.0
1,387,7.74,5367.578007280827,5698.311775922775,10000.0,9807.52021074295,-2296.708784997463,131.3481479883194,1014.8000717163086,-192.47978925704956
1,388,7.76,5000.0,6192.7661299705505,10000.0,9634.537994861603,-367.57800728082657,494.45435404777527,0.0,-172.98221588134766
1,389,7.78,5000.0,6945.236474275589,10000.0,9417.656064033508,0.0,752.4703443050385,0.0,-216.88193082809448
1,390,7.8,5000.0,7758.7103843688965,10000.0,8939.758837223053,0.0,813.4739100933075,0.0,-477.8972268104553
1,391,7.82,5000.0,9172.431826591492,10000.0,7501.912415027618,0.0,1413.7214422225952,0.0,-1437.8464221954346
1,392,7.84,5153.524270281196,10000.0,10000.0,5623.302944004536,153.52427028119564,827.5681734085083,0.0,-1878.6094710230827
1,393,7.86,7030.90101480484,10000.0,9032.402038574219,5000.0,1877.3767445236444,0.0,-967.5979614257812,-623.3029440045357
1,394,7.88,9324.489533901215,10000.0,6879.9735605716705,5000.0,2293.5885190963745,0.0,-2152.428478002548,0.0
1,395,7.9,10000.0,10000.0,5274.956114590168,5000.0,675.5104660987854,0.0,-1605.0174459815025,0.0
1,396,7.92,10000.0,9856.919944286346,5000.0,5828.260034322739,0.0,-143.08005571365356,-274.956114590168,828.2600343227386
1,397,7.94,10000.0,9226.464033126831,5579.0892243385315,7640.0041580200195,0.0,-630.4559111595154,579.0892243385315,1811.7441236972809
1,398,7.96,10000.0,8366.273045539856,5581.150650978088,8902.876079082489,0.0,-860.1909875869751,2.0614266395568848,1262.8719210624695
1,399,7.98,10000.0,7211.076021194458,5363.829061388969,9976.034462451935,0.0,-1155.197024345398,-217.32158958911896,1073.1583833694458
1,400,8.0,10000.0,6154.351308941841,5743.633732199669,10000.0,0.0,-1056.7247122526169,379.80467081069946,23.965537548065186
1,401,8.02,9562.993347644806,5595.075711607933,7119.287997484207,10000.0,-437.0066523551941,-559.2755973339081,1375.6542652845383,0.0
1,402,8.040000000000001,7099.030017852783,5592.156872153282,9398.835301399231,10000.0,-2463.9633297920227,-2.918839454650879,2279.547303915024,0.0
1,403,8.06,5012.986874207854,5770.813599228859,10000.0,9733.69687795639,-2086.043143644929,178.65672707557678,601.164698600769,-266.3031220436096
1,404,8.08,5000.0,6349.1131365299225,10000.0,9591.368734836578,-12.986874207854271,578.2995373010635,0.0,-142.328143119812
1,405,8.1,5000.0,7033.71599316597,10000.0,9442.080855369568,0.0,684.6028566360474,0.0,-149.2878794670105
1,406,8.120000000000001,5000.0,8030.869662761688,10000.0,8713.570535182953,0.0,997.1536695957184,0.0,-728.510320186615
1,407,8.14,5000.0,9426.634013652802,10000.0,7143.984735012054,0.0,1395.7643508911133,0.0,-1569.5858001708984
1,408,8.16,5474.208556115627,10000.0,10000.0,5316.441059112549,474.2085561156273,573.3659863471985,0.0,-1827.5436758995056
1,409,8.18,8009.281158447266,10000.0,8253.985047340393,5000.0,2535.0726023316383,0.0,-1746.014952659607,-316.4410591125488
1,410,8.2,9861.885011196136,10000.0,6172.008663415909,5000.0,1852.6038527488708,0.0,-2081.9763839244843,0.0
1,411,8.22,10000.0,10000.0,5000.0,5000.329874455929,138.11498880386353,0.0,-1172.0086634159088,0.3298744559288025
1,412,8.24,10000.0,9727.255403995514,5257.392153143883,6254.273802042007,0.0,-272.7445960044861,257.39215314388275,1253.9439275860786
1,413,8.26,10000.0,9157.028198242188,5507.905930280685,7776.95894241333,0.0,-570.2272057533264,250.51377713680267,1522.6851403713226
1,414,8.28,10000.0,8139.029443264008,5570.038333535194,9153.517484664917,0.0,-1017.9987549781799,62.13240325450897,1376.558542251587
1,415,8.3,10000.0,6965.82093834877,5398.469567298889,10000.0,0.0,-1173.2085049152374,-171.56876623630524,846.482515335083
1,416,8.32,10000.0,5913.247242569923,6113.729327917099,10000.0,0.0,-1052.5736957788467,715.2597606182098,0.0
1,417,8.34,8955.093622207642,5496.661588549614,7979.142069816589,10000.0,-1044.9063777923584,-416.58565402030945,1865.4127418994904,0.0
1,418,8.36,6432.395428419113,5534.982979297638,9880.385398864746,10000.0,-2522.6981937885284,38.32139074802399,1901.2433290481567,0.0
1,419,8.38,5000.0,5770.114362239838,10000.0,9721.17394208908,-1432.3954284191132,235.1313829421997,119.6146011352539,-278.8260579109192
1,420,8.4,5000.0,6434.2740178108215,10000.0,9586.133360862732,0.0,664.1596555709839,0.0,-135.04058122634888
1,421,8.42,5000.0,7087.589651346207,10000.0,9399.663507938385,0.0,653.3156335353851,0.0,-186.46985292434692
1,422,8.44,5000.0,8290.743231773376,10000.0,8402.130603790283,0.0,1203.1535804271698,0.0,-997.5329041481018
1,423,8.46,5060.127852484584,9676.807820796967,10000.0,6672.860831022263,60.127852484583855,1386.06458902359,0.0,-1729.2697727680206
1,424,8.48,5917.562395334244,10000.0,9963.67871761322,5045.142322778702,857.4345428496599,323.19217920303345,-36.321282386779785,-1627.7185082435608
1,425,8.5,8620.643317699432,10000.0,7759.522199630737,5000.0,2703.0809223651886,0.0,-2204.156517982483,-45.14232277870178
1,426,8.52,10000.0,10000.0,5797.340422868729,5000.0,1379.3566823005676,0.0,-1962.1817767620087,0.0
1,427,8.540000000000001,10000.0,10000.0,5000.0,5113.675035536289,0.0,0.0,-797.3404228687286,113.67503553628922
1,428,8.56,10000.0,9597.859680652618,5461.946837604046,6656.3355922698975,0.0,-402.1403193473816,461.94683760404587,1542.6605567336082
1,429,8.58,10000.0,9028.447568416595,5447.3453387618065,7981.793582439423,0.0,-569.412112236023,-14.60149884223938,1325.4579901695251
1,430,8.6,10000.0,7973.504960536957,5484.898313879967,9357.22440481186,0.0,-1054.9426078796387,37.55297511816025,1375.4308223724365
1,431,8.620000000000001,10000.0,6797.843277454376,5374.324694275856,10000.0,0.0,-1175.6616830825806,-110.57361960411072,642.7755951881409
1,432,8.64,10000.0,5790.009796619415,6163.056269288063,10000.0,0.0,-1007.8334808349609,788.731575012207,0.0
1,433,8.66,8649.33580160141,5499.059185385704,8270.567655563354,10000.0,-1350.66419839859,-290.95061123371124,2107.5113862752914,0.0
1,434,8.68,6142.202317714691,5551.5724420547485,10000.0,10000.0,-2507.1334838867188,52.513256669044495,1729.4323444366455,0.0
1,435,8.700000000000001,5000.0,5859.927907586098,10000.0,9703.035056591034,-1142.2023177146912,308.3554655313492,0.0,-296.96494340896606
1,436,8.72,5000.0,6577.168405056,10000.0,9513.329565525055,0.0,717.240497469902,0.0,-189.705491065979
1,437,8.74,5000.0,7241.910248994827,10000.0,9262.695014476776,0.0,664.7418439388275,0.0,-250.6345510482788
1,438,8.76,5000.0,8536.247909069061,9991.827011108398,8146.6469168663025,0.0,1294.337660074234,-8.172988891601562,-1116.0480976104736
1,439,8.78,5112.001961097121,9844.386875629425,10000.0,6416.997164487839,112.00196109712124,1308.1389665603638,8.172988891601562,-1729.6497523784637
1,440,8.8,6027.206480503082,10000.0,9878.965616226196,5000.0,915.204519405961,155.61312437057495,-121.03438377380371,-1416.9971644878387
1,441,8.82,8624.339401721954,10000.0,7702.943384647369,5000.0,2597.132921218872,0.0,-2176.022231578827,0.0
1,442,8.84,10000.0,10000.0,5813.68163228035,5000.0,1375.6605982780457,0.0,-1889.2617523670197,0.0
1,443,8.86,10000.0,10000.0,5000.0,5166.423358023167,0.0,0.0,-813.6816322803497,166.42335802316666
1,444,8.88,10000.0,9496.743977069855,5463.986024260521,6839.888542890549,0.0,-503.25602293014526,463.98602426052094,1673.465184867382
1,445,8.9,10000.0,8832.82095193863,5456.509478390217,8245.394825935364,0.0,-663.9230251312256,-7.476545870304108,1405.506283044815
1,446,8.92,10000.0,7736.513912677765,5442.701429128647,9508.42261314392,0.0,-1096.3070392608643,-13.808049261569977,1263.0277872085571
1,447,8.94,10000.0,6546.7458963394165,5338.544696569443,10000.0,0.0,-1189.7680163383484,-104.1567325592041,491.5773868560791
1,448,8.96,10000.0,5667.484253644943,6228.265017271042,10000.0,0.0,-879.2616426944733,889.7203207015991,0.0
1,449,8.98,8231.784403324127,5494.355708360672,8495.258092880249,10000.0,-1768.2155966758728,-173.12854528427124,2266.993075609207,0.0
1,450,9.0,5800.973325967789,5575.862377882004,10000.0,9933.7437748909,-2430.8110773563385,81.50666952133179,1504.741907119751,-66.25622510910034
1,451,9.02,5000.0,5939.9909526109695,10000.0,9686.822593212128,-800.9733259677887,364.12857472896576,0.0,-246.92118167877197
1,452,9.040000000000001,5000.0,6702.972501516342,10000.0,9459.197223186493,0.0,762.9815489053726,0.0,-227.62537002563477
1,453,9.06,5000.0,7389.862686395645,10000.0,9164.966344833374,0.0,686.890184879303,0.0,-294.2308783531189
1,454,9.08,5000.0,8779.361546039581,9993.43991279602,7913.672626018524,0.0,1389.4988596439362,-6.560087203979492,-1251.2937188148499
1,455,9.1,5067.235371097922,10000.0,10000.0,6083.994954824448,67.23537109792233,1220.6384539604187,6.560087203979492,-1829.6776711940765
1,456,9.120000000000001,6336.316466331482,10000.0,9602.909088134766,5000.0,1269.0810952335596,0.0,-397.0909118652344,-1083.9949548244476
1,457,9.14,8904.189765453339,10000.0,7340.9318923950195,5000.0,2567.8732991218567,0.0,-2261.977195739746,0.0
1,458,9.16,10000.0,10000.0,5582.384541630745,5000.0,1095.8102345466614,0.0,-1758.5473507642746,0.0
1,459,9.18,10000.0,9983.645975589752,5000.0,5408.858917653561,0.0,-16.354024410247803,-582.3845416307449,408.85891765356064
1,460,9.200000000000001,10000.0,9320.045709609985,5534.494630992413,7225.714474916458,0.0,-663.6002659797668,534.4946309924126,1816.8555572628975
1,461,9.22,10000.0,8554.789423942566,5525.156632065773,8568.79323720932,0.0,-765.2562856674194,-9.337998926639557,1343.078762292862
1,462,9.24,10000.0,7444.397062063217,5356.703922152519,9769.237339496613,0.0,-1110.3923618793488,-168.45270991325378,1200.4441022872925
1,463,9.26,10000.0,6318.998634815216,5426.110923290253,10000.0,0.0,-1125.398427248001,69.40700113773346,230.76266050338745
1,464,9.28,10000.0,5611.917823553085,6419.343203306198,10000.0,0.0,-707.0808112621307,993.2322800159454,0.0
1,465,9.3,7784.213125705719,5569.011718034744,8848.782777786255,10000.0,-2215.786874294281,-42.906105518341064,2429.4395744800568,0.0
1,466,9.32,5445.8097368478775,5665.11258482933,10000.0,9823.156893253326,-2338.4033888578415,96.10086679458618,1151.2172222137451,-176.84310674667358
1,467,9.34,5000.0,6151.022762060165,10000.0,9625.6223320961,-445.8097368478775,485.91017723083496,0.0,-197.53456115722656
1,468,9.36,5000.0,6887.957602739334,10000.0,9397.30018377304,0.0,736.9348406791687,0.0,-228.32214832305908
1,469,9.38,5000.0,7671.911120414734,10000.0,8944.220542907715,0.0,783.9535176753998,0.0,-453.0796408653259
1,470,9.4,5000.0,9080.332517623901,10000.0,7576.494514942169,0.0,1408.4213972091675,0.0,-1367.7260279655457
1,471,9.42,5132.290376350284,10000.0,10000.0,5737.773030996323,132.29037635028362,919.6674823760986,0.0,-1838.7214839458466
1,472,9.44,6898.057162761688,10000.0,9112.369418144226,5000.0,1765.7667864114046,0.0,-887.6305818557739,-737.7730309963226
1,473,9.46,9216.037392616272,10000.0,6929.130107164383,5000.0,2317.9802298545837,0.0,-2183.239310979843,0.0
1,474,9.48,10000.0,10000.0,5270.648002624512,5000.0,783.962607383728,0.0,-1658.4821045398712,0.0
1,475,9.5,10000.0,9899.974763393402,5000.0,5703.891962766647,0.0,-100.0252366065979,-270.6480026245117,703.8919627666473
1,476,9.52,10000.0,9293.034076690674,5573.1001496315,7484.471648931503,0.0,-606.9406867027283,573.1001496315002,1780.579686164856
1,477,9.540000000000001,10000.0,8454.686403274536,5543.36778819561,8782.2887301445,0.0,-838.3476734161377,-29.732361435890198,1297.8170812129974
1,478,9.56,10000.0,7299.380600452423,5330.880731344223,9915.032088756561,0.0,-1155.305802822113,-212.48705685138702,1132.7433586120605
1,479,9.58,10000.0,6197.498068213463,5661.410093307495,10000.0,0.0,-1101.8825322389603,330.5293619632721,84.96791124343872
1,480,9.6,9660.382568836212,5583.248510956764,7004.207521677017,10000.0,-339.61743116378784,-614.2495572566986,1342.797428369522,0.0
1,481,9.620000000000001,7231.427282094955,5560.412108898163,9282.116293907166,10000.0,-2428.9552867412567,-22.83640205860138,2277.9087722301483,0.0
1,482,9.64,5098.614050075412,5729.003474116325,10000.0,9758.115708827972,-2132.8132320195436,168.59136521816254,717.8837060928345,-241.8842911720276
1,483,9.66,5000.0,6258.7326765060425,10000.0,9611.653089523315,-98.6140500754118,529.7292023897171,0.0,-146.46261930465698
1,484,9.68,5000.0,6926.87064409256,10000.0,9458.47749710083,0.0,668.1379675865173,0.0,-153.17559242248535
1,485,9.700000000000001,5000.0,7835.221290588379,10000.0,8838.917315006256,0.0,908.3506464958191,0.0,-619.560182094574
1,486,9.72,5000.0,9243.674874305725,10000.0,7345.116585493088,0.0,1408.4535837173462,0.0,-1493.8007295131683
1,487,9.74,5239.5883947610855,10000.0,10000.0,5477.650575339794,239.5883947610855,756.3251256942749,0.0,-1867.4660101532936
1,488,9.76,7520.988583564758,10000.0,8553.58362197876,5000.0,2281.400188803673,0.0,-1446.4163780212402,-477.65057533979416
1,489,9.78,9640.349447727203,10000.0,6388.300657272339,5000.0,2119.360864162445,0.0,-2165.282964706421,0.0
1,490,9.8,10000.0,10000.0,5000.0,5000.0,359.65055227279663,0.0,-1388.3006572723389,0.0
1,491,9.82,10000.0,9773.6856341362,5135.229621082544,6036.891490221024,0.0,-226.31436586380005,135.22962108254433,1036.8914902210236
1,492,9.84,10000.0,9197.129607200623,5558.212585747242,7644.445896148682,0.0,-576.5560269355774,422.98296466469765,1607.554405927658
1,493,9.86,10000.0,8242.56420135498,5564.9010092020035,8987.113535404205,0.0,-954.5654058456421,6.688423454761505,1342.6676392555237
1,494,9.88,10000.0,7089.506238698959,5353.962332010269,9972.542822360992,0.0,-1153.0579626560211,-210.9386771917343,985.4292869567871
1,495,9.9,10000.0,6016.167998313904,5941.5870904922485,10000.0,0.0,-1073.3382403850555,587.6247584819794,27.45717763900757
1,496,9.92,9215.603768825531,5530.966967344284,7615.750432014465,10000.0,-784.396231174469,-485.20103096961975,1674.1633415222168,0.0
1,497,9.94,6697.088330984116,5537.984222173691,9684.025645256042,10000.0,-2518.5154378414154,7.017254829406738,2068.275213241577,0.0
1,498,9.96,5000.0,5747.541859745979,10000.0,9719.163477420807,-1697.0883309841156,209.5576375722885,315.9743547439575,-280.8365225791931
1,499,9.98,5000.0,6363.173723220825,10000.0,9594.04468536377,0.0,615.6318634748459,0.0,-125.11879205703735
1,500,10.0,5000.0,7005.403935909271,10000.0,9433.526694774628,0.0,642.230212688446,0.0,-160.51799058914185
1,501,10.02,5000.0,8119.859099388123,10000.0,8540.805280208588,0.0,1114.4551634788513,0.0,-892.72141456604
1,502,10.040000000000001,5000.0,9513.700008392334,10000.0,6921.981573104858,0.0,1393.8409090042114,0.0,-1618.8237071037292
1,503,10.06,5622.774362564087,10000.0,10000.0,5189.784057438374,622.7743625640869,486.299991607666,0.0,-1732.1975156664848
1,504,10.08,8265.977203845978,10000.0,7984.247803688049,5000.0,2643.202841281891,0.0,-2015.7521963119507,-189.78405743837357
1,505,10.1,9984.171688556671,10000.0,5914.030373096466,5000.0,1718.1944847106934,0.0,-2070.2174305915833,0.0
1,506,10.120000000000001,10000.0,10000.0,5000.0,5044.687055051327,15.828311443328857,0.0,-914.0303730964661,44.68705505132675
1,507,10.14,10000.0,9672.410786151886,5389.8736089468,6411.338001489639,0.0,-327.589213848114,389.87360894680023,1366.6509464383125
1,508,10.16,10000.0,9125.102460384369,5451.47143304348,7771.179378032684,0.0,-547.3083257675171,61.59782409667969,1359.841376543045
1,509,10.18,10000.0,8091.153204441071,5518.159866333008,9206.817150115967,0.0,-1033.9492559432983,66.6884332895279,1435.6377720832825
1,510,10.200000000000001,10000.0,6934.012472629547,5356.754511594772,10000.0,0.0,-1157.1407318115234,-161.40535473823547,793.1828498840332
1,511,10.22,10000.0,5863.838344812393,6069.86865401268,10000.0,0.0,-1070.174127817154,713.1141424179077,0.0
1,512,10.24,8896.122872829437,5488.009080290794,8027.628064155579,10000.0,-1103.8771271705627,-375.8292645215988,1957.7594101428986,0.0
1,513,10.26,6366.734355688095,5525.927394628525,9898.849129676819,10000.0,-2529.388517141342,37.91831433773041,1871.2210655212402,0.0
1,514,10.28,5000.0,5790.477767586708,10000.0,9710.448682308197,-1366.734355688095,264.5503729581833,101.15087032318115,-289.551317691803
1,515,10.3,5000.0,6464.303731918335,10000.0,9553.972780704498,0.0,673.8259643316269,0.0,-156.47590160369873
1,516,10.32,5000.0,7107.159644365311,10000.0,9342.500269412994,0.0,642.8559124469757,0.0,-211.4725112915039
1,517,10.34,5000.0,8308.09623003006,9998.462796211243,8326.821029186249,0.0,1200.9365856647491,-1.5372037887573242,-1015.6792402267456
1,518,10.36,5037.4439638108015,9668.573439121246,10000.0,6675.8279502391815,37.443963810801506,1360.4772090911865,1.5372037887573242,-1650.9930789470673
1,519,10.38,5733.812153339386,10000.0,10000.0,5089.06327188015,696.3681895285845,331.42656087875366,0.0,-1586.7646783590317
1,520,10.4,8372.209072113037,10000.0,7874.318361282349,5000.0,2638.396918773651,0.0,-2125.6816387176514,-89.06327188014984
1,521,10.42,9987.416565418243,10000.0,5865.563973784447,5000.0,1615.2074933052063,0.0,-2008.754387497902,0.0
1,522,10.44,10000.0,10000.0,5000.0,5078.95577698946,12.583434581756592,0.0,-865.5639737844467,78.95577698945999
1,523,10.46,10000.0,9603.91491651535,5413.636527955532,6580.44770359993,0.0,-396.08508348464966,413.6365279555321,1501.4919266104698
1,524,10.48,10000.0,9019.450843334198,5431.705079972744,7970.777750015259,0.0,-584.4640731811523,18.068552017211914,1390.330046415329
1,525,10.5,10000.0,7952.924072742462,5486.257001757622,9329.63639497757,0.0,-1066.5267705917358,54.55192178487778,1358.8586449623108
1,526,10.52,10000.0,6772.600561380386,5317.627415060997,10000.0,0.0,-1180.3235113620758,-168.62958669662476,670.3636050224304
1,527,10.540000000000001,10000.0,5776.176452636719,6087.973862886429,10000.0,0.0,-996.4241087436676,770.3464478254318,0.0
1,528,10.56,8626.72358751297,5487.257689237595,8183.681964874268,10000.0,-1373.27641248703,-288.91876339912415,2095.7081019878387,0.0
1,529,10.58,6123.3581602573395,5540.23303091526,10000.0,10000.0,-2503.3654272556305,52.97534167766571,1816.3180351257324,0.0
1,530,10.6,5000.0,5853.310748934746,10000.0,9698.508977890015,-1123.3581602573395,313.0777180194855,0.0,-301.49102210998535
1,531,10.620000000000001,5000.0,6567.149609327316,10000.0,9510.715007781982,0.0,713.8388603925705,0.0,-187.79397010803223
1,532,10.64,5000.0,7228.627055883408,10000.0,9272.294342517853,0.0,661.4774465560913,0.0,-238.42066526412964
1,533,10.66,5000.0,8520.23333311081,9994.686245918274,8147.463500499725,0.0,1291.6062772274017,-5.313754081726074,-1124.8308420181274
1,534,10.68,5040.39722494781,9840.413630008698,10000.0,6415.468156337738,40.39722494781017,1320.1802968978882,5.313754081726074,-1731.9953441619873
1,535,10.700000000000001,5942.22366809845,10000.0,9861.637949943542,5000.0,901.8264431506395,159.5863699913025,-138.36205005645752,-1415.468156337738
1,536,10.72,8608.717024326324,10000.0,7617.05756187439,5000.0,2666.4933562278748,0.0,-2244.580388069153,0.0
1,537,10.74,10000.0,10000.0,5738.756507635117,5000.0,1391.2829756736755,0.0,-1878.301054239273,0.0
1,538,10.76,10000.0,10000.0,5000.0,5201.80094987154,0.0,0.0,-738.7565076351166,201.80094987154007
1,539,10.78,10000.0,9433.816373348236,5500.349216163158,6909.683346748352,0.0,-566.1836266517639,500.3492161631584,1707.882396876812
1,540,10.8,10000.0,8738.338947296143,5462.0180651545525,8294.961750507355,0.0,-695.4774260520935,-38.33115100860596,1385.2784037590027
1,541,10.82,10000.0,7653.054594993591,5428.595691919327,9559.764564037323,0.0,-1085.2843523025513,-33.42237323522568,1264.8028135299683
1,542,10.84,10000.0,6487.89256811142,5332.749634981155,10000.0,0.0,-1165.1620268821716,-95.84605693817139,440.235435962677
1,543,10.86,10000.0,5655.9669226408005,6185.8004331588745,10000.0,0.0,-831.9256454706192,853.0507981777191,0.0
1,544,10.88,8210.23017168045,5508.758500218391,8493.250012397766,10000.0,-1789.7698283195496,-147.20842242240906,2307.4495792388916,0.0
1,545,10.9,5774.185955524445,5594.447627663612,10000.0,9917.24044084549,-2436.044216156006,85.68912744522095,1506.749987602234,-82.7595591545105
1,546,10.92,5000.0,5983.577072620392,10000.0,9669.142067432404,-774.1859555244446,389.1294449567795,0.0,-248.09837341308594
1,547,10.94,5000.0,6755.893230438232,10000.0,9435.485303401947,0.0,772.3161578178406,0.0,-233.65676403045654
1,548,10.96,5000.0,7465.44748544693,10000.0,9095.909893512726,0.0,709.5542550086975,0.0,-339.5754098892212
1,549,10.98,5000.0,8888.3838057518,9995.483756065369,7806.859016418457,0.0,1422.9363203048706,-4.516243934631348,-1289.0508770942688
1,550,11.0,5106.202280148864,10000.0,10000.0,5980.64050078392,106.20228014886379,1111.6161942481995,4.516243934631348,-1826.2185156345367
1,551,11.02,6452.073752880096,10000.0,9520.276188850403,5000.0,1345.8714727312326,0.0,-479.72381114959717,-980.6405007839203
1,552,11.040000000000001,8910.811245441437,10000.0,7306.076735258102,5000.0,2458.7374925613403,0.0,-2214.1994535923004,0.0
1,553,11.06,10000.0,10000.0,5540.52259773016,5000.0,1089.1887545585632,0.0,-1765.5541375279427,0.0
1,554,11.08,10000.0,9987.12033033371,5000.0,5443.187989294529,0.0,-12.879669666290283,-540.5225977301598,443.18798929452896
1,555,11.1,10000.0,9342.065751552582,5527.714565396309,7240.16472697258,0.0,-645.0545787811279,527.7145653963089,1796.976737678051
1,556,11.120000000000001,10000.0,8575.820922851562,5520.758405327797,8604.979813098907,0.0,-766.2448287010193,-6.956160068511963,1364.8150861263275
1,557,11.14,10000.0,7442.40328669548,5349.837765097618,9791.165888309479,0.0,-1133.4176361560822,-170.92064023017883,1186.1860752105713
1,558,11.16,10000.0,6307.723522186279,5440.899655222893,10000.0,0.0,-1134.679764509201,91.06189012527466,208.83411169052124
1,559,11.18,9972.407519817352,5599.920377135277,6501.276344060898,10000.0,-27.592480182647705,-707.8031450510025,1060.376688838005,0.0
1,560,11.200000000000001,7722.358405590057,5558.027625083923,8899.531364440918,10000.0,-2250.049114227295,-41.892752051353455,2398.25502038002,0.0
1,561,11.22,5409.409180283546,5674.853026866913,10000.0,9820.289313793182,-2312.949225306511,116.8254017829895,1100.468635559082,-179.71068620681763
1,562,11.24,5000.0,6147.110462188721,10000.0,9639.397263526917,-409.40918028354645,472.25743532180786,0.0,-180.89205026626587
1,563,11.26,5000.0,6879.689693450928,10000.0,9415.836036205292,0.0,732.579231262207,0.0,-223.56122732162476
1,564,11.28,5000.0,7655.594646930695,10000.0,8979.927897453308,0.0,775.9049534797668,0.0,-435.90813875198364
1,565,11.3,5000.0,9072.074294090271,9992.191195487976,7593.882083892822,0.0,1416.4796471595764,-7.808804512023926,-1386.0458135604858
1,566,11.32,5072.085177525878,10000.0,10000.0,5735.499709844589,72.08517752587795,927.925705909729,7.808804512023926,-1858.382374048233
1,567,11.34,6805.470436811447,10000.0,9148.705005645752,5000.0,1733.3852592855692,0.0,-851.294994354248,-735.4997098445892
1,568,11.36,9180.93353509903,10000.0,6951.670795679092,5000.0,2375.4630982875824,0.0,-2197.0342099666595,0.0
1,569,11.38,10000.0,10000.0,5291.362851858139,5000.0,819.0664649009705,0.0,-1660.3079438209534,0.0
1,570,11.4,10000.0,9876.76054239273,5000.0,5750.191509723663,0.0,-123.23945760726929,-291.36285185813904,750.1915097236633
1,571,11.42,10000.0,9231.471717357635,5580.243095755577,7561.134099960327,0.0,-645.2888250350952,580.2430957555771,1810.9425902366638
1,572,11.44,10000.0,8384.673595428467,5548.773407936096,8839.24812078476,0.0,-846.7981219291687,-31.469687819480896,1278.1140208244324
1,573,11.46,10000.0,7250.102609395981,5333.940833806992,9958.504736423492,0.0,-1134.570986032486,-214.83257412910461,1119.256615638733
1,574,11.48,10000.0,6185.515150427818,5644.080489873886,10000.0,0.0,-1064.5874589681625,310.13965606689453,41.49526357650757
1,575,11.5,9683.298766613007,5609.211027622223,6884.1686844825745,10000.0,-316.7012333869934,-576.3041228055954,1240.0881946086884,0.0
1,576,11.52,7265.98858833313,5593.03991496563,9233.675599098206,10000.0,-2417.3101782798767,-16.171112656593323,2349.506914615631,0.0
1,577,11.540000000000001,5117.763662710786,5757.945030927658,10000.0,9740.61518907547,-2148.224925622344,164.9051159620285,766.3244009017944,-259.38481092453003
1,578,11.56,5000.0,6330.75088262558,10000.0,9573.083519935608,-117.76366271078587,572.8058516979218,0.0,-167.53166913986206
1,579,11.58,5000.0,7020.610719919205,10000.0,9405.854940414429,0.0,689.8598372936249,0.0,-167.2285795211792
1,580,11.6,5000.0,7955.264151096344,10000.0,8733.992874622345,0.0,934.6534311771393,0.0,-671.8620657920837
1,581,11.620000000000001,5000.0,9336.053729057312,10000.0,7262.003570795059,0.0,1380.789577960968,0.0,-1471.9893038272858
1,582,11.64,5318.478122353554,10000.0,10000.0,5442.626960575581,318.4781223535538,663.946270942688,0.0,-1819.3766102194786
1,583,11.66,7637.386322021484,10000.0,8485.714197158813,5000.0,2318.9081996679306,0.0,-1514.2858028411865,-442.6269605755806
1,584,11.68,9669.132232666016,10000.0,6333.056092262268,5000.0,2031.7459106445312,0.0,-2152.6581048965454,0.0
1,585,11.700000000000001,10000.0,10000.0,5000.0,5000.0,330.8677673339844,0.0,-1333.056092262268,0.0
1,586,11.72,10000.0,9770.69616317749,5153.187830001116,6090.772598981857,0.0,-229.30383682250977,153.1878300011158,1090.7725989818573
1,587,11.74,10000.0,9184.380769729614,5531.229004263878,7713.786363601685,0.0,-586.315393447876,378.04117426276207,1623.0137646198273
1,588,11.76,10000.0,8193.689584732056,5557.386055588722,9070.6267952919,0.0,-990.6911849975586,26.15705132484436,1356.840431690216
1,589,11.78,10000.0,7019.078582525253,5349.386185407639,10000.0,0.0,-1174.6110022068024,-207.99987018108368,929.3732047080994
1,590,11.8,10000.0,5962.190702557564,6006.657108664513,10000.0,0.0,-1056.8878799676895,657.2709232568741,0.0
1,591,11.82,9111.118018627167,5509.736984968185,7767.468094825745,10000.0,-888.8819813728333,-452.45371758937836,1760.810986161232,0.0
1,592,11.84,6588.022857904434,5537.461936473846,9767.407774925232,10000.0,-2523.0951607227325,27.72495150566101,1999.9396800994873,0.0
1,593,11.86,5000.0,5763.550028204918,10000.0,9716.999232769012,-1588.0228579044342,226.08809173107147,232.59222507476807,-283.00076723098755
1,594,11.88,5000.0,6401.939243078232,10000.0,9587.791860103607,0.0,638.3892148733139,0.0,-129.20737266540527
1,595,11.9,5000.0,7032.814919948578,10000.0,9427.67709493637,0.0,630.8756768703461,0.0,-160.11476516723633
1,596,11.92,5000.0,8181.278109550476,10000.0,8494.153916835785,0.0,1148.4631896018982,0.0,-933.5231781005859
1,597,11.94,5000.0,9574.187994003296,10000.0,6835.86522936821,0.0,1392.9098844528198,0.0,-1658.288687467575
1,598,11.96,5665.342807769775,10000.0,10000.0,5122.301019728184,665.3428077697754,425.8120059967041,0.0,-1713.564209640026
1,599,11.98,8367.39331483841,10000.0,7904.69229221344,5000.0,2702.050507068634,0.0,-2095.30770778656,-122.30101972818375
1,600,12.0,10000.0,10000.0,5884.703546762466,5000.0,1632.6066851615906,0.0,-2019.9887454509735,0.0
1,601,12.02,10000.0,10000.0,5000.0,5069.167800247669,0.0,0.0,-884.7035467624664,69.16780024766922
1,602,12.040000000000001,10000.0,9600.299000740051,5431.510545313358,6555.64546585083,0.0,-399.70099925994873,431.5105453133583,1486.4776656031609
1,603,12.06,10000.0,9028.611481189728,5454.652979969978,7900.20614862442,0.0,-571.6875195503235,23.142434656620026,1344.56068277359
1,604,12.08,10000.0,7990.380525588989,5510.209649801254,9295.976161956787,0.0,-1038.2309556007385,55.55666983127594,1395.770013332367
1,605,12.1,10000.0,6832.159012556076,5372.254624962807,10000.0,0.0,-1158.2215130329132,-137.95502483844757,704.0238380432129
1,606,12.120000000000001,10000.0,5813.452824950218,6103.474348783493,10000.0,0.0,-1018.7061876058578,731.2197238206863,0.0
1,607,12.14,8773.657381534576,5501.902848482132,8137.9371881484985,10000.0,-1226.3426184654236,-311.54997646808624,2034.4628393650055,0.0
1,608,12.16,6253.892481327057,5537.287965416908,9971.868395805359,10000.0,-2519.7649002075195,35.385116934776306,1833.9312076568604,0.0
1,609,12.18,5000.0,5837.132707238197,10000.0,9698.82756471634,-1253.8924813270569,299.84474182128906,28.131604194641113,-301.1724352836609
1,610,12.200000000000001,5000.0,6540.929824113846,10000.0,9533.359110355377,0.0,703.7971168756485,0.0,-165.4684543609619
1,611,12.22,5000.0,7217.330485582352,10000.0,9278.241097927094,0.0,676.4006614685059,0.0,-255.1180124282837
1,612,12.24,5000.0,8489.170968532562,9999.338984489441,8185.639679431915,0.0,1271.8404829502106,-0.661015510559082,-1092.6014184951782
1,613,12.26,5110.213002189994,9809.514582157135,10000.0,6465.921550989151,110.21300218999386,1320.3436136245728,0.661015510559082,-1719.7181284427643
1,614,12.280000000000001,6012.596786022186,10000.0,9879.475831985474,5021.402724087238,902.3837838321924,190.485417842865,-120.52416801452637,-1444.5188269019127
1,615,12.3,8602.095544338226,10000.0,7709.791660308838,5000.0,2589.49875831604,0.0,-2169.6841716766357,-21.40272408723831
1,616,12.32,10000.0,10000.0,5793.940648436546,5000.0,1397.9044556617737,0.0,-1915.8510118722916,0.0
1,617,12.34,10000.0,10000.0,5000.0,5139.565132558346,0.0,0.0,-793.9406484365463,139.5651325583458
1,618,12.36,10000.0,9534.580707550049,5465.530902147293,6749.067902565002,0.0,-465.4192924499512,465.5309021472931,1609.5027700066566
1,619,12.38,10000.0,8908.35851430893,5448.3019188046455,8131.585419178009,0.0,-626.2221932411194,-17.228983342647552,1382.5175166130066
1,620,12.4,10000.0,7816.2261843681335,5453.277677297592,9441.012740135193,0.0,-1092.132329940796,4.975758492946625,1309.4273209571838
1,621,12.42,10000.0,6618.168503046036,5331.029966473579,10000.0,0.0,-1198.0576813220978,-122.24771082401276,558.9872598648071
1,622,12.44,10000.0,5685.804486274719,6207.141950726509,10000.0,0.0,-932.3640167713165,876.1119842529297,0.0
1,623,12.46,8353.87259721756,5480.34206032753,8429.650068283081,10000.0,-1646.1274027824402,-205.46242594718933,2222.508117556572,0.0
1,624,12.48,5892.097726464272,5557.54154920578,10000.0,9964.872896671295,-2461.7748707532883,77.19948887825012,1570.349931716919,-35.127103328704834
1,625,12.5,5000.0,5900.5095064640045,10000.0,9699.031412601471,-892.0977264642715,342.9679572582245,0.0,-265.8414840698242
1,626,12.52,5000.0,6650.025695562363,10000.0,9482.390582561493,0.0,749.5161890983582,0.0,-216.64083003997803
1,627,12.540000000000001,5000.0,7326.157093048096,10000.0,9210.80857515335,0.0,676.131397485733,0.0,-271.5820074081421
1,628,12.56,5000.0,8678.520619869232,9988.335967063904,8003.2554268836975,0.0,1352.3635268211365,-11.664032936096191,-1207.5531482696533
1,629,12.58,5048.3843963593245,9960.033893585205,10000.0,6211.208254098892,48.384396359324455,1281.513273715973,11.664032936096191,-1792.0471727848053
1,630,12.6,6115.547195076942,10000.0,9769.944548606873,5000.0,1067.162798717618,39.96610641479492,-230.05545139312744,-1211.2082540988922
1,631,12.620000000000001,8769.838213920593,10000.0,7494.954317808151,5000.0,2654.291018843651,0.0,-2274.9902307987213,0.0
1,632,12.64,10000.0,10000.0,5714.028030633926,5000.0,1230.1617860794067,0.0,-1780.9262871742249,0.0
1,633,12.66,10000.0,10000.0,5000.0,5305.485054850578,0.0,0.0,-714.0280306339264,305.4850548505783
1,634,12.68,10000.0,9358.88558626175,5509.006530046463,7115.335613489151,0.0,-641.1144137382507,509.006530046463,1809.8505586385727
1,635,12.700000000000001,10000.0,8616.25462770462,5499.976836144924,8480.767607688904,0.0,-742.6309585571289,-9.029693901538849,1365.4319941997528
1,636,12.72,10000.0,7528.963387012482,5391.211956739426,9692.311882972717,0.0,-1087.2912406921387,-108.7648794054985,1211.5442752838135
1,637,12.74,10000.0,6392.309665679932,5378.893688321114,10000.0,0.0,-1136.65372133255,-12.318268418312073,307.6881170272827
1,638,12.76,10000.0,5642.787888646126,6257.927119731903,10000.0,0.0,-749.5217770338058,879.0334314107895,0.0
1,639,12.780000000000001,8000.1503229141235,5554.371774196625,8651.777505874634,10000.0,-1999.8496770858765,-88.41611444950104,2393.8503861427307,0.0
1,640,12.8,5612.553507089615,5636.633634567261,10000.0,9863.05683851242,-2387.5968158245087,82.26186037063599,1348.2224941253662,-136.94316148757935
1,641,12.82,5000.0,6086.035370826721,10000.0,9641.278684139252,-612.5535070896149,449.40173625946045,0.0,-221.77815437316895
1,642,12.84,5000.0,6849.617511034012,10000.0,9405.870139598846,0.0,763.5821402072906,0.0,-235.40854454040527
1,643,12.86,5000.0,7592.912912368774,10000.0,9015.99496603012,0.0,743.2954013347626,0.0,-389.8751735687256
1,644,12.88,5000.0,9023.779034614563,9999.704957008362,7665.974795818329,0.0,1430.8661222457886,-0.2950429916381836,-1350.020170211792
1,645,12.9,5130.852153524756,10000.0,10000.0,5820.39475440979,130.85215352475643,976.220965385437,0.2950429916381836,-1845.5800414085388
1,646,12.92,6767.158210277557,10000.0,9258.971810340881,5000.0,1636.306056752801,0.0,-741.0281896591187,-820.39475440979
1,647,12.94,9118.333160877228,10000.0,7078.942060470581,5000.0,2351.1749505996704,0.0,-2180.0297498703003,0.0
1,648,12.96,10000.0,10000.0,5364.079177379608,5000.0,881.6668391227722,0.0,-1714.862883090973,0.0
1,649,12.98,10000.0,9945.072829723358,5000.0,5602.294392883778,0.0,-54.927170276641846,-364.07917737960815,602.2943928837776
1,650,13.0,10000.0,9335.435330867767,5554.306507110596,7383.251637220383,0.0,-609.6374988555908,554.3065071105957,1780.957244336605
1,651,13.02,10000.0,8534.080386161804,5536.8672311306,8710.31790971756,0.0,-801.3549447059631,-17.439275979995728,1327.0662724971771
1,652,13.040000000000001,10000.0,7379.482090473175,5342.996492981911,9863.453209400177,0.0,-1154.5982956886292,-193.87073814868927,1153.1352996826172
1,653,13.06,10000.0,6253.674626350403,5583.357289433479,10000.0,0.0,-1125.8074641227722,240.3607964515686,136.546790599823
1,654,13.08,9796.92667722702,5587.395951151848,6836.840361356735,10000.0,-203.07332277297974,-666.278675198555,1253.483071923256,0.0
1,655,13.1,7421.625852584839,5558.082684874535,9145.473837852478,10000.0,-2375.3008246421814,-29.313266277313232,2308.633476495743,0.0
1,656,13.120000000000001,5222.529880702496,5705.732479691505,10000.0,9783.3850979805,-2199.0959718823433,147.64979481697083,854.526162147522,-216.61490201950073
1,657,13.14,5000.0,6199.30736720562,10000.0,9630.87648153305,-222.52988070249557,493.5748875141144,0.0,-152.50861644744873
1,658,13.16,5000.0,6897.425055503845,10000.0,9455.34199476242,0.0,698.1176882982254,0.0,-175.53448677062988
1,659,13.18,5000.0,7731.556296348572,10000.0,8931.805789470673,0.0,834.1312408447266,0.0,-523.536205291748
1,660,13.200000000000001,5000.0,9143.51373910904,10000.0,7476.017624139786,0.0,1411.9574427604675,0.0,-1455.7881653308868
1,661,13.22,5127.686699852347,10000.0,10000.0,5603.495500981808,127.68669985234737,856.4862608909607,0.0,-1872.522123157978
1,662,13.24,7172.693312168121,10000.0,8841.059803962708,5000.0,2045.006612315774,0.0,-1158.9401960372925,-603.4955009818077
1,663,13.26,9446.674287319183,10000.0,6655.732095241547,5000.0,2273.980975151062,0.0,-2185.327708721161,0.0
1,664,13.280000000000001,10000.0,10000.0,5107.776559889317,5000.0,553.3257126808167,0.0,-1547.95553535223,0.0
1,665,13.3,10000.0,9807.983338832855,5025.975704193115,5911.3165736198425,0.0,-192.01666116714478,-81.80085569620132,911.3165736198425
1,666,13.32,10000.0,9201.7662525177,5590.488538146019,7638.550400733948,0.0,-606.217086315155,564.5128339529037,1727.2338271141052
1,667,13.34,10000.0,8312.819004058838,5567.443743348122,8909.20490026474,0.0,-888.9472484588623,-23.04479479789734,1270.6544995307922
1,668,13.36,10000.0,7169.319540262222,5349.016338586807,9970.292150974274,0.0,-1143.4994637966156,-218.4274047613144,1061.0872507095337
1,669,13.38,10000.0,6107.920408248901,5798.25222492218,10000.0,0.0,-1061.399132013321,449.2358863353729,29.70784902572632
1,670,13.4,9441.868364810944,5583.642348647118,7269.3707048892975,10000.0,-558.1316351890564,-524.2780596017838,1471.1184799671173,0.0
1,671,13.42,6958.288252353668,5571.944788098335,9487.648010253906,10000.0,-2483.5801124572754,-11.697560548782349,2218.2773053646088,0.0
1,672,13.44,5000.0,5770.32096683979,10000.0,9716.757833957672,-1958.2882523536682,198.37617874145508,512.3519897460938,-283.2421660423279
1,673,13.46,5000.0,6357.616186141968,10000.0,9578.876495361328,0.0,587.2952193021774,0.0,-137.881338596344
1,674,13.48,5000.0,7028.867453336716,10000.0,9416.210949420929,0.0,671.2512671947479,0.0,-162.66554594039917
1,675,13.5,5000.0,8065.228462219238,10000.0,8615.158498287201,0.0,1036.3610088825226,0.0,-801.052451133728
1,676,13.52,5000.0,9447.844326496124,10000.0,7066.577523946762,0.0,1382.615864276886,0.0,-1548.5809743404388
1,677,13.540000000000001,5517.406314611435,10000.0,10000.0,5302.372984588146,517.4063146114349,552.1556735038757,0.0,-1764.2045393586159
1,678,13.56,8065.1262402534485,10000.0,8158.669471740723,5000.0,2547.7199256420135,0.0,-1841.3305282592773,-302.3729845881462
1,679,13.58,9885.729253292084,10000.0,6052.86568403244,5000.0,1820.6030130386353,0.0,-2105.8037877082825,0.0
1,680,13.6,10000.0,10000.0,5000.0,5011.374689638615,114.27074670791626,0.0,-1052.8656840324402,11.374689638614655
1,681,13.620000000000001,10000.0,9715.202152729034,5304.314885288477,6277.327686548233,0.0,-284.7978472709656,304.31488528847694,1265.9529969096184
1,682,13.64,10000.0,9152.52685546875,5473.106801509857,7741.9304847717285,0.0,-562.6752972602844,168.79191622138023,1464.6027982234955
1,683,13.66,10000.0,8120.238482952118,5537.987947463989,9167.15532541275,0.0,-1032.288372516632,64.88114595413208,1425.2248406410217
1,684,13.68,10000.0,6949.5221972465515,5356.351584196091,10000.0,0.0,-1170.7162857055664,-181.63636326789856,832.8446745872498
1,685,13.700000000000001,10000.0,5880.479663610458,6075.552254915237,10000.0,0.0,-1069.0425336360931,719.2006707191467,0.0
1,686,13.72,8958.393931388855,5480.833128094673,7973.577380180359,10000.0,-1041.606068611145,-399.6465355157852,1898.0251252651215,0.0
1,687,13.74,6431.0422539711,5521.6895043849945,9868.614077568054,10000.0,-2527.351677417755,40.85637629032135,1895.0366973876953,0.0
1,688,13.76,5000.0,5772.231742739677,10000.0,9714.677035808563,-1431.0422539710999,250.54223835468292,131.3859224319458,-285.32296419143677
1,689,13.780000000000001,5000.0,6435.878425836563,10000.0,9569.986760616302,0.0,663.6466830968857,0.0,-144.69027519226074
1,690,13.8,5000.0,7075.149565935135,10000.0,9374.041855335236,0.0,639.2711400985718,0.0,-195.9449052810669
1,691,13.82,5000.0,8262.690305709839,10000.0,8383.529484272003,0.0,1187.540739774704,0.0,-990.5123710632324
1,692,13.84,5020.234426483512,9638.141393661499,10000.0,6721.974015235901,20.234426483511925,1375.4510879516602,0.0,-1661.5554690361023
1,693,13.86,5725.550577044487,10000.0,10000.0,5087.776407599449,705.3161505609751,361.858606338501,0.0,-1634.1976076364517
1,694,13.88,8407.866656780243,10000.0,7861.948013305664,5000.0,2682.316079735756,0.0,-2138.051986694336,-87.77640759944916
1,695,13.9,10000.0,10000.0,5857.7632158994675,5000.0,1592.133343219757,0.0,-2004.1847974061966,0.0
1,696,13.92,10000.0,10000.0,5000.0,5076.231248676777,0.0,0.0,-857.7632158994675,76.23124867677689
1,697,13.94,10000.0,9604.822397232056,5428.7490621209145,6578.472405672073,0.0,-395.17760276794434,428.74906212091446,1502.2411569952965
1,698,13.96,10000.0,9027.652144432068,5440.688282251358,7944.685220718384,0.0,-577.1702527999878,11.939220130443573,1366.2128150463104
1,699,13.98,10000.0,7970.080673694611,5496.5150356292725,9319.178760051727,0.0,-1057.5714707374573,55.82675337791443,1374.4935393333435
1,700,14.0,10000.0,6796.211749315262,5345.134735107422,10000.0,0.0,-1173.8689243793488,-151.3803005218506,680.8212399482727
1,701,14.02,10000.0,5789.269953966141,6111.876592040062,10000.0,0.0,-1006.9417953491211,766.7418569326401,0.0
1,702,14.040000000000001,8671.959936618805,5491.451025009155,8193.594813346863,10000.0,-1328.040063381195,-297.8189289569855,2081.718221306801,0.0
1,703,14.06,6164.467334747314,5539.623349905014,10000.0,10000.0,-2507.4926018714905,48.172324895858765,1806.4051866531372,0.0
1,704,14.08,5000.0,5848.108604550362,10000.0,9700.343012809753,-1164.4673347473145,308.4852546453476,0.0,-299.6569871902466
1,705,14.1,5000.0,6554.878503084183,10000.0,9522.770345211029,0.0,706.7698985338211,0.0,-177.57266759872437
1,706,14.120000000000001,5000.0,7223.367244005203,10000.0,9277.958869934082,0.0,668.4887409210205,0.0,-244.81147527694702
1,707,14.14,5000.0,8504.375517368317,9995.880722999573,8166.54235124588,0.0,1281.0082733631134,-4.119277000427246,-1111.416518688202
1,708,14.16,5069.743422791362,9828.468263149261,10000.0,6434.949487447739,69.74342279136181,1324.0927457809448,4.119277000427246,-1731.5928637981415
1,709,14.18,5976.598560810089,10000.0,9865.77033996582,5000.0,906.8551380187273,171.53173685073853,-134.2296600341797,-1434.9494874477386
1,710,14.200000000000001,8616.904318332672,10000.0,7650.969326496124,5000.0,2640.305757522583,0.0,-2214.801013469696,0.0
1,711,14.22,10000.0,10000.0,5764.561742544174,5000.0,1383.0956816673279,0.0,-1886.40758395195,0.0
1,712,14.24,10000.0,10000.0,5000.0,5180.016048252583,0.0,0.0,-764.5617425441742,180.01604825258255
1,713,14.26,10000.0,9472.144842147827,5488.429814577103,6851.700693368912,0.0,-527.8551578521729,488.42981457710266,1671.6846451163292
1,714,14.280000000000001,10000.0,8800.513744354248,5460.077077150345,8234.502971172333,0.0,-671.6310977935791,-28.352737426757812,1382.802277803421
1,715,14.3,10000.0,7713.956832885742,5440.920740365982,9511.825144290924,0.0,-1086.5569114685059,-19.156336784362793,1277.3221731185913
1,716,14.32,10000.0,6533.831357955933,5332.561805844307,10000.0,0.0,-1180.1254749298096,-108.35893452167511,488.1748557090759
1,717,14.34,10000.0,5665.571689605713,6198.450177907944,10000.0,0.0,-868.2596683502197,865.8883720636368,0.0
1,718,14.36,8260.250687599182,5495.515018701553,8473.469614982605,10000.0,-1739.7493124008179,-170.05667090415955,2275.0194370746613,0.0
1,719,14.38,5815.670192241669,5578.5151571035385,10000.0,9934.372007846832,-2444.5804953575134,83.00013840198517,1526.530385017395,-65.62799215316772
1,720,14.4,5000.0,5949.962362647057,10000.0,9681.797623634338,-815.6701922416687,371.44720554351807,0.0,-252.5743842124939
1,721,14.42,5000.0,6715.138405561447,10000.0,9454.730451107025,0.0,765.1760429143906,0.0,-227.06717252731323
1,722,14.44,5000.0,7412.939816713333,10000.0,9139.288365840912,0.0,697.801411151886,0.0,-315.4420852661133
1,723,14.46,5000.0,8815.345168113708,9994.015097618103,7879.771888256073,0.0,1402.4053514003754,-5.984902381896973,-1259.5164775848389
1,724,14.48,5090.528754517436,10000.0,10000.0,6060.265153646469,90.52875451743603,1184.6548318862915,5.984902381896973,-1819.5067346096039
1,725,14.5,6341.932415962219,10000.0,9611.676931381226,5000.0,1251.4036614447832,0.0,-388.3230686187744,-1060.2651536464691
1,726,14.52,8867.222964763641,10000.0,7375.082224607468,5000.0,2525.290548801422,0.0,-2236.594706773758,0.0
1,727,14.540000000000001,10000.0,10000.0,5608.432665467262,5000.0,1132.7770352363586,0.0,-1766.6495591402054,0.0
1,728,14.56,10000.0,9995.53769826889,5000.0,5393.546335399151,0.0,-4.462301731109619,-608.4326654672623,393.54633539915085
1,729,14.58,10000.0,9344.16264295578,5519.876331090927,7199.9843418598175,0.0,-651.3750553131104,519.8763310909271,1806.4380064606667
1,730,14.6,10000.0,8589.634001255035,5514.136254787445,8560.340106487274,0.0,-754.5286417007446,-5.740076303482056,1360.3557646274567
1,731,14.620000000000001,10000.0,7474.8992919921875,5360.592007637024,9758.262932300568,0.0,-1114.734709262848,-153.54424715042114,1197.9228258132935
1,732,14.64,10000.0,6336.2351059913635,5412.320792675018,10000.0,0.0,-1138.664186000824,51.728785037994385,241.73706769943237
1,733,14.66,10000.0,5612.557157874107,6402.354538440704,10000.0,0.0,-723.6779481172562,990.033745765686,0.0
1,734,14.68,7823.067605495453,5559.561103582382,8814.715147018433,10000.0,-2176.932394504547,-52.99605429172516,2412.3606085777283,0.0
1,735,14.700000000000001,5476.985052227974,5659.833624958992,10000.0,9834.18494462967,-2346.082553267479,100.2725213766098,1185.2848529815674,-165.8150553703308
1,736,14.72,5000.0,6128.253564238548,10000.0,9638.9639377594,-476.98505222797394,468.4199392795563,0.0,-195.22100687026978
1,737,14.74,5000.0,6868.308633565903,10000.0,9407.35012292862,0.0,740.0550693273544,0.0,-231.61381483078003
1,738,14.76,5000.0,7631.823122501373,10000.0,8989.279866218567,0.0,763.5144889354706,0.0,-418.0702567100525
1,739,14.780000000000001,5000.0,9052.512645721436,9993.1001663208,7620.759010314941,0.0,1420.6895232200623,-6.899833679199219,-1368.5208559036255
1,740,14.8,5092.754242941737,10000.0,10000.0,5771.49361371994,92.75424294173717,947.4873542785645,6.899833679199219,-1849.2653965950012
1,741,14.82,6776.770502328873,10000.0,9202.914834022522,5000.0,1684.0162593871355,0.0,-797.085165977478,-771.4936137199402
1,742,14.84,9146.272242069244,10000.0,7010.691314935684,5000.0,2369.5017397403717,0.0,-2192.2235190868378,0.0
1,743,14.86,10000.0,10000.0,5325.738415122032,5000.0,853.7277579307556,0.0,-1684.952899813652,0.0
1,744,14.88,10000.0,9907.263815402985,5000.0,5684.079229831696,0.0,-92.73618459701538,-325.73841512203217,684.0792298316956
1,745,14.9,10000.0,9270.503520965576,5570.108033716679,7494.679540395737,0.0,-636.7602944374084,570.1080337166786,1810.6003105640411
1,746,14.92,10000.0,8439.527451992035,5543.205812573433,8790.55231809616,0.0,-830.9760689735413,-26.902221143245697,1295.8727777004242
1,747,14.94,10000.0,7296.5070605278015,5333.784073591232,9925.749599933624,0.0,-1143.0203914642334,-209.42173898220062,1135.1972818374634
1,748,14.96,10000.0,6210.624203085899,5616.674572229385,10000.0,0.0,-1085.8828574419022,282.8904986381531,74.25040006637573
1,749,14.98,9729.272723197937,5602.552071213722,6856.326311826706,10000.0,-270.727276802063,-608.0721318721771,1239.6517395973206,0.0
1,750,15.0,7327.023893594742,5581.0584127902985,9193.658232688904,10000.0,-2402.248829603195,-21.493658423423767,2337.331920862198,0.0
1,751,15.02,5159.381702542305,5738.50192129612,10000.0,9757.362306118011,-2167.642191052437,157.44350850582123,806.3417673110962,-242.63769388198853
1,752,15.040000000000001,5000.0,6276.815831661224,10000.0,9596.37075662613,-159.381702542305,538.3139103651047,0.0,-160.99154949188232
1,753,15.06,5000.0,6971.614211797714,10000.0,9425.542056560516,0.0,694.7983801364899,0.0,-170.8287000656128
1,754,15.08,5000.0,7864.541411399841,10000.0,8815.732896327972,0.0,892.9271996021271,0.0,-609.809160232544
1,755,15.1,5000.0,9261.82210445404,10000.0,7345.786839723587,0.0,1397.2806930541992,0.0,-1469.9460566043854
1,756,15.120000000000001,5239.9395406246185,10000.0,10000.0,5497.293658554554,239.93954062461853,738.1778955459595,0.0,-1848.493181169033
1,757,15.14,7469.750642776489,10000.0,8612.343668937683,5000.0,2229.8111021518707,0.0,-1387.656331062317,-497.293658554554
1,758,15.16,9591.997563838959,10000.0,6446.074694395065,5000.0,2122.2469210624695,0.0,-2166.268974542618,0.0
1,759,15.18,10000.0,10000.0,5000.0,5000.0,408.00243616104126,0.0,-1446.0746943950653,0.0
1,760,15.200000000000001,10000.0,9786.626398563385,5101.909842342138,6018.491238355637,0.0,-213.373601436615,101.90984234213829,1018.4912383556366
1,761,15.22,10000.0,9202.235043048859,5561.1516162753105,7674.290239810944,0.0,-584.3913555145264,459.2417739331722,1655.799001455307
1,762,15.24,10000.0,8248.598873615265,5561.929941177368,9000.060856342316,0.0,-953.6361694335938,0.7783249020576477,1325.770616531372
1,763,15.26,10000.0,7083.60031247139,5347.784161567688,9994.107782840729,0.0,-1164.9985611438751,-214.14577960968018,994.0469264984131
1,764,15.280000000000001,10000.0,6020.403578877449,5953.757092356682,10000.0,0.0,-1063.1967335939407,605.9729307889938,5.89221715927124
1,765,15.3,9215.086102485657,5535.114258527756,7622.877359390259,10000.0,-784.9138975143433,-485.2893203496933,1669.120267033577,0.0
1,766,15.32,6693.113744258881,5547.451302409172,9689.725041389465,10000.0,-2521.972358226776,12.33704388141632,2066.8476819992065,0.0
1,767,15.34,5000.0,5757.502987980843,10000.0,9717.543423175812,-1693.1137442588806,210.05168557167053,310.27495861053467,-282.45657682418823
1,768,15.36,5000.0,6376.809775829315,10000.0,9592.5173163414,0.0,619.3067878484726,0.0,-125.02610683441162
1,769,15.38,5000.0,7011.7489993572235,10000.0,9438.95012140274,0.0,634.9392235279083,0.0,-153.56719493865967
1,770,15.4,5000.0,8127.364218235016,10000.0,8548.72465133667,0.0,1115.6152188777924,0.0,-890.2254700660706
1,771,15.42,5000.0,9521.92634344101,10000.0,6920.004636049271,0.0,1394.5621252059937,0.0,-1628.7200152873993
1,772,15.44,5616.458356380463,10000.0,10000.0,5178.9553835988045,616.4583563804626,478.0736565589905,0.0,-1741.0492524504662
1,773,15.46,8279.581367969513,10000.0,7976.861000061035,5000.0,2663.1230115890503,0.0,-2023.1389999389648,-178.95538359880447
1,774,15.48,9988.308250904083,10000.0,5923.135876655579,5000.0,1708.7268829345703,0.0,-2053.7251234054565,0.0
1,775,15.5,10000.0,10000.0,5000.0,5050.191543996334,11.691749095916748,0.0,-923.1358766555786,50.191543996334076
1,776,15.52,10000.0,9636.492431163788,5401.213467121124,6466.691642999649,0.0,-363.50756883621216,401.21346712112427,1416.500099003315
1,777,15.540000000000001,10000.0,9073.659181594849,5459.382086992264,7830.610573291779,0.0,-562.8332495689392,58.168619871139526,1363.9189302921295
1,778,15.56,10000.0,8039.357364177704,5519.38995718956,9245.782196521759,0.0,-1034.3018174171448,60.00787019729614,1415.1716232299805
1,779,15.58,10000.0,6883.494257926941,5370.369255542755,10000.0,0.0,-1155.863106250763,-149.0207016468048,754.217803478241
1,780,15.6,10000.0,5839.348658919334,6084.478497505188,10000.0,0.0,-1044.1455990076065,714.1092419624329,0.0
1,781,15.620000000000001,8849.479854106903,5494.490787386894,8069.401383399963,10000.0,-1150.520145893097,-344.8578715324402,1984.9228858947754,0.0
1,782,15.64,6326.896250247955,5529.375225305557,9928.005337715149,10000.0,-2522.5836038589478,34.884437918663025,1858.6039543151855,0.0
1,783,15.66,5000.0,5809.081196784973,10000.0,9705.562591552734,-1326.8962502479553,279.7059714794159,71.99466228485107,-294.4374084472656
1,784,15.68,5000.0,6497.640907764435,10000.0,9546.354711055756,0.0,688.5597109794617,0.0,-159.20788049697876
1,785,15.700000000000001,5000.0,7163.955122232437,10000.0,9308.053851127625,0.0,666.3142144680023,0.0,-238.3008599281311
1,786,15.72,5000.0,8399.588465690613,9999.791979789734,8256.886601448059,0.0,1235.6333434581757,-0.20802021026611328,-1051.1672496795654
1,787,15.74,5089.643849059939,9740.373194217682,10000.0,6571.178883314133,89.64384905993938,1340.784728527069,0.20802021026611328,-1685.7077181339264
1,788,15.76,5900.54988861084,10000.0,9944.94915008545,5058.6628168821335,810.9060395509005,259.6268057823181,-55.05084991455078,-1512.5160664319992
1,789,15.780000000000001,8505.300879478455,10000.0,7791.438400745392,5000.0,2604.7509908676147,0.0,-2153.5107493400574,-58.662816882133484
1,790,15.8,10000.0,10000.0,5822.9246735572815,5000.0,1494.6991205215454,0.0,-1968.5137271881104,0.0
1,791,15.82,10000.0,10000.0,5000.0,5103.33526879549,0.0,0.0,-822.9246735572815,103.33526879549026
1,792,15.84,10000.0,9582.387208938599,5442.819967865944,6646.888107061386,0.0,-417.61279106140137,442.8199678659439,1543.5528382658958
1,793,15.860000000000001,10000.0,8988.429605960846,5434.6757382154465,8028.5245180130005,0.0,-593.9576029777527,-8.144229650497437,1381.6364109516144
1,794,15.88,10000.0,7905.437648296356,5470.1050370931625,9376.47670507431,0.0,-1082.9919576644897,35.429298877716064,1347.9521870613098
1,795,15.9,10000.0,6712.886244058609,5322.987288236618,10000.0,0.0,-1192.5514042377472,-147.1177488565445,623.5232949256897
1,796,15.92,10000.0,5732.129365205765,6145.720034837723,10000.0,0.0,-980.7568788528442,822.7327466011047,0.0
1,797,15.94,8510.98120212555,5478.347539901733,8305.520415306091,10000.0,-1489.0187978744507,-253.78182530403137,2159.8003804683685,0.0
1,798,15.96,6023.086458444595,5542.645677924156,10000.0,10000.0,-2487.894743680954,64.29813802242279,1694.4795846939087,0.0
1,799,15.98,5000.0,5865.720584988594,10000.0,9704.728126525879,-1023.0864584445953,323.07490706443787,0.0,-295.2718734741211
1,800,16.0,5000.0,6596.545577049255,10000.0,9500.438868999481,0.0,730.8249920606613,0.0,-204.2892575263977
1,801,16.02,5000.0,7259.432524442673,10000.0,9251.131117343903,0.0,662.8869473934174,0.0,-249.3077516555786
1,802,16.04,5000.0,8574.84757900238,9988.58630657196,8096.444606781006,0.0,1315.4150545597076,-11.41369342803955,-1154.6865105628967
1,803,16.06,5042.440807446837,9883.64189863205,10000.0,6344.433426856995,42.440807446837425,1308.7943196296692,11.41369342803955,-1752.0111799240112
1,804,16.080000000000002,5972.653925418854,10000.0,9856.17458820343,5000.0,930.2131179720163,116.35810136795044,-143.82541179656982,-1344.4334268569946
1,805,16.1,8640.975058078766,10000.0,7606.014311313629,5000.0,2668.321132659912,0.0,-2250.160276889801,0.0
1,806,16.12,10000.0,10000.0,5756.2218606472015,5000.0,1359.0249419212341,0.0,-1849.7924506664276,0.0
1,807,16.14,10000.0,10000.0,5000.0,5227.544903755188,0.0,0.0,-756.2218606472015,227.544903755188
1,808,16.16,10000.0,9404.697120189667,5497.470051050186,6980.087161064148,0.0,-595.3028798103333,497.47005105018616,1752.54225730896
1,809,16.18,10000.0,8689.884841442108,5473.286844789982,8368.052542209625,0.0,-714.8122787475586,-24.183206260204315,1387.9653811454773
1,810,16.2,10000.0,7608.411014080048,5420.634225010872,9605.434834957123,0.0,-1081.4738273620605,-52.652619779109955,1237.3822927474976
1,811,16.22,10000.0,6458.8019251823425,5345.392972230911,10000.0,0.0,-1149.609088897705,-75.24125277996063,394.5651650428772
1,812,16.240000000000002,10000.0,5655.764266848564,6188.463568687439,10000.0,0.0,-803.0376583337784,843.0705964565277,0.0
1,813,16.26,8157.369792461395,5528.9072543382645,8523.914813995361,10000.0,-1842.6302075386047,-126.85701251029968,2335.4512453079224,0.0
1,814,16.28,5736.3560795784,5609.931871294975,10000.0,9900.154769420624,-2421.0137128829956,81.02461695671082,1476.0851860046387,-99.84523057937622
1,815,16.3,5000.0,6017.059087753296,10000.0,9658.263027668,-736.3560795783997,407.1272164583206,0.0,-241.8917417526245
1,816,16.32,5000.0,6794.096082448959,10000.0,9422.575533390045,0.0,777.0369946956635,0.0,-235.6874942779541
1,817,16.34,5000.0,7512.156069278717,10000.0,9069.973826408386,0.0,718.0599868297577,0.0,-352.60170698165894
1,818,16.36,5000.0,8944.17017698288,9998.025894165039,7755.467593669891,0.0,1432.0141077041626,-1.9741058349609375,-1314.5062327384949
1,819,16.38,5119.835278019309,10000.0,10000.0,5916.939973831177,119.83527801930904,1055.8298230171204,1.9741058349609375,-1838.5276198387146
1,820,16.4,6579.877585172653,10000.0,9418.795108795166,5000.0,1460.0423071533442,0.0,-581.204891204834,-916.9399738311768
1,821,16.42,8992.696106433868,10000.0,7218.49650144577,5000.0,2412.818521261215,0.0,-2200.2986073493958,0.0
1,822,16.44,10000.0,10000.0,5461.34565025568,5000.0,1007.3038935661316,0.0,-1757.1508511900902,0.0
1,823,16.46,10000.0,9972.693622112274,5000.0,5505.206920206547,0.0,-27.30637788772583,-461.3456502556801,505.2069202065468
1,824,16.48,10000.0,9342.859089374542,5537.751503288746,7290.469259023666,0.0,-629.8345327377319,537.7515032887459,1785.2623388171196
1,825,16.5,10000.0,8565.302193164825,5529.513694345951,8642.159402370453,0.0,-777.5568962097168,-8.2378089427948,1351.6901433467865
1,826,16.52,10000.0,7421.429753303528,5346.072018146515,9817.748367786407,0.0,-1143.8724398612976,-183.4416761994362,1175.5889654159546
1,827,16.54,10000.0,6286.923736333847,5490.899235010147,10000.0,0.0,-1134.5060169696808,144.8272168636322,182.25163221359253
1,828,16.56,9908.829629421234,5592.762380838394,6639.56955075264,10000.0,-91.17037057876587,-694.1613554954529,1148.6703157424927,0.0
1,829,16.580000000000002,7598.913908004761,5558.773726224899,9000.893235206604,10000.0,-2309.9157214164734,-33.98865461349487,2361.3236844539642,0.0
1,830,16.6,5332.83244818449,5686.001256108284,10000.0,9805.743992328644,-2266.0814598202705,127.2275298833847,999.106764793396,-194.2560076713562
1,831,16.62,5000.0,6163.580417633057,10000.0,9637.068212032318,-332.8324481844902,477.57916152477264,0.0,-168.67578029632568
1,832,16.64,5000.0,6886.792629957199,10000.0,9431.637823581696,0.0,723.2122123241425,0.0,-205.43038845062256
1,833,16.66,5000.0,7681.244909763336,10000.0,8964.605331420898,0.0,794.4522798061371,0.0,-467.0324921607971
1,834,16.68,5000.0,9094.436168670654,9997.873902320862,7554.133832454681,0.0,1413.1912589073181,-2.1260976791381836,-1410.471498966217
1,835,16.7,5076.404614374042,10000.0,10000.0,5688.614845275879,76.40461437404156,905.5638313293457,2.1260976791381836,-1865.5189871788025
1,836,16.72,6925.933212041855,10000.0,9038.278460502625,5000.0,1849.5285976678133,0.0,-961.7215394973755,-688.6148452758789
1,837,16.740000000000002,9280.15112876892,10000.0,6844.485253095627,5000.0,2354.217916727066,0.0,-2193.7932074069977,0.0
1,838,16.76,10000.0,10000.0,5226.4537662267685,5000.0,719.8488712310791,0.0,-1618.0314868688583,0.0
1,839,16.78,10000.0,9843.656122684479,5000.0,5816.078782081604,0.0,-156.34387731552124,-226.4537662267685,816.078782081604
1,840,16.8,10000.0,9212.55111694336,5588.640421628952,7603.803277015686,0.0,-631.1050057411194,588.640421628952,1787.724494934082
1,841,16.82,10000.0,8349.48182106018,5558.535978198051,8867.511749267578,0.0,-863.0692958831787,-30.104443430900574,1263.708472251892
1,842,16.84,10000.0,7213.277220726013,5338.433757424355,9968.773424625397,0.0,-1136.2046003341675,-220.1022207736969,1101.2616753578186
1,843,16.86,10000.0,6156.2976986169815,5695.563331246376,10000.0,0.0,-1056.9795221090317,357.1295738220215,31.22657537460327
1,844,16.88,9594.522416591644,5603.083148598671,7012.646943330765,10000.0,-405.4775834083557,-553.2145500183105,1317.0836120843887,0.0
1,845,16.9,7146.945893764496,5588.553100824356,9329.355359077454,10000.0,-2447.5765228271484,-14.53004777431488,2316.708415746689,0.0
1,846,16.92,5041.323760524392,5768.70359480381,10000.0,9728.571474552155,-2105.6221332401037,180.15049397945404,670.6446409225464,-271.42852544784546
1,847,16.94,5000.0,6354.375630617142,10000.0,9564.494788646698,-41.32376052439213,585.6720358133316,0.0,-164.07668590545654
1,848,16.96,5000.0,7036.655098199844,10000.0,9404.26230430603,0.0,682.2794675827026,0.0,-160.23248434066772
1,849,16.98,5000.0,8013.541102409363,10000.0,8672.87278175354,0.0,976.8860042095184,0.0,-731.3895225524902
1,850,17.0,5000.0,9392.74400472641,10000.0,7173.634320497513,0.0,1379.2029023170471,0.0,-1499.2384612560272
1,851,17.02,5412.760265171528,10000.0,10000.0,5379.748530685902,412.76026517152786,607.2559952735901,0.0,-1793.8857898116112
1,852,17.04,7843.34272146225,10000.0,8328.077793121338,5000.0,2430.582456290722,0.0,-1671.922206878662,-379.74853068590164
1,853,17.06,9774.998724460602,10000.0,6196.461766958237,5000.0,1931.656002998352,0.0,-2131.616026163101,0.0
1,854,17.080000000000002,10000.0,10000.0,5000.0,5000.0,225.0012755393982,0.0,-1196.4617669582367,0.0
1,855,17.1,10000.0,9744.683802127838,5222.631674259901,6173.658967018127,0.0,-255.31619787216187,222.63167425990105,1173.6589670181274
1,856,17.12,10000.0,9166.413247585297,5502.555333077908,7731.619477272034,0.0,-578.2705545425415,279.9236588180065,1557.9605102539062
1,857,17.14,10000.0,8146.032392978668,5550.176985561848,9123.837053775787,0.0,-1020.3808546066284,47.621652483940125,1392.2175765037537
1,858,17.16,10000.0,6968.500763177872,5352.605804800987,10000.0,0.0,-1177.5316298007965,-197.57118076086044,876.1629462242126
1,859,17.18,10000.0,5909.035429358482,6053.297743201256,10000.0,0.0,-1059.4653338193893,700.6919384002686,0.0
1,860,17.2,9016.576707363129,5487.565025687218,7890.5826807022095,10000.0,-983.4232926368713,-421.47040367126465,1837.2849375009537,0.0
1,861,17.22,6490.215361118317,5526.583939790726,9832.390546798706,10000.0,-2526.361346244812,39.018914103507996,1941.8078660964966,0.0
1,862,17.240000000000002,5000.0,5767.9929584264755,10000.0,9716.929495334625,-1490.2153611183167,241.40901863574982,167.60945320129395,-283.07050466537476
1,863,17.26,5000.0,6421.215385198593,10000.0,9580.259025096893,0.0,653.2224267721176,0.0,-136.67047023773193
1,864,17.28,5000.0,7056.857347488403,10000.0,9402.407109737396,0.0,635.6419622898102,0.0,-177.85191535949707
1,865,17.3,5000.0,8232.22815990448,10000.0,8430.048525333405,0.0,1175.3708124160767,0.0,-972.3585844039917
1,866,17.32,5000.0,9617.631137371063,10000.0,6759.670823812485,0.0,1385.4029774665833,0.0,-1670.3777015209198
1,867,17.34,5707.774385809898,10000.0,10000.0,5087.195262312889,707.7743858098984,382.36886262893677,0.0,-1672.4755614995956
1,868,17.36,8424.202799797058,10000.0,7851.414680480957,5000.0,2716.4284139871597,0.0,-2148.585319519043,-87.1952623128891
1,869,17.38,10000.0,10000.0,5850.925445556641,5000.0,1575.797200202942,0.0,-2000.4892349243164,0.0
1,870,17.400000000000002,10000.0,10000.0,5000.0,5079.952962696552,0.0,0.0,-850.9254455566406,79.95296269655228
1,871,17.42,10000.0,9587.371051311493,5443.300753831863,6597.95954823494,0.0,-412.6289486885071,443.3007538318634,1518.0065855383873
1,872,17.44,10000.0,9008.828401565552,5448.202863335609,7944.144308567047,0.0,-578.5426497459412,4.902109503746033,1346.1847603321075
1,873,17.46,10000.0,7960.804998874664,5500.551834702492,9326.231479644775,0.0,-1048.0234026908875,52.348971366882324,1382.0871710777283
1,874,17.48,10000.0,6795.536279678345,5361.26084625721,10000.0,0.0,-1165.2687191963196,-139.29098844528198,673.7685203552246
1,875,17.5,10000.0,5793.190374970436,6109.675019979477,10000.0,0.0,-1002.3459047079086,748.4141737222672,0.0
1,876,17.52,8712.843358516693,5499.214977025986,8181.425333023071,10000.0,-1287.1566414833069,-293.9753979444504,2071.7503130435944,0.0
1,877,17.54,6198.340058326721,5542.796179652214,10000.0,10000.0,-2514.503300189972,43.58120262622833,1818.5746669769287,0.0
1,878,17.56,5000.0,5851.750150322914,10000.0,9696.721732616425,-1198.3400583267212,308.9539706707001,0.0,-303.27826738357544
1,879,17.580000000000002,5000.0,6564.912348985672,10000.0,9522.611200809479,0.0,713.1621986627579,0.0,-174.1105318069458
1,880,17.6,5000.0,7241.612821817398,10000.0,9263.724982738495,0.0,676.7004728317261,0.0,-258.8862180709839
1,881,17.62,5000.0,8530.850410461426,9997.696876525879,8148.579895496368,0.0,1289.2375886440277,-2.3031234741210938,-1115.1450872421265
1,882,17.64,5109.193539246917,9840.848743915558,10000.0,6417.4216985702515,109.19353924691677,1309.998333454132,2.3031234741210938,-1731.158196926117
1,883,17.66,6040.688082575798,10000.0,9856.231212615967,5000.0,931.4945433288813,159.15125608444214,-143.7687873840332,-1417.4216985702515
1,884,17.68,8633.902966976166,10000.0,7669.92062330246,5000.0,2593.2148844003677,0.0,-2186.310589313507,0.0
1,885,17.7,10000.0,10000.0,5781.653970479965,5000.0,1366.0970330238342,0.0,-1888.2666528224945,0.0
1,886,17.72,10000.0,10000.0,5000.0,5167.960859835148,0.0,0.0,-781.6539704799652,167.96085983514786
1,887,17.740000000000002,10000.0,9500.712752342224,5475.147441029549,6816.930770874023,0.0,-499.2872476577759,475.14744102954865,1648.9699110388756
1,888,17.76,10000.0,8846.952319145203,5457.821264863014,8205.063939094543,0.0,-653.7604331970215,-17.326176166534424,1388.13316822052
1,889,17.78,10000.0,7750.5698800086975,5444.128587841988,9488.780796527863,0.0,-1096.3824391365051,-13.692677021026611,1283.716857433319
1,890,17.8,10000.0,6556.404680013657,5334.568172693253,10000.0,0.0,-1194.165199995041,-109.56041514873505,511.21920347213745
1,891,17.82,10000.0,5663.192123174667,6229.211241006851,10000.0,0.0,-893.2125568389893,894.6430683135986,0.0
1,892,17.84,8258.967101573944,5486.590638756752,8492.221236228943,10000.0,-1741.032898426056,-176.60148441791534,2263.0099952220917,0.0
1,893,17.86,5815.292298793793,5569.939687848091,10000.0,9942.496120929718,-2443.6748027801514,83.34904909133911,1507.7787637710571,-57.50387907028198
1,894,17.88,5000.0,5930.230990052223,10000.0,9692.57652759552,-815.2922987937927,360.2913022041321,0.0,-249.919593334198
1,895,17.900000000000002,5000.0,6688.112169504166,10000.0,9468.843638896942,0.0,757.8811794519424,0.0,-223.73288869857788
1,896,17.92,5000.0,7378.172725439072,10000.0,9175.944030284882,0.0,690.060555934906,0.0,-292.89960861206055
1,897,17.94,5000.0,8755.581676959991,9990.816116333008,7934.224903583527,0.0,1377.4089515209198,-9.183883666992188,-1241.719126701355
1,898,17.96,5059.513738378882,10000.0,10000.0,6116.880923509598,59.51373837888241,1244.4183230400085,9.183883666992188,-1817.3439800739288
1,899,17.98,6244.826316833496,10000.0,9675.984978675842,5000.0,1185.3125784546137,0.0,-324.0150213241577,-1116.8809235095978
1,900,18.0,8846.901953220367,10000.0,7411.623150110245,5000.0,2602.0756363868713,0.0,-2264.3618285655975,0.0
1,901,18.02,10000.0,10000.0,5650.672018527985,5000.0,1153.0980467796326,0.0,-1760.9511315822601,0.0
1,902,18.04,10000.0,9992.80571937561,5000.0,5374.469049274921,0.0,-7.194280624389648,-650.6720185279846,374.4690492749214
1,903,18.06,10000.0,9329.64563369751,5519.875138998032,7201.484590768814,0.0,-663.1600856781006,519.8751389980316,1827.0155414938927
1,904,18.080000000000002,10000.0,8573.192059993744,5516.013279557228,8549.605309963226,0.0,-756.4535737037659,-3.861859440803528,1348.1207191944122
1,905,18.1,10000.0,7475.812286138535,5366.799980401993,9749.919474124908,0.0,-1097.3797738552094,-149.2132991552353,1200.3141641616821
1,906,18.12,10000.0,6350.239962339401,5404.514297842979,10000.0,0.0,-1125.5723237991333,37.71431744098663,250.08052587509155
1,907,18.14,10000.0,5630.747452378273,6335.466504096985,10000.0,0.0,-719.4925099611282,930.9522062540054,0.0
1,908,18.16,7883.065044879913,5570.2390521764755,8755.184412002563,10000.0,-2116.9349551200867,-60.508400201797485,2419.7179079055786,0.0
1,909,18.18,5521.053224802017,5656.3495844602585,10000.0,9836.114943027496,-2362.011820077896,86.11053228378296,1244.8155879974365,-163.88505697250366
1,910,18.2,5000.0,6135.5601996183395,10000.0,9628.274738788605,-521.0532248020172,479.21061515808105,0.0,-207.8402042388916
1,911,18.22,5000.0,6882.759183645248,10000.0,9396.6343998909,0.0,747.1989840269089,0.0,-231.64033889770508
1,912,18.240000000000002,5000.0,7651.19731426239,10000.0,8967.8755402565,0.0,768.4381306171417,0.0,-428.7588596343994
1,913,18.26,5000.0,9069.98097896576,10000.0,7608.57492685318,0.0,1418.7836647033691,0.0,-1359.3006134033203
1,914,18.28,5138.2003631442785,10000.0,10000.0,5764.989107847214,138.20036314427853,930.0190210342407,0.0,-1843.5858190059662
1,915,18.3,6853.132843971252,10000.0,9170.024394989014,5000.0,1714.932480826974,0.0,-829.9756050109863,-764.9891078472137
1,916,18.32,9177.133738994598,10000.0,6992.503106594086,5000.0,2324.000895023346,0.0,-2177.521288394928,0.0
1,917,18.34,10000.0,10000.0,5310.081001371145,5000.0,822.8662610054016,0.0,-1682.4221052229404,0.0
1,918,18.36,10000.0,9920.448958873749,5000.0,5663.962662220001,0.0,-79.55104112625122,-310.08100137114525,663.9626622200012
1,919,18.38,10000.0,9313.05319070816,5563.41715157032,7454.376965761185,0.0,-607.3957681655884,563.4171515703201,1790.4143035411835
1,920,18.400000000000002,10000.0,8490.436375141144,5540.702641010284,8763.996660709381,0.0,-822.6168155670166,-22.714510560035706,1309.6196949481964
1,921,18.42,10000.0,7331.141382455826,5335.466116666794,9901.968538761139,0.0,-1159.294992685318,-205.2365243434906,1137.9718780517578
1,922,18.44,10000.0,6220.824718475342,5639.20758664608,10000.0,0.0,-1110.316663980484,303.7414699792862,98.03146123886108
1,923,18.46,9711.442291736603,5585.725829005241,6945.389956235886,10000.0,-288.5577082633972,-635.0988894701004,1306.1823695898056,0.0
1,924,18.48,7301.492989063263,5561.152249574661,9234.927892684937,10000.0,-2409.94930267334,-24.57357943058014,2289.537936449051,0.0
1,925,18.5,5144.342510029674,5722.843259572983,10000.0,9767.44681596756,-2157.1504790335894,161.69100999832153,765.0721073150635,-232.55318403244019
1,926,18.52,5000.0,6235.988438129425,10000.0,9622.03323841095,-144.34251002967358,513.1451785564423,0.0,-145.4135775566101
1,927,18.54,5000.0,6916.302889585495,10000.0,9463.308155536652,0.0,680.31445145607,0.0,-158.7250828742981
1,928,18.56,5000.0,7793.474197387695,10000.0,8884.582221508026,0.0,877.1713078022003,0.0,-578.7259340286255
1,929,18.580000000000002,5000.0,9205.18159866333,10000.0,7397.4065482616425,0.0,1411.7074012756348,0.0,-1487.1756732463837
1,930,18.6,5189.429894089699,10000.0,10000.0,5519.944615662098,189.4298940896988,794.8184013366699,0.0,-1877.4619325995445
1,931,18.62,7393.56130361557,10000.0,8660.972118377686,5000.0,2204.1314095258713,0.0,-1339.0278816223145,-519.9446156620979
1,932,18.64,9573.474824428558,10000.0,6490.245312452316,5000.0,2179.9135208129883,0.0,-2170.7268059253693,0.0
1,933,18.66,10000.0,10000.0,5014.204382896423,5000.0,426.52517557144165,0.0,-1476.040929555893,0.0
1,934,18.68,10000.0,9778.781235218048,5091.139134019613,6003.358960151672,0.0,-221.2187647819519,76.93475112318993,1003.3589601516724
1,935,18.7,10000.0,9193.201065063477,5580.488294363022,7656.214535236359,0.0,-585.5801701545715,489.3491603434086,1652.8555750846863
1,936,18.72,10000.0,8264.974057674408,5567.363053560257,8964.899182319641,0.0,-928.2270073890686,-13.125240802764893,1308.6846470832825
1,937,18.740000000000002,10000.0,7114.008516073227,5355.241447687149,9975.36152601242,0.0,-1150.965541601181,-212.1216058731079,1010.4623436927795
1,938,18.76,10000.0,6052.666008472443,5901.679247617722,10000.0,0.0,-1061.3425076007843,546.4377999305725,24.638473987579346
1,939,18.78,9287.572801113129,5556.064024567604,7506.216466426849,10000.0,-712.4271988868713,-496.60198390483856,1604.5372188091278,0.0
1,940,18.8,6775.61342716217,5557.0387840271,9626.97684764862,10000.0,-2511.9593739509583,0.9747594594955444,2120.7603812217712,0.0
1,941,18.82,5000.0,5763.229578733444,10000.0,9713.148176670074,-1775.6134271621704,206.1907947063446,373.0231523513794,-286.85182332992554
1,942,18.84,5000.0,6370.799243450165,10000.0,9586.796462535858,0.0,607.5696647167206,0.0,-126.35171413421631
1,943,18.86,5000.0,7025.394886732101,10000.0,9423.809349536896,0.0,654.5956432819366,0.0,-162.9871129989624
1,944,18.88,5000.0,8119.377493858337,10000.0,8554.681241512299,0.0,1093.982607126236,0.0,-869.1281080245972
1,945,18.900000000000002,5000.0,9508.261382579803,10000.0,6953.232288360596,0.0,1388.883888721466,0.0,-1601.4489531517029
1,946,18.92,5613.953545689583,10000.0,10000.0,5216.483362019062,613.9535456895828,491.73861742019653,0.0,-1736.7489263415337
1,947,18.94,8244.126737117767,10000.0,8009.754419326782,5000.0,2630.1731914281845,0.0,-1990.2455806732178,-216.48336201906204
1,948,18.96,9972.068965435028,10000.0,5933.471471071243,5000.0,1727.9422283172607,0.0,-2076.282948255539,0.0
1,949,18.98,10000.0,10000.0,5000.0,5040.063187479973,27.931034564971924,0.0,-933.4714710712433,40.06318747997284
1,950,19.0,10000.0,9678.823053836823,5376.06418132782,6395.895928144455,0.0,-321.1769461631775,376.0641813278198,1355.8327406644821
1,951,19.02,10000.0,9127.33405828476,5453.479215502739,7779.9829840660095,0.0,-551.488995552063,77.41503417491913,1384.0870559215546
1,952,19.04,10000.0,8086.597919464111,5520.647279918194,9214.199483394623,0.0,-1040.7361388206482,67.16806441545486,1434.2164993286133
1,953,19.06,10000.0,6923.422813415527,5362.291261553764,10000.0,0.0,-1163.175106048584,-158.35601836442947,785.8005166053772
1,954,19.080000000000002,10000.0,5856.236219406128,6090.319380164146,10000.0,0.0,-1067.1865940093994,728.0281186103821,0.0
1,955,19.1,8890.095055103302,5483.502224087715,8048.104643821716,10000.0,-1109.904944896698,-372.7339953184128,1957.7852636575699,0.0
1,956,19.12,6363.448351621628,5523.55982363224,9907.317161560059,10000.0,-2526.646703481674,40.05759954452515,1859.2125177383423,0.0
1,957,19.14,5000.0,5788.982808589935,10000.0,9711.470901966095,-1363.4483516216278,265.422984957695,92.6828384399414,-288.52909803390503
1,958,19.16,5000.0,6462.570875883102,10000.0,9557.98715353012,0.0,673.5880672931671,0.0,-153.48374843597412
1,959,19.18,5000.0,7107.314169406891,10000.0,9344.373643398285,0.0,644.7432935237885,0.0,-213.61351013183594
1,960,19.2,5000.0,8313.558399677277,9998.157620429993,8327.21322774887,0.0,1206.2442302703857,-1.8423795700073242,-1017.1604156494141
1,961,19.22,5050.096018239856,9675.537645816803,10000.0,6663.480848073959,50.096018239855766,1361.9792461395264,1.8423795700073242,-1663.7323796749115
1,962,19.240000000000002,5768.178105354309,10000.0,10000.0,5079.5527175068855,718.0820871144533,324.462354183197,0.0,-1583.9281305670738
1,963,19.26,8411.653935909271,10000.0,7859.59005355835,5000.0,2643.475830554962,0.0,-2140.4099464416504,-79.55271750688553
1,964,19.28,10000.0,10000.0,5856.8111807107925,5000.0,1588.3460640907288,0.0,-2002.778872847557,0.0
1,965,19.3,10000.0,10000.0,5000.0,5082.7984139323235,0.0,0.0,-856.8111807107925,82.79841393232346
1,966,19.32,10000.0,9599.556624889374,5424.331650137901,6594.93014216423,0.0,-400.4433751106262,424.3316501379013,1512.131728231907
1,967,19.34,10000.0,9013.769626617432,5434.000678360462,7977.161109447479,0.0,-585.7869982719421,9.669028222560883,1382.230967283249
1,968,19.36,10000.0,7945.989966392517,5485.526770353317,9337.551295757294,0.0,-1067.7796602249146,51.52609199285507,1360.3901863098145
1,969,19.38,10000.0,6764.907091856003,5324.728861451149,10000.0,0.0,-1181.0828745365143,-160.79790890216827,662.4487042427063
1,970,19.400000000000002,10000.0,5769.772976636887,6102.791279554367,10000.0,0.0,-995.1341152191162,778.0624181032181,0.0
1,971,19.42,8616.290986537933,5485.908687114716,8209.664821624756,10000.0,-1383.7090134620667,-283.864289522171,2106.873542070389,0.0
1,972,19.44,6114.109233021736,5539.9129539728165,10000.0,10000.0,-2502.181753516197,54.00426685810089,1790.3351783752441,0.0
1,973,19.46,5000.0,5854.950845241547,10000.0,9699.927270412445,-1114.1092330217361,315.03789126873016,0.0,-300.07272958755493
1,974,19.48,5000.0,6571.2518990039825,10000.0,9511.149227619171,0.0,716.3010537624359,0.0,-188.77804279327393
1,975,19.5,5000.0,7235.6559336185455,10000.0,9268.08089017868,0.0,664.404034614563,0.0,-243.06833744049072
1,976,19.52,5000.0,8529.946208000183,9993.886351585388,8140.110075473785,0.0,1294.2902743816376,-6.113648414611816,-1127.970814704895
1,977,19.54,5050.141206011176,9847.65350818634,10000.0,6404.533237218857,50.14120601117611,1317.7073001861572,6.113648414611816,-1735.5768382549286
1,978,19.56,5960.072576999664,10000.0,9861.082434654236,5000.0,909.9313709884882,152.34649181365967,-138.91756534576416,-1404.5332372188568
1,979,19.580000000000002,8618.020415306091,10000.0,7623.80987405777,5000.0,2657.947838306427,0.0,-2237.272560596466,0.0
1,980,19.6,10000.0,10000.0,5749.255493283272,5000.0,1381.9795846939087,0.0,-1874.554380774498,0.0
1,981,19.62,10000.0,10000.0,5000.0,5201.062560081482,0.0,0.0,-749.2554932832718,201.06256008148193
1,982,19.64,10000.0,9437.72554397583,5496.419109404087,6909.128576517105,0.0,-562.2744560241699,496.41910940408707,1708.0660164356232
1,983,19.66,10000.0,8744.885921478271,5463.832914829254,8295.237720012665,0.0,-692.8396224975586,-32.586194574832916,1386.1091434955597
1,984,19.68,10000.0,7659.072279930115,5430.136471986771,9556.99771642685,0.0,-1085.8136415481567,-33.69644284248352,1261.7599964141846
1,985,19.7,10000.0,6492.165178060532,5334.529206156731,10000.0,0.0,-1166.9071018695831,-95.60726583003998,443.00228357315063
1,986,19.72,10000.0,5657.34788775444,6192.117854952812,10000.0,0.0,-834.8172903060913,857.5886487960815,0.0
1,987,19.740000000000002,8207.790553569794,5508.7194591760635,8497.802019119263,10000.0,-1792.2094464302063,-148.62842857837677,2305.6841641664505,0.0
1,988,19.76,5773.664861917496,5593.5486406087875,10000.0,9917.574226856232,-2434.125691652298,84.829181432724,1502.1979808807373,-82.42577314376831
1,989,19.78,5000.0,5981.444865465164,10000.0,9670.791029930115,-773.6648619174957,387.89622485637665,0.0,-246.78319692611694
1,990,19.8,5000.0,6753.28865647316,10000.0,9437.683522701263,0.0,771.8437910079956,0.0,-233.10750722885132
1,991,19.82,5000.0,7461.120933294296,10000.0,9102.011322975159,0.0,707.8322768211365,0.0,-335.67219972610474
1,992,19.84,5000.0,8882.095217704773,9995.880126953125,7814.905345439911,0.0,1420.9742844104767,-4.119873046875,-1287.1059775352478
1,993,19.86,5103.633916005492,10000.0,10000.0,5986.918359994888,103.63391600549221,1117.904782295227,4.119873046875,-1827.9869854450226
1,994,19.88,6449.049711227417,10000.0,9523.535966873169,5000.0,1345.4157952219248,0.0,-476.46403312683105,-986.9183599948883
1,995,19.900000000000002,8916.01949930191,10000.0,7305.805832147598,5000.0,2466.9697880744934,0.0,-2217.7301347255707,0.0
1,996,19.92,10000.0,10000.0,5542.059764266014,5000.0,1083.9805006980896,0.0,-1763.7460678815842,0.0
1,997,19.94,10000.0,9986.067712306976,5000.0,5443.142391741276,0.0,-13.932287693023682,-542.0597642660141,443.1423917412758
1,998,19.96,10000.0,9339.284598827362,5528.73395383358,7242.426723241806,0.0,-646.7831134796143,528.73395383358,1799.2843315005302
1,999,19.98,10000.0,8572.700023651123,5522.400364279747,8604.184687137604,0.0,-766.584575176239,-6.333589553833008,1361.7579638957977
