episode,step,time_s,u1_rpm,u2_rpm,u3_rpm,u4_rpm,du1_rpm,du2_rpm,du3_rpm,du4_rpm
1,0,0.0,5460.953302681446,8247.541785240173,10000.0,7754.622995853424,0.0,0.0,0.0,0.0
1,1,0.01,5724.658519029617,8406.867980957031,10000.0,8058.016300201416,263.70521634817123,159.3261957168579,0.0,303.39330434799194
1,2,0.02,6534.890681505203,8383.790254592896,9930.868148803711,8088.917136192322,810.2321624755859,-23.077726364135742,-69.13185119628906,30.90083599090576
1,3,0.03,7015.91432094574,8276.088237762451,9619.019627571106,8290.941715240479,481.0236394405365,-107.70201683044434,-311.848521232605,202.02457904815674
1,4,0.04,7456.565350294113,8344.70421075821,9201.477766036987,8388.804197311401,440.6510293483734,68.61597299575806,-417.54186153411865,97.86248207092285
1,5,0.05,7852.4792194366455,8297.094404697418,8788.367807865143,8535.691499710083,395.91386914253235,-47.609806060791016,-413.1099581718445,146.88730239868164
1,6,0.06,8211.91132068634,8319.995403289795,8518.196046352386,8588.781356811523,359.4321012496948,22.90099859237671,-270.17176151275635,53.08985710144043
1,7,0.07,8525.06011724472,8355.373740196228,8261.975049972534,8627.997636795044,313.1487965583801,35.378336906433105,-256.2209963798523,39.21627998352051
1,8,0.08,8838.205933570862,8408.268988132477,8060.645759105682,8691.701292991638,313.14581632614136,52.89524793624878,-201.3292908668518,63.70365619659424
1,9,0.09,9042.796194553375,8432.71017074585,7956.563234329224,8740.720450878143,204.59026098251343,24.441182613372803,-104.08252477645874,49.01915788650513
1,10,0.1,9206.084907054901,8467.758297920227,7896.878123283386,8758.653998374939,163.28871250152588,35.04812717437744,-59.6851110458374,17.933547496795654
1,11,0.11,9292.70327091217,8526.655435562134,7883.566915988922,8769.819140434265,86.61836385726929,58.89713764190674,-13.311207294464111,11.165142059326172
1,12,0.12,9372.555315494537,8537.048995494843,7890.00928401947,8753.252625465393,79.85204458236694,10.39355993270874,6.442368030548096,-16.56651496887207
1,13,0.13,9397.48466014862,8575.333952903748,7884.003520011902,8738.101124763489,24.929344654083252,38.28495740890503,-6.005764007568359,-15.151500701904297
1,14,0.14,9393.718242645264,8578.966856002808,7904.6571254730225,8706.503510475159,-3.7664175033569336,3.6329030990600586,20.653605461120605,-31.597614288330078
1,15,0.15,9343.397617340088,8595.207929611206,7938.3862018585205,8662.567138671875,-50.32062530517578,16.241073608398438,33.72907638549805,-43.93637180328369
1,16,0.16,9271.347522735596,8605.022430419922,7982.753217220306,8628.486394882202,-72.05009460449219,9.81450080871582,44.36701536178589,-34.08074378967285
1,17,0.17,9204.217195510864,8603.292405605316,8024.827837944031,8602.39326953888,-67.13032722473145,-1.730024814605713,42.074620723724365,-26.093125343322754
1,18,0.18,9125.136137008667,8610.685467720032,8071.984052658081,8571.321964263916,-79.08105850219727,7.393062114715576,47.15621471405029,-31.07130527496338
1,19,0.19,9037.957191467285,8605.866730213165,8127.343058586121,8541.386127471924,-87.17894554138184,-4.818737506866455,55.35900592803955,-29.935836791992188
1,20,0.2,8939.448297023773,8616.002202033997,8180.707097053528,8507.697582244873,-98.50889444351196,10.135471820831299,53.36403846740723,-33.68854522705078
1,21,0.21,8853.047788143158,8617.927134037018,8233.18064212799,8488.494753837585,-86.40050888061523,1.9249320030212402,52.47354507446289,-19.202828407287598
1,22,0.22,8774.02275800705,8605.065047740936,8282.968401908875,8462.22072839737,-79.0250301361084,-12.862086296081543,49.78775978088379,-26.274025440216064
1,23,0.23,8691.112399101257,8595.9392786026,8327.864408493042,8433.152437210083,-82.91035890579224,-9.125769138336182,44.89600658416748,-29.068291187286377
1,24,0.24,8609.038889408112,8572.747111320496,8372.669219970703,8406.719863414764,-82.07350969314575,-23.192167282104492,44.80481147766113,-26.432573795318604
1,25,0.25,8547.881543636322,8553.479015827179,8395.512700080872,8395.61939239502,-61.15734577178955,-19.26809549331665,22.843480110168457,-11.100471019744873
1,26,0.26,8469.52199935913,8539.637327194214,8431.586623191833,8378.88240814209,-78.35954427719116,-13.841688632965088,36.073923110961914,-16.736984252929688
1,27,0.27,8394.144475460052,8506.108224391937,8468.114137649536,8353.424668312073,-75.37752389907837,-33.52910280227661,36.52751445770264,-25.45773983001709
1,28,0.28,8331.155180931091,8477.32424736023,8500.952124595642,8353.11383008957,-62.98929452896118,-28.783977031707764,32.83798694610596,-0.3108382225036621
1,29,0.29,8278.34576368332,8451.431691646576,8517.538905143738,8336.944878101349,-52.80941724777222,-25.892555713653564,16.586780548095703,-16.168951988220215
1,30,0.3,8220.720887184143,8416.353166103363,8535.468578338623,8327.787518501282,-57.624876499176025,-35.07852554321289,17.929673194885254,-9.157359600067139
1,31,0.31,8170.680999755859,8382.975459098816,8552.601933479309,8319.454193115234,-50.03988742828369,-33.37770700454712,17.133355140686035,-8.333325386047363
1,32,0.32,8129.652142524719,8347.825109958649,8566.625714302063,8314.382135868073,-41.02885723114014,-35.150349140167236,14.023780822753906,-5.072057247161865
1,33,0.33,8090.754151344299,8313.682079315186,8560.351729393005,8305.091261863708,-38.89799118041992,-34.143030643463135,-6.273984909057617,-9.290874004364014
1,34,0.34,8059.821128845215,8280.199766159058,8558.039665222168,8291.160464286804,-30.933022499084473,-33.48231315612793,-2.3120641708374023,-13.930797576904297
1,35,0.35000000000000003,8030.202090740204,8251.017332077026,8557.738065719604,8284.82449054718,-29.619038105010986,-29.18243408203125,-0.30159950256347656,-6.335973739624023
1,36,0.36,8003.6309361457825,8221.215307712555,8541.375994682312,8269.601464271545,-26.571154594421387,-29.802024364471436,-16.36207103729248,-15.223026275634766
1,37,0.37,7977.310419082642,8191.787600517273,8532.567918300629,8256.118595600128,-26.32051706314087,-29.427707195281982,-8.80807638168335,-13.482868671417236
1,38,0.38,7946.680188179016,8165.58301448822,8524.374961853027,8243.473172187805,-30.63023090362549,-26.204586029052734,-8.192956447601318,-12.645423412322998
1,39,0.39,7928.900718688965,8141.55787229538,8507.798910140991,8222.090601921082,-17.77946949005127,-24.025142192840576,-16.576051712036133,-21.382570266723633
1,40,0.4,7905.428111553192,8112.300932407379,8493.626415729523,8198.518753051758,-23.472607135772705,-29.25693988800049,-14.172494411468506,-23.57184886932373
1,41,0.41000000000000003,7881.440818309784,8086.659908294678,8474.535346031189,8179.390132427216,-23.987293243408203,-25.641024112701416,-19.09106969833374,-19.128620624542236
1,42,0.42,7858.536541461945,8061.417937278748,8462.142646312714,8158.001899719238,-22.904276847839355,-25.241971015930176,-12.392699718475342,-21.388232707977295
1,43,0.43,7833.254933357239,8034.01380777359,8446.39927148819,8133.527636528015,-25.28160810470581,-27.40412950515747,-15.743374824523926,-24.474263191223145
1,44,0.44,7813.12108039856,8007.831573486328,8422.160148620605,8103.81144285202,-20.1338529586792,-26.182234287261963,-24.23912286758423,-29.716193675994873
1,45,0.45,7792.083024978638,7983.229756355286,8403.152227401733,8079.996109008789,-21.038055419921875,-24.60181713104248,-19.00792121887207,-23.8153338432312
1,46,0.46,7764.380872249603,7958.7942361831665,8387.897610664368,8061.21826171875,-27.702152729034424,-24.43552017211914,-15.254616737365723,-18.777847290039062
1,47,0.47000000000000003,7737.587094306946,7935.87863445282,8368.148803710938,8038.645386695862,-26.79377794265747,-22.91560173034668,-19.748806953430176,-22.572875022888184
1,48,0.48,7714.356780052185,7913.527488708496,8353.942036628723,8019.952178001404,-23.230314254760742,-22.35114574432373,-14.206767082214355,-18.693208694458008
1,49,0.49,7690.861225128174,7887.943387031555,8335.422277450562,7998.075187206268,-23.49555492401123,-25.584101676940918,-18.51975917816162,-21.876990795135498
1,50,0.5,7662.373483181,7864.085733890533,8319.462239742279,7977.055609226227,-28.487741947174072,-23.85765314102173,-15.96003770828247,-21.019577980041504
1,51,0.51,7633.158266544342,7849.535346031189,8308.790922164917,7961.103320121765,-29.215216636657715,-14.550387859344482,-10.67131757736206,-15.95228910446167
1,52,0.52,7607.056796550751,7823.575437068939,8296.774625778198,7941.160798072815,-26.10146999359131,-25.959908962249756,-12.01629638671875,-19.942522048950195
1,53,0.53,7582.656145095825,7800.477743148804,8280.555605888367,7919.434607028961,-24.400651454925537,-23.097693920135498,-16.219019889831543,-21.72619104385376
1,54,0.54,7552.107870578766,7777.617573738098,8269.420862197876,7903.710603713989,-30.548274517059326,-22.860169410705566,-11.134743690490723,-15.724003314971924
1,55,0.55,7528.341710567474,7760.617434978485,8257.866501808167,7889.533340930939,-23.766160011291504,-17.000138759613037,-11.554360389709473,-14.177262783050537
1,56,0.56,7505.087852478027,7739.957273006439,8245.771825313568,7871.071100234985,-23.25385808944702,-20.6601619720459,-12.094676494598389,-18.46224069595337
1,57,0.5700000000000001,7476.784288883209,7720.2194929122925,8236.682415008545,7856.541275978088,-28.303563594818115,-19.73778009414673,-9.089410305023193,-14.529824256896973
1,58,0.58,7457.320541143417,7705.067694187164,8226.542472839355,7836.436033248901,-19.46374773979187,-15.151798725128174,-10.139942169189453,-20.10524272918701
1,59,0.59,7432.219833135605,7687.496840953827,8217.02629327774,7822.315096855164,-25.1007080078125,-17.570853233337402,-9.51617956161499,-14.120936393737793
1,60,0.6,7411.801367998123,7668.6030626297,8204.686641693115,7805.216908454895,-20.41846513748169,-18.893778324127197,-12.339651584625244,-17.098188400268555
1,61,0.61,7390.057742595673,7653.671503067017,8190.83034992218,7783.803939819336,-21.74362540245056,-14.931559562683105,-13.856291770935059,-21.412968635559082
1,62,0.62,7363.879084587097,7637.2310519218445,8178.742527961731,7769.710123538971,-26.17865800857544,-16.44045114517212,-12.087821960449219,-14.09381628036499
1,63,0.63,7341.050058603287,7622.6019859313965,8168.909549713135,7753.872275352478,-22.829025983810425,-14.629065990447998,-9.832978248596191,-15.83784818649292
1,64,0.64,7316.6123032569885,7606.516182422638,8158.150315284729,7737.738490104675,-24.437755346298218,-16.085803508758545,-10.759234428405762,-16.133785247802734
1,65,0.65,7293.679863214493,7590.009272098541,8143.835663795471,7724.634408950806,-22.932440042495728,-16.50691032409668,-14.314651489257812,-13.104081153869629
1,66,0.66,7275.841534137726,7577.247619628906,8131.0054659843445,7711.018621921539,-17.838329076766968,-12.76165246963501,-12.830197811126709,-13.615787029266357
1,67,0.67,7255.684584379196,7562.121152877808,8118.641972541809,7696.429491043091,-20.156949758529663,-15.126466751098633,-12.3634934425354,-14.589130878448486
1,68,0.68,7234.99670624733,7545.877993106842,8104.8160791397095,7684.997618198395,-20.687878131866455,-16.243159770965576,-13.82589340209961,-11.431872844696045
1,69,0.6900000000000001,7212.72885799408,7530.129849910736,8090.748488903046,7673.417925834656,-22.267848253250122,-15.748143196105957,-14.067590236663818,-11.579692363739014
1,70,0.7000000000000001,7196.153104305267,7516.326308250427,8078.676462173462,7660.799920558929,-16.575753688812256,-13.803541660308838,-12.07202672958374,-12.618005275726318
1,71,0.71,7174.587696790695,7501.632571220398,8066.519498825073,7648.824751377106,-21.565407514572144,-14.693737030029297,-12.156963348388672,-11.97516918182373
1,72,0.72,7155.782878398895,7486.73751950264,8055.463135242462,7638.496160507202,-18.804818391799927,-14.895051717758179,-11.056363582611084,-10.328590869903564
1,73,0.73,7137.611657381058,7473.417222499847,8042.9622530937195,7628.295719623566,-18.171221017837524,-13.320297002792358,-12.500882148742676,-10.200440883636475
1,74,0.74,7120.949774980545,7459.854930639267,8032.215237617493,7617.656290531158,-16.661882400512695,-13.562291860580444,-10.747015476226807,-10.639429092407227
1,75,0.75,7105.1885187625885,7444.608956575394,8019.711971282959,7606.221437454224,-15.761256217956543,-15.245974063873291,-12.503266334533691,-11.434853076934814
1,76,0.76,7087.340354919434,7431.907951831818,8007.211089134216,7596.694231033325,-17.848163843154907,-12.70100474357605,-12.500882148742676,-9.527206420898438
1,77,0.77,7072.220146656036,7419.247776269913,7996.59937620163,7586.992681026459,-15.120208263397217,-12.660175561904907,-10.61171293258667,-9.701550006866455
1,78,0.78,7054.700404405594,7406.351268291473,7984.957695007324,7570.753991603851,-17.519742250442505,-12.896507978439331,-11.64168119430542,-16.238689422607422
1,79,0.79,7038.304656744003,7394.1051959991455,7972.480654716492,7563.379108905792,-16.395747661590576,-12.24607229232788,-12.47704029083252,-7.374882698059082
1,80,0.8,7027.378678321838,7384.516894817352,7962.35591173172,7554.706037044525,-10.925978422164917,-9.588301181793213,-10.124742984771729,-8.67307186126709
1,81,0.81,7011.53039932251,7371.818423271179,7952.332496643066,7543.628215789795,-15.848278999328613,-12.698471546173096,-10.023415088653564,-11.077821254730225
1,82,0.8200000000000001,6999.601274728775,7363.851964473724,7940.85681438446,7532.290816307068,-11.929124593734741,-7.966458797454834,-11.475682258605957,-11.33739948272705
1,83,0.8300000000000001,6987.8703355789185,7356.436997652054,7931.3525557518005,7524.642646312714,-11.730939149856567,-7.414966821670532,-9.504258632659912,-7.648169994354248
1,84,0.84,6975.8540391922,7348.738759756088,7918.962836265564,7514.486014842987,-12.01629638671875,-7.698237895965576,-12.389719486236572,-10.156631469726562
1,85,0.85,6968.116909265518,7343.879342079163,7909.485399723053,7507.028579711914,-7.7371299266815186,-4.859417676925659,-9.477436542510986,-7.457435131072998
1,86,0.86,6959.822475910187,7339.03706073761,7893.233895301819,7502.574622631073,-8.294433355331421,-4.842281341552734,-16.25150442123413,-4.4539570808410645
1,87,0.87,6952.940076589584,7331.2970995903015,7881.346344947815,7494.960129261017,-6.882399320602417,-7.73996114730835,-11.887550354003906,-7.614493370056152
1,88,0.88,6944.8889791965485,7327.931523323059,7868.393063545227,7489.70240354538,-8.051097393035889,-3.3655762672424316,-12.95328140258789,-5.257725715637207
1,89,0.89,6938.4124875068665,7323.19712638855,7857.94734954834,7484.744489192963,-6.476491689682007,-4.734396934509277,-10.445713996887207,-4.957914352416992
1,90,0.9,6931.7626953125,7317.54332780838,7847.086489200592,7480.82771897316,-6.649792194366455,-5.653798580169678,-10.860860347747803,-3.9167702198028564
1,91,0.91,6924.524307250977,7315.199077129364,7835.100889205933,7475.904673337936,-7.2383880615234375,-2.3442506790161133,-11.985599994659424,-4.923045635223389
1,92,0.92,6920.017600059509,7314.070016145706,7824.264168739319,7472.435832023621,-4.506707191467285,-1.129060983657837,-10.83672046661377,-3.468841314315796
1,93,0.93,6916.2797927856445,7310.981303453445,7812.798619270325,7469.781786203384,-3.737807273864746,-3.088712692260742,-11.46554946899414,-2.654045820236206
1,94,0.9400000000000001,6912.226527929306,7306.44166469574,7800.314426422119,7465.869188308716,-4.053264856338501,-4.5396387577056885,-12.484192848205566,-3.912597894668579
1,95,0.9500000000000001,6908.571124076843,7305.154204368591,7789.2932295799255,7462.357729673386,-3.6554038524627686,-1.2874603271484375,-11.021196842193604,-3.5114586353302
1,96,0.96,6903.6804139614105,7304.445803165436,7779.368758201599,7459.705621004105,-4.890710115432739,-0.7084012031555176,-9.924471378326416,-2.652108669281006
1,97,0.97,6900.907456874847,7306.106388568878,7767.182290554047,7460.343688726425,-2.7729570865631104,1.6605854034423828,-12.18646764755249,0.6380677223205566
1,98,0.98,6899.977326393127,7304.811626672745,7751.2675523757935,7456.7826092243195,-0.9301304817199707,-1.2947618961334229,-15.914738178253174,-3.561079502105713
1,99,0.99,6897.505521774292,7305.014133453369,7739.366888999939,7457.130402326584,-2.471804618835449,0.20250678062438965,-11.900663375854492,0.3477931022644043
1,100,1.0,6895.891427993774,7308.557629585266,7727.684378623962,7457.450479269028,-1.6140937805175781,3.5434961318969727,-11.682510375976562,0.32007694244384766
1,101,1.01,6895.123869180679,7310.120612382889,7715.179324150085,7459.409087896347,-0.7675588130950928,1.5629827976226807,-12.505054473876953,1.958608627319336
1,102,1.02,6894.178986549377,7311.471402645111,7703.327238559723,7460.49776673317,-0.9448826313018799,1.35079026222229,-11.852085590362549,1.0886788368225098
1,103,1.03,6894.19150352478,7314.143627882004,7694.340944290161,7465.443909168243,0.012516975402832031,2.6722252368927,-8.986294269561768,4.9461424350738525
1,104,1.04,6893.848180770874,7318.41653585434,7681.686878204346,7469.262480735779,-0.34332275390625,4.272907972335815,-12.65406608581543,3.8185715675354004
1,105,1.05,6895.577758550644,7318.693846464157,7670.5604791641235,7473.502606153488,1.7295777797698975,0.2773106098175049,-11.126399040222168,4.240125417709351
1,106,1.06,6896.568983793259,7324.3725299835205,7659.915387630463,7474.771291017532,0.9912252426147461,5.678683519363403,-10.645091533660889,1.2686848640441895
1,107,1.07,6899.482309818268,7329.833060503006,7650.44093132019,7479.944825172424,2.9133260250091553,5.460530519485474,-9.474456310272217,5.173534154891968
1,108,1.08,6906.051486730576,7335.348725318909,7644.180059432983,7484.025955200195,6.569176912307739,5.51566481590271,-6.260871887207031,4.081130027770996
1,109,1.09,6913.841962814331,7340.203374624252,7631.096541881561,7488.3027374744415,7.790476083755493,4.854649305343628,-13.08351755142212,4.276782274246216
1,110,1.1,6919.121891260147,7346.000671386719,7622.160315513611,7497.935891151428,5.27992844581604,5.797296762466431,-8.93622636795044,9.633153676986694
1,111,1.11,6926.416903734207,7352.707535028458,7614.813148975372,7508.49187374115,7.295012474060059,6.706863641738892,-7.347166538238525,10.55598258972168
1,112,1.12,6930.2695989608765,7355.823218822479,7604.312300682068,7517.469823360443,3.8526952266693115,3.1156837940216064,-10.500848293304443,8.977949619293213
1,113,1.1300000000000001,6935.151070356369,7358.535081148148,7596.134543418884,7528.8984179496765,4.881471395492554,2.711862325668335,-8.177757263183594,11.428594589233398
1,114,1.1400000000000001,6939.608156681061,7365.6682670116425,7592.158913612366,7541.877925395966,4.4570863246917725,7.133185863494873,-3.9756298065185547,12.979507446289062
1,115,1.1500000000000001,6943.6976313591,7366.995960474014,7585.403621196747,7558.212876319885,4.089474678039551,1.3276934623718262,-6.7552924156188965,16.334950923919678
1,116,1.16,6948.898583650589,7368.679344654083,7581.04681968689,7573.634684085846,5.2009522914886475,1.6833841800689697,-4.356801509857178,15.421807765960693
1,117,1.17,6950.98876953125,7375.074625015259,7580.639123916626,7588.500380516052,2.0901858806610107,6.395280361175537,-0.4076957702636719,14.865696430206299
1,118,1.18,6953.629851341248,7379.589527845383,7576.128840446472,7614.395916461945,2.6410818099975586,4.514902830123901,-4.510283470153809,25.895535945892334
1,119,1.19,6955.291926860809,7379.445135593414,7577.233016490936,7634.80007648468,1.6620755195617676,-0.1443922519683838,1.1041760444641113,20.404160022735596
1,120,1.2,6951.472759246826,7388.64466547966,7583.036720752716,7654.557824134827,-3.8191676139831543,9.199529886245728,5.803704261779785,19.757747650146484
1,121,1.21,6951.769292354584,7393.4876918792725,7585.078477859497,7677.856981754303,0.29653310775756836,4.843026399612427,2.041757106781006,23.29915761947632
1,122,1.22,6948.463320732117,7397.545576095581,7596.63313627243,7700.898051261902,-3.305971622467041,4.057884216308594,11.55465841293335,23.041069507598877
1,123,1.23,6939.613223075867,7401.822209358215,7608.98232460022,7717.536985874176,-8.85009765625,4.276633262634277,12.349188327789307,16.63893461227417
1,124,1.24,6935.681998729706,7412.75280714035,7626.780867576599,7742.103040218353,-3.9312243461608887,10.93059778213501,17.798542976379395,24.566054344177246
1,125,1.25,6930.208653211594,7426.918596029282,7648.873925209045,7766.028344631195,-5.473345518112183,14.165788888931274,22.09305763244629,23.925304412841797
1,126,1.26,6924.865543842316,7429.933547973633,7674.453556537628,7787.621021270752,-5.343109369277954,3.0149519443511963,25.579631328582764,21.592676639556885
1,127,1.27,6916.042268276215,7446.577548980713,7702.657580375671,7808.198630809784,-8.823275566101074,16.644001007080078,28.204023838043213,20.577609539031982
1,128,1.28,6906.630992889404,7464.310675859451,7730.672061443329,7825.817763805389,-9.411275386810303,17.733126878738403,28.01448106765747,17.61913299560547
1,129,1.29,6897.628307342529,7477.627694606781,7757.233083248138,7837.2615575790405,-9.002685546875,13.317018747329712,26.56102180480957,11.443793773651123
1,130,1.3,6883.588880300522,7500.907778739929,7791.595757007599,7847.373187541962,-14.039427042007446,23.280084133148193,34.36267375946045,10.111629962921143
1,131,1.31,6866.404116153717,7527.16451883316,7826.536595821381,7855.536341667175,-17.18476414680481,26.2567400932312,34.94083881378174,8.163154125213623
1,132,1.32,6843.221187591553,7549.600005149841,7872.035503387451,7855.92257976532,-23.182928562164307,22.435486316680908,45.49890756607056,0.38623809814453125
1,133,1.33,6818.873882293701,7582.40133523941,7908.431887626648,7853.107452392578,-24.347305297851562,32.80133008956909,36.39638423919678,-2.815127372741699
1,134,1.34,6799.416244029999,7617.218196392059,7950.9395360946655,7849.4614362716675,-19.457638263702393,34.816861152648926,42.50764846801758,-3.6460161209106445
1,135,1.35,6781.697869300842,7650.371789932251,7990.8958077430725,7833.974361419678,-17.718374729156494,33.15359354019165,39.95627164840698,-15.487074851989746
1,136,1.36,6765.851974487305,7686.553597450256,8025.064766407013,7816.520929336548,-15.845894813537598,36.18180751800537,34.16895866394043,-17.453432083129883
1,137,1.37,6748.2805252075195,7722.626328468323,8055.093586444855,7802.39075422287,-17.571449279785156,36.072731018066406,30.028820037841797,-14.130175113677979
1,138,1.3800000000000001,6731.632649898529,7752.889096736908,8087.878227233887,7781.906723976135,-16.64787530899048,30.262768268585205,32.78464078903198,-20.48403024673462
1,139,1.3900000000000001,6715.860068798065,7791.045904159546,8119.425475597382,7764.347791671753,-15.772581100463867,38.15680742263794,31.547248363494873,-17.558932304382324
1,140,1.4000000000000001,6704.778969287872,7824.73087310791,8141.601085662842,7735.460996627808,-11.081099510192871,33.68496894836426,22.175610065460205,-28.886795043945312
1,141,1.41,6692.919433116913,7870.543599128723,8142.07911491394,7712.136209011078,-11.859536170959473,45.81272602081299,0.4780292510986328,-23.324787616729736
1,142,1.42,6689.731180667877,7897.838354110718,8149.422407150269,7690.171301364899,-3.1882524490356445,27.29475498199463,7.343292236328125,-21.9649076461792
1,143,1.43,6692.548990249634,7917.233407497406,8128.654360771179,7656.467854976654,2.817809581756592,19.395053386688232,-20.768046379089355,-33.70344638824463
1,144,1.44,6706.607490777969,7939.789593219757,8103.373348712921,7638.310492038727,14.058500528335571,22.556185722351074,-25.281012058258057,-18.157362937927246
1,145,1.45,6727.66238451004,7947.567999362946,8079.542815685272,7622.05958366394,21.054893732070923,7.778406143188477,-23.830533027648926,-16.250908374786377
1,146,1.46,6776.689291000366,7935.110628604889,8009.91415977478,7593.975365161896,49.02690649032593,-12.45737075805664,-69.62865591049194,-28.084218502044678
1,147,1.47,6823.850870132446,7935.493588447571,7919.838428497314,7568.386495113373,47.16157913208008,0.38295984268188477,-90.07573127746582,-25.58887004852295
1,148,1.48,6891.19428396225,7921.663224697113,7834.858298301697,7544.558644294739,67.34341382980347,-13.830363750457764,-84.98013019561768,-23.827850818634033
1,149,1.49,6983.206868171692,7887.0368003845215,7705.504298210144,7515.178918838501,92.01258420944214,-34.62642431259155,-129.35400009155273,-29.379725456237793
1,150,1.5,7082.042098045349,7854.035794734955,7558.436393737793,7498.620450496674,98.83522987365723,-33.00100564956665,-147.06790447235107,-16.558468341827393
1,151,1.51,7166.457772254944,7780.7798981666565,7400.432974100113,7498.950809240341,84.41567420959473,-73.25589656829834,-158.00341963768005,0.33035874366760254
1,152,1.52,7297.700792551041,7698.6634731292725,7210.1156413555145,7493.540197610855,131.2430202960968,-82.11642503738403,-190.3173327445984,-5.410611629486084
1,153,1.53,7463.905811309814,7608.6631417274475,7005.271166563034,7489.923983812332,166.2050187587738,-90.00033140182495,-204.84447479248047,-3.616213798522949
1,154,1.54,7633.73076915741,7504.871189594269,6796.083301305771,7518.567144870758,169.82495784759521,-103.79195213317871,-209.18786525726318,28.643161058425903
1,155,1.55,7818.655967712402,7401.937693357468,6581.593900918961,7535.411715507507,184.92519855499268,-102.93349623680115,-214.4894003868103,16.844570636749268
1,156,1.56,8018.566966056824,7284.638732671738,6406.309455633163,7568.298578262329,199.9109983444214,-117.29896068572998,-175.28444528579712,32.88686275482178
1,157,1.57,8192.470967769623,7195.149064064026,6271.828860044479,7635.464668273926,173.90400171279907,-89.48966860771179,-134.48059558868408,67.16609001159668
1,158,1.58,8367.453813552856,7103.710472583771,6148.687303066254,7695.1664686203,174.98284578323364,-91.43859148025513,-123.14155697822571,59.70180034637451
1,159,1.59,8477.804958820343,7030.4641127586365,6114.524751901627,7735.717594623566,110.35114526748657,-73.24635982513428,-34.162551164627075,40.55112600326538
1,160,1.6,8527.324795722961,7017.8669691085815,6133.199036121368,7795.253694057465,49.51983690261841,-12.597143650054932,18.67428421974182,59.536099433898926
1,161,1.61,8538.941144943237,7086.910605430603,6244.941353797913,7810.916304588318,11.616349220275879,69.04363632202148,111.74231767654419,15.662610530853271
1,162,1.62,8458.172678947449,7124.95818734169,6482.216566801071,7814.522981643677,-80.76846599578857,38.047581911087036,237.27521300315857,3.6066770553588867
1,163,1.6300000000000001,8233.090043067932,7119.115591049194,6732.453256845474,7717.57960319519,-225.0826358795166,-5.8425962924957275,250.23669004440308,-96.94337844848633
1,164,1.6400000000000001,7986.429929733276,7259.911000728607,7284.107655286789,7690.601646900177,-246.66011333465576,140.79540967941284,551.6543984413147,-26.977956295013428
1,165,1.6500000000000001,7408.356070518494,7565.11002779007,8137.994110584259,7523.05805683136,-578.0738592147827,305.1990270614624,853.8864552974701,-167.54359006881714
1,166,1.6600000000000001,6001.729369163513,8118.89261007309,9503.837823867798,7099.727243185043,-1406.6267013549805,553.78258228302,1365.8437132835388,-423.3308136463165
1,167,1.67,6766.570657491684,7730.570733547211,8192.296624183655,7412.560731172562,764.8412883281708,-388.3218765258789,-1311.541199684143,312.8334879875183
1,168,1.68,7578.837871551514,7482.260763645172,7323.373407125473,7584.307491779327,812.2672140598297,-248.30996990203857,-868.9232170581818,171.74676060676575
1,169,1.69,7509.647905826569,7527.38356590271,7533.166408538818,7405.561655759811,-69.18996572494507,45.12280225753784,209.79300141334534,-178.745836019516
1,170,1.7,7533.628940582275,7523.393034934998,7441.5422976017,7496.135234832764,23.981034755706787,-3.9905309677124023,-91.62411093711853,90.57357907295227
1,171,1.71,7500.4056096076965,7527.547776699066,7531.80593252182,7476.921230554581,-33.22333097457886,4.1547417640686035,90.26363492012024,-19.214004278182983
1,172,1.72,7498.959600925446,7514.853775501251,7516.295313835144,7510.432600975037,-1.4460086822509766,-12.694001197814941,-15.510618686676025,33.51137042045593
1,173,1.73,7486.813962459564,7513.259947299957,7534.506320953369,7517.0645117759705,-12.145638465881348,-1.5938282012939453,18.211007118225098,6.631910800933838
1,174,1.74,7488.793581724167,7506.7079067230225,7530.566453933716,7526.74400806427,1.9796192646026611,-6.5520405769348145,-3.9398670196533203,9.67949628829956
1,175,1.75,7484.769970178604,7503.323256969452,7532.072961330414,7535.814046859741,-4.023611545562744,-3.3846497535705566,1.506507396697998,9.070038795471191
1,176,1.76,7485.545575618744,7500.130236148834,7531.211972236633,7539.655268192291,0.7756054401397705,-3.193020820617676,-0.8609890937805176,3.841221332550049
1,177,1.77,7484.9724769592285,7497.566044330597,7530.994415283203,7543.556690216064,-0.5730986595153809,-2.5641918182373047,-0.21755695343017578,3.9014220237731934
1,178,1.78,7486.245334148407,7495.338022708893,7530.219554901123,7545.7963347435,1.2728571891784668,-2.2280216217041016,-0.7748603820800781,2.2396445274353027
1,179,1.79,7487.304508686066,7493.784874677658,7529.284656047821,7547.708451747894,1.0591745376586914,-1.5531480312347412,-0.934898853302002,1.9121170043945312
1,180,1.8,7489.12587761879,7492.538690567017,7528.286576271057,7548.7324595451355,1.821368932723999,-1.2461841106414795,-0.998079776763916,1.024007797241211
1,181,1.81,7490.815222263336,7491.685450077057,7527.15140581131,7549.557089805603,1.6893446445465088,-0.8532404899597168,-1.1351704597473145,0.8246302604675293
1,182,1.82,7492.926716804504,7490.7828867435455,7526.18134021759,7549.740970134735,2.111494541168213,-0.9025633335113525,-0.9700655937194824,0.18388032913208008
1,183,1.83,7495.035529136658,7490.093410015106,7525.136470794678,7549.780011177063,2.1088123321533203,-0.689476728439331,-1.0448694229125977,0.03904104232788086
1,184,1.84,7497.348785400391,7489.606887102127,7524.122595787048,7549.431025981903,2.31325626373291,-0.486522912979126,-1.0138750076293945,-0.3489851951599121
1,185,1.85,7499.691992998123,7489.3224239349365,7523.108720779419,7548.903822898865,2.343207597732544,-0.28446316719055176,-1.0138750076293945,-0.5272030830383301
1,186,1.86,7502.053081989288,7489.225417375565,7522.188425064087,7548.144161701202,2.361088991165161,-0.09700655937194824,-0.9202957153320312,-0.7596611976623535
1,187,1.87,7504.23401594162,7489.107251167297,7521.470785140991,7547.126412391663,2.180933952331543,-0.11816620826721191,-0.7176399230957031,-1.017749309539795
1,188,1.8800000000000001,7506.50554895401,7489.0998005867,7520.719766616821,7546.0779666900635,2.2715330123901367,-0.007450580596923828,-0.7510185241699219,-1.048445701599121
1,189,1.8900000000000001,7508.612275123596,7489.1626834869385,7520.0411677360535,7544.907331466675,2.1067261695861816,0.06288290023803711,-0.6785988807678223,-1.1706352233886719
1,190,1.9000000000000001,7510.477304458618,7489.248812198639,7519.515752792358,7543.6171889305115,1.8650293350219727,0.08612871170043945,-0.5254149436950684,-1.29014253616333
1,191,1.9100000000000001,7512.410581111908,7489.360421895981,7518.9632177352905,7542.360723018646,1.933276653289795,0.11160969734191895,-0.5525350570678711,-1.2564659118652344
1,192,1.92,7514.367401599884,7489.525228738785,7518.409788608551,7540.957927703857,1.9568204879760742,0.16480684280395508,-0.553429126739502,-1.4027953147888184
1,193,1.93,7516.361773014069,7489.725649356842,7517.848610877991,7539.419233798981,1.9943714141845703,0.20042061805725098,-0.5611777305603027,-1.538693904876709
1,194,1.94,7518.305778503418,7489.901632070541,7517.291903495789,7538.054585456848,1.9440054893493652,0.17598271369934082,-0.5567073822021484,-1.3646483421325684
1,195,1.95,7520.224153995514,7490.149140357971,7516.776323318481,7536.640167236328,1.9183754920959473,0.24750828742980957,-0.5155801773071289,-1.4144182205200195
1,196,1.96,7522.079944610596,7490.278482437134,7516.3280963897705,7535.293400287628,1.855790615081787,0.12934207916259766,-0.4482269287109375,-1.3467669486999512
1,197,1.97,7523.893117904663,7490.1677668094635,7515.965402126312,7533.986568450928,1.8131732940673828,-0.11071562767028809,-0.36269426345825195,-1.3068318367004395
1,198,1.98,7525.62552690506,7490.240931510925,7515.556216239929,7532.701790332794,1.7324090003967285,0.07316470146179199,-0.40918588638305664,-1.284778118133545
1,199,1.99,7527.305781841278,7490.355372428894,7515.21110534668,7531.375586986542,1.6802549362182617,0.11444091796875,-0.3451108932495117,-1.3262033462524414
1,200,2.0,7528.814971446991,7490.466833114624,7514.953911304474,7530.132234096527,1.5091896057128906,0.11146068572998047,-0.25719404220581055,-1.2433528900146484
1,201,2.0100000000000002,7530.252635478973,7490.566074848175,7514.713406562805,7528.949081897736,1.4376640319824219,0.09924173355102539,-0.24050474166870117,-1.183152198791504
1,202,2.02,7531.614899635315,7490.7806515693665,7514.508962631226,7527.68874168396,1.3622641563415527,0.21457672119140625,-0.20444393157958984,-1.2603402137756348
1,203,2.0300000000000002,7532.92053937912,7491.040229797363,7514.31405544281,7526.459693908691,1.3056397438049316,0.25957822799682617,-0.19490718841552734,-1.2290477752685547
1,204,2.04,7534.175217151642,7491.322308778763,7514.155209064484,7525.263130664825,1.2546777725219727,0.28207898139953613,-0.15884637832641602,-1.1965632438659668
1,205,2.05,7535.389065742493,7491.619139909744,7514.004111289978,7524.102628231049,1.21384859085083,0.2968311309814453,-0.15109777450561523,-1.1605024337768555
1,206,2.06,7536.650896072388,7491.781264543533,7513.871192932129,7522.9984521865845,1.2618303298950195,0.1621246337890625,-0.1329183578491211,-1.1041760444641113
1,207,2.07,7537.8018617630005,7491.977661848068,7513.794302940369,7521.882057189941,1.150965690612793,0.1963973045349121,-0.0768899917602539,-1.1163949966430664
1,208,2.08,7538.387477397919,7492.09463596344,7513.911128044128,7520.875334739685,0.5856156349182129,0.1169741153717041,0.11682510375976562,-1.0067224502563477
1,209,2.09,7538.663148880005,7491.728514432907,7514.124512672424,7519.885003566742,0.27567148208618164,-0.3661215305328369,0.21338462829589844,-0.9903311729431152
1,210,2.1,7539.0177965164185,7491.51736497879,7514.201998710632,7518.786191940308,0.3546476364135742,-0.2111494541168213,0.07748603820800781,-1.0988116264343262
1,211,2.11,7539.401054382324,7491.409182548523,7514.230310916901,7517.645955085754,0.3832578659057617,-0.10818243026733398,0.028312206268310547,-1.1402368545532227
1,212,2.12,7539.830803871155,7491.384297609329,7514.209151268005,7516.545355319977,0.4297494888305664,-0.024884939193725586,-0.021159648895263672,-1.100599765777588
1,213,2.13,7540.301978588104,7491.401731967926,7514.165043830872,7515.431046485901,0.4711747169494629,0.017434358596801758,-0.04410743713378906,-1.1143088340759277
1,214,2.14,7540.754675865173,7491.455376148224,7514.132261276245,7514.311671257019,0.4526972770690918,0.05364418029785156,-0.032782554626464844,-1.119375228881836
1,215,2.15,7541.188895702362,7491.519749164581,7514.122724533081,7513.178288936615,0.4342198371887207,0.06437301635742188,-0.0095367431640625,-1.1333823204040527
1,216,2.16,7541.6359305381775,7491.615861654282,7514.070570468903,7512.091398239136,0.4470348358154297,0.09611248970031738,-0.0521540641784668,-1.086890697479248
1,217,2.17,7542.077898979187,7491.736859083176,7514.016330242157,7511.017620563507,0.4419684410095215,0.12099742889404297,-0.05424022674560547,-1.073777675628662
1,218,2.18,7542.466521263123,7491.833865642548,7513.934373855591,7509.935796260834,0.3886222839355469,0.09700655937194824,-0.08195638656616211,-1.0818243026733398
1,219,2.19,7542.673349380493,7491.7638301849365,7513.816356658936,7508.721351623535,0.20682811737060547,-0.07003545761108398,-0.11801719665527344,-1.214444637298584
1,220,2.2,7542.926669120789,7491.7662143707275,7513.6566162109375,7507.614195346832,0.25331974029541016,0.002384185791015625,-0.15974044799804688,-1.1071562767028809
1,221,2.21,7543.127536773682,7491.772919893265,7513.5767459869385,7506.611347198486,0.2008676528930664,0.006705522537231445,-0.07987022399902344,-1.0028481483459473
1,222,2.22,7543.294429779053,7491.799890995026,7513.518929481506,7505.781054496765,0.16689300537109375,0.026971101760864258,-0.057816505432128906,-0.8302927017211914
1,223,2.23,7543.504536151886,7491.743415594101,7513.494491577148,7504.99963760376,0.21010637283325195,-0.05647540092468262,-0.024437904357910156,-0.7814168930053711
1,224,2.24,7543.694078922272,7491.703033447266,7513.449490070343,7504.280209541321,0.1895427703857422,-0.04038214683532715,-0.04500150680541992,-0.7194280624389648
1,225,2.25,7543.728947639465,7491.834908723831,7513.346076011658,7503.497302532196,0.034868717193603516,0.13187527656555176,-0.10341405868530273,-0.7829070091247559
1,226,2.2600000000000002,7543.73162984848,7491.969168186188,7513.264417648315,7502.636909484863,0.002682209014892578,0.13425946235656738,-0.08165836334228516,-0.8603930473327637
1,227,2.27,7543.513476848602,7492.102235555649,7513.18633556366,7501.9678473472595,-0.2181529998779297,0.13306736946105957,-0.07808208465576172,-0.6690621376037598
1,228,2.2800000000000002,7543.366551399231,7492.286562919617,7513.096928596497,7501.267492771149,-0.1469254493713379,0.1843273639678955,-0.08940696716308594,-0.7003545761108398
1,229,2.29,7543.262839317322,7492.368817329407,7512.889206409454,7500.730752944946,-0.10371208190917969,0.08225440979003906,-0.20772218704223633,-0.5367398262023926
1,230,2.3000000000000003,7543.100416660309,7492.61200428009,7512.742280960083,7500.0885128974915,-0.16242265701293945,0.24318695068359375,-0.1469254493713379,-0.642240047454834
1,231,2.31,7542.916536331177,7492.850720882416,7512.596845626831,7499.466687440872,-0.18388032913208008,0.23871660232543945,-0.14543533325195312,-0.6218254566192627
1,232,2.32,7542.707920074463,7493.096590042114,7512.497901916504,7498.883903026581,-0.2086162567138672,0.24586915969848633,-0.09894371032714844,-0.5827844142913818
1,233,2.33,7542.4924492836,7493.351548910141,7512.44843006134,7498.28115105629,-0.2154707908630371,0.2549588680267334,-0.04947185516357422,-0.6027519702911377
1,234,2.34,7542.216777801514,7493.60591173172,7512.416839599609,7497.767806053162,-0.27567148208618164,0.2543628215789795,-0.03159046173095703,-0.5133450031280518
1,235,2.35,7541.956007480621,7493.822872638702,7512.382864952087,7497.268170118332,-0.260770320892334,0.21696090698242188,-0.033974647521972656,-0.4996359348297119
1,236,2.36,7541.628181934357,7494.039535522461,7512.375712394714,7496.849298477173,-0.32782554626464844,0.21666288375854492,-0.007152557373046875,-0.4188716411590576
1,237,2.37,7541.281878948212,7494.286000728607,7512.381374835968,7496.436387300491,-0.34630298614501953,0.24646520614624023,0.005662441253662109,-0.41291117668151855
1,238,2.38,7540.885210037231,7494.538426399231,7512.402534484863,7496.078759431839,-0.3966689109802246,0.2524256706237793,0.021159648895263672,-0.35762786865234375
1,239,2.39,7540.455460548401,7494.802325963974,7512.437999248505,7495.753914117813,-0.4297494888305664,0.263899564743042,0.03546476364135742,-0.3248453140258789
1,240,2.4,7539.988160133362,7495.071887969971,7512.486279010773,7495.4670667648315,-0.4673004150390625,0.2695620059967041,0.048279762268066406,-0.2868473529815674
1,241,2.41,7539.483308792114,7495.347857475281,7512.550354003906,7495.224624872208,-0.5048513412475586,0.2759695053100586,0.06407499313354492,-0.24244189262390137
1,242,2.42,7538.948059082031,7495.626658201218,7512.628734111786,7495.015263557434,-0.5352497100830078,0.27880072593688965,0.07838010787963867,-0.20936131477355957
1,243,2.43,7538.358271121979,7495.783865451813,7512.814998626709,7494.742423295975,-0.5897879600524902,0.15720725059509277,0.1862645149230957,-0.2728402614593506
1,244,2.44,7537.7267599105835,7495.90203166008,7513.015270233154,7494.494318962097,-0.6315112113952637,0.11816620826721191,0.2002716064453125,-0.24810433387756348
1,245,2.45,7537.078261375427,7496.078312397003,7513.187527656555,7494.2846596241,-0.64849853515625,0.17628073692321777,0.1722574234008789,-0.20965933799743652
1,246,2.46,7536.402940750122,7496.268749237061,7513.372898101807,7494.109123945236,-0.6753206253051758,0.19043684005737305,0.18537044525146484,-0.1755356788635254
1,247,2.47,7535.71093082428,7496.4699149131775,7513.558268547058,7493.993490934372,-0.6920099258422852,0.20116567611694336,0.18537044525146484,-0.11563301086425781
1,248,2.48,7535.002529621124,7496.678829193115,7513.743042945862,7493.910044431686,-0.7084012031555176,0.20891427993774414,0.18477439880371094,-0.08344650268554688
1,249,2.49,7534.278631210327,7496.894747018814,7513.929605484009,7493.865936994553,-0.7238984107971191,0.21591782569885254,0.18656253814697266,-0.04410743713378906
1,250,2.5,7533.539831638336,7497.114539146423,7514.119744300842,7493.856698274612,-0.7387995719909668,0.21979212760925293,0.1901388168334961,-0.009238719940185547
1,251,2.5100000000000002,7532.784640789032,7497.3364174366,7514.314651489258,7493.883669376373,-0.7551908493041992,0.2218782901763916,0.19490718841552734,0.026971101760864258
1,252,2.52,7532.020807266235,7497.563064098358,7514.508068561554,7493.93954873085,-0.7638335227966309,0.22664666175842285,0.19341707229614258,0.05587935447692871
1,253,2.5300000000000002,7531.239688396454,7497.790455818176,7514.709234237671,7494.024783372879,-0.7811188697814941,0.22739171981811523,0.20116567611694336,0.0852346420288086
1,254,2.54,7530.4776430130005,7498.046308755875,7514.839470386505,7494.174987077713,-0.7620453834533691,0.25585293769836426,0.13023614883422852,0.15020370483398438
1,255,2.5500000000000003,7529.71887588501,7498.339414596558,7514.933347702026,7494.345605373383,-0.7587671279907227,0.2931058406829834,0.09387731552124023,0.17061829566955566
1,256,2.56,7528.937458992004,7498.628199100494,7515.065670013428,7494.508922100067,-0.7814168930053711,0.2887845039367676,0.1323223114013672,0.1633167266845703
1,257,2.57,7528.1572341918945,7498.898804187775,7515.190243721008,7494.695335626602,-0.7802248001098633,0.27060508728027344,0.1245737075805664,0.18641352653503418
1,258,2.58,7527.359426021576,7499.162554740906,7515.326142311096,7494.904845952988,-0.7978081703186035,0.2637505531311035,0.13589859008789062,0.20951032638549805
1,259,2.59,7526.588141918182,7499.421238899231,7515.4536962509155,7495.021224021912,-0.7712841033935547,0.2586841583251953,0.12755393981933594,0.1163780689239502
1,260,2.6,7525.801062583923,7499.674558639526,7515.580058097839,7495.138943195343,-0.7870793342590332,0.25331974029541016,0.12636184692382812,0.11771917343139648
1,261,2.61,7524.992525577545,7499.922513961792,7515.723705291748,7495.313137769699,-0.8085370063781738,0.247955322265625,0.1436471939086914,0.1741945743560791
1,262,2.62,7524.169981479645,7500.160932540894,7515.88374376297,7495.521605014801,-0.8225440979003906,0.2384185791015625,0.16003847122192383,0.2084672451019287
1,263,2.63,7523.328363895416,7500.391006469727,7516.060471534729,7495.767921209335,-0.8416175842285156,0.2300739288330078,0.1767277717590332,0.24631619453430176
1,264,2.64,7522.484362125397,7500.61571598053,7516.244053840637,7496.042549610138,-0.8440017700195312,0.22470951080322266,0.18358230590820312,0.2746284008026123
1,265,2.65,7521.626055240631,7500.834167003632,7516.441345214844,7496.34176492691,-0.858306884765625,0.21845102310180664,0.19729137420654297,0.29921531677246094
1,266,2.66,7520.653307437897,7501.093149185181,7516.704499721527,7496.699541807175,-0.972747802734375,0.25898218154907227,0.2631545066833496,0.3577768802642822
1,267,2.67,7519.742846488953,7501.341998577118,7516.867816448212,7497.148215770721,-0.9104609489440918,0.24884939193725586,0.1633167266845703,0.44867396354675293
1,268,2.68,7518.822252750397,7501.56968832016,7517.0716643333435,7497.554123401642,-0.9205937385559082,0.2276897430419922,0.20384788513183594,0.40590763092041016
1,269,2.69,7517.928183078766,7501.800358295441,7517.260313034058,7497.9667365550995,-0.8940696716308594,0.23066997528076172,0.18864870071411133,0.4126131534576416
1,270,2.7,7517.050504684448,7502.011358737946,7517.461180686951,7498.375773429871,-0.877678394317627,0.2110004425048828,0.2008676528930664,0.40903687477111816
1,271,2.71,7516.191005706787,7502.221465110779,7517.657279968262,7498.784810304642,-0.8594989776611328,0.21010637283325195,0.19609928131103516,0.40903687477111816
1,272,2.72,7515.353560447693,7502.4232268333435,7517.854571342468,7499.189227819443,-0.8374452590942383,0.20176172256469727,0.19729137420654297,0.4044175148010254
1,273,2.73,7514.534890651703,7502.6169419288635,7518.048286437988,7499.593496322632,-0.8186697959899902,0.19371509552001953,0.19371509552001953,0.4042685031890869
1,274,2.74,7513.739466667175,7502.809464931488,7518.23753118515,7499.987632036209,-0.7954239845275879,0.19252300262451172,0.18924474716186523,0.3941357135772705
1,275,2.75,7512.96728849411,7502.990961074829,7518.424391746521,7500.379979610443,-0.7721781730651855,0.18149614334106445,0.1868605613708496,0.3923475742340088
1,276,2.7600000000000002,7512.214481830597,7503.17245721817,7518.603801727295,7500.764727592468,-0.7528066635131836,0.18149614334106445,0.17940998077392578,0.3847479820251465
1,277,2.77,7511.489987373352,7503.3435225486755,7518.778145313263,7501.1420249938965,-0.724494457244873,0.1710653305053711,0.17434358596801758,0.37729740142822266
1,278,2.7800000000000002,7510.787844657898,7503.512501716614,7518.944144248962,7501.513063907623,-0.7021427154541016,0.16897916793823242,0.1659989356994629,0.37103891372680664
1,279,2.79,7510.112226009369,7503.674924373627,7519.10388469696,7501.86949968338,-0.6756186485290527,0.16242265701293945,0.15974044799804688,0.35643577575683594
1,280,2.8000000000000003,7509.460747241974,7503.830194473267,7519.254982471466,7502.218782901764,-0.6514787673950195,0.15527009963989258,0.15109777450561523,0.34928321838378906
1,281,2.81,7508.838176727295,7503.98188829422,7519.39594745636,7502.558529376984,-0.6225705146789551,0.15169382095336914,0.14096498489379883,0.33974647521972656
1,282,2.82,7508.237957954407,7504.050135612488,7519.541382789612,7502.930462360382,-0.6002187728881836,0.06824731826782227,0.14543533325195312,0.3719329833984375
1,283,2.83,7507.643401622772,7504.153847694397,7519.655525684357,7503.310739994049,-0.5945563316345215,0.10371208190917969,0.11414289474487305,0.3802776336669922
1,284,2.84,7507.096529006958,7504.26173210144,7519.7634100914,7503.630816936493,-0.546872615814209,0.10788440704345703,0.10788440704345703,0.32007694244384766
1,285,2.85,7506.564557552338,7504.3803453445435,7519.85490322113,7503.934800624847,-0.5319714546203613,0.11861324310302734,0.09149312973022461,0.3039836883544922
1,286,2.86,7506.0683488845825,7504.499554634094,7519.930601119995,7504.213750362396,-0.49620866775512695,0.11920928955078125,0.0756978988647461,0.2789497375488281
1,287,2.87,7505.600452423096,7504.615485668182,7519.997358322144,7504.46617603302,-0.4678964614868164,0.11593103408813477,0.0667572021484375,0.2524256706237793
1,288,2.88,7505.160868167877,7504.726052284241,7520.054280757904,7504.698932170868,-0.43958425521850586,0.11056661605834961,0.05692243576049805,0.2327561378479004
1,289,2.89,7504.655122756958,7504.638731479645,7520.063519477844,7504.693865776062,-0.5057454109191895,-0.08732080459594727,0.009238719940185547,-0.005066394805908203
1,290,2.9,7504.191696643829,7504.601180553436,7520.022988319397,7504.7436356544495,-0.4634261131286621,-0.037550926208496094,-0.040531158447265625,0.04976987838745117
1,291,2.91,7503.807544708252,7504.533231258392,7519.992291927338,7504.752278327942,-0.3841519355773926,-0.06794929504394531,-0.030696392059326172,0.00864267349243164
1,292,2.92,7503.4379959106445,7504.499554634094,7519.935965538025,7504.7919154167175,-0.3695487976074219,-0.0336766242980957,-0.05632638931274414,0.039637088775634766
1,293,2.93,7503.112256526947,7504.473328590393,7519.873380661011,7504.799664020538,-0.32573938369750977,-0.026226043701171875,-0.06258487701416016,0.007748603820800781
1,294,2.94,7502.744495868683,7504.394054412842,7519.827485084534,7504.761517047882,-0.36776065826416016,-0.07927417755126953,-0.04589557647705078,-0.03814697265625
1,295,2.95,7502.323687076569,7504.223883152008,7519.8012590408325,7504.629194736481,-0.4208087921142578,-0.17017126083374023,-0.026226043701171875,-0.1323223114013672
1,296,2.96,7501.889765262604,7504.158318042755,7519.707381725311,7504.503130912781,-0.43392181396484375,-0.06556510925292969,-0.09387731552124023,-0.12606382369995117
1,297,2.97,7501.492202281952,7504.08262014389,7519.609332084656,7504.352927207947,-0.39756298065185547,-0.0756978988647461,-0.09804964065551758,-0.15020370483398438
1,298,2.98,7501.1590123176575,7504.01496887207,7519.481778144836,7504.22328710556,-0.3331899642944336,-0.06765127182006836,-0.12755393981933594,-0.1296401023864746
1,299,2.99,7500.884830951691,7503.947019577026,7519.335150718689,7504.0847063064575,-0.2741813659667969,-0.06794929504394531,-0.14662742614746094,-0.1385807991027832
1,300,3.0,7500.656247138977,7503.876984119415,7519.169449806213,7503.956258296967,-0.22858381271362305,-0.07003545761108398,-0.16570091247558594,-0.1284480094909668
1,301,3.0100000000000002,7500.477433204651,7503.811419010162,7518.981397151947,7503.821551799774,-0.17881393432617188,-0.06556510925292969,-0.18805265426635742,-0.1347064971923828
1,302,3.02,7500.341832637787,7503.745257854462,7518.77635717392,7503.687739372253,-0.13560056686401367,-0.0661611557006836,-0.20503997802734375,-0.13381242752075195
1,303,3.0300000000000002,7500.24676322937,7503.68595123291,7518.5516476631165,7503.546178340912,-0.09506940841674805,-0.05930662155151367,-0.22470951080322266,-0.14156103134155273
1,304,3.04,7500.1877546310425,7503.625452518463,7518.312931060791,7503.399550914764,-0.05900859832763672,-0.060498714447021484,-0.23871660232543945,-0.14662742614746094
1,305,3.0500000000000003,7500.166893005371,7503.5712122917175,7518.049478530884,7503.238916397095,-0.02086162567138672,-0.05424022674560547,-0.26345252990722656,-0.16063451766967773
1,306,3.06,7500.053644180298,7503.396570682526,7517.837882041931,7503.107786178589,-0.11324882507324219,-0.17464160919189453,-0.21159648895263672,-0.13113021850585938
1,307,3.0700000000000003,7500.006556510925,7503.228783607483,7517.620325088501,7503.021657466888,-0.047087669372558594,-0.1677870750427246,-0.21755695343017578,-0.08612871170043945
1,308,3.08,7500.01072883606,7503.109872341156,7517.356276512146,7502.861022949219,0.004172325134277344,-0.1189112663269043,-0.26404857635498047,-0.16063451766967773
1,309,3.09,7500.055730342865,7503.006160259247,7517.078518867493,7502.687871456146,0.04500150680541992,-0.10371208190917969,-0.2777576446533203,-0.17315149307250977
1,310,3.1,7500.156462192535,7502.903640270233,7516.7858600616455,7502.507269382477,0.10073184967041016,-0.10251998901367188,-0.29265880584716797,-0.1806020736694336
1,311,3.11,7500.287592411041,7502.831220626831,7516.463994979858,7502.303421497345,0.13113021850585938,-0.07241964340209961,-0.3218650817871094,-0.20384788513183594
1,312,3.12,7500.4518032073975,7502.765357494354,7516.132593154907,7502.079010009766,0.16421079635620117,-0.06586313247680664,-0.3314018249511719,-0.2244114875793457
1,313,3.13,7500.644326210022,7502.715587615967,7515.78688621521,7501.84178352356,0.19252300262451172,-0.04976987838745117,-0.3457069396972656,-0.2372264862060547
1,314,3.14,7500.8624792099,7502.6726722717285,7515.42866230011,7501.594126224518,0.2181529998779297,-0.04291534423828125,-0.35822391510009766,-0.24765729904174805
1,315,3.15,7501.105070114136,7502.639889717102,7515.060305595398,7501.336932182312,0.24259090423583984,-0.032782554626464844,-0.36835670471191406,-0.25719404220581055
1,316,3.16,7501.3673305511475,7502.612471580505,7514.682114124298,7501.071393489838,0.26226043701171875,-0.027418136596679688,-0.3781914710998535,-0.26553869247436523
1,317,3.17,7501.645386219025,7502.594590187073,7514.297962188721,7500.8028745651245,0.27805566787719727,-0.017881393432617188,-0.3841519355773926,-0.26851892471313477
1,318,3.18,7501.937747001648,7502.574026584625,7513.907551765442,7500.530183315277,0.292360782623291,-0.020563602447509766,-0.3904104232788086,-0.2726912498474121
1,319,3.19,7502.18540430069,7502.54899263382,7513.5961174964905,7500.253915786743,0.24765729904174805,-0.025033950805664062,-0.311434268951416,-0.27626752853393555
1,320,3.2,7502.453625202179,7502.52902507782,7513.260543346405,7500.004470348358,0.2682209014892578,-0.01996755599975586,-0.3355741500854492,-0.24944543838500977
1,321,3.21,7502.740323543549,7502.511739730835,7512.907385826111,7499.75398182869,0.2866983413696289,-0.01728534698486328,-0.35315752029418945,-0.2504885196685791
1,322,3.22,7503.043413162231,7502.501308917999,7512.545585632324,7499.500662088394,0.30308961868286133,-0.01043081283569336,-0.3618001937866211,-0.25331974029541016
1,323,3.23,7503.361105918884,7502.4983286857605,7512.174844741821,7499.246150255203,0.31769275665283203,-0.0029802322387695312,-0.3707408905029297,-0.25451183319091797
1,324,3.24,7503.691613674164,7502.500116825104,7511.797547340393,7498.990744352341,0.330507755279541,0.0017881393432617188,-0.37729740142822266,-0.25540590286254883
1,325,3.25,7504.032254219055,7502.5054812431335,7511.412799358368,7498.739212751389,0.3406405448913574,0.005364418029785156,-0.3847479820251465,-0.25153160095214844
1,326,3.2600000000000002,7504.378259181976,7502.514719963074,7511.027157306671,7498.489171266556,0.3460049629211426,0.009238719940185547,-0.38564205169677734,-0.25004148483276367
1,327,3.27,7504.729628562927,7502.52902507782,7510.637044906616,7498.244792222977,0.35136938095092773,0.01430511474609375,-0.39011240005493164,-0.24437904357910156
1,328,3.2800000000000002,7505.084276199341,7502.543926239014,7510.247528553009,7498.006373643875,0.3546476364135742,0.014901161193847656,-0.38951635360717773,-0.2384185791015625
1,329,3.29,7505.465447902679,7502.595782279968,7509.779930114746,7497.803717851639,0.38117170333862305,0.051856040954589844,-0.46759843826293945,-0.20265579223632812
1,330,3.3000000000000003,7505.841553211212,7502.663433551788,7509.323358535767,7497.584372758865,0.37610530853271484,0.06765127182006836,-0.4565715789794922,-0.2193450927734375
1,331,3.31,7506.209313869476,7502.727806568146,7508.877813816071,7497.372478246689,0.36776065826416016,0.06437301635742188,-0.4455447196960449,-0.21189451217651367
1,332,3.3200000000000003,7506.566941738129,7502.784729003906,7508.447766304016,7497.1674382686615,0.35762786865234375,0.05692243576049805,-0.43004751205444336,-0.20503997802734375
1,333,3.33,7506.9260597229,7502.823173999786,7508.023977279663,7496.968358755112,0.3591179847717285,0.03844499588012695,-0.42378902435302734,-0.1990795135498047
1,334,3.34,7507.266700267792,7502.854764461517,7507.615685462952,7496.7823922634125,0.3406405448913574,0.03159046173095703,-0.4082918167114258,-0.18596649169921875
1,335,3.35,7507.593333721161,7502.892911434174,7507.221102714539,7496.600449085236,0.3266334533691406,0.03814697265625,-0.39458274841308594,-0.18194317817687988
1,336,3.36,7507.904767990112,7502.928078174591,7506.836652755737,7496.431022882462,0.311434268951416,0.03516674041748047,-0.38444995880126953,-0.16942620277404785
1,337,3.37,7508.1974267959595,7502.964437007904,7506.466209888458,7496.2760508060455,0.29265880584716797,0.03635883331298828,-0.37044286727905273,-0.15497207641601562
1,338,3.38,7508.461773395538,7503.00258398056,7506.117224693298,7496.115118265152,0.2643465995788574,0.03814697265625,-0.3489851951599121,-0.1609325408935547
1,339,3.39,7508.6709856987,7503.012418746948,7505.829036235809,7496.005147695541,0.2092123031616211,0.009834766387939453,-0.28818845748901367,-0.1099705696105957
1,340,3.4,7508.885562419891,7503.028213977814,7505.531907081604,7495.913803577423,0.21457672119140625,0.015795230865478516,-0.29712915420532227,-0.09134411811828613
1,341,3.41,7509.088516235352,7503.04251909256,7505.243122577667,7495.817989110947,0.20295381546020508,0.01430511474609375,-0.2887845039367676,-0.09581446647644043
1,342,3.42,7509.287893772125,7503.056526184082,7504.957020282745,7495.734244585037,0.19937753677368164,0.014007091522216797,-0.286102294921875,-0.08374452590942383
1,343,3.43,7509.477734565735,7503.070831298828,7504.678964614868,7495.653182268143,0.18984079360961914,0.01430511474609375,-0.27805566787719727,-0.08106231689453125
1,344,3.44,7509.65416431427,7503.085136413574,7504.405975341797,7495.581954717636,0.17642974853515625,0.01430511474609375,-0.27298927307128906,-0.0712275505065918
1,345,3.45,7509.825527667999,7503.09556722641,7504.139840602875,7495.517730712891,0.17136335372924805,0.01043081283569336,-0.26613473892211914,-0.0642240047454834
1,346,3.46,7509.995102882385,7503.090798854828,7503.883540630341,7495.464384555817,0.16957521438598633,-0.00476837158203125,-0.2562999725341797,-0.05334615707397461
1,347,3.47,7510.148584842682,7503.093779087067,7503.630220890045,7495.420128107071,0.15348196029663086,0.0029802322387695312,-0.25331974029541016,-0.04425644874572754
1,348,3.48,7510.291934013367,7503.094971179962,7503.38613986969,7495.378255844116,0.14334917068481445,0.0011920928955078125,-0.2440810203552246,-0.041872262954711914
1,349,3.49,7510.358393192291,7503.044009208679,7503.182590007782,7495.359480381012,0.06645917892456055,-0.050961971282958984,-0.20354986190795898,-0.018775463104248047
1,350,3.5,7510.3959441185,7502.965331077576,7502.98798084259,7495.358735322952,0.037550926208496094,-0.07867813110351562,-0.1946091651916504,-0.0007450580596923828
1,351,3.5100000000000002,7510.439455509186,7502.909302711487,7502.785921096802,7495.347112417221,0.043511390686035156,-0.05602836608886719,-0.20205974578857422,-0.011622905731201172
1,352,3.52,7510.473728179932,7502.857446670532,7502.5874376297,7495.330721139908,0.03427267074584961,-0.051856040954589844,-0.19848346710205078,-0.016391277313232422
1,353,3.5300000000000002,7510.499656200409,7502.810060977936,7502.397298812866,7495.315819978714,0.025928020477294922,-0.04738569259643555,-0.1901388168334961,-0.014901161193847656
1,354,3.54,7510.515451431274,7502.764463424683,7502.211630344391,7495.305240154266,0.015795230865478516,-0.04559755325317383,-0.1856684684753418,-0.010579824447631836
1,355,3.5500000000000003,7510.521411895752,7502.720654010773,7502.031326293945,7495.300322771072,0.0059604644775390625,-0.04380941390991211,-0.18030405044555664,-0.0049173831939697266
1,356,3.56,7510.517537593842,7502.674460411072,7501.857578754425,7495.298683643341,-0.0038743019104003906,-0.046193599700927734,-0.17374753952026367,-0.0016391277313232422
1,357,3.5700000000000003,7510.501444339752,7502.630054950714,7501.691579818726,7495.301514863968,-0.01609325408935547,-0.044405460357666016,-0.1659989356994629,0.0028312206268310547
1,358,3.58,7510.434985160828,7502.516508102417,7501.532435417175,7495.22477388382,-0.06645917892456055,-0.11354684829711914,-0.15914440155029297,-0.07674098014831543
1,359,3.59,7510.3577971458435,7502.4014711380005,7501.359581947327,7495.166212320328,-0.07718801498413086,-0.1150369644165039,-0.1728534698486328,-0.05856156349182129
1,360,3.6,7510.261833667755,7502.2953748703,7501.198053359985,7495.130002498627,-0.0959634780883789,-0.10609626770019531,-0.1615285873413086,-0.036209821701049805
1,361,3.61,7510.156035423279,7502.197623252869,7501.040697097778,7495.116740465164,-0.10579824447631836,-0.09775161743164062,-0.15735626220703125,-0.013262033462524414
1,362,3.62,7510.044872760773,7502.104640007019,7500.890493392944,7495.109289884567,-0.11116266250610352,-0.09298324584960938,-0.15020370483398438,-0.007450580596923828
1,363,3.63,7509.92476940155,7502.012848854065,7500.748038291931,7495.110780000687,-0.12010335922241211,-0.09179115295410156,-0.1424551010131836,0.0014901161193847656
1,364,3.64,7509.796023368835,7501.9219517707825,7500.612139701843,7495.126575231552,-0.12874603271484375,-0.0908970832824707,-0.13589859008789062,0.015795230865478516
1,365,3.65,7509.661018848419,7501.831650733948,7500.485181808472,7495.149523019791,-0.13500452041625977,-0.0903010368347168,-0.12695789337158203,0.02294778823852539
1,366,3.66,7509.514093399048,7501.744627952576,7500.365972518921,7495.1790273189545,-0.1469254493713379,-0.08702278137207031,-0.11920928955078125,0.02950429916381836
1,367,3.67,7509.358823299408,7501.658797264099,7500.252723693848,7495.214194059372,-0.15527009963989258,-0.0858306884765625,-0.11324882507324219,0.03516674041748047
1,368,3.68,7509.1952085494995,7501.568794250488,7500.149309635162,7495.260983705521,-0.16361474990844727,-0.09000301361083984,-0.10341405868530273,0.04678964614868164
1,369,3.69,7509.021759033203,7501.4859437942505,7500.048875808716,7495.312541723251,-0.17344951629638672,-0.08285045623779297,-0.1004338264465332,0.05155801773071289
1,370,3.7,7508.837878704071,7501.396834850311,7499.962598085403,7495.371550321579,-0.18388032913208008,-0.08910894393920898,-0.08627772331237793,0.05900859832763672
1,371,3.71,7508.645951747894,7501.312494277954,7499.878257513046,7495.439350605011,-0.1919269561767578,-0.08434057235717773,-0.08434057235717773,0.06780028343200684
1,372,3.72,7508.450746536255,7501.225173473358,7499.801069498062,7495.505660772324,-0.1952052116394043,-0.08732080459594727,-0.07718801498413086,0.06631016731262207
1,373,3.73,7508.250772953033,7501.128315925598,7499.728947877884,7495.578080415726,-0.19997358322143555,-0.09685754776000977,-0.07212162017822266,0.07241964340209961
1,374,3.74,7508.043348789215,7501.031160354614,7499.665170907974,7495.654821395874,-0.20742416381835938,-0.09715557098388672,-0.06377696990966797,0.07674098014831543
1,375,3.75,7507.83383846283,7500.930726528168,7499.610632658005,7495.734244585037,-0.20951032638549805,-0.1004338264465332,-0.05453824996948242,0.07942318916320801
1,376,3.7600000000000002,7507.617771625519,7500.830292701721,7499.561458826065,7495.823055505753,-0.21606683731079102,-0.1004338264465332,-0.049173831939697266,0.08881092071533203
1,377,3.77,7507.393062114716,7500.737011432648,7499.517351388931,7495.908737182617,-0.22470951080322266,-0.09328126907348633,-0.04410743713378906,0.08568167686462402
1,378,3.7800000000000002,7507.158517837524,7500.642240047455,7499.481588602066,7496.003359556198,-0.2345442771911621,-0.0947713851928711,-0.035762786865234375,0.09462237358093262
1,379,3.79,7506.917715072632,7500.553727149963,7499.451190233231,7496.0993230342865,-0.24080276489257812,-0.08851289749145508,-0.03039836883544922,0.0959634780883789
1,380,3.8000000000000003,7506.668567657471,7500.463426113129,7499.428242444992,7496.198266744614,-0.2491474151611328,-0.0903010368347168,-0.02294778823852539,0.09894371032714844
1,381,3.81,7506.411373615265,7500.376403331757,7499.410659074783,7496.299594640732,-0.25719404220581055,-0.08702278137207031,-0.017583370208740234,0.10132789611816406
1,382,3.8200000000000003,7506.157457828522,7500.298023223877,7499.376088380814,7496.413141489029,-0.25391578674316406,-0.07838010787963867,-0.03457069396972656,0.11354684829711914
1,383,3.83,7505.905032157898,7500.24288892746,7499.317973852158,7496.536672115326,-0.2524256706237793,-0.05513429641723633,-0.05811452865600586,0.12353062629699707
1,384,3.84,7505.634129047394,7500.1877546310425,7499.289661645889,7496.638000011444,-0.2709031105041504,-0.05513429641723633,-0.028312206268310547,0.10132789611816406
1,385,3.85,7505.338490009308,7500.130534172058,7499.27893280983,7496.74066901207,-0.2956390380859375,-0.057220458984375,-0.010728836059570312,0.10266900062561035
1,386,3.86,7505.046427249908,7500.065565109253,7499.271780252457,7496.85674905777,-0.29206275939941406,-0.06496906280517578,-0.007152557373046875,0.11608004570007324
1,387,3.87,7504.748702049255,7499.9964237213135,7499.272376298904,7496.9781935215,-0.29772520065307617,-0.06914138793945312,0.0005960464477539062,0.1214444637298584
1,388,3.88,7504.448890686035,7499.929070472717,7499.277144670486,7497.096806764603,-0.29981136322021484,-0.0673532485961914,0.00476837158203125,0.11861324310302734
1,389,3.89,7504.1463971138,7499.857246875763,7499.291151762009,7497.222572565079,-0.3024935722351074,-0.0718235969543457,0.014007091522216797,0.12576580047607422
1,390,3.9,7503.843605518341,7499.786019325256,7499.306946992874,7497.349828481674,-0.3027915954589844,-0.0712275505065918,0.015795230865478516,0.12725591659545898
1,391,3.91,7503.53991985321,7499.716281890869,7499.327212572098,7497.475296258926,-0.30368566513061523,-0.06973743438720703,0.020265579223632812,0.12546777725219727
1,392,3.92,7503.235638141632,7499.645352363586,7499.352246522903,7497.605681419373,-0.30428171157836914,-0.07092952728271484,0.025033950805664062,0.130385160446167
1,393,3.93,7502.933442592621,7499.575912952423,7499.3796646595,7497.730106115341,-0.30219554901123047,-0.06943941116333008,0.027418136596679688,0.12442469596862793
1,394,3.94,7502.627968788147,7499.50036406517,7499.413639307022,7497.85915017128,-0.30547380447387695,-0.07554888725280762,0.033974647521972656,0.1290440559387207
1,395,3.95,7502.316236495972,7499.416768550873,7499.455064535141,7497.981041669846,-0.31173229217529297,-0.08359551429748535,0.041425228118896484,0.12189149856567383
1,396,3.96,7502.010762691498,7499.338835477829,7499.49112534523,7498.102933168411,-0.30547380447387695,-0.07793307304382324,0.03606081008911133,0.12189149856567383
1,397,3.97,7501.7112493515015,7499.262243509293,7499.531656503677,7498.219758272171,-0.2995133399963379,-0.07659196853637695,0.040531158447265625,0.11682510375976562
1,398,3.98,7501.41441822052,7499.188035726547,7499.572187662125,7498.336285352707,-0.2968311309814453,-0.07420778274536133,0.040531158447265625,0.11652708053588867
1,399,3.99,7501.123547554016,7499.114274978638,7499.614506959915,7498.452216386795,-0.29087066650390625,-0.0737607479095459,0.042319297790527344,0.11593103408813477
1,400,4.0,7500.839829444885,7499.043196439743,7499.655336141586,7498.561888933182,-0.2837181091308594,-0.07107853889465332,0.04082918167114258,0.10967254638671875
1,401,4.01,7500.560581684113,7498.971074819565,7499.699741601944,7498.670667409897,-0.2792477607727051,-0.07212162017822266,0.044405460357666016,0.10877847671508789
1,402,4.0200000000000005,7500.29057264328,7498.901337385178,7499.740868806839,7498.776465654373,-0.27000904083251953,-0.06973743438720703,0.04112720489501953,0.10579824447631836
1,403,4.03,7500.025928020477,7498.832046985626,7499.781996011734,7498.875707387924,-0.2646446228027344,-0.0692903995513916,0.04112720489501953,0.09924173355102539
1,404,4.04,7499.766796827316,7498.765140771866,7499.824911355972,7498.973906040192,-0.25913119316101074,-0.06690621376037598,0.04291534423828125,0.09819865226745605
1,405,4.05,7499.5143711566925,7498.701512813568,7499.866634607315,7499.065399169922,-0.2524256706237793,-0.06362795829772949,0.04172325134277344,0.09149312973022461
1,406,4.0600000000000005,7499.25896525383,7498.634457588196,7499.910742044449,7499.162703752518,-0.25540590286254883,-0.06705522537231445,0.04410743713378906,0.0973045825958252
1,407,4.07,7499.015331268311,7498.571276664734,7499.956339597702,7499.245852231979,-0.24363398551940918,-0.06318092346191406,0.04559755325317383,0.08314847946166992
1,408,4.08,7498.7830221652985,7498.5069036483765,7499.996572732925,7499.329298734665,-0.23230910301208496,-0.06437301635742188,0.04023313522338867,0.08344650268554688
1,409,4.09,7498.559653759003,7498.4462559223175,7500.035464763641,7499.405890703201,-0.22336840629577637,-0.06064772605895996,0.03889203071594238,0.07659196853637695
1,410,4.1,7498.34805727005,7498.38650226593,7500.070631504059,7499.47264790535,-0.21159648895263672,-0.0597536563873291,0.03516674041748047,0.0667572021484375
1,411,4.11,7498.142421245575,7498.3274936676025,7500.106394290924,7499.537616968155,-0.20563602447509766,-0.05900859832763672,0.035762786865234375,0.06496906280517578
1,412,4.12,7497.950494289398,7498.26967716217,7500.1367926597595,7499.597370624542,-0.1919269561767578,-0.057816505432128906,0.03039836883544922,0.0597536563873291
1,413,4.13,7497.766315937042,7498.214095830917,7500.166594982147,7499.6499717235565,-0.18417835235595703,-0.05558133125305176,0.029802322387695312,0.05260109901428223
1,414,4.14,7497.595250606537,7498.1604516506195,7500.191330909729,7499.695271253586,-0.1710653305053711,-0.05364418029785156,0.02473592758178711,0.045299530029296875
1,415,4.15,7497.430741786957,7498.108446598053,7500.215768814087,7499.735653400421,-0.16450881958007812,-0.05200505256652832,0.024437904357910156,0.04038214683532715
1,416,4.16,7497.2836673259735,7498.05361032486,7500.239014625549,7499.773651361465,-0.14707446098327637,-0.054836273193359375,0.023245811462402344,0.03799796104431152
1,417,4.17,7497.141063213348,7498.005032539368,7500.260770320892,7499.800771474838,-0.14260411262512207,-0.04857778549194336,0.021755695343017578,0.027120113372802734
1,418,4.18,7497.013211250305,7497.9546666145325,7500.276863574982,7499.822825193405,-0.1278519630432129,-0.05036592483520508,0.01609325408935547,0.02205371856689453
1,419,4.19,7496.892511844635,7497.908771038055,7500.289678573608,7499.839216470718,-0.12069940567016602,-0.04589557647705078,0.012814998626708984,0.016391277313232422
1,420,4.2,7496.781349182129,7497.864067554474,7500.2992153167725,7499.848157167435,-0.11116266250610352,-0.04470348358154297,0.0095367431640625,0.008940696716308594
1,421,4.21,7496.679127216339,7497.819662094116,7500.3063678741455,7499.855011701584,-0.10222196578979492,-0.044405460357666016,0.007152557373046875,0.006854534149169922
1,422,4.22,7496.587634086609,7497.7777898311615,7500.309646129608,7499.85471367836,-0.09149312973022461,-0.041872262954711914,0.0032782554626464844,-0.0002980232238769531
1,423,4.23,7496.505528688431,7497.7390468120575,7500.309646129608,7499.845623970032,-0.08210539817810059,-0.038743019104003906,0.0,-0.00908970832824707
1,424,4.24,7496.435642242432,7497.698366641998,7500.3039836883545,7499.83474612236,-0.06988644599914551,-0.0406801700592041,-0.005662441253662109,-0.010877847671508789
1,425,4.25,7496.369779109955,7497.662901878357,7500.297427177429,7499.818652868271,-0.06586313247680664,-0.03546476364135742,-0.006556510925292969,-0.01609325408935547
1,426,4.26,7496.316730976105,7497.627288103104,7500.286102294922,7499.79242682457,-0.053048133850097656,-0.0356137752532959,-0.011324882507324219,-0.026226043701171875
1,427,4.2700000000000005,7496.272325515747,7497.591823339462,7500.271201133728,7499.7662007808685,-0.044405460357666016,-0.03546476364135742,-0.014901161193847656,-0.026226043701171875
1,428,4.28,7496.236115694046,7497.558891773224,7500.252425670624,7499.731332063675,-0.036209821701049805,-0.03293156623840332,-0.018775463104248047,-0.034868717193603516
1,429,4.29,7496.195286512375,7497.504651546478,7500.227689743042,7499.6596574783325,-0.04082918167114258,-0.05424022674560547,-0.02473592758178711,-0.07167458534240723
1,430,4.3,7496.1623549461365,7497.448027133942,7500.193119049072,7499.591261148453,-0.03293156623840332,-0.056624412536621094,-0.03457069396972656,-0.06839632987976074
1,431,4.3100000000000005,7496.1429834365845,7497.4022805690765,7500.1537799835205,7499.5119869709015,-0.019371509552001953,-0.045746564865112305,-0.03933906555175781,-0.07927417755126953
1,432,4.32,7496.12957239151,7497.355937957764,7500.114440917969,7499.443739652634,-0.01341104507446289,-0.04634261131286621,-0.03933906555175781,-0.06824731826782227
1,433,4.33,7496.1256980896,7497.316896915436,7500.070631504059,7499.37042593956,-0.0038743019104003906,-0.03904104232788086,-0.04380941390991211,-0.07331371307373047
1,434,4.34,7496.130615472794,7497.280240058899,7500.024437904358,7499.294728040695,0.0049173831939697266,-0.036656856536865234,-0.046193599700927734,-0.0756978988647461
1,435,4.3500000000000005,7496.145665645599,7497.2496926784515,7499.973326921463,7499.215006828308,0.015050172805786133,-0.030547380447387695,-0.05111098289489746,-0.07972121238708496
1,436,4.36,7496.166527271271,7497.215420007706,7499.923259019852,7499.13677573204,0.02086162567138672,-0.03427267074584961,-0.050067901611328125,-0.0782310962677002
1,437,4.37,7496.19647860527,7497.188299894333,7499.867230653763,7499.058395624161,0.02995133399963379,-0.027120113372802734,-0.05602836608886719,-0.07838010787963867
1,438,4.38,7496.233880519867,7497.164160013199,7499.809414148331,7498.971372842789,0.03740191459655762,-0.024139881134033203,-0.057816505432128906,-0.08702278137207031
1,439,4.39,7496.277540922165,7497.141510248184,7499.748021364212,7498.886436223984,0.04366040229797363,-0.022649765014648438,-0.061392784118652344,-0.08493661880493164
1,440,4.4,7496.326863765717,7497.120648622513,7499.686628580093,7498.7998604774475,0.04932284355163574,-0.02086162567138672,-0.061392784118652344,-0.08657574653625488
1,441,4.41,7496.384084224701,7497.102320194244,7499.619871377945,7498.709708452225,0.057220458984375,-0.018328428268432617,-0.0667572021484375,-0.09015202522277832
1,442,4.42,7496.446967124939,7497.089505195618,7499.552816152573,7498.616129159927,0.06288290023803711,-0.012814998626708984,-0.06705522537231445,-0.09357929229736328
1,443,4.43,7496.514320373535,7497.072815895081,7499.483674764633,7498.527318239212,0.0673532485961914,-0.016689300537109375,-0.06914138793945312,-0.08881092071533203
1,444,4.44,7496.584355831146,7497.0632791519165,7499.411851167679,7498.43493103981,0.07003545761108398,-0.0095367431640625,-0.0718235969543457,-0.09238719940185547
1,445,4.45,7496.662139892578,7497.052848339081,7499.338537454605,7498.340457677841,0.07778406143188477,-0.01043081283569336,-0.07331371307373047,-0.09447336196899414
1,446,4.46,7496.743202209473,7497.047781944275,7499.261945486069,7498.241513967514,0.08106231689453125,-0.005066394805908203,-0.07659196853637695,-0.09894371032714844
1,447,4.47,7496.829181909561,7497.04122543335,7499.186247587204,7498.146891593933,0.08597970008850098,-0.006556510925292969,-0.0756978988647461,-0.09462237358093262
1,448,4.48,7496.916353702545,7497.039884328842,7499.106973409653,7498.049736022949,0.08717179298400879,-0.001341104507446289,-0.07927417755126953,-0.09715557098388672
1,449,4.49,7497.0099329948425,7497.035413980484,7499.027401208878,7497.953921556473,0.09357929229736328,-0.004470348358154297,-0.07957220077514648,-0.09581446647644043
1,450,4.5,7497.1042573452,7497.0366060733795,7498.945742845535,7497.8576600551605,0.09432435035705566,0.0011920928955078125,-0.08165836334228516,-0.09626150131225586
1,451,4.51,7497.19962477684,7497.03973531723,7498.864382505417,7497.758269309998,0.095367431640625,0.003129243850708008,-0.0813603401184082,-0.09939074516296387
1,452,4.5200000000000005,7497.298419475555,7497.042119503021,7498.780936002731,7497.6639449596405,0.09879469871520996,0.002384185791015625,-0.08344650268554688,-0.09432435035705566
1,453,4.53,7497.398853302002,7497.0462918281555,7498.696893453598,7497.566789388657,0.1004338264465332,0.004172325134277344,-0.08404254913330078,-0.09715557098388672
1,454,4.54,7497.499883174896,7497.053444385529,7498.612552881241,7497.471123933792,0.10102987289428711,0.007152557373046875,-0.08434057235717773,-0.09566545486450195
1,455,4.55,7497.60314822197,7497.062683105469,7498.5261261463165,7497.375458478928,0.10326504707336426,0.009238719940185547,-0.0864267349243164,-0.09566545486450195
1,456,4.5600000000000005,7497.704923152924,7497.069984674454,7498.442977666855,7497.282475233078,0.10177493095397949,0.0073015689849853516,-0.08314847946166992,-0.09298324584960938
1,457,4.57,7497.808337211609,7497.079223394394,7498.3565509319305,7497.192174196243,0.10341405868530273,0.009238719940185547,-0.0864267349243164,-0.0903010368347168
1,458,4.58,7497.911155223846,7497.091889381409,7498.271614313126,7497.098594903946,0.10281801223754883,0.012665987014770508,-0.08493661880493164,-0.09357929229736328
1,459,4.59,7498.014271259308,7497.1044063568115,7498.183995485306,7497.008144855499,0.10311603546142578,0.012516975402832031,-0.08761882781982422,-0.09045004844665527
1,460,4.6000000000000005,7498.115301132202,7497.117519378662,7498.0999529361725,7496.920973062515,0.10102987289428711,0.013113021850585938,-0.08404254913330078,-0.08717179298400879
1,461,4.61,7498.217225074768,7497.13122844696,7498.013228178024,7496.83603644371,0.10192394256591797,0.013709068298339844,-0.08672475814819336,-0.08493661880493164
1,462,4.62,7498.315274715424,7497.147619724274,7497.928291559219,7496.750205755234,0.09804964065551758,0.016391277313232422,-0.08493661880493164,-0.0858306884765625
1,463,4.63,7498.413324356079,7497.163712978363,7497.838586568832,7496.6758489608765,0.09804964065551758,0.01609325408935547,-0.08970499038696289,-0.0743567943572998
1,464,4.64,7498.50794672966,7497.18576669693,7497.742921113968,7496.608346700668,0.09462237358093262,0.02205371856689453,-0.09566545486450195,-0.06750226020812988
1,465,4.65,7498.602867126465,7497.206926345825,7497.649639844894,7496.538013219833,0.09492039680480957,0.021159648895263672,-0.09328126907348633,-0.07033348083496094
1,466,4.66,7498.6909329891205,7497.226893901825,7497.561722993851,7496.469020843506,0.08806586265563965,0.01996755599975586,-0.08791685104370117,-0.06899237632751465
1,467,4.67,7498.777508735657,7497.250139713287,7497.474104166031,7496.398836374283,0.08657574653625488,0.023245811462402344,-0.08761882781982422,-0.07018446922302246
1,468,4.68,7498.859316110611,7497.265487909317,7497.393041849136,7496.335953474045,0.08180737495422363,0.015348196029663086,-0.08106231689453125,-0.06288290023803711
1,469,4.69,7498.940676450729,7497.287392616272,7497.310489416122,7496.269047260284,0.0813603401184082,0.021904706954956055,-0.08255243301391602,-0.06690621376037598
1,470,4.7,7499.016523361206,7497.306019067764,7497.232705354691,7496.205717325211,0.07584691047668457,0.01862645149230957,-0.07778406143188477,-0.06332993507385254
1,471,4.71,7499.078214168549,7497.302442789078,7497.147768735886,7496.125251054764,0.0616908073425293,-0.0035762786865234375,-0.08493661880493164,-0.08046627044677734
1,472,4.72,7499.135136604309,7497.306913137436,7497.062534093857,7496.043294668198,0.05692243576049805,0.004470348358154297,-0.0852346420288086,-0.08195638656616211
1,473,4.73,7499.189972877502,7497.304975986481,7496.981173753738,7495.973110198975,0.054836273193359375,-0.0019371509552001953,-0.0813603401184082,-0.07018446922302246
1,474,4.74,7499.240338802338,7497.310638427734,7496.900111436844,7495.901733636856,0.05036592483520508,0.005662441253662109,-0.08106231689453125,-0.07137656211853027
1,475,4.75,7499.288022518158,7497.310787439346,7496.824711561203,7495.839595794678,0.0476837158203125,0.00014901161193847656,-0.07539987564086914,-0.06213784217834473
1,476,4.76,7499.3303418159485,7497.314363718033,7496.748715639114,7495.779991149902,0.042319297790527344,0.0035762786865234375,-0.07599592208862305,-0.059604644775390625
1,477,4.7700000000000005,7499.370723962784,7497.319281101227,7496.675997972488,7495.721727609634,0.04038214683532715,0.0049173831939697266,-0.07271766662597656,-0.058263540267944336
1,478,4.78,7499.403655529022,7497.320473194122,7496.607154607773,7495.670169591904,0.03293156623840332,0.0011920928955078125,-0.06884336471557617,-0.05155801773071289
1,479,4.79,7499.436289072037,7497.322559356689,7496.538907289505,7495.622783899307,0.03263354301452637,0.002086162567138672,-0.06824731826782227,-0.04738569259643555
1,480,4.8,7499.462813138962,7497.325986623764,7496.473640203476,7495.57837843895,0.026524066925048828,0.003427267074584961,-0.06526708602905273,-0.044405460357666016
1,481,4.8100000000000005,7499.486654996872,7497.327625751495,7496.411353349686,7495.538741350174,0.02384185791015625,0.0016391277313232422,-0.0622868537902832,-0.039637088775634766
1,482,4.82,7499.503493309021,7497.328817844391,7496.3511526584625,7495.5035746097565,0.01683831214904785,0.0011920928955078125,-0.06020069122314453,-0.03516674041748047
1,483,4.83,7499.517202377319,7497.33179807663,7496.293634176254,7495.469003915787,0.013709068298339844,0.0029802322387695312,-0.05751848220825195,-0.03457069396972656
1,484,4.84,7499.528527259827,7497.330605983734,7496.237605810165,7495.440989732742,0.011324882507324219,-0.0011920928955078125,-0.05602836608886719,-0.028014183044433594
1,485,4.8500000000000005,7499.531805515289,7497.33105301857,7496.18723988533,7495.417445898056,0.0032782554626464844,0.0004470348358154297,-0.05036592483520508,-0.023543834686279297
1,486,4.86,7499.533891677856,7497.330605983734,7496.135979890823,7495.395392179489,0.002086162567138672,-0.0004470348358154297,-0.05125999450683594,-0.02205371856689453
1,487,4.87,7499.528527259827,7497.330456972122,7496.088296175003,7495.377361774445,-0.005364418029785156,-0.00014901161193847656,-0.0476837158203125,-0.018030405044555664
1,488,4.88,7499.522864818573,7497.327774763107,7496.044188737869,7495.36395072937,-0.005662441253662109,-0.002682209014892578,-0.04410743713378906,-0.01341104507446289
1,489,4.89,7499.511241912842,7497.328817844391,7496.001273393631,7495.349198579788,-0.011622905731201172,0.001043081283569336,-0.04291534423828125,-0.01475214958190918
1,490,4.9,7499.493956565857,7497.324049472809,7495.963126420975,7495.345771312714,-0.01728534698486328,-0.00476837158203125,-0.03814697265625,-0.003427267074584961
1,491,4.91,7499.474734067917,7497.321665287018,7495.924681425095,7495.342791080475,-0.019222497940063477,-0.002384185791015625,-0.03844499588012695,-0.0029802322387695312
1,492,4.92,7499.4489550590515,7497.3176419734955,7495.892494916916,7495.342642068863,-0.025779008865356445,-0.004023313522338867,-0.03218650817871094,-0.00014901161193847656
1,493,4.93,7499.421834945679,7497.314959764481,7495.85822224617,7495.346367359161,-0.027120113372802734,-0.002682209014892578,-0.03427267074584961,0.003725290298461914
1,494,4.94,7499.388605356216,7497.310489416122,7495.831102132797,7495.3508377075195,-0.03322958946228027,-0.004470348358154297,-0.027120113372802734,0.004470348358154297
1,495,4.95,7499.353885650635,7497.30572104454,7495.802789926529,7495.3605234622955,-0.03471970558166504,-0.00476837158203125,-0.028312206268310547,0.009685754776000977
1,496,4.96,7499.3133544921875,7497.297823429108,7495.780140161514,7495.375424623489,-0.040531158447265625,-0.007897615432739258,-0.022649765014648438,0.014901161193847656
1,497,4.97,7499.2698431015015,7497.294545173645,7495.758980512619,7495.38853764534,-0.043511390686035156,-0.0032782554626464844,-0.021159648895263672,0.013113021850585938
1,498,4.98,7499.224245548248,7497.2885847091675,7495.7384169101715,7495.407313108444,-0.04559755325317383,-0.0059604644775390625,-0.020563602447509766,0.018775463104248047
1,499,4.99,7499.1753697395325,7497.279345989227,7495.722323656082,7495.429068803787,-0.04887580871582031,-0.009238719940185547,-0.01609325408935547,0.021755695343017578
1,500,5.0,7499.120533466339,7497.275471687317,7495.706528425217,7495.451718568802,-0.054836273193359375,-0.0038743019104003906,-0.015795230865478516,0.022649765014648438
1,501,5.01,7499.064207077026,7497.265934944153,7495.695501565933,7495.477646589279,-0.05632638931274414,-0.0095367431640625,-0.011026859283447266,0.025928020477294922
1,502,5.0200000000000005,7499.004751443863,7497.2571432590485,7495.685368776321,7495.507448911667,-0.05945563316345215,-0.008791685104370117,-0.010132789611816406,0.029802322387695312
1,503,5.03,7498.943209648132,7497.251629829407,7495.677620172501,7495.536059141159,-0.06154179573059082,-0.005513429641723633,-0.007748603820800781,0.0286102294921875
1,504,5.04,7498.877942562103,7497.239857912064,7495.672553777695,7495.570927858353,-0.06526708602905273,-0.011771917343139648,-0.005066394805908203,0.034868717193603516
1,505,5.05,7498.811185359955,7497.231513261795,7495.669275522232,7495.606690645218,-0.0667572021484375,-0.008344650268554688,-0.0032782554626464844,0.035762786865234375
1,506,5.0600000000000005,7498.7417459487915,7497.221827507019,7495.668977499008,7495.643049478531,-0.06943941116333008,-0.009685754776000977,-0.0002980232238769531,0.03635883331298828
1,507,5.07,7498.669624328613,7497.211694717407,7495.668679475784,7495.682537555695,-0.07212162017822266,-0.010132789611816406,-0.0002980232238769531,0.03948807716369629
1,508,5.08,7498.599290847778,7497.199773788452,7495.671063661575,7495.724260807037,-0.07033348083496094,-0.011920928955078125,0.002384185791015625,0.04172325134277344
1,509,5.09,7498.5213577747345,7497.190535068512,7495.675832033157,7495.765686035156,-0.07793307304382324,-0.009238719940185547,0.00476837158203125,0.041425228118896484
1,510,5.1000000000000005,7498.446702957153,7497.179806232452,7495.681494474411,7495.809197425842,-0.07465481758117676,-0.010728836059570312,0.005662441253662109,0.043511390686035156
1,511,5.11,7498.367130756378,7497.168183326721,7495.691329240799,7495.856434106827,-0.07957220077514648,-0.011622905731201172,0.009834766387939453,0.04723668098449707
1,512,5.12,7498.287707567215,7497.15730547905,7495.700865983963,7495.899647474289,-0.07942318916320801,-0.010877847671508789,0.0095367431640625,0.0432133674621582
1,513,5.13,7498.207837343216,7497.1455335617065,7495.711594820023,7495.948821306229,-0.07987022399902344,-0.011771917343139648,0.010728836059570312,0.049173831939697266
1,514,5.14,7498.126327991486,7497.1359968185425,7495.7238137722015,7495.99352478981,-0.08150935173034668,-0.0095367431640625,0.012218952178955078,0.04470348358154297
1,515,5.15,7498.045861721039,7497.121691703796,7495.738118886948,7496.044486761093,-0.08046627044677734,-0.01430511474609375,0.01430511474609375,0.050961971282958984
1,516,5.16,7497.963756322861,7497.110664844513,7495.753318071365,7496.091276407242,-0.08210539817810059,-0.011026859283447266,0.01519918441772461,0.04678964614868164
1,517,5.17,7497.880458831787,7497.0996379852295,7495.767921209335,7496.141642332077,-0.0832974910736084,-0.011026859283447266,0.014603137969970703,0.05036592483520508
1,518,5.18,7497.79686331749,7497.085630893707,7495.787888765335,7496.193200349808,-0.08359551429748535,-0.014007091522216797,0.01996755599975586,0.05155801773071289
1,519,5.19,7497.715502977371,7497.07505106926,7495.804876089096,7496.241629123688,-0.0813603401184082,-0.010579824447631836,0.016987323760986328,0.04842877388000488
1,520,5.2,7497.632205486298,7497.062385082245,7495.824545621872,7496.2906539440155,-0.0832974910736084,-0.012665987014770508,0.019669532775878906,0.04902482032775879
1,521,5.21,7497.547268867493,7497.051954269409,7495.846301317215,7496.340721845627,-0.08493661880493164,-0.01043081283569336,0.021755695343017578,0.050067901611328125
1,522,5.22,7497.467994689941,7497.037053108215,7495.866268873215,7496.3924288749695,-0.07927417755126953,-0.014901161193847656,0.01996755599975586,0.05170702934265137
1,523,5.23,7497.387379407883,7497.026026248932,7495.887726545334,7496.442645788193,-0.08061528205871582,-0.011026859283447266,0.021457672119140625,0.0502169132232666
1,524,5.24,7497.3055720329285,7497.015446424484,7495.910078287125,7496.490478515625,-0.08180737495422363,-0.010579824447631836,0.022351741790771484,0.04783272743225098
1,525,5.25,7497.226297855377,7497.003078460693,7495.932728052139,7496.538460254669,-0.07927417755126953,-0.012367963790893555,0.022649765014648438,0.04798173904418945
1,526,5.26,7497.148960828781,7496.991902589798,7495.954781770706,7496.587783098221,-0.07733702659606934,-0.011175870895385742,0.02205371856689453,0.04932284355163574
1,527,5.2700000000000005,7497.071176767349,7496.979087591171,7495.979815721512,7496.636360883713,-0.07778406143188477,-0.012814998626708984,0.025033950805664062,0.04857778549194336
1,528,5.28,7496.996074914932,7496.969699859619,7496.0024654865265,7496.681809425354,-0.07510185241699219,-0.009387731552124023,0.022649765014648438,0.04544854164123535
1,529,5.29,7496.921569108963,7496.956884860992,7496.027499437332,7496.726810932159,-0.07450580596923828,-0.012814998626708984,0.025033950805664062,0.04500150680541992
1,530,5.3,7496.8500435352325,7496.948540210724,7496.049553155899,7496.771067380905,-0.07152557373046875,-0.008344650268554688,0.02205371856689453,0.04425644874572754
1,531,5.3100000000000005,7496.778815984726,7496.9348311424255,7496.0751831531525,7496.81830406189,-0.0712275505065918,-0.013709068298339844,0.02562999725341797,0.04723668098449707
1,532,5.32,7496.708333492279,7496.925592422485,7496.099025011063,7496.858388185501,-0.07048249244689941,-0.009238719940185547,0.02384185791015625,0.040084123611450195
1,533,5.33,7496.642172336578,7496.9156086444855,7496.122866868973,7496.898919343948,-0.0661611557006836,-0.00998377799987793,0.02384185791015625,0.040531158447265625
1,534,5.34,7496.576607227325,7496.904581785202,7496.146112680435,7496.943473815918,-0.06556510925292969,-0.011026859283447266,0.023245811462402344,0.04455447196960449
1,535,5.3500000000000005,7496.514469385147,7496.897876262665,7496.169358491898,7496.977001428604,-0.06213784217834473,-0.006705522537231445,0.023245811462402344,0.03352761268615723
1,536,5.36,7496.454119682312,7496.885657310486,7496.191710233688,7497.015744447708,-0.06034970283508301,-0.012218952178955078,0.022351741790771484,0.038743019104003906
1,537,5.37,7496.396899223328,7496.878802776337,7496.213465929031,7497.051805257797,-0.057220458984375,-0.006854534149169922,0.021755695343017578,0.03606081008911133
1,538,5.38,7496.339678764343,7496.869117021561,7496.2373077869415,7497.086077928543,-0.057220458984375,-0.009685754776000977,0.02384185791015625,0.03427267074584961
1,539,5.39,7496.28871679306,7496.86062335968,7496.257573366165,7497.120201587677,-0.050961971282958984,-0.008493661880493164,0.020265579223632812,0.03412365913391113
1,540,5.4,7496.236562728882,7496.853768825531,7496.279031038284,7497.148662805557,-0.0521540641784668,-0.006854534149169922,0.021457672119140625,0.028461217880249023
1,541,5.41,7496.189475059509,7496.844828128815,7496.299296617508,7497.179806232452,-0.047087669372558594,-0.008940696716308594,0.020265579223632812,0.0311434268951416
1,542,5.42,7496.143877506256,7496.839463710785,7496.317774057388,7497.205138206482,-0.04559755325317383,-0.005364418029785156,0.018477439880371094,0.025331974029541016
1,543,5.43,7496.103048324585,7496.830523014069,7496.336847543716,7497.231364250183,-0.04082918167114258,-0.008940696716308594,0.019073486328125,0.026226043701171875
1,544,5.44,7496.064752340317,7496.821880340576,7496.355324983597,7497.252374887466,-0.03829598426818848,-0.00864267349243164,0.018477439880371094,0.021010637283325195
1,545,5.45,7496.027052402496,7496.813535690308,7496.372312307358,7497.278302907944,-0.03769993782043457,-0.008344650268554688,0.016987323760986328,0.025928020477294922
1,546,5.46,7495.996057987213,7496.808767318726,7496.387809514999,7497.293502092361,-0.030994415283203125,-0.00476837158203125,0.015497207641601562,0.01519918441772461
1,547,5.47,7495.961487293243,7496.803104877472,7496.40479683876,7497.313767671585,-0.03457069396972656,-0.005662441253662109,0.016987323760986328,0.020265579223632812
1,548,5.48,7495.936006307602,7496.798634529114,7496.417611837387,7497.325837612152,-0.025480985641479492,-0.004470348358154297,0.012814998626708984,0.012069940567016602
1,549,5.49,7495.909631252289,7496.790885925293,7496.432214975357,7497.346103191376,-0.02637505531311035,-0.007748603820800781,0.014603137969970703,0.020265579223632812
1,550,5.5,7495.886385440826,7496.7896938323975,7496.44473195076,7497.355937957764,-0.023245811462402344,-0.0011920928955078125,0.012516975402832031,0.009834766387939453
1,551,5.51,7495.8643317222595,7496.783882379532,7496.457546949387,7497.367113828659,-0.02205371856689453,-0.005811452865600586,0.012814998626708984,0.011175870895385742
1,552,5.5200000000000005,7495.8473443984985,7496.781647205353,7496.468275785446,7497.377246618271,-0.016987323760986328,-0.0022351741790771484,0.010728836059570312,0.010132789611816406
1,553,5.53,7495.833933353424,7496.780753135681,7496.475726366043,7497.382313013077,-0.01341104507446289,-0.0008940696716308594,0.007450580596923828,0.005066394805908203
1,554,5.54,7495.81977725029,7496.777027845383,7496.487349271774,7497.388571500778,-0.014156103134155273,-0.003725290298461914,0.011622905731201172,0.006258487701416016
1,555,5.55,7495.811730623245,7496.775537729263,7496.493607759476,7497.393935918808,-0.008046627044677734,-0.0014901161193847656,0.006258487701416016,0.005364418029785156
1,556,5.5600000000000005,7495.803385972977,7496.774047613144,7496.501058340073,7497.396171092987,-0.008344650268554688,-0.0014901161193847656,0.007450580596923828,0.0022351741790771484
1,557,5.57,7495.799660682678,7496.773600578308,7496.506422758102,7497.395277023315,-0.003725290298461914,-0.0004470348358154297,0.005364418029785156,-0.0008940696716308594
1,558,5.58,7495.795339345932,7496.7725574970245,7496.512681245804,7497.39482998848,-0.00432133674621582,-0.001043081283569336,0.006258487701416016,-0.0004470348358154297
1,559,5.59,7495.798468589783,7496.771514415741,7496.515065431595,7497.393041849136,0.003129243850708008,-0.001043081283569336,0.002384185791015625,-0.0017881393432617188
1,560,5.6000000000000005,7495.80055475235,7496.773302555084,7496.517449617386,7497.3903596401215,0.002086162567138672,0.0017881393432617188,0.002384185791015625,-0.002682209014892578
1,561,5.61,7495.806366205215,7496.77449464798,7496.5183436870575,7497.38410115242,0.005811452865600586,0.0011920928955078125,0.0008940696716308594,-0.006258487701416016
1,562,5.62,7495.813071727753,7496.773302555084,7496.521025896072,7497.379779815674,0.006705522537231445,-0.0011920928955078125,0.002682209014892578,-0.00432133674621582
1,563,5.63,7495.825290679932,7496.776729822159,7496.518641710281,7497.368901968002,0.012218952178955078,0.003427267074584961,-0.002384185791015625,-0.010877847671508789
1,564,5.64,7495.836019515991,7496.77836894989,7496.517151594162,7497.359067201614,0.010728836059570312,0.0016391277313232422,-0.0014901161193847656,-0.009834766387939453
1,565,5.65,7495.852410793304,7496.779412031174,7496.515065431595,7497.349828481674,0.016391277313232422,0.001043081283569336,-0.002086162567138672,-0.009238719940185547
1,566,5.66,7495.869398117065,7496.78373336792,7496.509701013565,7497.335374355316,0.016987323760986328,0.00432133674621582,-0.005364418029785156,-0.014454126358032227
1,567,5.67,7495.886385440826,7496.783137321472,7496.507316827774,7497.32568860054,0.016987323760986328,-0.0005960464477539062,-0.002384185791015625,-0.009685754776000977
1,568,5.68,7495.907694101334,7496.788948774338,7496.501058340073,7497.309446334839,0.02130866050720215,0.005811452865600586,-0.006258487701416016,-0.016242265701293945
1,569,5.69,7495.929449796677,7496.790289878845,7496.495395898819,7497.295290231705,0.021755695343017578,0.001341104507446289,-0.005662441253662109,-0.014156103134155273
1,570,5.7,7495.95433473587,7496.795356273651,7496.487647294998,7497.279644012451,0.024884939193725586,0.005066394805908203,-0.007748603820800781,-0.01564621925354004
1,571,5.71,7495.9807097911835,7496.799528598785,7496.479004621506,7497.261017560959,0.02637505531311035,0.004172325134277344,-0.00864267349243164,-0.01862645149230957
1,572,5.72,7496.0073828697205,7496.801316738129,7496.471554040909,7497.24343419075,0.026673078536987305,0.0017881393432617188,-0.007450580596923828,-0.017583370208740234
1,573,5.73,7496.036738157272,7496.8065321445465,7496.461421251297,7497.224807739258,0.029355287551879883,0.00521540641784668,-0.010132789611816406,-0.01862645149230957
1,574,5.74,7496.0678815841675,7496.812790632248,7496.449202299118,7497.202605009079,0.0311434268951416,0.006258487701416016,-0.012218952178955078,-0.022202730178833008
1,575,5.75,7496.0969388484955,7496.817409992218,7496.440559625626,7497.183233499527,0.02905726432800293,0.0046193599700927734,-0.00864267349243164,-0.019371509552001953
1,576,5.76,7496.1307644844055,7496.821582317352,7496.427446603775,7497.16192483902,0.03382563591003418,0.004172325134277344,-0.013113021850585938,-0.02130866050720215
1,577,5.7700000000000005,7496.164590120316,7496.827393770218,7496.414631605148,7497.138679027557,0.03382563591003418,0.005811452865600586,-0.012814998626708984,-0.023245811462402344
1,578,5.78,7496.1985647678375,7496.830374002457,7496.4021146297455,7497.116923332214,0.033974647521972656,0.0029802322387695312,-0.012516975402832031,-0.021755695343017578
1,579,5.79,7496.235966682434,7496.833950281143,7496.388703584671,7497.094422578812,0.03740191459655762,0.0035762786865234375,-0.01341104507446289,-0.02250075340270996
1,580,5.8,7496.272027492523,7496.840059757233,7496.374398469925,7497.072368860245,0.03606081008911133,0.006109476089477539,-0.01430511474609375,-0.02205371856689453
1,581,5.8100000000000005,7496.308535337448,7496.844381093979,7496.361881494522,7497.047632932663,0.03650784492492676,0.00432133674621582,-0.012516975402832031,-0.02473592758178711
1,582,5.82,7496.347427368164,7496.850490570068,7496.345788240433,7497.021108865738,0.03889203071594238,0.006109476089477539,-0.01609325408935547,-0.026524066925048828
1,583,5.83,7496.383041143417,7496.853470802307,7496.332675218582,7497.001588344574,0.0356137752532959,0.0029802322387695312,-0.013113021850585938,-0.01952052116394043
1,584,5.84,7496.423572301865,7496.86062335968,7496.316283941269,7496.9737231731415,0.040531158447265625,0.007152557373046875,-0.016391277313232422,-0.027865171432495117
1,585,5.8500000000000005,7496.459186077118,7496.864795684814,7496.302276849747,7496.9518184661865,0.0356137752532959,0.004172325134277344,-0.014007091522216797,-0.021904706954956055
1,586,5.86,7496.499866247177,7496.871650218964,7496.284991502762,7496.927380561829,0.0406801700592041,0.006854534149169922,-0.01728534698486328,-0.024437904357910156
1,587,5.87,7496.535629034042,7496.878206729889,7496.27098441124,7496.901899576187,0.035762786865234375,0.006556510925292969,-0.014007091522216797,-0.025480985641479492
1,588,5.88,7496.577203273773,7496.880888938904,7496.255785226822,7496.88133597374,0.04157423973083496,0.002682209014892578,-0.01519918441772461,-0.020563602447509766
1,589,5.89,7496.612221002579,7496.888637542725,7496.238201856613,7496.855854988098,0.03501772880554199,0.007748603820800781,-0.017583370208740234,-0.025480985641479492
1,590,5.9,7496.651113033295,7496.893405914307,7496.223598718643,7496.831715106964,0.03889203071594238,0.00476837158203125,-0.014603137969970703,-0.024139881134033203
1,591,5.91,7496.686279773712,7496.900707483292,7496.209293603897,7496.808767318726,0.03516674041748047,0.0073015689849853516,-0.01430511474609375,-0.02294778823852539
1,592,5.92,7496.724426746368,7496.90368771553,7496.1937963962555,7496.790140867233,0.03814697265625,0.0029802322387695312,-0.015497207641601562,-0.01862645149230957
1,593,5.93,7496.761232614517,7496.911287307739,7496.177107095718,7496.766299009323,0.03680586814880371,0.007599592208862305,-0.016689300537109375,-0.02384185791015625
1,594,5.94,7496.795505285263,7496.914565563202,7496.163100004196,7496.746629476547,0.03427267074584961,0.0032782554626464844,-0.014007091522216797,-0.019669532775878906
1,595,5.95,7496.831119060516,7496.923357248306,7496.147900819778,7496.7242777347565,0.0356137752532959,0.008791685104370117,-0.01519918441772461,-0.022351741790771484
1,596,5.96,7496.864795684814,7496.927082538605,7496.132999658585,7496.704012155533,0.0336766242980957,0.003725290298461914,-0.014901161193847656,-0.020265579223632812
1,597,5.97,7496.899664402008,7496.931105852127,7496.119290590286,7496.684640645981,0.034868717193603516,0.004023313522338867,-0.013709068298339844,-0.019371509552001953
1,598,5.98,7496.929466724396,7496.93751335144,7496.105879545212,7496.66765332222,0.029802322387695312,0.006407499313354492,-0.01341104507446289,-0.016987323760986328
1,599,5.99,7496.963441371918,7496.942728757858,7496.091276407242,7496.648877859116,0.033974647521972656,0.00521540641784668,-0.014603137969970703,-0.018775463104248047
1,600,6.0,7496.993541717529,7496.947199106216,7496.0775673389435,7496.630698442459,0.030100345611572266,0.004470348358154297,-0.013709068298339844,-0.01817941665649414
1,601,6.01,7497.021555900574,7496.953457593918,7496.065646409988,7496.615499258041,0.028014183044433594,0.006258487701416016,-0.011920928955078125,-0.01519918441772461
1,602,6.0200000000000005,7497.05046415329,7496.955990791321,7496.054917573929,7496.601194143295,0.028908252716064453,0.0025331974029541016,-0.010728836059570312,-0.01430511474609375
1,603,6.03,7497.077584266663,7496.962547302246,7496.041804552078,7496.583610773087,0.027120113372802734,0.006556510925292969,-0.013113021850585938,-0.017583370208740234
1,604,6.04,7497.103363275528,7496.965676546097,7496.031671762466,7496.572881937027,0.025779008865356445,0.003129243850708008,-0.010132789611816406,-0.010728836059570312
1,605,6.05,7497.128844261169,7496.973127126694,7496.0194528102875,7496.557831764221,0.025480985641479492,0.007450580596923828,-0.012218952178955078,-0.015050172805786133
1,606,6.0600000000000005,7497.151792049408,7496.975660324097,7496.010214090347,7496.546804904938,0.02294778823852539,0.0025331974029541016,-0.009238719940185547,-0.011026859283447266
1,607,6.07,7497.175633907318,7496.978789567947,7496.0000813007355,7496.536523103714,0.02384185791015625,0.003129243850708008,-0.010132789611816406,-0.010281801223754883
1,608,6.08,7497.194707393646,7496.984153985977,7495.992034673691,7496.527880430222,0.019073486328125,0.005364418029785156,-0.008046627044677734,-0.00864267349243164
1,609,6.09,7497.215569019318,7496.98668718338,7495.983690023422,7496.517598628998,0.02086162567138672,0.0025331974029541016,-0.008344650268554688,-0.010281801223754883
1,610,6.1000000000000005,7497.232556343079,7496.9905614852905,7495.976239442825,7496.509104967117,0.016987323760986328,0.0038743019104003906,-0.007450580596923828,-0.008493661880493164
1,611,6.11,7497.2498416900635,7496.991753578186,7495.969086885452,7496.50165438652,0.01728534698486328,0.0011920928955078125,-0.007152557373046875,-0.007450580596923828
1,612,6.12,7497.262358665466,7496.995329856873,7495.9637224674225,7496.493607759476,0.012516975402832031,0.0035762786865234375,-0.005364418029785156,-0.008046627044677734
1,613,6.13,7497.27338552475,7496.998906135559,7495.957762002945,7496.489882469177,0.011026859283447266,0.0035762786865234375,-0.0059604644775390625,-0.003725290298461914
1,614,6.140000000000001,7497.280240058899,7497.004270553589,7495.951801538467,7496.482282876968,0.006854534149169922,0.005364418029785156,-0.0059604644775390625,-0.007599592208862305
1,615,6.15,7497.289478778839,7497.005760669708,7495.944947004318,7496.478408575058,0.009238719940185547,0.0014901161193847656,-0.006854534149169922,-0.0038743019104003906
1,616,6.16,7497.292309999466,7497.0100820064545,7495.942860841751,7496.473342180252,0.0028312206268310547,0.00432133674621582,-0.002086162567138672,-0.005066394805908203
1,617,6.17,7497.30110168457,7497.010231018066,7495.937496423721,7496.475577354431,0.008791685104370117,0.00014901161193847656,-0.005364418029785156,0.0022351741790771484
1,618,6.18,7497.302144765854,7497.015446424484,7495.936304330826,7496.470808982849,0.001043081283569336,0.00521540641784668,-0.0011920928955078125,-0.00476837158203125
1,619,6.19,7497.308552265167,7497.013509273529,7495.932728052139,7496.473044157028,0.006407499313354492,-0.0019371509552001953,-0.0035762786865234375,0.0022351741790771484
1,620,6.2,7497.308552265167,7497.018277645111,7495.930939912796,7496.473342180252,0.0,0.00476837158203125,-0.0017881393432617188,0.0002980232238769531
1,621,6.21,7497.310191392899,7497.017085552216,7495.9321320056915,7496.478408575058,0.0016391277313232422,-0.0011920928955078125,0.0011920928955078125,0.005066394805908203
1,622,6.22,7497.310489416122,7497.018724679947,7495.929449796677,7496.485114097595,0.0002980232238769531,0.0016391277313232422,-0.002682209014892578,0.006705522537231445
1,623,6.23,7497.310042381287,7497.020363807678,7495.930939912796,7496.485859155655,-0.0004470348358154297,0.0016391277313232422,0.0014901161193847656,0.0007450580596923828
1,624,6.24,7497.3079562187195,7497.02125787735,7495.931535959244,7496.492713689804,-0.002086162567138672,0.0008940696716308594,0.0005960464477539062,0.006854534149169922
1,625,6.25,7497.304081916809,7497.021555900574,7495.933622121811,7496.499568223953,-0.0038743019104003906,0.0002980232238769531,0.002086162567138672,0.006854534149169922
1,626,6.26,7497.300207614899,7497.022897005081,7495.93660235405,7496.505975723267,-0.0038743019104003906,0.001341104507446289,0.0029802322387695312,0.006407499313354492
1,627,6.2700000000000005,7497.294247150421,7497.0221519470215,7495.94047665596,7496.5158104896545,-0.0059604644775390625,-0.0007450580596923828,0.0038743019104003906,0.009834766387939453
1,628,6.28,7497.28798866272,7497.023791074753,7495.944052934647,7496.523857116699,-0.006258487701416016,0.0016391277313232422,0.0035762786865234375,0.008046627044677734
1,629,6.29,7497.2812831401825,7497.022300958633,7495.948225259781,7496.53622508049,-0.006705522537231445,-0.0014901161193847656,0.004172325134277344,0.012367963790893555
1,630,6.3,7497.272789478302,7497.024089097977,7495.954781770706,7496.544420719147,-0.008493661880493164,0.0017881393432617188,0.006556510925292969,0.008195638656616211
1,631,6.3100000000000005,7497.26414680481,7497.023642063141,7495.959550142288,7496.557235717773,-0.00864267349243164,-0.0004470348358154297,0.00476837158203125,0.012814998626708984
1,632,6.32,7497.252970933914,7497.022747993469,7495.967298746109,7496.569603681564,-0.011175870895385742,-0.0008940696716308594,0.007748603820800781,0.012367963790893555
1,633,6.33,7497.243583202362,7497.023195028305,7495.973855257034,7496.580928564072,-0.009387731552124023,0.0004470348358154297,0.006556510925292969,0.011324882507324219
1,634,6.34,7497.230172157288,7497.0196187496185,7495.983988046646,7496.59538269043,-0.01341104507446289,-0.0035762786865234375,0.010132789611816406,0.014454126358032227
1,635,6.3500000000000005,7497.219741344452,7497.018873691559,7495.990544557571,7496.605962514877,-0.01043081283569336,-0.0007450580596923828,0.006556510925292969,0.010579824447631836
1,636,6.36,7497.206926345825,7497.015446424484,7496.001869440079,7496.620863676071,-0.012814998626708984,-0.003427267074584961,0.011324882507324219,0.014901161193847656
1,637,6.37,7497.193515300751,7497.016787528992,7496.010512113571,7496.6345727443695,-0.01341104507446289,0.001341104507446289,0.00864267349243164,0.013709068298339844
1,638,6.38,7497.179061174393,7497.013807296753,7496.0218369960785,7496.648728847504,-0.014454126358032227,-0.0029802322387695312,0.011324882507324219,0.014156103134155273
1,639,6.390000000000001,7497.165501117706,7497.0124661922455,7496.031671762466,7496.664673089981,-0.013560056686401367,-0.001341104507446289,0.009834766387939453,0.015944242477416992
1,640,6.4,7497.148513793945,7497.012913227081,7496.044486761093,7496.679276227951,-0.016987323760986328,0.0004470348358154297,0.012814998626708984,0.014603137969970703
1,641,6.41,7497.132122516632,7497.010231018066,7496.057599782944,7496.692836284637,-0.016391277313232422,-0.002682209014892578,0.013113021850585938,0.013560056686401367
1,642,6.42,7497.115880250931,7497.008442878723,7496.069520711899,7496.710568666458,-0.016242265701293945,-0.0017881393432617188,0.011920928955078125,0.01773238182067871
1,643,6.43,7497.097551822662,7497.007846832275,7496.084123849869,7496.727555990219,-0.018328428268432617,-0.0005960464477539062,0.014603137969970703,0.016987323760986328
1,644,6.44,7497.080862522125,7497.006058692932,7496.098130941391,7496.743053197861,-0.016689300537109375,-0.0017881393432617188,0.014007091522216797,0.015497207641601562
1,645,6.45,7497.0632791519165,7497.006058692932,7496.110647916794,7496.758699417114,-0.017583370208740234,0.0,0.012516975402832031,0.01564621925354004
1,646,6.46,7497.04509973526,7497.003078460693,7496.127039194107,7496.775686740875,-0.01817941665649414,-0.0029802322387695312,0.016391277313232422,0.016987323760986328
1,647,6.47,7497.02513217926,7497.001886367798,7496.141344308853,7496.795505285263,-0.01996755599975586,-0.0011920928955078125,0.01430511474609375,0.019818544387817383
1,648,6.48,7497.009187936783,7497.002184391022,7496.156841516495,7496.807128190994,-0.015944242477416992,0.0002980232238769531,0.015497207641601562,0.011622905731201172
1,649,6.49,7496.986985206604,7496.999800205231,7496.173530817032,7496.8282878398895,-0.022202730178833008,-0.002384185791015625,0.016689300537109375,0.021159648895263672
1,650,6.5,7496.9713389873505,7496.999502182007,7496.187835931778,7496.843785047531,-0.01564621925354004,-0.0002980232238769531,0.01430511474609375,0.015497207641601562
1,651,6.51,7496.949881315231,7496.998012065887,7496.206611394882,7496.860921382904,-0.021457672119140625,-0.0014901161193847656,0.018775463104248047,0.017136335372924805
1,652,6.5200000000000005,7496.932148933411,7496.99667096138,7496.222108602524,7496.878206729889,-0.01773238182067871,-0.001341104507446289,0.015497207641601562,0.01728534698486328
1,653,6.53,7496.912479400635,7496.995329856873,7496.239989995956,7496.895641088486,-0.019669532775878906,-0.001341104507446289,0.017881393432617188,0.017434358596801758
1,654,6.54,7496.89519405365,7496.99592590332,7496.255487203598,7496.911138296127,-0.01728534698486328,0.0005960464477539062,0.015497207641601562,0.015497207641601562
1,655,6.55,7496.875077486038,7496.995329856873,7496.273070573807,7496.926337480545,-0.020116567611694336,-0.0005960464477539062,0.017583370208740234,0.01519918441772461
1,656,6.5600000000000005,7496.859133243561,7496.992498636246,7496.289759874344,7496.946156024933,-0.015944242477416992,-0.0028312206268310547,0.016689300537109375,0.019818544387817383
1,657,6.57,7496.838271617889,7496.994137763977,7496.307939291,7496.961951255798,-0.02086162567138672,0.0016391277313232422,0.01817941665649414,0.015795230865478516
1,658,6.58,7496.823817491531,7496.990263462067,7496.325224637985,7496.9781935215,-0.014454126358032227,-0.0038743019104003906,0.01728534698486328,0.016242265701293945
1,659,6.59,7496.804296970367,7496.993541717529,7496.341913938522,7496.994286775589,-0.01952052116394043,0.0032782554626464844,0.016689300537109375,0.01609325408935547
1,660,6.6000000000000005,7496.790140867233,7496.99205160141,7496.359497308731,7497.008293867111,-0.014156103134155273,-0.0014901161193847656,0.017583370208740234,0.014007091522216797
1,661,6.61,7496.7727065086365,7496.993243694305,7496.376186609268,7497.022897005081,-0.017434358596801758,0.0011920928955078125,0.016689300537109375,0.014603137969970703
1,662,6.62,7496.756911277771,7496.991008520126,7496.394664049149,7497.0415234565735,-0.015795230865478516,-0.0022351741790771484,0.018477439880371094,0.01862645149230957
1,663,6.63,7496.740520000458,7496.9929456710815,7496.412545442581,7497.054636478424,-0.016391277313232422,0.0019371509552001953,0.017881393432617188,0.013113021850585938
1,664,6.640000000000001,7496.727108955383,7496.992498636246,7496.428042650223,7497.068792581558,-0.01341104507446289,-0.0004470348358154297,0.015497207641601562,0.014156103134155273
1,665,6.65,7496.712654829025,7496.993690729141,7496.445029973984,7497.081309556961,-0.014454126358032227,0.0011920928955078125,0.016987323760986328,0.012516975402832031
1,666,6.66,7496.6974556446075,7496.992200613022,7496.463805437088,7497.0972537994385,-0.01519918441772461,-0.0014901161193847656,0.018775463104248047,0.015944242477416992
1,667,6.67,7496.6877698898315,7496.992498636246,7496.47930264473,7497.110068798065,-0.009685754776000977,0.0002980232238769531,0.015497207641601562,0.012814998626708984
1,668,6.68,7496.673464775085,7496.995329856873,7496.4942038059235,7497.122883796692,-0.01430511474609375,0.0028312206268310547,0.014901161193847656,0.012814998626708984
1,669,6.69,7496.661990880966,7496.995180845261,7496.511489152908,7497.131675481796,-0.011473894119262695,-0.00014901161193847656,0.01728534698486328,0.008791685104370117
1,670,6.7,7496.649622917175,7496.994435787201,7496.528178453445,7497.149705886841,-0.012367963790893555,-0.0007450580596923828,0.016689300537109375,0.018030405044555664
1,671,6.71,7496.642768383026,7496.998608112335,7496.543079614639,7497.153431177139,-0.006854534149169922,0.004172325134277344,0.014901161193847656,0.003725290298461914
1,672,6.72,7496.630847454071,7496.998608112335,7496.558576822281,7497.169226408005,-0.011920928955078125,0.0,0.015497207641601562,0.015795230865478516
1,673,6.73,7496.6248869895935,7497.000843286514,7496.572285890579,7497.176975011826,-0.0059604644775390625,0.0022351741790771484,0.013709068298339844,0.007748603820800781
1,674,6.74,7496.614456176758,7497.000992298126,7496.588975191116,7497.188895940781,-0.01043081283569336,0.00014901161193847656,0.016689300537109375,0.011920928955078125
1,675,6.75,7496.608644723892,7497.003078460693,7496.603280305862,7497.197836637497,-0.005811452865600586,0.002086162567138672,0.01430511474609375,0.008940696716308594
1,676,6.76,7496.603429317474,7497.005462646484,7496.616095304489,7497.204393148422,-0.00521540641784668,0.002384185791015625,0.012814998626708984,0.006556510925292969
1,677,6.7700000000000005,7496.597170829773,7497.006207704544,7496.631592512131,7497.215270996094,-0.006258487701416016,0.0007450580596923828,0.015497207641601562,0.010877847671508789
1,678,6.78,7496.593594551086,7497.01127409935,7496.644109487534,7497.219890356064,-0.0035762786865234375,0.005066394805908203,0.012516975402832031,0.0046193599700927734
1,679,6.79,7496.589869260788,7497.010976076126,7496.655732393265,7497.22883105278,-0.003725290298461914,-0.0002980232238769531,0.011622905731201172,0.008940696716308594
1,680,6.8,7496.584355831146,7497.013211250305,7496.6709315776825,7497.235983610153,-0.005513429641723633,0.0022351741790771484,0.01519918441772461,0.007152557373046875
1,681,6.8100000000000005,7496.584206819534,7497.01663851738,7496.681362390518,7497.241646051407,-0.00014901161193847656,0.003427267074584961,0.01043081283569336,0.005662441253662109
1,682,6.82,7496.582269668579,7497.017383575439,7496.694773435593,7497.246861457825,-0.0019371509552001953,0.0007450580596923828,0.01341104507446289,0.00521540641784668
1,683,6.83,7496.584355831146,7497.021555900574,7496.704012155533,7497.253566980362,0.002086162567138672,0.004172325134277344,0.009238719940185547,0.006705522537231445
1,684,6.84,7496.583163738251,7497.024983167648,7496.716231107712,7497.255206108093,-0.0011920928955078125,0.003427267074584961,0.012218952178955078,0.0016391277313232422
1,685,6.8500000000000005,7496.585100889206,7497.0269203186035,7496.726363897324,7497.2595274448395,0.0019371509552001953,0.0019371509552001953,0.010132789611816406,0.00432133674621582
1,686,6.86,7496.587634086609,7497.0293045043945,7496.737092733383,7497.262954711914,0.0025331974029541016,0.002384185791015625,0.010728836059570312,0.003427267074584961
1,687,6.87,7496.590167284012,7497.032731771469,7496.745139360428,7497.266978025436,0.0025331974029541016,0.003427267074584961,0.008046627044677734,0.004023313522338867
1,688,6.88,7496.594339609146,7497.037351131439,7496.755868196487,7497.26727604866,0.004172325134277344,0.0046193599700927734,0.010728836059570312,0.0002980232238769531
1,689,6.890000000000001,7496.596574783325,7497.039586305618,7496.765106916428,7497.2715973854065,0.0022351741790771484,0.0022351741790771484,0.009238719940185547,0.00432133674621582
1,690,6.9,7496.6055154800415,7497.0443546772,7496.771663427353,7497.269958257675,0.008940696716308594,0.00476837158203125,0.006556510925292969,-0.0016391277313232422
1,691,6.91,7496.60849571228,7497.046887874603,7496.780604124069,7497.270852327347,0.0029802322387695312,0.0025331974029541016,0.008940696716308594,0.0008940696716308594
1,692,6.92,7496.615350246429,7497.050315141678,7496.78835272789,7497.27264046669,0.006854534149169922,0.003427267074584961,0.007748603820800781,0.0017881393432617188
1,693,6.93,7496.625334024429,7497.0535933971405,7496.794015169144,7497.272193431854,0.00998377799987793,0.0032782554626464844,0.005662441253662109,-0.0004470348358154297
1,694,6.94,7496.631443500519,7497.057616710663,7496.802061796188,7497.272938489914,0.006109476089477539,0.004023313522338867,0.008046627044677734,0.0007450580596923828
1,695,6.95,7496.640533208847,7497.061938047409,7496.807426214218,7497.2692131996155,0.00908970832824707,0.00432133674621582,0.005364418029785156,-0.003725290298461914
1,696,6.96,7496.649622917175,7497.066110372543,7496.813088655472,7497.26876616478,0.00908970832824707,0.004172325134277344,0.005662441253662109,-0.0004470348358154297
1,697,6.97,7496.660351753235,7497.069835662842,7496.819645166397,7497.26876616478,0.010728836059570312,0.003725290298461914,0.006556510925292969,0.0
1,698,6.98,7496.671080589294,7497.074007987976,7496.822625398636,7497.264891862869,0.010728836059570312,0.004172325134277344,0.0029802322387695312,-0.0038743019104003906
1,699,6.99,7496.68151140213,7497.078627347946,7496.829479932785,7497.26340174675,0.01043081283569336,0.0046193599700927734,0.006854534149169922,-0.0014901161193847656
1,700,7.0,7496.694624423981,7497.0826506614685,7496.830970048904,7497.261315584183,0.013113021850585938,0.004023313522338867,0.0014901161193847656,-0.002086162567138672
1,701,7.01,7496.7047572135925,7497.086077928543,7496.837228536606,7497.255951166153,0.010132789611816406,0.003427267074584961,0.006258487701416016,-0.005364418029785156
1,702,7.0200000000000005,7496.716231107712,7497.090846300125,7496.8405067920685,7497.252821922302,0.011473894119262695,0.00476837158203125,0.0032782554626464844,-0.003129243850708008
1,703,7.03,7496.730387210846,7497.093975543976,7496.843785047531,7497.250437736511,0.014156103134155273,0.003129243850708008,0.0032782554626464844,-0.002384185791015625
1,704,7.04,7496.744692325592,7497.097998857498,7496.846467256546,7497.2449243068695,0.01430511474609375,0.004023313522338867,0.002682209014892578,-0.005513429641723633
1,705,7.05,7496.757656335831,7497.103214263916,7496.848851442337,7497.24343419075,0.012964010238647461,0.00521540641784668,0.002384185791015625,-0.0014901161193847656
1,706,7.0600000000000005,7496.771216392517,7497.107982635498,7496.850937604904,7497.236877679825,0.013560056686401367,0.00476837158203125,0.002086162567138672,-0.006556510925292969
1,707,7.07,7496.785670518875,7497.111409902573,7496.853023767471,7497.233599424362,0.014454126358032227,0.003427267074584961,0.002086162567138672,-0.0032782554626464844
1,708,7.08,7496.8016147613525,7497.116029262543,7496.854513883591,7497.228235006332,0.015944242477416992,0.0046193599700927734,0.0014901161193847656,-0.005364418029785156
1,709,7.09,7496.815770864487,7497.122436761856,7496.855407953262,7497.220039367676,0.014156103134155273,0.006407499313354492,0.0008940696716308594,-0.008195638656616211
1,710,7.1000000000000005,7496.831864118576,7497.125715017319,7496.856600046158,7497.216612100601,0.01609325408935547,0.0032782554626464844,0.0011920928955078125,-0.003427267074584961
1,711,7.11,7496.845424175262,7497.129440307617,7496.8574941158295,7497.211545705795,0.013560056686401367,0.003725290298461914,0.0008940696716308594,-0.005066394805908203
1,712,7.12,7496.8621134758,7497.1336126327515,7496.858984231949,7497.206479310989,0.016689300537109375,0.004172325134277344,0.0014901161193847656,-0.005066394805908203
1,713,7.13,7496.876418590546,7497.138679027557,7496.859580278397,7497.202008962631,0.01430511474609375,0.005066394805908203,0.0005960464477539062,-0.004470348358154297
1,714,7.140000000000001,7496.892660856247,7497.141361236572,7496.860474348068,7497.196197509766,0.016242265701293945,0.002682209014892578,0.0008940696716308594,-0.005811452865600586
1,715,7.15,7496.907860040665,7497.146278619766,7496.859282255173,7497.1903860569,0.01519918441772461,0.0049173831939697266,-0.0011920928955078125,-0.005811452865600586
1,716,7.16,7496.924847364426,7497.150003910065,7496.859580278397,7497.185915708542,0.016987323760986328,0.003725290298461914,0.0002980232238769531,-0.004470348358154297
1,717,7.17,7496.940344572067,7497.154772281647,7496.858984231949,7497.17965722084,0.015497207641601562,0.00476837158203125,-0.0005960464477539062,-0.006258487701416016
1,718,7.18,7496.955692768097,7497.1601366996765,7496.858686208725,7497.1723556518555,0.015348196029663086,0.005364418029785156,-0.0002980232238769531,-0.0073015689849853516
1,719,7.19,7496.971487998962,7497.161328792572,7496.859282255173,7497.1698224544525,0.015795230865478516,0.0011920928955078125,0.0005960464477539062,-0.0025331974029541016
1,720,7.2,7496.986389160156,7497.169077396393,7496.857792139053,7497.161477804184,0.014901161193847656,0.007748603820800781,-0.0014901161193847656,-0.008344650268554688
1,721,7.21,7497.001886367798,7497.169524431229,7496.857196092606,7497.159838676453,0.015497207641601562,0.0004470348358154297,-0.0005960464477539062,-0.0016391277313232422
1,722,7.22,7497.01589345932,7497.17503786087,7496.8574941158295,7497.151345014572,0.014007091522216797,0.005513429641723633,0.0002980232238769531,-0.008493661880493164
1,723,7.23,7497.0318377017975,7497.177571058273,7496.856898069382,7497.147768735886,0.015944242477416992,0.0025331974029541016,-0.0005960464477539062,-0.0035762786865234375
1,724,7.24,7497.046589851379,7497.183084487915,7496.855407953262,7497.143000364304,0.01475214958190918,0.005513429641723633,-0.0014901161193847656,-0.00476837158203125
1,725,7.25,7497.060596942902,7497.186213731766,7496.85600399971,7497.136294841766,0.014007091522216797,0.003129243850708008,0.0005960464477539062,-0.006705522537231445
1,726,7.26,7497.075945138931,7497.1893429756165,7496.854513883591,7497.133314609528,0.015348196029663086,0.003129243850708008,-0.0014901161193847656,-0.0029802322387695312
1,727,7.2700000000000005,7497.090548276901,7497.194409370422,7496.853321790695,7497.125715017319,0.014603137969970703,0.005066394805908203,-0.0011920928955078125,-0.007599592208862305
1,728,7.28,7497.102916240692,7497.19575047493,7496.854513883591,7497.124820947647,0.012367963790893555,0.001341104507446289,0.0011920928955078125,-0.0008940696716308594
1,729,7.29,7497.118413448334,7497.202008962631,7496.851831674576,7497.117668390274,0.015497207641601562,0.006258487701416016,-0.002682209014892578,-0.007152557373046875
1,730,7.3,7497.129291296005,7497.204840183258,7496.851831674576,7497.11275100708,0.010877847671508789,0.0028312206268310547,0.0,-0.0049173831939697266
1,731,7.3100000000000005,7497.143447399139,7497.206926345825,7496.851235628128,7497.11349606514,0.014156103134155273,0.002086162567138672,-0.0005960464477539062,0.0007450580596923828
1,732,7.32,7497.154325246811,7497.210055589676,7496.851533651352,7497.107833623886,0.010877847671508789,0.003129243850708008,0.0002980232238769531,-0.005662441253662109
1,733,7.33,7497.168481349945,7497.213631868362,7496.8500435352325,7497.103214263916,0.014156103134155273,0.0035762786865234375,-0.0014901161193847656,-0.0046193599700927734
1,734,7.34,7497.177422046661,7497.215569019318,7496.851235628128,7497.103214263916,0.008940696716308594,0.0019371509552001953,0.0011920928955078125,0.0
1,735,7.3500000000000005,7497.191280126572,7497.221529483795,7496.8500435352325,7497.095912694931,0.01385807991027832,0.0059604644775390625,-0.0011920928955078125,-0.0073015689849853516
1,736,7.36,7497.19962477684,7497.222721576691,7496.850341558456,7497.097551822662,0.008344650268554688,0.0011920928955078125,0.0002980232238769531,0.0016391277313232422
1,737,7.37,7497.210800647736,7497.22495675087,7496.851235628128,7497.093379497528,0.011175870895385742,0.0022351741790771484,0.0008940696716308594,-0.004172325134277344
1,738,7.38,7497.220039367676,7497.227787971497,7496.851235628128,7497.094571590424,0.009238719940185547,0.0028312206268310547,0.0,0.0011920928955078125
1,739,7.390000000000001,7497.231066226959,7497.231364250183,7496.851235628128,7497.089356184006,0.011026859283447266,0.0035762786865234375,0.0,-0.00521540641784668
1,740,7.4,7497.237920761108,7497.2328543663025,7496.853023767471,7497.088462114334,0.006854534149169922,0.0014901161193847656,0.0017881393432617188,-0.0008940696716308594
1,741,7.41,7497.247755527496,7497.235983610153,7496.853619813919,7497.0875680446625,0.009834766387939453,0.003129243850708008,0.0005960464477539062,-0.0008940696716308594
1,742,7.42,7497.254312038422,7497.23881483078,7496.854513883591,7497.087866067886,0.006556510925292969,0.0028312206268310547,0.0008940696716308594,0.0002980232238769531
1,743,7.43,7497.263252735138,7497.240304946899,7496.855407953262,7497.0851838588715,0.008940696716308594,0.0014901161193847656,0.0008940696716308594,-0.002682209014892578
1,744,7.44,7497.270256280899,7497.242391109467,7496.856600046158,7497.086822986603,0.0070035457611083984,0.002086162567138672,0.0011920928955078125,0.0016391277313232422
1,745,7.45,7497.276961803436,7497.245073318481,7496.858388185501,7497.086822986603,0.006705522537231445,0.002682209014892578,0.0017881393432617188,0.0
1,746,7.46,7497.281134128571,7497.246414422989,7496.86136841774,7497.088015079498,0.004172325134277344,0.001341104507446289,0.0029802322387695312,0.0011920928955078125
1,747,7.47,7497.28798866272,7497.251033782959,7496.86136841774,7497.086375951767,0.006854534149169922,0.0046193599700927734,0.0,-0.0016391277313232422
1,748,7.48,7497.291266918182,7497.251331806183,7496.865540742874,7497.089058160782,0.0032782554626464844,0.0002980232238769531,0.004172325134277344,0.002682209014892578
1,749,7.49,7497.2981214523315,7497.2522258758545,7496.8670308589935,7497.090846300125,0.006854534149169922,0.0008940696716308594,0.0014901161193847656,0.0017881393432617188
1,750,7.5,7497.300803661346,7497.255355119705,7496.869713068008,7497.090846300125,0.002682209014892578,0.003129243850708008,0.002682209014892578,0.0
1,751,7.51,7497.304379940033,7497.256249189377,7496.873289346695,7497.093677520752,0.0035762786865234375,0.0008940696716308594,0.0035762786865234375,0.0028312206268310547
1,752,7.5200000000000005,7497.308552265167,7497.258931398392,7496.875077486038,7497.095167636871,0.004172325134277344,0.002682209014892578,0.0017881393432617188,0.0014901161193847656
1,753,7.53,7497.310489416122,7497.259825468063,7496.8792498111725,7497.096806764603,0.0019371509552001953,0.0008940696716308594,0.004172325134277344,0.0016391277313232422
1,754,7.54,7497.311532497406,7497.259974479675,7496.8840181827545,7497.102320194244,0.001043081283569336,0.00014901161193847656,0.00476837158203125,0.005513429641723633
1,755,7.55,7497.313022613525,7497.262507677078,7496.886998414993,7497.105449438095,0.0014901161193847656,0.0025331974029541016,0.0029802322387695312,0.003129243850708008
1,756,7.5600000000000005,7497.315406799316,7497.26340174675,7496.89057469368,7497.105896472931,0.002384185791015625,0.0008940696716308594,0.0035762786865234375,0.0004470348358154297
1,757,7.57,7497.314512729645,7497.263550758362,7496.895641088486,7497.113049030304,-0.0008940696716308594,0.00014901161193847656,0.005066394805908203,0.007152557373046875
1,758,7.58,7497.318089008331,7497.26802110672,7496.898323297501,7497.112900018692,0.0035762786865234375,0.004470348358154297,0.002682209014892578,-0.00014901161193847656
1,759,7.59,7497.316598892212,7497.266381978989,7496.90368771553,7497.117966413498,-0.0014901161193847656,-0.0016391277313232422,0.005364418029785156,0.005066394805908203
1,760,7.6000000000000005,7497.316300868988,7497.2692131996155,7496.908456087112,7497.121840715408,-0.0002980232238769531,0.0028312206268310547,0.00476837158203125,0.0038743019104003906
1,761,7.61,7497.316151857376,7497.266978025436,7496.913522481918,7497.130185365677,-0.00014901161193847656,-0.0022351741790771484,0.005066394805908203,0.008344650268554688
1,762,7.62,7497.314959764481,7497.270852327347,7496.9179928302765,7497.131377458572,-0.0011920928955078125,0.0038743019104003906,0.004470348358154297,0.0011920928955078125
1,763,7.63,7497.312873601913,7497.270405292511,7496.924847364426,7497.136741876602,-0.002086162567138672,-0.0004470348358154297,0.006854534149169922,0.005364418029785156
1,764,7.640000000000001,7497.310638427734,7497.27189540863,7496.929913759232,7497.1431493759155,-0.0022351741790771484,0.0014901161193847656,0.005066394805908203,0.006407499313354492
1,765,7.65,7497.308850288391,7497.273832559586,7496.935278177261,7497.14657664299,-0.0017881393432617188,0.0019371509552001953,0.005364418029785156,0.003427267074584961
1,766,7.66,7497.306913137436,7497.273087501526,7496.941238641739,7497.151643037796,-0.0019371509552001953,-0.0007450580596923828,0.0059604644775390625,0.005066394805908203
1,767,7.67,7497.304081916809,7497.275322675705,7496.946603059769,7497.158348560333,-0.0028312206268310547,0.0022351741790771484,0.005364418029785156,0.006705522537231445
1,768,7.68,7497.302293777466,7497.274577617645,7496.953159570694,7497.163414955139,-0.0017881393432617188,-0.0007450580596923828,0.006556510925292969,0.005066394805908203
1,769,7.69,7497.29722738266,7497.275769710541,7496.960014104843,7497.170716524124,-0.005066394805908203,0.0011920928955078125,0.006854534149169922,0.0073015689849853516
1,770,7.7,7497.296333312988,7497.276812791824,7496.965676546097,7497.174888849258,-0.0008940696716308594,0.001043081283569336,0.005662441253662109,0.004172325134277344
1,771,7.71,7497.290372848511,7497.278451919556,7496.97282910347,7497.180849313736,-0.0059604644775390625,0.0016391277313232422,0.007152557373046875,0.0059604644775390625
1,772,7.72,7497.2884356975555,7497.278153896332,7496.979385614395,7497.186660766602,-0.0019371509552001953,-0.0002980232238769531,0.006556510925292969,0.005811452865600586
1,773,7.73,7497.282177209854,7497.2787499427795,7496.987134218216,7497.194558382034,-0.006258487701416016,0.0005960464477539062,0.007748603820800781,0.007897615432739258
1,774,7.74,7497.279644012451,7497.279495000839,7496.993392705917,7497.200220823288,-0.0025331974029541016,0.0007450580596923828,0.006258487701416016,0.005662441253662109
1,775,7.75,7497.275024652481,7497.2788989543915,7497.001439332962,7497.207671403885,-0.0046193599700927734,-0.0005960464477539062,0.008046627044677734,0.007450580596923828
1,776,7.76,7497.271001338959,7497.280836105347,7497.007697820663,7497.213631868362,-0.004023313522338867,0.0019371509552001953,0.006258487701416016,0.0059604644775390625
1,777,7.7700000000000005,7497.265636920929,7497.281432151794,7497.01514840126,7497.219443321228,-0.005364418029785156,0.0005960464477539062,0.007450580596923828,0.005811452865600586
1,778,7.78,7497.261613607407,7497.281432151794,7497.02200293541,7497.227191925049,-0.004023313522338867,0.0,0.006854534149169922,0.007748603820800781
1,779,7.79,7497.257590293884,7497.282028198242,7497.030347585678,7497.232556343079,-0.004023313522338867,0.0005960464477539062,0.008344650268554688,0.005364418029785156
1,780,7.8,7497.251331806183,7497.28262424469,7497.038096189499,7497.241646051407,-0.006258487701416016,0.0005960464477539062,0.007748603820800781,0.00908970832824707
1,781,7.8100000000000005,7497.248351573944,7497.282028198242,7497.045248746872,7497.246712446213,-0.0029802322387695312,-0.0005960464477539062,0.007152557373046875,0.005066394805908203
1,782,7.82,7497.241944074631,7497.2836673259735,7497.053295373917,7497.252523899078,-0.006407499313354492,0.0016391277313232422,0.008046627044677734,0.005811452865600586
1,783,7.83,7497.2377717494965,7497.284710407257,7497.06044793129,7497.258335351944,-0.004172325134277344,0.001043081283569336,0.007152557373046875,0.005811452865600586
1,784,7.84,7497.23345041275,7497.285008430481,7497.067898511887,7497.265487909317,-0.00432133674621582,0.0002980232238769531,0.007450580596923828,0.007152557373046875
1,785,7.8500000000000005,7497.228682041168,7497.285306453705,7497.0753490924835,7497.27189540863,-0.00476837158203125,0.0002980232238769531,0.007450580596923828,0.006407499313354492
1,786,7.86,7497.223615646362,7497.285306453705,7497.083395719528,7497.279196977615,-0.005066394805908203,0.0,0.008046627044677734,0.0073015689849853516
1,787,7.87,7497.2184002399445,7497.2862005233765,7497.091144323349,7497.28336930275,-0.00521540641784668,0.0008940696716308594,0.007748603820800781,0.004172325134277344
1,788,7.88,7497.215270996094,7497.28798866272,7497.09889292717,7497.290521860123,-0.003129243850708008,0.0017881393432617188,0.007748603820800781,0.007152557373046875
1,789,7.890000000000001,7497.210502624512,7497.288882732391,7497.106343507767,7497.296184301376,-0.00476837158203125,0.0008940696716308594,0.007450580596923828,0.005662441253662109
1,790,7.9,7497.205436229706,7497.2885847091675,7497.113794088364,7497.304081916809,-0.005066394805908203,-0.0002980232238769531,0.007450580596923828,0.007897615432739258
1,791,7.91,7497.203052043915,7497.290223836899,7497.120350599289,7497.307509183884,-0.002384185791015625,0.0016391277313232422,0.006556510925292969,0.003427267074584961
1,792,7.92,7497.196346521378,7497.2909688949585,7497.129589319229,7497.313767671585,-0.006705522537231445,0.0007450580596923828,0.009238719940185547,0.006258487701416016
1,793,7.930000000000001,7497.194409370422,7497.289776802063,7497.1358478069305,7497.322112321854,-0.0019371509552001953,-0.0011920928955078125,0.006258487701416016,0.008344650268554688
1,794,7.94,7497.192025184631,7497.292160987854,7497.141808271408,7497.324198484421,-0.002384185791015625,0.002384185791015625,0.0059604644775390625,0.002086162567138672
1,795,7.95,7497.1868097782135,7497.292459011078,7497.149854898453,7497.331351041794,-0.00521540641784668,0.0002980232238769531,0.008046627044677734,0.007152557373046875
1,796,7.96,7497.184723615646,7497.292459011078,7497.15730547905,7497.335225343704,-0.002086162567138672,0.0,0.007450580596923828,0.0038743019104003906
1,797,7.97,7497.180998325348,7497.293651103973,7497.1650540828705,7497.343271970749,-0.003725290298461914,0.0011920928955078125,0.007748603820800781,0.008046627044677734
1,798,7.98,7497.179210186005,7497.296780347824,7497.170120477676,7497.345060110092,-0.0017881393432617188,0.003129243850708008,0.005066394805908203,0.0017881393432617188
1,799,7.99,7497.172951698303,7497.2957372665405,7497.179359197617,7497.3516166210175,-0.006258487701416016,-0.001043081283569336,0.009238719940185547,0.006556510925292969
1,800,8.0,7497.174143791199,7497.29797244072,7497.18502163887,7497.353404760361,0.0011920928955078125,0.0022351741790771484,0.005662441253662109,0.0017881393432617188
1,801,8.01,7497.169971466064,7497.296631336212,7497.1915781497955,7497.362047433853,-0.004172325134277344,-0.001341104507446289,0.006556510925292969,0.00864267349243164
1,802,8.02,7497.167736291885,7497.299611568451,7497.197836637497,7497.364580631256,-0.0022351741790771484,0.0029802322387695312,0.006258487701416016,0.0025331974029541016
1,803,8.03,7497.166246175766,7497.298568487167,7497.204691171646,7497.368901968002,-0.0014901161193847656,-0.001043081283569336,0.006854534149169922,0.00432133674621582
1,804,8.040000000000001,7497.164309024811,7497.301548719406,7497.210651636124,7497.371286153793,-0.0019371509552001953,0.0029802322387695312,0.0059604644775390625,0.002384185791015625
1,805,8.05,7497.163414955139,7497.302889823914,7497.217208147049,7497.375905513763,-0.0008940696716308594,0.001341104507446289,0.006556510925292969,0.0046193599700927734
1,806,8.06,7497.163116931915,7497.303187847137,7497.222572565079,7497.380822896957,-0.0002980232238769531,0.0002980232238769531,0.005364418029785156,0.0049173831939697266
1,807,8.07,7497.1626698970795,7497.304677963257,7497.228533029556,7497.382164001465,-0.0004470348358154297,0.0014901161193847656,0.0059604644775390625,0.001341104507446289
1,808,8.08,7497.161328792572,7497.3055720329285,7497.233599424362,7497.386485338211,-0.001341104507446289,0.0008940696716308594,0.005066394805908203,0.00432133674621582
1,809,8.09,7497.161626815796,7497.307062149048,7497.239857912064,7497.388124465942,0.0002980232238769531,0.0014901161193847656,0.006258487701416016,0.0016391277313232422
1,810,8.1,7497.161328792572,7497.306913137436,7497.245222330093,7497.391849756241,-0.0002980232238769531,-0.00014901161193847656,0.005364418029785156,0.003725290298461914
1,811,8.11,7497.16192483902,7497.309148311615,7497.249394655228,7497.393637895584,0.0005960464477539062,0.0022351741790771484,0.004172325134277344,0.0017881393432617188
1,812,8.120000000000001,7497.163116931915,7497.309893369675,7497.254461050034,7497.396618127823,0.0011920928955078125,0.0007450580596923828,0.005066394805908203,0.0029802322387695312
1,813,8.13,7497.163712978363,7497.313320636749,7497.258633375168,7497.396618127823,0.0005960464477539062,0.003427267074584961,0.004172325134277344,0.0
1,814,8.14,7497.164309024811,7497.313320636749,7497.265487909317,7497.400790452957,0.0005960464477539062,0.0,0.006854534149169922,0.004172325134277344
1,815,8.15,7497.16728925705,7497.316300868988,7497.267872095108,7497.3998963832855,0.0029802322387695312,0.0029802322387695312,0.002384185791015625,-0.0008940696716308594
1,816,8.16,7497.166693210602,7497.316300868988,7497.273236513138,7497.40406870842,-0.0005960464477539062,0.0,0.005364418029785156,0.004172325134277344
1,817,8.17,7497.170865535736,7497.318685054779,7497.275918722153,7497.402876615524,0.004172325134277344,0.002384185791015625,0.002682209014892578,-0.0011920928955078125
1,818,8.18,7497.1698224544525,7497.318536043167,7497.2812831401825,7497.407793998718,-0.001043081283569336,-0.00014901161193847656,0.005364418029785156,0.0049173831939697266
1,819,8.19,7497.173249721527,7497.321218252182,7497.284859418869,7497.4071979522705,0.003427267074584961,0.002682209014892578,0.0035762786865234375,-0.0005960464477539062
1,820,8.2,7497.176378965378,7497.321665287018,7497.288733720779,7497.408092021942,0.003129243850708008,0.0004470348358154297,0.0038743019104003906,0.0008940696716308594
1,821,8.21,7497.178316116333,7497.324347496033,7497.291713953018,7497.40794301033,0.0019371509552001953,0.002682209014892578,0.0029802322387695312,-0.00014901161193847656
1,822,8.22,7497.183233499527,7497.325092554092,7497.294396162033,7497.408092021942,0.0049173831939697266,0.0007450580596923828,0.002682209014892578,0.00014901161193847656
1,823,8.23,7497.183382511139,7497.327923774719,7497.2982704639435,7497.408092021942,0.00014901161193847656,0.0028312206268310547,0.0038743019104003906,0.0
1,824,8.24,7497.188895940781,7497.326731681824,7497.302144765854,7497.40943312645,0.005513429641723633,-0.0011920928955078125,0.0038743019104003906,0.001341104507446289
1,825,8.25,7497.192621231079,7497.33105301857,7497.302442789078,7497.411221265793,0.003725290298461914,0.00432133674621582,0.0002980232238769531,0.0017881393432617188
1,826,8.26,7497.19575047493,7497.331649065018,7497.30721116066,7497.409880161285,0.003129243850708008,0.0005960464477539062,0.00476837158203125,-0.001341104507446289
1,827,8.27,7497.2003698349,7497.333586215973,7497.308701276779,7497.410029172897,0.0046193599700927734,0.0019371509552001953,0.0014901161193847656,0.00014901161193847656
1,828,8.28,7497.20424413681,7497.334778308868,7497.313171625137,7497.408092021942,0.0038743019104003906,0.0011920928955078125,0.004470348358154297,-0.0019371509552001953
1,829,8.290000000000001,7497.20886349678,7497.336566448212,7497.313469648361,7497.40943312645,0.0046193599700927734,0.0017881393432617188,0.0002980232238769531,0.001341104507446289
1,830,8.3,7497.211694717407,7497.338801622391,7497.317045927048,7497.407644987106,0.0028312206268310547,0.0022351741790771484,0.0035762786865234375,-0.0017881393432617188
1,831,8.31,7497.217953205109,7497.340440750122,7497.3176419734955,7497.406750917435,0.006258487701416016,0.0016391277313232422,0.0005960464477539062,-0.0008940696716308594
1,832,8.32,7497.222572565079,7497.342824935913,7497.319132089615,7497.403770685196,0.0046193599700927734,0.002384185791015625,0.0014901161193847656,-0.0029802322387695312
1,833,8.33,7497.227340936661,7497.343719005585,7497.320920228958,7497.404962778091,0.00476837158203125,0.0008940696716308594,0.0017881393432617188,0.0011920928955078125
1,834,8.34,7497.232556343079,7497.343420982361,7497.323304414749,7497.404664754868,0.00521540641784668,-0.0002980232238769531,0.002384185791015625,-0.0002980232238769531
1,835,8.35,7497.237473726273,7497.347593307495,7497.323304414749,7497.402727603912,0.0049173831939697266,0.004172325134277344,0.0,-0.0019371509552001953
1,836,8.36,7497.242093086243,7497.347891330719,7497.325986623764,7497.401386499405,0.0046193599700927734,0.0002980232238769531,0.002682209014892578,-0.001341104507446289
1,837,8.370000000000001,7497.249245643616,7497.349679470062,7497.325092554092,7497.401684522629,0.007152557373046875,0.0017881393432617188,-0.0008940696716308594,0.0002980232238769531
1,838,8.38,7497.25267291069,7497.3516166210175,7497.328072786331,7497.398406267166,0.003427267074584961,0.0019371509552001953,0.0029802322387695312,-0.0032782554626464844
1,839,8.39,7497.260719537735,7497.353255748749,7497.327476739883,7497.397810220718,0.008046627044677734,0.0016391277313232422,-0.0005960464477539062,-0.0005960464477539062
1,840,8.4,7497.265189886093,7497.35489487648,7497.328966856003,7497.395426034927,0.004470348358154297,0.0016391277313232422,0.0014901161193847656,-0.002384185791015625
1,841,8.41,7497.271448373795,7497.356235980988,7497.328966856003,7497.393786907196,0.006258487701416016,0.001341104507446289,0.0,-0.0016391277313232422
1,842,8.42,7497.275769710541,7497.358024120331,7497.329860925674,7497.391551733017,0.00432133674621582,0.0017881393432617188,0.0008940696716308594,-0.0022351741790771484
1,843,8.43,7497.282028198242,7497.359067201614,7497.330456972122,7497.391551733017,0.006258487701416016,0.001043081283569336,0.0005960464477539062,0.0
1,844,8.44,7497.287094593048,7497.361898422241,7497.331351041794,7497.387528419495,0.005066394805908203,0.0028312206268310547,0.0008940696716308594,-0.004023313522338867
1,845,8.45,7497.292906045914,7497.362643480301,7497.331351041794,7497.387379407883,0.005811452865600586,0.0007450580596923828,0.0,-0.00014901161193847656
1,846,8.46,7497.299164533615,7497.364580631256,7497.331649065018,7497.386336326599,0.006258487701416016,0.0019371509552001953,0.0002980232238769531,-0.001043081283569336
1,847,8.47,7497.304677963257,7497.366219758987,7497.332245111465,7497.383952140808,0.005513429641723633,0.0016391277313232422,0.0005960464477539062,-0.002384185791015625
1,848,8.48,7497.311234474182,7497.368156909943,7497.330754995346,7497.380077838898,0.006556510925292969,0.0019371509552001953,-0.0014901161193847656,-0.0038743019104003906
1,849,8.49,7497.314512729645,7497.368603944778,7497.333139181137,7497.37948179245,0.0032782554626464844,0.0004470348358154297,0.002384185791015625,-0.0005960464477539062
1,850,8.5,7497.322857379913,7497.371137142181,7497.33105301857,7497.3781406879425,0.008344650268554688,0.0025331974029541016,-0.002086162567138672,-0.001341104507446289
1,851,8.51,7497.327029705048,7497.371137142181,7497.332543134689,7497.377693653107,0.004172325134277344,0.0,0.0014901161193847656,-0.0004470348358154297
1,852,8.52,7497.332692146301,7497.373074293137,7497.332543134689,7497.3757565021515,0.005662441253662109,0.0019371509552001953,0.0,-0.0019371509552001953
1,853,8.53,7497.338056564331,7497.375905513763,7497.331947088242,7497.372329235077,0.005364418029785156,0.0028312206268310547,-0.0005960464477539062,-0.003427267074584961
1,854,8.540000000000001,7497.343122959137,7497.376054525375,7497.332245111465,7497.372180223465,0.005066394805908203,0.00014901161193847656,0.0002980232238769531,-0.00014901161193847656
1,855,8.55,7497.3490834236145,7497.375905513763,7497.333139181137,7497.369647026062,0.0059604644775390625,-0.00014901161193847656,0.0008940696716308594,-0.0025331974029541016
1,856,8.56,7497.353404760361,7497.378587722778,7497.331351041794,7497.370094060898,0.00432133674621582,0.002682209014892578,-0.0017881393432617188,0.0004470348358154297
1,857,8.57,7497.3587691783905,7497.381418943405,7497.331649065018,7497.366368770599,0.005364418029785156,0.0028312206268310547,0.0002980232238769531,-0.003725290298461914
1,858,8.58,7497.363388538361,7497.381865978241,7497.33105301857,7497.364580631256,0.0046193599700927734,0.0004470348358154297,-0.0005960464477539062,-0.0017881393432617188
1,859,8.59,7497.366964817047,7497.382164001465,7497.333139181137,7497.364580631256,0.0035762786865234375,0.0002980232238769531,0.002086162567138672,0.0
1,860,8.6,7497.371882200241,7497.384250164032,7497.331351041794,7497.362345457077,0.0049173831939697266,0.002086162567138672,-0.0017881393432617188,-0.0022351741790771484
1,861,8.61,7497.377097606659,7497.38410115242,7497.331649065018,7497.362792491913,0.00521540641784668,-0.00014901161193847656,0.0002980232238769531,0.0004470348358154297
1,862,8.620000000000001,7497.381269931793,7497.386634349823,7497.33105301857,7497.360557317734,0.004172325134277344,0.0025331974029541016,-0.0005960464477539062,-0.0022351741790771484
1,863,8.63,7497.386932373047,7497.385740280151,7497.332245111465,7497.360557317734,0.005662441253662109,-0.0008940696716308594,0.0011920928955078125,0.0
1,864,8.64,7497.388571500778,7497.389018535614,7497.331649065018,7497.3587691783905,0.0016391277313232422,0.0032782554626464844,-0.0005960464477539062,-0.0017881393432617188
1,865,8.65,7497.394233942032,7497.387528419495,7497.332841157913,7497.3587691783905,0.005662441253662109,-0.0014901161193847656,0.0011920928955078125,0.0
1,866,8.66,7497.398257255554,7497.391104698181,7497.330754995346,7497.356086969376,0.004023313522338867,0.0035762786865234375,-0.002086162567138672,-0.002682209014892578
1,867,8.67,7497.400641441345,7497.3902106285095,7497.332841157913,7497.355043888092,0.002384185791015625,-0.0008940696716308594,0.002086162567138672,-0.001043081283569336
1,868,8.68,7497.403919696808,7497.393786907196,7497.331649065018,7497.354596853256,0.0032782554626464844,0.0035762786865234375,-0.0011920928955078125,-0.0004470348358154297
1,869,8.69,7497.4071979522705,7497.392296791077,7497.333437204361,7497.354298830032,0.0032782554626464844,-0.0014901161193847656,0.0017881393432617188,-0.0002980232238769531
1,870,8.700000000000001,7497.412264347076,7497.394680976868,7497.330456972122,7497.353106737137,0.005066394805908203,0.002384185791015625,-0.0029802322387695312,-0.0011920928955078125
1,871,8.71,7497.412264347076,7497.394382953644,7497.334033250809,7497.352957725525,0.0,-0.0002980232238769531,0.0035762786865234375,-0.00014901161193847656
1,872,8.72,7497.416734695435,7497.39482998848,7497.332841157913,7497.355192899704,0.004470348358154297,0.0004470348358154297,-0.0011920928955078125,0.0022351741790771484
1,873,8.73,7497.420310974121,7497.396022081375,7497.333437204361,7497.352808713913,0.0035762786865234375,0.0011920928955078125,0.0005960464477539062,-0.002384185791015625
1,874,8.74,7497.4218010902405,7497.396618127823,7497.332841157913,7497.354447841644,0.0014901161193847656,0.0005960464477539062,-0.0005960464477539062,0.0016391277313232422
1,875,8.75,7497.424930334091,7497.398406267166,7497.333735227585,7497.3514676094055,0.003129243850708008,0.0017881393432617188,0.0008940696716308594,-0.0029802322387695312
1,876,8.76,7497.426271438599,7497.3975121974945,7497.33492732048,7497.352510690689,0.001341104507446289,-0.0008940696716308594,0.0011920928955078125,0.001043081283569336
1,877,8.77,7497.4289536476135,7497.399747371674,7497.3346292972565,7497.353404760361,0.002682209014892578,0.0022351741790771484,-0.0002980232238769531,0.0008940696716308594
1,878,8.78,7497.430443763733,7497.400790452957,7497.335225343704,7497.3516166210175,0.0014901161193847656,0.001043081283569336,0.0005960464477539062,-0.0017881393432617188
1,879,8.790000000000001,7497.430443763733,7497.4000453948975,7497.337311506271,7497.3538517951965,0.0,-0.0007450580596923828,0.002086162567138672,0.0022351741790771484
1,880,8.8,7497.435510158539,7497.401982545853,7497.3346292972565,7497.353404760361,0.005066394805908203,0.0019371509552001953,-0.002682209014892578,-0.0004470348358154297
1,881,8.81,7497.4338710308075,7497.400939464569,7497.338205575943,7497.356235980988,-0.0016391277313232422,-0.001043081283569336,0.0035762786865234375,0.0028312206268310547
1,882,8.82,7497.437596321106,7497.401833534241,7497.337907552719,7497.35563993454,0.003725290298461914,0.0008940696716308594,-0.0002980232238769531,-0.0005960464477539062
1,883,8.83,7497.434616088867,7497.401535511017,7497.341185808182,7497.355043888092,-0.0029802322387695312,-0.0002980232238769531,0.0032782554626464844,-0.0005960464477539062
1,884,8.84,7497.437000274658,7497.403621673584,7497.339993715286,7497.357130050659,0.002384185791015625,0.002086162567138672,-0.0011920928955078125,0.002086162567138672
1,885,8.85,7497.437596321106,7497.4024295806885,7497.342973947525,7497.3587691783905,0.0005960464477539062,-0.0011920928955078125,0.0029802322387695312,0.0016391277313232422
1,886,8.86,7497.439831495285,7497.404515743256,7497.341185808182,7497.358024120331,0.0022351741790771484,0.002086162567138672,-0.0017881393432617188,-0.0007450580596923828
1,887,8.870000000000001,7497.438043355942,7497.40332365036,7497.344762086868,7497.3587691783905,-0.0017881393432617188,-0.0011920928955078125,0.0035762786865234375,0.0007450580596923828
1,888,8.88,7497.4387884140015,7497.403919696808,7497.34565615654,7497.362643480301,0.0007450580596923828,0.0005960464477539062,0.0008940696716308594,0.0038743019104003906
1,889,8.89,7497.439533472061,7497.40406870842,7497.346848249435,7497.361451387405,0.0007450580596923828,0.00014901161193847656,0.0011920928955078125,-0.0011920928955078125
1,890,8.9,7497.439086437225,7497.405409812927,7497.347444295883,7497.364282608032,-0.0004470348358154297,0.001341104507446289,0.0005960464477539062,0.0028312206268310547
1,891,8.91,7497.4386394023895,7497.404217720032,7497.351318597794,7497.363835573196,-0.0004470348358154297,-0.0011920928955078125,0.0038743019104003906,-0.0004470348358154297
1,892,8.92,7497.43789434433,7497.406005859375,7497.350722551346,7497.367858886719,-0.0007450580596923828,0.0017881393432617188,-0.0005960464477539062,0.004023313522338867
1,893,8.93,7497.437596321106,7497.405260801315,7497.353106737137,7497.366666793823,-0.0002980232238769531,-0.0007450580596923828,0.002384185791015625,-0.0011920928955078125
1,894,8.94,7497.435510158539,7497.405409812927,7497.354298830032,7497.36949801445,-0.002086162567138672,0.00014901161193847656,0.0011920928955078125,0.0028312206268310547
1,895,8.950000000000001,7497.437298297882,7497.406154870987,7497.355192899704,7497.370541095734,0.0017881393432617188,0.0007450580596923828,0.0008940696716308594,0.001043081283569336
1,896,8.96,7497.434020042419,7497.406899929047,7497.358471155167,7497.371584177017,-0.0032782554626464844,0.0007450580596923828,0.0032782554626464844,0.001043081283569336
1,897,8.97,7497.434616088867,7497.406601905823,7497.359365224838,7497.372776269913,0.0005960464477539062,-0.0002980232238769531,0.0008940696716308594,0.0011920928955078125
1,898,8.98,7497.434318065643,7497.406005859375,7497.359961271286,7497.376352548599,-0.0002980232238769531,-0.0005960464477539062,0.0005960464477539062,0.0035762786865234375
1,899,8.99,7497.432231903076,7497.407495975494,7497.3635375499725,7497.377246618271,-0.002086162567138672,0.0014901161193847656,0.0035762786865234375,0.0008940696716308594
1,900,9.0,7497.429847717285,7497.407644987106,7497.365027666092,7497.37873673439,-0.002384185791015625,0.00014901161193847656,0.0014901161193847656,0.0014901161193847656
1,901,9.01,7497.430443763733,7497.406154870987,7497.367113828659,7497.383505105972,0.0005960464477539062,-0.0014901161193847656,0.002086162567138672,0.00476837158203125
1,902,9.02,7497.42865562439,7497.407495975494,7497.369199991226,7497.3830580711365,-0.0017881393432617188,0.001341104507446289,0.002086162567138672,-0.0004470348358154297
1,903,9.03,7497.425675392151,7497.407793998718,7497.371286153793,7497.383803129196,-0.0029802322387695312,0.0002980232238769531,0.002086162567138672,0.0007450580596923828
1,904,9.040000000000001,7497.425675392151,7497.408092021942,7497.372180223465,7497.3878264427185,0.0,0.0002980232238769531,0.0008940696716308594,0.004023313522338867
1,905,9.05,7497.424483299255,7497.406899929047,7497.375160455704,7497.388422489166,-0.0011920928955078125,-0.0011920928955078125,0.0029802322387695312,0.0005960464477539062
1,906,9.06,7497.420012950897,7497.40794301033,7497.377246618271,7497.391253709793,-0.004470348358154297,0.001043081283569336,0.002086162567138672,0.0028312206268310547
1,907,9.07,7497.4216520786285,7497.407495975494,7497.37873673439,7497.3925948143005,0.0016391277313232422,-0.0004470348358154297,0.0014901161193847656,0.001341104507446289
1,908,9.08,7497.417330741882,7497.406005859375,7497.382611036301,7497.396767139435,-0.00432133674621582,-0.0014901161193847656,0.0038743019104003906,0.004172325134277344
1,909,9.09,7497.418820858002,7497.408539056778,7497.382313013077,7497.397214174271,0.0014901161193847656,0.0025331974029541016,-0.0002980232238769531,0.0004470348358154297
1,910,9.1,7497.414648532867,7497.408837080002,7497.384697198868,7497.397214174271,-0.004172325134277344,0.0002980232238769531,0.002384185791015625,0.0
1,911,9.11,7497.414350509644,7497.4071979522705,7497.387379407883,7497.400492429733,-0.0002980232238769531,-0.0016391277313232422,0.002682209014892578,0.0032782554626464844
1,912,9.120000000000001,7497.411519289017,7497.408390045166,7497.389763593674,7497.404366731644,-0.0028312206268310547,0.0011920928955078125,0.002384185791015625,0.0038743019104003906
1,913,9.13,7497.410923242569,7497.4071979522705,7497.391849756241,7497.40406870842,-0.0005960464477539062,-0.0011920928955078125,0.002086162567138672,-0.0002980232238769531
1,914,9.14,7497.40868806839,7497.408092021942,7497.394531965256,7497.406154870987,-0.0022351741790771484,0.0008940696716308594,0.002682209014892578,0.002086162567138672
1,915,9.15,7497.405707836151,7497.408986091614,7497.396618127823,7497.408092021942,-0.0029802322387695312,0.0008940696716308594,0.002086162567138672,0.0019371509552001953
1,916,9.16,7497.406750917435,7497.408390045166,7497.397810220718,7497.410625219345,0.001043081283569336,-0.0005960464477539062,0.0011920928955078125,0.0025331974029541016
1,917,9.17,7497.403174638748,7497.4071979522705,7497.3998963832855,7497.413605451584,-0.0035762786865234375,-0.0011920928955078125,0.002086162567138672,0.0029802322387695312
1,918,9.18,7497.401684522629,7497.407346963882,7497.403770685196,7497.417777776718,-0.0014901161193847656,0.00014901161193847656,0.0038743019104003906,0.004172325134277344
1,919,9.19,7497.400641441345,7497.409284114838,7497.404366731644,7497.415989637375,-0.001043081283569336,0.0019371509552001953,0.0005960464477539062,-0.0017881393432617188
1,920,9.200000000000001,7497.397810220718,7497.408092021942,7497.407644987106,7497.418075799942,-0.0028312206268310547,-0.0011920928955078125,0.0032782554626464844,0.002086162567138672
1,921,9.21,7497.398257255554,7497.408837080002,7497.408837080002,7497.420608997345,0.0004470348358154297,0.0007450580596923828,0.0011920928955078125,0.0025331974029541016
1,922,9.22,7497.396171092987,7497.4095821380615,7497.410029172897,7497.420758008957,-0.002086162567138672,0.0007450580596923828,0.0011920928955078125,0.00014901161193847656
1,923,9.23,7497.393488883972,7497.408390045166,7497.413605451584,7497.423887252808,-0.002682209014892578,-0.0011920928955078125,0.0035762786865234375,0.003129243850708008
1,924,9.24,7497.3925948143005,7497.408986091614,7497.4144995212555,7497.425824403763,-0.0008940696716308594,0.0005960464477539062,0.0008940696716308594,0.0019371509552001953
1,925,9.25,7497.391104698181,7497.409880161285,7497.416585683823,7497.426420450211,-0.0014901161193847656,0.0008940696716308594,0.002086162567138672,0.0005960464477539062
1,926,9.26,7497.389614582062,7497.4095821380615,7497.4192678928375,7497.427612543106,-0.0014901161193847656,-0.0002980232238769531,0.002682209014892578,0.0011920928955078125
1,927,9.27,7497.387230396271,7497.409135103226,7497.421950101852,7497.429400682449,-0.002384185791015625,-0.0004470348358154297,0.002682209014892578,0.0017881393432617188
1,928,9.28,7497.387677431107,7497.4097311496735,7497.4225461483,7497.430294752121,0.0004470348358154297,0.0005960464477539062,0.0005960464477539062,0.0008940696716308594
1,929,9.290000000000001,7497.385591268539,7497.408986091614,7497.424632310867,7497.434169054031,-0.002086162567138672,-0.0007450580596923828,0.002086162567138672,0.0038743019104003906
1,930,9.3,7497.386336326599,7497.410476207733,7497.424930334091,7497.4338710308075,0.0007450580596923828,0.0014901161193847656,0.0002980232238769531,-0.0002980232238769531
1,931,9.31,7497.3830580711365,7497.408390045166,7497.429698705673,7497.43640422821,-0.0032782554626464844,-0.002086162567138672,0.00476837158203125,0.0025331974029541016
1,932,9.32,7497.38484621048,7497.410923242569,7497.428208589554,7497.4362552165985,0.0017881393432617188,0.0025331974029541016,-0.0014901161193847656,-0.00014901161193847656
1,933,9.33,7497.382760047913,7497.410178184509,7497.43178486824,7497.43714928627,-0.002086162567138672,-0.0007450580596923828,0.0035762786865234375,0.0008940696716308594
1,934,9.34,7497.3830580711365,7497.410327196121,7497.432976961136,7497.439533472061,0.0002980232238769531,0.00014901161193847656,0.0011920928955078125,0.002384185791015625
1,935,9.35,7497.3806738853455,7497.410178184509,7497.4362552165985,7497.440427541733,-0.002384185791015625,-0.00014901161193847656,0.0032782554626464844,0.0008940696716308594
1,936,9.36,7497.381567955017,7497.410774230957,7497.435957193375,7497.440427541733,0.0008940696716308594,0.0005960464477539062,-0.0002980232238769531,0.0
1,937,9.370000000000001,7497.379928827286,7497.411221265793,7497.438341379166,7497.44176864624,-0.0016391277313232422,0.0004470348358154297,0.002384185791015625,0.001341104507446289
1,938,9.38,7497.37948179245,7497.411519289017,7497.439533472061,7497.444003820419,-0.0004470348358154297,0.0002980232238769531,0.0011920928955078125,0.0022351741790771484
1,939,9.39,7497.381269931793,7497.412264347076,7497.439533472061,7497.442811727524,0.0017881393432617188,0.0007450580596923828,0.0,-0.0011920928955078125
1,940,9.4,7497.378438711166,7497.413158416748,7497.442215681076,7497.4410235881805,-0.0028312206268310547,0.0008940696716308594,0.002682209014892578,-0.0017881393432617188
1,941,9.41,7497.378587722778,7497.4125623703,7497.443705797195,7497.444897890091,0.00014901161193847656,-0.0005960464477539062,0.0014901161193847656,0.0038743019104003906
1,942,9.42,7497.380971908569,7497.4119663238525,7497.443407773972,7497.445493936539,0.002384185791015625,-0.0005960464477539062,-0.0002980232238769531,0.0005960464477539062
1,943,9.43,7497.379779815674,7497.4121153354645,7497.445493936539,7497.447282075882,-0.0011920928955078125,0.00014901161193847656,0.002086162567138672,0.0017881393432617188
1,944,9.44,7497.378438711166,7497.413754463196,7497.447282075882,7497.444897890091,-0.001341104507446289,0.0016391277313232422,0.0017881393432617188,-0.002384185791015625
1,945,9.450000000000001,7497.380077838898,7497.413605451584,7497.447282075882,7497.446089982986,0.0016391277313232422,-0.00014901161193847656,0.0,0.0011920928955078125
1,946,9.46,7497.380077838898,7497.413456439972,7497.449070215225,7497.446238994598,0.0,-0.00014901161193847656,0.0017881393432617188,0.00014901161193847656
1,947,9.47,7497.38022685051,7497.413754463196,7497.448772192001,7497.446686029434,0.00014901161193847656,0.0002980232238769531,-0.0002980232238769531,0.0004470348358154297
1,948,9.48,7497.381567955017,7497.415244579315,7497.450262308121,7497.445493936539,0.001341104507446289,0.0014901161193847656,0.0014901161193847656,-0.0011920928955078125
1,949,9.49,7497.380971908569,7497.4144995212555,7497.451454401016,7497.447580099106,-0.0005960464477539062,-0.0007450580596923828,0.0011920928955078125,0.002086162567138672
1,950,9.5,7497.382462024689,7497.414648532867,7497.451454401016,7497.4459409713745,0.0014901161193847656,0.00014901161193847656,0.0,-0.0016391277313232422
1,951,9.51,7497.3830580711365,7497.414946556091,7497.452646493912,7497.44713306427,0.0005960464477539062,0.0002980232238769531,0.0011920928955078125,0.0011920928955078125
1,952,9.52,7497.3830580711365,7497.415095567703,7497.452646493912,7497.44787812233,0.0,0.00014901161193847656,0.0,0.0007450580596923828
1,953,9.53,7497.384250164032,7497.415840625763,7497.454732656479,7497.446089982986,0.0011920928955078125,0.0007450580596923828,0.002086162567138672,-0.0017881393432617188
1,954,9.540000000000001,7497.385144233704,7497.415244579315,7497.453838586807,7497.449070215225,0.0008940696716308594,-0.0005960464477539062,-0.0008940696716308594,0.0029802322387695312
1,955,9.55,7497.386038303375,7497.418373823166,7497.454434633255,7497.446089982986,0.0008940696716308594,0.003129243850708008,0.0005960464477539062,-0.0029802322387695312
1,956,9.56,7497.386932373047,7497.416734695435,7497.4556267261505,7497.445493936539,0.0008940696716308594,-0.0016391277313232422,0.0011920928955078125,-0.0005960464477539062
1,957,9.57,7497.389316558838,7497.41718173027,7497.454732656479,7497.446089982986,0.002384185791015625,0.0004470348358154297,-0.0008940696716308594,0.0005960464477539062
1,958,9.58,7497.389912605286,7497.417330741882,7497.454732656479,7497.446686029434,0.0005960464477539062,0.00014901161193847656,0.0,0.0005960464477539062
1,959,9.59,7497.3902106285095,7497.419118881226,7497.455328702927,7497.443705797195,0.0002980232238769531,0.0017881393432617188,0.0005960464477539062,-0.0029802322387695312
1,960,9.6,7497.391402721405,7497.418224811554,7497.4556267261505,7497.445493936539,0.0011920928955078125,-0.0008940696716308594,0.0002980232238769531,0.0017881393432617188
1,961,9.61,7497.394680976868,7497.418820858002,7497.455030679703,7497.444450855255,0.0032782554626464844,0.0005960464477539062,-0.0005960464477539062,-0.001043081283569336
1,962,9.620000000000001,7497.394680976868,7497.419863939285,7497.456222772598,7497.442215681076,0.0,0.001043081283569336,0.0011920928955078125,-0.0022351741790771484
1,963,9.63,7497.397065162659,7497.41792678833,7497.4556267261505,7497.443407773972,0.002384185791015625,-0.0019371509552001953,-0.0005960464477539062,0.0011920928955078125
1,964,9.64,7497.398108243942,7497.420310974121,7497.4556267261505,7497.441917657852,0.001043081283569336,0.002384185791015625,0.0,-0.0014901161193847656
1,965,9.65,7497.398853302002,7497.419565916061,7497.456222772598,7497.4411725997925,0.0007450580596923828,-0.0007450580596923828,0.0005960464477539062,-0.0007450580596923828
1,966,9.66,7497.401237487793,7497.419863939285,7497.4556267261505,7497.4411725997925,0.002384185791015625,0.0002980232238769531,-0.0005960464477539062,0.0
1,967,9.67,7497.403025627136,7497.421503067017,7497.454434633255,7497.437447309494,0.0017881393432617188,0.0016391277313232422,-0.0011920928955078125,-0.003725290298461914
1,968,9.68,7497.4024295806885,7497.420459985733,7497.456222772598,7497.439384460449,-0.0005960464477539062,-0.001043081283569336,0.0017881393432617188,0.0019371509552001953
1,969,9.69,7497.405707836151,7497.420608997345,7497.4556267261505,7497.439235448837,0.0032782554626464844,0.00014901161193847656,-0.0005960464477539062,-0.00014901161193847656
1,970,9.700000000000001,7497.406303882599,7497.4225461483,7497.455030679703,7497.435957193375,0.0005960464477539062,0.0019371509552001953,-0.0005960464477539062,-0.0032782554626464844
1,971,9.71,7497.409284114838,7497.420161962509,7497.4556267261505,7497.436851263046,0.0029802322387695312,-0.002384185791015625,0.0005960464477539062,0.0008940696716308594
1,972,9.72,7497.4095821380615,7497.423887252808,7497.453540563583,7497.434467077255,0.0002980232238769531,0.003725290298461914,-0.002086162567138672,-0.002384185791015625
1,973,9.73,7497.4119663238525,7497.421503067017,7497.4556267261505,7497.434020042419,0.002384185791015625,-0.002384185791015625,0.002086162567138672,-0.0004470348358154297
1,974,9.74,7497.4144995212555,7497.423887252808,7497.452646493912,7497.4338710308075,0.0025331974029541016,0.002384185791015625,-0.0029802322387695312,-0.00014901161193847656
1,975,9.75,7497.41405248642,7497.422248125076,7497.454136610031,7497.432678937912,-0.0004470348358154297,-0.0016391277313232422,0.0014901161193847656,-0.0011920928955078125
1,976,9.76,7497.416734695435,7497.4218010902405,7497.452646493912,7497.43640422821,0.002682209014892578,-0.0004470348358154297,-0.0014901161193847656,0.003725290298461914
1,977,9.77,7497.41867184639,7497.4241852760315,7497.452348470688,7497.430294752121,0.0019371509552001953,0.002384185791015625,-0.0002980232238769531,-0.006109476089477539
1,978,9.78,7497.418522834778,7497.422993183136,7497.452646493912,7497.432082891464,-0.00014901161193847656,-0.0011920928955078125,0.0002980232238769531,0.0017881393432617188
1,979,9.790000000000001,7497.422844171524,7497.424781322479,7497.4508583545685,7497.430294752121,0.00432133674621582,0.0017881393432617188,-0.0017881393432617188,-0.0017881393432617188
1,980,9.8,7497.422248125076,7497.4241852760315,7497.4508583545685,7497.428506612778,-0.0005960464477539062,-0.0005960464477539062,0.0,-0.0017881393432617188
1,981,9.81,7497.424781322479,7497.425675392151,7497.449666261673,7497.428208589554,0.0025331974029541016,0.0014901161193847656,-0.0011920928955078125,-0.0002980232238769531
1,982,9.82,7497.424483299255,7497.423887252808,7497.451454401016,7497.428208589554,-0.0002980232238769531,-0.0017881393432617188,0.0017881393432617188,0.0
1,983,9.83,7497.427761554718,7497.426867485046,7497.448176145554,7497.424334287643,0.0032782554626464844,0.0029802322387695312,-0.0032782554626464844,-0.0038743019104003906
1,984,9.84,7497.42865562439,7497.424483299255,7497.450262308121,7497.426718473434,0.0008940696716308594,-0.002384185791015625,0.002086162567138672,0.002384185791015625
1,985,9.85,7497.431039810181,7497.426271438599,7497.44787812233,7497.424930334091,0.002384185791015625,0.0017881393432617188,-0.002384185791015625,-0.0017881393432617188
1,986,9.86,7497.432231903076,7497.425079345703,7497.449070215225,7497.4241852760315,0.0011920928955078125,-0.0011920928955078125,0.0011920928955078125,-0.0007450580596923828
1,987,9.870000000000001,7497.433423995972,7497.425377368927,7497.447282075882,7497.425079345703,0.0011920928955078125,0.0002980232238769531,-0.0017881393432617188,0.0008940696716308594
1,988,9.88,7497.433423995972,7497.426271438599,7497.44787812233,7497.421056032181,0.0,0.0008940696716308594,0.0005960464477539062,-0.004023313522338867
1,989,9.89,7497.435659170151,7497.426420450211,7497.446686029434,7497.423142194748,0.0022351741790771484,0.00014901161193847656,-0.0011920928955078125,0.002086162567138672
1,990,9.9,7497.437000274658,7497.425973415375,7497.446686029434,7497.422248125076,0.001341104507446289,-0.0004470348358154297,0.0,-0.0008940696716308594
1,991,9.91,7497.438341379166,7497.426420450211,7497.445493936539,7497.4218010902405,0.001341104507446289,0.0004470348358154297,-0.0011920928955078125,-0.0004470348358154297
1,992,9.92,7497.439384460449,7497.427016496658,7497.445493936539,7497.419565916061,0.001043081283569336,0.0005960464477539062,0.0,-0.0022351741790771484
1,993,9.93,7497.440725564957,7497.426867485046,7497.444301843643,7497.420459985733,0.001341104507446289,-0.00014901161193847656,-0.0011920928955078125,0.0008940696716308594
1,994,9.94,7497.441470623016,7497.427761554718,7497.444301843643,7497.419863939285,0.0007450580596923828,0.0008940696716308594,0.0,-0.0005960464477539062
1,995,9.950000000000001,7497.44325876236,7497.427463531494,7497.443109750748,7497.41867184639,0.0017881393432617188,-0.0002980232238769531,-0.0011920928955078125,-0.0011920928955078125
1,996,9.96,7497.44325876236,7497.427761554718,7497.443109750748,7497.418224811554,0.0,0.0002980232238769531,0.0,-0.0004470348358154297
1,997,9.97,7497.445493936539,7497.42791056633,7497.4425137043,7497.41718173027,0.0022351741790771484,0.00014901161193847656,-0.0005960464477539062,-0.001043081283569336
1,998,9.98,7497.445642948151,7497.427612543106,7497.441619634628,7497.418075799942,0.00014901161193847656,-0.0002980232238769531,-0.0008940696716308594,0.0008940696716308594
1,999,9.99,7497.448027133942,7497.4291026592255,7497.440129518509,7497.416436672211,0.002384185791015625,0.0014901161193847656,-0.0014901161193847656,-0.0016391277313232422
1,1000,10.0,7497.44713306427,7497.42716550827,7497.441917657852,7497.416585683823,-0.0008940696716308594,-0.0019371509552001953,0.0017881393432617188,0.00014901161193847656
1,1001,10.01,7497.446984052658,7497.428208589554,7497.440129518509,7497.41718173027,-0.00014901161193847656,0.001043081283569336,-0.0017881393432617188,0.0005960464477539062
1,1002,10.02,7497.449219226837,7497.428506612778,7497.440427541733,7497.414797544479,0.0022351741790771484,0.0002980232238769531,0.0002980232238769531,-0.002384185791015625
1,1003,10.03,7497.448921203613,7497.4289536476135,7497.439831495285,7497.4144995212555,-0.0002980232238769531,0.0004470348358154297,-0.0005960464477539062,-0.0002980232238769531
1,1004,10.040000000000001,7497.452050447464,7497.428208589554,7497.4386394023895,7497.415244579315,0.003129243850708008,-0.0007450580596923828,-0.0011920928955078125,0.0007450580596923828
1,1005,10.05,7497.4507093429565,7497.42865562439,7497.4386394023895,7497.414797544479,-0.001341104507446289,0.0004470348358154297,0.0,-0.0004470348358154297
1,1006,10.06,7497.450113296509,7497.42716550827,7497.439533472061,7497.416436672211,-0.0005960464477539062,-0.0014901161193847656,0.0008940696716308594,0.0016391277313232422
1,1007,10.07,7497.452199459076,7497.4291026592255,7497.438043355942,7497.415691614151,0.002086162567138672,0.0019371509552001953,-0.0014901161193847656,-0.0007450580596923828
1,1008,10.08,7497.450262308121,7497.428357601166,7497.438341379166,7497.4144995212555,-0.0019371509552001953,-0.0007450580596923828,0.0002980232238769531,-0.0011920928955078125
1,1009,10.09,7497.451603412628,7497.429847717285,7497.437745332718,7497.413158416748,0.001341104507446289,0.0014901161193847656,-0.0005960464477539062,-0.001341104507446289
1,1010,10.1,7497.452646493912,7497.429549694061,7497.43714928627,7497.412413358688,0.001043081283569336,-0.0002980232238769531,-0.0005960464477539062,-0.0007450580596923828
1,1011,10.11,7497.451305389404,7497.4291026592255,7497.438043355942,7497.413903474808,-0.001341104507446289,-0.0004470348358154297,0.0008940696716308594,0.0014901161193847656
1,1012,10.120000000000001,7497.453689575195,7497.427761554718,7497.437447309494,7497.416734695435,0.002384185791015625,-0.001341104507446289,-0.0005960464477539062,0.0028312206268310547
1,1013,10.13,7497.452795505524,7497.4289536476135,7497.436851263046,7497.413605451584,-0.0008940696716308594,0.0011920928955078125,-0.0005960464477539062,-0.003129243850708008
1,1014,10.14,7497.452795505524,7497.428357601166,7497.436851263046,7497.414201498032,0.0,-0.0005960464477539062,0.0,0.0005960464477539062
1,1015,10.15,7497.452199459076,7497.429549694061,7497.437447309494,7497.4144995212555,-0.0005960464477539062,0.0011920928955078125,0.0005960464477539062,0.0002980232238769531
1,1016,10.16,7497.4524974823,7497.428357601166,7497.435659170151,7497.414201498032,0.0002980232238769531,-0.0011920928955078125,-0.0017881393432617188,-0.0002980232238769531
1,1017,10.17,7497.45100736618,7497.429549694061,7497.437745332718,7497.4144995212555,-0.0014901161193847656,0.0011920928955078125,0.002086162567138672,0.0002980232238769531
1,1018,10.18,7497.449964284897,7497.428506612778,7497.438043355942,7497.415989637375,-0.001043081283569336,-0.001043081283569336,0.0002980232238769531,0.0014901161193847656
1,1019,10.19,7497.45100736618,7497.425973415375,7497.438341379166,7497.416734695435,0.001043081283569336,-0.0025331974029541016,0.0002980232238769531,0.0007450580596923828
1,1020,10.200000000000001,7497.451603412628,7497.42865562439,7497.436553239822,7497.417032718658,0.0005960464477539062,0.002682209014892578,-0.0017881393432617188,0.0002980232238769531
1,1021,10.21,7497.450113296509,7497.427463531494,7497.437447309494,7497.416287660599,-0.0014901161193847656,-0.0011920928955078125,0.0008940696716308594,-0.0007450580596923828
1,1022,10.22,7497.451603412628,7497.429251670837,7497.436553239822,7497.416287660599,0.0014901161193847656,0.0017881393432617188,-0.0008940696716308594,0.0
1,1023,10.23,7497.449368238449,7497.42865562439,7497.436553239822,7497.415542602539,-0.0022351741790771484,-0.0005960464477539062,0.0,-0.0007450580596923828
1,1024,10.24,7497.448921203613,7497.428208589554,7497.437745332718,7497.416138648987,-0.0004470348358154297,-0.0004470348358154297,0.0011920928955078125,0.0005960464477539062
1,1025,10.25,7497.448623180389,7497.428059577942,7497.436851263046,7497.417032718658,-0.0002980232238769531,-0.00014901161193847656,-0.0008940696716308594,0.0008940696716308594
1,1026,10.26,7497.448921203613,7497.426867485046,7497.436851263046,7497.417479753494,0.0002980232238769531,-0.0011920928955078125,0.0,0.0004470348358154297
1,1027,10.27,7497.447282075882,7497.427761554718,7497.437447309494,7497.419118881226,-0.0016391277313232422,0.0008940696716308594,0.0005960464477539062,0.0016391277313232422
1,1028,10.28,7497.447282075882,7497.427612543106,7497.437447309494,7497.418075799942,0.0,-0.00014901161193847656,0.0,-0.001043081283569336
1,1029,10.290000000000001,7497.446537017822,7497.42791056633,7497.438043355942,7497.418969869614,-0.0007450580596923828,0.0002980232238769531,0.0005960464477539062,0.0008940696716308594
1,1030,10.3,7497.445046901703,7497.427761554718,7497.437745332718,7497.420161962509,-0.0014901161193847656,-0.00014901161193847656,-0.0002980232238769531,0.0011920928955078125
1,1031,10.31,7497.445493936539,7497.42716550827,7497.43714928627,7497.420459985733,0.0004470348358154297,-0.0005960464477539062,-0.0005960464477539062,0.0002980232238769531
1,1032,10.32,7497.4435567855835,7497.427761554718,7497.438937425613,7497.420459985733,-0.0019371509552001953,0.0005960464477539062,0.0017881393432617188,0.0
1,1033,10.33,7497.444450855255,7497.427612543106,7497.4386394023895,7497.420459985733,0.0008940696716308594,-0.00014901161193847656,-0.0002980232238769531,0.0
1,1034,10.34,7497.443109750748,7497.427612543106,7497.437745332718,7497.419714927673,-0.001341104507446289,0.0,-0.0008940696716308594,-0.0007450580596923828
1,1035,10.35,7497.443407773972,7497.425079345703,7497.4386394023895,7497.422844171524,0.0002980232238769531,-0.0025331974029541016,0.0008940696716308594,0.003129243850708008
1,1036,10.36,7497.442066669464,7497.426122426987,7497.4386394023895,7497.423440217972,-0.001341104507446289,0.001043081283569336,0.0,0.0005960464477539062
1,1037,10.370000000000001,7497.441917657852,7497.42791056633,7497.4386394023895,7497.421056032181,-0.00014901161193847656,0.0017881393432617188,0.0,-0.002384185791015625
1,1038,10.38,7497.439533472061,7497.42716550827,7497.440725564957,7497.421503067017,-0.002384185791015625,-0.0007450580596923828,0.002086162567138672,0.0004470348358154297
1,1039,10.39,7497.439384460449,7497.426718473434,7497.439533472061,7497.423142194748,-0.00014901161193847656,-0.0004470348358154297,-0.0011920928955078125,0.0016391277313232422
1,1040,10.4,7497.438341379166,7497.425973415375,7497.440725564957,7497.4241852760315,-0.001043081283569336,-0.0007450580596923828,0.0011920928955078125,0.001043081283569336
1,1041,10.41,7497.437298297882,7497.425079345703,7497.441321611404,7497.425526380539,-0.001043081283569336,-0.0008940696716308594,0.0005960464477539062,0.001341104507446289
1,1042,10.42,7497.438192367554,7497.425675392151,7497.439533472061,7497.424632310867,0.0008940696716308594,0.0005960464477539062,-0.0017881393432617188,-0.0008940696716308594
1,1043,10.43,7497.434616088867,7497.425079345703,7497.4425137043,7497.424930334091,-0.0035762786865234375,-0.0005960464477539062,0.0029802322387695312,0.0002980232238769531
1,1044,10.44,7497.434467077255,7497.427314519882,7497.441321611404,7497.425228357315,-0.00014901161193847656,0.0022351741790771484,-0.0011920928955078125,0.0002980232238769531
1,1045,10.450000000000001,7497.434914112091,7497.425824403763,7497.4410235881805,7497.425377368927,0.0004470348358154297,-0.0014901161193847656,-0.0002980232238769531,0.00014901161193847656
1,1046,10.46,7497.433722019196,7497.425675392151,7497.4425137043,7497.42791056633,-0.0011920928955078125,-0.00014901161193847656,0.0014901161193847656,0.0025331974029541016
1,1047,10.47,7497.431933879852,7497.425526380539,7497.443109750748,7497.42791056633,-0.0017881393432617188,-0.00014901161193847656,0.0005960464477539062,0.0
1,1048,10.48,7497.4325299263,7497.425377368927,7497.4425137043,7497.427016496658,0.0005960464477539062,-0.00014901161193847656,-0.0005960464477539062,-0.0008940696716308594
1,1049,10.49,7497.430741786957,7497.424483299255,7497.443109750748,7497.4291026592255,-0.0017881393432617188,-0.0008940696716308594,0.0005960464477539062,0.002086162567138672
1,1050,10.5,7497.429549694061,7497.425079345703,7497.443705797195,7497.427612543106,-0.0011920928955078125,0.0005960464477539062,0.0005960464477539062,-0.0014901161193847656
1,1051,10.51,7497.430443763733,7497.422993183136,7497.4425137043,7497.43178486824,0.0008940696716308594,-0.002086162567138672,-0.0011920928955078125,0.004172325134277344
1,1052,10.52,7497.429549694061,7497.425079345703,7497.444301843643,7497.428208589554,-0.0008940696716308594,0.002086162567138672,0.0017881393432617188,-0.0035762786865234375
1,1053,10.53,7497.42865562439,7497.424930334091,7497.443109750748,7497.430741786957,-0.0008940696716308594,-0.00014901161193847656,-0.0011920928955078125,0.0025331974029541016
1,1054,10.540000000000001,7497.428506612778,7497.424930334091,7497.444301843643,7497.429400682449,-0.00014901161193847656,0.0,0.0011920928955078125,-0.001341104507446289
1,1055,10.55,7497.425079345703,7497.424930334091,7497.445791959763,7497.431933879852,-0.003427267074584961,0.0,0.0014901161193847656,0.0025331974029541016
1,1056,10.56,7497.427761554718,7497.424930334091,7497.444897890091,7497.430294752121,0.002682209014892578,0.0,-0.0008940696716308594,-0.0016391277313232422
1,1057,10.57,7497.424334287643,7497.424334287643,7497.445791959763,7497.432678937912,-0.003427267074584961,-0.0005960464477539062,0.0008940696716308594,0.002384185791015625
1,1058,10.58,7497.425377368927,7497.423589229584,7497.445493936539,7497.432082891464,0.001043081283569336,-0.0007450580596923828,-0.0002980232238769531,-0.0005960464477539062
1,1059,10.59,7497.423142194748,7497.423589229584,7497.447282075882,7497.432082891464,-0.0022351741790771484,0.0,0.0017881393432617188,0.0
1,1060,10.6,7497.425377368927,7497.423440217972,7497.444897890091,7497.432678937912,0.0022351741790771484,-0.00014901161193847656,-0.002384185791015625,0.0005960464477539062
1,1061,10.61,7497.4218010902405,7497.423887252808,7497.44787812233,7497.432827949524,-0.0035762786865234375,0.0004470348358154297,0.0029802322387695312,0.00014901161193847656
1,1062,10.620000000000001,7497.423589229584,7497.423440217972,7497.445493936539,7497.43178486824,0.0017881393432617188,-0.0004470348358154297,-0.002384185791015625,-0.001043081283569336
1,1063,10.63,7497.422397136688,7497.422695159912,7497.446089982986,7497.434914112091,-0.0011920928955078125,-0.0007450580596923828,0.0005960464477539062,0.003129243850708008
1,1064,10.64,7497.422248125076,7497.425228357315,7497.446686029434,7497.431188821793,-0.00014901161193847656,0.0025331974029541016,0.0005960464477539062,-0.003725290298461914
1,1065,10.65,7497.420012950897,7497.422695159912,7497.447580099106,7497.435957193375,-0.0022351741790771484,-0.0025331974029541016,0.0008940696716308594,0.00476837158203125
1,1066,10.66,7497.4216520786285,7497.424781322479,7497.446686029434,7497.432082891464,0.0016391277313232422,0.002086162567138672,-0.0008940696716308594,-0.0038743019104003906
1,1067,10.67,7497.419714927673,7497.4218010902405,7497.4484741687775,7497.434765100479,-0.0019371509552001953,-0.0029802322387695312,0.0017881393432617188,0.002682209014892578
1,1068,10.68,7497.420310974121,7497.424483299255,7497.447580099106,7497.4338710308075,0.0005960464477539062,0.002682209014892578,-0.0008940696716308594,-0.0008940696716308594
1,1069,10.69,7497.419714927673,7497.422248125076,7497.448176145554,7497.434169054031,-0.0005960464477539062,-0.0022351741790771484,0.0005960464477539062,0.0002980232238769531
1,1070,10.700000000000001,7497.419565916061,7497.423142194748,7497.447580099106,7497.434765100479,-0.00014901161193847656,0.0008940696716308594,-0.0005960464477539062,0.0005960464477539062
1,1071,10.71,7497.418969869614,7497.422099113464,7497.448772192001,7497.435510158539,-0.0005960464477539062,-0.001043081283569336,0.0011920928955078125,0.0007450580596923828
1,1072,10.72,7497.418522834778,7497.423589229584,7497.447580099106,7497.434020042419,-0.0004470348358154297,0.0014901161193847656,-0.0011920928955078125,-0.0014901161193847656
1,1073,10.73,7497.420608997345,7497.423440217972,7497.447282075882,7497.432678937912,0.002086162567138672,-0.00014901161193847656,-0.0002980232238769531,-0.001341104507446289
1,1074,10.74,7497.418522834778,7497.42329120636,7497.44787812233,7497.433125972748,-0.002086162567138672,-0.00014901161193847656,0.0005960464477539062,0.0004470348358154297
1,1075,10.75,7497.4194169044495,7497.422844171524,7497.447282075882,7497.434765100479,0.0008940696716308594,-0.0004470348358154297,-0.0005960464477539062,0.0016391277313232422
1,1076,10.76,7497.41792678833,7497.423589229584,7497.449070215225,7497.434169054031,-0.0014901161193847656,0.0007450580596923828,0.0017881393432617188,-0.0005960464477539062
1,1077,10.77,7497.4194169044495,7497.42329120636,7497.447282075882,7497.432678937912,0.0014901161193847656,-0.0002980232238769531,-0.0017881393432617188,-0.0014901161193847656
1,1078,10.78,7497.417777776718,7497.423142194748,7497.4484741687775,7497.434169054031,-0.0016391277313232422,-0.00014901161193847656,0.0011920928955078125,0.0014901161193847656
1,1079,10.790000000000001,7497.4194169044495,7497.4218010902405,7497.447282075882,7497.434467077255,0.0016391277313232422,-0.001341104507446289,-0.0011920928955078125,0.0002980232238769531
1,1080,10.8,7497.4168837070465,7497.423589229584,7497.449070215225,7497.433722019196,-0.0025331974029541016,0.0017881393432617188,0.0017881393432617188,-0.0007450580596923828
1,1081,10.81,7497.418373823166,7497.422248125076,7497.447282075882,7497.434169054031,0.0014901161193847656,-0.001341104507446289,-0.0017881393432617188,0.0004470348358154297
1,1082,10.82,7497.41867184639,7497.4218010902405,7497.448772192001,7497.434467077255,0.0002980232238769531,-0.0004470348358154297,0.0014901161193847656,0.0002980232238769531
1,1083,10.83,7497.418224811554,7497.423142194748,7497.44638800621,7497.433423995972,-0.0004470348358154297,0.001341104507446289,-0.002384185791015625,-0.001043081283569336
1,1084,10.84,7497.41792678833,7497.422844171524,7497.448772192001,7497.433125972748,-0.0002980232238769531,-0.0002980232238769531,0.002384185791015625,-0.0002980232238769531
1,1085,10.85,7497.419118881226,7497.42329120636,7497.446686029434,7497.433573007584,0.0011920928955078125,0.0004470348358154297,-0.002086162567138672,0.0004470348358154297
1,1086,10.86,7497.417628765106,7497.423142194748,7497.4484741687775,7497.432231903076,-0.0014901161193847656,-0.00014901161193847656,0.0017881393432617188,-0.001341104507446289
1,1087,10.870000000000001,7497.420161962509,7497.4218010902405,7497.44638800621,7497.43327498436,0.0025331974029541016,-0.001341104507446289,-0.002086162567138672,0.001043081283569336
1,1088,10.88,7497.418224811554,7497.423589229584,7497.447580099106,7497.432082891464,-0.0019371509552001953,0.0017881393432617188,0.0011920928955078125,-0.0011920928955078125
1,1089,10.89,7497.418373823166,7497.422695159912,7497.44787812233,7497.431188821793,0.00014901161193847656,-0.0008940696716308594,0.0002980232238769531,-0.0008940696716308594
1,1090,10.9,7497.419118881226,7497.422844171524,7497.44638800621,7497.4314868450165,0.0007450580596923828,0.00014901161193847656,-0.0014901161193847656,0.0002980232238769531
1,1091,10.91,7497.419565916061,7497.422397136688,7497.446686029434,7497.43178486824,0.0004470348358154297,-0.0004470348358154297,0.0002980232238769531,0.0002980232238769531
1,1092,10.92,7497.421205043793,7497.42329120636,7497.444599866867,7497.429400682449,0.0016391277313232422,0.0008940696716308594,-0.002086162567138672,-0.002384185791015625
1,1093,10.93,7497.419118881226,7497.422844171524,7497.446686029434,7497.430443763733,-0.002086162567138672,-0.0004470348358154297,0.002086162567138672,0.001043081283569336
1,1094,10.94,7497.420459985733,7497.4218010902405,7497.445493936539,7497.43178486824,0.001341104507446289,-0.001043081283569336,-0.0011920928955078125,0.001341104507446289
1,1095,10.950000000000001,7497.421503067017,7497.422099113464,7497.444897890091,7497.428208589554,0.001043081283569336,0.0002980232238769531,-0.0005960464477539062,-0.0035762786865234375
1,1096,10.96,7497.420012950897,7497.42329120636,7497.446089982986,7497.4291026592255,-0.0014901161193847656,0.0011920928955078125,0.0011920928955078125,0.0008940696716308594
1,1097,10.97,7497.422099113464,7497.422099113464,7497.444599866867,7497.429400682449,0.002086162567138672,-0.0011920928955078125,-0.0014901161193847656,0.0002980232238769531
1,1098,10.98,7497.421205043793,7497.422695159912,7497.444003820419,7497.428506612778,-0.0008940696716308594,0.0005960464477539062,-0.0005960464477539062,-0.0008940696716308594
1,1099,10.99,7497.421950101852,7497.422397136688,7497.443705797195,7497.429698705673,0.0007450580596923828,-0.0002980232238769531,-0.0002980232238769531,0.0011920928955078125
1,1100,11.0,7497.422099113464,7497.423589229584,7497.443109750748,7497.428208589554,0.00014901161193847656,0.0011920928955078125,-0.0005960464477539062,-0.0014901161193847656
1,1101,11.01,7497.422397136688,7497.422695159912,7497.442811727524,7497.426867485046,0.0002980232238769531,-0.0008940696716308594,-0.0002980232238769531,-0.001341104507446289
1,1102,11.02,7497.42329120636,7497.422099113464,7497.443705797195,7497.428804636002,0.0008940696716308594,-0.0005960464477539062,0.0008940696716308594,0.0019371509552001953
1,1103,11.03,7497.423589229584,7497.42329120636,7497.442811727524,7497.426122426987,0.0002980232238769531,0.0011920928955078125,-0.0008940696716308594,-0.002682209014892578
1,1104,11.040000000000001,7497.423589229584,7497.422993183136,7497.441917657852,7497.426122426987,0.0,-0.0002980232238769531,-0.0008940696716308594,0.0
1,1105,11.05,7497.423887252808,7497.422397136688,7497.442215681076,7497.428208589554,0.0002980232238769531,-0.0005960464477539062,0.0002980232238769531,0.002086162567138672
1,1106,11.06,7497.422993183136,7497.4225461483,7497.442215681076,7497.426718473434,-0.0008940696716308594,0.00014901161193847656,0.0,-0.0014901161193847656
1,1107,11.07,7497.423440217972,7497.422695159912,7497.441917657852,7497.425675392151,0.0004470348358154297,0.00014901161193847656,-0.0002980232238769531,-0.001043081283569336
1,1108,11.08,7497.425228357315,7497.421503067017,7497.439831495285,7497.426867485046,0.0017881393432617188,-0.0011920928955078125,-0.002086162567138672,0.0011920928955078125
1,1109,11.09,7497.425675392151,7497.422993183136,7497.439831495285,7497.425526380539,0.0004470348358154297,0.0014901161193847656,0.0,-0.001341104507446289
1,1110,11.1,7497.425526380539,7497.423440217972,7497.440427541733,7497.423142194748,-0.00014901161193847656,0.0004470348358154297,0.0005960464477539062,-0.002384185791015625
1,1111,11.11,7497.425824403763,7497.4218010902405,7497.439533472061,7497.425377368927,0.0002980232238769531,-0.0016391277313232422,-0.0008940696716308594,0.0022351741790771484
1,1112,11.120000000000001,7497.425377368927,7497.422099113464,7497.439831495285,7497.423440217972,-0.0004470348358154297,0.0002980232238769531,0.0002980232238769531,-0.0019371509552001953
1,1113,11.13,7497.42716550827,7497.423142194748,7497.438937425613,7497.422993183136,0.0017881393432617188,0.001043081283569336,-0.0008940696716308594,-0.0004470348358154297
1,1114,11.14,7497.428506612778,7497.423589229584,7497.437447309494,7497.422248125076,0.001341104507446289,0.0004470348358154297,-0.0014901161193847656,-0.0007450580596923828
1,1115,11.15,7497.42716550827,7497.422397136688,7497.438043355942,7497.4216520786285,-0.001341104507446289,-0.0011920928955078125,0.0005960464477539062,-0.0005960464477539062
1,1116,11.16,7497.428357601166,7497.4225461483,7497.43714928627,7497.4216520786285,0.0011920928955078125,0.00014901161193847656,-0.0008940696716308594,0.0
1,1117,11.17,7497.427612543106,7497.422993183136,7497.437745332718,7497.419565916061,-0.0007450580596923828,0.0004470348358154297,0.0005960464477539062,-0.002086162567138672
1,1118,11.18,7497.42865562439,7497.421503067017,7497.436553239822,7497.422844171524,0.001043081283569336,-0.0014901161193847656,-0.0011920928955078125,0.0032782554626464844
1,1119,11.19,7497.42865562439,7497.4225461483,7497.4362552165985,7497.42329120636,0.0,0.001043081283569336,-0.0002980232238769531,0.0004470348358154297
1,1120,11.200000000000001,7497.42865562439,7497.422397136688,7497.43714928627,7497.419565916061,0.0,-0.00014901161193847656,0.0008940696716308594,-0.003725290298461914
1,1121,11.21,7497.4289536476135,7497.422248125076,7497.435063123703,7497.421354055405,0.0002980232238769531,-0.00014901161193847656,-0.002086162567138672,0.0017881393432617188
1,1122,11.22,7497.42865562439,7497.422844171524,7497.435361146927,7497.419565916061,-0.0002980232238769531,0.0005960464477539062,0.0002980232238769531,-0.0017881393432617188
1,1123,11.23,7497.430443763733,7497.422099113464,7497.435063123703,7497.421205043793,0.0017881393432617188,-0.0007450580596923828,-0.0002980232238769531,0.0016391277313232422
1,1124,11.24,7497.429400682449,7497.421950101852,7497.435361146927,7497.4216520786285,-0.001043081283569336,-0.00014901161193847656,0.0002980232238769531,0.0004470348358154297
1,1125,11.25,7497.4291026592255,7497.422993183136,7497.434467077255,7497.419565916061,-0.0002980232238769531,0.001043081283569336,-0.0008940696716308594,-0.002086162567138672
1,1126,11.26,7497.430741786957,7497.422844171524,7497.434169054031,7497.418969869614,0.0016391277313232422,-0.00014901161193847656,-0.0002980232238769531,-0.0005960464477539062
1,1127,11.27,7497.429847717285,7497.422248125076,7497.4338710308075,7497.4192678928375,-0.0008940696716308594,-0.0005960464477539062,-0.0002980232238769531,0.0002980232238769531
1,1128,11.28,7497.430741786957,7497.422248125076,7497.432976961136,7497.417479753494,0.0008940696716308594,0.0,-0.0008940696716308594,-0.0017881393432617188
1,1129,11.290000000000001,7497.4313378334045,7497.420608997345,7497.432380914688,7497.420758008957,0.0005960464477539062,-0.0016391277313232422,-0.0005960464477539062,0.0032782554626464844
1,1130,11.3,7497.4314868450165,7497.422248125076,7497.43178486824,7497.418075799942,0.00014901161193847656,0.0016391277313232422,-0.0005960464477539062,-0.002682209014892578
1,1131,11.31,7497.431039810181,7497.422844171524,7497.432976961136,7497.417777776718,-0.0004470348358154297,0.0005960464477539062,0.0011920928955078125,-0.0002980232238769531
1,1132,11.32,7497.430741786957,7497.423142194748,7497.43178486824,7497.418224811554,-0.0002980232238769531,0.0002980232238769531,-0.0011920928955078125,0.0004470348358154297
1,1133,11.33,7497.430592775345,7497.423142194748,7497.43178486824,7497.415989637375,-0.00014901161193847656,0.0,0.0,-0.0022351741790771484
1,1134,11.34,7497.432231903076,7497.420758008957,7497.430890798569,7497.418969869614,0.0016391277313232422,-0.002384185791015625,-0.0008940696716308594,0.0029802322387695312
1,1135,11.35,7497.432231903076,7497.422099113464,7497.430890798569,7497.4168837070465,0.0,0.001341104507446289,0.0,-0.002086162567138672
1,1136,11.36,7497.431635856628,7497.421950101852,7497.429698705673,7497.417479753494,-0.0005960464477539062,-0.00014901161193847656,-0.0011920928955078125,0.0005960464477539062
1,1137,11.370000000000001,7497.432082891464,7497.4216520786285,7497.429996728897,7497.416287660599,0.0004470348358154297,-0.0002980232238769531,0.0002980232238769531,-0.0011920928955078125
1,1138,11.38,7497.432380914688,7497.422099113464,7497.429400682449,7497.416287660599,0.0002980232238769531,0.0004470348358154297,-0.0005960464477539062,0.0
1,1139,11.39,7497.431635856628,7497.421205043793,7497.429698705673,7497.416436672211,-0.0007450580596923828,-0.0008940696716308594,0.0002980232238769531,0.00014901161193847656
1,1140,11.4,7497.431933879852,7497.422099113464,7497.428804636002,7497.416287660599,0.0002980232238769531,0.0008940696716308594,-0.0008940696716308594,-0.00014901161193847656
1,1141,11.41,7497.432827949524,7497.420758008957,7497.428208589554,7497.417032718658,0.0008940696716308594,-0.001341104507446289,-0.0005960464477539062,0.0007450580596923828
1,1142,11.42,7497.432231903076,7497.421503067017,7497.428506612778,7497.415989637375,-0.0005960464477539062,0.0007450580596923828,0.0002980232238769531,-0.001043081283569336
1,1143,11.43,7497.43178486824,7497.421205043793,7497.42791056633,7497.417330741882,-0.0004470348358154297,-0.0002980232238769531,-0.0005960464477539062,0.001341104507446289
1,1144,11.44,7497.431933879852,7497.422248125076,7497.42791056633,7497.413903474808,0.00014901161193847656,0.001043081283569336,0.0,-0.003427267074584961
1,1145,11.450000000000001,7497.4313378334045,7497.421503067017,7497.427314519882,7497.415095567703,-0.0005960464477539062,-0.0007450580596923828,-0.0005960464477539062,0.0011920928955078125
1,1146,11.46,7497.431039810181,7497.421354055405,7497.427612543106,7497.415691614151,-0.0002980232238769531,-0.00014901161193847656,0.0002980232238769531,0.0005960464477539062
1,1147,11.47,7497.431933879852,7497.421205043793,7497.426718473434,7497.4144995212555,0.0008940696716308594,-0.00014901161193847656,-0.0008940696716308594,-0.0011920928955078125
1,1148,11.48,7497.430145740509,7497.420012950897,7497.428208589554,7497.416287660599,-0.0017881393432617188,-0.0011920928955078125,0.0014901161193847656,0.0017881393432617188
1,1149,11.49,7497.4313378334045,7497.420907020569,7497.426718473434,7497.415393590927,0.0011920928955078125,0.0008940696716308594,-0.0014901161193847656,-0.0008940696716308594
1,1150,11.5,7497.430443763733,7497.420907020569,7497.426420450211,7497.416436672211,-0.0008940696716308594,0.0,-0.0002980232238769531,0.001043081283569336
1,1151,11.51,7497.430741786957,7497.420608997345,7497.426420450211,7497.415989637375,0.0002980232238769531,-0.0002980232238769531,0.0,-0.0004470348358154297
1,1152,11.52,7497.430592775345,7497.420012950897,7497.426420450211,7497.416436672211,-0.00014901161193847656,-0.0005960464477539062,0.0,0.0004470348358154297
1,1153,11.53,7497.429847717285,7497.421950101852,7497.426122426987,7497.4144995212555,-0.0007450580596923828,0.0019371509552001953,-0.0002980232238769531,-0.0019371509552001953
1,1154,11.540000000000001,7497.429549694061,7497.419714927673,7497.426718473434,7497.415840625763,-0.0002980232238769531,-0.0022351741790771484,0.0005960464477539062,0.001341104507446289
1,1155,11.55,7497.429251670837,7497.420459985733,7497.425824403763,7497.415840625763,-0.0002980232238769531,0.0007450580596923828,-0.0008940696716308594,0.0
1,1156,11.56,7497.428357601166,7497.421205043793,7497.426420450211,7497.414797544479,-0.0008940696716308594,0.0007450580596923828,0.0005960464477539062,-0.001043081283569336
1,1157,11.57,7497.428059577942,7497.420758008957,7497.425228357315,7497.415691614151,-0.0002980232238769531,-0.0004470348358154297,-0.0011920928955078125,0.0008940696716308594
1,1158,11.58,7497.430294752121,7497.4194169044495,7497.424930334091,7497.41718173027,0.0022351741790771484,-0.001341104507446289,-0.0002980232238769531,0.0014901161193847656
1,1159,11.59,7497.427761554718,7497.420608997345,7497.425824403763,7497.416287660599,-0.0025331974029541016,0.0011920928955078125,0.0008940696716308594,-0.0008940696716308594
1,1160,11.6,7497.42865562439,7497.420310974121,7497.425824403763,7497.415989637375,0.0008940696716308594,-0.0002980232238769531,0.0,-0.0002980232238769531
1,1161,11.61,7497.428059577942,7497.41867184639,7497.425228357315,7497.417777776718,-0.0005960464477539062,-0.0016391277313232422,-0.0005960464477539062,0.0017881393432617188
1,1162,11.620000000000001,7497.426122426987,7497.420012950897,7497.425526380539,7497.418075799942,-0.0019371509552001953,0.001341104507446289,0.0002980232238769531,0.0002980232238769531
1,1163,11.63,7497.427463531494,7497.419118881226,7497.426122426987,7497.417330741882,0.001341104507446289,-0.0008940696716308594,0.0005960464477539062,-0.0007450580596923828
1,1164,11.64,7497.425973415375,7497.419714927673,7497.425824403763,7497.41792678833,-0.0014901161193847656,0.0005960464477539062,-0.0002980232238769531,0.0005960464477539062
1,1165,11.65,7497.426867485046,7497.419118881226,7497.425228357315,7497.417032718658,0.0008940696716308594,-0.0005960464477539062,-0.0005960464477539062,-0.0008940696716308594
1,1166,11.66,7497.425526380539,7497.418075799942,7497.425824403763,7497.420161962509,-0.001341104507446289,-0.001043081283569336,0.0005960464477539062,0.003129243850708008
1,1167,11.67,7497.426271438599,7497.419118881226,7497.425824403763,7497.41718173027,0.0007450580596923828,0.001043081283569336,0.0,-0.0029802322387695312
1,1168,11.68,7497.4265694618225,7497.419118881226,7497.424632310867,7497.41718173027,0.0002980232238769531,0.0,-0.0011920928955078125,0.0
1,1169,11.69,7497.425228357315,7497.420161962509,7497.424334287643,7497.414797544479,-0.001341104507446289,0.001043081283569336,-0.0002980232238769531,-0.002384185791015625
1,1170,11.700000000000001,7497.424781322479,7497.41867184639,7497.42403626442,7497.417479753494,-0.0004470348358154297,-0.0014901161193847656,-0.0002980232238769531,0.002682209014892578
1,1171,11.71,7497.423589229584,7497.419863939285,7497.425228357315,7497.416585683823,-0.0011920928955078125,0.0011920928955078125,0.0011920928955078125,-0.0008940696716308594
1,1172,11.72,7497.4241852760315,7497.41867184639,7497.424930334091,7497.41792678833,0.0005960464477539062,-0.0011920928955078125,-0.0002980232238769531,0.001341104507446289
1,1173,11.73,7497.423887252808,7497.418224811554,7497.424632310867,7497.418373823166,-0.0002980232238769531,-0.0004470348358154297,-0.0002980232238769531,0.0004470348358154297
1,1174,11.74,7497.423589229584,7497.41792678833,7497.424632310867,7497.418969869614,-0.0002980232238769531,-0.0002980232238769531,0.0,0.0005960464477539062
1,1175,11.75,7497.422844171524,7497.417777776718,7497.424930334091,7497.420161962509,-0.0007450580596923828,-0.00014901161193847656,0.0002980232238769531,0.0011920928955078125
1,1176,11.76,7497.422397136688,7497.418820858002,7497.425228357315,7497.418075799942,-0.0004470348358154297,0.001043081283569336,0.0002980232238769531,-0.002086162567138672
1,1177,11.77,7497.422099113464,7497.417032718658,7497.425824403763,7497.419565916061,-0.0002980232238769531,-0.0017881393432617188,0.0005960464477539062,0.0014901161193847656
1,1178,11.78,7497.420310974121,7497.418075799942,7497.425228357315,7497.418075799942,-0.0017881393432617188,0.001043081283569336,-0.0005960464477539062,-0.0014901161193847656
1,1179,11.790000000000001,7497.421503067017,7497.4194169044495,7497.424334287643,7497.415691614151,0.0011920928955078125,0.001341104507446289,-0.0008940696716308594,-0.002384185791015625
1,1180,11.8,7497.420758008957,7497.417032718658,7497.425228357315,7497.418969869614,-0.0007450580596923828,-0.002384185791015625,0.0008940696716308594,0.0032782554626464844
1,1181,11.81,7497.420608997345,7497.418075799942,7497.424930334091,7497.418969869614,-0.00014901161193847656,0.001043081283569336,-0.0002980232238769531,0.0
1,1182,11.82,7497.420608997345,7497.417628765106,7497.425228357315,7497.418969869614,0.0,-0.0004470348358154297,0.0002980232238769531,0.0
1,1183,11.83,7497.41867184639,7497.418820858002,7497.425824403763,7497.418224811554,-0.0019371509552001953,0.0011920928955078125,0.0005960464477539062,-0.0007450580596923828
1,1184,11.84,7497.418522834778,7497.417628765106,7497.425824403763,7497.420161962509,-0.00014901161193847656,-0.0011920928955078125,0.0,0.0019371509552001953
1,1185,11.85,7497.41867184639,7497.417628765106,7497.425228357315,7497.419863939285,0.00014901161193847656,0.0,-0.0005960464477539062,-0.0002980232238769531
1,1186,11.86,7497.418522834778,7497.415393590927,7497.425228357315,7497.421056032181,-0.00014901161193847656,-0.0022351741790771484,0.0,0.0011920928955078125
1,1187,11.870000000000001,7497.41867184639,7497.418373823166,7497.42403626442,7497.418373823166,0.00014901161193847656,0.0029802322387695312,-0.0011920928955078125,-0.002682209014892578
1,1188,11.88,7497.418820858002,7497.417479753494,7497.424632310867,7497.418373823166,0.00014901161193847656,-0.0008940696716308594,0.0005960464477539062,0.0
1,1189,11.89,7497.417777776718,7497.416287660599,7497.425824403763,7497.420012950897,-0.001043081283569336,-0.0011920928955078125,0.0011920928955078125,0.0016391277313232422
1,1190,11.9,7497.417032718658,7497.417628765106,7497.425228357315,7497.419863939285,-0.0007450580596923828,0.001341104507446289,-0.0005960464477539062,-0.00014901161193847656
1,1191,11.91,7497.417032718658,7497.4168837070465,7497.425228357315,7497.420758008957,0.0,-0.0007450580596923828,0.0,0.0008940696716308594
1,1192,11.92,7497.417330741882,7497.416287660599,7497.424930334091,7497.419565916061,0.0002980232238769531,-0.0005960464477539062,-0.0002980232238769531,-0.0011920928955078125
1,1193,11.93,7497.418522834778,7497.417032718658,7497.424334287643,7497.41867184639,0.0011920928955078125,0.0007450580596923828,-0.0005960464477539062,-0.0008940696716308594
1,1194,11.94,7497.416585683823,7497.4168837070465,7497.424930334091,7497.418820858002,-0.0019371509552001953,-0.00014901161193847656,0.0005960464477539062,0.00014901161193847656
1,1195,11.950000000000001,7497.416585683823,7497.417032718658,7497.425228357315,7497.4192678928375,0.0,0.00014901161193847656,0.0002980232238769531,0.0004470348358154297
1,1196,11.96,7497.416436672211,7497.416734695435,7497.425228357315,7497.420459985733,-0.00014901161193847656,-0.0002980232238769531,0.0,0.0011920928955078125
1,1197,11.97,7497.415542602539,7497.416436672211,7497.425526380539,7497.420161962509,-0.0008940696716308594,-0.0002980232238769531,0.0002980232238769531,-0.0002980232238769531
1,1198,11.98,7497.415840625763,7497.415989637375,7497.424632310867,7497.420161962509,0.0002980232238769531,-0.0004470348358154297,-0.0008940696716308594,0.0
1,1199,11.99,7497.41718173027,7497.4168837070465,7497.423738241196,7497.418820858002,0.001341104507446289,0.0008940696716308594,-0.0008940696716308594,-0.001341104507446289
1,1200,12.0,7497.415542602539,7497.416585683823,7497.424632310867,7497.4192678928375,-0.0016391277313232422,-0.0002980232238769531,0.0008940696716308594,0.0004470348358154297
1,1201,12.01,7497.416734695435,7497.417032718658,7497.423440217972,7497.419863939285,0.0011920928955078125,0.0004470348358154297,-0.0011920928955078125,0.0005960464477539062
1,1202,12.02,7497.414946556091,7497.416734695435,7497.424930334091,7497.420012950897,-0.0017881393432617188,-0.0002980232238769531,0.0014901161193847656,0.00014901161193847656
1,1203,12.030000000000001,7497.414946556091,7497.41718173027,7497.425228357315,7497.419863939285,0.0,0.0004470348358154297,0.0002980232238769531,-0.00014901161193847656
1,1204,12.040000000000001,7497.415244579315,7497.415095567703,7497.424334287643,7497.421354055405,0.0002980232238769531,-0.002086162567138672,-0.0008940696716308594,0.0014901161193847656
1,1205,12.05,7497.415244579315,7497.417330741882,7497.423440217972,7497.419565916061,0.0,0.0022351741790771484,-0.0008940696716308594,-0.0017881393432617188
1,1206,12.06,7497.414648532867,7497.416436672211,7497.424334287643,7497.4192678928375,-0.0005960464477539062,-0.0008940696716308594,0.0008940696716308594,-0.0002980232238769531
1,1207,12.07,7497.415244579315,7497.417032718658,7497.424632310867,7497.418969869614,0.0005960464477539062,0.0005960464477539062,0.0002980232238769531,-0.0002980232238769531
1,1208,12.08,7497.413456439972,7497.415840625763,7497.424632310867,7497.421056032181,-0.0017881393432617188,-0.0011920928955078125,0.0,0.002086162567138672
1,1209,12.09,7497.413456439972,7497.415989637375,7497.424632310867,7497.41867184639,0.0,0.00014901161193847656,0.0,-0.002384185791015625
1,1210,12.1,7497.415840625763,7497.414648532867,7497.423738241196,7497.4192678928375,0.002384185791015625,-0.001341104507446289,-0.0008940696716308594,0.0005960464477539062
1,1211,12.11,7497.415244579315,7497.416734695435,7497.422844171524,7497.417777776718,-0.0005960464477539062,0.002086162567138672,-0.0008940696716308594,-0.0014901161193847656
1,1212,12.120000000000001,7497.414946556091,7497.416436672211,7497.423440217972,7497.417777776718,-0.0002980232238769531,-0.0002980232238769531,0.0005960464477539062,0.0
1,1213,12.13,7497.41330742836,7497.416585683823,7497.42403626442,7497.418969869614,-0.0016391277313232422,0.00014901161193847656,0.0005960464477539062,0.0011920928955078125
1,1214,12.14,7497.414648532867,7497.414946556091,7497.422844171524,7497.419118881226,0.001341104507446289,-0.0016391277313232422,-0.0011920928955078125,0.00014901161193847656
1,1215,12.15,7497.413754463196,7497.415989637375,7497.42403626442,7497.418373823166,-0.0008940696716308594,0.001043081283569336,0.0011920928955078125,-0.0007450580596923828
1,1216,12.16,7497.414350509644,7497.4144995212555,7497.423738241196,7497.419863939285,0.0005960464477539062,-0.0014901161193847656,-0.0002980232238769531,0.0014901161193847656
1,1217,12.17,7497.414350509644,7497.416287660599,7497.423440217972,7497.418820858002,0.0,0.0017881393432617188,-0.0002980232238769531,-0.001043081283569336
1,1218,12.18,7497.415095567703,7497.416287660599,7497.422844171524,7497.41792678833,0.0007450580596923828,0.0,-0.0005960464477539062,-0.0008940696716308594
1,1219,12.19,7497.414648532867,7497.415840625763,7497.423440217972,7497.4192678928375,-0.0004470348358154297,-0.0004470348358154297,0.0005960464477539062,0.001341104507446289
1,1220,12.200000000000001,7497.413754463196,7497.415691614151,7497.423142194748,7497.417628765106,-0.0008940696716308594,-0.00014901161193847656,-0.0002980232238769531,-0.0016391277313232422
1,1221,12.21,7497.414350509644,7497.416436672211,7497.422248125076,7497.416585683823,0.0005960464477539062,0.0007450580596923828,-0.0008940696716308594,-0.001043081283569336
1,1222,12.22,7497.414201498032,7497.415095567703,7497.423440217972,7497.417479753494,-0.00014901161193847656,-0.001341104507446289,0.0011920928955078125,0.0008940696716308594
1,1223,12.23,7497.416436672211,7497.413754463196,7497.422248125076,7497.4194169044495,0.0022351741790771484,-0.001341104507446289,-0.0011920928955078125,0.0019371509552001953
1,1224,12.24,7497.414648532867,7497.416436672211,7497.422248125076,7497.418075799942,-0.0017881393432617188,0.002682209014892578,0.0,-0.001341104507446289
1,1225,12.25,7497.415095567703,7497.4144995212555,7497.4225461483,7497.41718173027,0.0004470348358154297,-0.0019371509552001953,0.0002980232238769531,-0.0008940696716308594
1,1226,12.26,7497.414201498032,7497.415244579315,7497.422844171524,7497.41792678833,-0.0008940696716308594,0.0007450580596923828,0.0002980232238769531,0.0007450580596923828
1,1227,12.27,7497.415542602539,7497.415840625763,7497.420758008957,7497.41792678833,0.001341104507446289,0.0005960464477539062,-0.002086162567138672,0.0
1,1228,12.280000000000001,7497.415244579315,7497.415840625763,7497.422248125076,7497.416585683823,-0.0002980232238769531,0.0,0.0014901161193847656,-0.001341104507446289
1,1229,12.290000000000001,7497.415542602539,7497.416287660599,7497.421056032181,7497.416585683823,0.0002980232238769531,0.0004470348358154297,-0.0011920928955078125,0.0
1,1230,12.3,7497.414648532867,7497.415095567703,7497.4216520786285,7497.41718173027,-0.0008940696716308594,-0.0011920928955078125,0.0005960464477539062,0.0005960464477539062
1,1231,12.31,7497.416585683823,7497.414946556091,7497.419863939285,7497.417330741882,0.0019371509552001953,-0.00014901161193847656,-0.0017881393432617188,0.00014901161193847656
1,1232,12.32,7497.415542602539,7497.414946556091,7497.420758008957,7497.417777776718,-0.001043081283569336,0.0,0.0008940696716308594,0.0004470348358154297
1,1233,12.33,7497.415244579315,7497.415542602539,7497.421056032181,7497.416138648987,-0.0002980232238769531,0.0005960464477539062,0.0002980232238769531,-0.0016391277313232422
1,1234,12.34,7497.415095567703,7497.415542602539,7497.421056032181,7497.4168837070465,-0.00014901161193847656,0.0,0.0,0.0007450580596923828
1,1235,12.35,7497.415542602539,7497.415840625763,7497.420459985733,7497.4144995212555,0.0004470348358154297,0.0002980232238769531,-0.0005960464477539062,-0.002384185791015625
1,1236,12.36,7497.416585683823,7497.414648532867,7497.420161962509,7497.415691614151,0.001043081283569336,-0.0011920928955078125,-0.0002980232238769531,0.0011920928955078125
1,1237,12.370000000000001,7497.415244579315,7497.414797544479,7497.420459985733,7497.416436672211,-0.001341104507446289,0.00014901161193847656,0.0002980232238769531,0.0007450580596923828
1,1238,12.38,7497.414648532867,7497.414797544479,7497.420758008957,7497.416585683823,-0.0005960464477539062,0.0,0.0002980232238769531,0.00014901161193847656
1,1239,12.39,7497.415542602539,7497.415095567703,7497.420758008957,7497.415393590927,0.0008940696716308594,0.0002980232238769531,0.0,-0.0011920928955078125
1,1240,12.4,7497.4168837070465,7497.4144995212555,7497.419565916061,7497.414946556091,0.001341104507446289,-0.0005960464477539062,-0.0011920928955078125,-0.0004470348358154297
1,1241,12.41,7497.415840625763,7497.413903474808,7497.419863939285,7497.417479753494,-0.001043081283569336,-0.0005960464477539062,0.0002980232238769531,0.0025331974029541016
1,1242,12.42,7497.4168837070465,7497.414350509644,7497.419565916061,7497.416287660599,0.001043081283569336,0.0004470348358154297,-0.0002980232238769531,-0.0011920928955078125
1,1243,12.43,7497.416734695435,7497.414350509644,7497.4192678928375,7497.416287660599,-0.00014901161193847656,0.0,-0.0002980232238769531,0.0
1,1244,12.44,7497.417479753494,7497.416734695435,7497.417777776718,7497.414350509644,0.0007450580596923828,0.002384185791015625,-0.0014901161193847656,-0.0019371509552001953
1,1245,12.450000000000001,7497.416287660599,7497.415244579315,7497.41867184639,7497.41330742836,-0.0011920928955078125,-0.0014901161193847656,0.0008940696716308594,-0.001043081283569336
1,1246,12.46,7497.417777776718,7497.415542602539,7497.418075799942,7497.412413358688,0.0014901161193847656,0.0002980232238769531,-0.0005960464477539062,-0.0008940696716308594
1,1247,12.47,7497.415989637375,7497.415691614151,7497.418075799942,7497.41405248642,-0.0017881393432617188,0.00014901161193847656,0.0,0.0016391277313232422
1,1248,12.48,7497.417330741882,7497.414946556091,7497.418075799942,7497.414797544479,0.001341104507446289,-0.0007450580596923828,0.0,0.0007450580596923828
1,1249,12.49,7497.417330741882,7497.414350509644,7497.418075799942,7497.415393590927,0.0,-0.0005960464477539062,0.0,0.0005960464477539062
1,1250,12.5,7497.416585683823,7497.414648532867,7497.418373823166,7497.413754463196,-0.0007450580596923828,0.0002980232238769531,0.0002980232238769531,-0.0016391277313232422
1,1251,12.51,7497.417330741882,7497.415393590927,7497.418075799942,7497.413009405136,0.0007450580596923828,0.0007450580596923828,-0.0002980232238769531,-0.0007450580596923828
1,1252,12.52,7497.415840625763,7497.415989637375,7497.418075799942,7497.413903474808,-0.0014901161193847656,0.0005960464477539062,0.0,0.0008940696716308594
1,1253,12.530000000000001,7497.416734695435,7497.416138648987,7497.418075799942,7497.413009405136,0.0008940696716308594,0.00014901161193847656,0.0,-0.0008940696716308594
1,1254,12.540000000000001,7497.416287660599,7497.414946556091,7497.418075799942,7497.413903474808,-0.0004470348358154297,-0.0011920928955078125,0.0,0.0008940696716308594
1,1255,12.55,7497.41792678833,7497.414201498032,7497.416287660599,7497.412711381912,0.0016391277313232422,-0.0007450580596923828,-0.0017881393432617188,-0.0011920928955078125
1,1256,12.56,7497.41792678833,7497.413754463196,7497.416585683823,7497.414201498032,0.0,-0.0004470348358154297,0.0002980232238769531,0.0014901161193847656
1,1257,12.57,7497.417032718658,7497.413456439972,7497.418075799942,7497.415393590927,-0.0008940696716308594,-0.0002980232238769531,0.0014901161193847656,0.0011920928955078125
1,1258,12.58,7497.417330741882,7497.414350509644,7497.41718173027,7497.414350509644,0.0002980232238769531,0.0008940696716308594,-0.0008940696716308594,-0.001043081283569336
1,1259,12.59,7497.416734695435,7497.414350509644,7497.417479753494,7497.414201498032,-0.0005960464477539062,0.0,0.0002980232238769531,-0.00014901161193847656
1,1260,12.6,7497.417777776718,7497.413903474808,7497.416287660599,7497.413456439972,0.001043081283569336,-0.0004470348358154297,-0.0011920928955078125,-0.0007450580596923828
1,1261,12.61,7497.417628765106,7497.415691614151,7497.415989637375,7497.411519289017,-0.00014901161193847656,0.0017881393432617188,-0.0002980232238769531,-0.0019371509552001953
1,1262,12.620000000000001,7497.416734695435,7497.414350509644,7497.417777776718,7497.413009405136,-0.0008940696716308594,-0.001341104507446289,0.0017881393432617188,0.0014901161193847656
1,1263,12.63,7497.417628765106,7497.415393590927,7497.416287660599,7497.411817312241,0.0008940696716308594,0.001043081283569336,-0.0014901161193847656,-0.0011920928955078125
1,1264,12.64,7497.416138648987,7497.414648532867,7497.4168837070465,7497.413754463196,-0.0014901161193847656,-0.0007450580596923828,0.0005960464477539062,0.0019371509552001953
1,1265,12.65,7497.417032718658,7497.414350509644,7497.416287660599,7497.411817312241,0.0008940696716308594,-0.0002980232238769531,-0.0005960464477539062,-0.0019371509552001953
1,1266,12.66,7497.4168837070465,7497.414946556091,7497.416287660599,7497.411668300629,-0.00014901161193847656,0.0005960464477539062,0.0,-0.00014901161193847656
1,1267,12.67,7497.417628765106,7497.413903474808,7497.416287660599,7497.412264347076,0.0007450580596923828,-0.001043081283569336,0.0,0.0005960464477539062
1,1268,12.68,7497.417330741882,7497.414946556091,7497.415691614151,7497.412413358688,-0.0002980232238769531,0.001043081283569336,-0.0005960464477539062,0.00014901161193847656
1,1269,12.69,7497.416734695435,7497.414797544479,7497.415989637375,7497.412860393524,-0.0005960464477539062,-0.00014901161193847656,0.0002980232238769531,0.0004470348358154297
1,1270,12.700000000000001,7497.417628765106,7497.414201498032,7497.4144995212555,7497.411072254181,0.0008940696716308594,-0.0005960464477539062,-0.0014901161193847656,-0.0017881393432617188
1,1271,12.71,7497.417032718658,7497.414350509644,7497.415393590927,7497.411072254181,-0.0005960464477539062,0.00014901161193847656,0.0008940696716308594,0.0
1,1272,12.72,7497.417777776718,7497.414350509644,7497.415393590927,7497.410625219345,0.0007450580596923828,0.0,0.0,-0.0004470348358154297
1,1273,12.73,7497.415840625763,7497.413456439972,7497.415691614151,7497.41330742836,-0.0019371509552001953,-0.0008940696716308594,0.0002980232238769531,0.002682209014892578
1,1274,12.74,7497.417032718658,7497.414201498032,7497.415393590927,7497.412413358688,0.0011920928955078125,0.0007450580596923828,-0.0002980232238769531,-0.0008940696716308594
1,1275,12.75,7497.417032718658,7497.414201498032,7497.4144995212555,7497.411519289017,0.0,0.0,-0.0008940696716308594,-0.0008940696716308594
1,1276,12.76,7497.41792678833,7497.413754463196,7497.413903474808,7497.412413358688,0.0008940696716308594,-0.0004470348358154297,-0.0005960464477539062,0.0008940696716308594
1,1277,12.77,7497.417628765106,7497.414350509644,7497.413903474808,7497.4119663238525,-0.0002980232238769531,0.0005960464477539062,0.0,-0.0004470348358154297
1,1278,12.780000000000001,7497.417032718658,7497.414797544479,7497.4144995212555,7497.410625219345,-0.0005960464477539062,0.0004470348358154297,0.0005960464477539062,-0.001341104507446289
1,1279,12.790000000000001,7497.416138648987,7497.413754463196,7497.414797544479,7497.4125623703,-0.0008940696716308594,-0.001043081283569336,0.0002980232238769531,0.0019371509552001953
1,1280,12.8,7497.4168837070465,7497.414648532867,7497.413605451584,7497.4097311496735,0.0007450580596923828,0.0008940696716308594,-0.0011920928955078125,-0.0028312206268310547
1,1281,12.81,7497.417032718658,7497.414350509644,7497.413903474808,7497.411072254181,0.00014901161193847656,-0.0002980232238769531,0.0002980232238769531,0.001341104507446289
1,1282,12.82,7497.416287660599,7497.413754463196,7497.414201498032,7497.412413358688,-0.0007450580596923828,-0.0005960464477539062,0.0002980232238769531,0.001341104507446289
1,1283,12.83,7497.416734695435,7497.41405248642,7497.413903474808,7497.4121153354645,0.0004470348358154297,0.0002980232238769531,-0.0002980232238769531,-0.0002980232238769531
1,1284,12.84,7497.416436672211,7497.41405248642,7497.414201498032,7497.412711381912,-0.0002980232238769531,0.0,0.0002980232238769531,0.0005960464477539062
1,1285,12.85,7497.416436672211,7497.414350509644,7497.413903474808,7497.412413358688,0.0,0.0002980232238769531,-0.0002980232238769531,-0.0002980232238769531
1,1286,12.86,7497.417330741882,7497.413009405136,7497.413605451584,7497.411221265793,0.0008940696716308594,-0.001341104507446289,-0.0002980232238769531,-0.0011920928955078125
1,1287,12.870000000000001,7497.414648532867,7497.413158416748,7497.415095567703,7497.413456439972,-0.002682209014892578,0.00014901161193847656,0.0014901161193847656,0.0022351741790771484
1,1288,12.88,7497.415989637375,7497.413903474808,7497.413903474808,7497.4121153354645,0.001341104507446289,0.0007450580596923828,-0.0011920928955078125,-0.001341104507446289
1,1289,12.89,7497.416734695435,7497.412711381912,7497.413903474808,7497.412264347076,0.0007450580596923828,-0.0011920928955078125,0.0,0.00014901161193847656
1,1290,12.9,7497.416436672211,7497.413754463196,7497.41330742836,7497.412711381912,-0.0002980232238769531,0.001043081283569336,-0.0005960464477539062,0.0004470348358154297
1,1291,12.91,7497.415840625763,7497.412711381912,7497.413605451584,7497.4121153354645,-0.0005960464477539062,-0.001043081283569336,0.0002980232238769531,-0.0005960464477539062
1,1292,12.92,7497.415840625763,7497.412264347076,7497.41330742836,7497.413456439972,0.0,-0.0004470348358154297,-0.0002980232238769531,0.001341104507446289
1,1293,12.93,7497.414946556091,7497.414350509644,7497.413903474808,7497.411370277405,-0.0008940696716308594,0.002086162567138672,0.0005960464477539062,-0.002086162567138672
1,1294,12.94,7497.415542602539,7497.413158416748,7497.413605451584,7497.412413358688,0.0005960464477539062,-0.0011920928955078125,-0.0002980232238769531,0.001043081283569336
1,1295,12.950000000000001,7497.415691614151,7497.41330742836,7497.413903474808,7497.41330742836,0.00014901161193847656,0.00014901161193847656,0.0002980232238769531,0.0008940696716308594
1,1296,12.96,7497.415542602539,7497.413754463196,7497.412711381912,7497.411221265793,-0.00014901161193847656,0.0004470348358154297,-0.0011920928955078125,-0.002086162567138672
1,1297,12.97,7497.414648532867,7497.412413358688,7497.413605451584,7497.412413358688,-0.0008940696716308594,-0.001341104507446289,0.0008940696716308594,0.0011920928955078125
1,1298,12.98,7497.415691614151,7497.41330742836,7497.413009405136,7497.4125623703,0.001043081283569336,0.0008940696716308594,-0.0005960464477539062,0.00014901161193847656
1,1299,12.99,7497.414648532867,7497.41405248642,7497.413605451584,7497.410327196121,-0.001043081283569336,0.0007450580596923828,0.0005960464477539062,-0.0022351741790771484
1,1300,13.0,7497.414350509644,7497.413009405136,7497.41330742836,7497.413456439972,-0.0002980232238769531,-0.001043081283569336,-0.0002980232238769531,0.003129243850708008
1,1301,13.01,7497.414946556091,7497.412711381912,7497.413903474808,7497.412860393524,0.0005960464477539062,-0.0002980232238769531,0.0005960464477539062,-0.0005960464477539062
1,1302,13.02,7497.414946556091,7497.412860393524,7497.412711381912,7497.4119663238525,0.0,0.00014901161193847656,-0.0011920928955078125,-0.0008940696716308594
1,1303,13.030000000000001,7497.414350509644,7497.4125623703,7497.41330742836,7497.413903474808,-0.0005960464477539062,-0.0002980232238769531,0.0005960464477539062,0.0019371509552001953
1,1304,13.040000000000001,7497.414350509644,7497.413605451584,7497.413009405136,7497.411817312241,0.0,0.001043081283569336,-0.0002980232238769531,-0.002086162567138672
1,1305,13.05,7497.414350509644,7497.413605451584,7497.412711381912,7497.411519289017,0.0,0.0,-0.0002980232238769531,-0.0002980232238769531
1,1306,13.06,7497.413456439972,7497.41405248642,7497.412711381912,7497.4125623703,-0.0008940696716308594,0.0004470348358154297,0.0,0.001043081283569336
1,1307,13.07,7497.413903474808,7497.412413358688,7497.413009405136,7497.411817312241,0.0004470348358154297,-0.0016391277313232422,0.0002980232238769531,-0.0007450580596923828
1,1308,13.08,7497.41405248642,7497.413158416748,7497.412711381912,7497.412264347076,0.00014901161193847656,0.0007450580596923828,-0.0002980232238769531,0.0004470348358154297
1,1309,13.09,7497.413158416748,7497.411817312241,7497.413903474808,7497.41330742836,-0.0008940696716308594,-0.001341104507446289,0.0011920928955078125,0.001043081283569336
1,1310,13.1,7497.413903474808,7497.412860393524,7497.413009405136,7497.4125623703,0.0007450580596923828,0.001043081283569336,-0.0008940696716308594,-0.0007450580596923828
1,1311,13.11,7497.413903474808,7497.4119663238525,7497.412711381912,7497.413605451584,0.0,-0.0008940696716308594,-0.0002980232238769531,0.001043081283569336
1,1312,13.120000000000001,7497.412860393524,7497.413158416748,7497.41330742836,7497.414648532867,-0.001043081283569336,0.0011920928955078125,0.0005960464477539062,0.001043081283569336
1,1313,13.13,7497.413009405136,7497.412264347076,7497.412711381912,7497.413158416748,0.00014901161193847656,-0.0008940696716308594,-0.0005960464477539062,-0.0014901161193847656
1,1314,13.14,7497.412711381912,7497.413158416748,7497.413009405136,7497.412860393524,-0.0002980232238769531,0.0008940696716308594,0.0002980232238769531,-0.0002980232238769531
1,1315,13.15,7497.413456439972,7497.4121153354645,7497.412711381912,7497.413605451584,0.0007450580596923828,-0.001043081283569336,-0.0002980232238769531,0.0007450580596923828
1,1316,13.16,7497.411370277405,7497.412860393524,7497.4144995212555,7497.413903474808,-0.002086162567138672,0.0007450580596923828,0.0017881393432617188,0.0002980232238769531
1,1317,13.17,7497.4125623703,7497.4125623703,7497.413605451584,7497.413903474808,0.0011920928955078125,-0.0002980232238769531,-0.0008940696716308594,0.0
1,1318,13.18,7497.41405248642,7497.413903474808,7497.412711381912,7497.411221265793,0.0014901161193847656,0.001341104507446289,-0.0008940696716308594,-0.002682209014892578
1,1319,13.19,7497.412264347076,7497.412264347076,7497.4121153354645,7497.412413358688,-0.0017881393432617188,-0.0016391277313232422,-0.0005960464477539062,0.0011920928955078125
1,1320,13.200000000000001,7497.41330742836,7497.412413358688,7497.412711381912,7497.4125623703,0.001043081283569336,0.00014901161193847656,0.0005960464477539062,0.00014901161193847656
1,1321,13.21,7497.412711381912,7497.41330742836,7497.412711381912,7497.412413358688,-0.0005960464477539062,0.0008940696716308594,0.0,-0.00014901161193847656
1,1322,13.22,7497.411072254181,7497.412860393524,7497.4144995212555,7497.411817312241,-0.0016391277313232422,-0.0004470348358154297,0.0017881393432617188,-0.0005960464477539062
1,1323,13.23,7497.412264347076,7497.4125623703,7497.413605451584,7497.412413358688,0.0011920928955078125,-0.0002980232238769531,-0.0008940696716308594,0.0005960464477539062
1,1324,13.24,7497.411817312241,7497.412711381912,7497.413605451584,7497.412711381912,-0.0004470348358154297,0.00014901161193847656,0.0,0.0002980232238769531
1,1325,13.25,7497.412264347076,7497.41330742836,7497.412711381912,7497.411221265793,0.0004470348358154297,0.0005960464477539062,-0.0008940696716308594,-0.0014901161193847656
1,1326,13.26,7497.411519289017,7497.412413358688,7497.41330742836,7497.4121153354645,-0.0007450580596923828,-0.0008940696716308594,0.0005960464477539062,0.0008940696716308594
1,1327,13.27,7497.410774230957,7497.412264347076,7497.413605451584,7497.413903474808,-0.0007450580596923828,-0.00014901161193847656,0.0002980232238769531,0.0017881393432617188
1,1328,13.280000000000001,7497.411370277405,7497.412711381912,7497.41330742836,7497.413009405136,0.0005960464477539062,0.0004470348358154297,-0.0002980232238769531,-0.0008940696716308594
1,1329,13.290000000000001,7497.411370277405,7497.413009405136,7497.41330742836,7497.413009405136,0.0,0.0002980232238769531,0.0,0.0
1,1330,13.3,7497.411519289017,7497.411370277405,7497.413605451584,7497.414797544479,0.00014901161193847656,-0.0016391277313232422,0.0002980232238769531,0.0017881393432617188
1,1331,13.31,7497.411519289017,7497.411370277405,7497.41330742836,7497.41330742836,0.0,0.0,-0.0002980232238769531,-0.0014901161193847656
1,1332,13.32,7497.411072254181,7497.411221265793,7497.413903474808,7497.413605451584,-0.0004470348358154297,-0.00014901161193847656,0.0005960464477539062,0.0002980232238769531
1,1333,13.33,7497.411072254181,7497.4119663238525,7497.413903474808,7497.413754463196,0.0,0.0007450580596923828,0.0,0.00014901161193847656
1,1334,13.34,7497.409880161285,7497.413009405136,7497.413903474808,7497.412413358688,-0.0011920928955078125,0.001043081283569336,0.0,-0.001341104507446289
1,1335,13.35,7497.410923242569,7497.411668300629,7497.41330742836,7497.414797544479,0.001043081283569336,-0.001341104507446289,-0.0005960464477539062,0.002384185791015625
1,1336,13.36,7497.410476207733,7497.412264347076,7497.413903474808,7497.414201498032,-0.0004470348358154297,0.0005960464477539062,0.0005960464477539062,-0.0005960464477539062
1,1337,13.370000000000001,7497.410625219345,7497.412264347076,7497.413903474808,7497.41405248642,0.00014901161193847656,0.0,0.0,-0.00014901161193847656
1,1338,13.38,7497.411370277405,7497.413009405136,7497.412413358688,7497.411519289017,0.0007450580596923828,0.0007450580596923828,-0.0014901161193847656,-0.0025331974029541016
1,1339,13.39,7497.410774230957,7497.411519289017,7497.41330742836,7497.4125623703,-0.0005960464477539062,-0.0014901161193847656,0.0008940696716308594,0.001043081283569336
1,1340,13.4,7497.410476207733,7497.411668300629,7497.413605451584,7497.413456439972,-0.0002980232238769531,0.00014901161193847656,0.0002980232238769531,0.0008940696716308594
1,1341,13.41,7497.410476207733,7497.411668300629,7497.413903474808,7497.413903474808,0.0,0.0,0.0002980232238769531,0.0004470348358154297
1,1342,13.42,7497.410029172897,7497.412711381912,7497.41330742836,7497.413903474808,-0.0004470348358154297,0.001043081283569336,-0.0005960464477539062,0.0
1,1343,13.43,7497.410327196121,7497.412711381912,7497.413605451584,7497.41330742836,0.0002980232238769531,0.0,0.0002980232238769531,-0.0005960464477539062
1,1344,13.44,7497.410476207733,7497.411370277405,7497.41330742836,7497.412711381912,0.00014901161193847656,-0.001341104507446289,-0.0002980232238769531,-0.0005960464477539062
1,1345,13.450000000000001,7497.410476207733,7497.411668300629,7497.41330742836,7497.41330742836,0.0,0.0002980232238769531,0.0,0.0005960464477539062
1,1346,13.46,7497.410774230957,7497.411370277405,7497.413605451584,7497.41330742836,0.0002980232238769531,-0.0002980232238769531,0.0002980232238769531,0.0
1,1347,13.47,7497.4121153354645,7497.413009405136,7497.411519289017,7497.4121153354645,0.001341104507446289,0.0016391277313232422,-0.002086162567138672,-0.0011920928955078125
1,1348,13.48,7497.410774230957,7497.411519289017,7497.413009405136,7497.413009405136,-0.001341104507446289,-0.0014901161193847656,0.0014901161193847656,0.0008940696716308594
1,1349,13.49,7497.411817312241,7497.4125623703,7497.412413358688,7497.413009405136,0.001043081283569336,0.001043081283569336,-0.0005960464477539062,0.0
1,1350,13.5,7497.410476207733,7497.4121153354645,7497.412711381912,7497.413456439972,-0.001341104507446289,-0.0004470348358154297,0.0002980232238769531,0.0004470348358154297
1,1351,13.51,7497.4121153354645,7497.41330742836,7497.4121153354645,7497.412711381912,0.0016391277313232422,0.0011920928955078125,-0.0005960464477539062,-0.0007450580596923828
1,1352,13.52,7497.412264347076,7497.410774230957,7497.412413358688,7497.41330742836,0.00014901161193847656,-0.0025331974029541016,0.0002980232238769531,0.0005960464477539062
1,1353,13.530000000000001,7497.411519289017,7497.411668300629,7497.4121153354645,7497.413456439972,-0.0007450580596923828,0.0008940696716308594,-0.0002980232238769531,0.00014901161193847656
1,1354,13.540000000000001,7497.411221265793,7497.411668300629,7497.412413358688,7497.413903474808,-0.0002980232238769531,0.0,0.0002980232238769531,0.0004470348358154297
1,1355,13.55,7497.411370277405,7497.410923242569,7497.413009405136,7497.41330742836,0.00014901161193847656,-0.0007450580596923828,0.0005960464477539062,-0.0005960464477539062
1,1356,13.56,7497.411370277405,7497.411370277405,7497.412711381912,7497.41330742836,0.0,0.0004470348358154297,-0.0002980232238769531,0.0
1,1357,13.57,7497.411370277405,7497.413605451584,7497.412711381912,7497.411221265793,0.0,0.0022351741790771484,0.0,-0.002086162567138672
1,1358,13.58,7497.411668300629,7497.4121153354645,7497.41330742836,7497.412264347076,0.0002980232238769531,-0.0014901161193847656,0.0005960464477539062,0.001043081283569336
1,1359,13.59,7497.411668300629,7497.411668300629,7497.4121153354645,7497.411817312241,0.0,-0.0004470348358154297,-0.0011920928955078125,-0.0004470348358154297
1,1360,13.6,7497.410774230957,7497.411817312241,7497.412711381912,7497.411370277405,-0.0008940696716308594,0.00014901161193847656,0.0005960464477539062,-0.0004470348358154297
1,1361,13.61,7497.410774230957,7497.4119663238525,7497.4121153354645,7497.412711381912,0.0,0.00014901161193847656,-0.0005960464477539062,0.001341104507446289
1,1362,13.620000000000001,7497.411668300629,7497.411817312241,7497.412711381912,7497.411370277405,0.0008940696716308594,-0.00014901161193847656,0.0005960464477539062,-0.001341104507446289
1,1363,13.63,7497.410774230957,7497.4119663238525,7497.412413358688,7497.412413358688,-0.0008940696716308594,0.00014901161193847656,-0.0002980232238769531,0.001043081283569336
1,1364,13.64,7497.411072254181,7497.4119663238525,7497.413009405136,7497.412413358688,0.0002980232238769531,0.0,0.0005960464477539062,0.0
1,1365,13.65,7497.411370277405,7497.411519289017,7497.412711381912,7497.412711381912,0.0002980232238769531,-0.0004470348358154297,-0.0002980232238769531,0.0002980232238769531
1,1366,13.66,7497.412264347076,7497.411370277405,7497.411817312241,7497.414201498032,0.0008940696716308594,-0.00014901161193847656,-0.0008940696716308594,0.0014901161193847656
1,1367,13.67,7497.411370277405,7497.411519289017,7497.411817312241,7497.412711381912,-0.0008940696716308594,0.00014901161193847656,0.0,-0.0014901161193847656
1,1368,13.68,7497.411668300629,7497.4119663238525,7497.411519289017,7497.411072254181,0.0002980232238769531,0.0004470348358154297,-0.0002980232238769531,-0.0016391277313232422
1,1369,13.69,7497.411370277405,7497.411370277405,7497.411817312241,7497.4125623703,-0.0002980232238769531,-0.0005960464477539062,0.0002980232238769531,0.0014901161193847656
1,1370,13.700000000000001,7497.411817312241,7497.411519289017,7497.411817312241,7497.4121153354645,0.0004470348358154297,0.00014901161193847656,0.0,-0.0004470348358154297
1,1371,13.71,7497.410774230957,7497.4125623703,7497.4121153354645,7497.4125623703,-0.001043081283569336,0.001043081283569336,0.0002980232238769531,0.0004470348358154297
1,1372,13.72,7497.411072254181,7497.4125623703,7497.4121153354645,7497.4121153354645,0.0002980232238769531,0.0,0.0,-0.0004470348358154297
1,1373,13.73,7497.411668300629,7497.412711381912,7497.411519289017,7497.411817312241,0.0005960464477539062,0.00014901161193847656,-0.0005960464477539062,-0.0002980232238769531
1,1374,13.74,7497.411519289017,7497.4121153354645,7497.4121153354645,7497.411817312241,-0.00014901161193847656,-0.0005960464477539062,0.0005960464477539062,0.0
1,1375,13.75,7497.4121153354645,7497.412264347076,7497.4121153354645,7497.411370277405,0.0005960464477539062,0.00014901161193847656,0.0,-0.0004470348358154297
1,1376,13.76,7497.411370277405,7497.4119663238525,7497.411519289017,7497.411221265793,-0.0007450580596923828,-0.0002980232238769531,-0.0005960464477539062,-0.00014901161193847656
1,1377,13.77,7497.411370277405,7497.410774230957,7497.411519289017,7497.412413358688,0.0,-0.0011920928955078125,0.0,0.0011920928955078125
1,1378,13.780000000000001,7497.412711381912,7497.4121153354645,7497.410327196121,7497.410923242569,0.001341104507446289,0.001341104507446289,-0.0011920928955078125,-0.0014901161193847656
1,1379,13.790000000000001,7497.412711381912,7497.411072254181,7497.4121153354645,7497.410625219345,0.0,-0.001043081283569336,0.0017881393432617188,-0.0002980232238769531
1,1380,13.8,7497.4119663238525,7497.4119663238525,7497.411221265793,7497.411817312241,-0.0007450580596923828,0.0008940696716308594,-0.0008940696716308594,0.0011920928955078125
1,1381,13.81,7497.411370277405,7497.411519289017,7497.411817312241,7497.411668300629,-0.0005960464477539062,-0.0004470348358154297,0.0005960464477539062,-0.00014901161193847656
1,1382,13.82,7497.410923242569,7497.413158416748,7497.411221265793,7497.411072254181,-0.0004470348358154297,0.0016391277313232422,-0.0005960464477539062,-0.0005960464477539062
1,1383,13.83,7497.411668300629,7497.412264347076,7497.411817312241,7497.410178184509,0.0007450580596923828,-0.0008940696716308594,0.0005960464477539062,-0.0008940696716308594
1,1384,13.84,7497.410923242569,7497.412264347076,7497.411519289017,7497.4121153354645,-0.0007450580596923828,0.0,-0.0002980232238769531,0.0019371509552001953
1,1385,13.85,7497.412413358688,7497.411072254181,7497.411519289017,7497.410923242569,0.0014901161193847656,-0.0011920928955078125,0.0,-0.0011920928955078125
1,1386,13.86,7497.4125623703,7497.412264347076,7497.410029172897,7497.410625219345,0.00014901161193847656,0.0011920928955078125,-0.0014901161193847656,-0.0002980232238769531
1,1387,13.870000000000001,7497.411072254181,7497.4097311496735,7497.413009405136,7497.412264347076,-0.0014901161193847656,-0.0025331974029541016,0.0029802322387695312,0.0016391277313232422
1,1388,13.88,7497.411668300629,7497.411519289017,7497.410923242569,7497.413009405136,0.0005960464477539062,0.0017881393432617188,-0.002086162567138672,0.0007450580596923828
1,1389,13.89,7497.4125623703,7497.410178184509,7497.411519289017,7497.411817312241,0.0008940696716308594,-0.001341104507446289,0.0005960464477539062,-0.0011920928955078125
1,1390,13.9,7497.411072254181,7497.4119663238525,7497.411221265793,7497.411519289017,-0.0014901161193847656,0.0017881393432617188,-0.0002980232238769531,-0.0002980232238769531
1,1391,13.91,7497.4125623703,7497.410476207733,7497.4121153354645,7497.411519289017,0.0014901161193847656,-0.0014901161193847656,0.0008940696716308594,0.0
1,1392,13.92,7497.4121153354645,7497.412860393524,7497.410923242569,7497.411370277405,-0.0004470348358154297,0.002384185791015625,-0.0011920928955078125,-0.00014901161193847656
1,1393,13.93,7497.413158416748,7497.411817312241,7497.410625219345,7497.410923242569,0.001043081283569336,-0.001043081283569336,-0.0002980232238769531,-0.0004470348358154297
1,1394,13.94,7497.412413358688,7497.4119663238525,7497.410625219345,7497.411817312241,-0.0007450580596923828,0.00014901161193847656,0.0,0.0008940696716308594
1,1395,13.950000000000001,7497.412860393524,7497.4119663238525,7497.410923242569,7497.410029172897,0.0004470348358154297,0.0,0.0002980232238769531,-0.0017881393432617188
1,1396,13.96,7497.411370277405,7497.411072254181,7497.410923242569,7497.410923242569,-0.0014901161193847656,-0.0008940696716308594,0.0,0.0008940696716308594
1,1397,13.97,7497.413456439972,7497.411370277405,7497.410625219345,7497.410029172897,0.002086162567138672,0.0002980232238769531,-0.0002980232238769531,-0.0008940696716308594
1,1398,13.98,7497.412264347076,7497.411817312241,7497.410625219345,7497.411072254181,-0.0011920928955078125,0.0004470348358154297,0.0,0.001043081283569336
1,1399,13.99,7497.412264347076,7497.411221265793,7497.410923242569,7497.410774230957,0.0,-0.0005960464477539062,0.0002980232238769531,-0.0002980232238769531
1,1400,14.0,7497.413009405136,7497.412264347076,7497.410029172897,7497.4097311496735,0.0007450580596923828,0.001043081283569336,-0.0008940696716308594,-0.001043081283569336
1,1401,14.01,7497.413456439972,7497.411668300629,7497.410327196121,7497.410029172897,0.0004470348358154297,-0.0005960464477539062,0.0002980232238769531,0.0002980232238769531
1,1402,14.02,7497.413605451584,7497.412264347076,7497.410327196121,7497.410625219345,0.00014901161193847656,0.0005960464477539062,0.0,0.0005960464477539062
1,1403,14.030000000000001,7497.4125623703,7497.411668300629,7497.410923242569,7497.411221265793,-0.001043081283569336,-0.0005960464477539062,0.0005960464477539062,0.0005960464477539062
1,1404,14.040000000000001,7497.413456439972,7497.411668300629,7497.410327196121,7497.411370277405,0.0008940696716308594,0.0,-0.0005960464477539062,0.00014901161193847656
1,1405,14.05,7497.413158416748,7497.4121153354645,7497.410327196121,7497.410923242569,-0.0002980232238769531,0.0004470348358154297,0.0,-0.0004470348358154297
1,1406,14.06,7497.413009405136,7497.4119663238525,7497.410327196121,7497.410923242569,-0.00014901161193847656,-0.00014901161193847656,0.0,0.0
1,1407,14.07,7497.412860393524,7497.411668300629,7497.4097311496735,7497.410178184509,-0.00014901161193847656,-0.0002980232238769531,-0.0005960464477539062,-0.0007450580596923828
1,1408,14.08,7497.413903474808,7497.411370277405,7497.40943312645,7497.410178184509,0.001043081283569336,-0.0002980232238769531,-0.0002980232238769531,0.0
1,1409,14.09,7497.41330742836,7497.412264347076,7497.40943312645,7497.408986091614,-0.0005960464477539062,0.0008940696716308594,0.0,-0.0011920928955078125
1,1410,14.1,7497.412413358688,7497.410923242569,7497.410327196121,7497.410774230957,-0.0008940696716308594,-0.001341104507446289,0.0008940696716308594,0.0017881393432617188
1,1411,14.11,7497.413158416748,7497.412264347076,7497.410029172897,7497.410625219345,0.0007450580596923828,0.001341104507446289,-0.0002980232238769531,-0.00014901161193847656
1,1412,14.120000000000001,7497.412264347076,7497.4119663238525,7497.410625219345,7497.4097311496735,-0.0008940696716308594,-0.0002980232238769531,0.0005960464477539062,-0.0008940696716308594
1,1413,14.13,7497.4125623703,7497.411817312241,7497.410327196121,7497.410029172897,0.0002980232238769531,-0.00014901161193847656,-0.0002980232238769531,0.0002980232238769531
1,1414,14.14,7497.413158416748,7497.410625219345,7497.410327196121,7497.411370277405,0.0005960464477539062,-0.0011920928955078125,0.0,0.001341104507446289
1,1415,14.15,7497.412860393524,7497.4119663238525,7497.410029172897,7497.411370277405,-0.0002980232238769531,0.001341104507446289,-0.0002980232238769531,0.0
1,1416,14.16,7497.413456439972,7497.411668300629,7497.410327196121,7497.410774230957,0.0005960464477539062,-0.0002980232238769531,0.0002980232238769531,-0.0005960464477539062
1,1417,14.17,7497.4121153354645,7497.410774230957,7497.411221265793,7497.412413358688,-0.001341104507446289,-0.0008940696716308594,0.0008940696716308594,0.0016391277313232422
1,1418,14.18,7497.412264347076,7497.411519289017,7497.410923242569,7497.411817312241,0.00014901161193847656,0.0007450580596923828,-0.0002980232238769531,-0.0005960464477539062
1,1419,14.19,7497.4125623703,7497.411221265793,7497.410625219345,7497.411519289017,0.0002980232238769531,-0.0002980232238769531,-0.0002980232238769531,-0.0002980232238769531
1,1420,14.200000000000001,7497.411519289017,7497.412264347076,7497.411519289017,7497.410178184509,-0.001043081283569336,0.001043081283569336,0.0008940696716308594,-0.001341104507446289
1,1421,14.21,7497.4125623703,7497.410923242569,7497.410327196121,7497.410923242569,0.001043081283569336,-0.001341104507446289,-0.0011920928955078125,0.0007450580596923828
1,1422,14.22,7497.4121153354645,7497.411370277405,7497.410327196121,7497.411221265793,-0.0004470348358154297,0.0004470348358154297,0.0,0.0002980232238769531
1,1423,14.23,7497.4119663238525,7497.411370277405,7497.410923242569,7497.411221265793,-0.00014901161193847656,0.0,0.0005960464477539062,0.0
1,1424,14.24,7497.4125623703,7497.411370277405,7497.410327196121,7497.411221265793,0.0005960464477539062,0.0,-0.0005960464477539062,0.0
1,1425,14.25,7497.411668300629,7497.411072254181,7497.410327196121,7497.4119663238525,-0.0008940696716308594,-0.0002980232238769531,0.0,0.0007450580596923828
1,1426,14.26,7497.412860393524,7497.411072254181,7497.410625219345,7497.411519289017,0.0011920928955078125,0.0,0.0002980232238769531,-0.0004470348358154297
1,1427,14.27,7497.4119663238525,7497.412413358688,7497.410923242569,7497.410029172897,-0.0008940696716308594,0.001341104507446289,0.0002980232238769531,-0.0014901161193847656
1,1428,14.280000000000001,7497.410476207733,7497.413158416748,7497.410327196121,7497.408986091614,-0.0014901161193847656,0.0007450580596923828,-0.0005960464477539062,-0.001043081283569336
1,1429,14.290000000000001,7497.4119663238525,7497.4121153354645,7497.410923242569,7497.409135103226,0.0014901161193847656,-0.001043081283569336,0.0005960464477539062,0.00014901161193847656
1,1430,14.3,7497.411668300629,7497.412413358688,7497.410625219345,7497.40943312645,-0.0002980232238769531,0.0002980232238769531,-0.0002980232238769531,0.0002980232238769531
1,1431,14.31,7497.411072254181,7497.411072254181,7497.411519289017,7497.411519289017,-0.0005960464477539062,-0.001341104507446289,0.0008940696716308594,0.002086162567138672
1,1432,14.32,7497.411817312241,7497.411668300629,7497.410923242569,7497.410923242569,0.0007450580596923828,0.0005960464477539062,-0.0005960464477539062,-0.0005960464477539062
1,1433,14.33,7497.411668300629,7497.411817312241,7497.410923242569,7497.410923242569,-0.00014901161193847656,0.00014901161193847656,0.0,0.0
1,1434,14.34,7497.4119663238525,7497.411668300629,7497.410923242569,7497.410625219345,0.0002980232238769531,-0.00014901161193847656,0.0,-0.0002980232238769531
1,1435,14.35,7497.411668300629,7497.411072254181,7497.410029172897,7497.4095821380615,-0.0002980232238769531,-0.0005960464477539062,-0.0008940696716308594,-0.001043081283569336
1,1436,14.36,7497.410774230957,7497.410923242569,7497.410923242569,7497.410476207733,-0.0008940696716308594,-0.00014901161193847656,0.0008940696716308594,0.0008940696716308594
1,1437,14.370000000000001,7497.4119663238525,7497.410178184509,7497.410327196121,7497.413158416748,0.0011920928955078125,-0.0007450580596923828,-0.0005960464477539062,0.002682209014892578
1,1438,14.38,7497.411072254181,7497.411221265793,7497.410327196121,7497.411668300629,-0.0008940696716308594,0.001043081283569336,0.0,-0.0014901161193847656
1,1439,14.39,7497.410476207733,7497.4121153354645,7497.410923242569,7497.4097311496735,-0.0005960464477539062,0.0008940696716308594,0.0005960464477539062,-0.0019371509552001953
1,1440,14.4,7497.411370277405,7497.411221265793,7497.410625219345,7497.411072254181,0.0008940696716308594,-0.0008940696716308594,-0.0002980232238769531,0.001341104507446289
1,1441,14.41,7497.411370277405,7497.411072254181,7497.410923242569,7497.411519289017,0.0,-0.00014901161193847656,0.0002980232238769531,0.0004470348358154297
1,1442,14.42,7497.410923242569,7497.412264347076,7497.410923242569,7497.410476207733,-0.0004470348358154297,0.0011920928955078125,0.0,-0.001043081283569336
1,1443,14.43,7497.4121153354645,7497.411072254181,7497.410327196121,7497.4121153354645,0.0011920928955078125,-0.0011920928955078125,-0.0005960464477539062,0.0016391277313232422
1,1444,14.44,7497.411668300629,7497.411668300629,7497.410327196121,7497.411519289017,-0.0004470348358154297,0.0005960464477539062,0.0,-0.0005960464477539062
1,1445,14.450000000000001,7497.409880161285,7497.411519289017,7497.4121153354645,7497.411668300629,-0.0017881393432617188,-0.00014901161193847656,0.0017881393432617188,0.00014901161193847656
1,1446,14.46,7497.410625219345,7497.411817312241,7497.410923242569,7497.411370277405,0.0007450580596923828,0.0002980232238769531,-0.0011920928955078125,-0.0002980232238769531
1,1447,14.47,7497.411668300629,7497.411072254181,7497.410923242569,7497.411817312241,0.001043081283569336,-0.0007450580596923828,0.0,0.0004470348358154297
1,1448,14.48,7497.411072254181,7497.411072254181,7497.410923242569,7497.413009405136,-0.0005960464477539062,0.0,0.0,0.0011920928955078125
1,1449,14.49,7497.411668300629,7497.411370277405,7497.410327196121,7497.4121153354645,0.0005960464477539062,0.0002980232238769531,-0.0005960464477539062,-0.0008940696716308594
1,1450,14.5,7497.409880161285,7497.4121153354645,7497.411817312241,7497.411817312241,-0.0017881393432617188,0.0007450580596923828,0.0014901161193847656,-0.0002980232238769531
1,1451,14.51,7497.410923242569,7497.411817312241,7497.410923242569,7497.411370277405,0.001043081283569336,-0.0002980232238769531,-0.0008940696716308594,-0.0004470348358154297
1,1452,14.52,7497.411072254181,7497.411668300629,7497.410923242569,7497.411221265793,0.00014901161193847656,-0.00014901161193847656,0.0,-0.00014901161193847656
1,1453,14.530000000000001,7497.411072254181,7497.410476207733,7497.410327196121,7497.410625219345,0.0,-0.0011920928955078125,-0.0005960464477539062,-0.0005960464477539062
1,1454,14.540000000000001,7497.410625219345,7497.411370277405,7497.410923242569,7497.411221265793,-0.0004470348358154297,0.0008940696716308594,0.0005960464477539062,0.0005960464477539062
1,1455,14.55,7497.410476207733,7497.411370277405,7497.410923242569,7497.411221265793,-0.00014901161193847656,0.0,0.0,0.0
1,1456,14.56,7497.411370277405,7497.410774230957,7497.411221265793,7497.411072254181,0.0008940696716308594,-0.0005960464477539062,0.0002980232238769531,-0.00014901161193847656
1,1457,14.57,7497.411072254181,7497.411072254181,7497.410923242569,7497.411370277405,-0.0002980232238769531,0.0002980232238769531,-0.0002980232238769531,0.0002980232238769531
1,1458,14.58,7497.410774230957,7497.411072254181,7497.410923242569,7497.411519289017,-0.0002980232238769531,0.0,0.0,0.00014901161193847656
1,1459,14.59,7497.410774230957,7497.411370277405,7497.411221265793,7497.411221265793,0.0,0.0002980232238769531,0.0002980232238769531,-0.0002980232238769531
1,1460,14.6,7497.410178184509,7497.411370277405,7497.411519289017,7497.412711381912,-0.0005960464477539062,0.0,0.0002980232238769531,0.0014901161193847656
1,1461,14.61,7497.410774230957,7497.411221265793,7497.411221265793,7497.4121153354645,0.0005960464477539062,-0.00014901161193847656,-0.0002980232238769531,-0.0005960464477539062
1,1462,14.620000000000001,7497.410178184509,7497.411817312241,7497.410625219345,7497.4121153354645,-0.0005960464477539062,0.0005960464477539062,-0.0005960464477539062,0.0
1,1463,14.63,7497.410625219345,7497.411370277405,7497.410625219345,7497.412413358688,0.0004470348358154297,-0.0004470348358154297,0.0,0.0002980232238769531
1,1464,14.64,7497.410774230957,7497.411668300629,7497.410923242569,7497.412413358688,0.00014901161193847656,0.0002980232238769531,0.0002980232238769531,0.0
1,1465,14.65,7497.410476207733,7497.410774230957,7497.411519289017,7497.4119663238525,-0.0002980232238769531,-0.0008940696716308594,0.0005960464477539062,-0.0004470348358154297
1,1466,14.66,7497.410476207733,7497.4119663238525,7497.410923242569,7497.411519289017,0.0,0.0011920928955078125,-0.0005960464477539062,-0.0004470348358154297
1,1467,14.67,7497.411072254181,7497.411668300629,7497.410923242569,7497.4119663238525,0.0005960464477539062,-0.0002980232238769531,0.0,0.0004470348358154297
1,1468,14.68,7497.410774230957,7497.411072254181,7497.411519289017,7497.412413358688,-0.0002980232238769531,-0.0005960464477539062,0.0005960464477539062,0.0004470348358154297
1,1469,14.69,7497.411072254181,7497.411072254181,7497.411221265793,7497.412264347076,0.0002980232238769531,0.0,-0.0002980232238769531,-0.00014901161193847656
1,1470,14.700000000000001,7497.410178184509,7497.410923242569,7497.411519289017,7497.413009405136,-0.0008940696716308594,-0.00014901161193847656,0.0002980232238769531,0.0007450580596923828
1,1471,14.71,7497.410774230957,7497.410774230957,7497.411221265793,7497.412413358688,0.0005960464477539062,-0.00014901161193847656,-0.0002980232238769531,-0.0005960464477539062
1,1472,14.72,7497.410476207733,7497.410774230957,7497.411519289017,7497.412413358688,-0.0002980232238769531,0.0,0.0002980232238769531,0.0
1,1473,14.73,7497.410178184509,7497.411221265793,7497.411817312241,7497.4125623703,-0.0002980232238769531,0.0004470348358154297,0.0002980232238769531,0.00014901161193847656
1,1474,14.74,7497.410774230957,7497.410923242569,7497.411519289017,7497.413009405136,0.0005960464477539062,-0.0002980232238769531,-0.0002980232238769531,0.0004470348358154297
1,1475,14.75,7497.411370277405,7497.411817312241,7497.4097311496735,7497.410625219345,0.0005960464477539062,0.0008940696716308594,-0.0017881393432617188,-0.002384185791015625
1,1476,14.76,7497.410774230957,7497.410476207733,7497.411519289017,7497.410923242569,-0.0005960464477539062,-0.001341104507446289,0.0017881393432617188,0.0002980232238769531
1,1477,14.77,7497.410178184509,7497.411370277405,7497.410923242569,7497.412264347076,-0.0005960464477539062,0.0008940696716308594,-0.0005960464477539062,0.001341104507446289
1,1478,14.780000000000001,7497.411072254181,7497.410327196121,7497.411519289017,7497.411221265793,0.0008940696716308594,-0.001043081283569336,0.0005960464477539062,-0.001043081283569336
1,1479,14.790000000000001,7497.409284114838,7497.411817312241,7497.410923242569,7497.413009405136,-0.0017881393432617188,0.0014901161193847656,-0.0005960464477539062,0.0017881393432617188
1,1480,14.8,7497.411370277405,7497.410476207733,7497.411519289017,7497.411370277405,0.002086162567138672,-0.001341104507446289,0.0005960464477539062,-0.0016391277313232422
1,1481,14.81,7497.4095821380615,7497.411370277405,7497.411221265793,7497.4125623703,-0.0017881393432617188,0.0008940696716308594,-0.0002980232238769531,0.0011920928955078125
1,1482,14.82,7497.411668300629,7497.4119663238525,7497.410923242569,7497.410476207733,0.002086162567138672,0.0005960464477539062,-0.0002980232238769531,-0.002086162567138672
1,1483,14.83,7497.410923242569,7497.411221265793,7497.411221265793,7497.4119663238525,-0.0007450580596923828,-0.0007450580596923828,0.0002980232238769531,0.0014901161193847656
1,1484,14.84,7497.411221265793,7497.411519289017,7497.410923242569,7497.411221265793,0.0002980232238769531,0.0002980232238769531,-0.0002980232238769531,-0.0007450580596923828
1,1485,14.85,7497.410774230957,7497.411370277405,7497.411221265793,7497.411519289017,-0.0004470348358154297,-0.00014901161193847656,0.0002980232238769531,0.0002980232238769531
1,1486,14.86,7497.411072254181,7497.411370277405,7497.410923242569,7497.411370277405,0.0002980232238769531,0.0,-0.0002980232238769531,-0.00014901161193847656
1,1487,14.870000000000001,7497.410327196121,7497.411817312241,7497.410923242569,7497.411370277405,-0.0007450580596923828,0.0004470348358154297,0.0,0.0
1,1488,14.88,7497.409880161285,7497.411221265793,7497.411519289017,7497.411370277405,-0.0004470348358154297,-0.0005960464477539062,0.0005960464477539062,0.0
1,1489,14.89,7497.410178184509,7497.411668300629,7497.411221265793,7497.410923242569,0.0002980232238769531,0.0004470348358154297,-0.0002980232238769531,-0.0004470348358154297
1,1490,14.9,7497.410774230957,7497.411072254181,7497.411817312241,7497.4121153354645,0.0005960464477539062,-0.0005960464477539062,0.0005960464477539062,0.0011920928955078125
1,1491,14.91,7497.410774230957,7497.411668300629,7497.411519289017,7497.411817312241,0.0,0.0005960464477539062,-0.0002980232238769531,-0.0002980232238769531
1,1492,14.92,7497.410923242569,7497.4121153354645,7497.410923242569,7497.411221265793,0.00014901161193847656,0.0004470348358154297,-0.0005960464477539062,-0.0005960464477539062
1,1493,14.93,7497.411072254181,7497.411519289017,7497.411519289017,7497.411370277405,0.00014901161193847656,-0.0005960464477539062,0.0005960464477539062,0.00014901161193847656
1,1494,14.94,7497.411072254181,7497.4121153354645,7497.410923242569,7497.411072254181,0.0,0.0005960464477539062,-0.0005960464477539062,-0.0002980232238769531
1,1495,14.950000000000001,7497.411072254181,7497.411221265793,7497.411519289017,7497.411519289017,0.0,-0.0008940696716308594,0.0005960464477539062,0.0004470348358154297
1,1496,14.96,7497.410774230957,7497.4119663238525,7497.411221265793,7497.411221265793,-0.0002980232238769531,0.0007450580596923828,-0.0002980232238769531,-0.0002980232238769531
1,1497,14.97,7497.411221265793,7497.411519289017,7497.411519289017,7497.411221265793,0.0004470348358154297,-0.0004470348358154297,0.0002980232238769531,0.0
1,1498,14.98,7497.410774230957,7497.411668300629,7497.411221265793,7497.411668300629,-0.0004470348358154297,0.00014901161193847656,-0.0002980232238769531,0.0004470348358154297
1,1499,14.99,7497.411370277405,7497.410625219345,7497.410923242569,7497.413158416748,0.0005960464477539062,-0.001043081283569336,-0.0002980232238769531,0.0014901161193847656
1,1500,15.0,7497.410923242569,7497.411519289017,7497.410923242569,7497.4125623703,-0.0004470348358154297,0.0008940696716308594,0.0,-0.0005960464477539062
1,1501,15.01,7497.411668300629,7497.411072254181,7497.411519289017,7497.411817312241,0.0007450580596923828,-0.0004470348358154297,0.0005960464477539062,-0.0007450580596923828
1,1502,15.02,7497.411072254181,7497.411072254181,7497.410923242569,7497.4121153354645,-0.0005960464477539062,0.0,-0.0005960464477539062,0.0002980232238769531
1,1503,15.030000000000001,7497.412860393524,7497.412264347076,7497.410327196121,7497.409135103226,0.0017881393432617188,0.0011920928955078125,-0.0005960464477539062,-0.0029802322387695312
1,1504,15.040000000000001,7497.411668300629,7497.4119663238525,7497.410923242569,7497.410625219345,-0.0011920928955078125,-0.0002980232238769531,0.0005960464477539062,0.0014901161193847656
1,1505,15.05,7497.411370277405,7497.4119663238525,7497.410327196121,7497.411221265793,-0.0002980232238769531,0.0,-0.0005960464477539062,0.0005960464477539062
1,1506,15.06,7497.411817312241,7497.411668300629,7497.410923242569,7497.410029172897,0.0004470348358154297,-0.0002980232238769531,0.0005960464477539062,-0.0011920928955078125
1,1507,15.07,7497.410923242569,7497.4121153354645,7497.410625219345,7497.411817312241,-0.0008940696716308594,0.0004470348358154297,-0.0002980232238769531,0.0017881393432617188
1,1508,15.08,7497.4119663238525,7497.412264347076,7497.410923242569,7497.410178184509,0.001043081283569336,0.00014901161193847656,0.0002980232238769531,-0.0016391277313232422
1,1509,15.09,7497.411817312241,7497.410774230957,7497.410327196121,7497.40943312645,-0.00014901161193847656,-0.0014901161193847656,-0.0005960464477539062,-0.0007450580596923828
1,1510,15.1,7497.409880161285,7497.411072254181,7497.410923242569,7497.4121153354645,-0.0019371509552001953,0.0002980232238769531,0.0005960464477539062,0.002682209014892578
1,1511,15.11,7497.411072254181,7497.411370277405,7497.410625219345,7497.410625219345,0.0011920928955078125,0.0002980232238769531,-0.0002980232238769531,-0.0014901161193847656
1,1512,15.120000000000001,7497.410923242569,7497.411370277405,7497.410923242569,7497.410923242569,-0.00014901161193847656,0.0,0.0002980232238769531,0.0002980232238769531
1,1513,15.13,7497.410923242569,7497.411370277405,7497.410327196121,7497.410923242569,0.0,0.0,-0.0005960464477539062,0.0
1,1514,15.14,7497.411072254181,7497.411668300629,7497.410923242569,7497.410476207733,0.00014901161193847656,0.0002980232238769531,0.0005960464477539062,-0.0004470348358154297
1,1515,15.15,7497.411072254181,7497.411221265793,7497.410923242569,7497.410923242569,0.0,-0.0004470348358154297,0.0,0.0004470348358154297
1,1516,15.16,7497.411519289017,7497.411668300629,7497.410327196121,7497.409880161285,0.0004470348358154297,0.0004470348358154297,-0.0005960464477539062,-0.001043081283569336
1,1517,15.17,7497.411370277405,7497.411817312241,7497.410923242569,7497.410476207733,-0.00014901161193847656,0.00014901161193847656,0.0005960464477539062,0.0005960464477539062
1,1518,15.18,7497.411370277405,7497.411519289017,7497.410625219345,7497.410327196121,0.0,-0.0002980232238769531,-0.0002980232238769531,-0.00014901161193847656
1,1519,15.19,7497.411370277405,7497.411668300629,7497.410625219345,7497.410625219345,0.0,0.00014901161193847656,0.0,0.0002980232238769531
1,1520,15.200000000000001,7497.410774230957,7497.411668300629,7497.410625219345,7497.411221265793,-0.0005960464477539062,0.0,0.0,0.0005960464477539062
1,1521,15.21,7497.410923242569,7497.411817312241,7497.410923242569,7497.410923242569,0.00014901161193847656,0.00014901161193847656,0.0002980232238769531,-0.0002980232238769531
1,1522,15.22,7497.411072254181,7497.411668300629,7497.410625219345,7497.410923242569,0.00014901161193847656,-0.00014901161193847656,-0.0002980232238769531,0.0
1,1523,15.23,7497.411072254181,7497.411072254181,7497.410923242569,7497.411817312241,0.0,-0.0005960464477539062,0.0002980232238769531,0.0008940696716308594
1,1524,15.24,7497.411668300629,7497.411370277405,7497.410625219345,7497.4121153354645,0.0005960464477539062,0.0002980232238769531,-0.0002980232238769531,0.0002980232238769531
1,1525,15.25,7497.411519289017,7497.411072254181,7497.410625219345,7497.411519289017,-0.00014901161193847656,-0.0002980232238769531,0.0,-0.0005960464477539062
1,1526,15.26,7497.411519289017,7497.411221265793,7497.410923242569,7497.411668300629,0.0,0.00014901161193847656,0.0002980232238769531,0.00014901161193847656
1,1527,15.27,7497.411370277405,7497.411668300629,7497.410923242569,7497.411519289017,-0.00014901161193847656,0.0004470348358154297,0.0,-0.00014901161193847656
1,1528,15.280000000000001,7497.411519289017,7497.411370277405,7497.410923242569,7497.411668300629,0.00014901161193847656,-0.0002980232238769531,0.0,0.00014901161193847656
1,1529,15.290000000000001,7497.411370277405,7497.411370277405,7497.410923242569,7497.411668300629,-0.00014901161193847656,0.0,0.0,0.0
1,1530,15.3,7497.411519289017,7497.411668300629,7497.410327196121,7497.4119663238525,0.00014901161193847656,0.0002980232238769531,-0.0005960464477539062,0.0002980232238769531
1,1531,15.31,7497.411519289017,7497.411668300629,7497.410923242569,7497.411221265793,0.0,0.0,0.0005960464477539062,-0.0007450580596923828
1,1532,15.32,7497.411668300629,7497.411668300629,7497.410327196121,7497.411668300629,0.00014901161193847656,0.0,-0.0005960464477539062,0.0004470348358154297
1,1533,15.33,7497.411370277405,7497.411519289017,7497.411519289017,7497.410476207733,-0.0002980232238769531,-0.00014901161193847656,0.0011920928955078125,-0.0011920928955078125
1,1534,15.34,7497.411072254181,7497.4121153354645,7497.410029172897,7497.411370277405,-0.0002980232238769531,0.0005960464477539062,-0.0014901161193847656,0.0008940696716308594
1,1535,15.35,7497.411370277405,7497.411370277405,7497.410923242569,7497.410774230957,0.0002980232238769531,-0.0007450580596923828,0.0008940696716308594,-0.0005960464477539062
1,1536,15.36,7497.410774230957,7497.4119663238525,7497.410625219345,7497.411221265793,-0.0005960464477539062,0.0005960464477539062,-0.0002980232238769531,0.0004470348358154297
1,1537,15.370000000000001,7497.4119663238525,7497.410625219345,7497.410625219345,7497.412711381912,0.0011920928955078125,-0.001341104507446289,0.0,0.0014901161193847656
1,1538,15.38,7497.411370277405,7497.411370277405,7497.410327196121,7497.412413358688,-0.0005960464477539062,0.0007450580596923828,-0.0002980232238769531,-0.0002980232238769531
1,1539,15.39,7497.411370277405,7497.411817312241,7497.410923242569,7497.410625219345,0.0,0.0004470348358154297,0.0005960464477539062,-0.0017881393432617188
1,1540,15.4,7497.411072254181,7497.4119663238525,7497.410923242569,7497.411370277405,-0.0002980232238769531,0.00014901161193847656,0.0,0.0007450580596923828
1,1541,15.41,7497.411519289017,7497.411221265793,7497.410923242569,7497.411221265793,0.0004470348358154297,-0.0007450580596923828,0.0,-0.00014901161193847656
1,1542,15.42,7497.411817312241,7497.411668300629,7497.410625219345,7497.411519289017,0.0002980232238769531,0.0004470348358154297,-0.0002980232238769531,0.0002980232238769531
1,1543,15.43,7497.411370277405,7497.411370277405,7497.410923242569,7497.411221265793,-0.0004470348358154297,-0.0002980232238769531,0.0002980232238769531,-0.0002980232238769531
1,1544,15.44,7497.411668300629,7497.411668300629,7497.410327196121,7497.411519289017,0.0002980232238769531,0.0002980232238769531,-0.0005960464477539062,0.0002980232238769531
1,1545,15.450000000000001,7497.411221265793,7497.411668300629,7497.410923242569,7497.411221265793,-0.0004470348358154297,0.0,0.0005960464477539062,-0.0002980232238769531
1,1546,15.46,7497.411370277405,7497.411817312241,7497.410923242569,7497.411221265793,0.00014901161193847656,0.00014901161193847656,0.0,0.0
1,1547,15.47,7497.411519289017,7497.411072254181,7497.410625219345,7497.411370277405,0.00014901161193847656,-0.0007450580596923828,-0.0002980232238769531,0.00014901161193847656
1,1548,15.48,7497.411370277405,7497.4119663238525,7497.410923242569,7497.411221265793,-0.00014901161193847656,0.0008940696716308594,0.0002980232238769531,-0.00014901161193847656
1,1549,15.49,7497.4119663238525,7497.410774230957,7497.410327196121,7497.412711381912,0.0005960464477539062,-0.0011920928955078125,-0.0005960464477539062,0.0014901161193847656
1,1550,15.5,7497.411668300629,7497.411668300629,7497.410327196121,7497.4125623703,-0.0002980232238769531,0.0008940696716308594,0.0,-0.00014901161193847656
1,1551,15.51,7497.4121153354645,7497.4119663238525,7497.411221265793,7497.40943312645,0.0004470348358154297,0.0002980232238769531,0.0008940696716308594,-0.003129243850708008
1,1552,15.52,7497.411221265793,7497.411519289017,7497.410625219345,7497.4119663238525,-0.0008940696716308594,-0.0004470348358154297,-0.0005960464477539062,0.0025331974029541016
1,1553,15.530000000000001,7497.411817312241,7497.411668300629,7497.410625219345,7497.411370277405,0.0005960464477539062,0.00014901161193847656,0.0,-0.0005960464477539062
1,1554,15.540000000000001,7497.411668300629,7497.411221265793,7497.410923242569,7497.411519289017,-0.00014901161193847656,-0.0004470348358154297,0.0002980232238769531,0.00014901161193847656
1,1555,15.55,7497.411668300629,7497.411817312241,7497.410625219345,7497.411221265793,0.0,0.0005960464477539062,-0.0002980232238769531,-0.0002980232238769531
1,1556,15.56,7497.411668300629,7497.411221265793,7497.410923242569,7497.411519289017,0.0,-0.0005960464477539062,0.0002980232238769531,0.0002980232238769531
1,1557,15.57,7497.411668300629,7497.411519289017,7497.410625219345,7497.411221265793,0.0,0.0002980232238769531,-0.0002980232238769531,-0.0002980232238769531
1,1558,15.58,7497.411370277405,7497.412264347076,7497.410923242569,7497.411221265793,-0.0002980232238769531,0.0007450580596923828,0.0002980232238769531,0.0
1,1559,15.59,7497.411221265793,7497.410178184509,7497.412413358688,7497.412711381912,-0.00014901161193847656,-0.002086162567138672,0.0014901161193847656,0.0014901161193847656
1,1560,15.6,7497.411221265793,7497.411221265793,7497.411221265793,7497.412711381912,0.0,0.001043081283569336,-0.0011920928955078125,0.0
1,1561,15.610000000000001,7497.411668300629,7497.410774230957,7497.411519289017,7497.411817312241,0.0004470348358154297,-0.0004470348358154297,0.0002980232238769531,-0.0008940696716308594
1,1562,15.620000000000001,7497.411668300629,7497.411072254181,7497.411519289017,7497.411817312241,0.0,0.0002980232238769531,0.0,0.0
1,1563,15.63,7497.413158416748,7497.411817312241,7497.410327196121,7497.410774230957,0.0014901161193847656,0.0007450580596923828,-0.0011920928955078125,-0.001043081283569336
1,1564,15.64,7497.412264347076,7497.411668300629,7497.410923242569,7497.411519289017,-0.0008940696716308594,-0.00014901161193847656,0.0005960464477539062,0.0007450580596923828
1,1565,15.65,7497.412264347076,7497.411519289017,7497.410923242569,7497.411519289017,0.0,-0.00014901161193847656,0.0,0.0
1,1566,15.66,7497.412264347076,7497.412413358688,7497.410327196121,7497.410625219345,0.0,0.0008940696716308594,-0.0005960464477539062,-0.0008940696716308594
1,1567,15.67,7497.412711381912,7497.412264347076,7497.410625219345,7497.410923242569,0.0004470348358154297,-0.00014901161193847656,0.0002980232238769531,0.0002980232238769531
1,1568,15.68,7497.412264347076,7497.4119663238525,7497.410327196121,7497.410923242569,-0.0004470348358154297,-0.0002980232238769531,-0.0002980232238769531,0.0
1,1569,15.69,7497.4125623703,7497.411668300629,7497.410923242569,7497.410923242569,0.0002980232238769531,-0.0002980232238769531,0.0005960464477539062,0.0
1,1570,15.700000000000001,7497.410327196121,7497.411072254181,7497.411817312241,7497.412711381912,-0.0022351741790771484,-0.0005960464477539062,0.0008940696716308594,0.0017881393432617188
1,1571,15.71,7497.4119663238525,7497.411668300629,7497.411519289017,7497.410625219345,0.0016391277313232422,0.0005960464477539062,-0.0002980232238769531,-0.002086162567138672
1,1572,15.72,7497.411668300629,7497.411817312241,7497.411221265793,7497.411221265793,-0.0002980232238769531,0.00014901161193847656,-0.0002980232238769531,0.0005960464477539062
1,1573,15.73,7497.411668300629,7497.411817312241,7497.411221265793,7497.411221265793,0.0,0.0,0.0,0.0
1,1574,15.74,7497.4119663238525,7497.411221265793,7497.411519289017,7497.410476207733,0.0002980232238769531,-0.0005960464477539062,0.0002980232238769531,-0.0007450580596923828
1,1575,15.75,7497.411519289017,7497.411668300629,7497.411221265793,7497.411668300629,-0.0004470348358154297,0.0004470348358154297,-0.0002980232238769531,0.0011920928955078125
1,1576,15.76,7497.411519289017,7497.4119663238525,7497.411221265793,7497.411221265793,0.0,0.0002980232238769531,0.0,-0.0004470348358154297
1,1577,15.77,7497.4119663238525,7497.4119663238525,7497.411221265793,7497.410625219345,0.0004470348358154297,0.0,0.0,-0.0005960464477539062
1,1578,15.780000000000001,7497.4119663238525,7497.411072254181,7497.410327196121,7497.412413358688,0.0,-0.0008940696716308594,-0.0008940696716308594,0.0017881393432617188
1,1579,15.790000000000001,7497.4121153354645,7497.4121153354645,7497.410923242569,7497.4119663238525,0.00014901161193847656,0.001043081283569336,0.0005960464477539062,-0.0004470348358154297
1,1580,15.8,7497.412264347076,7497.411221265793,7497.410625219345,7497.411668300629,0.00014901161193847656,-0.0008940696716308594,-0.0002980232238769531,-0.0002980232238769531
1,1581,15.81,7497.4119663238525,7497.4119663238525,7497.4121153354645,7497.410476207733,-0.0002980232238769531,0.0007450580596923828,0.0014901161193847656,-0.0011920928955078125
1,1582,15.82,7497.411668300629,7497.411668300629,7497.410923242569,7497.411370277405,-0.0002980232238769531,-0.0002980232238769531,-0.0011920928955078125,0.0008940696716308594
1,1583,15.83,7497.411519289017,7497.4119663238525,7497.411519289017,7497.411221265793,-0.00014901161193847656,0.0002980232238769531,0.0005960464477539062,-0.00014901161193847656
1,1584,15.84,7497.411072254181,7497.411072254181,7497.411817312241,7497.4119663238525,-0.0004470348358154297,-0.0008940696716308594,0.0002980232238769531,0.0007450580596923828
1,1585,15.85,7497.411370277405,7497.4119663238525,7497.411519289017,7497.411221265793,0.0002980232238769531,0.0008940696716308594,-0.0002980232238769531,-0.0007450580596923828
1,1586,15.860000000000001,7497.411370277405,7497.411519289017,7497.411519289017,7497.411072254181,0.0,-0.0004470348358154297,0.0,-0.00014901161193847656
1,1587,15.870000000000001,7497.4121153354645,7497.410774230957,7497.410625219345,7497.413009405136,0.0007450580596923828,-0.0007450580596923828,-0.0008940696716308594,0.0019371509552001953
1,1588,15.88,7497.4119663238525,7497.411072254181,7497.410923242569,7497.411817312241,-0.00014901161193847656,0.0002980232238769531,0.0002980232238769531,-0.0011920928955078125
1,1589,15.89,7497.4119663238525,7497.411370277405,7497.411221265793,7497.411519289017,0.0,0.0002980232238769531,0.0002980232238769531,-0.0002980232238769531
1,1590,15.9,7497.4119663238525,7497.410923242569,7497.411221265793,7497.411519289017,0.0,-0.0004470348358154297,0.0,0.0
1,1591,15.91,7497.410327196121,7497.412860393524,7497.411817312241,7497.410774230957,-0.0016391277313232422,0.0019371509552001953,0.0005960464477539062,-0.0007450580596923828
1,1592,15.92,7497.411072254181,7497.411519289017,7497.411519289017,7497.411370277405,0.0007450580596923828,-0.001341104507446289,-0.0002980232238769531,0.0005960464477539062
1,1593,15.93,7497.410476207733,7497.4125623703,7497.411519289017,7497.410476207733,-0.0005960464477539062,0.001043081283569336,0.0,-0.0008940696716308594
1,1594,15.94,7497.412264347076,7497.411072254181,7497.410923242569,7497.411519289017,0.0017881393432617188,-0.0014901161193847656,-0.0005960464477539062,0.001043081283569336
1,1595,15.950000000000001,7497.411370277405,7497.4119663238525,7497.410923242569,7497.411370277405,-0.0008940696716308594,0.0008940696716308594,0.0,-0.00014901161193847656
1,1596,15.96,7497.4119663238525,7497.411519289017,7497.411221265793,7497.411221265793,0.0005960464477539062,-0.0004470348358154297,0.0002980232238769531,-0.00014901161193847656
1,1597,15.97,7497.411668300629,7497.4119663238525,7497.410923242569,7497.411519289017,-0.0002980232238769531,0.0004470348358154297,-0.0002980232238769531,0.0002980232238769531
1,1598,15.98,7497.411668300629,7497.411668300629,7497.411221265793,7497.411072254181,0.0,-0.0002980232238769531,0.0002980232238769531,-0.0004470348358154297
1,1599,15.99,7497.411370277405,7497.411668300629,7497.410923242569,7497.411519289017,-0.0002980232238769531,0.0,-0.0002980232238769531,0.0004470348358154297
1,1600,16.0,7497.411668300629,7497.411668300629,7497.410923242569,7497.411221265793,0.0002980232238769531,0.0,0.0,-0.0002980232238769531
1,1601,16.01,7497.411370277405,7497.411817312241,7497.410923242569,7497.411221265793,-0.0002980232238769531,0.00014901161193847656,0.0,0.0
1,1602,16.02,7497.4119663238525,7497.411370277405,7497.411221265793,7497.411519289017,0.0005960464477539062,-0.0004470348358154297,0.0002980232238769531,0.0002980232238769531
1,1603,16.03,7497.411072254181,7497.412264347076,7497.410923242569,7497.411221265793,-0.0008940696716308594,0.0008940696716308594,-0.0002980232238769531,-0.0002980232238769531
1,1604,16.04,7497.410178184509,7497.410923242569,7497.4121153354645,7497.412413358688,-0.0008940696716308594,-0.001341104507446289,0.0011920928955078125,0.0011920928955078125
1,1605,16.05,7497.410923242569,7497.411817312241,7497.411519289017,7497.412413358688,0.0007450580596923828,0.0008940696716308594,-0.0005960464477539062,0.0
1,1606,16.06,7497.410774230957,7497.411370277405,7497.411519289017,7497.4121153354645,-0.00014901161193847656,-0.0004470348358154297,0.0,-0.0002980232238769531
1,1607,16.07,7497.411072254181,7497.412264347076,7497.411519289017,7497.4119663238525,0.0002980232238769531,0.0008940696716308594,0.0,-0.00014901161193847656
1,1608,16.080000000000002,7497.411817312241,7497.410774230957,7497.410625219345,7497.413754463196,0.0007450580596923828,-0.0014901161193847656,-0.0008940696716308594,0.0017881393432617188
1,1609,16.09,7497.4121153354645,7497.410774230957,7497.411519289017,7497.412413358688,0.0002980232238769531,0.0,0.0008940696716308594,-0.001341104507446289
1,1610,16.1,7497.4119663238525,7497.410923242569,7497.411221265793,7497.412264347076,-0.00014901161193847656,0.00014901161193847656,-0.0002980232238769531,-0.00014901161193847656
1,1611,16.11,7497.410923242569,7497.411519289017,7497.411519289017,7497.4121153354645,-0.001043081283569336,0.0005960464477539062,0.0002980232238769531,-0.00014901161193847656
1,1612,16.12,7497.412264347076,7497.4119663238525,7497.410923242569,7497.410625219345,0.001341104507446289,0.0004470348358154297,-0.0005960464477539062,-0.0014901161193847656
1,1613,16.13,7497.411519289017,7497.4119663238525,7497.410923242569,7497.411519289017,-0.0007450580596923828,0.0,0.0,0.0008940696716308594
1,1614,16.14,7497.4119663238525,7497.411370277405,7497.410923242569,7497.411370277405,0.0004470348358154297,-0.0005960464477539062,0.0,-0.00014901161193847656
1,1615,16.15,7497.410178184509,7497.411668300629,7497.4121153354645,7497.41330742836,-0.0017881393432617188,0.0002980232238769531,0.0011920928955078125,0.0019371509552001953
1,1616,16.16,7497.411668300629,7497.411370277405,7497.411519289017,7497.412413358688,0.0014901161193847656,-0.0002980232238769531,-0.0005960464477539062,-0.0008940696716308594
1,1617,16.17,7497.410625219345,7497.411370277405,7497.411817312241,7497.4125623703,-0.001043081283569336,0.0,0.0002980232238769531,0.00014901161193847656
1,1618,16.18,7497.4119663238525,7497.411817312241,7497.410923242569,7497.411519289017,0.001341104507446289,0.0004470348358154297,-0.0008940696716308594,-0.001043081283569336
1,1619,16.19,7497.411519289017,7497.411668300629,7497.411519289017,7497.4119663238525,-0.0004470348358154297,-0.00014901161193847656,0.0005960464477539062,0.0004470348358154297
1,1620,16.2,7497.411668300629,7497.411519289017,7497.411519289017,7497.411817312241,0.00014901161193847656,-0.00014901161193847656,0.0,-0.00014901161193847656
1,1621,16.21,7497.411668300629,7497.4119663238525,7497.411519289017,7497.411668300629,0.0,0.0004470348358154297,0.0,-0.00014901161193847656
1,1622,16.22,7497.411668300629,7497.411221265793,7497.411519289017,7497.4121153354645,0.0,-0.0007450580596923828,0.0,0.0004470348358154297
1,1623,16.23,7497.411817312241,7497.411370277405,7497.411519289017,7497.4121153354645,0.00014901161193847656,0.00014901161193847656,0.0,0.0
1,1624,16.240000000000002,7497.411072254181,7497.411370277405,7497.411519289017,7497.4121153354645,-0.0007450580596923828,0.0,0.0,0.0
1,1625,16.25,7497.411370277405,7497.411370277405,7497.411519289017,7497.412264347076,0.0002980232238769531,0.0,0.0,0.00014901161193847656
1,1626,16.26,7497.411668300629,7497.411817312241,7497.411519289017,7497.411817312241,0.0002980232238769531,0.0004470348358154297,0.0,-0.0004470348358154297
1,1627,16.27,7497.411817312241,7497.411370277405,7497.411519289017,7497.412264347076,0.00014901161193847656,-0.0004470348358154297,0.0,0.0004470348358154297
1,1628,16.28,7497.411221265793,7497.411221265793,7497.411817312241,7497.4121153354645,-0.0005960464477539062,-0.00014901161193847656,0.0002980232238769531,-0.00014901161193847656
1,1629,16.29,7497.4119663238525,7497.411370277405,7497.411221265793,7497.4121153354645,0.0007450580596923828,0.00014901161193847656,-0.0005960464477539062,0.0
1,1630,16.3,7497.411072254181,7497.411519289017,7497.411519289017,7497.4121153354645,-0.0008940696716308594,0.00014901161193847656,0.0002980232238769531,0.0
1,1631,16.31,7497.4119663238525,7497.411668300629,7497.411221265793,7497.4121153354645,0.0008940696716308594,0.00014901161193847656,-0.0002980232238769531,0.0
1,1632,16.32,7497.411370277405,7497.410923242569,7497.411519289017,7497.412711381912,-0.0005960464477539062,-0.0007450580596923828,0.0002980232238769531,0.0005960464477539062
1,1633,16.330000000000002,7497.410774230957,7497.4121153354645,7497.4121153354645,7497.410923242569,-0.0005960464477539062,0.0011920928955078125,0.0005960464477539062,-0.0017881393432617188
1,1634,16.34,7497.410923242569,7497.411817312241,7497.4121153354645,7497.411817312241,0.00014901161193847656,-0.0002980232238769531,0.0,0.0008940696716308594
1,1635,16.35,7497.410774230957,7497.411817312241,7497.411817312241,7497.411817312241,-0.00014901161193847656,0.0,-0.0002980232238769531,0.0
1,1636,16.36,7497.410923242569,7497.411519289017,7497.411817312241,7497.411519289017,0.00014901161193847656,-0.0002980232238769531,0.0,-0.0002980232238769531
1,1637,16.37,7497.411072254181,7497.411519289017,7497.411519289017,7497.411817312241,0.00014901161193847656,0.0,-0.0002980232238769531,0.0002980232238769531
1,1638,16.38,7497.411072254181,7497.411519289017,7497.411817312241,7497.411817312241,0.0,0.0,0.0002980232238769531,0.0
1,1639,16.39,7497.412264347076,7497.412264347076,7497.410923242569,7497.410327196121,0.0011920928955078125,0.0007450580596923828,-0.0008940696716308594,-0.0014901161193847656
1,1640,16.4,7497.4125623703,7497.410774230957,7497.410923242569,7497.4121153354645,0.0002980232238769531,-0.0014901161193847656,0.0,0.0017881393432617188
1,1641,16.41,7497.412264347076,7497.411668300629,7497.410923242569,7497.411817312241,-0.0002980232238769531,0.0008940696716308594,0.0,-0.0002980232238769531
1,1642,16.42,7497.412264347076,7497.411668300629,7497.411221265793,7497.411817312241,0.0,0.0,0.0002980232238769531,0.0
1,1643,16.43,7497.411072254181,7497.412264347076,7497.411519289017,7497.410327196121,-0.0011920928955078125,0.0005960464477539062,0.0002980232238769531,-0.0014901161193847656
1,1644,16.44,7497.411370277405,7497.4119663238525,7497.411519289017,7497.411072254181,0.0002980232238769531,-0.0002980232238769531,0.0,0.0007450580596923828
1,1645,16.45,7497.411668300629,7497.411668300629,7497.411817312241,7497.411370277405,0.0002980232238769531,-0.0002980232238769531,0.0002980232238769531,0.0002980232238769531
1,1646,16.46,7497.4125623703,7497.410923242569,7497.410923242569,7497.412413358688,0.0008940696716308594,-0.0007450580596923828,-0.0008940696716308594,0.001043081283569336
1,1647,16.47,7497.411072254181,7497.410178184509,7497.411817312241,7497.413903474808,-0.0014901161193847656,-0.0007450580596923828,0.0008940696716308594,0.0014901161193847656
1,1648,16.48,7497.410774230957,7497.4125623703,7497.4121153354645,7497.411072254181,-0.0002980232238769531,0.002384185791015625,0.0002980232238769531,-0.0028312206268310547
1,1649,16.490000000000002,7497.412264347076,7497.411817312241,7497.410923242569,7497.410327196121,0.0014901161193847656,-0.0007450580596923828,-0.0011920928955078125,-0.0007450580596923828
1,1650,16.5,7497.411519289017,7497.411817312241,7497.411519289017,7497.411221265793,-0.0007450580596923828,0.0,0.0005960464477539062,0.0008940696716308594
1,1651,16.51,7497.412264347076,7497.411221265793,7497.411221265793,7497.411519289017,0.0007450580596923828,-0.0005960464477539062,-0.0002980232238769531,0.0002980232238769531
1,1652,16.52,7497.410774230957,7497.410923242569,7497.4121153354645,7497.413158416748,-0.0014901161193847656,-0.0002980232238769531,0.0008940696716308594,0.0016391277313232422
1,1653,16.53,7497.411668300629,7497.411370277405,7497.411221265793,7497.412413358688,0.0008940696716308594,0.0004470348358154297,-0.0008940696716308594,-0.0007450580596923828
1,1654,16.54,7497.410327196121,7497.4119663238525,7497.4121153354645,7497.411370277405,-0.001341104507446289,0.0005960464477539062,0.0008940696716308594,-0.001043081283569336
1,1655,16.55,7497.411370277405,7497.411668300629,7497.411817312241,7497.411519289017,0.001043081283569336,-0.0002980232238769531,-0.0002980232238769531,0.00014901161193847656
1,1656,16.56,7497.4125623703,7497.411519289017,7497.410923242569,7497.411221265793,0.0011920928955078125,-0.00014901161193847656,-0.0008940696716308594,-0.0002980232238769531
1,1657,16.57,7497.411668300629,7497.411668300629,7497.410923242569,7497.411519289017,-0.0008940696716308594,0.00014901161193847656,0.0,0.0002980232238769531
1,1658,16.580000000000002,7497.411817312241,7497.411668300629,7497.411519289017,7497.411519289017,0.00014901161193847656,0.0,0.0005960464477539062,0.0
1,1659,16.59,7497.411817312241,7497.411668300629,7497.411519289017,7497.411370277405,0.0,0.0,0.0,-0.00014901161193847656
1,1660,16.6,7497.411221265793,7497.411370277405,7497.4121153354645,7497.4121153354645,-0.0005960464477539062,-0.0002980232238769531,0.0005960464477539062,0.0007450580596923828
1,1661,16.61,7497.411221265793,7497.411668300629,7497.411519289017,7497.4119663238525,0.0,0.0002980232238769531,-0.0005960464477539062,-0.00014901161193847656
1,1662,16.62,7497.4119663238525,7497.411817312241,7497.410923242569,7497.410625219345,0.0007450580596923828,0.00014901161193847656,-0.0005960464477539062,-0.001341104507446289
1,1663,16.63,7497.411370277405,7497.4119663238525,7497.411519289017,7497.411370277405,-0.0005960464477539062,0.00014901161193847656,0.0005960464477539062,0.0007450580596923828
1,1664,16.64,7497.411668300629,7497.411668300629,7497.411519289017,7497.411370277405,0.0002980232238769531,-0.0002980232238769531,0.0,0.0
1,1665,16.65,7497.410774230957,7497.410774230957,7497.4121153354645,7497.413903474808,-0.0008940696716308594,-0.0008940696716308594,0.0005960464477539062,0.0025331974029541016
1,1666,16.66,7497.411668300629,7497.411668300629,7497.411221265793,7497.412711381912,0.0008940696716308594,0.0008940696716308594,-0.0008940696716308594,-0.0011920928955078125
1,1667,16.67,7497.411817312241,7497.412413358688,7497.411519289017,7497.410327196121,0.00014901161193847656,0.0007450580596923828,0.0002980232238769531,-0.002384185791015625
1,1668,16.68,7497.411370277405,7497.4119663238525,7497.411519289017,7497.411370277405,-0.0004470348358154297,-0.0004470348358154297,0.0,0.001043081283569336
1,1669,16.69,7497.4119663238525,7497.411668300629,7497.411519289017,7497.411370277405,0.0005960464477539062,-0.0002980232238769531,0.0,0.0
1,1670,16.7,7497.411668300629,7497.411668300629,7497.411519289017,7497.411370277405,-0.0002980232238769531,0.0,0.0,0.0
1,1671,16.71,7497.411370277405,7497.411668300629,7497.411221265793,7497.411519289017,-0.0002980232238769531,0.0,-0.0002980232238769531,0.00014901161193847656
1,1672,16.72,7497.410476207733,7497.410923242569,7497.4121153354645,7497.413456439972,-0.0008940696716308594,-0.0007450580596923828,0.0008940696716308594,0.0019371509552001953
1,1673,16.73,7497.411817312241,7497.411668300629,7497.411519289017,7497.412413358688,0.001341104507446289,0.0007450580596923828,-0.0005960464477539062,-0.001043081283569336
1,1674,16.740000000000002,7497.4121153354645,7497.4119663238525,7497.411221265793,7497.410625219345,0.0002980232238769531,0.0002980232238769531,-0.0002980232238769531,-0.0017881393432617188
1,1675,16.75,7497.411817312241,7497.4119663238525,7497.411519289017,7497.411221265793,-0.0002980232238769531,0.0,0.0002980232238769531,0.0005960464477539062
1,1676,16.76,7497.411817312241,7497.411668300629,7497.411519289017,7497.411221265793,0.0,-0.0002980232238769531,0.0,0.0
1,1677,16.77,7497.411519289017,7497.4119663238525,7497.411519289017,7497.411519289017,-0.0002980232238769531,0.0002980232238769531,0.0,0.0002980232238769531
1,1678,16.78,7497.410774230957,7497.410774230957,7497.4121153354645,7497.413605451584,-0.0007450580596923828,-0.0011920928955078125,0.0005960464477539062,0.002086162567138672
1,1679,16.79,7497.411072254181,7497.411668300629,7497.411519289017,7497.412711381912,0.0002980232238769531,0.0008940696716308594,-0.0005960464477539062,-0.0008940696716308594
1,1680,16.8,7497.4121153354645,7497.4121153354645,7497.411221265793,7497.410476207733,0.001043081283569336,0.0004470348358154297,-0.0002980232238769531,-0.0022351741790771484
1,1681,16.81,7497.411370277405,7497.411519289017,7497.411817312241,7497.411370277405,-0.0007450580596923828,-0.0005960464477539062,0.0005960464477539062,0.0008940696716308594
1,1682,16.82,7497.4119663238525,7497.4119663238525,7497.410923242569,7497.410923242569,0.0005960464477539062,0.0004470348358154297,-0.0008940696716308594,-0.0004470348358154297
1,1683,16.830000000000002,7497.4119663238525,7497.411668300629,7497.411519289017,7497.411221265793,0.0,-0.0002980232238769531,0.0005960464477539062,0.0002980232238769531
1,1684,16.84,7497.411668300629,7497.411519289017,7497.411519289017,7497.411519289017,-0.0002980232238769531,-0.00014901161193847656,0.0,0.0002980232238769531
1,1685,16.85,7497.410774230957,7497.410923242569,7497.411817312241,7497.413605451584,-0.0008940696716308594,-0.0005960464477539062,0.0002980232238769531,0.002086162567138672
1,1686,16.86,7497.411370277405,7497.411519289017,7497.411519289017,7497.412264347076,0.0005960464477539062,0.0005960464477539062,-0.0002980232238769531,-0.001341104507446289
1,1687,16.87,7497.4121153354645,7497.4119663238525,7497.410923242569,7497.410625219345,0.0007450580596923828,0.0004470348358154297,-0.0005960464477539062,-0.0016391277313232422
1,1688,16.88,7497.411668300629,7497.4119663238525,7497.411817312241,7497.411221265793,-0.0004470348358154297,0.0,0.0008940696716308594,0.0005960464477539062
1,1689,16.89,7497.4119663238525,7497.411668300629,7497.411221265793,7497.411221265793,0.0002980232238769531,-0.0002980232238769531,-0.0005960464477539062,0.0
1,1690,16.9,7497.4119663238525,7497.411370277405,7497.411519289017,7497.411370277405,0.0,-0.0002980232238769531,0.0002980232238769531,0.00014901161193847656
1,1691,16.91,7497.410476207733,7497.410923242569,7497.411817312241,7497.413605451584,-0.0014901161193847656,-0.0004470348358154297,0.0002980232238769531,0.0022351741790771484
1,1692,16.92,7497.411668300629,7497.411668300629,7497.411519289017,7497.412413358688,0.0011920928955078125,0.0007450580596923828,-0.0002980232238769531,-0.0011920928955078125
1,1693,16.93,7497.4119663238525,7497.4125623703,7497.411221265793,7497.410625219345,0.0002980232238769531,0.0008940696716308594,-0.0002980232238769531,-0.0017881393432617188
1,1694,16.94,7497.411370277405,7497.4119663238525,7497.411817312241,7497.411370277405,-0.0005960464477539062,-0.0005960464477539062,0.0005960464477539062,0.0007450580596923828
1,1695,16.95,7497.4119663238525,7497.411668300629,7497.411519289017,7497.411221265793,0.0005960464477539062,-0.0002980232238769531,-0.0002980232238769531,-0.00014901161193847656
1,1696,16.96,7497.411668300629,7497.411519289017,7497.411519289017,7497.411370277405,-0.0002980232238769531,-0.00014901161193847656,0.0,0.00014901161193847656
1,1697,16.97,7497.4121153354645,7497.411221265793,7497.411221265793,7497.4119663238525,0.0004470348358154297,-0.0002980232238769531,-0.0002980232238769531,0.0005960464477539062
1,1698,16.98,7497.4121153354645,7497.411370277405,7497.411519289017,7497.411817312241,0.0,0.00014901161193847656,0.0002980232238769531,-0.00014901161193847656
1,1699,16.990000000000002,7497.412264347076,7497.411817312241,7497.410923242569,7497.411817312241,0.00014901161193847656,0.0004470348358154297,-0.0005960464477539062,0.0
1,1700,17.0,7497.412264347076,7497.411519289017,7497.411817312241,7497.411817312241,0.0,-0.0002980232238769531,0.0008940696716308594,0.0
1,1701,17.01,7497.411072254181,7497.410923242569,7497.411519289017,7497.413605451584,-0.0011920928955078125,-0.0005960464477539062,-0.0002980232238769531,0.0017881393432617188
1,1702,17.02,7497.412413358688,7497.412413358688,7497.410923242569,7497.410327196121,0.001341104507446289,0.0014901161193847656,-0.0005960464477539062,-0.0032782554626464844
1,1703,17.03,7497.411668300629,7497.411370277405,7497.411519289017,7497.411519289017,-0.0007450580596923828,-0.001043081283569336,0.0005960464477539062,0.0011920928955078125
1,1704,17.04,7497.412264347076,7497.411668300629,7497.411221265793,7497.411817312241,0.0005960464477539062,0.0002980232238769531,-0.0002980232238769531,0.0002980232238769531
1,1705,17.05,7497.412264347076,7497.411370277405,7497.411221265793,7497.411221265793,0.0,-0.0002980232238769531,0.0,-0.0005960464477539062
1,1706,17.06,7497.4119663238525,7497.411668300629,7497.411519289017,7497.4121153354645,-0.0002980232238769531,0.0002980232238769531,0.0002980232238769531,0.0008940696716308594
1,1707,17.07,7497.412264347076,7497.411519289017,7497.411221265793,7497.411370277405,0.0002980232238769531,-0.00014901161193847656,-0.0002980232238769531,-0.0007450580596923828
1,1708,17.080000000000002,7497.411668300629,7497.4119663238525,7497.411519289017,7497.4121153354645,-0.0005960464477539062,0.0004470348358154297,0.0002980232238769531,0.0007450580596923828
1,1709,17.09,7497.411072254181,7497.410774230957,7497.4121153354645,7497.413605451584,-0.0005960464477539062,-0.0011920928955078125,0.0005960464477539062,0.0014901161193847656
1,1710,17.1,7497.411370277405,7497.411370277405,7497.411221265793,7497.412711381912,0.0002980232238769531,0.0005960464477539062,-0.0008940696716308594,-0.0008940696716308594
1,1711,17.11,7497.412264347076,7497.4121153354645,7497.410923242569,7497.410923242569,0.0008940696716308594,0.0007450580596923828,-0.0002980232238769531,-0.0017881393432617188
1,1712,17.12,7497.4119663238525,7497.411668300629,7497.411519289017,7497.411370277405,-0.0002980232238769531,-0.0004470348358154297,0.0005960464477539062,0.0004470348358154297
1,1713,17.13,7497.412264347076,7497.411668300629,7497.410923242569,7497.411221265793,0.0002980232238769531,0.0,-0.0005960464477539062,-0.00014901161193847656
1,1714,17.14,7497.411072254181,7497.412413358688,7497.411817312241,7497.410625219345,-0.0011920928955078125,0.0007450580596923828,0.0008940696716308594,-0.0005960464477539062
1,1715,17.150000000000002,7497.411668300629,7497.4119663238525,7497.411817312241,7497.411072254181,0.0005960464477539062,-0.0004470348358154297,0.0,0.0004470348358154297
1,1716,17.16,7497.411817312241,7497.4119663238525,7497.411519289017,7497.410923242569,0.00014901161193847656,0.0,-0.0002980232238769531,-0.00014901161193847656
1,1717,17.17,7497.411519289017,7497.4119663238525,7497.411519289017,7497.410923242569,-0.0002980232238769531,0.0,0.0,0.0
1,1718,17.18,7497.411519289017,7497.410476207733,7497.411221265793,7497.413903474808,0.0,-0.0014901161193847656,-0.0002980232238769531,0.0029802322387695312
1,1719,17.19,7497.411668300629,7497.411519289017,7497.411221265793,7497.412711381912,0.00014901161193847656,0.001043081283569336,0.0,-0.0011920928955078125
1,1720,17.2,7497.410774230957,7497.412413358688,7497.4121153354645,7497.410923242569,-0.0008940696716308594,0.0008940696716308594,0.0008940696716308594,-0.0017881393432617188
1,1721,17.21,7497.411221265793,7497.4119663238525,7497.411519289017,7497.411370277405,0.0004470348358154297,-0.0004470348358154297,-0.0005960464477539062,0.0004470348358154297
1,1722,17.22,7497.411668300629,7497.4125623703,7497.411519289017,7497.410625219345,0.0004470348358154297,0.0005960464477539062,0.0,-0.0007450580596923828
1,1723,17.23,7497.411519289017,7497.411817312241,7497.411817312241,7497.411221265793,-0.00014901161193847656,-0.0007450580596923828,0.0002980232238769531,0.0005960464477539062
1,1724,17.240000000000002,7497.411817312241,7497.412264347076,7497.411519289017,7497.410178184509,0.0002980232238769531,0.0004470348358154297,-0.0002980232238769531,-0.001043081283569336
1,1725,17.25,7497.411072254181,7497.410178184509,7497.4121153354645,7497.41330742836,-0.0007450580596923828,-0.002086162567138672,0.0005960464477539062,0.003129243850708008
1,1726,17.26,7497.411370277405,7497.411370277405,7497.411519289017,7497.413009405136,0.0002980232238769531,0.0011920928955078125,-0.0005960464477539062,-0.0002980232238769531
1,1727,17.27,7497.411668300629,7497.411370277405,7497.411817312241,7497.4125623703,0.0002980232238769531,0.0,0.0002980232238769531,-0.0004470348358154297
1,1728,17.28,7497.4125623703,7497.411668300629,7497.410923242569,7497.411072254181,0.0008940696716308594,0.0002980232238769531,-0.0008940696716308594,-0.0014901161193847656
1,1729,17.29,7497.4119663238525,7497.411519289017,7497.411817312241,7497.411221265793,-0.0005960464477539062,-0.00014901161193847656,0.0008940696716308594,0.00014901161193847656
1,1730,17.3,7497.4119663238525,7497.411668300629,7497.411221265793,7497.411519289017,0.0,0.00014901161193847656,-0.0005960464477539062,0.0002980232238769531
1,1731,17.31,7497.4119663238525,7497.411668300629,7497.411519289017,7497.411519289017,0.0,0.0,0.0002980232238769531,0.0
1,1732,17.32,7497.4119663238525,7497.411668300629,7497.411519289017,7497.411519289017,0.0,0.0,0.0,0.0
1,1733,17.330000000000002,7497.4119663238525,7497.411668300629,7497.411519289017,7497.411519289017,0.0,0.0,0.0,0.0
1,1734,17.34,7497.411072254181,7497.412860393524,7497.4121153354645,7497.410029172897,-0.0008940696716308594,0.0011920928955078125,0.0005960464477539062,-0.0014901161193847656
1,1735,17.35,7497.411668300629,7497.411668300629,7497.411817312241,7497.410625219345,0.0005960464477539062,-0.0011920928955078125,-0.0002980232238769531,0.0005960464477539062
1,1736,17.36,7497.412264347076,7497.410923242569,7497.411519289017,7497.4121153354645,0.0005960464477539062,-0.0007450580596923828,-0.0002980232238769531,0.0014901161193847656
1,1737,17.37,7497.4121153354645,7497.411519289017,7497.411221265793,7497.411817312241,-0.00014901161193847656,0.0005960464477539062,-0.0002980232238769531,-0.0002980232238769531
1,1738,17.38,7497.4119663238525,7497.411370277405,7497.411519289017,7497.411817312241,-0.00014901161193847656,-0.00014901161193847656,0.0002980232238769531,0.0
1,1739,17.39,7497.4119663238525,7497.411668300629,7497.411519289017,7497.411221265793,0.0,0.0002980232238769531,0.0,-0.0005960464477539062
1,1740,17.400000000000002,7497.4121153354645,7497.411519289017,7497.411519289017,7497.411817312241,0.00014901161193847656,-0.00014901161193847656,0.0,0.0005960464477539062
1,1741,17.41,7497.411072254181,7497.4125623703,7497.411817312241,7497.410178184509,-0.001043081283569336,0.001043081283569336,0.0002980232238769531,-0.0016391277313232422
1,1742,17.42,7497.411370277405,7497.411668300629,7497.411817312241,7497.410774230957,0.0002980232238769531,-0.0008940696716308594,0.0,0.0005960464477539062
1,1743,17.43,7497.4119663238525,7497.410923242569,7497.411221265793,7497.412413358688,0.0005960464477539062,-0.0007450580596923828,-0.0005960464477539062,0.0016391277313232422
1,1744,17.44,7497.4119663238525,7497.411370277405,7497.411519289017,7497.411370277405,0.0,0.0004470348358154297,0.0002980232238769531,-0.001043081283569336
1,1745,17.45,7497.411370277405,7497.411817312241,7497.411221265793,7497.4121153354645,-0.0005960464477539062,0.0004470348358154297,-0.0002980232238769531,0.0007450580596923828
1,1746,17.46,7497.411221265793,7497.410476207733,7497.4121153354645,7497.413009405136,-0.00014901161193847656,-0.001341104507446289,0.0008940696716308594,0.0008940696716308594
1,1747,17.47,7497.4125623703,7497.412413358688,7497.410923242569,7497.410774230957,0.001341104507446289,0.0019371509552001953,-0.0011920928955078125,-0.0022351741790771484
1,1748,17.48,7497.411519289017,7497.411221265793,7497.4121153354645,7497.411668300629,-0.001043081283569336,-0.0011920928955078125,0.0011920928955078125,0.0008940696716308594
1,1749,17.490000000000002,7497.410923242569,7497.412860393524,7497.411519289017,7497.410029172897,-0.0005960464477539062,0.0016391277313232422,-0.0005960464477539062,-0.0016391277313232422
1,1750,17.5,7497.411370277405,7497.4119663238525,7497.411519289017,7497.410625219345,0.0004470348358154297,-0.0008940696716308594,0.0,0.0005960464477539062
1,1751,17.51,7497.4121153354645,7497.411370277405,7497.411221265793,7497.411817312241,0.0007450580596923828,-0.0005960464477539062,-0.0002980232238769531,0.0011920928955078125
1,1752,17.52,7497.411519289017,7497.411817312241,7497.411519289017,7497.411370277405,-0.0005960464477539062,0.0004470348358154297,0.0002980232238769531,-0.0004470348358154297
1,1753,17.53,7497.411817312241,7497.411668300629,7497.411519289017,7497.411519289017,0.0002980232238769531,-0.00014901161193847656,0.0,0.00014901161193847656
1,1754,17.54,7497.410625219345,7497.410774230957,7497.4121153354645,7497.413605451584,-0.0011920928955078125,-0.0008940696716308594,0.0005960464477539062,0.002086162567138672
1,1755,17.55,7497.4125623703,7497.411817312241,7497.410923242569,7497.410923242569,0.0019371509552001953,0.001043081283569336,-0.0011920928955078125,-0.002682209014892578
1,1756,17.56,7497.411519289017,7497.411668300629,7497.411817312241,7497.4121153354645,-0.001043081283569336,-0.00014901161193847656,0.0008940696716308594,0.0011920928955078125
1,1757,17.57,7497.4121153354645,7497.411668300629,7497.411519289017,7497.411370277405,0.0005960464477539062,0.0,-0.0002980232238769531,-0.0007450580596923828
1,1758,17.580000000000002,7497.411817312241,7497.411817312241,7497.411519289017,7497.411668300629,-0.0002980232238769531,0.00014901161193847656,0.0,0.0002980232238769531
1,1759,17.59,7497.4119663238525,7497.411519289017,7497.411519289017,7497.411817312241,0.00014901161193847656,-0.0002980232238769531,0.0,0.00014901161193847656
1,1760,17.6,7497.411519289017,7497.4119663238525,7497.411519289017,7497.411072254181,-0.0004470348358154297,0.0004470348358154297,0.0,-0.0007450580596923828
1,1761,17.61,7497.4119663238525,7497.411668300629,7497.411221265793,7497.410923242569,0.0004470348358154297,-0.0002980232238769531,-0.0002980232238769531,-0.00014901161193847656
1,1762,17.62,7497.410476207733,7497.410774230957,7497.411817312241,7497.413605451584,-0.0014901161193847656,-0.0008940696716308594,0.0005960464477539062,0.002682209014892578
1,1763,17.63,7497.411519289017,7497.411519289017,7497.411519289017,7497.412413358688,0.001043081283569336,0.0007450580596923828,-0.0002980232238769531,-0.0011920928955078125
1,1764,17.64,7497.411668300629,7497.412264347076,7497.411221265793,7497.410178184509,0.00014901161193847656,0.0007450580596923828,-0.0002980232238769531,-0.0022351741790771484
1,1765,17.650000000000002,7497.411370277405,7497.4119663238525,7497.411817312241,7497.411370277405,-0.0002980232238769531,-0.0002980232238769531,0.0005960464477539062,0.0011920928955078125
1,1766,17.66,7497.4119663238525,7497.412264347076,7497.410923242569,7497.411221265793,0.0005960464477539062,0.0002980232238769531,-0.0008940696716308594,-0.00014901161193847656
1,1767,17.67,7497.411519289017,7497.4119663238525,7497.411817312241,7497.411668300629,-0.0004470348358154297,-0.0002980232238769531,0.0008940696716308594,0.0004470348358154297
1,1768,17.68,7497.411668300629,7497.4119663238525,7497.411221265793,7497.411519289017,0.00014901161193847656,0.0,-0.0005960464477539062,-0.00014901161193847656
1,1769,17.69,7497.410774230957,7497.410625219345,7497.4121153354645,7497.41330742836,-0.0008940696716308594,-0.001341104507446289,0.0008940696716308594,0.0017881393432617188
1,1770,17.7,7497.4119663238525,7497.4119663238525,7497.411519289017,7497.412711381912,0.0011920928955078125,0.001341104507446289,-0.0005960464477539062,-0.0005960464477539062
1,1771,17.71,7497.412264347076,7497.412264347076,7497.410923242569,7497.410774230957,0.0002980232238769531,0.0002980232238769531,-0.0005960464477539062,-0.0019371509552001953
1,1772,17.72,7497.412264347076,7497.411668300629,7497.411519289017,7497.411370277405,0.0,-0.0005960464477539062,0.0005960464477539062,0.0005960464477539062
1,1773,17.73,7497.412264347076,7497.411221265793,7497.411519289017,7497.411519289017,0.0,-0.0004470348358154297,0.0,0.00014901161193847656
1,1774,17.740000000000002,7497.410774230957,7497.411072254181,7497.4121153354645,7497.413456439972,-0.0014901161193847656,-0.00014901161193847656,0.0005960464477539062,0.0019371509552001953
1,1775,17.75,7497.412264347076,7497.412860393524,7497.410923242569,7497.410029172897,0.0014901161193847656,0.0017881393432617188,-0.0011920928955078125,-0.003427267074584961
1,1776,17.76,7497.411370277405,7497.411668300629,7497.411519289017,7497.411072254181,-0.0008940696716308594,-0.0011920928955078125,0.0005960464477539062,0.001043081283569336
1,1777,17.77,7497.4119663238525,7497.411668300629,7497.411817312241,7497.410923242569,0.0005960464477539062,0.0,0.0002980232238769531,-0.00014901161193847656
1,1778,17.78,7497.410476207733,7497.410923242569,7497.411817312241,7497.41330742836,-0.0014901161193847656,-0.0007450580596923828,0.0,0.002384185791015625
1,1779,17.79,7497.411370277405,7497.411370277405,7497.411817312241,7497.4121153354645,0.0008940696716308594,0.0004470348358154297,0.0,-0.0011920928955078125
1,1780,17.8,7497.4125623703,7497.412264347076,7497.410923242569,7497.410327196121,0.0011920928955078125,0.0008940696716308594,-0.0008940696716308594,-0.0017881393432617188
1,1781,17.81,7497.411817312241,7497.412264347076,7497.4121153354645,7497.412413358688,-0.0007450580596923828,0.0,0.0011920928955078125,0.002086162567138672
1,1782,17.82,7497.4125623703,7497.412264347076,7497.411519289017,7497.411817312241,0.0007450580596923828,0.0,-0.0005960464477539062,-0.0005960464477539062
1,1783,17.830000000000002,7497.4119663238525,7497.412264347076,7497.411817312241,7497.411519289017,-0.0005960464477539062,0.0,0.0002980232238769531,-0.0002980232238769531
1,1784,17.84,7497.4119663238525,7497.412413358688,7497.4121153354645,7497.411519289017,0.0,0.00014901161193847656,0.0002980232238769531,0.0
1,1785,17.85,7497.411668300629,7497.411817312241,7497.411519289017,7497.411519289017,-0.0002980232238769531,-0.0005960464477539062,-0.0005960464477539062,0.0
1,1786,17.86,7497.4119663238525,7497.4119663238525,7497.411519289017,7497.411817312241,0.0002980232238769531,0.00014901161193847656,0.0,0.0002980232238769531
1,1787,17.87,7497.412264347076,7497.412264347076,7497.411519289017,7497.411519289017,0.0002980232238769531,0.0002980232238769531,0.0,-0.0002980232238769531
1,1788,17.88,7497.412264347076,7497.411668300629,7497.411519289017,7497.412711381912,0.0,-0.0005960464477539062,0.0,0.0011920928955078125
1,1789,17.89,7497.411072254181,7497.411370277405,7497.4121153354645,7497.413456439972,-0.0011920928955078125,-0.0002980232238769531,0.0005960464477539062,0.0007450580596923828
1,1790,17.900000000000002,7497.4119663238525,7497.411817312241,7497.411519289017,7497.412264347076,0.0008940696716308594,0.0004470348358154297,-0.0005960464477539062,-0.0011920928955078125
1,1791,17.91,7497.412413358688,7497.412264347076,7497.411221265793,7497.411519289017,0.0004470348358154297,0.0004470348358154297,-0.0002980232238769531,-0.0007450580596923828
1,1792,17.92,7497.411817312241,7497.4125623703,7497.411817312241,7497.411221265793,-0.0005960464477539062,0.0002980232238769531,0.0005960464477539062,-0.0002980232238769531
1,1793,17.93,7497.411519289017,7497.412413358688,7497.411519289017,7497.411519289017,-0.0002980232238769531,-0.00014901161193847656,-0.0002980232238769531,0.0002980232238769531
1,1794,17.94,7497.4119663238525,7497.412264347076,7497.411817312241,7497.411519289017,0.0004470348358154297,-0.00014901161193847656,0.0002980232238769531,0.0
1,1795,17.95,7497.410774230957,7497.410774230957,7497.412711381912,7497.414648532867,-0.0011920928955078125,-0.0014901161193847656,0.0008940696716308594,0.003129243850708008
1,1796,17.96,7497.412860393524,7497.412860393524,7497.410625219345,7497.411221265793,0.002086162567138672,0.002086162567138672,-0.002086162567138672,-0.003427267074584961
1,1797,17.97,7497.4119663238525,7497.411370277405,7497.411817312241,7497.4121153354645,-0.0008940696716308594,-0.0014901161193847656,0.0011920928955078125,0.0008940696716308594
1,1798,17.98,7497.4119663238525,7497.4125623703,7497.411519289017,7497.411370277405,0.0,0.0011920928955078125,-0.0002980232238769531,-0.0007450580596923828
1,1799,17.990000000000002,7497.411370277405,7497.411370277405,7497.411817312241,7497.412860393524,-0.0005960464477539062,-0.0011920928955078125,0.0002980232238769531,0.0014901161193847656
1,1800,18.0,7497.411221265793,7497.4119663238525,7497.411519289017,7497.412711381912,-0.00014901161193847656,0.0005960464477539062,-0.0002980232238769531,-0.00014901161193847656
1,1801,18.01,7497.412711381912,7497.4119663238525,7497.411519289017,7497.410923242569,0.0014901161193847656,0.0,0.0,-0.0017881393432617188
1,1802,18.02,7497.4119663238525,7497.4121153354645,7497.411519289017,7497.411519289017,-0.0007450580596923828,0.00014901161193847656,0.0,0.0005960464477539062
1,1803,18.03,7497.4121153354645,7497.4121153354645,7497.411519289017,7497.411221265793,0.00014901161193847656,0.0,0.0,-0.0002980232238769531
1,1804,18.04,7497.411370277405,7497.410923242569,7497.412413358688,7497.413456439972,-0.0007450580596923828,-0.0011920928955078125,0.0008940696716308594,0.0022351741790771484
1,1805,18.05,7497.411668300629,7497.4119663238525,7497.411519289017,7497.412711381912,0.0002980232238769531,0.001043081283569336,-0.0008940696716308594,-0.0007450580596923828
1,1806,18.06,7497.4125623703,7497.4119663238525,7497.411519289017,7497.410923242569,0.0008940696716308594,0.0,0.0,-0.0017881393432617188
1,1807,18.07,7497.411668300629,7497.4121153354645,7497.411519289017,7497.411519289017,-0.0008940696716308594,0.00014901161193847656,0.0,0.0005960464477539062
1,1808,18.080000000000002,7497.411817312241,7497.411221265793,7497.411519289017,7497.413009405136,0.00014901161193847656,-0.0008940696716308594,0.0,0.0014901161193847656
1,1809,18.09,7497.411519289017,7497.412264347076,7497.411519289017,7497.412413358688,-0.0002980232238769531,0.001043081283569336,0.0,-0.0005960464477539062
1,1810,18.1,7497.4121153354645,7497.411668300629,7497.411519289017,7497.4119663238525,0.0005960464477539062,-0.0005960464477539062,0.0,-0.0004470348358154297
1,1811,18.11,7497.411668300629,7497.411668300629,7497.411519289017,7497.4125623703,-0.0004470348358154297,0.0,0.0,0.0005960464477539062
1,1812,18.12,7497.412264347076,7497.4119663238525,7497.411519289017,7497.411817312241,0.0005960464477539062,0.0002980232238769531,0.0,-0.0007450580596923828
1,1813,18.13,7497.411817312241,7497.411519289017,7497.411817312241,7497.4121153354645,-0.0004470348358154297,-0.0004470348358154297,0.0002980232238769531,0.0002980232238769531
1,1814,18.14,7497.412264347076,7497.411817312241,7497.411519289017,7497.412264347076,0.0004470348358154297,0.0002980232238769531,-0.0002980232238769531,0.00014901161193847656
1,1815,18.150000000000002,7497.411817312241,7497.411668300629,7497.411817312241,7497.412264347076,-0.0004470348358154297,-0.00014901161193847656,0.0002980232238769531,0.0
1,1816,18.16,7497.412413358688,7497.411668300629,7497.411519289017,7497.412413358688,0.0005960464477539062,0.0,-0.0002980232238769531,0.00014901161193847656
1,1817,18.17,7497.411668300629,7497.412264347076,7497.411221265793,7497.412711381912,-0.0007450580596923828,0.0005960464477539062,-0.0002980232238769531,0.0002980232238769531
1,1818,18.18,7497.4125623703,7497.411668300629,7497.411519289017,7497.411817312241,0.0008940696716308594,-0.0005960464477539062,0.0002980232238769531,-0.0008940696716308594
1,1819,18.19,7497.4119663238525,7497.4121153354645,7497.411519289017,7497.4119663238525,-0.0005960464477539062,0.0004470348358154297,0.0,0.00014901161193847656
1,1820,18.2,7497.4125623703,7497.411817312241,7497.411519289017,7497.4121153354645,0.0005960464477539062,-0.0002980232238769531,0.0,0.00014901161193847656
1,1821,18.21,7497.411221265793,7497.411817312241,7497.412413358688,7497.411072254181,-0.001341104507446289,0.0,0.0008940696716308594,-0.001043081283569336
1,1822,18.22,7497.4121153354645,7497.411668300629,7497.4121153354645,7497.411221265793,0.0008940696716308594,-0.00014901161193847656,-0.0002980232238769531,0.00014901161193847656
1,1823,18.23,7497.411370277405,7497.412264347076,7497.411817312241,7497.411817312241,-0.0007450580596923828,0.0005960464477539062,-0.0002980232238769531,0.0005960464477539062
1,1824,18.240000000000002,7497.4119663238525,7497.411668300629,7497.412413358688,7497.411370277405,0.0005960464477539062,-0.0005960464477539062,0.0005960464477539062,-0.0004470348358154297
1,1825,18.25,7497.411221265793,7497.4125623703,7497.411519289017,7497.411817312241,-0.0007450580596923828,0.0008940696716308594,-0.0008940696716308594,0.0004470348358154297
1,1826,18.26,7497.4125623703,7497.4119663238525,7497.4121153354645,7497.410774230957,0.001341104507446289,-0.0005960464477539062,0.0005960464477539062,-0.001043081283569336
1,1827,18.27,7497.411519289017,7497.4125623703,7497.411817312241,7497.411519289017,-0.001043081283569336,0.0005960464477539062,-0.0002980232238769531,0.0007450580596923828
1,1828,18.28,7497.411072254181,7497.411370277405,7497.4121153354645,7497.412860393524,-0.0004470348358154297,-0.0011920928955078125,0.0002980232238769531,0.001341104507446289
1,1829,18.29,7497.4119663238525,7497.411370277405,7497.411817312241,7497.413158416748,0.0008940696716308594,0.0,-0.0002980232238769531,0.0002980232238769531
1,1830,18.3,7497.4125623703,7497.4125623703,7497.411519289017,7497.410327196121,0.0005960464477539062,0.0011920928955078125,-0.0002980232238769531,-0.0028312206268310547
1,1831,18.31,7497.411668300629,7497.412264347076,7497.411519289017,7497.411519289017,-0.0008940696716308594,-0.0002980232238769531,0.0,0.0011920928955078125
1,1832,18.32,7497.411221265793,7497.411519289017,7497.4121153354645,7497.41330742836,-0.0004470348358154297,-0.0007450580596923828,0.0005960464477539062,0.0017881393432617188
1,1833,18.330000000000002,7497.4121153354645,7497.411370277405,7497.411817312241,7497.4125623703,0.0008940696716308594,-0.00014901161193847656,-0.0002980232238769531,-0.0007450580596923828
1,1834,18.34,7497.412264347076,7497.4125623703,7497.411519289017,7497.410029172897,0.00014901161193847656,0.0011920928955078125,-0.0002980232238769531,-0.0025331974029541016
1,1835,18.35,7497.4119663238525,7497.412264347076,7497.411519289017,7497.411668300629,-0.0002980232238769531,-0.0002980232238769531,0.0,0.0016391277313232422
1,1836,18.36,7497.4119663238525,7497.4119663238525,7497.411519289017,7497.411370277405,0.0,-0.0002980232238769531,0.0,-0.0002980232238769531
1,1837,18.37,7497.411072254181,7497.411221265793,7497.4121153354645,7497.413605451584,-0.0008940696716308594,-0.0007450580596923828,0.0005960464477539062,0.0022351741790771484
1,1838,18.38,7497.412264347076,7497.4119663238525,7497.411817312241,7497.4125623703,0.0011920928955078125,0.0007450580596923828,-0.0002980232238769531,-0.001043081283569336
1,1839,18.39,7497.411668300629,7497.411370277405,7497.411817312241,7497.4121153354645,-0.0005960464477539062,-0.0005960464477539062,0.0,-0.0004470348358154297
1,1840,18.400000000000002,7497.411072254181,7497.4125623703,7497.411817312241,7497.412413358688,-0.0005960464477539062,0.0011920928955078125,0.0,0.0002980232238769531
1,1841,18.41,7497.413158416748,7497.412264347076,7497.411817312241,7497.410178184509,0.002086162567138672,-0.0002980232238769531,0.0,-0.0022351741790771484
1,1842,18.42,7497.411817312241,7497.4121153354645,7497.411519289017,7497.411817312241,-0.001341104507446289,-0.00014901161193847656,-0.0002980232238769531,0.0016391277313232422
1,1843,18.43,7497.411221265793,7497.411370277405,7497.411817312241,7497.413009405136,-0.0005960464477539062,-0.0007450580596923828,0.0002980232238769531,0.0011920928955078125
1,1844,18.44,7497.411370277405,7497.412413358688,7497.4121153354645,7497.412413358688,0.00014901161193847656,0.001043081283569336,0.0002980232238769531,-0.0005960464477539062
1,1845,18.45,7497.413158416748,7497.412264347076,7497.411519289017,7497.410625219345,0.0017881393432617188,-0.00014901161193847656,-0.0005960464477539062,-0.0017881393432617188
1,1846,18.46,7497.411817312241,7497.4121153354645,7497.411519289017,7497.411817312241,-0.001341104507446289,-0.00014901161193847656,0.0,0.0011920928955078125
1,1847,18.47,7497.411221265793,7497.4125623703,7497.411817312241,7497.410774230957,-0.0005960464477539062,0.0004470348358154297,0.0002980232238769531,-0.001043081283569336
1,1848,18.48,7497.411072254181,7497.411668300629,7497.4121153354645,7497.412711381912,-0.00014901161193847656,-0.0008940696716308594,0.0002980232238769531,0.0019371509552001953
1,1849,18.490000000000002,7497.411221265793,7497.411668300629,7497.4121153354645,7497.4119663238525,0.00014901161193847656,0.0,0.0,-0.0007450580596923828
1,1850,18.5,7497.411370277405,7497.411668300629,7497.4121153354645,7497.411817312241,0.00014901161193847656,0.0,0.0,-0.00014901161193847656
1,1851,18.51,7497.411370277405,7497.4119663238525,7497.4121153354645,7497.411817312241,0.0,0.0002980232238769531,0.0,0.0
1,1852,18.52,7497.4119663238525,7497.412413358688,7497.4121153354645,7497.410029172897,0.0005960464477539062,0.0004470348358154297,0.0,-0.0017881393432617188
1,1853,18.53,7497.4125623703,7497.411817312241,7497.410923242569,7497.411817312241,0.0005960464477539062,-0.0005960464477539062,-0.0011920928955078125,0.0017881393432617188
1,1854,18.54,7497.4125623703,7497.411668300629,7497.411519289017,7497.410923242569,0.0,-0.00014901161193847656,0.0005960464477539062,-0.0008940696716308594
1,1855,18.55,7497.4119663238525,7497.411668300629,7497.411221265793,7497.411817312241,-0.0005960464477539062,0.0,-0.0002980232238769531,0.0008940696716308594
1,1856,18.56,7497.411072254181,7497.411072254181,7497.4121153354645,7497.413158416748,-0.0008940696716308594,-0.0005960464477539062,0.0008940696716308594,0.001341104507446289
1,1857,18.57,7497.411668300629,7497.411519289017,7497.4121153354645,7497.412264347076,0.0005960464477539062,0.0004470348358154297,0.0,-0.0008940696716308594
1,1858,18.580000000000002,7497.411668300629,7497.411668300629,7497.411817312241,7497.412413358688,0.0,0.00014901161193847656,-0.0002980232238769531,0.00014901161193847656
1,1859,18.59,7497.411072254181,7497.4121153354645,7497.411817312241,7497.411668300629,-0.0005960464477539062,0.0004470348358154297,0.0,-0.0007450580596923828
1,1860,18.6,7497.4119663238525,7497.412413358688,7497.411817312241,7497.410327196121,0.0008940696716308594,0.0002980232238769531,0.0,-0.001341104507446289
1,1861,18.61,7497.412264347076,7497.411519289017,7497.410923242569,7497.411817312241,0.0002980232238769531,-0.0008940696716308594,-0.0008940696716308594,0.0014901161193847656
1,1862,18.62,7497.411072254181,7497.411221265793,7497.4121153354645,7497.413158416748,-0.0011920928955078125,-0.0002980232238769531,0.0011920928955078125,0.001341104507446289
1,1863,18.63,7497.412860393524,7497.412264347076,7497.411221265793,7497.410625219345,0.0017881393432617188,0.001043081283569336,-0.0008940696716308594,-0.0025331974029541016
1,1864,18.64,7497.410327196121,7497.411668300629,7497.412413358688,7497.413009405136,-0.0025331974029541016,-0.0005960464477539062,0.0011920928955078125,0.002384185791015625
1,1865,18.650000000000002,7497.411519289017,7497.4121153354645,7497.4121153354645,7497.411817312241,0.0011920928955078125,0.0004470348358154297,-0.0002980232238769531,-0.0011920928955078125
1,1866,18.66,7497.411668300629,7497.4125623703,7497.4121153354645,7497.410029172897,0.00014901161193847656,0.0004470348358154297,0.0,-0.0017881393432617188
1,1867,18.67,7497.411668300629,7497.4119663238525,7497.4121153354645,7497.410923242569,0.0,-0.0005960464477539062,0.0,0.0008940696716308594
1,1868,18.68,7497.4119663238525,7497.410923242569,7497.411817312241,7497.41330742836,0.0002980232238769531,-0.001043081283569336,-0.0002980232238769531,0.002384185791015625
1,1869,18.69,7497.411668300629,7497.411817312241,7497.411519289017,7497.412711381912,-0.0002980232238769531,0.0008940696716308594,-0.0002980232238769531,-0.0005960464477539062
1,1870,18.7,7497.4119663238525,7497.411221265793,7497.411817312241,7497.4121153354645,0.0002980232238769531,-0.0005960464477539062,0.0002980232238769531,-0.0005960464477539062
1,1871,18.71,7497.412860393524,7497.4125623703,7497.410923242569,7497.410625219345,0.0008940696716308594,0.001341104507446289,-0.0008940696716308594,-0.0014901161193847656
1,1872,18.72,7497.411370277405,7497.411668300629,7497.411519289017,7497.412413358688,-0.0014901161193847656,-0.0008940696716308594,0.0005960464477539062,0.0017881393432617188
1,1873,18.73,7497.411817312241,7497.411817312241,7497.411519289017,7497.411817312241,0.0004470348358154297,0.00014901161193847656,0.0,-0.0005960464477539062
1,1874,18.740000000000002,7497.411817312241,7497.411519289017,7497.411519289017,7497.411817312241,0.0,-0.0002980232238769531,0.0,0.0
1,1875,18.75,7497.411519289017,7497.4119663238525,7497.411519289017,7497.411817312241,-0.0002980232238769531,0.0004470348358154297,0.0,0.0
1,1876,18.76,7497.4119663238525,7497.412711381912,7497.411519289017,7497.410923242569,0.0004470348358154297,0.0007450580596923828,0.0,-0.0008940696716308594
1,1877,18.77,7497.411370277405,7497.4121153354645,7497.411519289017,7497.411221265793,-0.0005960464477539062,-0.0005960464477539062,0.0,0.0002980232238769531
1,1878,18.78,7497.4119663238525,7497.411817312241,7497.411817312241,7497.411221265793,0.0005960464477539062,-0.0002980232238769531,0.0002980232238769531,0.0
1,1879,18.79,7497.411817312241,7497.4119663238525,7497.411519289017,7497.411519289017,-0.00014901161193847656,0.00014901161193847656,-0.0002980232238769531,0.0002980232238769531
1,1880,18.8,7497.4119663238525,7497.4119663238525,7497.411519289017,7497.411519289017,0.00014901161193847656,0.0,0.0,0.0
1,1881,18.81,7497.411668300629,7497.411817312241,7497.411817312241,7497.411519289017,-0.0002980232238769531,-0.00014901161193847656,0.0002980232238769531,0.0
1,1882,18.82,7497.411668300629,7497.411370277405,7497.411817312241,7497.411519289017,0.0,-0.0004470348358154297,0.0,0.0
1,1883,18.830000000000002,7497.411817312241,7497.411668300629,7497.411519289017,7497.4119663238525,0.00014901161193847656,0.0002980232238769531,-0.0002980232238769531,0.0004470348358154297
1,1884,18.84,7497.411668300629,7497.4119663238525,7497.411519289017,7497.411519289017,-0.00014901161193847656,0.0002980232238769531,0.0,-0.0004470348358154297
1,1885,18.85,7497.411668300629,7497.4121153354645,7497.411519289017,7497.411817312241,0.0,0.00014901161193847656,0.0,0.0002980232238769531
1,1886,18.86,7497.4125623703,7497.411668300629,7497.411519289017,7497.411519289017,0.0008940696716308594,-0.0004470348358154297,0.0,-0.0002980232238769531
1,1887,18.87,7497.410178184509,7497.4119663238525,7497.4121153354645,7497.413903474808,-0.002384185791015625,0.0002980232238769531,0.0005960464477539062,0.002384185791015625
1,1888,18.88,7497.411817312241,7497.411668300629,7497.411519289017,7497.4121153354645,0.0016391277313232422,-0.0002980232238769531,-0.0005960464477539062,-0.0017881393432617188
1,1889,18.89,7497.410923242569,7497.411817312241,7497.411817312241,7497.4121153354645,-0.0008940696716308594,0.00014901161193847656,0.0002980232238769531,0.0
1,1890,18.900000000000002,7497.411370277405,7497.411817312241,7497.411519289017,7497.4121153354645,0.0004470348358154297,0.0,-0.0002980232238769531,0.0
1,1891,18.91,7497.410923242569,7497.4119663238525,7497.4121153354645,7497.4121153354645,-0.0004470348358154297,0.00014901161193847656,0.0005960464477539062,0.0
1,1892,18.92,7497.411221265793,7497.411668300629,7497.4121153354645,7497.412264347076,0.0002980232238769531,-0.0002980232238769531,0.0,0.00014901161193847656
1,1893,18.93,7497.4121153354645,7497.4125623703,7497.411519289017,7497.410625219345,0.0008940696716308594,0.0008940696716308594,-0.0005960464477539062,-0.0016391277313232422
1,1894,18.94,7497.411370277405,7497.411221265793,7497.4121153354645,7497.4121153354645,-0.0007450580596923828,-0.001341104507446289,0.0005960464477539062,0.0014901161193847656
1,1895,18.95,7497.4119663238525,7497.411817312241,7497.411817312241,7497.411519289017,0.0005960464477539062,0.0005960464477539062,-0.0002980232238769531,-0.0005960464477539062
1,1896,18.96,7497.411817312241,7497.411370277405,7497.411519289017,7497.411817312241,-0.00014901161193847656,-0.0004470348358154297,-0.0002980232238769531,0.0002980232238769531
1,1897,18.97,7497.411221265793,7497.4119663238525,7497.411519289017,7497.411668300629,-0.0005960464477539062,0.0005960464477539062,0.0,-0.00014901161193847656
1,1898,18.98,7497.411668300629,7497.411668300629,7497.411817312241,7497.411519289017,0.0004470348358154297,-0.0002980232238769531,0.0002980232238769531,-0.00014901161193847656
1,1899,18.990000000000002,7497.410774230957,7497.411221265793,7497.4121153354645,7497.413009405136,-0.0008940696716308594,-0.0004470348358154297,0.0002980232238769531,0.0014901161193847656
1,1900,19.0,7497.411668300629,7497.4119663238525,7497.411519289017,7497.412413358688,0.0008940696716308594,0.0007450580596923828,-0.0005960464477539062,-0.0005960464477539062
1,1901,19.01,7497.410923242569,7497.411370277405,7497.4121153354645,7497.412711381912,-0.0007450580596923828,-0.0005960464477539062,0.0005960464477539062,0.0002980232238769531
1,1902,19.02,7497.4119663238525,7497.4119663238525,7497.411221265793,7497.411668300629,0.001043081283569336,0.0005960464477539062,-0.0008940696716308594,-0.001043081283569336
1,1903,19.03,7497.411668300629,7497.411668300629,7497.411519289017,7497.411817312241,-0.0002980232238769531,-0.0002980232238769531,0.0002980232238769531,0.00014901161193847656
1,1904,19.04,7497.411668300629,7497.4119663238525,7497.411519289017,7497.411817312241,0.0,0.0002980232238769531,0.0,0.0
1,1905,19.05,7497.411668300629,7497.411817312241,7497.411817312241,7497.411668300629,0.0,-0.00014901161193847656,0.0002980232238769531,-0.00014901161193847656
1,1906,19.06,7497.411817312241,7497.411519289017,7497.411817312241,7497.412264347076,0.00014901161193847656,-0.0002980232238769531,0.0,0.0005960464477539062
1,1907,19.07,7497.411817312241,7497.411668300629,7497.411519289017,7497.4121153354645,0.0,0.00014901161193847656,-0.0002980232238769531,-0.00014901161193847656
1,1908,19.080000000000002,7497.411072254181,7497.411370277405,7497.4121153354645,7497.412711381912,-0.0007450580596923828,-0.0002980232238769531,0.0005960464477539062,0.0005960464477539062
1,1909,19.09,7497.411370277405,7497.411668300629,7497.4121153354645,7497.412413358688,0.0002980232238769531,0.0002980232238769531,0.0,-0.0002980232238769531
1,1910,19.1,7497.411221265793,7497.411072254181,7497.4121153354645,7497.412264347076,-0.00014901161193847656,-0.0005960464477539062,0.0,-0.00014901161193847656
1,1911,19.11,7497.411370277405,7497.411668300629,7497.4121153354645,7497.412413358688,0.00014901161193847656,0.0005960464477539062,0.0,0.00014901161193847656
1,1912,19.12,7497.411370277405,7497.411519289017,7497.4121153354645,7497.412264347076,0.0,-0.00014901161193847656,0.0,-0.00014901161193847656
1,1913,19.13,7497.4121153354645,7497.4119663238525,7497.411519289017,7497.411221265793,0.0007450580596923828,0.0004470348358154297,-0.0005960464477539062,-0.001043081283569336
1,1914,19.14,7497.4119663238525,7497.411519289017,7497.411817312241,7497.411370277405,-0.00014901161193847656,-0.0004470348358154297,0.0002980232238769531,0.00014901161193847656
1,1915,19.150000000000002,7497.4119663238525,7497.411668300629,7497.411817312241,7497.4121153354645,0.0,0.00014901161193847656,0.0,0.0007450580596923828
1,1916,19.16,7497.412711381912,7497.411221265793,7497.411519289017,7497.412711381912,0.0007450580596923828,-0.0004470348358154297,-0.0002980232238769531,0.0005960464477539062
1,1917,19.17,7497.4119663238525,7497.411817312241,7497.411519289017,7497.4121153354645,-0.0007450580596923828,0.0005960464477539062,0.0,-0.0005960464477539062
1,1918,19.18,7497.411668300629,7497.4121153354645,7497.411817312241,7497.411519289017,-0.0002980232238769531,0.0002980232238769531,0.0002980232238769531,-0.0005960464477539062
1,1919,19.19,7497.4119663238525,7497.411817312241,7497.4121153354645,7497.411519289017,0.0002980232238769531,-0.0002980232238769531,0.0002980232238769531,0.0
1,1920,19.2,7497.4119663238525,7497.411072254181,7497.411519289017,7497.412711381912,0.0,-0.0007450580596923828,-0.0005960464477539062,0.0011920928955078125
1,1921,19.21,7497.4119663238525,7497.411519289017,7497.411519289017,7497.412413358688,0.0,0.0004470348358154297,0.0,-0.0002980232238769531
1,1922,19.22,7497.411817312241,7497.411221265793,7497.411817312241,7497.412264347076,-0.00014901161193847656,-0.0002980232238769531,0.0002980232238769531,-0.00014901161193847656
1,1923,19.23,7497.411668300629,7497.411668300629,7497.411817312241,7497.4125623703,-0.00014901161193847656,0.0004470348358154297,0.0,0.0002980232238769531
1,1924,19.240000000000002,7497.411668300629,7497.411668300629,7497.411817312241,7497.4121153354645,0.0,0.0,0.0,-0.0004470348358154297
1,1925,19.25,7497.411817312241,7497.411519289017,7497.411817312241,7497.412413358688,0.00014901161193847656,-0.00014901161193847656,0.0,0.0002980232238769531
1,1926,19.26,7497.411668300629,7497.411519289017,7497.411519289017,7497.4119663238525,-0.00014901161193847656,0.0,-0.0002980232238769531,-0.0004470348358154297
1,1927,19.27,7497.4119663238525,7497.411519289017,7497.411817312241,7497.412413358688,0.0002980232238769531,0.0,0.0002980232238769531,0.0004470348358154297
1,1928,19.28,7497.413158416748,7497.412264347076,7497.411221265793,7497.410327196121,0.0011920928955078125,0.0007450580596923828,-0.0005960464477539062,-0.002086162567138672
1,1929,19.29,7497.4119663238525,7497.412264347076,7497.411519289017,7497.411519289017,-0.0011920928955078125,0.0,0.0002980232238769531,0.0011920928955078125
1,1930,19.3,7497.412860393524,7497.411668300629,7497.411519289017,7497.411072254181,0.0008940696716308594,-0.0005960464477539062,0.0,-0.0004470348358154297
1,1931,19.31,7497.4121153354645,7497.412264347076,7497.411519289017,7497.411519289017,-0.0007450580596923828,0.0005960464477539062,0.0,0.0004470348358154297
1,1932,19.32,7497.412264347076,7497.411668300629,7497.411519289017,7497.411519289017,0.00014901161193847656,-0.0005960464477539062,0.0,0.0
1,1933,19.330000000000002,7497.4119663238525,7497.4119663238525,7497.411519289017,7497.411519289017,-0.0002980232238769531,0.0002980232238769531,0.0,0.0
1,1934,19.34,7497.412264347076,7497.4119663238525,7497.411519289017,7497.411370277405,0.0002980232238769531,0.0,0.0,-0.00014901161193847656
1,1935,19.35,7497.411519289017,7497.411519289017,7497.4121153354645,7497.412711381912,-0.0007450580596923828,-0.0004470348358154297,0.0005960464477539062,0.001341104507446289
1,1936,19.36,7497.411817312241,7497.411370277405,7497.411519289017,7497.412413358688,0.0002980232238769531,-0.00014901161193847656,-0.0005960464477539062,-0.0002980232238769531
1,1937,19.37,7497.411668300629,7497.411668300629,7497.411817312241,7497.411817312241,-0.00014901161193847656,0.0002980232238769531,0.0002980232238769531,-0.0005960464477539062
1,1938,19.38,7497.4119663238525,7497.4119663238525,7497.411519289017,7497.4121153354645,0.0002980232238769531,0.0002980232238769531,-0.0002980232238769531,0.0002980232238769531
1,1939,19.39,7497.4119663238525,7497.411668300629,7497.411817312241,7497.411519289017,0.0,-0.0002980232238769531,0.0002980232238769531,-0.0005960464477539062
1,1940,19.400000000000002,7497.411519289017,7497.411668300629,7497.411519289017,7497.4121153354645,-0.0004470348358154297,0.0,-0.0002980232238769531,0.0005960464477539062
1,1941,19.41,7497.412264347076,7497.411668300629,7497.411519289017,7497.411221265793,0.0007450580596923828,0.0,0.0,-0.0008940696716308594
1,1942,19.42,7497.413158416748,7497.4125623703,7497.410923242569,7497.410327196121,0.0008940696716308594,0.0008940696716308594,-0.0005960464477539062,-0.0008940696716308594
1,1943,19.43,7497.4119663238525,7497.411072254181,7497.411519289017,7497.4119663238525,-0.0011920928955078125,-0.0014901161193847656,0.0005960464477539062,0.0016391277313232422
1,1944,19.44,7497.411668300629,7497.4119663238525,7497.411519289017,7497.411519289017,-0.0002980232238769531,0.0008940696716308594,0.0,-0.0004470348358154297
1,1945,19.45,7497.4119663238525,7497.411668300629,7497.411817312241,7497.411817312241,0.0002980232238769531,-0.0002980232238769531,0.0002980232238769531,0.0002980232238769531
1,1946,19.46,7497.411817312241,7497.411519289017,7497.4121153354645,7497.411817312241,-0.00014901161193847656,-0.00014901161193847656,0.0002980232238769531,0.0
1,1947,19.47,7497.412264347076,7497.4119663238525,7497.411519289017,7497.410923242569,0.0004470348358154297,0.0004470348358154297,-0.0005960464477539062,-0.0008940696716308594
1,1948,19.48,7497.411370277405,7497.412264347076,7497.411817312241,7497.410923242569,-0.0008940696716308594,0.0002980232238769531,0.0002980232238769531,0.0
1,1949,19.490000000000002,7497.411817312241,7497.4121153354645,7497.4121153354645,7497.411221265793,0.0004470348358154297,-0.00014901161193847656,0.0002980232238769531,0.0002980232238769531
1,1950,19.5,7497.412264347076,7497.411370277405,7497.411519289017,7497.411519289017,0.0004470348358154297,-0.0007450580596923828,-0.0005960464477539062,0.0002980232238769531
1,1951,19.51,7497.412264347076,7497.411519289017,7497.411519289017,7497.411370277405,0.0,0.00014901161193847656,0.0,-0.00014901161193847656
1,1952,19.52,7497.412264347076,7497.411519289017,7497.411519289017,7497.411519289017,0.0,0.0,0.0,0.00014901161193847656
1,1953,19.53,7497.412264347076,7497.411519289017,7497.411519289017,7497.411519289017,0.0,0.0,0.0,0.0
1,1954,19.54,7497.4121153354645,7497.4119663238525,7497.411519289017,7497.411072254181,-0.00014901161193847656,0.0004470348358154297,0.0,-0.0004470348358154297
1,1955,19.55,7497.4119663238525,7497.4119663238525,7497.411519289017,7497.411221265793,-0.00014901161193847656,0.0,0.0,0.00014901161193847656
1,1956,19.56,7497.4119663238525,7497.411668300629,7497.411519289017,7497.411519289017,0.0,-0.0002980232238769531,0.0,0.0002980232238769531
1,1957,19.57,7497.412264347076,7497.411817312241,7497.411519289017,7497.411519289017,0.0002980232238769531,0.00014901161193847656,0.0,0.0
1,1958,19.580000000000002,7497.4119663238525,7497.411519289017,7497.411519289017,7497.411221265793,-0.0002980232238769531,-0.0002980232238769531,0.0,-0.0002980232238769531
1,1959,19.59,7497.4119663238525,7497.411817312241,7497.411519289017,7497.411221265793,0.0,0.0002980232238769531,0.0,0.0
1,1960,19.6,7497.4119663238525,7497.411817312241,7497.411519289017,7497.411668300629,0.0,0.0,0.0,0.0004470348358154297
1,1961,19.61,7497.4119663238525,7497.411519289017,7497.411519289017,7497.411668300629,0.0,-0.0002980232238769531,0.0,0.0
1,1962,19.62,7497.4119663238525,7497.411668300629,7497.411519289017,7497.411519289017,0.0,0.00014901161193847656,0.0,-0.00014901161193847656
1,1963,19.63,7497.411817312241,7497.411668300629,7497.411519289017,7497.4119663238525,-0.00014901161193847656,0.0,0.0,0.0004470348358154297
1,1964,19.64,7497.411817312241,7497.411817312241,7497.411519289017,7497.411817312241,0.0,0.00014901161193847656,0.0,-0.00014901161193847656
1,1965,19.650000000000002,7497.411370277405,7497.412264347076,7497.411519289017,7497.411519289017,-0.0004470348358154297,0.0004470348358154297,0.0,-0.0002980232238769531
1,1966,19.66,7497.411370277405,7497.4125623703,7497.4121153354645,7497.410923242569,0.0,0.0002980232238769531,0.0005960464477539062,-0.0005960464477539062
1,1967,19.67,7497.4119663238525,7497.4119663238525,7497.411519289017,7497.411817312241,0.0005960464477539062,-0.0005960464477539062,-0.0005960464477539062,0.0008940696716308594
1,1968,19.68,7497.411668300629,7497.411817312241,7497.411519289017,7497.411519289017,-0.0002980232238769531,-0.00014901161193847656,0.0,-0.0002980232238769531
1,1969,19.69,7497.412264347076,7497.411668300629,7497.411519289017,7497.411519289017,0.0005960464477539062,-0.00014901161193847656,0.0,0.0
1,1970,19.7,7497.4119663238525,7497.411668300629,7497.411519289017,7497.411519289017,-0.0002980232238769531,0.0,0.0,0.0
1,1971,19.71,7497.412264347076,7497.411668300629,7497.411817312241,7497.411817312241,0.0002980232238769531,0.0,0.0002980232238769531,0.0002980232238769531
1,1972,19.72,7497.411817312241,7497.411519289017,7497.411519289017,7497.411817312241,-0.0004470348358154297,-0.00014901161193847656,-0.0002980232238769531,0.0
1,1973,19.73,7497.4119663238525,7497.411519289017,7497.411519289017,7497.411519289017,0.00014901161193847656,0.0,0.0,-0.0002980232238769531
1,1974,19.740000000000002,7497.411817312241,7497.411668300629,7497.411519289017,7497.411221265793,-0.00014901161193847656,0.00014901161193847656,0.0,-0.0002980232238769531
1,1975,19.75,7497.4119663238525,7497.411221265793,7497.411519289017,7497.411817312241,0.00014901161193847656,-0.0004470348358154297,0.0,0.0005960464477539062
1,1976,19.76,7497.411072254181,7497.412264347076,7497.4121153354645,7497.411817312241,-0.0008940696716308594,0.001043081283569336,0.0005960464477539062,0.0
1,1977,19.77,7497.411370277405,7497.4121153354645,7497.411817312241,7497.411072254181,0.0002980232238769531,-0.00014901161193847656,-0.0002980232238769531,-0.0007450580596923828
1,1978,19.78,7497.411221265793,7497.4119663238525,7497.4121153354645,7497.411519289017,-0.00014901161193847656,-0.00014901161193847656,0.0002980232238769531,0.0004470348358154297
1,1979,19.79,7497.411370277405,7497.4119663238525,7497.4121153354645,7497.411817312241,0.00014901161193847656,0.0,0.0,0.0002980232238769531
1,1980,19.8,7497.4121153354645,7497.411668300629,7497.411817312241,7497.411817312241,0.0007450580596923828,-0.0002980232238769531,-0.0002980232238769531,0.0
1,1981,19.81,7497.411668300629,7497.411370277405,7497.411817312241,7497.4119663238525,-0.0004470348358154297,-0.0002980232238769531,0.0,0.00014901161193847656
1,1982,19.82,7497.412264347076,7497.411668300629,7497.411519289017,7497.411519289017,0.0005960464477539062,0.0002980232238769531,-0.0002980232238769531,-0.0004470348358154297
1,1983,19.830000000000002,7497.4119663238525,7497.411817312241,7497.411519289017,7497.411519289017,-0.0002980232238769531,0.00014901161193847656,0.0,0.0
1,1984,19.84,7497.411668300629,7497.411370277405,7497.411519289017,7497.411817312241,-0.0002980232238769531,-0.0004470348358154297,0.0,0.0002980232238769531
1,1985,19.85,7497.4119663238525,7497.411370277405,7497.411817312241,7497.411817312241,0.0002980232238769531,0.0,0.0002980232238769531,0.0
1,1986,19.86,7497.411519289017,7497.411668300629,7497.411519289017,7497.412413358688,-0.0004470348358154297,0.0002980232238769531,-0.0002980232238769531,0.0005960464477539062
1,1987,19.87,7497.4119663238525,7497.4119663238525,7497.411817312241,7497.4119663238525,0.0004470348358154297,0.0002980232238769531,0.0002980232238769531,-0.0004470348358154297
1,1988,19.88,7497.411668300629,7497.411817312241,7497.411817312241,7497.4119663238525,-0.0002980232238769531,-0.00014901161193847656,0.0,0.0
1,1989,19.89,7497.411817312241,7497.411668300629,7497.411519289017,7497.4121153354645,0.00014901161193847656,-0.00014901161193847656,-0.0002980232238769531,0.00014901161193847656
1,1990,19.900000000000002,7497.411072254181,7497.4125623703,7497.4121153354645,7497.410923242569,-0.0007450580596923828,0.0008940696716308594,0.0005960464477539062,-0.0011920928955078125
1,1991,19.91,7497.411370277405,7497.411817312241,7497.411817312241,7497.411519289017,0.0002980232238769531,-0.0007450580596923828,-0.0002980232238769531,0.0005960464477539062
1,1992,19.92,7497.412264347076,7497.410923242569,7497.411519289017,7497.412711381912,0.0008940696716308594,-0.0008940696716308594,-0.0002980232238769531,0.0011920928955078125
1,1993,19.93,7497.411668300629,7497.411668300629,7497.411817312241,7497.412264347076,-0.0005960464477539062,0.0007450580596923828,0.0002980232238769531,-0.0004470348358154297
1,1994,19.94,7497.411668300629,7497.411668300629,7497.411519289017,7497.412264347076,0.0,0.0,-0.0002980232238769531,0.0
1,1995,19.95,7497.411370277405,7497.411519289017,7497.411817312241,7497.412264347076,-0.0002980232238769531,-0.00014901161193847656,0.0002980232238769531,0.0
1,1996,19.96,7497.411668300629,7497.411817312241,7497.411519289017,7497.412413358688,0.0002980232238769531,0.0002980232238769531,-0.0002980232238769531,0.00014901161193847656
1,1997,19.97,7497.411668300629,7497.4121153354645,7497.411817312241,7497.411221265793,0.0,0.0002980232238769531,0.0002980232238769531,-0.0011920928955078125
1,1998,19.98,7497.411370277405,7497.411668300629,7497.411519289017,7497.4119663238525,-0.0002980232238769531,-0.0004470348358154297,-0.0002980232238769531,0.0007450580596923828
1,1999,19.990000000000002,7497.411668300629,7497.4119663238525,7497.411817312241,7497.411370277405,0.0002980232238769531,0.0002980232238769531,0.0002980232238769531,-0.0005960464477539062
