episode,step,time_s,u1_rpm,u2_rpm,u3_rpm,u4_rpm,du1_rpm,du2_rpm,du3_rpm,du4_rpm
1,0,0.0,6851.346343755722,8485.08507013321,7870.891690254211,7181.603014469147,0.0,0.0,0.0,0.0
1,1,0.01,6641.693115234375,8913.522958755493,7563.608288764954,8094.526827335358,-209.65322852134705,428.43788862228394,-307.2834014892578,912.9238128662109
1,2,0.02,6828.522235155106,8763.239681720734,7712.544500827789,8294.357657432556,186.8291199207306,-150.28327703475952,148.9362120628357,199.8308300971985
1,3,0.03,6927.227675914764,8395.691514015198,7627.069652080536,8484.074473381042,98.70544075965881,-367.5481677055359,-85.47484874725342,189.71681594848633
1,4,0.04,7116.080075502396,8064.819574356079,7512.404024600983,8400.867581367493,188.85239958763123,-330.87193965911865,-114.66562747955322,-83.2068920135498
1,5,0.05,7273.51576089859,7904.893159866333,7452.763319015503,8267.784118652344,157.43568539619446,-159.9264144897461,-59.640705585479736,-133.08346271514893
1,6,0.06,7378.176599740982,7821.980118751526,7438.102662563324,8220.120370388031,104.66083884239197,-82.91304111480713,-14.660656452178955,-47.663748264312744
1,7,0.07,7449.043840169907,7800.723910331726,7424.648702144623,8214.391469955444,70.86724042892456,-21.256208419799805,-13.453960418701172,-5.72890043258667
1,8,0.08,7504.58687543869,7775.632441043854,7388.982176780701,8230.98599910736,55.54303526878357,-25.091469287872314,-35.66652536392212,16.594529151916504
1,9,0.09,7561.33496761322,7754.194736480713,7367.558181285858,8228.89506816864,56.74809217453003,-21.43770456314087,-21.42399549484253,-2.090930938720703
1,10,0.1,7616.598010063171,7742.978632450104,7362.0350658893585,8218.06401014328,55.26304244995117,-11.21610403060913,-5.523115396499634,-10.831058025360107
1,11,0.11,7665.653824806213,7752.5171637535095,7360.591143369675,8203.767240047455,49.05581474304199,9.538531303405762,-1.443922519683838,-14.296770095825195
1,12,0.12,7707.367241382599,7769.806385040283,7358.192652463913,8190.275430679321,41.7134165763855,17.28922128677368,-2.3984909057617188,-13.491809368133545
1,13,0.13,7743.646502494812,7789.815664291382,7353.407591581345,8175.20946264267,36.279261112213135,20.009279251098633,-4.785060882568359,-15.065968036651611
1,14,0.14,7772.884964942932,7817.434072494507,7352.427393198013,8154.443800449371,29.238462448120117,27.618408203125,-0.9801983833312988,-20.76566219329834
1,15,0.15,7793.006002902985,7860.18967628479,7354.143112897873,8132.091760635376,20.12103796005249,42.7556037902832,1.7157196998596191,-22.35203981399536
1,16,0.16,7799.093425273895,7913.880348205566,7353.8148403167725,8112.087249755859,6.0874223709106445,53.69067192077637,-0.32827258110046387,-20.0045108795166
1,17,0.17,7794.759273529053,7973.957359790802,7358.036041259766,8096.087872982025,-4.334151744842529,60.077011585235596,4.221200942993164,-15.999376773834229
1,18,0.18,7783.254981040955,8043.62028837204,7368.479371070862,8078.06521654129,-11.504292488098145,69.6629285812378,10.443329811096191,-18.022656440734863
1,19,0.19,7764.503061771393,8118.923008441925,7385.162562131882,8056.734800338745,-18.751919269561768,75.30272006988525,16.683191061019897,-21.330416202545166
1,20,0.2,7738.510072231293,8192.180395126343,7404.9437046051025,8038.105666637421,-25.992989540100098,73.25738668441772,19.781142473220825,-18.629133701324463
1,21,0.21,7707.888185977936,8261.85256242752,7425.20734667778,8014.879822731018,-30.621886253356934,69.67216730117798,20.263642072677612,-23.225843906402588
1,22,0.22,7670.913934707642,8316.50584936142,7451.6259133815765,7996.707856655121,-36.97425127029419,54.653286933898926,26.418566703796387,-18.171966075897217
1,23,0.23,7633.033096790314,8362.461626529694,7475.086450576782,7981.126010417938,-37.88083791732788,45.955777168273926,23.46053719520569,-15.581846237182617
1,24,0.24,7594.658434391022,8394.984900951385,7499.138116836548,7970.146536827087,-38.37466239929199,32.523274421691895,24.051666259765625,-10.97947359085083
1,25,0.25,7558.227479457855,8419.69221830368,7521.520256996155,7961.1629247665405,-36.430954933166504,24.707317352294922,22.382140159606934,-8.983612060546875
1,26,0.26,7520.42293548584,8426.728546619415,7542.08505153656,7959.331274032593,-37.80454397201538,7.036328315734863,20.564794540405273,-1.831650733947754
1,27,0.27,7484.35840010643,8415.344655513763,7560.413777828217,7963.518500328064,-36.06453537940979,-11.383891105651855,18.328726291656494,4.187226295471191
1,28,0.28,7453.625500202179,8397.332727909088,7573.246359825134,7969.2694544792175,-30.7328999042511,-18.011927604675293,12.832581996917725,5.7509541511535645
1,29,0.29,7426.642626523972,8367.184698581696,7583.343088626862,7979.383766651154,-26.982873678207397,-30.148029327392578,10.096728801727295,10.114312171936035
1,30,0.3,7403.548061847687,8333.052098751068,7587.006390094757,7991.8622970581055,-23.09456467628479,-34.13259983062744,3.663301467895508,12.478530406951904
1,31,0.31,7387.1345818042755,8299.793303012848,7587.727308273315,8000.637590885162,-16.413480043411255,-33.258795738220215,0.7209181785583496,8.775293827056885
1,32,0.32,7370.5655336380005,8265.215158462524,7585.502862930298,8011.07257604599,-16.569048166275024,-34.578144550323486,-2.224445343017578,10.434985160827637
1,33,0.33,7359.833866357803,8231.381177902222,7580.466568470001,8021.007478237152,-10.731667280197144,-33.833980560302734,-5.036294460296631,9.93490219116211
1,34,0.34,7355.635315179825,8197.300434112549,7573.775351047516,8028.838634490967,-4.198551177978516,-34.08074378967285,-6.691217422485352,7.831156253814697
1,35,0.35000000000000003,7351.711392402649,8164.280951023102,7565.033137798309,8038.303554058075,-3.9239227771759033,-33.01948308944702,-8.742213249206543,9.464919567108154
1,36,0.36,7350.06719827652,8132.162094116211,7554.885745048523,8047.095537185669,-1.6441941261291504,-32.11885690689087,-10.147392749786377,8.791983127593994
1,37,0.37,7350.505888462067,8102.433681488037,7545.603811740875,8053.83563041687,0.438690185546875,-29.728412628173828,-9.281933307647705,6.740093231201172
1,38,0.38,7351.794242858887,8076.354563236237,7537.291049957275,8059.189319610596,1.2883543968200684,-26.079118251800537,-8.312761783599854,5.353689193725586
1,39,0.39,7355.224639177322,8050.864934921265,7527.9998779296875,8064.820766448975,3.430396318435669,-25.489628314971924,-9.29117202758789,5.631446838378906
1,40,0.4,7360.51619052887,8026.096522808075,7518.74566078186,8070.19978761673,5.291551351547241,-24.768412113189697,-9.254217147827148,5.379021167755127
1,41,0.41000000000000003,7368.658632040024,8005.66703081131,7509.849369525909,8071.004748344421,8.142441511154175,-20.429491996765137,-8.896291255950928,0.8049607276916504
1,42,0.42,7376.960068941116,7984.435558319092,7502.700686454773,8069.862127304077,8.30143690109253,-21.231472492218018,-7.148683071136475,-1.1426210403442383
1,43,0.43,7385.1896822452545,7965.168356895447,7496.21108174324,8067.139685153961,8.229613304138184,-19.26720142364502,-6.489604711532593,-2.722442150115967
1,44,0.44,7393.140643835068,7948.47309589386,7491.082847118378,8063.068091869354,7.950961589813232,-16.695261001586914,-5.128234624862671,-4.071593284606934
1,45,0.45,7400.354444980621,7936.338782310486,7487.2565269470215,8058.111667633057,7.213801145553589,-12.134313583374023,-3.826320171356201,-4.956424236297607
1,46,0.46,7407.245337963104,7926.938235759735,7483.976036310196,8051.534593105316,6.89089298248291,-9.400546550750732,-3.2804906368255615,-6.5770745277404785
1,47,0.47000000000000003,7412.350177764893,7920.05181312561,7481.794953346252,8043.266534805298,5.10483980178833,-6.886422634124756,-2.1810829639434814,-8.26805830001831
1,48,0.48,7416.461706161499,7915.505766868591,7480.249106884003,8033.186197280884,4.111528396606445,-4.546046257019043,-1.5458464622497559,-10.080337524414062
1,49,0.49,7419.748604297638,7913.670837879181,7480.095773935318,8020.802140235901,3.286898136138916,-1.8349289894104004,-0.15333294868469238,-12.38405704498291
1,50,0.5,7421.908378601074,7915.421724319458,7480.96838593483,8007.69031047821,2.1597743034362793,1.7508864402770996,0.8726119995117188,-13.11182975769043
1,51,0.51,7422.660291194916,7919.195890426636,7482.631355524063,7994.400262832642,0.7519125938415527,3.7741661071777344,1.6629695892333984,-13.290047645568848
1,52,0.52,7423.289716243744,7924.991846084595,7484.8102033138275,7980.974912643433,0.629425048828125,5.795955657958984,2.1788477897644043,-13.425350189208984
1,53,0.53,7422.66833782196,7932.427227497101,7487.463355064392,7968.137860298157,-0.6213784217834473,7.4353814125061035,2.653151750564575,-12.837052345275879
1,54,0.54,7421.289682388306,7939.366102218628,7490.085661411285,7955.596446990967,-1.3786554336547852,6.9388747215271,2.6223063468933105,-12.541413307189941
1,55,0.55,7418.7639355659485,7945.817410945892,7492.818981409073,7943.7315464019775,-2.5257468223571777,6.451308727264404,2.7333199977874756,-11.864900588989258
1,56,0.56,7416.033744812012,7950.696349143982,7495.671957731247,7933.109700679779,-2.7301907539367676,4.8789381980896,2.8529763221740723,-10.621845722198486
1,57,0.5700000000000001,7412.779331207275,7955.402731895447,7498.509585857391,7922.830283641815,-3.254413604736328,4.706382751464844,2.837628126144409,-10.279417037963867
1,58,0.58,7408.634126186371,7958.643436431885,7501.120567321777,7913.227677345276,-4.145205020904541,3.2407045364379883,2.6109814643859863,-9.602606296539307
1,59,0.59,7404.5127630233765,7960.68012714386,7503.271996974945,7904.101610183716,-4.121363162994385,2.0366907119750977,2.1514296531677246,-9.126067161560059
1,60,0.6,7401.037216186523,7960.872650146484,7505.015432834625,7895.400822162628,-3.4755468368530273,0.19252300262451172,1.7434358596801758,-8.700788021087646
1,61,0.61,7397.964000701904,7960.215508937836,7506.061792373657,7886.838316917419,-3.0732154846191406,-0.6571412086486816,1.0463595390319824,-8.56250524520874
1,62,0.62,7396.188974380493,7957.774698734283,7506.741285324097,7877.967059612274,-1.7750263214111328,-2.440810203552246,0.6794929504394531,-8.871257305145264
1,63,0.63,7395.3379690647125,7954.213321208954,7507.437467575073,7868.610620498657,-0.8510053157806396,-3.56137752532959,0.6961822509765625,-9.356439113616943
1,64,0.64,7394.6513235569,7949.901819229126,7508.334517478943,7858.652770519257,-0.6866455078125,-4.311501979827881,0.8970499038696289,-9.957849979400635
1,65,0.65,7393.941134214401,7945.1364278793335,7509.270906448364,7848.8776087760925,-0.7101893424987793,-4.7653913497924805,0.9363889694213867,-9.775161743164062
1,66,0.66,7393.708527088165,7939.939498901367,7509.859502315521,7838.988304138184,-0.23260712623596191,-5.196928977966309,0.5885958671569824,-9.889304637908936
1,67,0.67,7393.8217759132385,7933.754324913025,7510.10537147522,7829.152345657349,0.11324882507324219,-6.185173988342285,0.24586915969848633,-9.835958480834961
1,68,0.68,7394.389510154724,7926.874160766602,7510.000467300415,7819.627523422241,0.5677342414855957,-6.88016414642334,-0.1049041748046875,-9.524822235107422
1,69,0.6900000000000001,7395.505458116531,7920.091152191162,7509.4932317733765,7810.095548629761,1.115947961807251,-6.783008575439453,-0.5072355270385742,-9.531974792480469
1,70,0.7000000000000001,7396.949678659439,7913.275361061096,7508.556842803955,7800.480425357819,1.4442205429077148,-6.815791130065918,-0.9363889694213867,-9.615123271942139
1,71,0.71,7398.490160703659,7906.651496887207,7507.471442222595,7790.848016738892,1.5404820442199707,-6.62386417388916,-1.0854005813598633,-9.632408618927002
1,72,0.72,7400.377094745636,7899.841368198395,7506.11424446106,7781.0999751091,1.8869340419769287,-6.810128688812256,-1.3571977615356445,-9.74804162979126
1,73,0.73,7403.07480096817,7893.08100938797,7504.489719867706,7771.127820014954,2.6977062225341797,-6.760358810424805,-1.6245245933532715,-9.972155094146729
1,74,0.74,7406.368851661682,7885.747849941254,7502.963542938232,7761.135101318359,3.294050693511963,-7.333159446716309,-1.526176929473877,-9.992718696594238
1,75,0.75,7410.719692707062,7878.502607345581,7501.115500926971,7750.996053218842,4.350841045379639,-7.245242595672607,-1.8480420112609863,-10.139048099517822
1,76,0.76,7415.843605995178,7871.655523777008,7499.677389860153,7739.792168140411,5.123913288116455,-6.847083568572998,-1.4381110668182373,-11.203885078430176
1,77,0.77,7421.045154333115,7864.862382411957,7498.304098844528,7728.41602563858,5.201548337936401,-6.7931413650512695,-1.373291015625,-11.376142501831055
1,78,0.78,7426.092624664307,7857.714593410492,7496.705651283264,7716.873586177826,5.047470331192017,-7.147789001464844,-1.598447561264038,-11.542439460754395
1,79,0.79,7431.031614542007,7849.874496459961,7495.135962963104,7705.624997615814,4.938989877700806,-7.840096950531006,-1.569688320159912,-11.248588562011719
1,80,0.8,7435.9168112277985,7843.039333820343,7493.334710597992,7694.428265094757,4.885196685791016,-6.83516263961792,-1.8012523651123047,-11.196732521057129
1,81,0.81,7440.699338912964,7837.142050266266,7491.30517244339,7683.5304498672485,4.782527685165405,-5.897283554077148,-2.029538154602051,-10.897815227508545
1,82,0.8200000000000001,7445.389032363892,7832.438945770264,7489.4048273563385,7672.487795352936,4.689693450927734,-4.703104496002197,-1.9003450870513916,-11.042654514312744
1,83,0.8300000000000001,7449.897080659866,7828.246057033539,7487.619519233704,7661.452889442444,4.5080482959747314,-4.1928887367248535,-1.7853081226348877,-11.034905910491943
1,84,0.84,7454.2394280433655,7824.6307373046875,7486.110180616379,7649.782598018646,4.3423473834991455,-3.6153197288513184,-1.509338617324829,-11.670291423797607
1,85,0.85,7458.357363939285,7821.513414382935,7484.400421380997,7637.6354694366455,4.1179358959198,-3.1173229217529297,-1.70975923538208,-12.147128582000732
1,86,0.86,7462.295740842819,7819.5613622665405,7482.877969741821,7625.207901000977,3.9383769035339355,-1.952052116394043,-1.522451639175415,-12.427568435668945
1,87,0.87,7466.022372245789,7819.146811962128,7481.570690870285,7612.991034984589,3.7266314029693604,-0.4145503044128418,-1.3072788715362549,-12.21686601638794
1,88,0.88,7469.334006309509,7819.377481937408,7480.383217334747,7601.462304592133,3.311634063720703,0.23066997528076172,-1.1874735355377197,-11.528730392456055
1,89,0.89,7472.3972380161285,7819.870710372925,7479.2419373989105,7590.290307998657,3.0632317066192627,0.4932284355163574,-1.141279935836792,-11.171996593475342
1,90,0.9,7475.258409976959,7820.5907344818115,7478.179782629013,7579.405903816223,2.8611719608306885,0.7200241088867188,-1.062154769897461,-10.884404182434082
1,91,0.91,7477.9921770095825,7821.35933637619,7477.071136236191,7569.0242648124695,2.733767032623291,0.7686018943786621,-1.1086463928222656,-10.381639003753662
1,92,0.92,7480.480372905731,7821.349203586578,7475.7325649261475,7559.206485748291,2.4881958961486816,-0.010132789611816406,-1.338571310043335,-9.817779064178467
1,93,0.93,7482.856810092926,7820.257246494293,7474.01550412178,7549.756467342377,2.376437187194824,-1.0919570922851562,-1.7170608043670654,-9.450018405914307
1,94,0.9400000000000001,7485.298961400986,7818.825244903564,7472.262233495712,7540.310025215149,2.4421513080596924,-1.4320015907287598,-1.7532706260681152,-9.446442127227783
1,95,0.9500000000000001,7487.725168466568,7817.011773586273,7470.307648181915,7531.073689460754,2.4262070655822754,-1.8134713172912598,-1.954585313796997,-9.236335754394531
1,96,0.96,7490.033507347107,7815.119922161102,7468.109875917435,7522.066533565521,2.3083388805389404,-1.8918514251708984,-2.197772264480591,-9.007155895233154
1,97,0.97,7492.250502109528,7811.302542686462,7466.148287057877,7513.538599014282,2.2169947624206543,-3.8173794746398926,-1.9615888595581055,-8.527934551239014
1,98,0.98,7494.344860315323,7807.572782039642,7463.740408420563,7505.443692207336,2.094358205795288,-3.7297606468200684,-2.4078786373138428,-8.0949068069458
1,99,0.99,7496.47930264473,7802.935838699341,7460.986524820328,7497.595399618149,2.1344423294067383,-4.636943340301514,-2.7538836002349854,-7.848292589187622
1,100,1.0,7498.806864023209,7798.205018043518,7458.047121763229,7489.716857671738,2.327561378479004,-4.730820655822754,-2.9394030570983887,-7.878541946411133
1,101,1.01,7501.914501190186,7793.449759483337,7454.814910888672,7481.8255007267,3.1076371669769287,-4.755258560180664,-3.232210874557495,-7.891356945037842
1,102,1.02,7505.314946174622,7789.149582386017,7451.6986310482025,7473.691403865814,3.400444984436035,-4.300177097320557,-3.1162798404693604,-8.13409686088562
1,103,1.03,7508.70406627655,7784.525752067566,7448.461055755615,7465.832680463791,3.389120101928711,-4.623830318450928,-3.2375752925872803,-7.858723402023315
1,104,1.04,7511.725723743439,7780.157029628754,7444.883584976196,7458.392232656479,3.0216574668884277,-4.368722438812256,-3.5774707794189453,-7.440447807312012
1,105,1.05,7514.753639698029,7774.8048305511475,7440.396398305893,7451.58389210701,3.0279159545898438,-5.352199077606201,-4.487186670303345,-6.808340549468994
1,106,1.06,7518.573105335236,7769.620716571808,7436.204254627228,7443.871647119522,3.8194656372070312,-5.1841139793396,-4.192143678665161,-7.712244987487793
1,107,1.07,7522.9451060295105,7764.48518037796,7431.853115558624,7435.991019010544,4.372000694274902,-5.135536193847656,-4.351139068603516,-7.8806281089782715
1,108,1.08,7527.766227722168,7759.926319122314,7427.264750003815,7428.199052810669,4.821121692657471,-4.558861255645752,-4.58836555480957,-7.791966199874878
1,109,1.09,7532.833516597748,7755.621373653412,7422.728389501572,7420.721054077148,5.067288875579834,-4.304945468902588,-4.536360502243042,-7.477998733520508
1,110,1.1,7538.124918937683,7752.287685871124,7418.547123670578,7413.4281277656555,5.291402339935303,-3.3336877822875977,-4.181265830993652,-7.29292631149292
1,111,1.11,7543.426156044006,7750.530540943146,7414.2394959926605,7406.025528907776,5.301237106323242,-1.7571449279785156,-4.3076276779174805,-7.402598857879639
1,112,1.12,7548.766136169434,7748.46076965332,7410.6937646865845,7398.981750011444,5.339980125427246,-2.0697712898254395,-3.54573130607605,-7.043778896331787
1,113,1.1300000000000001,7554.025053977966,7747.495770454407,7407.505363225937,7391.960918903351,5.258917808532715,-0.9649991989135742,-3.188401460647583,-7.020831108093262
1,114,1.1400000000000001,7559.385001659393,7746.913731098175,7404.380440711975,7385.264337062836,5.359947681427002,-0.5820393562316895,-3.124922513961792,-6.696581840515137
1,115,1.1500000000000001,7564.711272716522,7747.181951999664,7401.735931634903,7378.595769405365,5.326271057128906,0.2682209014892578,-2.6445090770721436,-6.668567657470703
1,116,1.16,7570.149898529053,7747.2057938575745,7399.814128875732,7371.894419193268,5.438625812530518,0.02384185791015625,-1.9218027591705322,-6.701350212097168
1,117,1.17,7575.794160366058,7747.428715229034,7398.329377174377,7365.37292599678,5.644261837005615,0.22292137145996094,-1.4847517013549805,-6.521493196487427
1,118,1.18,7581.636309623718,7747.331261634827,7396.899908781052,7359.690070152283,5.842149257659912,-0.09745359420776367,-1.4294683933258057,-5.682855844497681
1,119,1.19,7587.390244007111,7747.807800769806,7395.720332860947,7354.1755974292755,5.753934383392334,0.47653913497924805,-1.1795759201049805,-5.514472723007202
1,120,1.2,7593.211531639099,7747.997939586639,7394.804507493973,7349.123507738113,5.821287631988525,0.1901388168334961,-0.915825366973877,-5.052089691162109
1,121,1.21,7599.056661128998,7749.086022377014,7394.142150878906,7344.045042991638,5.845129489898682,1.0880827903747559,-0.6623566150665283,-5.07846474647522
1,122,1.22,7604.7539710998535,7749.5017647743225,7393.657565116882,7339.129745960236,5.697309970855713,0.4157423973083496,-0.4845857620239258,-4.915297031402588
1,123,1.23,7611.008882522583,7750.391960144043,7393.148243427277,7333.898842334747,6.254911422729492,0.890195369720459,-0.5093216896057129,-5.230903625488281
1,124,1.24,7617.114782333374,7751.666009426117,7393.287271261215,7328.775972127914,6.105899810791016,1.2740492820739746,0.13902783393859863,-5.122870206832886
1,125,1.25,7623.0788230896,7752.83545255661,7393.272370100021,7324.035167694092,5.964040756225586,1.169443130493164,-0.014901161193847656,-4.740804433822632
1,126,1.26,7628.584802150726,7753.835618495941,7393.641769886017,7319.029420614243,5.505979061126709,1.0001659393310547,0.3693997859954834,-5.005747079849243
1,127,1.27,7634.098827838898,7753.838896751404,7394.081205129623,7313.195317983627,5.514025688171387,0.0032782554626464844,0.4394352436065674,-5.834102630615234
1,128,1.28,7639.17863368988,7753.296494483948,7394.923567771912,7306.891977787018,5.079805850982666,-0.5424022674560547,0.842362642288208,-6.303340196609497
1,129,1.29,7643.8722014427185,7751.38795375824,7395.932525396347,7301.347404718399,4.693567752838135,-1.9085407257080078,1.0089576244354248,-5.544573068618774
1,130,1.3,7648.397088050842,7749.3926882743835,7396.718859672546,7295.810282230377,4.524886608123779,-1.9952654838562012,0.7863342761993408,-5.537122488021851
1,131,1.31,7652.541995048523,7746.3698387146,7397.572994232178,7290.416359901428,4.144906997680664,-3.0228495597839355,0.8541345596313477,-5.393922328948975
1,132,1.32,7656.261920928955,7742.845714092255,7398.595064878464,7285.148352384567,3.719925880432129,-3.5241246223449707,1.0220706462860107,-5.268007516860962
1,133,1.33,7659.239172935486,7738.29460144043,7399.028688669205,7280.389964580536,2.9772520065307617,-4.551112651824951,0.4336237907409668,-4.758387804031372
1,134,1.34,7661.788463592529,7732.722163200378,7398.950755596161,7276.028245687485,2.549290657043457,-5.5724382400512695,-0.07793307304382324,-4.3617188930511475
1,135,1.35,7664.254009723663,7727.036774158478,7398.582845926285,7271.737307310104,2.465546131134033,-5.685389041900635,-0.36790966987609863,-4.290938377380371
1,136,1.36,7666.781544685364,7721.221446990967,7398.105561733246,7267.566025257111,2.5275349617004395,-5.815327167510986,-0.47728419303894043,-4.171282052993774
1,137,1.37,7669.45868730545,7715.692222118378,7397.6680636405945,7263.6352479457855,2.67714262008667,-5.529224872589111,-0.4374980926513672,-3.9307773113250732
1,138,1.3800000000000001,7672.536075115204,7710.699141025543,7397.289127111435,7259.910851716995,3.077387809753418,-4.993081092834473,-0.3789365291595459,-3.724396228790283
1,139,1.3900000000000001,7676.222324371338,7706.269919872284,7396.894246339798,7256.458550691605,3.686249256134033,-4.429221153259277,-0.3948807716369629,-3.452301025390625
1,140,1.4000000000000001,7680.58180809021,7702.518105506897,7396.743446588516,7253.107130527496,4.35948371887207,-3.751814365386963,-0.15079975128173828,-3.3514201641082764
1,141,1.41,7685.205340385437,7699.499428272247,7396.8566954135895,7249.865829944611,4.623532295227051,-3.018677234649658,0.11324882507324219,-3.241300582885742
1,142,1.42,7690.214514732361,7697.181403636932,7396.3697254657745,7246.341705322266,5.009174346923828,-2.3180246353149414,-0.4869699478149414,-3.5241246223449707
1,143,1.43,7695.0401067733765,7693.984508514404,7396.815866231918,7243.937999010086,4.825592041015625,-3.196895122528076,0.44614076614379883,-2.4037063121795654
1,144,1.44,7700.520157814026,7692.916691303253,7397.545278072357,7240.526527166367,5.480051040649414,-1.067817211151123,0.7294118404388428,-3.4114718437194824
1,145,1.45,7705.918848514557,7692.044675350189,7398.52249622345,7238.044738769531,5.398690700531006,-0.8720159530639648,0.9772181510925293,-2.481788396835327
1,146,1.46,7711.710631847382,7693.150043487549,7399.925887584686,7235.305458307266,5.791783332824707,1.1053681373596191,1.4033913612365723,-2.7392804622650146
1,147,1.47,7717.78792142868,7694.480121135712,7401.614189147949,7233.3599627017975,6.077289581298828,1.3300776481628418,1.6883015632629395,-1.94549560546875
1,148,1.48,7723.981142044067,7696.977257728577,7404.182851314545,7231.384962797165,6.193220615386963,2.4971365928649902,2.568662166595459,-1.9749999046325684
1,149,1.49,7730.509340763092,7699.08994436264,7407.378256320953,7230.226099491119,6.528198719024658,2.1126866340637207,3.1954050064086914,-1.1588633060455322
1,150,1.5,7737.089693546295,7702.3568749427795,7411.368191242218,7229.2424738407135,6.580352783203125,3.26693058013916,3.9899349212646484,-0.9836256504058838
1,151,1.51,7743.9284324646,7705.738544464111,7415.426522493362,7228.8645803928375,6.838738918304443,3.381669521331787,4.058331251144409,-0.37789344787597656
1,152,1.52,7750.958204269409,7709.686756134033,7420.190721750259,7228.954583406448,7.02977180480957,3.948211669921875,4.764199256896973,0.09000301361083984
1,153,1.53,7758.068144321442,7714.256644248962,7425.905913114548,7229.259312152863,7.109940052032471,4.569888114929199,5.71519136428833,0.30472874641418457
1,154,1.54,7765.381932258606,7719.6866273880005,7432.1383237838745,7229.316383600235,7.313787937164307,5.429983139038086,6.232410669326782,0.05707144737243652
1,155,1.55,7773.078978061676,7724.306881427765,7438.675910234451,7229.4750809669495,7.697045803070068,4.620254039764404,6.537586450576782,0.15869736671447754
1,156,1.56,7780.2130579948425,7728.797495365143,7445.453405380249,7230.1580011844635,7.134079933166504,4.49061393737793,6.7774951457977295,0.6829202175140381
1,157,1.57,7786.843478679657,7733.922600746155,7452.162504196167,7231.121510267258,6.630420684814453,5.125105381011963,6.709098815917969,0.9635090827941895
1,158,1.58,7793.83510351181,7739.109694957733,7459.065318107605,7232.299745082855,6.99162483215332,5.187094211578369,6.902813911437988,1.1782348155975342
1,159,1.59,7801.0571002960205,7743.993401527405,7466.223388910294,7234.418094158173,7.221996784210205,4.883706569671631,7.158070802688599,2.118349075317383
1,160,1.6,7808.671593666077,7749.194800853729,7473.251819610596,7237.022221088409,7.614493370056152,5.201399326324463,7.028430700302124,2.6041269302368164
1,161,1.61,7817.457020282745,7755.151093006134,7480.010837316513,7239.8823499679565,8.785426616668701,5.956292152404785,6.759017705917358,2.860128879547119
1,162,1.62,7827.233970165253,7761.761844158173,7487.436085939407,7242.6459193229675,9.776949882507324,6.610751152038574,7.425248622894287,2.7635693550109863
1,163,1.6300000000000001,7836.55971288681,7768.269181251526,7494.704574346542,7245.551347732544,9.325742721557617,6.5073370933532715,7.26848840713501,2.905428409576416
1,164,1.6400000000000001,7844.760715961456,7775.192856788635,7501.86413526535,7248.1489181518555,8.201003074645996,6.923675537109375,7.159560918807983,2.5975704193115234
1,165,1.6500000000000001,7852.764129638672,7780.389189720154,7509.349882602692,7251.18100643158,8.003413677215576,5.196332931518555,7.485747337341309,3.032088279724121
1,166,1.6600000000000001,7860.635221004486,7786.458730697632,7516.885697841644,7254.315614700317,7.871091365814209,6.069540977478027,7.535815238952637,3.134608268737793
1,167,1.67,7868.249714374542,7791.701853275299,7524.171769618988,7258.450388908386,7.614493370056152,5.243122577667236,7.28607177734375,4.134774208068848
1,168,1.68,7875.8305311203,7797.202169895172,7531.502246856689,7262.493222951889,7.580816745758057,5.500316619873047,7.330477237701416,4.042834043502808
1,169,1.69,7883.292436599731,7801.748812198639,7538.846135139465,7267.200797796249,7.461905479431152,4.546642303466797,7.343888282775879,4.707574844360352
1,170,1.7,7890.663743019104,7806.682288646698,7546.181380748749,7271.876484155655,7.371306419372559,4.933476448059082,7.335245609283447,4.675686359405518
1,171,1.71,7898.11909198761,7811.639904975891,7553.393542766571,7276.492416858673,7.455348968505859,4.957616329193115,7.212162017822266,4.6159327030181885
1,172,1.72,7905.523777008057,7817.363440990448,7560.598254203796,7281.100898981094,7.404685020446777,5.723536014556885,7.204711437225342,4.608482122421265
1,173,1.73,7912.628650665283,7822.63308763504,7567.698359489441,7286.076098680496,7.1048736572265625,5.269646644592285,7.100105285644531,4.9751996994018555
1,174,1.74,7919.4119572639465,7828.0675411224365,7574.997842311859,7291.181683540344,6.78330659866333,5.43445348739624,7.299482822418213,5.1055848598480225
1,175,1.75,7925.525009632111,7832.468152046204,7582.255005836487,7296.6068983078,6.1130523681640625,4.40061092376709,7.2571635246276855,5.425214767456055
1,176,1.76,7931.157648563385,7836.293876171112,7589.334845542908,7302.135527133942,5.632638931274414,3.8257241249084473,7.079839706420898,5.528628826141357
1,177,1.77,7936.139404773712,7839.716672897339,7596.529722213745,7307.575643062592,4.981756210327148,3.4227967262268066,7.194876670837402,5.440115928649902
1,178,1.78,7940.340340137482,7841.817140579224,7603.859007358551,7312.89803981781,4.200935363769531,2.1004676818847656,7.329285144805908,5.322396755218506
1,179,1.79,7944.04923915863,7843.272686004639,7610.657215118408,7318.169921636581,3.7088990211486816,1.455545425415039,6.798207759857178,5.271881818771362
1,180,1.8,7947.149872779846,7843.701541423798,7617.61486530304,7323.305606842041,3.1006336212158203,0.42885541915893555,6.957650184631348,5.135685205459595
1,181,1.81,7949.626445770264,7842.998206615448,7624.68695640564,7327.952533960342,2.4765729904174805,-0.7033348083496094,7.072091102600098,4.646927118301392
1,182,1.82,7951.760292053223,7842.154502868652,7630.175352096558,7332.346737384796,2.1338462829589844,-0.8437037467956543,5.488395690917969,4.394203424453735
1,183,1.83,7953.470051288605,7839.5020961761475,7635.805010795593,7337.263971567154,1.70975923538208,-2.652406692504883,5.6296586990356445,4.917234182357788
1,184,1.84,7954.62042093277,7836.913764476776,7641.158401966095,7341.3655161857605,1.150369644165039,-2.588331699371338,5.353391170501709,4.101544618606567
1,185,1.85,7955.233156681061,7833.075523376465,7646.01469039917,7345.43651342392,0.6127357482910156,-3.8382411003112793,4.856288433074951,4.07099723815918
1,186,1.86,7955.438494682312,7828.588485717773,7650.63613653183,7349.451035261154,0.2053380012512207,-4.487037658691406,4.621446132659912,4.014521837234497
1,187,1.87,7955.1345109939575,7823.477685451508,7654.9214124679565,7353.183329105377,-0.3039836883544922,-5.110800266265869,4.285275936126709,3.7322938442230225
1,188,1.8800000000000001,7954.64426279068,7818.00389289856,7658.621370792389,7356.737554073334,-0.4902482032775879,-5.473792552947998,3.699958324432373,3.554224967956543
1,189,1.8900000000000001,7953.878939151764,7811.43456697464,7662.344574928284,7360.37403345108,-0.7653236389160156,-6.569325923919678,3.7232041358947754,3.636479377746582
1,190,1.9000000000000001,7952.760457992554,7804.923057556152,7665.782570838928,7363.655269145966,-1.118481159210205,-6.511509418487549,3.4379959106445312,3.281235694885254
1,191,1.9100000000000001,7951.139211654663,7797.690331935883,7669.043242931366,7367.033660411835,-1.621246337890625,-7.232725620269775,3.260672092437744,3.3783912658691406
1,192,1.92,7949.323058128357,7790.082097053528,7672.2651720047,7370.467483997345,-1.8161535263061523,-7.608234882354736,3.2219290733337402,3.433823585510254
1,193,1.93,7947.383522987366,7781.403958797455,7674.672603607178,7373.81175160408,-1.939535140991211,-8.678138256072998,2.4074316024780273,3.3442676067352295
1,194,1.94,7945.4076290130615,7771.905362606049,7676.765322685242,7376.844584941864,-1.9758939743041992,-9.49859619140625,2.092719078063965,3.0328333377838135
1,195,1.95,7942.805588245392,7760.503590106964,7678.666710853577,7380.26425242424,-2.6020407676696777,-11.401772499084473,1.901388168334961,3.4196674823760986
1,196,1.96,7940.639555454254,7749.558389186859,7680.283486843109,7382.749319076538,-2.1660327911376953,-10.94520092010498,1.6167759895324707,2.4850666522979736
1,197,1.97,7938.721776008606,7737.778425216675,7681.739330291748,7385.472506284714,-1.9177794456481934,-11.779963970184326,1.455843448638916,2.723187208175659
1,198,1.98,7937.042713165283,7727.051377296448,7682.928144931793,7387.5004053115845,-1.679062843322754,-10.72704792022705,1.188814640045166,2.0278990268707275
1,199,1.99,7935.7025027275085,7716.233730316162,7683.849036693573,7389.5275592803955,-1.3402104377746582,-10.817646980285645,0.9208917617797852,2.027153968811035
1,200,2.0,7934.843003749847,7706.726789474487,7684.714496135712,7390.863448381424,-0.8594989776611328,-9.506940841674805,0.8654594421386719,1.3358891010284424
1,201,2.0100000000000002,7934.324145317078,7697.4740624427795,7685.350775718689,7392.197698354721,-0.5188584327697754,-9.252727031707764,0.6362795829772949,1.3342499732971191
1,202,2.02,7934.321463108063,7689.434289932251,7685.761451721191,7393.017262220383,-0.002682209014892578,-8.039772510528564,0.4106760025024414,0.8195638656616211
1,203,2.0300000000000002,7934.815883636475,7682.2540163993835,7686.048448085785,7393.609285354614,0.49442052841186523,-7.180273532867432,0.28699636459350586,0.5920231342315674
1,204,2.04,7935.847043991089,7676.347494125366,7686.028480529785,7393.904030323029,1.0311603546142578,-5.906522274017334,-0.01996755599975586,0.29474496841430664
1,205,2.05,7937.4960064888,7671.369016170502,7685.82284450531,7393.661141395569,1.6489624977111816,-4.978477954864502,-0.20563602447509766,-0.2428889274597168
1,206,2.06,7939.412593841553,7667.320370674133,7685.606777667999,7393.121272325516,1.9165873527526855,-4.048645496368408,-0.21606683731079102,-0.5398690700531006
1,207,2.07,7941.168248653412,7664.012312889099,7684.798836708069,7392.63653755188,1.7556548118591309,-3.3080577850341797,-0.8079409599304199,-0.48473477363586426
1,208,2.08,7942.872047424316,7661.570608615875,7683.96258354187,7391.84707403183,1.703798770904541,-2.441704273223877,-0.8362531661987305,-0.7894635200500488
1,209,2.09,7944.328486919403,7659.724652767181,7683.364748954773,7391.421794891357,1.45643949508667,-1.8459558486938477,-0.597834587097168,-0.4252791404724121
1,210,2.1,7945.62429189682,7658.044099807739,7682.7821135520935,7391.214370727539,1.2958049774169922,-1.6805529594421387,-0.5826354026794434,-0.20742416381835938
1,211,2.11,7946.65664434433,7658.160328865051,7681.760489940643,7390.60640335083,1.0323524475097656,0.11622905731201172,-1.0216236114501953,-0.6079673767089844
1,212,2.12,7947.614789009094,7658.499181270599,7680.6628704071045,7390.422970056534,0.9581446647644043,0.3388524055480957,-1.0976195335388184,-0.18343329429626465
1,213,2.13,7948.267459869385,7659.453451633453,7679.97533082962,7390.037775039673,0.6526708602905273,0.9542703628540039,-0.6875395774841309,-0.3851950168609619
1,214,2.14,7948.828041553497,7661.476731300354,7678.981423377991,7389.517724514008,0.5605816841125488,2.0232796669006348,-0.9939074516296387,-0.5200505256652832
1,215,2.15,7948.658466339111,7663.922011852264,7678.017020225525,7389.301657676697,-0.16957521438598633,2.4452805519104004,-0.9644031524658203,-0.21606683731079102
1,216,2.16,7947.750389575958,7667.335569858551,7676.773965358734,7389.380037784576,-0.9080767631530762,3.413558006286621,-1.2430548667907715,0.07838010787963867
1,217,2.17,7945.391535758972,7671.481072902679,7675.867080688477,7389.78385925293,-2.358853816986084,4.145503044128418,-0.9068846702575684,0.4038214683532715
1,218,2.18,7942.037582397461,7675.5887269973755,7674.746215343475,7391.123473644257,-3.3539533615112305,4.107654094696045,-1.1208653450012207,1.3396143913269043
1,219,2.19,7937.317788600922,7679.506838321686,7673.8715171813965,7393.047660589218,-4.719793796539307,3.9181113243103027,-0.8746981620788574,1.9241869449615479
1,220,2.2,7931.91522359848,7684.491872787476,7673.735320568085,7394.589185714722,-5.402565002441406,4.985034465789795,-0.13619661331176758,1.54152512550354
1,221,2.21,7925.558686256409,7690.362334251404,7674.719989299774,7396.108508110046,-6.356537342071533,5.870461463928223,0.9846687316894531,1.519322395324707
1,222,2.22,7918.311953544617,7696.73079252243,7675.893008708954,7398.498356342316,-7.246732711791992,6.368458271026611,1.1730194091796875,2.389848232269287
1,223,2.23,7909.66123342514,7702.980935573578,7677.489221096039,7400.815486907959,-8.650720119476318,6.250143051147461,1.596212387084961,2.3171305656433105
1,224,2.24,7899.642586708069,7708.73486995697,7679.687738418579,7402.949780225754,-10.018646717071533,5.753934383392334,2.198517322540283,2.1342933177948
1,225,2.25,7888.244092464447,7714.311182498932,7682.0021867752075,7404.902428388596,-11.398494243621826,5.57631254196167,2.314448356628418,1.9526481628417969
1,226,2.2600000000000002,7875.189483165741,7718.885242938995,7684.693932533264,7407.025396823883,-13.054609298706055,4.574060440063477,2.6917457580566406,2.1229684352874756
1,227,2.27,7860.76158285141,7722.785174846649,7687.629759311676,7409.0152978897095,-14.427900314331055,3.8999319076538086,2.9358267784118652,1.989901065826416
1,228,2.2800000000000002,7844.999730587006,7724.699378013611,7690.807580947876,7411.3427102565765,-15.761852264404297,1.91420316696167,3.177821636199951,2.3274123668670654
1,229,2.29,7828.181684017181,7726.057469844818,7694.121301174164,7413.471937179565,-16.81804656982422,1.3580918312072754,3.313720226287842,2.1292269229888916
1,230,2.3000000000000003,7811.452150344849,7726.3012528419495,7697.31879234314,7415.48091173172,-16.729533672332764,0.24378299713134766,3.19749116897583,2.008974552154541
1,231,2.31,7794.829905033112,7725.307643413544,7700.5934715271,7417.845129966736,-16.62224531173706,-0.9936094284057617,3.274679183959961,2.364218235015869
1,232,2.32,7778.398394584656,7722.80216217041,7703.069448471069,7420.338690280914,-16.43151044845581,-2.505481243133545,2.4759769439697266,2.493560314178467
1,233,2.33,7763.102948665619,7717.6326513290405,7705.155611038208,7422.123104333878,-15.295445919036865,-5.169510841369629,2.086162567138672,1.7844140529632568
1,234,2.34,7747.988998889923,7711.131274700165,7706.721127033234,7423.908412456512,-15.1139497756958,-6.501376628875732,1.5655159950256348,1.7853081226348877
1,235,2.35,7734.262943267822,7704.213261604309,7707.102298736572,7425.610721111298,-13.72605562210083,-6.918013095855713,0.38117170333862305,1.7023086547851562
1,236,2.36,7722.157835960388,7696.006000041962,7706.878185272217,7427.973300218582,-12.105107307434082,-8.207261562347412,-0.22411346435546875,2.362579107284546
1,237,2.37,7711.017727851868,7686.71452999115,7706.345319747925,7430.936694145203,-11.140108108520508,-9.291470050811768,-0.5328655242919922,2.9633939266204834
1,238,2.38,7701.806426048279,7677.11728811264,7704.119086265564,7433.857321739197,-9.211301803588867,-9.597241878509521,-2.22623348236084,2.9206275939941406
1,239,2.39,7694.127261638641,7667.064368724823,7701.8579840660095,7436.694800853729,-7.679164409637451,-10.052919387817383,-2.2611021995544434,2.8374791145324707
1,240,2.4,7688.566744327545,7657.807469367981,7698.380947113037,7439.98646736145,-5.560517311096191,-9.256899356842041,-3.477036952972412,3.2916665077209473
1,241,2.41,7684.399783611298,7649.465501308441,7694.15020942688,7443.168163299561,-4.166960716247559,-8.341968059539795,-4.230737686157227,3.1816959381103516
1,242,2.42,7682.256102561951,7641.001641750336,7689.253091812134,7446.364164352417,-2.143681049346924,-8.463859558105469,-4.897117614746094,3.1960010528564453
1,243,2.43,7681.570053100586,7633.206248283386,7683.59512090683,7449.054419994354,-0.6860494613647461,-7.795393466949463,-5.657970905303955,2.690255641937256
1,244,2.44,7682.327926158905,7625.893354415894,7677.462697029114,7451.537847518921,0.7578730583190918,-7.312893867492676,-6.1324238777160645,2.4834275245666504
1,245,2.45,7684.346139431,7620.056867599487,7670.876681804657,7453.449070453644,2.0182132720947266,-5.83648681640625,-6.586015224456787,1.9112229347229004
1,246,2.46,7687.756717205048,7614.724934101105,7663.583159446716,7455.323338508606,3.4105777740478516,-5.331933498382568,-7.293522357940674,1.8742680549621582
1,247,2.47,7691.978216171265,7610.239386558533,7655.963599681854,7456.863224506378,4.221498966217041,-4.4855475425720215,-7.6195597648620605,1.5398859977722168
1,248,2.48,7697.28422164917,7606.547772884369,7647.908926010132,7457.88112282753,5.306005477905273,-3.6916136741638184,-8.054673671722412,1.0178983211517334
1,249,2.49,7703.408300876617,7603.481113910675,7639.818787574768,7458.607703447342,6.12407922744751,-3.0666589736938477,-8.09013843536377,0.7265806198120117
1,250,2.5,7709.6617221832275,7600.485682487488,7631.704807281494,7459.367513656616,6.253421306610107,-2.995431423187256,-8.113980293273926,0.759810209274292
1,251,2.5100000000000002,7716.071009635925,7598.167955875397,7623.456716537476,7460.024952888489,6.409287452697754,-2.3177266120910645,-8.248090744018555,0.6574392318725586
1,252,2.52,7722.1620082855225,7595.967352390289,7615.408897399902,7460.729777812958,6.090998649597168,-2.200603485107422,-8.047819137573242,0.7048249244689941
1,253,2.5300000000000002,7727.766633033752,7594.48915719986,7607.5878739356995,7461.100816726685,5.6046247482299805,-1.4781951904296875,-7.821023464202881,0.37103891372680664
1,254,2.54,7732.946276664734,7593.6248898506165,7599.928379058838,7461.467981338501,5.179643630981445,-0.8642673492431641,-7.659494876861572,0.36716461181640625
1,255,2.5500000000000003,7737.768888473511,7592.824399471283,7592.519223690033,7462.232708930969,4.8226118087768555,-0.8004903793334961,-7.409155368804932,0.7647275924682617
1,256,2.56,7741.8869733810425,7593.916356563568,7585.660815238953,7462.979555130005,4.118084907531738,1.0919570922851562,-6.858408451080322,0.7468461990356445
1,257,2.57,7745.330929756165,7595.591247081757,7579.043507575989,7464.103400707245,3.4439563751220703,1.6748905181884766,-6.617307662963867,1.1238455772399902
1,258,2.58,7747.76816368103,7597.903609275818,7573.018670082092,7464.872300624847,2.4372339248657227,2.3123621940612793,-6.024837493896484,0.7688999176025391
1,259,2.59,7748.858630657196,7600.091993808746,7567.668259143829,7465.798556804657,1.0904669761657715,2.188384532928467,-5.3504109382629395,0.9262561798095703
1,260,2.6,7748.627066612244,7602.683007717133,7563.2306933403015,7466.303706169128,-0.23156404495239258,2.5910139083862305,-4.437565803527832,0.5051493644714355
1,261,2.61,7747.573256492615,7605.036795139313,7559.468448162079,7467.457503080368,-1.0538101196289062,2.353787422180176,-3.7622451782226562,1.153796911239624
1,262,2.62,7745.004892349243,7608.582377433777,7557.095587253571,7468.706369400024,-2.568364143371582,3.5455822944641113,-2.372860908508301,1.248866319656372
1,263,2.63,7741.168737411499,7612.136006355286,7555.798590183258,7470.559775829315,-3.8361549377441406,3.553628921508789,-1.2969970703125,1.8534064292907715
1,264,2.64,7736.272811889648,7616.274952888489,7555.731236934662,7472.322881221771,-4.895925521850586,4.138946533203125,-0.0673532485961914,1.7631053924560547
1,265,2.65,7730.611562728882,7620.231211185455,7556.854486465454,7474.278062582016,-5.661249160766602,3.9562582969665527,1.1232495307922363,1.955181360244751
1,266,2.66,7723.96981716156,7624.031901359558,7559.06343460083,7476.559579372406,-6.641745567321777,3.800690174102783,2.2089481353759766,2.2815167903900146
1,267,2.67,7716.38810634613,7627.290785312653,7562.144994735718,7479.026019573212,-7.5817108154296875,3.2588839530944824,3.0815601348876953,2.466440200805664
1,268,2.68,7708.019912242889,7629.477083683014,7566.005885601044,7481.952011585236,-8.368194103240967,2.186298370361328,3.8608908653259277,2.925992012023926
1,269,2.69,7699.042856693268,7631.580233573914,7570.473551750183,7484.745383262634,-8.977055549621582,2.103149890899658,4.467666149139404,2.7933716773986816
1,270,2.7,7689.7770166397095,7632.816731929779,7575.209736824036,7487.605959177017,-9.26584005355835,1.2364983558654785,4.736185073852539,2.8605759143829346
1,271,2.71,7680.4304122924805,7633.197009563446,7580.2189111709595,7490.281462669373,-9.346604347229004,0.3802776336669922,5.009174346923828,2.6755034923553467
1,272,2.72,7671.459317207336,7631.951868534088,7584.910988807678,7492.850124835968,-8.971095085144043,-1.2451410293579102,4.69207763671875,2.568662166595459
1,273,2.73,7662.578821182251,7630.088031291962,7589.70320224762,7495.393753051758,-8.88049602508545,-1.8638372421264648,4.792213439941406,2.543628215789795
1,274,2.74,7654.207646846771,7627.164721488953,7593.981623649597,7497.970461845398,-8.371174335479736,-2.923309803009033,4.278421401977539,2.5767087936401367
1,275,2.75,7646.386623382568,7623.463273048401,7597.447335720062,7500.077188014984,-7.821023464202881,-3.701448440551758,3.465712070465088,2.1067261695861816
1,276,2.7600000000000002,7639.038562774658,7618.688642978668,7600.66032409668,7502.488791942596,-7.348060607910156,-4.774630069732666,3.2129883766174316,2.4116039276123047
1,277,2.77,7632.389962673187,7613.835036754608,7603.260278701782,7504.6175718307495,-6.648600101470947,-4.853606224060059,2.599954605102539,2.128779888153076
1,278,2.7800000000000002,7626.670300960541,7608.42502117157,7605.195939540863,7506.3556432724,-5.719661712646484,-5.41001558303833,1.9356608390808105,1.7380714416503906
1,279,2.79,7621.722221374512,7602.652907371521,7606.35107755661,7507.611513137817,-4.948079586029053,-5.772113800048828,1.1551380157470703,1.2558698654174805
1,280,2.8000000000000003,7618.1575655937195,7596.176564693451,7606.598138809204,7508.3988904953,-3.5646557807922363,-6.476342678070068,0.24706125259399414,0.7873773574829102
1,281,2.81,7615.40025472641,7590.011358261108,7605.818808078766,7508.999705314636,-2.7573108673095703,-6.165206432342529,-0.7793307304382324,0.6008148193359375
1,282,2.82,7613.348960876465,7584.31077003479,7604.7831773757935,7509.247958660126,-2.0512938499450684,-5.700588226318359,-1.035630702972412,0.24825334548950195
1,283,2.83,7612.2090220451355,7578.767836093903,7603.077590465546,7509.383261203766,-1.1399388313293457,-5.542933940887451,-1.7055869102478027,0.13530254364013672
1,284,2.84,7611.857056617737,7573.694288730621,7600.799798965454,7509.000897407532,-0.35196542739868164,-5.07354736328125,-2.2777915000915527,-0.38236379623413086
1,285,2.85,7612.1339201927185,7568.922340869904,7598.023414611816,7508.588135242462,0.27686357498168945,-4.771947860717773,-2.7763843536376953,-0.4127621650695801
1,286,2.86,7613.011598587036,7564.592659473419,7594.656944274902,7508.081793785095,0.877678394317627,-4.329681396484375,-3.3664703369140625,-0.5063414573669434
1,287,2.87,7614.4614815711975,7560.638785362244,7590.736746788025,7507.282793521881,1.449882984161377,-3.953874111175537,-3.9201974868774414,-0.7990002632141113
1,288,2.88,7616.386413574219,7556.851506233215,7586.5355134010315,7506.3735246658325,1.9249320030212402,-3.7872791290283203,-4.201233386993408,-0.909268856048584
1,289,2.89,7618.686258792877,7553.594708442688,7582.034766674042,7505.259215831757,2.2998452186584473,-3.2567977905273438,-4.500746726989746,-1.1143088340759277
1,290,2.9,7621.319890022278,7550.298571586609,7577.171623706818,7504.363656044006,2.6336312294006348,-3.2961368560791016,-4.863142967224121,-0.8955597877502441
1,291,2.91,7624.314725399017,7547.821402549744,7571.9645619392395,7503.187954425812,2.994835376739502,-2.4771690368652344,-5.207061767578125,-1.17570161819458
1,292,2.92,7627.411782741547,7545.8309054374695,7566.762566566467,7502.053380012512,3.097057342529297,-1.99049711227417,-5.201995372772217,-1.1345744132995605
1,293,2.93,7630.518078804016,7544.502019882202,7561.516165733337,7500.846982002258,3.1062960624694824,-1.328885555267334,-5.246400833129883,-1.2063980102539062
1,294,2.94,7633.514106273651,7543.392479419708,7556.538879871368,7499.801516532898,2.9960274696350098,-1.1095404624938965,-4.977285861968994,-1.0454654693603516
1,295,2.95,7636.096477508545,7542.748749256134,7551.663815975189,7498.884499073029,2.582371234893799,-0.6437301635742188,-4.875063896179199,-0.9170174598693848
1,296,2.96,7638.188600540161,7542.486786842346,7547.00094461441,7497.868984937668,2.092123031616211,-0.2619624137878418,-4.662871360778809,-1.0155141353607178
1,297,2.97,7639.876902103424,7542.350292205811,7542.732656002045,7496.881783008575,1.6883015632629395,-0.13649463653564453,-4.268288612365723,-0.9872019290924072
1,298,2.98,7641.122937202454,7542.5660610198975,7538.883686065674,7495.810091495514,1.246035099029541,0.21576881408691406,-3.8489699363708496,-1.0716915130615234
1,299,2.99,7642.058730125427,7543.3990359306335,7535.457611083984,7494.70978975296,0.9357929229736328,0.832974910736084,-3.426074981689453,-1.100301742553711
1,300,3.0,7642.568647861481,7544.54642534256,7532.472014427185,7493.895590305328,0.5099177360534668,1.1473894119262695,-2.9855966567993164,-0.8141994476318359
1,301,3.0100000000000002,7642.489671707153,7546.11998796463,7529.7993421554565,7493.043541908264,-0.07897615432739258,1.5735626220703125,-2.6726722717285156,-0.852048397064209
1,302,3.02,7641.925811767578,7547.723650932312,7527.633309364319,7492.462545633316,-0.5638599395751953,1.6036629676818848,-2.1660327911376953,-0.5809962749481201
1,303,3.0300000000000002,7640.886008739471,7549.682557582855,7525.9605050086975,7491.9843673706055,-1.0398030281066895,1.958906650543213,-1.672804355621338,-0.4781782627105713
1,304,3.04,7639.440894126892,7551.718652248383,7524.7326493263245,7491.603195667267,-1.4451146125793457,2.0360946655273438,-1.2278556823730469,-0.38117170333862305
1,305,3.0500000000000003,7637.578845024109,7553.865015506744,7524.02663230896,7491.3181364536285,-1.8620491027832031,2.1463632583618164,-0.706017017364502,-0.28505921363830566
1,306,3.06,7635.335922241211,7556.0009479522705,7523.79447221756,7491.138130426407,-2.242922782897949,2.135932445526123,-0.23216009140014648,-0.1800060272216797
1,307,3.0700000000000003,7632.73298740387,7558.096349239349,7524.002492427826,7491.0202622413635,-2.6029348373413086,2.0954012870788574,0.20802021026611328,-0.11786818504333496
1,308,3.08,7629.85497713089,7559.98969078064,7524.52552318573,7490.9719824790955,-2.8780102729797363,1.8933415412902832,0.5230307579040527,-0.048279762268066406
1,309,3.09,7626.702189445496,7561.684548854828,7525.322139263153,7491.051405668259,-3.152787685394287,1.6948580741882324,0.7966160774230957,0.07942318916320801
1,310,3.1,7623.245716094971,7563.2444024086,7526.431083679199,7491.1929666996,-3.4564733505249023,1.5598535537719727,1.1089444160461426,0.14156103134155273
1,311,3.11,7619.652152061462,7564.443349838257,7527.743875980377,7491.40277504921,-3.593564033508301,1.1989474296569824,1.3127923011779785,0.209808349609375
1,312,3.12,7615.991830825806,7565.2191042900085,7529.189884662628,7491.628676652908,-3.6603212356567383,0.775754451751709,1.4460086822509766,0.22590160369873047
1,313,3.13,7612.356245517731,7565.498948097229,7530.703544616699,7491.922676563263,-3.635585308074951,0.279843807220459,1.513659954071045,0.29399991035461426
1,314,3.14,7608.805000782013,7565.28913974762,7532.1513414382935,7492.3597276210785,-3.5512447357177734,-0.209808349609375,1.4477968215942383,0.43705105781555176
1,315,3.15,7605.399489402771,7564.743161201477,7533.521354198456,7492.764741182327,-3.4055113792419434,-0.5459785461425781,1.3700127601623535,0.4050135612487793
1,316,3.16,7602.319121360779,7563.881278038025,7534.66933965683,7493.000030517578,-3.0803680419921875,-0.8618831634521484,1.1479854583740234,0.2352893352508545
1,317,3.17,7599.496245384216,7562.641799449921,7535.844147205353,7493.2485818862915,-2.8228759765625,-1.239478588104248,1.1748075485229492,0.2485513687133789
1,318,3.18,7596.948444843292,7560.844123363495,7536.775171756744,7493.63511800766,-2.5478005409240723,-1.7976760864257812,0.9310245513916016,0.3865361213684082
1,319,3.19,7594.703435897827,7558.789849281311,7537.4835729599,7493.889182806015,-2.245008945465088,-2.054274082183838,0.7084012031555176,0.25406479835510254
1,320,3.2,7592.7335023880005,7556.280493736267,7537.964582443237,7494.2755699157715,-1.9699335098266602,-2.5093555450439453,0.48100948333740234,0.3863871097564697
1,321,3.21,7590.999901294708,7553.591430187225,7538.24383020401,7494.694292545319,-1.7336010932922363,-2.689063549041748,0.2792477607727051,0.41872262954711914
1,322,3.22,7589.603662490845,7550.671994686127,7538.275420665741,7495.099604129791,-1.3962388038635254,-2.919435501098633,0.03159046173095703,0.40531158447265625
1,323,3.23,7588.502764701843,7547.567784786224,7538.156807422638,7495.503276586533,-1.1008977890014648,-3.1042098999023438,-0.11861324310302734,0.403672456741333
1,324,3.24,7587.751150131226,7544.257640838623,7537.686824798584,7495.933771133423,-0.7516145706176758,-3.3101439476013184,-0.4699826240539551,0.4304945468902588
1,325,3.25,7587.270736694336,7540.929317474365,7536.988854408264,7496.253401041031,-0.48041343688964844,-3.3283233642578125,-0.6979703903198242,0.3196299076080322
1,326,3.2600000000000002,7587.0513916015625,7537.463307380676,7536.139786243439,7496.578097343445,-0.2193450927734375,-3.466010093688965,-0.8490681648254395,0.32469630241394043
1,327,3.27,7587.081491947174,7534.022629261017,7535.058557987213,7496.848851442337,0.030100345611572266,-3.440678119659424,-1.081228256225586,0.2707540988922119
1,328,3.2800000000000002,7587.354481220245,7530.549466609955,7533.8029861450195,7497.077286243439,0.27298927307128906,-3.4731626510620117,-1.2555718421936035,0.22843480110168457
1,329,3.29,7587.85605430603,7527.176737785339,7532.434463500977,7497.245520353317,0.5015730857849121,-3.3727288246154785,-1.3685226440429688,0.16823410987854004
1,330,3.3000000000000003,7588.518261909485,7523.900270462036,7530.963718891144,7497.394531965256,0.6622076034545898,-3.2764673233032227,-1.4707446098327637,0.14901161193847656
1,331,3.31,7589.32888507843,7520.818710327148,7529.397904872894,7497.511208057404,0.8106231689453125,-3.0815601348876953,-1.5658140182495117,0.11667609214782715
1,332,3.3200000000000003,7590.210437774658,7517.851889133453,7527.8133153915405,7497.631162405014,0.8815526962280273,-2.9668211936950684,-1.5845894813537598,0.11995434761047363
1,333,3.33,7591.111958026886,7515.091896057129,7526.23051404953,7497.699707746506,0.9015202522277832,-2.759993076324463,-1.582801342010498,0.06854534149169922
1,334,3.34,7592.03314781189,7512.492835521698,7524.630427360535,7497.745454311371,0.9211897850036621,-2.599060535430908,-1.6000866889953613,0.045746564865112305
1,335,3.35,7592.889070510864,7510.033845901489,7523.004710674286,7497.764527797699,0.8559226989746094,-2.4589896202087402,-1.6257166862487793,0.019073486328125
1,336,3.36,7593.666613101959,7507.6910853385925,7521.474063396454,7497.7050721645355,0.7775425910949707,-2.3427605628967285,-1.5306472778320312,-0.05945563316345215
1,337,3.37,7594.345510005951,7505.699694156647,7520.086765289307,7497.619837522507,0.6788969039916992,-1.9913911819458008,-1.3872981071472168,-0.0852346420288086
1,338,3.38,7594.8768854141235,7503.984272480011,7518.800795078278,7497.544437646866,0.5313754081726074,-1.7154216766357422,-1.2859702110290527,-0.07539987564086914
1,339,3.39,7595.198750495911,7502.578496932983,7517.692148685455,7497.400343418121,0.3218650817871094,-1.405775547027588,-1.1086463928222656,-0.14409422874450684
1,340,3.4,7595.318555831909,7501.417398452759,7516.750395298004,7497.217506170273,0.11980533599853516,-1.1610984802246094,-0.9417533874511719,-0.18283724784851074
1,341,3.41,7595.187425613403,7500.481903553009,7515.983283519745,7496.971487998962,-0.13113021850585938,-0.9354948997497559,-0.7671117782592773,-0.2460181713104248
1,342,3.42,7594.851851463318,7499.709129333496,7515.387833118439,7496.7169761657715,-0.3355741500854492,-0.7727742195129395,-0.5954504013061523,-0.25451183319091797
1,343,3.43,7594.260573387146,7499.207258224487,7515.049874782562,7496.424615383148,-0.591278076171875,-0.5018711090087891,-0.33795833587646484,-0.292360782623291
1,344,3.44,7593.434453010559,7498.909831047058,7514.893412590027,7496.1405992507935,-0.8261203765869141,-0.2974271774291992,-0.1564621925354004,-0.28401613235473633
1,345,3.45,7592.374086380005,7498.8120794296265,7514.9354338645935,7495.821863412857,-1.0603666305541992,-0.09775161743164062,0.04202127456665039,-0.31873583793640137
1,346,3.46,7591.087222099304,7498.845160007477,7515.179514884949,7495.49925327301,-1.2868642807006836,0.0330805778503418,0.2440810203552246,-0.32261013984680176
1,347,3.47,7589.577436447144,7499.022930860519,7515.601813793182,7495.148181915283,-1.5097856521606445,0.17777085304260254,0.4222989082336426,-0.3510713577270508
1,348,3.48,7587.862908840179,7499.284595251083,7516.188621520996,7494.78816986084,-1.7145276069641113,0.26166439056396484,0.5868077278137207,-0.3600120544433594
1,349,3.49,7585.964202880859,7499.62106347084,7516.912519931793,7494.404017925262,-1.8987059593200684,0.3364682197570801,0.7238984107971191,-0.3841519355773926
1,350,3.5,7583.909630775452,7499.9479949474335,7517.737150192261,7494.032084941864,-2.054572105407715,0.3269314765930176,0.8246302604675293,-0.3719329833984375
1,351,3.5100000000000002,7581.730484962463,7500.240206718445,7518.599331378937,7493.625730276108,-2.1791458129882812,0.29221177101135254,0.8621811866760254,-0.4063546657562256
1,352,3.52,7579.440176486969,7500.491738319397,7519.539594650269,7493.174970149994,-2.2903084754943848,0.25153160095214844,0.9402632713317871,-0.4507601261138916
1,353,3.5300000000000002,7577.080428600311,7500.713765621185,7520.545423030853,7492.725551128387,-2.359747886657715,0.22202730178833008,1.0058283805847168,-0.4494190216064453
1,354,3.54,7574.679255485535,7500.90479850769,7521.546483039856,7492.246329784393,-2.4011731147766113,0.19103288650512695,1.0010600090026855,-0.4792213439941406
1,355,3.5500000000000003,7572.280466556549,7500.995397567749,7522.536814212799,7491.737604141235,-2.3987889289855957,0.09059906005859375,0.9903311729431152,-0.508725643157959
1,356,3.56,7569.907903671265,7500.986754894257,7523.492872714996,7491.196841001511,-2.372562885284424,-0.00864267349243164,0.9560585021972656,-0.5407631397247314
1,357,3.5700000000000003,7567.592263221741,7500.860393047333,7524.383962154388,7490.626871585846,-2.315640449523926,-0.12636184692382812,0.8910894393920898,-0.5699694156646729
1,358,3.58,7565.369606018066,7500.62108039856,7525.19428730011,7490.019202232361,-2.2226572036743164,-0.23931264877319336,0.8103251457214355,-0.6076693534851074
1,359,3.59,7563.267350196838,7500.256597995758,7525.902688503265,7489.375621080399,-2.1022558212280273,-0.36448240280151367,0.7084012031555176,-0.6435811519622803
1,360,3.6,7561.333775520325,7499.797642230988,7526.503205299377,7488.703429698944,-1.9335746765136719,-0.4589557647705078,0.6005167961120605,-0.6721913814544678
1,361,3.61,7559.640407562256,7499.27893280983,7527.00001001358,7488.011121749878,-1.6933679580688477,-0.5187094211578369,0.49680471420288086,-0.6923079490661621
1,362,3.62,7558.14403295517,7498.563826084137,7527.381479740143,7487.289607524872,-1.4963746070861816,-0.715106725692749,0.3814697265625,-0.7215142250061035
1,363,3.63,7556.878626346588,7497.724890708923,7527.5421142578125,7486.533522605896,-1.265406608581543,-0.838935375213623,0.16063451766967773,-0.7560849189758301
1,364,3.64,7555.8289885520935,7496.744841337204,7527.5719165802,7485.743165016174,-1.049637794494629,-0.9800493717193604,0.029802322387695312,-0.7903575897216797
1,365,3.65,7554.999589920044,7495.669275522232,7527.43661403656,7484.941482543945,-0.8293986320495605,-1.0755658149719238,-0.13530254364013672,-0.8016824722290039
1,366,3.66,7554.394006729126,7494.475096464157,7527.137994766235,7484.125941991806,-0.6055831909179688,-1.1941790580749512,-0.29861927032470703,-0.8155405521392822
1,367,3.67,7554.0149211883545,7493.1468069553375,7526.722848415375,7483.276128768921,-0.3790855407714844,-1.32828950881958,-0.4151463508605957,-0.8498132228851318
1,368,3.68,7553.848922252655,7491.802126169205,7526.134252548218,7482.356280088425,-0.1659989356994629,-1.3446807861328125,-0.5885958671569824,-0.9198486804962158
1,369,3.69,7553.880214691162,7490.362077951431,7525.402009487152,7481.453418731689,0.03129243850708008,-1.4400482177734375,-0.7322430610656738,-0.9028613567352295
1,370,3.7,7554.092705249786,7488.930970430374,7524.532079696655,7480.529397726059,0.21249055862426758,-1.431107521057129,-0.8699297904968262,-0.9240210056304932
1,371,3.71,7554.432153701782,7487.415373325348,7523.563504219055,7479.63085770607,0.3394484519958496,-1.5155971050262451,-0.9685754776000977,-0.8985400199890137
1,372,3.72,7554.863095283508,7485.935389995575,7522.493004798889,7478.734850883484,0.4309415817260742,-1.4799833297729492,-1.0704994201660156,-0.8960068225860596
1,373,3.73,7555.404007434845,7484.408020973206,7521.30925655365,7477.834671735764,0.5409121513366699,-1.5273690223693848,-1.1837482452392578,-0.9001791477203369
1,374,3.74,7556.154131889343,7482.92088508606,7520.0968980789185,7476.836740970612,0.750124454498291,-1.487135887145996,-1.2123584747314453,-0.9979307651519775
1,375,3.75,7557.028234004974,7481.411397457123,7518.801689147949,7475.78427195549,0.8741021156311035,-1.5094876289367676,-1.2952089309692383,-1.05246901512146
1,376,3.7600000000000002,7557.973563671112,7479.8838794231415,7517.423033714294,7474.751770496368,0.9453296661376953,-1.5275180339813232,-1.3786554336547852,-1.032501459121704
1,377,3.77,7558.969855308533,7478.378266096115,7515.972852706909,7473.714053630829,0.9962916374206543,-1.5056133270263672,-1.450181007385254,-1.0377168655395508
1,378,3.7800000000000002,7559.940218925476,7476.881742477417,7514.594793319702,7472.801208496094,0.9703636169433594,-1.4965236186981201,-1.3780593872070312,-0.9128451347351074
1,379,3.79,7560.87064743042,7475.533187389374,7513.207793235779,7471.9177186489105,0.9304285049438477,-1.348555088043213,-1.3870000839233398,-0.8834898471832275
1,380,3.8000000000000003,7561.721503734589,7474.228888750076,7511.87264919281,7471.101135015488,0.8508563041687012,-1.3042986392974854,-1.33514404296875,-0.8165836334228516
1,381,3.81,7562.452852725983,7473.033517599106,7510.609328746796,7470.337599515915,0.731348991394043,-1.195371150970459,-1.2633204460144043,-0.7635354995727539
1,382,3.8200000000000003,7563.047707080841,7471.925914287567,7509.467899799347,7469.648718833923,0.5948543548583984,-1.1076033115386963,-1.1414289474487305,-0.6888806819915771
1,383,3.83,7563.449740409851,7470.965385437012,7508.445978164673,7469.0307676792145,0.40203332901000977,-0.9605288505554199,-1.0219216346740723,-0.6179511547088623
1,384,3.84,7563.639879226685,7470.086514949799,7507.567405700684,7468.529492616653,0.1901388168334961,-0.8788704872131348,-0.8785724639892578,-0.5012750625610352
1,385,3.85,7563.61722946167,7469.346970319748,7506.893873214722,7468.105852603912,-0.022649765014648438,-0.7395446300506592,-0.6735324859619141,-0.42364001274108887
1,386,3.86,7563.369870185852,7468.695640563965,7506.394386291504,7467.798739671707,-0.2473592758178711,-0.651329755783081,-0.49948692321777344,-0.3071129322052002
1,387,3.87,7562.842667102814,7468.091249465942,7506.109774112701,7467.569410800934,-0.5272030830383301,-0.6043910980224609,-0.28461217880249023,-0.22932887077331543
1,388,3.88,7561.975717544556,7467.505782842636,7505.940794944763,7467.4853682518005,-0.8669495582580566,-0.5854666233062744,-0.16897916793823242,-0.08404254913330078
1,389,3.89,7560.940682888031,7467.034459114075,7506.05583190918,7467.441111803055,-1.0350346565246582,-0.47132372856140137,0.1150369644165039,-0.04425644874572754
1,390,3.9,7559.642791748047,7466.576844453812,7506.3928961753845,7467.523813247681,-1.2978911399841309,-0.4576146602630615,0.337064266204834,0.08270144462585449
1,391,3.91,7558.1347942352295,7466.19388461113,7506.88761472702,7467.643320560455,-1.5079975128173828,-0.38295984268188477,0.4947185516357422,0.1195073127746582
1,392,3.92,7556.411027908325,7465.635240077972,7507.601678371429,7467.9896235466,-1.7237663269042969,-0.5586445331573486,0.7140636444091797,0.34630298614501953
1,393,3.93,7554.566264152527,7465.227097272873,7508.381307125092,7468.308061361313,-1.8447637557983398,-0.4081428050994873,0.7796287536621094,0.3184378147125244
1,394,3.94,7552.5447726249695,7464.817613363266,7509.394586086273,7468.717098236084,-2.021491527557373,-0.4094839096069336,1.0132789611816406,0.40903687477111816
1,395,3.95,7550.399899482727,7464.397549629211,7510.523200035095,7469.187080860138,-2.1448731422424316,-0.42006373405456543,1.1286139488220215,0.4699826240539551
1,396,3.96,7548.090219497681,7463.949620723724,7511.772811412811,7469.678223133087,-2.3096799850463867,-0.44792890548706055,1.2496113777160645,0.49114227294921875
1,397,3.97,7545.674741268158,7463.382929563522,7513.099014759064,7470.181882381439,-2.415478229522705,-0.5666911602020264,1.3262033462524414,0.5036592483520508
1,398,3.98,7543.189227581024,7462.740540504456,7514.523565769196,7470.675408840179,-2.485513687133789,-0.6423890590667725,1.424551010131836,0.4935264587402344
1,399,3.99,7540.645003318787,7462.022751569748,7516.027092933655,7471.194267272949,-2.544224262237549,-0.7177889347076416,1.5035271644592285,0.5188584327697754
1,400,4.0,7538.077533245087,7461.225092411041,7517.536282539368,7471.703439950943,-2.567470073699951,-0.797659158706665,1.5091896057128906,0.5091726779937744
1,401,4.01,7535.525262355804,7460.310161113739,7519.055008888245,7472.192198038101,-2.5522708892822266,-0.9149312973022461,1.5187263488769531,0.4887580871582031
1,402,4.0200000000000005,7533.0135226249695,7459.287494421005,7520.559728145599,7472.654283046722,-2.511739730834961,-1.0226666927337646,1.5047192573547363,0.4620850086212158
1,403,4.03,7530.559003353119,7458.067089319229,7522.019445896149,7473.112344741821,-2.454519271850586,-1.220405101776123,1.4597177505493164,0.45806169509887695
1,404,4.04,7528.227865695953,7456.844747066498,7523.446083068848,7473.456859588623,-2.3311376571655273,-1.2223422527313232,1.4266371726989746,0.3445148468017578
1,405,4.05,7526.026368141174,7455.4696679115295,7524.799704551697,7473.788261413574,-2.2014975547790527,-1.3750791549682617,1.353621482849121,0.3314018249511719
1,406,4.0600000000000005,7523.975670337677,7454.069703817368,7525.929510593414,7473.984658718109,-2.0506978034973145,-1.3999640941619873,1.1298060417175293,0.1963973045349121
1,407,4.07,7522.045969963074,7452.478855848312,7527.027130126953,7474.258244037628,-1.9297003746032715,-1.5908479690551758,1.0976195335388184,0.27358531951904297
1,408,4.08,7520.2906131744385,7450.970262289047,7527.947127819061,7474.418729543686,-1.755356788635254,-1.5085935592651367,0.9199976921081543,0.16048550605773926
1,409,4.09,7518.742680549622,7449.35929775238,7528.691589832306,7474.52586889267,-1.5479326248168945,-1.6109645366668701,0.7444620132446289,0.10713934898376465
1,410,4.1,7517.3985958099365,7447.714656591415,7529.325783252716,7474.541366100311,-1.3440847396850586,-1.6446411609649658,0.6341934204101562,0.015497207641601562
1,411,4.11,7516.28965139389,7446.074038743973,7529.769837856293,7474.435567855835,-1.1089444160461426,-1.640617847442627,0.44405460357666016,-0.10579824447631836
1,412,4.12,7515.438497066498,7444.459795951843,7530.050873756409,7474.174797534943,-0.8511543273925781,-1.6142427921295166,0.2810359001159668,-0.260770320892334
1,413,4.13,7514.832615852356,7442.789077758789,7530.190944671631,7473.871111869812,-0.6058812141418457,-1.6707181930541992,0.14007091522216797,-0.30368566513061523
1,414,4.14,7514.431476593018,7441.150099039078,7530.166506767273,7473.4799563884735,-0.4011392593383789,-1.6389787197113037,-0.024437904357910156,-0.391155481338501
1,415,4.15,7514.227032661438,7439.499199390411,7529.991567134857,7473.026067018509,-0.20444393157958984,-1.6508996486663818,-0.17493963241577148,-0.4538893699645996
1,416,4.16,7514.245808124542,7437.9101395606995,7529.679238796234,7472.47114777565,0.018775463104248047,-1.589059829711914,-0.3123283386230469,-0.5549192428588867
1,417,4.17,7514.483630657196,7436.352074146271,7529.2107462883,7471.991181373596,0.2378225326538086,-1.558065414428711,-0.4684925079345703,-0.479966402053833
1,418,4.18,7514.846324920654,7434.982508420944,7528.526186943054,7471.3364243507385,0.36269426345825195,-1.369565725326538,-0.6845593452453613,-0.654757022857666
1,419,4.19,7515.492141246796,7433.628439903259,7527.771890163422,7470.691651105881,0.6458163261413574,-1.3540685176849365,-0.7542967796325684,-0.6447732448577881
1,420,4.2,7516.290843486786,7432.435154914856,7526.89003944397,7469.937205314636,0.7987022399902344,-1.1932849884033203,-0.8818507194519043,-0.7544457912445068
1,421,4.21,7517.21978187561,7431.302517652512,7525.876462459564,7469.1784381866455,0.9289383888244629,-1.1326372623443604,-1.0135769844055176,-0.7587671279907227
1,422,4.22,7518.214285373688,7430.329918861389,7524.822354316711,7468.3815240859985,0.9945034980773926,-0.9725987911224365,-1.0541081428527832,-0.7969141006469727
1,423,4.23,7519.213855266571,7429.416626691818,7523.704469203949,7467.6260352134705,0.9995698928833008,-0.9132921695709229,-1.1178851127624512,-0.7554888725280762
1,424,4.24,7520.177066326141,7428.723722696304,7522.448897361755,7466.777265071869,0.9632110595703125,-0.692903995513916,-1.2555718421936035,-0.8487701416015625
1,425,4.25,7521.052956581116,7428.110688924789,7521.257400512695,7466.085255146027,0.8758902549743652,-0.6130337715148926,-1.1914968490600586,-0.6920099258422852
1,426,4.26,7521.852254867554,7427.836507558823,7520.030438899994,7465.35450220108,0.7992982864379883,-0.2741813659667969,-1.226961612701416,-0.7307529449462891
1,427,4.2700000000000005,7522.574365139008,7427.647560834885,7518.890202045441,7464.645504951477,0.7221102714538574,-0.18894672393798828,-1.1402368545532227,-0.7089972496032715
1,428,4.28,7523.214519023895,7427.629381418228,7517.777383327484,7463.908493518829,0.6401538848876953,-0.01817941665649414,-1.112818717956543,-0.7370114326477051
1,429,4.29,7523.709237575531,7427.723854780197,7516.736090183258,7463.233768939972,0.4947185516357422,0.09447336196899414,-1.0412931442260742,-0.6747245788574219
1,430,4.3,7524.044513702393,7427.97464132309,7515.782117843628,7462.601065635681,0.33527612686157227,0.25078654289245605,-0.953972339630127,-0.6327033042907715
1,431,4.3100000000000005,7524.220645427704,7428.3066391944885,7514.8773193359375,7462.048679590225,0.1761317253112793,0.3319978713989258,-0.9047985076904297,-0.5523860454559326
1,432,4.32,7524.211406707764,7428.747117519379,7514.059245586395,7461.568266153336,-0.009238719940185547,0.4404783248901367,-0.8180737495422363,-0.48041343688964844
1,433,4.33,7524.1148471832275,7429.288178682327,7513.288855552673,7461.215257644653,-0.09655952453613281,0.5410611629486084,-0.7703900337219238,-0.353008508682251
1,434,4.34,7523.782849311829,7429.949343204498,7512.663304805756,7460.890859365463,-0.3319978713989258,0.6611645221710205,-0.6255507469177246,-0.3243982791900635
1,435,4.3500000000000005,7523.282170295715,7430.654466152191,7512.1283531188965,7460.670620203018,-0.5006790161132812,0.7051229476928711,-0.5349516868591309,-0.22023916244506836
1,436,4.36,7522.583603858948,7431.440502405167,7511.73198223114,7460.530400276184,-0.6985664367675781,0.7860362529754639,-0.39637088775634766,-0.14021992683410645
1,437,4.37,7521.695494651794,7432.254254817963,7511.457204818726,7460.503727197647,-0.8881092071533203,0.8137524127960205,-0.2747774124145508,-0.026673078536987305
1,438,4.38,7520.616948604584,7433.106750249863,7511.300444602966,7460.565268993378,-1.0785460472106934,0.8524954319000244,-0.15676021575927734,0.06154179573059082
1,439,4.39,7519.35601234436,7433.939725160599,7511.266767978668,7460.736781358719,-1.2609362602233887,0.832974910736084,-0.0336766242980957,0.17151236534118652
1,440,4.4,7517.926096916199,7434.764802455902,7511.351108551025,7460.994869470596,-1.429915428161621,0.8250772953033447,0.08434057235717773,0.2580881118774414
1,441,4.41,7516.343593597412,7435.540556907654,7511.541843414307,7461.355030536652,-1.582503318786621,0.775754451751709,0.19073486328125,0.36016106605529785
1,442,4.42,7514.616250991821,7436.269819736481,7511.85417175293,7461.798042058945,-1.7273426055908203,0.7292628288269043,0.3123283386230469,0.4430115222930908
1,443,4.43,7512.734830379486,7436.9145929813385,7512.301802635193,7462.34267950058,-1.881420612335205,0.6447732448577881,0.4476308822631836,0.5446374416351318
1,444,4.44,7510.749697685242,7437.546253204346,7512.8161907196045,7462.904900312424,-1.9851326942443848,0.6316602230072021,0.5143880844116211,0.5622208118438721
1,445,4.45,7508.702874183655,7437.984645366669,7513.401806354523,7463.55265378952,-2.046823501586914,0.43839216232299805,0.5856156349182129,0.6477534770965576
1,446,4.46,7506.637275218964,7438.353598117828,7514.043748378754,7464.236617088318,-2.065598964691162,0.36895275115966797,0.641942024230957,0.6839632987976074
1,447,4.47,7504.591345787048,7438.5882914066315,7514.777779579163,7464.96707201004,-2.045929431915283,0.23469328880310059,0.7340312004089355,0.7304549217224121
1,448,4.48,7502.571642398834,7438.666522502899,7515.4924392700195,7465.717494487762,-2.0197033882141113,0.0782310962677002,0.7146596908569336,0.750422477722168
1,449,4.49,7500.590682029724,7438.544481992722,7516.229152679443,7466.51291847229,-1.9809603691101074,-0.1220405101776123,0.7367134094238281,0.7954239845275879
1,450,4.5,7498.672008514404,7438.264191150665,7516.95841550827,7467.341274023056,-1.9186735153198242,-0.2802908420562744,0.7292628288269043,0.8283555507659912
1,451,4.51,7496.839761734009,7437.810301780701,7517.658472061157,7468.205094337463,-1.8322467803955078,-0.4538893699645996,0.7000565528869629,0.8638203144073486
1,452,4.5200000000000005,7495.116889476776,7437.192350625992,7518.320977687836,7469.09111738205,-1.722872257232666,-0.6179511547088623,0.6625056266784668,0.8860230445861816
1,453,4.53,7493.524551391602,7436.4073574543,7518.9244747161865,7469.996064901352,-1.5923380851745605,-0.7849931716918945,0.6034970283508301,0.9049475193023682
1,454,4.54,7492.1078979969025,7435.472160577774,7519.454658031464,7470.895349979401,-1.4166533946990967,-0.9351968765258789,0.5301833152770996,0.899285078048706
1,455,4.55,7490.847706794739,7434.409111738205,7519.912123680115,7471.800446510315,-1.2601912021636963,-1.0630488395690918,0.45746564865112305,0.9050965309143066
1,456,4.5600000000000005,7489.761114120483,7433.205991983414,7520.264685153961,7472.720593214035,-1.086592674255371,-1.2031197547912598,0.35256147384643555,0.9201467037200928
1,457,4.57,7488.87911438942,7431.935518980026,7520.566880702972,7473.644912242889,-0.8819997310638428,-1.2704730033874512,0.30219554901123047,0.9243190288543701
1,458,4.58,7488.202452659607,7430.543154478073,7520.774602890015,7474.610209465027,-0.6766617298126221,-1.392364501953125,0.20772218704223633,0.9652972221374512
1,459,4.59,7487.70534992218,7429.0817975997925,7520.883083343506,7475.51217675209,-0.4971027374267578,-1.4613568782806396,0.10848045349121094,0.9019672870635986
1,460,4.6000000000000005,7487.370818853378,7427.613437175751,7520.914077758789,7476.407140493393,-0.3345310688018799,-1.468360424041748,0.030994415283203125,0.8949637413024902
1,461,4.61,7487.1717393398285,7426.156401634216,7520.827054977417,7477.312237024307,-0.1990795135498047,-1.4570355415344238,-0.08702278137207031,0.9050965309143066
1,462,4.62,7487.086653709412,7424.703240394592,7520.635724067688,7478.204667568207,-0.08508563041687012,-1.4531612396240234,-0.1913309097290039,0.8924305438995361
1,463,4.63,7487.10885643959,7423.273921012878,7520.364224910736,7479.086518287659,0.022202730178833008,-1.4293193817138672,-0.2714991569519043,0.8818507194519043
1,464,4.64,7487.214356660843,7421.894818544388,7520.01166343689,7479.960322380066,0.1055002212524414,-1.3791024684906006,-0.35256147384643555,0.8738040924072266
1,465,4.65,7487.385869026184,7420.589029788971,7519.594728946686,7480.819523334503,0.17151236534118652,-1.3057887554168701,-0.4169344902038574,0.8592009544372559
1,466,4.66,7487.605512142181,7419.368475675583,7519.119083881378,7481.665313243866,0.21964311599731445,-1.2205541133880615,-0.4756450653076172,0.845789909362793
1,467,4.67,7487.863302230835,7418.272942304611,7518.608272075653,7482.487857341766,0.25779008865356445,-1.0955333709716797,-0.5108118057250977,0.8225440979003906
1,468,4.68,7488.126456737518,7417.234033346176,7518.076300621033,7483.300864696503,0.2631545066833496,-1.0389089584350586,-0.5319714546203613,0.8130073547363281
1,469,4.69,7488.368898630142,7416.367828845978,7517.519593238831,7484.05322432518,0.24244189262390137,-0.8662045001983643,-0.5567073822021484,0.7523596286773682
1,470,4.7,7488.585710525513,7415.64080119133,7516.950964927673,7484.808713197708,0.2168118953704834,-0.7270276546478271,-0.5686283111572266,0.7554888725280762
1,471,4.71,7488.745301961899,7415.13654589653,7516.385316848755,7485.496401786804,0.1595914363861084,-0.5042552947998047,-0.565648078918457,0.6876885890960693
1,472,4.72,7488.827109336853,7414.789795875549,7515.857219696045,7486.162781715393,0.08180737495422363,-0.34675002098083496,-0.5280971527099609,0.6663799285888672
1,473,4.73,7488.83992433548,7414.616644382477,7515.346109867096,7486.807405948639,0.012814998626708984,-0.17315149307250977,-0.5111098289489746,0.6446242332458496
1,474,4.74,7488.760352134705,7414.591908454895,7514.867186546326,7487.426400184631,-0.07957220077514648,-0.02473592758178711,-0.47892332077026367,0.6189942359924316
1,475,4.75,7488.58168721199,7414.723485708237,7514.424622058868,7488.014250993729,-0.1786649227142334,0.1315772533416748,-0.4425644874572754,0.58785080909729
1,476,4.76,7488.298416137695,7415.005266666412,7514.03272151947,7488.578408956528,-0.28327107429504395,0.2817809581756592,-0.39190053939819336,0.5641579627990723
1,477,4.7700000000000005,7487.900257110596,7415.419816970825,7513.6798620224,7489.123642444611,-0.3981590270996094,0.4145503044128418,-0.3528594970703125,0.5452334880828857
1,478,4.78,7487.379759550095,7415.938824415207,7513.366937637329,7489.655613899231,-0.5204975605010986,0.5190074443817139,-0.3129243850708008,0.5319714546203613
1,479,4.79,7486.730366945267,7416.595816612244,7513.12643289566,7490.159273147583,-0.6493926048278809,0.6569921970367432,-0.24050474166870117,0.5036592483520508
1,480,4.8,7485.972493886948,7417.384386062622,7512.9565596580505,7490.635514259338,-0.7578730583190918,0.788569450378418,-0.16987323760986328,0.4762411117553711
1,481,4.8100000000000005,7485.131919384003,7418.296039104462,7512.827217578888,7491.041570901871,-0.8405745029449463,0.9116530418395996,-0.12934207916259766,0.40605664253234863
1,482,4.82,7484.217137098312,7419.298142194748,7512.74049282074,7491.39130115509,-0.9147822856903076,1.0021030902862549,-0.08672475814819336,0.3497302532196045
1,483,4.83,7483.222335577011,7420.408576726913,7512.70055770874,7491.706013679504,-0.9948015213012695,1.1104345321655273,-0.03993511199951172,0.3147125244140625
1,484,4.84,7482.149302959442,7421.591430902481,7512.717247009277,7491.990476846695,-1.0730326175689697,1.182854175567627,0.016689300537109375,0.28446316719055176
1,485,4.8500000000000005,7481.0245633125305,7422.785609960556,7512.748539447784,7492.238879203796,-1.124739646911621,1.1941790580749512,0.03129243850708008,0.24840235710144043
1,486,4.86,7479.883432388306,7423.984706401825,7512.810826301575,7492.433190345764,-1.1411309242248535,1.199096441268921,0.0622868537902832,0.19431114196777344
1,487,4.87,7478.724867105484,7425.152957439423,7512.900531291962,7492.618262767792,-1.1585652828216553,1.1682510375976562,0.08970499038696289,0.1850724220275879
1,488,4.88,7477.562427520752,7426.317185163498,7513.009011745453,7492.763996124268,-1.1624395847320557,1.1642277240753174,0.10848045349121094,0.14573335647583008
1,489,4.89,7476.386278867722,7427.446246147156,7513.1213665008545,7492.863088846207,-1.1761486530303955,1.129060983657837,0.11235475540161133,0.09909272193908691
1,490,4.9,7475.240975618362,7428.524196147919,7513.242661952972,7492.964565753937,-1.1453032493591309,1.0779500007629395,0.12129545211791992,0.10147690773010254
1,491,4.91,7474.159151315689,7429.53360080719,7513.365149497986,7493.0240213871,-1.0818243026733398,1.0094046592712402,0.12248754501342773,0.05945563316345215
1,492,4.92,7473.146617412567,7430.4355680942535,7513.440251350403,7493.064999580383,-1.0125339031219482,0.9019672870635986,0.07510185241699219,0.040978193283081055
1,493,4.93,7472.222447395325,7431.270480155945,7513.507604598999,7493.106573820114,-0.9241700172424316,0.8349120616912842,0.0673532485961914,0.04157423973083496
1,494,4.94,7471.396923065186,7432.025521993637,7513.52459192276,7493.158578872681,-0.8255243301391602,0.7550418376922607,0.016987323760986328,0.05200505256652832
1,495,4.95,7470.685988664627,7432.693392038345,7513.455748558044,7493.184804916382,-0.7109344005584717,0.667870044708252,-0.06884336471557617,0.026226043701171875
1,496,4.96,7470.128685235977,7433.238625526428,7513.329386711121,7493.189573287964,-0.5573034286499023,0.5452334880828857,-0.12636184692382812,0.00476837158203125
1,497,4.97,7469.746768474579,7433.654367923737,7513.116300106049,7493.166476488113,-0.38191676139831543,0.4157423973083496,-0.21308660507202148,-0.023096799850463867
1,498,4.98,7469.528466463089,7433.920055627823,7512.816488742828,7493.166625499725,-0.21830201148986816,0.2656877040863037,-0.29981136322021484,0.00014901161193847656
1,499,4.99,7469.432502985001,7434.104382991791,7512.444257736206,7493.165135383606,-0.0959634780883789,0.1843273639678955,-0.37223100662231445,-0.0014901161193847656
1,500,5.0,7469.455748796463,7434.213906526566,7511.99871301651,7493.1855499744415,0.023245811462402344,0.10952353477478027,-0.4455447196960449,0.02041459083557129
1,501,5.01,7469.5999920368195,7434.2454969882965,7511.489987373352,7493.2414293289185,0.1442432403564453,0.03159046173095703,-0.508725643157959,0.05587935447692871
1,502,5.0200000000000005,7469.8808789253235,7434.151470661163,7510.846555233002,7493.301630020142,0.2808868885040283,-0.09402632713317871,-0.6434321403503418,0.06020069122314453
1,503,5.03,7470.2394008636475,7433.988451957703,7510.154247283936,7493.418455123901,0.3585219383239746,-0.16301870346069336,-0.6923079490661621,0.11682510375976562
1,504,5.04,7470.681518316269,7433.775514364243,7509.402632713318,7493.595480918884,0.44211745262145996,-0.212937593460083,-0.7516145706176758,0.17702579498291016
1,505,5.05,7471.182644367218,7433.561682701111,7508.59409570694,7493.8201904296875,0.5011260509490967,-0.21383166313171387,-0.8085370063781738,0.22470951080322266
1,506,5.0600000000000005,7471.726685762405,7433.3153665065765,7507.736682891846,7494.118511676788,0.5440413951873779,-0.24631619453430176,-0.8574128150939941,0.2983212471008301
1,507,5.07,7472.30276465416,7433.0735206604,7506.842911243439,7494.4718182086945,0.5760788917541504,-0.24184584617614746,-0.8937716484069824,0.35330653190612793
1,508,5.08,7472.88316488266,7432.832419872284,7505.92052936554,7494.896650314331,0.5804002285003662,-0.24110078811645508,-0.9223818778991699,0.4248321056365967
1,509,5.09,7473.454177379608,7432.617098093033,7504.987120628357,7495.391070842743,0.5710124969482422,-0.21532177925109863,-0.9334087371826172,0.49442052841186523
1,510,5.1000000000000005,7473.9982187747955,7432.4314296245575,7504.049837589264,7495.959252119064,0.5440413951873779,-0.1856684684753418,-0.9372830390930176,0.5681812763214111
1,511,5.11,7474.507540464401,7432.278692722321,7503.115236759186,7496.600151062012,0.5093216896057129,-0.15273690223693848,-0.934600830078125,0.6408989429473877
1,512,5.12,7475.086748600006,7432.249486446381,7502.102255821228,7497.282326221466,0.5792081356048584,-0.029206275939941406,-1.0129809379577637,0.6821751594543457
1,513,5.13,7475.614696741104,7432.217746973038,7501.169741153717,7498.0151653289795,0.5279481410980225,-0.03173947334289551,-0.9325146675109863,0.7328391075134277
1,514,5.14,7476.086765527725,7432.238608598709,7500.244975090027,7498.823553323746,0.47206878662109375,0.02086162567138672,-0.9247660636901855,0.8083879947662354
1,515,5.15,7476.492673158646,7432.330250740051,7499.423772096634,7499.7007846832275,0.40590763092041016,0.09164214134216309,-0.8212029933929443,0.8772313594818115
1,516,5.16,7476.814389228821,7432.4847757816315,7498.6593425273895,7500.6672739982605,0.3217160701751709,0.1545250415802002,-0.7644295692443848,0.966489315032959
1,517,5.17,7476.987987756729,7432.740330696106,7497.922778129578,7501.703500747681,0.1735985279083252,0.2555549144744873,-0.7365643978118896,1.036226749420166
1,518,5.18,7476.997375488281,7433.049976825714,7497.280836105347,7502.824664115906,0.009387731552124023,0.3096461296081543,-0.641942024230957,1.1211633682250977
1,519,5.19,7476.8224358558655,7433.461844921112,7496.735453605652,7504.025101661682,-0.17493963241577148,0.4118680953979492,-0.5453824996948242,1.2004375457763672
1,520,5.2,7476.417273283005,7434.026151895523,7496.311068534851,7505.248785018921,-0.4051625728607178,0.5643069744110107,-0.42438507080078125,1.2236833572387695
1,521,5.21,7475.782036781311,7434.761971235275,7496.054917573929,7506.498396396637,-0.6352365016937256,0.7358193397521973,-0.2561509609222412,1.2496113777160645
1,522,5.22,7474.989295005798,7435.552775859833,7495.906949043274,7507.813572883606,-0.7927417755126953,0.7908046245574951,-0.14796853065490723,1.3151764869689941
1,523,5.23,7473.978251218796,7436.442822217941,7495.870590209961,7509.126663208008,-1.0110437870025635,0.8900463581085205,-0.03635883331298828,1.3130903244018555
1,524,5.24,7472.734600305557,7437.305450439453,7495.990544557571,7510.536313056946,-1.2436509132385254,0.8626282215118408,0.11995434761047363,1.4096498489379883
1,525,5.25,7471.321672201157,7438.203692436218,7496.17800116539,7511.9733810424805,-1.4129281044006348,0.8982419967651367,0.18745660781860352,1.437067985534668
1,526,5.26,7469.820976257324,7439.042329788208,7496.384084224701,7513.4798884391785,-1.5006959438323975,0.8386373519897461,0.20608305931091309,1.506507396697998
1,527,5.2700000000000005,7468.0934846401215,7440.028786659241,7496.819049119949,7514.956295490265,-1.7274916172027588,0.9864568710327148,0.4349648952484131,1.4764070510864258
1,528,5.28,7466.237246990204,7440.956234931946,7497.30572104454,7516.507804393768,-1.8562376499176025,0.9274482727050781,0.48667192459106445,1.551508903503418
1,529,5.29,7464.259117841721,7441.913187503815,7497.882694005966,7517.990171909332,-1.9781291484832764,0.9569525718688965,0.5769729614257812,1.4823675155639648
1,530,5.3,7462.226748466492,7442.791163921356,7498.567849397659,7519.477605819702,-2.032369375228882,0.8779764175415039,0.6851553916931152,1.487433910369873
1,531,5.3100000000000005,7460.140585899353,7443.660944700241,7499.305903911591,7520.897686481476,-2.086162567138672,0.8697807788848877,0.7380545139312744,1.4200806617736816
1,532,5.32,7458.019852638245,7444.418668746948,7500.125765800476,7522.272169589996,-2.1207332611083984,0.7577240467071533,0.819861888885498,1.3744831085205078
1,533,5.33,7455.966621637344,7445.068508386612,7501.012980937958,7523.583173751831,-2.0532310009002686,0.6498396396636963,0.8872151374816895,1.3110041618347168
1,534,5.34,7454.071640968323,7445.5708265304565,7501.96635723114,7524.822950363159,-1.8949806690216064,0.5023181438446045,0.953376293182373,1.239776611328125
1,535,5.3500000000000005,7452.29572057724,7446.024119853973,7502.805292606354,7525.947690010071,-1.7759203910827637,0.4532933235168457,0.838935375213623,1.124739646911621
1,536,5.36,7450.66374540329,7446.3024735450745,7503.643035888672,7527.004778385162,-1.6319751739501953,0.2783536911010742,0.8377432823181152,1.0570883750915527
1,537,5.37,7449.199855327606,7446.499317884445,7504.439353942871,7527.97544002533,-1.4638900756835938,0.19684433937072754,0.7963180541992188,0.9706616401672363
1,538,5.38,7447.922229766846,7446.585297584534,7505.163252353668,7528.82719039917,-1.277625560760498,0.08597970008850098,0.7238984107971191,0.851750373840332
1,539,5.39,7446.855306625366,7446.490675210953,7505.810558795929,7529.509365558624,-1.0669231414794922,-0.09462237358093262,0.6473064422607422,0.6821751594543457
1,540,5.4,7446.017414331436,7446.334809064865,7506.373822689056,7530.155181884766,-0.8378922939300537,-0.15586614608764648,0.5632638931274414,0.6458163261413574
1,541,5.41,7445.427030324936,7446.070313453674,7506.7779421806335,7530.755996704102,-0.5903840065002441,-0.2644956111907959,0.40411949157714844,0.6008148193359375
1,542,5.42,7445.093095302582,7445.703744888306,7507.051229476929,7531.231939792633,-0.333935022354126,-0.36656856536865234,0.273287296295166,0.47594308853149414
1,543,5.43,7445.060908794403,7445.214539766312,7507.1316957473755,7531.61609172821,-0.03218650817871094,-0.48920512199401855,0.08046627044677734,0.3841519355773926
1,544,5.44,7445.338070392609,7444.685697555542,7506.98983669281,7531.909942626953,0.2771615982055664,-0.5288422107696533,-0.1418590545654297,0.2938508987426758
1,545,5.45,7445.825487375259,7444.220334291458,7506.742775440216,7532.097101211548,0.48741698265075684,-0.4653632640838623,-0.24706125259399414,0.18715858459472656
1,546,5.46,7446.569055318832,7443.734556436539,7506.28799200058,7532.264292240143,0.743567943572998,-0.4857778549194336,-0.45478343963623047,0.1671910285949707
1,547,5.47,7447.54821062088,7443.31106543541,7505.638301372528,7532.32479095459,0.9791553020477295,-0.4234910011291504,-0.6496906280517578,0.060498714447021484
1,548,5.48,7448.739111423492,7442.900389432907,7504.817545413971,7532.339692115784,1.1909008026123047,-0.4106760025024414,-0.8207559585571289,0.014901161193847656
1,549,5.49,7450.115531682968,7442.587912082672,7503.824234008789,7532.29022026062,1.376420259475708,-0.31247735023498535,-0.9933114051818848,-0.04947185516357422
1,550,5.5,7451.645731925964,7442.3713982105255,7502.674162387848,7532.187104225159,1.5302002429962158,-0.21651387214660645,-1.150071620941162,-0.10311603546142578
1,551,5.51,7453.299909830093,7442.315518856049,7501.397430896759,7531.9987535476685,1.6541779041290283,-0.05587935447692871,-1.2767314910888672,-0.18835067749023438
1,552,5.5200000000000005,7455.049306154251,7442.263215780258,7500.076591968536,7531.794309616089,1.7493963241577148,-0.05230307579040527,-1.3208389282226562,-0.20444393157958984
1,553,5.53,7456.894218921661,7442.440241575241,7498.655021190643,7531.5117835998535,1.8449127674102783,0.17702579498291016,-1.4215707778930664,-0.28252601623535156
1,554,5.54,7458.755522966385,7442.699372768402,7497.050315141678,7531.174421310425,1.8613040447235107,0.25913119316101074,-1.604706048965454,-0.33736228942871094
1,555,5.55,7460.549771785736,7443.106472492218,7495.4864382743835,7530.934810638428,1.7942488193511963,0.40709972381591797,-1.5638768672943115,-0.2396106719970703
1,556,5.5600000000000005,7462.267875671387,7443.769723176956,7493.8759207725525,7530.742287635803,1.7181038856506348,0.6632506847381592,-1.6105175018310547,-0.19252300262451172
1,557,5.57,7463.94082903862,7444.580644369125,7492.204904556274,7530.574202537537,1.6729533672332764,0.8109211921691895,-1.6710162162780762,-0.16808509826660156
1,558,5.58,7465.569823980331,7445.601969957352,7490.502893924713,7530.405819416046,1.6289949417114258,1.0213255882263184,-1.7020106315612793,-0.16838312149047852
1,559,5.59,7466.897368431091,7446.948885917664,7488.88373374939,7530.30925989151,1.3275444507598877,1.3469159603118896,-1.6191601753234863,-0.09655952453613281
1,560,5.6000000000000005,7467.955946922302,7448.482066392899,7487.315535545349,7530.339360237122,1.0585784912109375,1.5331804752349854,-1.5681982040405273,0.030100345611572266
1,561,5.61,7468.707114458084,7450.151592493057,7485.846430063248,7530.423998832703,0.7511675357818604,1.6695261001586914,-1.4691054821014404,0.08463859558105469
1,562,5.62,7469.201385974884,7451.920360326767,7484.4905734062195,7530.590295791626,0.49427151679992676,1.7687678337097168,-1.3558566570281982,0.16629695892333984
1,563,5.63,7469.4183468818665,7453.874349594116,7483.295500278473,7530.853152275085,0.21696090698242188,1.9539892673492432,-1.195073127746582,0.26285648345947266
1,564,5.64,7469.374239444733,7455.962747335434,7482.194304466248,7531.249821186066,-0.04410743713378906,2.088397741317749,-1.1011958122253418,0.3966689109802246
1,565,5.65,7469.053268432617,7458.209693431854,7481.318414211273,7531.682848930359,-0.3209710121154785,2.246946096420288,-0.8758902549743652,0.4330277442932129
1,566,5.66,7468.457818031311,7460.492253303528,7480.583041906357,7532.199025154114,-0.5954504013061523,2.282559871673584,-0.7353723049163818,0.5161762237548828
1,567,5.67,7467.603981494904,7462.821006774902,7479.990869760513,7532.752752304077,-0.8538365364074707,2.3287534713745117,-0.5921721458435059,0.5537271499633789
1,568,5.68,7466.499209403992,7465.105354785919,7479.63473200798,7533.413469791412,-1.1047720909118652,2.2843480110168457,-0.356137752532959,0.6607174873352051
1,569,5.69,7465.1627242565155,7467.430830001831,7479.447275400162,7534.1179966926575,-1.3364851474761963,2.3254752159118652,-0.18745660781860352,0.7045269012451172
1,570,5.7,7463.7410044670105,7469.663321971893,7479.517161846161,7534.8615646362305,-1.4217197895050049,2.232491970062256,0.06988644599914551,0.743567943572998
1,571,5.71,7462.079226970673,7471.819967031479,7479.826807975769,7535.733878612518,-1.6617774963378906,2.1566450595855713,0.3096461296081543,0.8723139762878418
1,572,5.72,7460.250705480576,7473.893910646439,7480.247616767883,7536.566257476807,-1.828521490097046,2.073943614959717,0.4208087921142578,0.8323788642883301
1,573,5.73,7458.266317844391,7475.801408290863,7480.929493904114,7537.463903427124,-1.9843876361846924,1.9074976444244385,0.6818771362304688,0.8976459503173828
1,574,5.74,7456.21457695961,7477.501779794693,7481.745332479477,7538.378536701202,-2.051740884780884,1.700371503829956,0.8158385753631592,0.9146332740783691
1,575,5.75,7454.160451889038,7479.005455970764,7482.652962207794,7539.2672419548035,-2.0541250705718994,1.503676176071167,0.9076297283172607,0.8887052536010742
1,576,5.76,7452.172935009003,7480.278313159943,7483.659088611603,7540.158331394196,-1.9875168800354004,1.2728571891784668,1.0061264038085938,0.8910894393920898
1,577,5.7700000000000005,7450.295239686966,7481.322288513184,7484.702169895172,7541.02498292923,-1.8776953220367432,1.0439753532409668,1.043081283569336,0.8666515350341797
1,578,5.78,7448.574751615524,7482.101619243622,7485.753148794174,7541.844844818115,-1.7204880714416504,0.7793307304382324,1.0509788990020752,0.819861888885498
1,579,5.79,7447.052299976349,7482.618540525436,7486.7889285087585,7542.625963687897,-1.522451639175415,0.5169212818145752,1.0357797145843506,0.7811188697814941
1,580,5.8,7445.760071277618,7482.8870594501495,7487.774342298508,7543.352246284485,-1.2922286987304688,0.26851892471313477,0.9854137897491455,0.7262825965881348
1,581,5.8100000000000005,7444.697916507721,7482.970803976059,7488.675564527512,7543.935775756836,-1.062154769897461,0.08374452590942383,0.9012222290039062,0.5835294723510742
1,582,5.82,7443.914115428925,7482.727020978928,7489.5234405994415,7544.5544719696045,-0.7838010787963867,-0.24378299713134766,0.8478760719299316,0.6186962127685547
1,583,5.83,7443.414330482483,7482.240051031113,7490.237057209015,7545.107007026672,-0.4997849464416504,-0.4869699478149414,0.7136166095733643,0.5525350570678711
1,584,5.84,7443.24266910553,7481.514811515808,7490.763366222382,7545.555531978607,-0.171661376953125,-0.7252395153045654,0.5263090133666992,0.44852495193481445
1,585,5.8500000000000005,7443.378865718842,7480.596154928207,7491.151839494705,7545.9665060043335,0.13619661331176758,-0.918656587600708,0.3884732723236084,0.41097402572631836
1,586,5.86,7443.80846619606,7479.545474052429,7491.2455677986145,7546.258866786957,0.42960047721862793,-1.0506808757781982,0.09372830390930176,0.292360782623291
1,587,5.87,7444.472312927246,7478.388994932175,7491.287589073181,7546.660304069519,0.6638467311859131,-1.1564791202545166,0.04202127456665039,0.40143728256225586
1,588,5.88,7445.424348115921,7477.313280105591,7491.102367639542,7546.998858451843,0.9520351886749268,-1.0757148265838623,-0.18522143363952637,0.33855438232421875
1,589,5.89,7446.639835834503,7476.094365119934,7490.71940779686,7547.30224609375,1.2154877185821533,-1.2189149856567383,-0.38295984268188477,0.3033876419067383
1,590,5.9,7448.079586029053,7474.927455186844,7490.255832672119,7547.544240951538,1.4397501945495605,-1.16690993309021,-0.4635751247406006,0.24199485778808594
1,591,5.91,7449.6980011463165,7473.825961351395,7489.63937163353,7547.787725925446,1.618415117263794,-1.1014938354492188,-0.6164610385894775,0.2434849739074707
1,592,5.92,7451.442927122116,7472.857087850571,7488.853931427002,7547.9742884635925,1.7449259757995605,-0.9688735008239746,-0.78544020652771,0.18656253814697266
1,593,5.93,7453.277409076691,7471.993714570999,7487.953007221222,7548.175156116486,1.834481954574585,-0.8633732795715332,-0.9009242057800293,0.2008676528930664
1,594,5.94,7455.232739448547,7471.252381801605,7486.884742975235,7548.394203186035,1.9553303718566895,-0.7413327693939209,-1.0682642459869385,0.21904706954956055
1,595,5.95,7457.27077126503,7470.62087059021,7485.662400722504,7548.568844795227,2.038031816482544,-0.6315112113952637,-1.2223422527313232,0.17464160919189453
1,596,5.96,7459.328919649124,7470.154315233231,7484.384775161743,7548.728287220001,2.0581483840942383,-0.4665553569793701,-1.277625560760498,0.15944242477416992
1,597,5.97,7461.34340763092,7469.931989908218,7483.082711696625,7548.910975456238,2.0144879817962646,-0.22232532501220703,-1.3020634651184082,0.18268823623657227
1,598,5.98,7463.20441365242,7470.022886991501,7481.64176940918,7549.005448818207,1.8610060214996338,0.0908970832824707,-1.4409422874450684,0.09447336196899414
1,599,5.99,7464.840114116669,7470.278739929199,7480.295300483704,7549.282610416412,1.6357004642486572,0.25585293769836426,-1.3464689254760742,0.2771615982055664
1,600,6.0,7466.257214546204,7470.934689044952,7478.972524404526,7549.574673175812,1.417100429534912,0.6559491157531738,-1.3227760791778564,0.29206275939941406
1,601,6.01,7467.422336339951,7471.772879362106,7477.684766054153,7549.913227558136,1.1651217937469482,0.8381903171539307,-1.2877583503723145,0.33855438232421875
1,602,6.0200000000000005,7468.302398920059,7472.876310348511,7476.501762866974,7550.26638507843,0.8800625801086426,1.103430986404419,-1.1830031871795654,0.35315752029418945
1,603,6.03,7468.879371881485,7474.212348461151,7475.4564464092255,7550.679445266724,0.5769729614257812,1.3360381126403809,-1.045316457748413,0.41306018829345703
1,604,6.04,7469.149827957153,7475.806027650833,7474.5602905750275,7551.130056381226,0.27045607566833496,1.5936791896820068,-0.896155834197998,0.4506111145019531
1,605,6.05,7469.087392091751,7477.602660655975,7473.840266466141,7551.630735397339,-0.06243586540222168,1.796633005142212,-0.7200241088867188,0.5006790161132812
1,606,6.0600000000000005,7468.67835521698,7479.576021432877,7473.359107971191,7552.185654640198,-0.40903687477111816,1.9733607769012451,-0.4811584949493408,0.5549192428588867
1,607,6.07,7467.906624078751,7481.694370508194,7473.157048225403,7552.799582481384,-0.7717311382293701,2.118349075317383,-0.20205974578857422,0.6139278411865234
1,608,6.08,7466.776371002197,7483.973801136017,7473.13916683197,7553.418278694153,-1.1302530765533447,2.279430627822876,-0.017881393432617188,0.6186962127685547
1,609,6.09,7465.332746505737,7486.32624745369,7473.350167274475,7554.063200950623,-1.443624496459961,2.3524463176727295,0.2110004425048828,0.6449222564697266
1,610,6.1000000000000005,7463.609129190445,7488.705813884735,7473.798096179962,7554.718554019928,-1.7236173152923584,2.3795664310455322,0.44792890548706055,0.6553530693054199
1,611,6.11,7461.669147014618,7491.076290607452,7474.415749311447,7555.364370346069,-1.9399821758270264,2.370476722717285,0.6176531314849854,0.6458163261413574
1,612,6.12,7459.555268287659,7493.292540311813,7475.1633405685425,7555.956244468689,-2.1138787269592285,2.216249704360962,0.7475912570953369,0.5918741226196289
1,613,6.13,7457.312494516373,7495.424151420593,7476.094514131546,7556.527853012085,-2.2427737712860107,2.1316111087799072,0.93117356300354,0.5716085433959961
1,614,6.140000000000001,7455.014586448669,7497.435957193375,7477.16411948204,7557.093501091003,-2.297908067703247,2.011805772781372,1.0696053504943848,0.565648078918457
1,615,6.15,7452.733963727951,7499.305456876755,7478.311359882355,7557.604610919952,-2.280622720718384,1.869499683380127,1.147240400314331,0.5111098289489746
1,616,6.16,7450.530529022217,7500.889301300049,7479.566931724548,7558.054327964783,-2.203434705734253,1.5838444232940674,1.2555718421936035,0.44971704483032227
1,617,6.17,7448.476850986481,7502.200603485107,7480.885088443756,7558.399736881256,-2.053678035736084,1.3113021850585938,1.3181567192077637,0.34540891647338867
1,618,6.18,7446.654289960861,7503.226697444916,7482.180297374725,7558.636367321014,-1.8225610256195068,1.0260939598083496,1.2952089309692383,0.23663043975830078
1,619,6.19,7445.059716701508,7503.676116466522,7483.315318822861,7558.90280008316,-1.5945732593536377,0.4494190216064453,1.135021448135376,0.2664327621459961
1,620,6.2,7443.720996379852,7504.222393035889,7484.347224235535,7558.83127450943,-1.3387203216552734,0.5462765693664551,1.0319054126739502,-0.07152557373046875
1,621,6.21,7442.6209926605225,7504.255771636963,7485.361099243164,7559.077739715576,-1.100003719329834,0.03337860107421875,1.0138750076293945,0.24646520614624023
1,622,6.22,7441.881597042084,7504.384815692902,7486.077100038528,7559.031248092651,-0.7393956184387207,0.1290440559387207,0.7160007953643799,-0.04649162292480469
1,623,6.23,7441.523373126984,7504.027187824249,7486.611604690552,7558.989226818085,-0.35822391510009766,-0.35762786865234375,0.5345046520233154,-0.04202127456665039
1,624,6.24,7441.5431916713715,7503.52680683136,7486.936002969742,7558.830380439758,0.019818544387817383,-0.5003809928894043,0.3243982791900635,-0.15884637832641602
1,625,6.25,7441.910058259964,7502.814531326294,7487.046718597412,7558.649182319641,0.3668665885925293,-0.712275505065918,0.11071562767028809,-0.1811981201171875
1,626,6.26,7442.648261785507,7502.081990242004,7486.957013607025,7558.375597000122,0.7382035255432129,-0.7325410842895508,-0.08970499038696289,-0.27358531951904297
1,627,6.2700000000000005,7443.7278509140015,7501.262426376343,7486.625611782074,7558.090090751648,1.0795891284942627,-0.8195638656616211,-0.3314018249511719,-0.2855062484741211
1,628,6.28,7445.1324343681335,7500.452697277069,7486.05340719223,7557.719647884369,1.40458345413208,-0.8097290992736816,-0.57220458984375,-0.37044286727905273
1,629,6.29,7446.816563606262,7499.63715672493,7485.2655827999115,7557.319700717926,1.684129238128662,-0.8155405521392822,-0.7878243923187256,-0.3999471664428711
1,630,6.3,7448.743283748627,7498.892396688461,7484.263479709625,7556.887567043304,1.926720142364502,-0.7447600364685059,-1.0021030902862549,-0.43213367462158203
1,631,6.3100000000000005,7450.845241546631,7498.220205307007,7483.1423163414,7556.4733147621155,2.1019577980041504,-0.6721913814544678,-1.1211633682250977,-0.41425228118896484
1,632,6.32,7453.0550837516785,7497.714459896088,7481.871396303177,7556.056976318359,2.2098422050476074,-0.5057454109191895,-1.2709200382232666,-0.4163384437561035
1,633,6.33,7455.324232578278,7497.3903596401215,7480.432689189911,7555.635571479797,2.269148826599121,-0.3241002559661865,-1.4387071132659912,-0.4214048385620117
1,634,6.34,7457.667738199234,7497.301250696182,7478.830814361572,7555.210888385773,2.343505620956421,-0.08910894393920898,-1.601874828338623,-0.4246830940246582
1,635,6.3500000000000005,7459.970712661743,7497.364282608032,7477.166950702667,7554.861307144165,2.3029744625091553,0.06303191184997559,-1.6638636589050293,-0.349581241607666
1,636,6.36,7462.210953235626,7497.683763504028,7475.408613681793,7554.536759853363,2.2402405738830566,0.31948089599609375,-1.7583370208740234,-0.32454729080200195
1,637,6.37,7464.315295219421,7498.198747634888,7473.65802526474,7554.291784763336,2.104341983795166,0.514984130859375,-1.7505884170532227,-0.24497509002685547
1,638,6.38,7466.2284553050995,7498.910874128342,7471.974641084671,7554.098665714264,1.9131600856781006,0.7121264934539795,-1.6833841800689697,-0.19311904907226562
1,639,6.390000000000001,7467.919141054153,7499.902546405792,7470.276355743408,7553.8840889930725,1.690685749053955,0.9916722774505615,-1.6982853412628174,-0.21457672119140625
1,640,6.4,7469.295859336853,7501.043975353241,7468.766868114471,7553.919553756714,1.376718282699585,1.1414289474487305,-1.5094876289367676,0.03546476364135742
1,641,6.41,7470.3700840473175,7502.543926239014,7467.34157204628,7554.004788398743,1.0742247104644775,1.499950885772705,-1.4252960681915283,0.0852346420288086
1,642,6.42,7471.098005771637,7504.1913986206055,7466.057240962982,7554.178535938263,0.727921724319458,1.6474723815917969,-1.2843310832977295,0.17374753952026367
1,643,6.43,7471.436858177185,7506.049573421478,7464.991956949234,7554.392218589783,0.3388524055480957,1.8581748008728027,-1.065284013748169,0.2136826515197754
1,644,6.44,7471.39573097229,7508.007884025574,7464.116662740707,7554.767429828644,-0.04112720489501953,1.958310604095459,-0.8752942085266113,0.375211238861084
1,645,6.45,7470.9829688072205,7510.140538215637,7463.450878858566,7555.214762687683,-0.4127621650695801,2.1326541900634766,-0.6657838821411133,0.44733285903930664
1,646,6.46,7470.1520800590515,7512.468099594116,7463.01144361496,7555.740177631378,-0.8308887481689453,2.327561378479004,-0.4394352436065674,0.5254149436950684
1,647,6.47,7468.919605016708,7514.79297876358,7462.884485721588,7556.449472904205,-1.2324750423431396,2.3248791694641113,-0.12695789337158203,0.7092952728271484
1,648,6.48,7467.34544634819,7517.150044441223,7463.008463382721,7557.172477245331,-1.5741586685180664,2.3570656776428223,0.1239776611328125,0.7230043411254883
1,649,6.49,7465.476393699646,7519.424259662628,7463.326156139374,7557.947635650635,-1.8690526485443115,2.2742152214050293,0.31769275665283203,0.7751584053039551
1,650,6.5,7463.3921682834625,7521.475851535797,7463.929653167725,7558.7716698646545,-2.0842254161834717,2.0515918731689453,0.6034970283508301,0.8240342140197754
1,651,6.51,7461.1833691596985,7523.434162139893,7464.728057384491,7559.5420598983765,-2.208799123764038,1.958310604095459,0.7984042167663574,0.7703900337219238
1,652,6.5200000000000005,7458.860874176025,7525.248229503632,7465.666830539703,7560.293078422546,-2.3224949836730957,1.8140673637390137,0.9387731552124023,0.7510185241699219
1,653,6.53,7456.536740064621,7526.828944683075,7466.74045920372,7561.058402061462,-2.324134111404419,1.5807151794433594,1.0736286640167236,0.7653236389160156
1,654,6.54,7454.278469085693,7528.102397918701,7467.95654296875,7561.768293380737,-2.2582709789276123,1.2734532356262207,1.2160837650299072,0.7098913192749023
1,655,6.55,7452.200800180435,7529.141902923584,7469.252049922943,7562.376260757446,-2.0776689052581787,1.0395050048828125,1.2955069541931152,0.6079673767089844
1,656,6.5600000000000005,7450.33472776413,7529.872357845306,7470.429092645645,7562.825083732605,-1.866072416305542,0.7304549217224121,1.1770427227020264,0.4488229751586914
1,657,6.57,7448.654323816299,7530.263066291809,7471.614480018616,7563.305199146271,-1.6804039478302002,0.39070844650268555,1.185387372970581,0.4801154136657715
1,658,6.58,7447.238862514496,7530.444264411926,7472.7243185043335,7563.762664794922,-1.4154613018035889,0.1811981201171875,1.1098384857177734,0.45746564865112305
1,659,6.59,7446.1521208286285,7530.369162559509,7473.67799282074,7564.117312431335,-1.0867416858673096,-0.07510185241699219,0.95367431640625,0.3546476364135742
1,660,6.6000000000000005,7445.416301488876,7530.052065849304,7474.505454301834,7564.382553100586,-0.7358193397521973,-0.3170967102050781,0.8274614810943604,0.2652406692504883
1,661,6.61,7445.041537284851,7529.550194740295,7475.1631915569305,7564.564347267151,-0.37476420402526855,-0.5018711090087891,0.6577372550964355,0.1817941665649414
1,662,6.62,7445.051074028015,7528.905272483826,7475.612461566925,7564.660608768463,0.0095367431640625,-0.6449222564697266,0.44927000999450684,0.09626150131225586
1,663,6.63,7445.553243160248,7528.2493233680725,7475.7663905620575,7564.685344696045,0.502169132232666,-0.6559491157531738,0.1539289951324463,0.02473592758178711
1,664,6.640000000000001,7446.482330560684,7527.374029159546,7475.781738758087,7564.580738544464,0.9290874004364014,-0.8752942085266113,0.015348196029663086,-0.10460615158081055
1,665,6.65,7447.787523269653,7526.339292526245,7475.450336933136,7564.47046995163,1.3051927089691162,-1.0347366333007812,-0.3314018249511719,-0.11026859283447266
1,666,6.66,7449.354827404022,7525.301575660706,7475.048750638962,7564.28450345993,1.5673041343688965,-1.0377168655395508,-0.40158629417419434,-0.18596649169921875
1,667,6.67,7451.115548610687,7524.348497390747,7474.422603845596,7564.104795455933,1.760721206665039,-0.9530782699584961,-0.6261467933654785,-0.17970800399780273
1,668,6.68,7453.017979860306,7523.523271083832,7473.608553409576,7563.871145248413,1.9024312496185303,-0.8252263069152832,-0.8140504360198975,-0.23365020751953125
1,669,6.69,7455.030679702759,7522.827982902527,7472.636252641678,7563.63719701767,2.012699842453003,-0.6952881813049316,-0.9723007678985596,-0.2339482307434082
1,670,6.7,7457.123100757599,7522.295415401459,7471.520304679871,7563.36122751236,2.092421054840088,-0.5325675010681152,-1.115947961807251,-0.2759695053100586
1,671,6.71,7459.184229373932,7521.969676017761,7470.307946205139,7563.100159168243,2.061128616333008,-0.32573938369750977,-1.2123584747314453,-0.26106834411621094
1,672,6.72,7461.1857533454895,7521.883249282837,7469.038516283035,7562.846839427948,2.001523971557617,-0.0864267349243164,-1.2694299221038818,-0.25331974029541016
1,673,6.73,7463.070750236511,7522.045075893402,7467.7373468875885,7562.615275382996,1.8849968910217285,0.16182661056518555,-1.3011693954467773,-0.23156404495239258
1,674,6.74,7464.801967144012,7522.461712360382,7466.439306735992,7562.398910522461,1.7312169075012207,0.41663646697998047,-1.2980401515960693,-0.21636486053466797
1,675,6.75,7466.340214014053,7523.1340527534485,7465.173304080963,7562.207281589508,1.5382468700408936,0.6723403930664062,-1.2660026550292969,-0.19162893295288086
1,676,6.76,7467.655539512634,7524.051666259766,7463.9736115932465,7562.0439648628235,1.3153254985809326,0.9176135063171387,-1.1996924877166748,-0.1633167266845703
1,677,6.7700000000000005,7468.720376491547,7525.209486484528,7462.857812643051,7561.899125576019,1.0648369789123535,1.157820224761963,-1.1157989501953125,-0.14483928680419922
1,678,6.78,7469.512820243835,7526.600658893585,7461.865991353989,7561.755478382111,0.7924437522888184,1.3911724090576172,-0.9918212890625,-0.1436471939086914
1,679,6.79,7470.029592514038,7528.221905231476,7461.030185222626,7561.602890491486,0.5167722702026367,1.621246337890625,-0.835806131362915,-0.152587890625
1,680,6.8,7470.275312662125,7529.97487783432,7460.360378026962,7561.540007591248,0.24572014808654785,1.7529726028442383,-0.6698071956634521,-0.06288290023803711
1,681,6.8100000000000005,7470.267564058304,7531.881034374237,7459.827661514282,7561.48636341095,-0.007748603820800781,1.9061565399169922,-0.5327165126800537,-0.05364418029785156
1,682,6.82,7470.018416643143,7533.8414311409,7459.453344345093,7561.463117599487,-0.2491474151611328,1.9603967666625977,-0.3743171691894531,-0.023245811462402344
1,683,6.83,7469.553351402283,7535.848021507263,7459.235340356827,7561.461627483368,-0.46506524085998535,2.0065903663635254,-0.2180039882659912,-0.0014901161193847656
1,684,6.84,7468.900978565216,7537.853121757507,7459.163814783096,7561.48099899292,-0.6523728370666504,2.0051002502441406,-0.07152557373046875,0.019371509552001953
1,685,6.8500000000000005,7468.099296092987,7539.822459220886,7459.231019020081,7561.517357826233,-0.8016824722290039,1.9693374633789062,0.06720423698425293,0.03635883331298828
1,686,6.86,7467.185705900192,7541.7134165763855,7459.418475627899,7561.567425727844,-0.9135901927947998,1.8909573554992676,0.18745660781860352,0.050067901611328125
1,687,6.87,7466.2017822265625,7543.502151966095,7459.710538387299,7561.625838279724,-0.9839236736297607,1.7887353897094727,0.29206275939941406,0.05841255187988281
1,688,6.88,7465.187758207321,7545.1526045799255,7460.085153579712,7561.686038970947,-1.014024019241333,1.6504526138305664,0.3746151924133301,0.06020069122314453
1,689,6.890000000000001,7464.187443256378,7546.646296977997,7460.522502660751,7561.744451522827,-1.0003149509429932,1.493692398071289,0.4373490810394287,0.05841255187988281
1,690,6.9,7463.246136903763,7547.975778579712,7460.979223251343,7561.7969036102295,-0.9413063526153564,1.329481601715088,0.45672059059143066,0.05245208740234375
1,691,6.91,7462.404519319534,7549.094557762146,7461.435049772263,7561.8427991867065,-0.8416175842285156,1.118779182434082,0.4558265209197998,0.04589557647705078
1,692,6.92,7461.6846442222595,7549.995183944702,7461.896240711212,7561.875879764557,-0.7198750972747803,0.9006261825561523,0.46119093894958496,0.0330805778503418
1,693,6.93,7461.106777191162,7550.716400146484,7462.33195066452,7561.899721622467,-0.5778670310974121,0.7212162017822266,0.43570995330810547,0.02384185791015625
1,694,6.94,7460.691332817078,7551.251947879791,7462.725192308426,7561.910152435303,-0.41544437408447266,0.5355477333068848,0.39324164390563965,0.01043081283569336
1,695,6.95,7460.446059703827,7551.646828651428,7463.1087481975555,7561.885118484497,-0.24527311325073242,0.3948807716369629,0.38355588912963867,-0.025033950805664062
1,696,6.96,7460.386902093887,7551.9537925720215,7463.435232639313,7561.838924884796,-0.059157609939575195,0.3069639205932617,0.32648444175720215,-0.046193599700927734
1,697,6.97,7460.508644580841,7552.086114883423,7463.662028312683,7561.802566051483,0.12174248695373535,0.1323223114013672,0.22679567337036133,-0.03635883331298828
1,698,6.98,7460.8151614665985,7552.110850811005,7463.795691728592,7561.712265014648,0.3065168857574463,0.02473592758178711,0.13366341590881348,-0.0903010368347168
1,699,6.99,7461.290955543518,7552.022933959961,7463.847398757935,7561.62166595459,0.47579407691955566,-0.08791685104370117,0.05170702934265137,-0.09059906005859375
1,700,7.0,7461.927682161331,7551.885545253754,7463.802248239517,7561.508417129517,0.6367266178131104,-0.1373887062072754,-0.0451505184173584,-0.11324882507324219
1,701,7.01,7462.708950042725,7551.6945123672485,7463.662028312683,7561.387717723846,0.7812678813934326,-0.19103288650512695,-0.14021992683410645,-0.12069940567016602
1,702,7.0200000000000005,7463.574558496475,7551.48857831955,7463.489770889282,7561.2518191337585,0.8656084537506104,-0.2059340476989746,-0.1722574234008789,-0.13589859008789062
1,703,7.03,7464.531660079956,7551.282346248627,7463.218420743942,7561.1260533332825,0.957101583480835,-0.20623207092285156,-0.2713501453399658,-0.12576580047607422
1,704,7.04,7465.5647575855255,7551.1035323143005,7462.8618359565735,7560.981810092926,1.033097505569458,-0.17881393432617188,-0.3565847873687744,-0.1442432403564453
1,705,7.05,7466.658353805542,7550.954818725586,7462.445348501205,7560.834884643555,1.0935962200164795,-0.1487135887145996,-0.416487455368042,-0.1469254493713379
1,706,7.0600000000000005,7467.789351940155,7550.869584083557,7461.972236633301,7560.676038265228,1.130998134613037,-0.0852346420288086,-0.4731118679046631,-0.15884637832641602
1,707,7.07,7468.940168619156,7550.848126411438,7461.455762386322,7560.51778793335,1.1508166790008545,-0.021457672119140625,-0.5164742469787598,-0.1582503318786621
1,708,7.08,7470.086961984634,7550.915479660034,7460.907995700836,7560.34791469574,1.1467933654785156,0.0673532485961914,-0.5477666854858398,-0.16987323760986328
1,709,7.09,7471.207976341248,7551.069855690002,7460.338622331619,7560.182809829712,1.1210143566131592,0.15437602996826172,-0.569373369216919,-0.16510486602783203
1,710,7.1000000000000005,7472.285777330399,7551.323175430298,7459.763884544373,7560.01353263855,1.077800989151001,0.25331974029541016,-0.5747377872467041,-0.16927719116210938
1,711,7.11,7473.303973674774,7551.677227020264,7459.194511175156,7559.843361377716,1.0181963443756104,0.3540515899658203,-0.569373369216919,-0.17017126083374023
1,712,7.12,7474.246025085449,7552.129924297333,7458.643168210983,7559.675574302673,0.9420514106750488,0.4526972770690918,-0.5513429641723633,-0.1677870750427246
1,713,7.13,7475.1016497612,7552.683353424072,7458.119988441467,7559.509873390198,0.8556246757507324,0.553429126739502,-0.5231797695159912,-0.16570091247558594
1,714,7.140000000000001,7475.8632481098175,7553.317546844482,7457.63435959816,7559.354901313782,0.7615983486175537,0.6341934204101562,-0.4856288433074951,-0.15497207641601562
1,715,7.15,7476.532757282257,7554.032206535339,7457.213401794434,7559.196352958679,0.6695091724395752,0.7146596908569336,-0.4209578037261963,-0.15854835510253906
1,716,7.16,7477.07262635231,7554.811537265778,7456.860244274139,7559.04883146286,0.5398690700531006,0.7793307304382324,-0.35315752029418945,-0.1475214958190918
1,717,7.17,7477.507144212723,7555.6182861328125,7456.537187099457,7558.875679969788,0.43451786041259766,0.8067488670349121,-0.3230571746826172,-0.17315149307250977
1,718,7.18,7477.860301733017,7556.447088718414,7456.303834915161,7558.678686618805,0.35315752029418945,0.8288025856018066,-0.2333521842956543,-0.19699335098266602
1,719,7.19,7478.108704090118,7557.331621646881,7456.168085336685,7558.499872684479,0.24840235710144043,0.8845329284667969,-0.13574957847595215,-0.17881393432617188
1,720,7.2,7478.275150060654,7558.252811431885,7456.067204475403,7558.315098285675,0.16644597053527832,0.9211897850036621,-0.10088086128234863,-0.18477439880371094
1,721,7.21,7478.349804878235,7559.0962171554565,7456.055581569672,7558.169662952423,0.07465481758117676,0.8434057235717773,-0.011622905731201172,-0.14543533325195312
1,722,7.22,7478.364557027817,7559.943497180939,7456.07852935791,7558.007836341858,0.01475214958190918,0.8472800254821777,0.02294778823852539,-0.16182661056518555
1,723,7.23,7478.328347206116,7560.772001743317,7456.182688474655,7557.8272342681885,-0.036209821701049805,0.8285045623779297,0.10415911674499512,-0.1806020736694336
1,724,7.24,7478.267252445221,7561.577260494232,7456.325888633728,7557.650506496429,-0.06109476089477539,0.8052587509155273,0.14320015907287598,-0.1767277717590332
1,725,7.25,7478.174865245819,7562.3297691345215,7456.515729427338,7557.443380355835,-0.09238719940185547,0.7525086402893066,0.18984079360961914,-0.20712614059448242
1,726,7.26,7478.042840957642,7562.988102436066,7456.752955913544,7557.2168827056885,-0.13202428817749023,0.6583333015441895,0.2372264862060547,-0.22649765014648438
1,727,7.2700000000000005,7477.961778640747,7563.6157393455505,7457.008063793182,7556.954324245453,-0.08106231689453125,0.6276369094848633,0.2551078796386719,-0.2625584602355957
1,728,7.28,7477.910965681076,7564.190924167633,7457.279860973358,7556.662857532501,-0.05081295967102051,0.5751848220825195,0.27179718017578125,-0.29146671295166016
1,729,7.29,7477.916330099106,7564.699947834015,7457.5380980968475,7556.3400983810425,0.005364418029785156,0.5090236663818359,0.2582371234893799,-0.32275915145874023
1,730,7.3,7477.9945611953735,7565.136551856995,7457.786202430725,7555.9863448143005,0.0782310962677002,0.43660402297973633,0.24810433387756348,-0.35375356674194336
1,731,7.3100000000000005,7478.1568348407745,7565.498948097229,7458.014637231827,7555.601596832275,0.16227364540100098,0.362396240234375,0.22843480110168457,-0.3847479820251465
1,732,7.32,7478.462755680084,7565.845251083374,7458.179295063019,7555.110454559326,0.3059208393096924,0.34630298614501953,0.1646578311920166,-0.49114227294921875
1,733,7.33,7478.930652141571,7566.114962100983,7458.332479000092,7554.545998573303,0.4678964614868164,0.2697110176086426,0.1531839370727539,-0.5644559860229492
1,734,7.34,7479.524463415146,7566.293776035309,7458.446621894836,7553.999423980713,0.5938112735748291,0.17881393432617188,0.11414289474487305,-0.546574592590332
1,735,7.3500000000000005,7480.223923921585,7566.450238227844,7458.498179912567,7553.399205207825,0.699460506439209,0.1564621925354004,0.05155801773071289,-0.6002187728881836
1,736,7.36,7481.015175580978,7566.530108451843,7458.50071310997,7552.790343761444,0.7912516593933105,0.07987022399902344,0.0025331974029541016,-0.6088614463806152
1,737,7.37,7481.884062290192,7566.599547863007,7458.450794219971,7552.156448364258,0.8688867092132568,0.06943941116333008,-0.04991888999938965,-0.6338953971862793
1,738,7.38,7482.819855213165,7566.637098789215,7458.350658416748,7551.516592502594,0.9357929229736328,0.037550926208496094,-0.10013580322265625,-0.6398558616638184
1,739,7.390000000000001,7483.815550804138,7566.680610179901,7458.198964595795,7550.856173038483,0.9956955909729004,0.043511390686035156,-0.15169382095336914,-0.6604194641113281
1,740,7.4,7484.852969646454,7566.71816110611,7458.004951477051,7550.191283226013,1.0374188423156738,0.037550926208496094,-0.19401311874389648,-0.6648898124694824
1,741,7.41,7485.924810171127,7566.772699356079,7457.771003246307,7549.51685667038,1.071840524673462,0.05453824996948242,-0.2339482307434082,-0.6744265556335449
1,742,7.42,7487.0166182518005,7566.846013069153,7457.507848739624,7548.838257789612,1.0918080806732178,0.07331371307373047,-0.2631545066833496,-0.6785988807678223
1,743,7.43,7488.159388303757,7566.9339299201965,7457.192540168762,7548.238039016724,1.1427700519561768,0.08791685104370117,-0.3153085708618164,-0.6002187728881836
1,744,7.44,7489.285320043564,7567.10559129715,7456.768900156021,7547.604739665985,1.125931739807129,0.171661376953125,-0.42364001274108887,-0.6332993507385254
1,745,7.45,7490.413635969162,7567.293047904968,7456.329762935638,7546.955645084381,1.1283159255981445,0.18745660781860352,-0.43913722038269043,-0.6490945816040039
1,746,7.46,7491.516619920731,7567.554712295532,7455.932050943375,7546.323239803314,1.1029839515686035,0.26166439056396484,-0.39771199226379395,-0.6324052810668945
1,747,7.47,7492.586076259613,7567.870914936066,7455.553263425827,7545.711696147919,1.0694563388824463,0.31620264053344727,-0.3787875175476074,-0.6115436553955078
1,748,7.48,7493.617236614227,7568.182051181793,7455.14452457428,7545.099258422852,1.0311603546142578,0.31113624572753906,-0.4087388515472412,-0.6124377250671387
1,749,7.49,7494.588196277618,7568.531334400177,7454.767674207687,7544.503211975098,0.9709596633911133,0.34928321838378906,-0.3768503665924072,-0.5960464477539062
1,750,7.5,7495.4864382743835,7568.914890289307,7454.429864883423,7543.929219245911,0.8982419967651367,0.38355588912963867,-0.33780932426452637,-0.5739927291870117
1,751,7.51,7496.297359466553,7569.325566291809,7454.1303515434265,7543.375194072723,0.8109211921691895,0.4106760025024414,-0.2995133399963379,-0.5540251731872559
1,752,7.5200000000000005,7497.035264968872,7569.76991891861,7453.8591504096985,7542.835175991058,0.7379055023193359,0.4443526268005371,-0.27120113372802734,-0.5400180816650391
1,753,7.53,7497.689723968506,7570.240199565887,7453.639358282089,7542.310059070587,0.6544589996337891,0.47028064727783203,-0.21979212760925293,-0.5251169204711914
1,754,7.54,7498.2650578022,7570.734918117523,7453.469038009644,7541.79835319519,0.575333833694458,0.4947185516357422,-0.1703202724456787,-0.5117058753967285
1,755,7.55,7498.760372400284,7571.244239807129,7453.348338603973,7541.303336620331,0.4953145980834961,0.5093216896057129,-0.12069940567016602,-0.49501657485961914
1,756,7.5600000000000005,7499.183565378189,7571.760416030884,7453.278601169586,7540.818154811859,0.42319297790527344,0.5161762237548828,-0.06973743438720703,-0.4851818084716797
1,757,7.57,7499.540746212006,7572.2745060920715,7453.256845474243,7540.344297885895,0.3571808338165283,0.5140900611877441,-0.021755695343017578,-0.47385692596435547
1,758,7.58,7499.838173389435,7572.7778673172,7453.285604715347,7539.881467819214,0.2974271774291992,0.5033612251281738,0.028759241104125977,-0.4628300666809082
1,759,7.59,7500.09149312973,7573.261559009552,7453.356087207794,7539.4245982170105,0.25331974029541016,0.4836916923522949,0.07048249244689941,-0.45686960220336914
1,760,7.6000000000000005,7500.325441360474,7573.797404766083,7453.51567864418,7538.917064666748,0.2339482307434082,0.5358457565307617,0.1595914363861084,-0.5075335502624512
1,761,7.61,7500.653266906738,7574.38451051712,7453.750669956207,7538.357377052307,0.32782554626464844,0.5871057510375977,0.23499131202697754,-0.559687614440918
1,762,7.62,7501.063048839569,7574.8297572135925,7454.015463590622,7537.793219089508,0.40978193283081055,0.44524669647216797,0.26479363441467285,-0.5641579627990723
1,763,7.63,7501.4883279800415,7575.225532054901,7454.297244548798,7537.1915102005005,0.4252791404724121,0.39577484130859375,0.2817809581756592,-0.6017088890075684
1,764,7.640000000000001,7501.970529556274,7575.49375295639,7454.609572887421,7536.614239215851,0.48220157623291016,0.2682209014892578,0.3123283386230469,-0.5772709846496582
1,765,7.65,7502.455413341522,7575.755715370178,7454.93620634079,7536.019384860992,0.48488378524780273,0.2619624137878418,0.3266334533691406,-0.5948543548583984
1,766,7.66,7502.9584765434265,7575.958073139191,7455.282062292099,7535.456120967865,0.5030632019042969,0.20235776901245117,0.3458559513092041,-0.5632638931274414
1,767,7.67,7503.468692302704,7576.130628585815,7455.620318651199,7534.898519515991,0.5102157592773438,0.17255544662475586,0.3382563591003418,-0.5576014518737793
1,768,7.68,7503.993213176727,7576.235830783844,7455.955445766449,7534.3456864356995,0.5245208740234375,0.10520219802856445,0.3351271152496338,-0.552833080291748
1,769,7.69,7504.506409168243,7576.286494731903,7456.29608631134,7533.794939517975,0.5131959915161133,0.05066394805908203,0.3406405448913574,-0.5507469177246094
1,770,7.7,7505.042254924774,7576.28858089447,7456.6178023815155,7533.24955701828,0.5358457565307617,0.002086162567138672,0.3217160701751709,-0.5453824996948242
1,771,7.71,7505.595684051514,7576.252520084381,7456.946671009064,7532.703876495361,0.553429126739502,-0.03606081008911133,0.3288686275482178,-0.5456805229187012
1,772,7.72,7506.193816661835,7576.1812925338745,7457.258105278015,7532.145977020264,0.5981326103210449,-0.0712275505065918,0.311434268951416,-0.5578994750976562
1,773,7.73,7506.884038448334,7576.040327548981,7457.583844661713,7531.567811965942,0.6902217864990234,-0.14096498489379883,0.32573938369750977,-0.5781650543212891
1,774,7.74,7507.606148719788,7575.872540473938,7457.844465970993,7530.995607376099,0.7221102714538574,-0.1677870750427246,0.2606213092803955,-0.57220458984375
1,775,7.75,7508.367896080017,7575.661540031433,7458.095997571945,7530.401051044464,0.7617473602294922,-0.2110004425048828,0.25153160095214844,-0.5945563316345215
1,776,7.76,7509.146928787231,7575.425803661346,7458.331882953644,7529.816627502441,0.7790327072143555,-0.23573637008666992,0.2358853816986084,-0.5844235420227051
1,777,7.7700000000000005,7509.94861125946,7575.19006729126,7458.546161651611,7529.2205810546875,0.8016824722290039,-0.23573637008666992,0.2142786979675293,-0.5960464477539062
1,778,7.78,7510.766386985779,7574.918568134308,7458.725720643997,7528.647780418396,0.8177757263183594,-0.2714991569519043,0.17955899238586426,-0.5728006362915039
1,779,7.79,7511.5713477134705,7574.6288895606995,7458.884716033936,7528.115510940552,0.8049607276916504,-0.28967857360839844,0.1589953899383545,-0.5322694778442383
1,780,7.8,7512.361407279968,7574.340105056763,7459.022551774979,7527.603805065155,0.7900595664978027,-0.2887845039367676,0.13783574104309082,-0.5117058753967285
1,781,7.8100000000000005,7513.154745101929,7574.14311170578,7459.146678447723,7527.048289775848,0.7933378219604492,-0.19699335098266602,0.12412667274475098,-0.5555152893066406
1,782,7.82,7513.949871063232,7573.9628076553345,7459.245324134827,7526.495456695557,0.7951259613037109,-0.18030405044555664,0.09864568710327148,-0.552833080291748
1,783,7.83,7514.700889587402,7573.80872964859,7459.331005811691,7525.905668735504,0.7510185241699219,-0.15407800674438477,0.08568167686462402,-0.5897879600524902
1,784,7.84,7515.431642532349,7573.634386062622,7459.395229816437,7525.317966938019,0.7307529449462891,-0.17434358596801758,0.0642240047454834,-0.5877017974853516
1,785,7.8500000000000005,7516.148388385773,7573.552429676056,7459.490746259689,7524.691224098206,0.7167458534240723,-0.08195638656616211,0.09551644325256348,-0.6267428398132324
1,786,7.86,7516.862750053406,7573.485970497131,7459.5776200294495,7524.069845676422,0.7143616676330566,-0.06645917892456055,0.08687376976013184,-0.6213784217834473
1,787,7.87,7517.527937889099,7573.455274105072,7459.674775600433,7523.421049118042,0.6651878356933594,-0.030696392059326172,0.09715557098388672,-0.648796558380127
1,788,7.88,7518.181800842285,7573.416531085968,7459.781765937805,7522.755861282349,0.6538629531860352,-0.038743019104003906,0.10699033737182617,-0.6651878356933594
1,789,7.890000000000001,7518.822550773621,7573.401033878326,7459.889799356461,7522.071897983551,0.6407499313354492,-0.015497207641601562,0.10803341865539551,-0.6839632987976074
1,790,7.9,7519.45436000824,7573.387026786804,7460.011541843414,7521.372735500336,0.6318092346191406,-0.014007091522216797,0.12174248695373535,-0.699162483215332
1,791,7.91,7520.069479942322,7573.373019695282,7460.167706012726,7520.650327205658,0.6151199340820312,-0.014007091522216797,0.15616416931152344,-0.7224082946777344
1,792,7.92,7520.68430185318,7573.395669460297,7460.317015647888,7519.901096820831,0.6148219108581543,0.022649765014648438,0.14930963516235352,-0.7492303848266602
1,793,7.930000000000001,7521.306574344635,7573.409080505371,7460.469603538513,7519.142627716064,0.6222724914550781,0.01341104507446289,0.152587890625,-0.7584691047668457
1,794,7.94,7521.936297416687,7573.411166667938,7460.604012012482,7518.362998962402,0.629723072052002,0.002086162567138672,0.13440847396850586,-0.7796287536621094
1,795,7.95,7522.579729557037,7573.393881320953,7460.741698741913,7517.560422420502,0.6434321403503418,-0.01728534698486328,0.13768672943115234,-0.8025765419006348
1,796,7.96,7523.244023323059,7573.375403881073,7460.880875587463,7516.741156578064,0.6642937660217285,-0.018477439880371094,0.1391768455505371,-0.8192658424377441
1,797,7.97,7523.925304412842,7573.351263999939,7461.005747318268,7515.910267829895,0.6812810897827148,-0.024139881134033203,0.12487173080444336,-0.8308887481689453
1,798,7.98,7524.624466896057,7573.3232498168945,7461.121678352356,7515.057325363159,0.699162483215332,-0.028014183044433594,0.11593103408813477,-0.8529424667358398
1,799,7.99,7525.351047515869,7573.286592960358,7461.206316947937,7514.163255691528,0.7265806198120117,-0.036656856536865234,0.08463859558105469,-0.8940696716308594
1,800,8.0,7526.0990858078,7573.20761680603,7461.280524730682,7513.275742530823,0.7480382919311523,-0.07897615432739258,0.07420778274536133,-0.8875131607055664
1,801,8.01,7526.869773864746,7573.135197162628,7461.3359570503235,7512.370049953461,0.7706880569458008,-0.07241964340209961,0.05543231964111328,-0.9056925773620605
1,802,8.02,7527.651786804199,7573.03774356842,7461.390346288681,7511.472702026367,0.782012939453125,-0.09745359420776367,0.054389238357543945,-0.8973479270935059
1,803,8.03,7528.4335017204285,7572.953104972839,7461.434006690979,7510.568797588348,0.781714916229248,-0.08463859558105469,0.04366040229797363,-0.9039044380187988
1,804,8.040000000000001,7529.2205810546875,7572.8389620780945,7461.489140987396,7509.660124778748,0.7870793342590332,-0.11414289474487305,0.05513429641723633,-0.9086728096008301
1,805,8.05,7530.0028920173645,7572.756111621857,7461.565881967545,7508.729696273804,0.782310962677002,-0.08285045623779297,0.07674098014831543,-0.9304285049438477
1,806,8.06,7530.792653560638,7572.638988494873,7461.628317832947,7507.81238079071,0.7897615432739258,-0.11712312698364258,0.06243586540222168,-0.9173154830932617
1,807,8.07,7531.581223011017,7572.53885269165,7461.702525615692,7506.875097751617,0.788569450378418,-0.10013580322265625,0.07420778274536133,-0.9372830390930176
1,808,8.08,7532.365620136261,7572.416663169861,7461.7719650268555,7505.952715873718,0.7843971252441406,-0.12218952178955078,0.06943941116333008,-0.9223818778991699
1,809,8.09,7533.148229122162,7572.293281555176,7461.845129728317,7505.023181438446,0.7826089859008789,-0.1233816146850586,0.07316470146179199,-0.9295344352722168
1,810,8.1,7533.932328224182,7572.103142738342,7461.955398321152,7504.0945410728455,0.7840991020202637,-0.1901388168334961,0.11026859283447266,-0.9286403656005859
1,811,8.11,7534.729540348053,7571.94846868515,7462.064772844315,7503.146231174469,0.7972121238708496,-0.15467405319213867,0.1093745231628418,-0.9483098983764648
1,812,8.120000000000001,7535.524964332581,7571.7344880104065,7462.178021669388,7502.215206623077,0.7954239845275879,-0.21398067474365234,0.11324882507324219,-0.9310245513916016
1,813,8.13,7536.315619945526,7571.530342102051,7462.303191423416,7501.280903816223,0.7906556129455566,-0.2041459083557129,0.1251697540283203,-0.934302806854248
1,814,8.14,7537.094950675964,7571.30354642868,7462.435215711594,7500.363886356354,0.7793307304382324,-0.22679567337036133,0.13202428817749023,-0.9170174598693848
1,815,8.15,7537.861466407776,7571.077048778534,7462.573349475861,7499.450445175171,0.7665157318115234,-0.22649765014648438,0.13813376426696777,-0.9134411811828613
1,816,8.16,7538.61278295517,7570.831477642059,7462.719529867172,7498.550266027451,0.7513165473937988,-0.24557113647460938,0.1461803913116455,-0.9001791477203369
1,817,8.17,7539.347410202026,7570.582628250122,7462.878078222275,7497.657239437103,0.7346272468566895,-0.24884939193725586,0.15854835510253906,-0.89302659034729
1,818,8.18,7540.065348148346,7570.316195487976,7463.043928146362,7496.7774748802185,0.7179379463195801,-0.2664327621459961,0.16584992408752441,-0.8797645568847656
1,819,8.19,7540.756165981293,7570.038735866547,7463.215887546539,7495.913058519363,0.6908178329467773,-0.27745962142944336,0.17195940017700195,-0.8644163608551025
1,820,8.2,7541.42701625824,7569.73922252655,7463.39738368988,7495.059669017792,0.6708502769470215,-0.2995133399963379,0.18149614334106445,-0.8533895015716553
1,821,8.21,7542.078197002411,7569.4334506988525,7463.594377040863,7494.2149221897125,0.6511807441711426,-0.3057718276977539,0.19699335098266602,-0.8447468280792236
1,822,8.22,7542.711496353149,7569.117546081543,7463.803142309189,7493.38299036026,0.6332993507385254,-0.3159046173095703,0.20876526832580566,-0.8319318294525146
1,823,8.23,7543.3290004730225,7568.798661231995,7464.020997285843,7492.553293704987,0.6175041198730469,-0.31888484954833984,0.21785497665405273,-0.8296966552734375
1,824,8.24,7543.949484825134,7568.441927433014,7464.215010404587,7491.739243268967,0.6204843521118164,-0.3567337989807129,0.19401311874389648,-0.8140504360198975
1,825,8.25,7544.580101966858,7568.079233169556,7464.428544044495,7490.911185741425,0.6306171417236328,-0.36269426345825195,0.21353363990783691,-0.8280575275421143
1,826,8.26,7545.203864574432,7567.671239376068,7464.638352394104,7490.115165710449,0.6237626075744629,-0.40799379348754883,0.209808349609375,-0.7960200309753418
1,827,8.27,7545.812726020813,7567.2659277915955,7464.8599326610565,7489.314675331116,0.6088614463806152,-0.40531158447265625,0.22158026695251465,-0.8004903793334961
1,828,8.28,7546.4025139808655,7566.838562488556,7465.089708566666,7488.533854484558,0.5897879600524902,-0.4273653030395508,0.22977590560913086,-0.7808208465576172
1,829,8.290000000000001,7546.973824501038,7566.414475440979,7465.330809354782,7487.758100032806,0.5713105201721191,-0.4240870475769043,0.24110078811645508,-0.775754451751709
1,830,8.3,7547.52516746521,7565.973699092865,7465.5769765377045,7486.995607614517,0.5513429641723633,-0.44077634811401367,0.24616718292236328,-0.7624924182891846
1,831,8.31,7548.053562641144,7565.533220767975,7465.836405754089,7486.240267753601,0.5283951759338379,-0.4404783248901367,0.2594292163848877,-0.7553398609161377
1,832,8.32,7548.56139421463,7565.081417560577,7466.102242469788,7485.495358705521,0.5078315734863281,-0.45180320739746094,0.2658367156982422,-0.7449090480804443
1,833,8.33,7549.061179161072,7564.617991447449,7466.380298137665,7484.738826751709,0.4997849464416504,-0.4634261131286621,0.27805566787719727,-0.7565319538116455
1,834,8.34,7549.533843994141,7564.212381839752,7466.689497232437,7483.989745378494,0.47266483306884766,-0.4056096076965332,0.30919909477233887,-0.7490813732147217
1,835,8.35,7549.98505115509,7563.824355602264,7467.005103826523,7483.268529176712,0.45120716094970703,-0.38802623748779297,0.31560659408569336,-0.7212162017822266
1,836,8.36,7550.416588783264,7563.424706459045,7467.31698513031,7482.546418905258,0.4315376281738281,-0.39964914321899414,0.31188130378723145,-0.7221102714538574
1,837,8.370000000000001,7550.833821296692,7563.004791736603,7467.63750910759,7481.827288866043,0.4172325134277344,-0.41991472244262695,0.3205239772796631,-0.7191300392150879
1,838,8.38,7551.2367486953735,7562.574148178101,7467.964887619019,7481.11292719841,0.4029273986816406,-0.43064355850219727,0.327378511428833,-0.7143616676330566
1,839,8.39,7551.631331443787,7562.133073806763,7468.295842409134,7480.402439832687,0.39458274841308594,-0.4410743713378906,0.33095479011535645,-0.7104873657226562
1,840,8.4,7552.014589309692,7561.68007850647,7468.6287343502045,7479.700744152069,0.3832578659057617,-0.45299530029296875,0.33289194107055664,-0.7016956806182861
1,841,8.41,7552.392482757568,7561.214864253998,7468.962073326111,7478.999197483063,0.37789344787597656,-0.46521425247192383,0.33333897590637207,-0.7015466690063477
1,842,8.42,7552.765607833862,7560.73921918869,7469.293773174286,7478.301078081131,0.3731250762939453,-0.4756450653076172,0.33169984817504883,-0.6981194019317627
1,843,8.43,7553.136348724365,7560.251355171204,7469.6241319179535,7477.60683298111,0.3707408905029297,-0.48786401748657227,0.33035874366760254,-0.6942451000213623
1,844,8.44,7553.50798368454,7559.758424758911,7469.950020313263,7476.910054683685,0.37163496017456055,-0.49293041229248047,0.32588839530944824,-0.6967782974243164
1,845,8.45,7553.879618644714,7559.250593185425,7470.272481441498,7476.21551156044,0.37163496017456055,-0.5078315734863281,0.3224611282348633,-0.6945431232452393
1,846,8.46,7554.253339767456,7558.732628822327,7470.58779001236,7475.520819425583,0.3737211227416992,-0.5179643630981445,0.3153085708618164,-0.6946921348571777
1,847,8.47,7554.6252727508545,7558.208107948303,7470.897734165192,7474.818378686905,0.3719329833984375,-0.5245208740234375,0.30994415283203125,-0.7024407386779785
1,848,8.48,7554.985880851746,7557.681202888489,7471.2073802948,7474.0976095199585,0.3606081008911133,-0.5269050598144531,0.3096461296081543,-0.7207691669464111
1,849,8.49,7555.3542375564575,7557.169198989868,7471.50793671608,7473.370283842087,0.36835670471191406,-0.5120038986206055,0.3005564212799072,-0.7273256778717041
1,850,8.5,7555.733621120453,7556.648552417755,7471.802830696106,7472.623884677887,0.37938356399536133,-0.5206465721130371,0.2948939800262451,-0.7463991641998291
1,851,8.51,7556.127309799194,7556.097507476807,7472.08297252655,7471.878230571747,0.3936886787414551,-0.5510449409484863,0.28014183044433594,-0.7456541061401367
1,852,8.52,7556.529939174652,7555.53811788559,7472.355216741562,7471.12900018692,0.40262937545776367,-0.559389591217041,0.2722442150115967,-0.7492303848266602
1,853,8.53,7556.939721107483,7554.972469806671,7472.618222236633,7470.381110906601,0.40978193283081055,-0.565648078918457,0.26300549507141113,-0.7478892803192139
1,854,8.540000000000001,7557.349503040314,7554.394900798798,7472.890913486481,7469.631731510162,0.40978193283081055,-0.5775690078735352,0.2726912498474121,-0.7493793964385986
1,855,8.55,7557.76435136795,7553.82776260376,7473.145127296448,7468.879669904709,0.41484832763671875,-0.5671381950378418,0.254213809967041,-0.7520616054534912
1,856,8.56,7558.174729347229,7553.250789642334,7473.389208316803,7468.133270740509,0.41037797927856445,-0.5769729614257812,0.2440810203552246,-0.7463991641998291
1,857,8.57,7558.586001396179,7552.675306797028,7473.628669977188,7467.3861265182495,0.4112720489501953,-0.5754828453063965,0.23946166038513184,-0.7471442222595215
1,858,8.58,7558.993995189667,7552.098035812378,7473.857700824738,7466.639280319214,0.40799379348754883,-0.5772709846496582,0.22903084754943848,-0.7468461990356445
1,859,8.59,7559.398710727692,7551.49632692337,7474.133223295212,7465.889006853104,0.40471553802490234,-0.6017088890075684,0.27552247047424316,-0.7502734661102295
1,860,8.6,7559.812366962433,7550.83829164505,7474.366575479507,7465.150505304337,0.41365623474121094,-0.6580352783203125,0.2333521842956543,-0.7385015487670898
1,861,8.61,7560.223340988159,7550.188302993774,7474.620640277863,7464.394420385361,0.41097402572631836,-0.6499886512756348,0.25406479835510254,-0.7560849189758301
1,862,8.620000000000001,7560.60928106308,7549.549639225006,7474.857568740845,7463.6609852313995,0.3859400749206543,-0.6386637687683105,0.23692846298217773,-0.7334351539611816
1,863,8.63,7560.982406139374,7548.9166378974915,7475.092709064484,7462.931424379349,0.3731250762939453,-0.6330013275146484,0.23514032363891602,-0.7295608520507812
1,864,8.64,7561.347782611847,7548.282444477081,7475.311905145645,7462.205588817596,0.36537647247314453,-0.6341934204101562,0.21919608116149902,-0.7258355617523193
1,865,8.65,7561.702728271484,7547.649145126343,7475.540637969971,7461.472898721695,0.35494565963745117,-0.6332993507385254,0.22873282432556152,-0.7326900959014893
1,866,8.66,7562.046647071838,7547.020614147186,7475.7687747478485,7460.744231939316,0.3439188003540039,-0.6285309791564941,0.22813677787780762,-0.7286667823791504
1,867,8.67,7562.37804889679,7546.406686306,7475.997805595398,7460.011392831802,0.3314018249511719,-0.6139278411865234,0.22903084754943848,-0.7328391075134277
1,868,8.68,7562.697231769562,7545.799016952515,7476.23085975647,7459.28168296814,0.3191828727722168,-0.6076693534851074,0.23305416107177734,-0.7297098636627197
1,869,8.69,7563.003301620483,7545.198500156403,7476.464807987213,7458.5530161857605,0.30606985092163086,-0.6005167961120605,0.2339482307434082,-0.7286667823791504
1,870,8.700000000000001,7563.295960426331,7544.609904289246,7476.704716682434,7457.824349403381,0.29265880584716797,-0.5885958671569824,0.23990869522094727,-0.7286667823791504
1,871,8.71,7563.574910163879,7544.028460979462,7476.950138807297,7457.10089802742,0.2789497375488281,-0.5814433097839355,0.2454221248626709,-0.7234513759613037
1,872,8.72,7563.844621181488,7543.4669852256775,7477.189898490906,7456.377744674683,0.2697110176086426,-0.5614757537841797,0.2397596836090088,-0.7231533527374268
1,873,8.73,7564.12148475647,7542.9147481918335,7477.40313410759,7455.642074346542,0.27686357498168945,-0.5522370338439941,0.21323561668395996,-0.7356703281402588
1,874,8.74,7564.399540424347,7542.33330488205,7477.623075246811,7454.91698384285,0.27805566787719727,-0.5814433097839355,0.2199411392211914,-0.725090503692627
1,875,8.75,7564.672231674194,7541.7667627334595,7477.840781211853,7454.18518781662,0.2726912498474121,-0.5665421485900879,0.21770596504211426,-0.7317960262298584
1,876,8.76,7564.928233623505,7541.197240352631,7478.067576885223,7453.465461730957,0.25600194931030273,-0.5695223808288574,0.22679567337036133,-0.7197260856628418
1,877,8.77,7565.16695022583,7540.6453013420105,7478.293776512146,7452.746033668518,0.23871660232543945,-0.5519390106201172,0.22619962692260742,-0.7194280624389648
1,878,8.78,7565.382719039917,7540.09485244751,7478.531450033188,7452.031522989273,0.21576881408691406,-0.5504488945007324,0.23767352104187012,-0.7145106792449951
1,879,8.790000000000001,7565.581798553467,7539.546191692352,7478.765249252319,7451.325803995132,0.1990795135498047,-0.5486607551574707,0.23379921913146973,-0.705718994140625
1,880,8.8,7565.758526325226,7539.006471633911,7479.010224342346,7450.627833604813,0.1767277717590332,-0.5397200584411621,0.24497509002685547,-0.6979703903198242
1,881,8.81,7565.918266773224,7538.468837738037,7479.25877571106,7449.937015771866,0.15974044799804688,-0.5376338958740234,0.2485513687133789,-0.6908178329467773
1,882,8.82,7566.057741641998,7537.935674190521,7479.509264230728,7449.2546916008,0.13947486877441406,-0.5331635475158691,0.2504885196685791,-0.6823241710662842
1,883,8.83,7566.172480583191,7537.363767623901,7479.7773361206055,7448.5863745212555,0.11473894119262695,-0.571906566619873,0.26807188987731934,-0.6683170795440674
1,884,8.84,7566.277086734772,7536.810636520386,7480.038106441498,7447.919249534607,0.10460615158081055,-0.553131103515625,0.260770320892334,-0.6671249866485596
1,885,8.85,7566.367387771606,7536.2429022789,7480.305880308151,7447.262406349182,0.0903010368347168,-0.5677342414855957,0.2677738666534424,-0.6568431854248047
1,886,8.86,7566.440999507904,7535.6727838516235,7480.571866035461,7446.6076493263245,0.07361173629760742,-0.5701184272766113,0.26598572731018066,-0.654757022857666
1,887,8.870000000000001,7566.498219966888,7535.088360309601,7480.84157705307,7445.967495441437,0.057220458984375,-0.5844235420227051,0.2697110176086426,-0.6401538848876953
1,888,8.88,7566.5441155433655,7534.5030426979065,7481.115013360977,7445.331811904907,0.04589557647705078,-0.5853176116943359,0.2734363079071045,-0.635683536529541
1,889,8.89,7566.579282283783,7533.914744853973,7481.386959552765,7444.7062611579895,0.03516674041748047,-0.5882978439331055,0.2719461917877197,-0.6255507469177246
1,890,8.9,7566.606104373932,7533.320486545563,7481.6592037677765,7444.087564945221,0.02682209014892578,-0.5942583084106445,0.2722442150115967,-0.6186962127685547
1,891,8.91,7566.6263699531555,7532.7178835868835,7481.93085193634,7443.476319313049,0.020265579223632812,-0.6026029586791992,0.2716481685638428,-0.6112456321716309
1,892,8.92,7566.64514541626,7532.112896442413,7482.224106788635,7442.86447763443,0.018775463104248047,-0.6049871444702148,0.2932548522949219,-0.6118416786193848
1,893,8.93,7566.666305065155,7531.499862670898,7482.509016990662,7442.248314619064,0.021159648895263672,-0.6130337715148926,0.2849102020263672,-0.6161630153656006
1,894,8.94,7566.6821002960205,7530.869245529175,7482.7940762043,7441.642135381699,0.015795230865478516,-0.6306171417236328,0.28505921363830566,-0.6061792373657227
1,895,8.950000000000001,7566.695809364319,7530.232071876526,7483.077347278595,7441.042810678482,0.013709068298339844,-0.6371736526489258,0.28327107429504395,-0.5993247032165527
1,896,8.96,7566.704750061035,7529.587745666504,7483.355551958084,7440.448999404907,0.008940696716308594,-0.6443262100219727,0.27820467948913574,-0.5938112735748291
1,897,8.97,7566.73276424408,7528.916895389557,7483.6307764053345,7439.86651301384,0.028014183044433594,-0.6708502769470215,0.2752244472503662,-0.5824863910675049
1,898,8.98,7566.787898540497,7528.213858604431,7483.893036842346,7439.281046390533,0.05513429641723633,-0.7030367851257324,0.26226043701171875,-0.5854666233062744
1,899,8.99,7566.862404346466,7527.481317520142,7484.138607978821,7438.692152500153,0.07450580596923828,-0.7325410842895508,0.24557113647460938,-0.5888938903808594
1,900,9.0,7566.941976547241,7526.7016887664795,7484.37687754631,7438.145577907562,0.07957220077514648,-0.7796287536621094,0.23826956748962402,-0.546574592590332
1,901,9.01,7567.035853862762,7525.911033153534,7484.607696533203,7437.575459480286,0.09387731552124023,-0.7906556129455566,0.2308189868927002,-0.5701184272766113
1,902,9.02,7567.103207111359,7525.1394510269165,7484.87263917923,7437.020391225815,0.0673532485961914,-0.7715821266174316,0.26494264602661133,-0.5550682544708252
1,903,9.03,7567.158341407776,7524.392306804657,7485.1194024086,7436.486631631851,0.05513429641723633,-0.7471442222595215,0.2467632293701172,-0.533759593963623
1,904,9.040000000000001,7567.199766635895,7523.6475467681885,7485.361248254776,7435.955852270126,0.041425228118896484,-0.7447600364685059,0.24184584617614746,-0.5307793617248535
1,905,9.05,7567.2319531440735,7522.903680801392,7485.6118857860565,7435.431778430939,0.03218650817871094,-0.743865966796875,0.2506375312805176,-0.5240738391876221
1,906,9.06,7567.247748374939,7522.171139717102,7485.861629247665,7434.912621974945,0.015795230865478516,-0.7325410842895508,0.24974346160888672,-0.5191564559936523
1,907,9.07,7567.252814769745,7521.443963050842,7486.117780208588,7434.400767087936,0.005066394805908203,-0.7271766662597656,0.2561509609222412,-0.511854887008667
1,908,9.08,7567.239999771118,7520.72274684906,7486.366033554077,7433.878034353256,-0.012814998626708984,-0.7212162017822266,0.24825334548950195,-0.5227327346801758
1,909,9.09,7567.216157913208,7520.0048089027405,7486.62069439888,7433.357834815979,-0.02384185791015625,-0.7179379463195801,0.25466084480285645,-0.5201995372772217
1,910,9.1,7567.179501056671,7519.286274909973,7486.88206076622,7432.8455328941345,-0.036656856536865234,-0.718533992767334,0.2613663673400879,-0.5123019218444824
1,911,9.11,7567.119896411896,7518.549859523773,7487.1474504470825,7432.329952716827,-0.059604644775390625,-0.7364153861999512,0.26538968086242676,-0.5155801773071289
1,912,9.120000000000001,7567.043900489807,7517.818510532379,7487.412989139557,7431.827187538147,-0.07599592208862305,-0.731348991394043,0.26553869247436523,-0.5027651786804199
1,913,9.13,7566.952109336853,7517.091333866119,7487.69223690033,7431.328892707825,-0.09179115295410156,-0.7271766662597656,0.2792477607727051,-0.4982948303222656
1,914,9.14,7566.839754581451,7516.39723777771,7487.975358963013,7430.818974971771,-0.11235475540161133,-0.6940960884094238,0.28312206268310547,-0.5099177360534668
1,915,9.15,7566.709220409393,7515.701949596405,7488.270699977875,7430.330514907837,-0.13053417205810547,-0.6952881813049316,0.29534101486206055,-0.48846006393432617
1,916,9.16,7566.5611028671265,7515.018880367279,7488.561123609543,7429.843842983246,-0.1481175422668457,-0.6830692291259766,0.2904236316680908,-0.48667192459106445
1,917,9.17,7566.400170326233,7514.3226981163025,7488.861382007599,7429.363429546356,-0.1609325408935547,-0.6961822509765625,0.3002583980560303,-0.48041343688964844
1,918,9.18,7566.223740577698,7513.63068819046,7489.166706800461,7428.891509771347,-0.17642974853515625,-0.6920099258422852,0.3053247928619385,-0.4719197750091553
1,919,9.19,7566.007375717163,7512.9252672195435,7489.4775450229645,7428.443133831024,-0.21636486053466797,-0.705420970916748,0.3108382225036621,-0.448375940322876
1,920,9.200000000000001,7565.7835602760315,7512.226700782776,7489.793002605438,7427.991181612015,-0.2238154411315918,-0.6985664367675781,0.3154575824737549,-0.4519522190093994
1,921,9.21,7565.544247627258,7511.519193649292,7490.116059780121,7427.5486171245575,-0.23931264877319336,-0.7075071334838867,0.3230571746826172,-0.4425644874572754
1,922,9.22,7565.29837846756,7510.812282562256,7490.43732881546,7427.111119031906,-0.24586915969848633,-0.7069110870361328,0.32126903533935547,-0.4374980926513672
1,923,9.23,7565.048336982727,7510.096430778503,7490.759640932083,7426.677942276001,-0.25004148483276367,-0.7158517837524414,0.3223121166229248,-0.43317675590515137
1,924,9.24,7564.7976994514465,7509.375810623169,7491.079717874527,7426.2504279613495,-0.2506375312805176,-0.7206201553344727,0.32007694244384766,-0.42751431465148926
1,925,9.25,7564.5434856414795,7508.650422096252,7491.401880979538,7425.824999809265,-0.254213809967041,-0.7253885269165039,0.32216310501098633,-0.4254281520843506
1,926,9.26,7564.293146133423,7507.9146027565,7491.717040538788,7425.405979156494,-0.2503395080566406,-0.7358193397521973,0.31515955924987793,-0.4190206527709961
1,927,9.27,7564.038336277008,7507.193982601166,7492.019385099411,7424.976825714111,-0.2548098564147949,-0.7206201553344727,0.30234456062316895,-0.4291534423828125
1,928,9.28,7563.793063163757,7506.4244866371155,7492.297142744064,7424.578368663788,-0.24527311325073242,-0.769495964050293,0.2777576446533203,-0.39845705032348633
1,929,9.290000000000001,7563.562393188477,7505.674064159393,7492.572069168091,7424.162030220032,-0.23066997528076172,-0.750422477722168,0.27492642402648926,-0.4163384437561035
1,930,9.3,7563.337087631226,7504.900693893433,7492.8538501262665,7423.762530088425,-0.22530555725097656,-0.7733702659606934,0.2817809581756592,-0.39950013160705566
1,931,9.31,7563.116550445557,7504.140138626099,7493.116855621338,7423.360049724579,-0.2205371856689453,-0.7605552673339844,0.26300549507141113,-0.4024803638458252
1,932,9.32,7562.902271747589,7503.365874290466,7493.373900651932,7422.9684472084045,-0.2142786979675293,-0.7742643356323242,0.25704503059387207,-0.3916025161743164
1,933,9.33,7562.691569328308,7502.598166465759,7493.627071380615,7422.57833480835,-0.21070241928100586,-0.7677078247070312,0.2531707286834717,-0.39011240005493164
1,934,9.34,7562.483251094818,7501.826584339142,7493.869364261627,7422.198057174683,-0.20831823348999023,-0.7715821266174316,0.2422928810119629,-0.3802776336669922
1,935,9.35,7562.279999256134,7501.058578491211,7494.109570980072,7421.820163726807,-0.20325183868408203,-0.7680058479309082,0.24020671844482422,-0.37789344787597656
1,936,9.36,7562.073469161987,7500.295042991638,7494.34307217598,7421.443611383438,-0.20653009414672852,-0.7635354995727539,0.23350119590759277,-0.3765523433685303
1,937,9.370000000000001,7561.863958835602,7499.5337426662445,7494.5710599422455,7421.084642410278,-0.20951032638549805,-0.7613003253936768,0.22798776626586914,-0.35896897315979004
1,938,9.38,7561.6514682769775,7498.790621757507,7494.803071022034,7420.732825994492,-0.21249055862426758,-0.7431209087371826,0.232011079788208,-0.35181641578674316
1,939,9.39,7561.439573764801,7498.061507940292,7495.044767856598,7420.395016670227,-0.21189451217651367,-0.7291138172149658,0.24169683456420898,-0.33780932426452637
1,940,9.4,7561.2300634384155,7497.339993715286,7495.28169631958,7420.06316781044,-0.20951032638549805,-0.7215142250061035,0.23692846298217773,-0.3318488597869873
1,941,9.41,7561.040222644806,7496.603429317474,7495.509386062622,7419.74800825119,-0.18984079360961914,-0.7365643978118896,0.2276897430419922,-0.31515955924987793
1,942,9.42,7560.861706733704,7495.881468057632,7495.729774236679,7419.423460960388,-0.17851591110229492,-0.721961259841919,0.22038817405700684,-0.32454729080200195
1,943,9.43,7560.709118843079,7495.13179063797,7495.905160903931,7419.140636920929,-0.152587890625,-0.7496774196624756,0.17538666725158691,-0.2828240394592285
1,944,9.44,7560.527324676514,7494.447231292725,7496.120780706406,7418.853938579559,-0.1817941665649414,-0.6845593452453613,0.21561980247497559,-0.2866983413696289
1,945,9.450000000000001,7560.34642457962,7493.768185377121,7496.318072080612,7418.598979711533,-0.18090009689331055,-0.6790459156036377,0.19729137420654297,-0.2549588680267334
1,946,9.46,7560.213804244995,7493.128478527069,7496.490627527237,7418.318390846252,-0.13262033462524414,-0.6397068500518799,0.17255544662475586,-0.28058886528015137
1,947,9.47,7560.071647167206,7492.4880266189575,7496.6756999492645,7418.062090873718,-0.14215707778930664,-0.6404519081115723,0.1850724220275879,-0.2562999725341797
1,948,9.48,7559.93127822876,7491.8414652347565,7496.82605266571,7417.830675840378,-0.14036893844604492,-0.6465613842010498,0.15035271644592285,-0.2314150333404541
1,949,9.49,7559.773921966553,7491.202652454376,7497.000694274902,7417.605370283127,-0.15735626220703125,-0.638812780380249,0.17464160919189453,-0.22530555725097656
1,950,9.5,7559.590637683868,7490.575015544891,7497.180998325348,7417.411953210831,-0.18328428268432617,-0.6276369094848633,0.18030405044555664,-0.19341707229614258
1,951,9.51,7559.377551078796,7489.967197179794,7497.36562371254,7417.2332882881165,-0.21308660507202148,-0.6078183650970459,0.18462538719177246,-0.1786649227142334
1,952,9.52,7559.139132499695,7489.368170499802,7497.561275959015,7417.0807003974915,-0.2384185791015625,-0.5990266799926758,0.19565224647521973,-0.152587890625
1,953,9.53,7558.86971950531,7488.7800216674805,7497.765123844147,7416.952699422836,-0.2694129943847656,-0.588148832321167,0.20384788513183594,-0.12800097465515137
1,954,9.540000000000001,7558.555006980896,7488.20573091507,7497.990727424622,7416.84690117836,-0.3147125244140625,-0.5742907524108887,0.22560358047485352,-0.10579824447631836
1,955,9.55,7558.202743530273,7487.64231801033,7498.23585152626,7416.7609214782715,-0.3522634506225586,-0.5634129047393799,0.24512410163879395,-0.08597970008850098
1,956,9.56,7557.81352519989,7487.087547779083,7498.4946846961975,7416.7002737522125,-0.3892183303833008,-0.5547702312469482,0.2588331699371338,-0.06064772605895996
1,957,9.57,7557.388544082642,7486.539036035538,7498.768866062164,7416.66316986084,-0.42498111724853516,-0.5485117435455322,0.2741813659667969,-0.037103891372680664
1,958,9.58,7556.881308555603,7485.97115278244,7499.105632305145,7416.651248931885,-0.5072355270385742,-0.5678832530975342,0.33676624298095703,-0.011920928955078125
1,959,9.59,7556.283175945282,7485.531568527222,7499.4514882564545,7416.606843471527,-0.5981326103210449,-0.43958425521850586,0.3458559513092041,-0.044405460357666016
1,960,9.6,7555.609941482544,7485.118806362152,7499.816566705704,7416.588515043259,-0.6732344627380371,-0.4127621650695801,0.3650784492492676,-0.018328428268432617
1,961,9.61,7554.897964000702,7484.6819043159485,7500.205934047699,7416.60863161087,-0.711977481842041,-0.4369020462036133,0.38936734199523926,0.020116567611694336
1,962,9.620000000000001,7554.159164428711,7484.252154827118,7500.596046447754,7416.63470864296,-0.7387995719909668,-0.4297494888305664,0.39011240005493164,0.0260770320892334
1,963,9.63,7553.410232067108,7483.783662319183,7500.99778175354,7416.680008172989,-0.7489323616027832,-0.4684925079345703,0.4017353057861328,0.045299530029296875
1,964,9.64,7552.653253078461,7483.307123184204,7501.401007175446,7416.731119155884,-0.7569789886474609,-0.47653913497924805,0.4032254219055176,0.05111098289489746
1,965,9.65,7551.901340484619,7482.793778181076,7501.798868179321,7416.798323392868,-0.7519125938415527,-0.5133450031280518,0.3978610038757324,0.06720423698425293
1,966,9.66,7551.157772541046,7482.259422540665,7502.191364765167,7416.869401931763,-0.743567943572998,-0.534355640411377,0.39249658584594727,0.07107853889465332
1,967,9.67,7550.429701805115,7481.688559055328,7502.566874027252,7416.952550411224,-0.7280707359313965,-0.5708634853363037,0.37550926208496094,0.08314847946166992
1,968,9.68,7549.705803394318,7481.066137552261,7502.923011779785,7417.047023773193,-0.7238984107971191,-0.6224215030670166,0.356137752532959,0.09447336196899414
1,969,9.69,7548.975348472595,7480.354309082031,7503.249645233154,7417.168319225311,-0.7304549217224121,-0.7118284702301025,0.3266334533691406,0.12129545211791992
1,970,9.700000000000001,7548.276484012604,7479.607313871384,7503.54677438736,7417.296320199966,-0.6988644599914551,-0.746995210647583,0.29712915420532227,0.12800097465515137
1,971,9.71,7547.596395015717,7478.851228952408,7503.848373889923,7417.420446872711,-0.680088996887207,-0.7560849189758301,0.30159950256347656,0.12412667274475098
1,972,9.72,7546.950876712799,7478.074729442596,7504.102885723114,7417.556941509247,-0.6455183029174805,-0.7764995098114014,0.25451183319091797,0.13649463653564453
1,973,9.73,7546.343803405762,7477.276027202606,7504.3317675590515,7417.685836553574,-0.6070733070373535,-0.7987022399902344,0.2288818359375,0.12889504432678223
1,974,9.74,7545.777857303619,7476.4493107795715,7504.536211490631,7417.809069156647,-0.565946102142334,-0.826716423034668,0.20444393157958984,0.12323260307312012
1,975,9.75,7545.25363445282,7475.608289241791,7504.710257053375,7417.925596237183,-0.5242228507995605,-0.8410215377807617,0.17404556274414062,0.11652708053588867
1,976,9.76,7544.769048690796,7474.754899740219,7504.856586456299,7418.033182621002,-0.4845857620239258,-0.8533895015716553,0.14632940292358398,0.10758638381958008
1,977,9.77,7544.324100017548,7473.892122507095,7504.97967004776,7418.135553598404,-0.444948673248291,-0.8627772331237793,0.12308359146118164,0.1023709774017334
1,978,9.78,7543.91223192215,7473.033666610718,7505.073249340057,7418.227791786194,-0.4118680953979492,-0.8584558963775635,0.09357929229736328,0.09223818778991699
1,979,9.790000000000001,7543.511092662811,7472.229897975922,7505.145370960236,7418.304681777954,-0.4011392593383789,-0.8037686347961426,0.07212162017822266,0.0768899917602539
1,980,9.8,7543.1230664253235,7471.419274806976,7505.193650722504,7418.4079468250275,-0.38802623748779297,-0.8106231689453125,0.048279762268066406,0.10326504707336426
1,981,9.81,7542.755901813507,7470.641136169434,7505.224347114563,7418.48886013031,-0.36716461181640625,-0.7781386375427246,0.030696392059326172,0.08091330528259277
1,982,9.82,7542.405128479004,7469.857484102249,7505.238354206085,7418.577075004578,-0.35077333450317383,-0.7836520671844482,0.014007091522216797,0.08821487426757812
1,983,9.83,7542.06657409668,7469.105571508408,7505.241930484772,7418.649643659592,-0.33855438232421875,-0.7519125938415527,0.0035762786865234375,0.07256865501403809
1,984,9.84,7541.737258434296,7468.361854553223,7505.237460136414,7418.725788593292,-0.3293156623840332,-0.7437169551849365,-0.004470348358154297,0.07614493370056152
1,985,9.85,7541.412115097046,7467.650026082993,7505.228519439697,7418.796718120575,-0.32514333724975586,-0.7118284702301025,-0.008940696716308594,0.07092952728271484
1,986,9.86,7541.08339548111,7466.9550359249115,7505.218982696533,7418.869137763977,-0.3287196159362793,-0.6949901580810547,-0.0095367431640625,0.07241964340209961
1,987,9.870000000000001,7540.751099586487,7466.28999710083,7505.210041999817,7418.938875198364,-0.33229589462280273,-0.6650388240814209,-0.008940696716308594,0.06973743438720703
1,988,9.88,7540.407776832581,7465.651631355286,7505.208849906921,7419.010400772095,-0.34332275390625,-0.6383657455444336,-0.0011920928955078125,0.07152557373046875
1,989,9.89,7540.048360824585,7465.038001537323,7505.216300487518,7419.087141752243,-0.35941600799560547,-0.6136298179626465,0.007450580596923828,0.07674098014831543
1,990,9.9,7539.673447608948,7464.434206485748,7505.249977111816,7419.167906045914,-0.37491321563720703,-0.603795051574707,0.0336766242980957,0.0807642936706543
1,991,9.91,7539.281249046326,7463.8281762599945,7505.316138267517,7419.252395629883,-0.3921985626220703,-0.6060302257537842,0.0661611557006836,0.08448958396911621
1,992,9.92,7538.901567459106,7463.265210390091,7505.412995815277,7419.310808181763,-0.3796815872192383,-0.5629658699035645,0.09685754776000977,0.05841255187988281
1,993,9.93,7538.5454297065735,7462.685704231262,7505.562901496887,7419.375777244568,-0.356137752532959,-0.5795061588287354,0.14990568161010742,0.06496906280517578
1,994,9.94,7538.157403469086,7462.157607078552,7505.68300485611,7419.444620609283,-0.38802623748779297,-0.5280971527099609,0.12010335922241211,0.06884336471557617
1,995,9.950000000000001,7537.745237350464,7461.6192281246185,7505.839169025421,7419.516295194626,-0.41216611862182617,-0.5383789539337158,0.15616416931152344,0.07167458534240723
1,996,9.96,7537.297606468201,7461.110353469849,7506.027519702911,7419.599294662476,-0.4476308822631836,-0.5088746547698975,0.18835067749023438,0.08299946784973145
1,997,9.97,7536.816596984863,7460.622638463974,7506.23345375061,7419.692575931549,-0.48100948333740234,-0.4877150058746338,0.2059340476989746,0.09328126907348633
1,998,9.98,7536.304593086243,7460.15340089798,7506.462633609772,7419.794797897339,-0.5120038986206055,-0.4692375659942627,0.22917985916137695,0.10222196578979492
1,999,9.99,7535.775303840637,7459.692806005478,7506.709396839142,7419.948130846024,-0.5292892456054688,-0.46059489250183105,0.2467632293701172,0.15333294868469238
1,1000,10.0,7535.201907157898,7459.253817796707,7506.932020187378,7420.118451118469,-0.5733966827392578,-0.43898820877075195,0.22262334823608398,0.1703202724456787
1,1001,10.01,7534.588575363159,7458.765655755997,7507.174611091614,7420.314848423004,-0.6133317947387695,-0.4881620407104492,0.24259090423583984,0.1963973045349121
1,1002,10.02,7533.943653106689,7458.296567201614,7507.439851760864,7420.52361369133,-0.6449222564697266,-0.4690885543823242,0.2652406692504883,0.20876526832580566
1,1003,10.03,7533.261179924011,7457.84193277359,7507.71164894104,7420.753538608551,-0.6824731826782227,-0.454634428024292,0.27179718017578125,0.22992491722106934
1,1004,10.040000000000001,7532.556653022766,7457.431852817535,7507.988810539246,7420.99329829216,-0.7045269012451172,-0.4100799560546875,0.2771615982055664,0.2397596836090088
1,1005,10.05,7531.837224960327,7457.01789855957,7508.2725286483765,7421.250641345978,-0.7194280624389648,-0.4139542579650879,0.2837181091308594,0.257343053817749
1,1006,10.06,7531.098425388336,7456.601560115814,7508.564889431,7421.499341726303,-0.7387995719909668,-0.4163384437561035,0.292360782623291,0.24870038032531738
1,1007,10.07,7530.356645584106,7456.174343824387,7508.861124515533,7421.756088733673,-0.7417798042297363,-0.4272162914276123,0.2962350845336914,0.2567470073699951
1,1008,10.08,7529.604136943817,7455.749362707138,7509.170770645142,7422.018945217133,-0.7525086402893066,-0.42498111724853516,0.3096461296081543,0.26285648345947266
1,1009,10.09,7528.850436210632,7455.323338508606,7509.479224681854,7422.286570072174,-0.7537007331848145,-0.4260241985321045,0.3084540367126465,0.2676248550415039
1,1010,10.1,7528.094053268433,7454.891055822372,7509.788274765015,7422.561049461365,-0.756382942199707,-0.4322826862335205,0.3090500831604004,0.27447938919067383
1,1011,10.11,7527.34363079071,7454.452812671661,7510.092854499817,7422.835975885391,-0.750422477722168,-0.43824315071105957,0.3045797348022461,0.27492642402648926
1,1012,10.120000000000001,7526.596784591675,7453.969269990921,7510.3941559791565,7423.131316900253,-0.7468461990356445,-0.48354268074035645,0.3013014793395996,0.29534101486206055
1,1013,10.13,7525.865137577057,7453.494071960449,7510.695159435272,7423.4141409397125,-0.7316470146179199,-0.47519803047180176,0.30100345611572266,0.2828240394592285
1,1014,10.14,7525.156736373901,7453.0258774757385,7510.99705696106,7423.6926436424255,-0.7084012031555176,-0.46819448471069336,0.3018975257873535,0.2785027027130127
1,1015,10.15,7524.462342262268,7452.554851770401,7511.288821697235,7423.979938030243,-0.6943941116333008,-0.4710257053375244,0.2917647361755371,0.2872943878173828
1,1016,10.16,7523.79298210144,7452.095597982407,7511.569559574127,7424.2642521858215,-0.6693601608276367,-0.45925378799438477,0.28073787689208984,0.2843141555786133
1,1017,10.17,7523.145079612732,7451.613396406174,7511.834800243378,7424.551248550415,-0.6479024887084961,-0.48220157623291016,0.2652406692504883,0.28699636459350586
1,1018,10.18,7522.548139095306,7451.155334711075,7512.059807777405,7424.7899651527405,-0.5969405174255371,-0.45806169509887695,0.2250075340270996,0.23871660232543945
1,1019,10.19,7522.028386592865,7450.687885284424,7512.275278568268,7424.9811470508575,-0.5197525024414062,-0.467449426651001,0.2154707908630371,0.19118189811706543
1,1020,10.200000000000001,7521.576881408691,7450.191527605057,7512.483298778534,7425.186187028885,-0.451505184173584,-0.49635767936706543,0.20802021026611328,0.20503997802734375
1,1021,10.21,7521.139085292816,7449.7190117836,7512.648403644562,7425.385266542435,-0.43779611587524414,-0.4725158214569092,0.16510486602783203,0.1990795135498047
1,1022,10.22,7520.7337737083435,7449.219822883606,7512.800395488739,7425.59552192688,-0.40531158447265625,-0.4991888999938965,0.1519918441772461,0.21025538444519043
1,1023,10.23,7520.341873168945,7448.7292766571045,7512.9300355911255,7425.813525915146,-0.39190053939819336,-0.49054622650146484,0.1296401023864746,0.2180039882659912
1,1024,10.24,7519.967257976532,7448.228597640991,7513.042092323303,7426.041960716248,-0.3746151924133301,-0.5006790161132812,0.11205673217773438,0.22843480110168457
1,1025,10.25,7519.597411155701,7447.720766067505,7513.139843940735,7426.288425922394,-0.36984682083129883,-0.5078315734863281,0.09775161743164062,0.24646520614624023
1,1026,10.26,7519.2466378211975,7447.224855422974,7513.225376605988,7426.536083221436,-0.35077333450317383,-0.49591064453125,0.08553266525268555,0.24765729904174805
1,1027,10.27,7518.90242099762,7446.724772453308,7513.301372528076,7426.804751157761,-0.34421682357788086,-0.5000829696655273,0.07599592208862305,0.26866793632507324
1,1028,10.28,7518.562078475952,7446.232736110687,7513.367235660553,7427.085340023041,-0.34034252166748047,-0.4920363426208496,0.06586313247680664,0.28058886528015137
1,1029,10.290000000000001,7518.243789672852,7445.761859416962,7513.421177864075,7427.375018596649,-0.31828880310058594,-0.47087669372558594,0.053942203521728516,0.28967857360839844
1,1030,10.3,7517.914772033691,7445.314526557922,7513.476312160492,7427.6962876319885,-0.32901763916015625,-0.44733285903930664,0.05513429641723633,0.32126903533935547
1,1031,10.31,7517.566084861755,7444.897890090942,7513.528764247894,7428.03081870079,-0.34868717193603516,-0.41663646697998047,0.05245208740234375,0.3345310688018799
1,1032,10.32,7517.195343971252,7444.484531879425,7513.581216335297,7428.397387266159,-0.3707408905029297,-0.413358211517334,0.05245208740234375,0.36656856536865234
1,1033,10.33,7516.8052315711975,7444.089502096176,7513.630092144012,7428.784668445587,-0.39011240005493164,-0.39502978324890137,0.04887580871582031,0.3872811794281006
1,1034,10.34,7516.425251960754,7443.662583827972,7513.66913318634,7429.212331771851,-0.37997961044311523,-0.42691826820373535,0.03904104232788086,0.42766332626342773
1,1035,10.35,7516.105771064758,7443.181574344635,7513.658106327057,7429.666817188263,-0.31948089599609375,-0.48100948333740234,-0.011026859283447266,0.4544854164123535
1,1036,10.36,7515.794336795807,7442.717254161835,7513.63605260849,7430.093586444855,-0.311434268951416,-0.46432018280029297,-0.02205371856689453,0.4267692565917969
1,1037,10.370000000000001,7515.487372875214,7442.236244678497,7513.637542724609,7430.572807788849,-0.3069639205932617,-0.48100948333740234,0.0014901161193847656,0.4792213439941406
1,1038,10.38,7515.149116516113,7441.818118095398,7513.652741909027,7431.068122386932,-0.3382563591003418,-0.41812658309936523,0.01519918441772461,0.4953145980834961
1,1039,10.39,7514.7780776023865,7441.359162330627,7513.681352138519,7431.633770465851,-0.37103891372680664,-0.4589557647705078,0.0286102294921875,0.565648078918457
1,1040,10.4,7514.366507530212,7440.987974405289,7513.715028762817,7432.192414999008,-0.41157007217407227,-0.3711879253387451,0.0336766242980957,0.5586445331573486
1,1041,10.41,7513.9012932777405,7440.623939037323,7513.799667358398,7432.805150747299,-0.46521425247192383,-0.36403536796569824,0.08463859558105469,0.6127357482910156
1,1042,10.42,7513.3854150772095,7440.309822559357,7513.892352581024,7433.430552482605,-0.5158782005310059,-0.3141164779663086,0.09268522262573242,0.6254017353057861
1,1043,10.43,7512.814700603485,7440.00717997551,7514.020800590515,7434.087693691254,-0.5707144737243652,-0.3026425838470459,0.1284480094909668,0.6571412086486816
1,1044,10.44,7512.187063694,7439.735233783722,7514.179646968842,7434.768378734589,-0.6276369094848633,-0.2719461917877197,0.15884637832641602,0.6806850433349609
1,1045,10.450000000000001,7511.502206325531,7439.48221206665,7514.369189739227,7435.477077960968,-0.6848573684692383,-0.2530217170715332,0.1895427703857422,0.7086992263793945
1,1046,10.46,7510.763704776764,7439.244240522385,7514.590620994568,7436.210215091705,-0.7385015487670898,-0.23797154426574707,0.22143125534057617,0.7331371307373047
1,1047,10.47,7509.895861148834,7439.045011997223,7514.863014221191,7436.9581043720245,-0.8678436279296875,-0.19922852516174316,0.27239322662353516,0.7478892803192139
1,1048,10.48,7508.984804153442,7438.7966096401215,7515.130043029785,7437.705546617508,-0.9110569953918457,-0.24840235710144043,0.26702880859375,0.7474422454833984
1,1049,10.49,7508.053779602051,7438.548058271408,7515.473663806915,7438.443601131439,-0.9310245513916016,-0.2485513687133789,0.34362077713012695,0.7380545139312744
1,1050,10.5,7507.084608078003,7438.278645277023,7515.820860862732,7439.236044883728,-0.9691715240478516,-0.2694129943847656,0.3471970558166504,0.7924437522888184
1,1051,10.51,7506.0901045799255,7438.009977340698,7516.15971326828,7440.0123953819275,-0.9945034980773926,-0.26866793632507324,0.3388524055480957,0.7763504981994629
1,1052,10.52,7505.079805850983,7437.7210438251495,7516.5656208992,7440.803349018097,-1.010298728942871,-0.28893351554870605,0.40590763092041016,0.7909536361694336
1,1053,10.53,7504.052817821503,7437.457293272018,7516.981065273285,7441.599816083908,-1.0269880294799805,-0.2637505531311035,0.41544437408447266,0.7964670658111572
1,1054,10.540000000000001,7503.0189752578735,7437.172830104828,7517.39889383316,7442.395389080048,-1.0338425636291504,-0.28446316719055176,0.4178285598754883,0.7955729961395264
1,1055,10.55,7501.992583274841,7436.869442462921,7517.821490764618,7443.181127309799,-1.0263919830322266,-0.3033876419067383,0.42259693145751953,0.7857382297515869
1,1056,10.56,7500.976324081421,7436.544448137283,7518.249452114105,7443.962544202805,-1.0162591934204102,-0.3249943256378174,0.4279613494873047,0.7814168930053711
1,1057,10.57,7499.983310699463,7436.20440363884,7518.666982650757,7444.731742143631,-0.9930133819580078,-0.3400444984436035,0.41753053665161133,0.769197940826416
1,1058,10.58,7499.02069568634,7435.846626758575,7519.073486328125,7445.487678050995,-0.9626150131225586,-0.3577768802642822,0.40650367736816406,0.7559359073638916
1,1059,10.59,7498.094886541367,7435.46649813652,7519.463300704956,7446.228116750717,-0.9258091449737549,-0.3801286220550537,0.3898143768310547,0.74043869972229
1,1060,10.6,7497.202455997467,7435.080409049988,7519.822120666504,7446.927726268768,-0.8924305438995361,-0.3860890865325928,0.35881996154785156,0.6996095180511475
1,1061,10.61,7496.363073587418,7434.671074151993,7520.153224468231,7447.626292705536,-0.8393824100494385,-0.4093348979949951,0.3311038017272949,0.6985664367675781
1,1062,10.620000000000001,7495.58225274086,7434.251606464386,7520.45065164566,7448.294758796692,-0.7808208465576172,-0.4194676876068115,0.2974271774291992,0.6684660911560059
1,1063,10.63,7494.859844446182,7433.808445930481,7520.713210105896,7448.945343494415,-0.7224082946777344,-0.4431605339050293,0.2625584602355957,0.6505846977233887
1,1064,10.64,7494.203150272369,7433.364242315292,7520.9373235702515,7449.565976858139,-0.6566941738128662,-0.44420361518859863,0.22411346435546875,0.6206333637237549
1,1065,10.65,7493.600398302078,7432.914227247238,7521.108090877533,7450.180649757385,-0.6027519702911377,-0.4500150680541992,0.17076730728149414,0.6146728992462158
1,1066,10.66,7493.061721324921,7432.474195957184,7521.23087644577,7450.776100158691,-0.5386769771575928,-0.4400312900543213,0.12278556823730469,0.5954504013061523
1,1067,10.67,7492.588013410568,7432.033568620682,7521.30001783371,7451.355457305908,-0.473707914352417,-0.4406273365020752,0.06914138793945312,0.5793571472167969
1,1068,10.68,7492.178529500961,7431.594580411911,7521.317899227142,7451.91216468811,-0.4094839096069336,-0.43898820877075195,0.017881393432617188,0.5567073822021484
1,1069,10.69,7491.832375526428,7431.166023015976,7521.294355392456,7452.444285154343,-0.34615397453308105,-0.4285573959350586,-0.023543834686279297,0.5321204662322998
1,1070,10.700000000000001,7491.540908813477,7430.754899978638,7521.227598190308,7452.961206436157,-0.29146671295166016,-0.41112303733825684,-0.0667572021484375,0.5169212818145752
1,1071,10.71,7491.2989139556885,7430.389225482941,7521.115243434906,7453.441768884659,-0.24199485778808594,-0.3656744956970215,-0.11235475540161133,0.4805624485015869
1,1072,10.72,7491.070777177811,7429.986745119095,7520.953416824341,7453.922927379608,-0.22813677787780762,-0.4024803638458252,-0.16182661056518555,0.4811584949493408
1,1073,10.73,7490.883767604828,7429.654151201248,7520.749270915985,7454.366236925125,-0.18700957298278809,-0.3325939178466797,-0.2041459083557129,0.4433095455169678
1,1074,10.74,7490.721940994263,7429.329305887222,7520.529329776764,7454.818487167358,-0.16182661056518555,-0.3248453140258789,-0.2199411392211914,0.45225024223327637
1,1075,10.75,7490.587681531906,7429.070472717285,7520.27302980423,7455.252707004547,-0.13425946235656738,-0.2588331699371338,-0.2562999725341797,0.4342198371887207
1,1076,10.76,7490.472793579102,7428.8322031497955,7519.995272159576,7455.688714981079,-0.11488795280456543,-0.23826956748962402,-0.2777576446533203,0.4360079765319824
1,1077,10.77,7490.369826555252,7428.640574216843,7519.701719284058,7456.119209527969,-0.1029670238494873,-0.19162893295288086,-0.29355287551879883,0.4304945468902588
1,1078,10.78,7490.285634994507,7428.499758243561,7519.373297691345,7456.539273262024,-0.08419156074523926,-0.14081597328186035,-0.32842159271240234,0.42006373405456543
1,1079,10.790000000000001,7490.207105875015,7428.423166275024,7519.051730632782,7456.935495138168,-0.07852911949157715,-0.07659196853637695,-0.3215670585632324,0.3962218761444092
1,1080,10.8,7490.12365937233,7428.354024887085,7518.737018108368,7457.347810268402,-0.08344650268554688,-0.06914138793945312,-0.3147125244140625,0.41231513023376465
1,1081,10.81,7490.026354789734,7428.350895643234,7518.415153026581,7457.760870456696,-0.0973045825958252,-0.003129243850708008,-0.3218650817871094,0.41306018829345703
1,1082,10.82,7489.905655384064,7428.363859653473,7518.106698989868,7458.199858665466,-0.12069940567016602,0.012964010238647461,-0.3084540367126465,0.43898820877075195
1,1083,10.83,7489.75470662117,7428.430914878845,7517.807483673096,7458.647042512894,-0.15094876289367676,0.06705522537231445,-0.29921531677246094,0.44718384742736816
1,1084,10.84,7489.568442106247,7428.5198748111725,7517.523467540741,7459.1198563575745,-0.1862645149230957,0.08895993232727051,-0.28401613235473633,0.47281384468078613
1,1085,10.85,7489.305734634399,7428.603023290634,7517.27968454361,7459.6428871154785,-0.2627074718475342,0.08314847946166992,-0.24378299713134766,0.5230307579040527
1,1086,10.86,7488.939166069031,7428.677976131439,7517.062127590179,7460.250556468964,-0.36656856536865234,0.07495284080505371,-0.21755695343017578,0.6076693534851074
1,1087,10.870000000000001,7488.480657339096,7428.819090127945,7516.879141330719,7460.886389017105,-0.4585087299346924,0.1411139965057373,-0.18298625946044922,0.6358325481414795
1,1088,10.88,7487.953454256058,7428.974807262421,7516.729831695557,7461.559623479843,-0.5272030830383301,0.155717134475708,-0.14930963516235352,0.6732344627380371
1,1089,10.89,7487.376481294632,7429.156601428986,7516.611814498901,7462.247610092163,-0.5769729614257812,0.1817941665649414,-0.11801719665527344,0.6879866123199463
1,1090,10.9,7486.749887466431,7429.322600364685,7516.534924507141,7462.962120771408,-0.626593828201294,0.1659989356994629,-0.0768899917602539,0.7145106792449951
1,1091,10.91,7486.081123352051,7429.469674825668,7516.494393348694,7463.696300983429,-0.6687641143798828,0.14707446098327637,-0.040531158447265625,0.734180212020874
1,1092,10.92,7485.380172729492,7429.6241998672485,7516.4854526519775,7464.438378810883,-0.7009506225585938,0.1545250415802002,-0.008940696716308594,0.7420778274536133
1,1093,10.93,7484.64822769165,7429.760992527008,7516.51406288147,7465.205937623978,-0.7319450378417969,0.13679265975952148,0.0286102294921875,0.7675588130950928
1,1094,10.94,7483.893036842346,7429.887801408768,7516.5703892707825,7465.984225273132,-0.7551908493041992,0.12680888175964355,0.05632638931274414,0.7782876491546631
1,1095,10.950000000000001,7483.1172823905945,7429.996728897095,7516.654431819916,7466.779798269272,-0.775754451751709,0.10892748832702637,0.08404254913330078,0.7955729961395264
1,1096,10.96,7482.328116893768,7430.080473423004,7516.7664885520935,7467.590272426605,-0.7891654968261719,0.08374452590942383,0.11205673217773438,0.810474157333374
1,1097,10.97,7481.531798839569,7430.142015218735,7516.893744468689,7468.409538269043,-0.7963180541992188,0.06154179573059082,0.12725591659545898,0.8192658424377441
1,1098,10.98,7480.733096599579,7430.174350738525,7517.042458057404,7469.240427017212,-0.7987022399902344,0.032335519790649414,0.1487135887145996,0.8308887481689453
1,1099,10.99,7479.93990778923,7430.180311203003,7517.199814319611,7470.0793623924255,-0.7931888103485107,0.0059604644775390625,0.15735626220703125,0.838935375213623
1,1100,11.0,7479.156851768494,7430.1497638225555,7517.367899417877,7470.926493406296,-0.7830560207366943,-0.030547380447387695,0.16808509826660156,0.8471310138702393
1,1101,11.01,7478.391230106354,7430.093288421631,7517.538070678711,7471.778094768524,-0.7656216621398926,-0.05647540092468262,0.17017126083374023,0.8516013622283936
1,1102,11.02,7477.6482582092285,7430.000007152557,7517.711818218231,7472.63491153717,-0.7429718971252441,-0.09328126907348633,0.17374753952026367,0.8568167686462402
1,1103,11.03,7476.931810379028,7429.879456758499,7517.878413200378,7473.491430282593,-0.7164478302001953,-0.12055039405822754,0.1665949821472168,0.8565187454223633
1,1104,11.040000000000001,7476.256489753723,7429.71807718277,7518.029808998108,7474.350333213806,-0.6753206253051758,-0.16137957572937012,0.1513957977294922,0.8589029312133789
1,1105,11.05,7475.712299346924,7429.45060133934,7518.048584461212,7475.132048130035,-0.5441904067993164,-0.26747584342956543,0.018775463104248047,0.781714916229248
1,1106,11.06,7475.208938121796,7429.143786430359,7518.090903759003,7475.887686014175,-0.5033612251281738,-0.30681490898132324,0.042319297790527344,0.7556378841400146
1,1107,11.07,7474.813163280487,7428.78258228302,7518.106997013092,7476.674914360046,-0.39577484130859375,-0.3612041473388672,0.01609325408935547,0.7872283458709717
1,1108,11.08,7474.473714828491,7428.393512964249,7518.1180238723755,7477.444410324097,-0.3394484519958496,-0.3890693187713623,0.011026859283447266,0.769495964050293
1,1109,11.09,7474.193871021271,7427.995055913925,7518.1204080581665,7478.2028794288635,-0.279843807220459,-0.39845705032348633,0.002384185791015625,0.7584691047668457
1,1110,11.1,7473.952770233154,7427.59495973587,7518.0816650390625,7478.936165571213,-0.24110078811645508,-0.40009617805480957,-0.038743019104003906,0.7332861423492432
1,1111,11.11,7473.757863044739,7427.161335945129,7518.039643764496,7479.66080904007,-0.19490718841552734,-0.4336237907409668,-0.04202127456665039,0.7246434688568115
1,1112,11.120000000000001,7473.5866487026215,7426.749020814896,7517.973482608795,7480.38113117218,-0.17121434211730957,-0.41231513023376465,-0.0661611557006836,0.7203221321105957
1,1113,11.13,7473.451197147369,7426.3980984687805,7517.8587436676025,7481.0802936553955,-0.1354515552520752,-0.3509223461151123,-0.11473894119262695,0.699162483215332
1,1114,11.14,7473.333179950714,7426.07980966568,7517.745494842529,7481.775283813477,-0.11801719665527344,-0.31828880310058594,-0.11324882507324219,0.6949901580810547
1,1115,11.15,7473.218888044357,7425.779104232788,7517.612278461456,7482.48428106308,-0.11429190635681152,-0.3007054328918457,-0.13321638107299805,0.7089972496032715
1,1116,11.16,7473.104000091553,7425.510138273239,7517.4519419670105,7483.177334070206,-0.11488795280456543,-0.2689659595489502,-0.16033649444580078,0.6930530071258545
1,1117,11.17,7472.975850105286,7425.271421670914,7517.315447330475,7483.877539634705,-0.12814998626708984,-0.23871660232543945,-0.13649463653564453,0.7002055644989014
1,1118,11.18,7472.820281982422,7425.087541341782,7517.170011997223,7484.588921070099,-0.15556812286376953,-0.18388032913208008,-0.14543533325195312,0.7113814353942871
1,1119,11.19,7472.636699676514,7424.943894147873,7517.024576663971,7485.303580760956,-0.18358230590820312,-0.1436471939086914,-0.14543533325195312,0.7146596908569336
1,1120,11.200000000000001,7472.420334815979,7424.84524846077,7516.890168190002,7486.025094985962,-0.21636486053466797,-0.09864568710327148,-0.13440847396850586,0.7215142250061035
1,1121,11.21,7472.163885831833,7424.786984920502,7516.76082611084,7486.750930547714,-0.25644898414611816,-0.058263540267944336,-0.12934207916259766,0.7258355617523193
1,1122,11.22,7471.867799758911,7424.774318933487,7516.64936542511,7487.481534481049,-0.29608607292175293,-0.012665987014770508,-0.11146068572998047,0.7306039333343506
1,1123,11.23,7471.529692411423,7424.802184104919,7516.551911830902,7488.216459751129,-0.3381073474884033,0.027865171432495117,-0.09745359420776367,0.7349252700805664
1,1124,11.24,7471.147775650024,7424.871176481247,7516.472637653351,7488.954961299896,-0.38191676139831543,0.06899237632751465,-0.07927417755126953,0.7385015487670898
1,1125,11.25,7470.723390579224,7424.976825714111,7516.41571521759,7489.695996046066,-0.42438507080078125,0.10564923286437988,-0.05692243576049805,0.741034746170044
1,1126,11.26,7470.255792140961,7425.11659860611,7516.37876033783,7490.4389679431915,-0.46759843826293945,0.13977289199829102,-0.03695487976074219,0.7429718971252441
1,1127,11.27,7469.747513532639,7425.288558006287,7516.3620710372925,7491.182088851929,-0.5082786083221436,0.17195940017700195,-0.016689300537109375,0.7431209087371826
1,1128,11.28,7469.201982021332,7425.487786531448,7516.366243362427,7491.9262528419495,-0.5455315113067627,0.19922852516174316,0.004172325134277344,0.744163990020752
1,1129,11.290000000000001,7468.634247779846,7425.748109817505,7516.370415687561,7492.648959159851,-0.5677342414855957,0.26032328605651855,0.004172325134277344,0.7227063179016113
1,1130,11.3,7468.020468950272,7426.0565638542175,7516.420483589172,7493.374943733215,-0.613778829574585,0.3084540367126465,0.050067901611328125,0.7259845733642578
1,1131,11.31,7467.372417449951,7426.368445158005,7516.468465328217,7494.110465049744,-0.6480515003204346,0.31188130378723145,0.04798173904418945,0.7355213165283203
1,1132,11.32,7466.701716184616,7426.695376634598,7516.525983810425,7494.824826717377,-0.670701265335083,0.3269314765930176,0.05751848220825195,0.7143616676330566
1,1133,11.33,7466.019093990326,7427.007555961609,7516.5945291519165,7495.542466640472,-0.6826221942901611,0.3121793270111084,0.06854534149169922,0.7176399230957031
1,1134,11.34,7465.3200805187225,7427.331805229187,7516.666054725647,7496.2493777275085,-0.6990134716033936,0.324249267578125,0.07152557373046875,0.7069110870361328
1,1135,11.35,7464.621365070343,7427.6480078697205,7516.74622297287,7496.957331895828,-0.6987154483795166,0.31620264053344727,0.08016824722290039,0.7079541683197021
1,1136,11.36,7463.934272527695,7427.968084812164,7516.8463587760925,7497.648447751999,-0.6870925426483154,0.32007694244384766,0.10013580322265625,0.6911158561706543
1,1137,11.370000000000001,7463.271468877792,7428.214848041534,7516.914010047913,7498.339116573334,-0.6628036499023438,0.2467632293701172,0.06765127182006836,0.6906688213348389
1,1138,11.38,7462.609261274338,7428.420782089233,7516.956925392151,7499.020844697952,-0.6622076034545898,0.2059340476989746,0.04291534423828125,0.6817281246185303
1,1139,11.39,7461.97909116745,7428.638190031052,7517.033517360687,7499.694377183914,-0.6301701068878174,0.2174079418182373,0.07659196853637695,0.6735324859619141
1,1140,11.4,7461.379766464233,7428.887039422989,7517.074644565582,7500.356137752533,-0.5993247032165527,0.24884939193725586,0.04112720489501953,0.6617605686187744
1,1141,11.41,7460.896223783493,7429.1011691093445,7517.061531543732,7500.97930431366,-0.48354268074035645,0.21412968635559082,-0.013113021850585938,0.623166561126709
1,1142,11.42,7460.450083017349,7429.354786872864,7517.0475244522095,7501.570284366608,-0.44614076614379883,0.2536177635192871,-0.014007091522216797,0.590980052947998
1,1143,11.43,7460.075467824936,7429.540604352951,7516.953945159912,7502.184212207794,-0.3746151924133301,0.18581748008728027,-0.09357929229736328,0.6139278411865234
1,1144,11.44,7459.75598692894,7429.739683866501,7516.843676567078,7502.75045633316,-0.31948089599609375,0.1990795135498047,-0.11026859283447266,0.5662441253662109
1,1145,11.450000000000001,7459.485232830048,7429.90717291832,7516.70241355896,7503.336071968079,-0.2707540988922119,0.16748905181884766,-0.14126300811767578,0.5856156349182129
1,1146,11.46,7459.258884191513,7430.102378129959,7516.517639160156,7503.902018070221,-0.2263486385345459,0.1952052116394043,-0.18477439880371094,0.565946102142334
1,1147,11.47,7459.080517292023,7430.29460310936,7516.284286975861,7504.476308822632,-0.17836689949035645,0.19222497940063477,-0.2333521842956543,0.5742907524108887
1,1148,11.48,7458.936274051666,7430.496066808701,7516.019940376282,7505.048513412476,-0.1442432403564453,0.2014636993408203,-0.2643465995788574,0.57220458984375
1,1149,11.49,7458.805292844772,7430.7981133461,7515.760660171509,7505.565583705902,-0.1309812068939209,0.302046537399292,-0.2592802047729492,0.5170702934265137
1,1150,11.5,7458.740025758743,7431.1283230781555,7515.497207641602,7506.059408187866,-0.06526708602905273,0.33020973205566406,-0.26345252990722656,0.49382448196411133
1,1151,11.51,7458.73361825943,7431.4530193805695,7515.191733837128,7506.551444530487,-0.006407499313354492,0.32469630241394043,-0.30547380447387695,0.4920363426208496
1,1152,11.52,7458.743304014206,7431.766390800476,7514.870166778564,7507.045269012451,0.009685754776000977,0.3133714199066162,-0.3215670585632324,0.49382448196411133
1,1153,11.53,7458.767294883728,7432.087361812592,7514.528036117554,7507.54326581955,0.023990869522094727,0.3209710121154785,-0.3421306610107422,0.49799680709838867
1,1154,11.540000000000001,7458.81661772728,7432.421445846558,7514.168620109558,7508.053481578827,0.04932284355163574,0.33408403396606445,-0.35941600799560547,0.5102157592773438
1,1155,11.55,7458.876222372055,7432.755380868912,7513.801157474518,7508.573830127716,0.059604644775390625,0.333935022354126,-0.3674626350402832,0.5203485488891602
1,1156,11.56,7458.941638469696,7433.099299669266,7513.425648212433,7509.1105699539185,0.06541609764099121,0.3439188003540039,-0.37550926208496094,0.5367398262023926
1,1157,11.57,7459.002733230591,7433.452904224396,7513.047754764557,7509.666085243225,0.06109476089477539,0.3536045551300049,-0.37789344787597656,0.5555152893066406
1,1158,11.58,7459.059953689575,7433.819770812988,7512.659728527069,7510.2269649505615,0.057220458984375,0.3668665885925293,-0.38802623748779297,0.5608797073364258
1,1159,11.59,7459.117025136948,7434.190362691879,7512.261271476746,7510.7890367507935,0.05707144737243652,0.3705918788909912,-0.39845705032348633,0.5620718002319336
1,1160,11.6,7459.171116352081,7434.551864862442,7511.864602565765,7511.376440525055,0.05409121513366699,0.36150217056274414,-0.3966689109802246,0.5874037742614746
1,1161,11.61,7459.202259778976,7434.932887554169,7511.478066444397,7511.984407901764,0.0311434268951416,0.38102269172668457,-0.3865361213684082,0.6079673767089844
1,1162,11.620000000000001,7459.200918674469,7435.313314199448,7511.1159682273865,7512.625753879547,-0.001341104507446289,0.38042664527893066,-0.36209821701049805,0.6413459777832031
1,1163,11.63,7459.163963794708,7435.712069272995,7510.770261287689,7513.286769390106,-0.03695487976074219,0.3987550735473633,-0.3457069396972656,0.661015510559082
1,1164,11.64,7459.083795547485,7436.109632253647,7510.4570388793945,7513.978183269501,-0.08016824722290039,0.39756298065185547,-0.31322240829467773,0.6914138793945312
1,1165,11.65,7458.962649106979,7436.51881814003,7510.169446468353,7514.69224691391,-0.12114644050598145,0.40918588638305664,-0.28759241104125977,0.7140636444091797
1,1166,11.66,7458.785772323608,7436.930984258652,7509.919106960297,7515.427768230438,-0.17687678337097168,0.41216611862182617,-0.2503395080566406,0.7355213165283203
1,1167,11.67,7458.559721708298,7437.356263399124,7509.71257686615,7516.182363033295,-0.22605061531066895,0.4252791404724121,-0.20653009414672852,0.7545948028564453
1,1168,11.68,7458.283454179764,7437.780201435089,7509.556710720062,7516.96914434433,-0.27626752853393555,0.4239380359649658,-0.15586614608764648,0.7867813110351562
1,1169,11.69,7457.9596519470215,7438.206076622009,7509.438395500183,7517.775893211365,-0.32380223274230957,0.425875186920166,-0.11831521987915039,0.8067488670349121
1,1170,11.700000000000001,7457.591742277145,7438.617944717407,7509.360611438751,7518.599033355713,-0.36790966987609863,0.4118680953979492,-0.07778406143188477,0.8231401443481445
1,1171,11.71,7457.182556390762,7439.010888338089,7509.347498416901,7519.43826675415,-0.40918588638305664,0.3929436206817627,-0.013113021850585938,0.8392333984375
1,1172,11.72,7456.7437171936035,7439.367026090622,7509.406208992004,7520.286738872528,-0.4388391971588135,0.356137752532959,0.058710575103759766,0.8484721183776855
1,1173,11.73,7456.314414739609,7439.678311347961,7509.465217590332,7521.13550901413,-0.429302453994751,0.31128525733947754,0.05900859832763672,0.8487701416015625
1,1174,11.74,7455.885708332062,7439.970523118973,7509.588003158569,7521.976828575134,-0.42870640754699707,0.29221177101135254,0.12278556823730469,0.8413195610046387
1,1175,11.75,7455.452680587769,7440.2230978012085,7509.7304582595825,7522.838413715363,-0.4330277442932129,0.2525746822357178,0.1424551010131836,0.8615851402282715
1,1176,11.76,7455.026060342789,7440.469861030579,7509.889006614685,7523.678839206696,-0.4266202449798584,0.2467632293701172,0.15854835510253906,0.8404254913330078
1,1177,11.77,7454.609125852585,7440.701723098755,7510.060369968414,7524.528503417969,-0.4169344902038574,0.23186206817626953,0.17136335372924805,0.8496642112731934
1,1178,11.78,7454.1692435741425,7440.951764583588,7510.257065296173,7525.389194488525,-0.4398822784423828,0.25004148483276367,0.19669532775878906,0.8606910705566406
1,1179,11.790000000000001,7453.756183385849,7441.208064556122,7510.474622249603,7526.252269744873,-0.41306018829345703,0.2562999725341797,0.21755695343017578,0.8630752563476562
1,1180,11.8,7453.373074531555,7441.43009185791,7510.697245597839,7527.086436748505,-0.38310885429382324,0.22202730178833008,0.22262334823608398,0.8341670036315918
1,1181,11.81,7453.00680398941,7441.6384100914,7510.911524295807,7527.900040149689,-0.3662705421447754,0.20831823348999023,0.2142786979675293,0.813603401184082
1,1182,11.82,7452.657520771027,7441.811263561249,7511.1323595047,7528.7070870399475,-0.34928321838378906,0.1728534698486328,0.22083520889282227,0.8070468902587891
1,1183,11.83,7452.330440282822,7441.980838775635,7511.341571807861,7529.498934745789,-0.32708048820495605,0.16957521438598633,0.2092123031616211,0.7918477058410645
1,1184,11.84,7452.036887407303,7442.140877246857,7511.535584926605,7530.266046524048,-0.29355287551879883,0.16003847122192383,0.19401311874389648,0.7671117782592773
1,1185,11.85,7451.7689645290375,7442.2986805438995,7511.717975139618,7531.005442142487,-0.26792287826538086,0.15780329704284668,0.1823902130126953,0.7393956184387207
1,1186,11.86,7451.513707637787,7442.4996972084045,7511.885166168213,7531.652450561523,-0.25525689125061035,0.20101666450500488,0.1671910285949707,0.6470084190368652
1,1187,11.870000000000001,7451.292127370834,7442.665696144104,7512.049674987793,7532.331943511963,-0.22158026695251465,0.1659989356994629,0.16450881958007812,0.6794929504394531
1,1188,11.88,7451.107054948807,7442.870587110519,7512.18318939209,7532.972693443298,-0.1850724220275879,0.20489096641540527,0.133514404296875,0.6407499313354492
1,1189,11.89,7450.9623646736145,7443.065643310547,7512.2785568237305,7533.581256866455,-0.14469027519226074,0.19505620002746582,0.095367431640625,0.6085634231567383
1,1190,11.9,7450.862377882004,7443.274259567261,7512.345910072327,7534.154951572418,-0.09998679161071777,0.2086162567138672,0.0673532485961914,0.5736947059631348
1,1191,11.91,7450.80292224884,7443.495690822601,7512.379586696625,7534.702122211456,-0.05945563316345215,0.22143125534057617,0.0336766242980957,0.5471706390380859
1,1192,11.92,7450.790703296661,7443.724870681763,7512.374818325043,7535.223662853241,-0.012218952178955078,0.22917985916137695,-0.00476837158203125,0.521540641784668
1,1193,11.93,7450.818717479706,7443.977892398834,7512.331902980804,7535.7189774513245,0.028014183044433594,0.2530217170715332,-0.04291534423828125,0.4953145980834961
1,1194,11.94,7450.888901948929,7444.251924753189,7512.25084066391,7536.1862778663635,0.07018446922302246,0.2740323543548584,-0.08106231689453125,0.4673004150390625
1,1195,11.950000000000001,7450.995892286301,7444.558888673782,7512.133419513702,7536.624073982239,0.10699033737182617,0.3069639205932617,-0.11742115020751953,0.43779611587524414
1,1196,11.96,7451.139390468597,7444.891482591629,7511.981129646301,7537.04160451889,0.14349818229675293,0.3325939178466797,-0.15228986740112305,0.41753053665161133
1,1197,11.97,7451.317757368088,7445.267885923386,7511.801719665527,7537.420690059662,0.17836689949035645,0.3764033317565918,-0.17940998077392578,0.3790855407714844
1,1198,11.98,7451.5266716480255,7445.676177740097,7511.591613292694,7537.775933742523,0.20891427993774414,0.4082918167114258,-0.21010637283325195,0.3552436828613281
1,1199,11.99,7451.760917901993,7446.126341819763,7511.346638202667,7538.104057312012,0.23424625396728516,0.4501640796661377,-0.24497509002685547,0.3281235694885254
1,1200,12.0,7452.013194561005,7446.606159210205,7511.072754859924,7538.412511348724,0.2522766590118408,0.47981739044189453,-0.2738833427429199,0.3084540367126465
1,1201,12.01,7452.278733253479,7447.13231921196,7510.770559310913,7538.699805736542,0.26553869247436523,0.5261600017547607,-0.30219554901123047,0.2872943878173828
1,1202,12.02,7452.55321264267,7447.695732116699,7510.443925857544,7538.973391056061,0.27447938919067383,0.5634129047393799,-0.3266334533691406,0.27358531951904297
1,1203,12.030000000000001,7452.830225229263,7448.296695947647,7510.099709033966,7539.234757423401,0.27701258659362793,0.600963830947876,-0.34421682357788086,0.2613663673400879
1,1204,12.040000000000001,7453.106939792633,7448.9253759384155,7509.744465351105,7539.48450088501,0.276714563369751,0.6286799907684326,-0.3552436828613281,0.24974346160888672
1,1205,12.05,7453.384548425674,7449.5938420295715,7509.368658065796,7539.718151092529,0.27760863304138184,0.6684660911560059,-0.3758072853088379,0.23365020751953125
1,1206,12.06,7453.650236129761,7450.298368930817,7508.997321128845,7539.944052696228,0.2656877040863037,0.7045269012451172,-0.3713369369506836,0.22590160369873047
1,1207,12.07,7453.900873661041,7451.0423839092255,7508.618533611298,7540.168762207031,0.2506375312805176,0.7440149784088135,-0.3787875175476074,0.22470951080322266
1,1208,12.08,7454.131990671158,7451.819479465485,7508.236467838287,7540.391683578491,0.23111701011657715,0.7770955562591553,-0.3820657730102539,0.22292137145996094
1,1209,12.09,7454.339116811752,7452.625036239624,7507.860064506531,7540.611028671265,0.20712614059448242,0.8055567741394043,-0.3764033317565918,0.2193450927734375
1,1210,12.1,7454.517632722855,7453.459054231644,7507.492005825043,7540.833652019501,0.17851591110229492,0.8340179920196533,-0.3680586814880371,0.22262334823608398
1,1211,12.11,7454.666048288345,7454.314827919006,7507.135570049286,7541.061639785767,0.14841556549072266,0.8557736873626709,-0.35643577575683594,0.22798776626586914
1,1212,12.120000000000001,7454.783022403717,7455.191910266876,7506.7901611328125,7541.29558801651,0.1169741153717041,0.877082347869873,-0.34540891647338867,0.2339482307434082
1,1213,12.13,7454.867213964462,7456.081956624985,7506.465315818787,7541.533708572388,0.08419156074523926,0.8900463581085205,-0.3248453140258789,0.23812055587768555
1,1214,12.14,7454.914003610611,7456.982433795929,7506.159245967865,7541.784644126892,0.04678964614868164,0.9004771709442139,-0.30606985092163086,0.25093555450439453
1,1215,12.15,7454.919517040253,7457.912564277649,7505.893111228943,7542.026340961456,0.005513429641723633,0.9301304817199707,-0.26613473892211914,0.24169683456420898
1,1216,12.16,7454.891204833984,7458.828836679459,7505.643963813782,7542.286515235901,-0.028312206268310547,0.9162724018096924,-0.2491474151611328,0.2601742744445801
1,1217,12.17,7454.835474491119,7459.738999605179,7505.421042442322,7542.547583580017,-0.055730342864990234,0.9101629257202148,-0.22292137145996094,0.26106834411621094
1,1218,12.18,7454.750239849091,7460.629492998123,7505.228817462921,7542.82534122467,-0.0852346420288086,0.8904933929443359,-0.19222497940063477,0.2777576446533203
1,1219,12.19,7454.6389281749725,7461.506128311157,7505.063414573669,7543.114721775055,-0.11131167411804199,0.8766353130340576,-0.16540288925170898,0.2893805503845215
1,1220,12.200000000000001,7454.5058608055115,7462.358325719833,7504.92125749588,7543.4160232543945,-0.13306736946105957,0.8521974086761475,-0.14215707778930664,0.3013014793395996
1,1221,12.21,7454.382628202438,7463.163882493973,7504.765689373016,7543.748617172241,-0.12323260307312012,0.8055567741394043,-0.15556812286376953,0.3325939178466797
1,1222,12.22,7454.232424497604,7463.970929384232,7504.653334617615,7544.089555740356,-0.15020370483398438,0.8070468902587891,-0.11235475540161133,0.3409385681152344
1,1223,12.23,7454.059720039368,7464.755177497864,7504.559755325317,7544.455528259277,-0.17270445823669434,0.7842481136322021,-0.09357929229736328,0.36597251892089844
1,1224,12.24,7453.901171684265,7465.502470731735,7504.49001789093,7544.828355312347,-0.15854835510253906,0.74729323387146,-0.06973743438720703,0.37282705307006836
1,1225,12.25,7453.745901584625,7466.215342283249,7504.425048828125,7545.203864574432,-0.15527009963989258,0.7128715515136719,-0.06496906280517578,0.37550926208496094
1,1226,12.26,7453.600615262985,7466.876804828644,7504.373490810394,7545.584440231323,-0.14528632164001465,0.6614625453948975,-0.05155801773071289,0.38057565689086914
1,1227,12.27,7453.4788727760315,7467.494457960129,7504.331171512604,7545.96471786499,-0.12174248695373535,0.6176531314849854,-0.042319297790527344,0.3802776336669922
1,1228,12.280000000000001,7453.373968601227,7468.083202838898,7504.303455352783,7546.346187591553,-0.1049041748046875,0.5887448787689209,-0.02771615982055664,0.3814697265625
1,1229,12.290000000000001,7453.290224075317,7468.612194061279,7504.280805587769,7546.7464327812195,-0.08374452590942383,0.5289912223815918,-0.022649765014648438,0.40024518966674805
1,1230,12.3,7453.225553035736,7469.116151332855,7504.258751869202,7547.147274017334,-0.06467103958129883,0.5039572715759277,-0.02205371856689453,0.40084123611450195
1,1231,12.31,7453.198134899139,7469.556033611298,7504.2277574539185,7547.568082809448,-0.027418136596679688,0.4398822784423828,-0.030994415283203125,0.4208087921142578
1,1232,12.32,7453.270852565765,7469.896674156189,7504.127621650696,7548.0106472969055,0.07271766662597656,0.3406405448913574,-0.10013580322265625,0.4425644874572754
1,1233,12.33,7453.388273715973,7470.21496295929,7504.006624221802,7548.404633998871,0.11742115020751953,0.31828880310058594,-0.12099742889404297,0.39398670196533203
1,1234,12.34,7453.555315732956,7470.470815896988,7503.88503074646,7548.836767673492,0.16704201698303223,0.25585293769836426,-0.12159347534179688,0.43213367462158203
1,1235,12.35,7453.745752573013,7470.75155377388,7503.757476806641,7549.264430999756,0.19043684005737305,0.28073787689208984,-0.12755393981933594,0.42766332626342773
1,1236,12.36,7453.947961330414,7471.011579036713,7503.612041473389,7549.711763858795,0.2022087574005127,0.2600252628326416,-0.14543533325195312,0.44733285903930664
1,1237,12.370000000000001,7454.155087471008,7471.285164356232,7503.455877304077,7550.157010555267,0.20712614059448242,0.27358531951904297,-0.15616416931152344,0.44524669647216797
1,1238,12.38,7454.360723495483,7471.558004617691,7503.294050693512,7550.6192445755005,0.20563602447509766,0.2728402614593506,-0.16182661056518555,0.4622340202331543
1,1239,12.39,7454.559653997421,7471.839785575867,7503.110468387604,7551.0746240615845,0.1989305019378662,0.2817809581756592,-0.18358230590820312,0.4553794860839844
1,1240,12.4,7454.738914966583,7472.158223390579,7502.9414892196655,7551.550567150116,0.1792609691619873,0.3184378147125244,-0.16897916793823242,0.47594308853149414
1,1241,12.41,7454.913705587387,7472.503483295441,7502.755224704742,7552.016973495483,0.174790620803833,0.3452599048614502,-0.1862645149230957,0.46640634536743164
1,1242,12.42,7455.077618360519,7472.900897264481,7502.565085887909,7552.456557750702,0.16391277313232422,0.397413969039917,-0.1901388168334961,0.43958425521850586
1,1243,12.43,7455.213218927383,7473.287880420685,7502.413988113403,7552.929520606995,0.13560056686401367,0.38698315620422363,-0.15109777450561523,0.4729628562927246
1,1244,12.44,7455.32214641571,7473.75026345253,7502.264380455017,7553.3804297447205,0.10892748832702637,0.4623830318450928,-0.14960765838623047,0.4509091377258301
1,1245,12.450000000000001,7455.400973558426,7474.211901426315,7502.1156668663025,7553.855180740356,0.0788271427154541,0.4616379737854004,-0.1487135887145996,0.47475099563598633
1,1246,12.46,7455.434799194336,7474.71809387207,7501.966059207916,7554.318904876709,0.03382563591003418,0.5061924457550049,-0.14960765838623047,0.46372413635253906
1,1247,12.47,7455.423027276993,7475.272119045258,7501.838505268097,7554.788887500763,-0.011771917343139648,0.5540251731872559,-0.12755393981933594,0.4699826240539551
1,1248,12.48,7455.370873212814,7475.873678922653,7501.729428768158,7555.257976055145,-0.0521540641784668,0.6015598773956299,-0.10907649993896484,0.4690885543823242
1,1249,12.49,7455.278038978577,7476.503700017929,7501.630783081055,7555.718421936035,-0.0928342342376709,0.6300210952758789,-0.09864568710327148,0.4604458808898926
1,1250,12.5,7455.152273178101,7477.161884307861,7501.550316810608,7556.167542934418,-0.12576580047607422,0.658184289932251,-0.08046627044677734,0.44912099838256836
1,1251,12.51,7454.993724822998,7477.839887142181,7501.490116119385,7556.611597537994,-0.15854835510253906,0.6780028343200684,-0.06020069122314453,0.44405460357666016
1,1252,12.52,7454.807162284851,7478.546053171158,7501.442730426788,7557.039558887482,-0.18656253814697266,0.7061660289764404,-0.04738569259643555,0.4279613494873047
1,1253,12.530000000000001,7454.589903354645,7479.256689548492,7501.423358917236,7557.456493377686,-0.21725893020629883,0.7106363773345947,-0.019371509552001953,0.4169344902038574
1,1254,12.540000000000001,7454.357892274857,7479.96523976326,7501.398324966431,7557.843923568726,-0.232011079788208,0.708550214767456,-0.025033950805664062,0.38743019104003906
1,1255,12.55,7454.1135132312775,7480.673044919968,7501.363754272461,7558.228969573975,-0.24437904357910156,0.7078051567077637,-0.03457069396972656,0.38504600524902344
1,1256,12.56,7453.86466383934,7481.441050767899,7501.367926597595,7558.580636978149,-0.24884939193725586,0.7680058479309082,0.004172325134277344,0.3516674041748047
1,1257,12.57,7453.62251996994,7482.23289847374,7501.358389854431,7558.929324150085,-0.24214386940002441,0.7918477058410645,-0.0095367431640625,0.34868717193603516
1,1258,12.58,7453.39959859848,7483.04545879364,7501.324415206909,7559.250593185425,-0.22292137145996094,0.8125603199005127,-0.033974647521972656,0.32126903533935547
1,1259,12.59,7453.205734491348,7483.831495046616,7501.302659511566,7559.540271759033,-0.193864107131958,0.7860362529754639,-0.021755695343017578,0.28967857360839844
1,1260,12.6,7453.032284975052,7484.617531299591,7501.264810562134,7559.8156452178955,-0.17344951629638672,0.7860362529754639,-0.03784894943237305,0.2753734588623047
1,1261,12.61,7452.885806560516,7485.395669937134,7501.218318939209,7560.071647167206,-0.14647841453552246,0.7781386375427246,-0.04649162292480469,0.25600194931030273
1,1262,12.620000000000001,7452.770173549652,7486.164271831512,7501.153945922852,7560.310959815979,-0.11563301086425781,0.7686018943786621,-0.06437301635742188,0.23931264877319336
1,1263,12.63,7452.7135491371155,7486.864924430847,7501.020431518555,7560.499310493469,-0.056624412536621094,0.7006525993347168,-0.133514404296875,0.18835067749023438
1,1264,12.64,7452.700734138489,7487.504482269287,7500.850260257721,7560.653984546661,-0.012814998626708984,0.6395578384399414,-0.17017126083374023,0.15467405319213867
1,1265,12.65,7452.740669250488,7488.125711679459,7500.6696581840515,7560.814023017883,0.03993511199951172,0.6212294101715088,-0.1806020736694336,0.16003847122192383
1,1266,12.66,7452.830821275711,7488.7630343437195,7500.457167625427,7560.967803001404,0.09015202522277832,0.6373226642608643,-0.21249055862426758,0.1537799835205078
1,1267,12.67,7452.960014343262,7489.4095957279205,7500.227689743042,7561.109662055969,0.12919306755065918,0.6465613842010498,-0.2294778823852539,0.1418590545654297
1,1268,12.68,7453.126311302185,7490.037977695465,7499.970197677612,7561.241984367371,0.16629695892333984,0.6283819675445557,-0.2574920654296875,0.1323223114013672
1,1269,12.69,7453.307956457138,7490.736693143845,7499.652206897736,7561.3027811050415,0.18164515495300293,0.6987154483795166,-0.317990779876709,0.06079673767089844
1,1270,12.700000000000001,7453.500479459763,7491.447329521179,7499.321103096008,7561.357617378235,0.19252300262451172,0.7106363773345947,-0.3311038017272949,0.054836273193359375
1,1271,12.71,7453.722953796387,7492.151260375977,7498.978078365326,7561.426758766174,0.2224743366241455,0.7039308547973633,-0.34302473068237305,0.06914138793945312
1,1272,12.72,7453.949600458145,7492.9288029670715,7498.606741428375,7561.469376087189,0.22664666175842285,0.7775425910949707,-0.3713369369506836,0.0426173210144043
1,1273,12.73,7454.188168048859,7493.718266487122,7498.193979263306,7561.525106430054,0.23856759071350098,0.7894635200500488,-0.4127621650695801,0.055730342864990234
1,1274,12.74,7454.44655418396,7494.518160820007,7497.755736112595,7561.5715980529785,0.25838613510131836,0.7998943328857422,-0.43824315071105957,0.04649162292480469
1,1275,12.75,7454.715669155121,7495.24787068367,7497.291415929794,7561.644613742828,0.26911497116088867,0.7297098636627197,-0.46432018280029297,0.07301568984985352
1,1276,12.76,7455.007880926132,7496.090978384018,7496.826350688934,7561.666965484619,0.29221177101135254,0.8431077003479004,-0.46506524085998535,0.022351741790771484
1,1277,12.77,7455.299496650696,7496.892958879471,7496.358156204224,7561.742067337036,0.29161572456359863,0.8019804954528809,-0.46819448471069336,0.07510185241699219
1,1278,12.780000000000001,7455.586344003677,7497.754245996475,7495.86284160614,7561.790943145752,0.2868473529815674,0.8612871170043945,-0.4953145980834961,0.04887580871582031
1,1279,12.790000000000001,7455.862462520599,7498.601675033569,7495.3775107860565,7561.863660812378,0.27611851692199707,0.8474290370941162,-0.48533082008361816,0.07271766662597656
1,1280,12.8,7456.12233877182,7499.48114156723,7494.893968105316,7561.94531917572,0.2598762512207031,0.8794665336608887,-0.48354268074035645,0.08165836334228516
1,1281,12.81,7456.361651420593,7500.368058681488,7494.408041238785,7562.046647071838,0.23931264877319336,0.8869171142578125,-0.48592686653137207,0.10132789611816406
1,1282,12.82,7456.585764884949,7501.267790794373,7493.9291179180145,7562.150359153748,0.22411346435546875,0.8997321128845215,-0.47892332077026367,0.10371208190917969
1,1283,12.83,7456.778436899185,7502.175569534302,7493.45064163208,7562.275528907776,0.1926720142364502,0.9077787399291992,-0.47847628593444824,0.1251697540283203
1,1284,12.84,7456.942647695541,7503.069341182709,7492.975443601608,7562.4290108680725,0.16421079635620117,0.8937716484069824,-0.47519803047180176,0.15348196029663086
1,1285,12.85,7457.087337970734,7503.975629806519,7492.512911558151,7562.591731548309,0.14469027519226074,0.9062886238098145,-0.46253204345703125,0.1627206802368164
1,1286,12.86,7457.197308540344,7504.841685295105,7492.075860500336,7562.766373157501,0.1099705696105957,0.8660554885864258,-0.43705105781555176,0.17464160919189453
1,1287,12.870000000000001,7457.297146320343,7505.670487880707,7491.607517004013,7562.98303604126,0.0998377799987793,0.8288025856018066,-0.46834349632263184,0.21666288375854492
1,1288,12.88,7457.372844219208,7506.495118141174,7491.164803504944,7563.18211555481,0.0756978988647461,0.8246302604675293,-0.44271349906921387,0.1990795135498047
1,1289,12.89,7457.424849271774,7507.301568984985,7490.769177675247,7563.427686691284,0.05200505256652832,0.8064508438110352,-0.3956258296966553,0.24557113647460938
1,1290,12.9,7457.447648048401,7508.143186569214,7490.383684635162,7563.681900501251,0.022798776626586914,0.8416175842285156,-0.38549304008483887,0.254213809967041
1,1291,12.91,7457.4437737464905,7508.959770202637,7490.019053220749,7563.953697681427,-0.0038743019104003906,0.8165836334228516,-0.36463141441345215,0.27179718017578125
1,1292,12.92,7457.411736249924,7509.779334068298,7489.680349826813,7564.230561256409,-0.03203749656677246,0.8195638656616211,-0.3387033939361572,0.27686357498168945
1,1293,12.93,7457.3516845703125,7510.5807185173035,7489.371448755264,7564.523816108704,-0.060051679611206055,0.801384449005127,-0.3089010715484619,0.2932548522949219
1,1294,12.94,7457.247376441956,7511.311769485474,7489.059269428253,7564.848065376282,-0.1043081283569336,0.731050968170166,-0.3121793270111084,0.324249267578125
1,1295,12.950000000000001,7457.116544246674,7512.02255487442,7488.744854927063,7565.191388130188,-0.13083219528198242,0.7107853889465332,-0.31441450119018555,0.34332275390625
1,1296,12.96,7456.958144903183,7512.730658054352,7488.49630355835,7565.545737743378,-0.15839934349060059,0.7081031799316406,-0.2485513687133789,0.35434961318969727
1,1297,12.97,7456.789016723633,7513.453662395477,7488.245368003845,7565.914988517761,-0.1691281795501709,0.7230043411254883,-0.25093555450439453,0.3692507743835449
1,1298,12.98,7456.614375114441,7514.159381389618,7488.020211458206,7566.278874874115,-0.17464160919189453,0.705718994140625,-0.22515654563903809,0.36388635635375977
1,1299,12.99,7456.436306238174,7514.834403991699,7487.815171480179,7566.647529602051,-0.1780688762664795,0.6750226020812988,-0.20503997802734375,0.368654727935791
1,1300,13.0,7456.268668174744,7515.503764152527,7487.621456384659,7566.991746425629,-0.16763806343078613,0.6693601608276367,-0.19371509552001953,0.34421682357788086
1,1301,13.01,7456.104159355164,7516.154646873474,7487.452030181885,7567.33238697052,-0.16450881958007812,0.6508827209472656,-0.16942620277404785,0.3406405448913574
1,1302,13.02,7455.949932336807,7516.8076157569885,7487.289309501648,7567.665874958038,-0.15422701835632324,0.6529688835144043,-0.1627206802368164,0.33348798751831055
1,1303,13.030000000000001,7455.80717921257,7517.451047897339,7487.137019634247,7568.0011510849,-0.14275312423706055,0.6434321403503418,-0.15228986740112305,0.33527612686157227
1,1304,13.040000000000001,7455.681413412094,7518.086731433868,7486.9900941848755,7568.317353725433,-0.12576580047607422,0.635683536529541,-0.1469254493713379,0.31620264053344727
1,1305,13.05,7455.568015575409,7518.71258020401,7486.842125654221,7568.610310554504,-0.11339783668518066,0.6258487701416016,-0.14796853065490723,0.2929568290710449
1,1306,13.06,7455.475479364395,7519.329190254211,7486.6883456707,7568.88747215271,-0.09253621101379395,0.616610050201416,-0.1537799835205078,0.2771615982055664
1,1307,13.07,7455.405592918396,7519.9466943740845,7486.5297973155975,7569.143772125244,-0.06988644599914551,0.6175041198730469,-0.15854835510253906,0.2562999725341797
1,1308,13.08,7455.363720655441,7520.56211233139,7486.36394739151,7569.377720355988,-0.041872262954711914,0.6154179573059082,-0.16584992408752441,0.2339482307434082
1,1309,13.09,7455.352693796158,7521.1769342422485,7486.184686422348,7569.591999053955,-0.011026859283447266,0.6148219108581543,-0.1792609691619873,0.2142786979675293
1,1310,13.1,7455.37132024765,7521.792352199554,7485.992312431335,7569.780051708221,0.01862645149230957,0.6154179573059082,-0.19237399101257324,0.18805265426635742
1,1311,13.11,7455.422878265381,7522.419393062592,7485.781311988831,7569.942772388458,0.05155801773071289,0.6270408630371094,-0.2110004425048828,0.1627206802368164
1,1312,13.120000000000001,7455.505728721619,7523.044645786285,7485.549449920654,7570.085227489471,0.08285045623779297,0.6252527236938477,-0.23186206817626953,0.1424551010131836
1,1313,13.13,7455.622851848602,7523.678839206696,7485.295534133911,7570.201456546783,0.11712312698364258,0.6341934204101562,-0.25391578674316406,0.11622905731201172
1,1314,13.14,7455.772906541824,7524.325847625732,7485.022246837616,7570.292949676514,0.1500546932220459,0.6470084190368652,-0.273287296295166,0.09149312973022461
1,1315,13.15,7455.949038267136,7524.991035461426,7484.730184078217,7570.369243621826,0.1761317253112793,0.6651878356933594,-0.29206275939941406,0.0762939453125
1,1316,13.16,7456.154823303223,7525.673806667328,7484.4105541706085,7570.419609546661,0.20578503608703613,0.6827712059020996,-0.3196299076080322,0.05036592483520508
1,1317,13.17,7456.384003162384,7526.373267173767,7484.071105718613,7570.4509019851685,0.22917985916137695,0.699460506439209,-0.3394484519958496,0.03129243850708008
1,1318,13.18,7456.638962030411,7527.09686756134,7483.709007501602,7570.459246635437,0.2549588680267334,0.7236003875732422,-0.36209821701049805,0.008344650268554688
1,1319,13.19,7456.911206245422,7527.8085470199585,7483.340799808502,7570.457458496094,0.2722442150115967,0.7116794586181641,-0.3682076930999756,-0.0017881393432617188
1,1320,13.200000000000001,7457.206100225449,7528.513967990875,7482.977658510208,7570.419609546661,0.2948939800262451,0.705420970916748,-0.3631412982940674,-0.03784894943237305
1,1321,13.21,7457.5285613536835,7529.268860816956,7482.59961605072,7570.34957408905,0.3224611282348633,0.7548928260803223,-0.37804245948791504,-0.07003545761108398
1,1322,13.22,7457.862943410873,7530.018091201782,7482.211887836456,7570.280432701111,0.3343820571899414,0.7492303848266602,-0.387728214263916,-0.06914138793945312
1,1323,13.23,7458.2090973854065,7530.805170536041,7481.805980205536,7570.181488990784,0.34615397453308105,0.7870793342590332,-0.40590763092041016,-0.09894371032714844
1,1324,13.24,7458.56374502182,7531.596124172211,7481.395602226257,7570.079267024994,0.3546476364135742,0.7909536361694336,-0.41037797927856445,-0.10222196578979492
1,1325,13.25,7458.919137716293,7532.415688037872,7480.976283550262,7569.955885410309,0.3553926944732666,0.8195638656616211,-0.41931867599487305,-0.1233816146850586
1,1326,13.26,7459.275424480438,7533.2412123680115,7480.555027723312,7569.8259472846985,0.35628676414489746,0.8255243301391602,-0.42125582695007324,-0.12993812561035156
1,1327,13.27,7459.632754325867,7534.089386463165,7480.127364397049,7569.683790206909,0.3573298454284668,0.8481740951538086,-0.42766332626342773,-0.14215707778930664
1,1328,13.280000000000001,7459.9888920784,7534.958124160767,7479.695081710815,7569.5207715034485,0.356137752532959,0.8687376976013184,-0.4322826862335205,-0.16301870346069336
1,1329,13.290000000000001,7460.34637093544,7535.817921161652,7479.269206523895,7569.3559646606445,0.3574788570404053,0.8597970008850098,-0.425875186920166,-0.16480684280395508
1,1330,13.3,7460.698187351227,7536.676824092865,7478.855401277542,7569.18340921402,0.35181641578674316,0.8589029312133789,-0.4138052463531494,-0.17255544662475586
1,1331,13.31,7461.046874523163,7537.544965744019,7478.436231613159,7569.0048933029175,0.34868717193603516,0.8681416511535645,-0.41916966438293457,-0.17851591110229492
1,1332,13.32,7461.397349834442,7538.397014141083,7478.036880493164,7568.828463554382,0.3504753112792969,0.852048397064209,-0.3993511199951172,-0.17642974853515625
1,1333,13.33,7461.730092763901,7539.259195327759,7477.63991355896,7568.65531206131,0.33274292945861816,0.8621811866760254,-0.39696693420410156,-0.17315149307250977
1,1334,13.34,7462.0521068573,7540.121376514435,7477.248311042786,7568.479776382446,0.32201409339904785,0.8621811866760254,-0.3916025161743164,-0.1755356788635254
1,1335,13.35,7462.368309497833,7540.978491306305,7476.86579823494,7568.308711051941,0.31620264053344727,0.8571147918701172,-0.38251280784606934,-0.1710653305053711
1,1336,13.36,7462.67557144165,7541.825771331787,7476.494610309601,7568.138837814331,0.30726194381713867,0.8472800254821777,-0.3711879253387451,-0.16987323760986328
1,1337,13.370000000000001,7462.978661060333,7542.663812637329,7476.130127906799,7567.969262599945,0.30308961868286133,0.8380413055419922,-0.36448240280151367,-0.16957521438598633
1,1338,13.38,7463.277280330658,7543.486952781677,7475.780099630356,7567.806243896484,0.29861927032470703,0.8231401443481445,-0.35002827644348145,-0.16301870346069336
1,1339,13.39,7463.596761226654,7544.2904233932495,7475.453466176987,7567.64829158783,0.31948089599609375,0.8034706115722656,-0.3266334533691406,-0.15795230865478516
1,1340,13.4,7463.932782411575,7545.092403888702,7475.124299526215,7567.486763000488,0.33602118492126465,0.8019804954528809,-0.3291666507720947,-0.1615285873413086
1,1341,13.41,7464.277297258377,7545.896768569946,7474.794089794159,7567.329406738281,0.3445148468017578,0.8043646812438965,-0.33020973205566406,-0.15735626220703125
1,1342,13.42,7464.619278907776,7546.642422676086,7474.47207570076,7567.1833753585815,0.3419816493988037,0.7456541061401367,-0.32201409339904785,-0.14603137969970703
1,1343,13.43,7464.960068464279,7547.379434108734,7474.156320095062,7567.032873630524,0.3407895565032959,0.7370114326477051,-0.31575560569763184,-0.15050172805786133
1,1344,13.44,7465.297132730484,7548.086941242218,7473.853975534439,7566.898763179779,0.337064266204834,0.7075071334838867,-0.30234456062316895,-0.1341104507446289
1,1345,13.450000000000001,7465.6327068805695,7548.783719539642,7473.556101322174,7566.768229007721,0.3355741500854492,0.6967782974243164,-0.29787421226501465,-0.13053417205810547
1,1346,13.46,7465.966641902924,7549.458146095276,7473.269701004028,7566.644251346588,0.333935022354126,0.6744265556335449,-0.28640031814575195,-0.1239776611328125
1,1347,13.47,7466.301620006561,7550.123333930969,7472.992986440659,7566.509544849396,0.3349781036376953,0.6651878356933594,-0.276714563369751,-0.1347064971923828
1,1348,13.48,7466.673254966736,7550.762593746185,7472.694963216782,7566.458582878113,0.37163496017456055,0.6392598152160645,-0.2980232238769531,-0.050961971282958984
1,1349,13.49,7467.024922370911,7551.432847976685,7472.334802150726,7566.370666027069,0.3516674041748047,0.6702542304992676,-0.36016106605529785,-0.08791685104370117
1,1350,13.5,7467.387914657593,7552.047967910767,7471.996992826462,7566.289305686951,0.3629922866821289,0.6151199340820312,-0.33780932426452637,-0.0813603401184082
1,1351,13.51,7467.744946479797,7552.681565284729,7471.673488616943,7566.225230693817,0.35703182220458984,0.6335973739624023,-0.3235042095184326,-0.06407499313354492
1,1352,13.52,7468.098104000092,7553.305923938751,7471.344470977783,7566.169500350952,0.35315752029418945,0.6243586540222168,-0.32901763916015625,-0.055730342864990234
1,1353,13.530000000000001,7468.4469401836395,7553.929090499878,7471.025735139847,7566.1152601242065,0.34883618354797363,0.623166561126709,-0.31873583793640137,-0.05424022674560547
1,1354,13.540000000000001,7468.787431716919,7554.541528224945,7470.713704824448,7566.072344779968,0.34049153327941895,0.6124377250671387,-0.3120303153991699,-0.04291534423828125
1,1355,13.55,7469.118684530258,7555.15843629837,7470.409870147705,7566.026747226715,0.3312528133392334,0.616908073425293,-0.3038346767425537,-0.04559755325317383
1,1356,13.56,7469.4401025772095,7555.77027797699,7470.117807388306,7565.9894943237305,0.32141804695129395,0.6118416786193848,-0.29206275939941406,-0.03725290298461914
1,1357,13.57,7469.752728939056,7556.382417678833,7469.83602643013,7565.9531354904175,0.31262636184692383,0.6121397018432617,-0.2817809581756592,-0.03635883331298828
1,1358,13.58,7470.05507349968,7556.992769241333,7469.560950994492,7565.918862819672,0.30234456062316895,0.6103515625,-0.27507543563842773,-0.03427267074584961
1,1359,13.59,7470.317333936691,7557.596266269684,7469.343841075897,7565.886974334717,0.26226043701171875,0.6034970283508301,-0.21710991859436035,-0.031888484954833984
1,1360,13.6,7470.541894435883,7558.207213878632,7469.155788421631,7565.864324569702,0.22456049919128418,0.6109476089477539,-0.18805265426635742,-0.022649765014648438
1,1361,13.61,7470.7527458667755,7558.81279706955,7468.965500593185,7565.842568874359,0.21085143089294434,0.6055831909179688,-0.19028782844543457,-0.021755695343017578
1,1362,13.620000000000001,7470.957636833191,7559.402585029602,7468.788176774979,7565.816044807434,0.20489096641540527,0.5897879600524902,-0.1773238182067871,-0.026524066925048828
1,1363,13.63,7471.165359020233,7559.985816478729,7468.621879816055,7565.776109695435,0.20772218704223633,0.5832314491271973,-0.16629695892333984,-0.03993511199951172
1,1364,13.64,7471.38649225235,7560.566365718842,7468.491047620773,7565.731704235077,0.22113323211669922,0.5805492401123047,-0.13083219528198242,-0.044405460357666016
1,1365,13.65,7471.625804901123,7561.207711696625,7468.374669551849,7565.65660238266,0.23931264877319336,0.6413459777832031,-0.1163780689239502,-0.07510185241699219
1,1366,13.66,7471.882104873657,7561.804950237274,7468.250244855881,7565.597593784332,0.2562999725341797,0.5972385406494141,-0.12442469596862793,-0.05900859832763672
1,1367,13.67,7472.162544727325,7562.393546104431,7468.118816614151,7565.500438213348,0.2804398536682129,0.5885958671569824,-0.13142824172973633,-0.09715557098388672
1,1368,13.68,7472.464144229889,7562.94459104538,7467.99111366272,7565.3961300849915,0.30159950256347656,0.5510449409484863,-0.12770295143127441,-0.1043081283569336
1,1369,13.69,7472.788691520691,7563.491463661194,7467.857301235199,7565.275132656097,0.32454729080200195,0.546872615814209,-0.13381242752075195,-0.12099742889404297
1,1370,13.700000000000001,7473.137527704239,7564.023733139038,7467.719316482544,7565.141320228577,0.34883618354797363,0.5322694778442383,-0.1379847526550293,-0.13381242752075195
1,1371,13.71,7473.51199388504,7564.544975757599,7467.568665742874,7564.994096755981,0.3744661808013916,0.521242618560791,-0.1506507396697998,-0.14722347259521484
1,1372,13.72,7473.90478849411,7565.030455589294,7467.459589242935,7564.86177444458,0.3927946090698242,0.48547983169555664,-0.10907649993896484,-0.1323223114013672
1,1373,13.73,7474.312633275986,7565.447092056274,7467.31624007225,7564.738392829895,0.40784478187561035,0.41663646697998047,-0.14334917068481445,-0.1233816146850586
1,1374,13.74,7474.7434258461,7565.855085849762,7467.157393693924,7564.585506916046,0.43079257011413574,0.40799379348754883,-0.15884637832641602,-0.15288591384887695
1,1375,13.75,7475.1511216163635,7566.250264644623,7467.0204520225525,7564.418613910675,0.4076957702636719,0.39517879486083984,-0.13694167137145996,-0.16689300537109375
1,1376,13.76,7475.596070289612,7566.6093826293945,7466.824054718018,7564.206123352051,0.444948673248291,0.3591179847717285,-0.1963973045349121,-0.21249055862426758
1,1377,13.77,7475.9989976882935,7566.8951869010925,7466.699331998825,7563.960552215576,0.4029273986816406,0.28580427169799805,-0.12472271919250488,-0.24557113647460938
1,1378,13.780000000000001,7476.377785205841,7567.226886749268,7466.555833816528,7563.694715499878,0.3787875175476074,0.33169984817504883,-0.14349818229675293,-0.2658367156982422
1,1379,13.790000000000001,7476.759254932404,7567.571699619293,7466.413676738739,7563.40891122818,0.3814697265625,0.34481287002563477,-0.14215707778930664,-0.28580427169799805
1,1380,13.8,7477.159947156906,7567.932903766632,7466.26615524292,7563.0998611450195,0.4006922245025635,0.3612041473388672,-0.1475214958190918,-0.3090500831604004
1,1381,13.81,7477.586269378662,7568.294405937195,7466.105818748474,7562.760710716248,0.42632222175598145,0.36150217056274414,-0.16033649444580078,-0.33915042877197266
1,1382,13.82,7478.046715259552,7568.65531206131,7465.9377336502075,7562.389969825745,0.4604458808898926,0.36090612411499023,-0.16808509826660156,-0.3707408905029297
1,1383,13.83,7478.543221950531,7569.013833999634,7465.758919715881,7561.9906187057495,0.4965066909790039,0.3585219383239746,-0.17881393432617188,-0.3993511199951172
1,1384,13.84,7479.076087474823,7569.378018379211,7465.568631887436,7561.562061309814,0.5328655242919922,0.3641843795776367,-0.19028782844543457,-0.4285573959350586
1,1385,13.85,7479.638457298279,7569.74458694458,7465.376853942871,7561.110556125641,0.5623698234558105,0.36656856536865234,-0.19177794456481934,-0.451505184173584
1,1386,13.86,7480.248361825943,7570.140063762665,7465.180903673172,7560.6125593185425,0.6099045276641846,0.3954768180847168,-0.19595026969909668,-0.49799680709838867
1,1387,13.870000000000001,7480.894774198532,7570.540010929108,7464.980930089951,7560.09042263031,0.6464123725891113,0.3999471664428711,-0.19997358322143555,-0.5221366882324219
1,1388,13.88,7481.576502323151,7570.942938327789,7464.760541915894,7559.539675712585,0.6817281246185303,0.4029273986816406,-0.22038817405700684,-0.5507469177246094
1,1389,13.89,7482.343167066574,7571.379840373993,7464.493066072464,7558.91352891922,0.7666647434234619,0.4369020462036133,-0.26747584342956543,-0.6261467933654785
1,1390,13.9,7483.197599649429,7571.82389497757,7464.221566915512,7558.21019411087,0.8544325828552246,0.44405460357666016,-0.2714991569519043,-0.7033348083496094
1,1391,13.91,7484.100908041,7572.225332260132,7463.9613926410675,7557.535469532013,0.9033083915710449,0.40143728256225586,-0.2601742744445801,-0.6747245788574219
1,1392,13.92,7485.013008117676,7572.653591632843,7463.692128658295,7556.830644607544,0.912100076675415,0.42825937271118164,-0.26926398277282715,-0.7048249244689941
1,1393,13.93,7485.932558774948,7573.055028915405,7463.411837816238,7556.128203868866,0.9195506572723389,0.40143728256225586,-0.2802908420562744,-0.7024407386779785
1,1394,13.94,7486.857771873474,7573.460340499878,7463.107407093048,7555.445432662964,0.925213098526001,0.40531158447265625,-0.3044307231903076,-0.6827712059020996
1,1395,13.950000000000001,7487.784624099731,7573.919594287872,7462.829053401947,7554.76713180542,0.9268522262573242,0.45925378799438477,-0.2783536911010742,-0.6783008575439453
1,1396,13.96,7488.780915737152,7574.360966682434,7462.582737207413,7554.10760641098,0.9962916374206543,0.4413723945617676,-0.24631619453430176,-0.6595253944396973
1,1397,13.97,7489.8117780685425,7574.768960475922,7462.31734752655,7553.398311138153,1.0308623313903809,0.40799379348754883,-0.26538968086242676,-0.7092952728271484
1,1398,13.98,7490.810453891754,7575.116157531738,7462.061941623688,7552.701532840729,0.9986758232116699,0.3471970558166504,-0.25540590286254883,-0.6967782974243164
1,1399,13.99,7491.781711578369,7575.472593307495,7461.841851472855,7552.008628845215,0.9712576866149902,0.35643577575683594,-0.22009015083312988,-0.692903995513916
1,1400,14.0,7492.695897817612,7575.809955596924,7461.662292480469,7551.347017288208,0.9141862392425537,0.33736228942871094,-0.17955899238586426,-0.6616115570068359
1,1401,14.01,7493.564337491989,7576.1643052101135,7461.492419242859,7550.699710845947,0.8684396743774414,0.35434961318969727,-0.16987323760986328,-0.6473064422607422
1,1402,14.02,7494.38539147377,7576.51299238205,7461.356371641159,7550.065815448761,0.8210539817810059,0.34868717193603516,-0.1360476016998291,-0.6338953971862793
1,1403,14.030000000000001,7495.16099691391,7576.858997344971,7461.258769035339,7549.443542957306,0.7756054401397705,0.3460049629211426,-0.09760260581970215,-0.6222724914550781
1,1404,14.040000000000001,7495.903372764587,7577.192783355713,7461.206316947937,7548.823356628418,0.7423758506774902,0.3337860107421875,-0.05245208740234375,-0.6201863288879395
1,1405,14.05,7496.673613786697,7577.475905418396,7461.232095956802,7548.193335533142,0.7702410221099854,0.28312206268310547,0.025779008865356445,-0.6300210952758789
1,1406,14.06,7497.399151325226,7577.784061431885,7461.249828338623,7547.597885131836,0.7255375385284424,0.30815601348876953,0.01773238182067871,-0.5954504013061523
1,1407,14.07,7498.087286949158,7578.0534744262695,7461.305856704712,7547.005414962769,0.6881356239318848,0.2694129943847656,0.05602836608886719,-0.5924701690673828
1,1408,14.08,7498.736530542374,7578.313052654266,7461.393028497696,7546.4195013046265,0.6492435932159424,0.25957822799682617,0.08717179298400879,-0.5859136581420898
1,1409,14.09,7499.354779720306,7578.551173210144,7461.496889591217,7545.830011367798,0.6182491779327393,0.23812055587768555,0.10386109352111816,-0.5894899368286133
1,1410,14.1,7499.9310076236725,7578.842341899872,7461.675256490707,7545.195817947388,0.5762279033660889,0.2911686897277832,0.17836689949035645,-0.6341934204101562
1,1411,14.11,7500.530481338501,7579.1314244270325,7461.900413036346,7544.5303320884705,0.5994737148284912,0.28908252716064453,0.22515654563903809,-0.6654858589172363
1,1412,14.120000000000001,7501.148879528046,7579.363286495209,7462.138682603836,7543.867230415344,0.6183981895446777,0.23186206817626953,0.23826956748962402,-0.6631016731262207
1,1413,14.13,7501.760423183441,7579.537630081177,7462.398111820221,7543.206512928009,0.6115436553955078,0.17434358596801758,0.2594292163848877,-0.6607174873352051
1,1414,14.14,7502.363622188568,7579.66548204422,7462.676018476486,7542.545199394226,0.6031990051269531,0.1278519630432129,0.2779066562652588,-0.661313533782959
1,1415,14.15,7502.959370613098,7579.7489285469055,7462.969720363617,7541.895806789398,0.5957484245300293,0.08344650268554688,0.2937018871307373,-0.6493926048278809
1,1416,14.16,7503.557503223419,7579.838037490845,7463.290095329285,7541.229128837585,0.5981326103210449,0.08910894393920898,0.3203749656677246,-0.6666779518127441
1,1417,14.17,7504.152059555054,7579.878270626068,7463.603913784027,7540.571689605713,0.5945563316345215,0.04023313522338867,0.31381845474243164,-0.6574392318725586
1,1418,14.18,7504.749596118927,7579.879462718964,7463.937699794769,7539.911568164825,0.597536563873291,0.0011920928955078125,0.3337860107421875,-0.6601214408874512
1,1419,14.19,7505.357265472412,7579.8410177230835,7464.258521795273,7539.253234863281,0.6076693534851074,-0.03844499588012695,0.32082200050354004,-0.6583333015441895
1,1420,14.200000000000001,7505.9774518013,7579.765319824219,7464.572638273239,7538.581192493439,0.6201863288879395,-0.0756978988647461,0.3141164779663086,-0.6720423698425293
1,1421,14.21,7506.61313533783,7579.655349254608,7464.870512485504,7537.899017333984,0.635683536529541,-0.1099705696105957,0.29787421226501465,-0.6821751594543457
1,1422,14.22,7507.2720646858215,7579.507529735565,7465.161234140396,7537.221014499664,0.6589293479919434,-0.14781951904296875,0.2907216548919678,-0.6780028343200684
1,1423,14.23,7507.95841217041,7579.328417778015,7465.434819459915,7536.535859107971,0.686347484588623,-0.17911195755004883,0.27358531951904297,-0.6851553916931152
1,1424,14.24,7508.687376976013,7579.048275947571,7465.688586235046,7535.882592201233,0.7289648056030273,-0.28014183044433594,0.2537667751312256,-0.6532669067382812
1,1425,14.25,7509.455382823944,7578.788101673126,7465.906739234924,7535.199224948883,0.7680058479309082,-0.2601742744445801,0.2181529998779297,-0.6833672523498535
1,1426,14.26,7510.256767272949,7578.501999378204,7466.108351945877,7534.521222114563,0.801384449005127,-0.286102294921875,0.2016127109527588,-0.6780028343200684
1,1427,14.27,7511.097192764282,7578.2448053359985,7466.269433498383,7533.809244632721,0.8404254913330078,-0.25719404220581055,0.16108155250549316,-0.711977481842041
1,1428,14.280000000000001,7511.917054653168,7577.904462814331,7466.379255056381,7533.182203769684,0.819861888885498,-0.34034252166748047,0.10982155799865723,-0.6270408630371094
1,1429,14.290000000000001,7512.719631195068,7577.620446681976,7466.472387313843,7532.53847360611,0.8025765419006348,-0.28401613235473633,0.09313225746154785,-0.6437301635742188
1,1430,14.3,7513.531148433685,7577.347457408905,7466.554045677185,7531.876862049103,0.8115172386169434,-0.27298927307128906,0.08165836334228516,-0.6616115570068359
1,1431,14.31,7514.355778694153,7577.0944356918335,7466.608881950378,7531.210780143738,0.8246302604675293,-0.2530217170715332,0.054836273193359375,-0.6660819053649902
1,1432,14.32,7515.18577337265,7576.850056648254,7466.669380664825,7530.52830696106,0.8299946784973145,-0.24437904357910156,0.060498714447021484,-0.6824731826782227
1,1433,14.33,7516.007721424103,7576.613426208496,7466.744184494019,7529.829144477844,0.8219480514526367,-0.23663043975830078,0.07480382919311523,-0.699162483215332
1,1434,14.34,7516.829967498779,7576.426863670349,7466.804087162018,7529.103755950928,0.8222460746765137,-0.18656253814697266,0.05990266799926758,-0.7253885269165039
1,1435,14.35,7517.650723457336,7576.250433921814,7466.864734888077,7528.376579284668,0.8207559585571289,-0.17642974853515625,0.06064772605895996,-0.7271766662597656
1,1436,14.36,7518.463432788849,7576.125264167786,7466.913312673569,7527.630925178528,0.8127093315124512,-0.1251697540283203,0.04857778549194336,-0.7456541061401367
1,1437,14.370000000000001,7519.27375793457,7575.99413394928,7466.962486505508,7526.870965957642,0.8103251457214355,-0.13113021850585938,0.049173831939697266,-0.7599592208862305
1,1438,14.38,7520.073354244232,7575.891315937042,7467.013299465179,7526.091933250427,0.7995963096618652,-0.10281801223754883,0.05081295967102051,-0.7790327072143555
1,1439,14.39,7520.866394042969,7575.79892873764,7467.061877250671,7525.304853916168,0.7930397987365723,-0.09238719940185547,0.04857778549194336,-0.7870793342590332
1,1440,14.4,7521.646320819855,7575.730979442596,7467.112243175507,7524.502277374268,0.7799267768859863,-0.06794929504394531,0.05036592483520508,-0.8025765419006348
1,1441,14.41,7522.417306900024,7575.674951076508,7467.164397239685,7523.691654205322,0.7709860801696777,-0.05602836608886719,0.0521540641784668,-0.8106231689453125
1,1442,14.42,7523.157894611359,7575.618922710419,7467.231303453445,7522.885799407959,0.7405877113342285,-0.05602836608886719,0.06690621376037598,-0.8058547973632812
1,1443,14.43,7523.872256278992,7575.562298297882,7467.3207104206085,7522.056102752686,0.7143616676330566,-0.056624412536621094,0.08940696716308594,-0.8296966552734375
1,1444,14.44,7524.538040161133,7575.502693653107,7467.422038316727,7521.214187145233,0.6657838821411133,-0.059604644775390625,0.10132789611816406,-0.8419156074523926
1,1445,14.450000000000001,7525.191009044647,7575.4207372665405,7467.530071735382,7520.363628864288,0.6529688835144043,-0.08195638656616211,0.10803341865539551,-0.8505582809448242
1,1446,14.46,7525.82311630249,7575.363218784332,7467.688769102097,7519.499063491821,0.6321072578430176,-0.05751848220825195,0.15869736671447754,-0.864565372467041
1,1447,14.47,7526.46267414093,7575.308978557587,7467.834800481796,7518.621981143951,0.6395578384399414,-0.05424022674560547,0.14603137969970703,-0.877082347869873
1,1448,14.48,7527.084648609161,7575.216293334961,7467.9915606975555,7517.738342285156,0.6219744682312012,-0.09268522262573242,0.15676021575927734,-0.883638858795166
1,1449,14.49,7527.681887149811,7575.05863904953,7468.133270740509,7516.862452030182,0.5972385406494141,-0.1576542854309082,0.1417100429534912,-0.8758902549743652
1,1450,14.5,7528.280019760132,7574.877142906189,7468.280494213104,7515.962719917297,0.5981326103210449,-0.18149614334106445,0.14722347259521484,-0.8997321128845215
1,1451,14.51,7528.881728649139,7574.704587459564,7468.453049659729,7515.057325363159,0.6017088890075684,-0.17255544662475586,0.17255544662475586,-0.9053945541381836
1,1452,14.52,7529.495060443878,7574.531435966492,7468.604892492294,7514.151334762573,0.6133317947387695,-0.17315149307250977,0.15184283256530762,-0.9059906005859375
1,1453,14.530000000000001,7530.127763748169,7574.334740638733,7468.753159046173,7513.230741024017,0.6327033042907715,-0.19669532775878906,0.14826655387878418,-0.9205937385559082
1,1454,14.540000000000001,7530.776262283325,7574.119567871094,7468.893826007843,7512.306869029999,0.64849853515625,-0.21517276763916016,0.14066696166992188,-0.9238719940185547
1,1455,14.55,7531.445026397705,7573.893070220947,7469.025701284409,7511.367499828339,0.6687641143798828,-0.22649765014648438,0.13187527656555176,-0.9393692016601562
1,1456,14.56,7532.133460044861,7573.654353618622,7469.148188829422,7510.421872138977,0.6884336471557617,-0.23871660232543945,0.12248754501342773,-0.9456276893615723
1,1457,14.57,7532.842755317688,7573.401927947998,7469.262629747391,7509.465217590332,0.7092952728271484,-0.2524256706237793,0.11444091796875,-0.9566545486450195
1,1458,14.58,7533.573806285858,7573.139369487762,7469.36172246933,7508.499026298523,0.731050968170166,-0.2625584602355957,0.09909272193908691,-0.966191291809082
1,1459,14.59,7534.322738647461,7572.8631019592285,7469.451129436493,7507.529556751251,0.7489323616027832,-0.27626752853393555,0.08940696716308594,-0.9694695472717285
1,1460,14.6,7535.088360309601,7572.583854198456,7469.529211521149,7506.549954414368,0.7656216621398926,-0.2792477607727051,0.07808208465576172,-0.9796023368835449
1,1461,14.61,7535.868287086487,7572.290301322937,7469.597607851028,7505.569159984589,0.7799267768859863,-0.29355287551879883,0.06839632987976074,-0.9807944297790527
1,1462,14.620000000000001,7536.658346652985,7571.994662284851,7469.653636217117,7504.581809043884,0.7900595664978027,-0.2956390380859375,0.05602836608886719,-0.9873509407043457
1,1463,14.63,7537.457048892975,7571.694254875183,7469.705045223236,7503.595948219299,0.7987022399902344,-0.30040740966796875,0.051409006118774414,-0.9858608245849609
1,1464,14.64,7538.26230764389,7571.393251419067,7469.74840760231,7502.6074051856995,0.8052587509155273,-0.30100345611572266,0.04336237907409668,-0.9885430335998535
1,1465,14.65,7539.068758487701,7571.086883544922,7469.791024923325,7501.620650291443,0.8064508438110352,-0.3063678741455078,0.0426173210144043,-0.9867548942565918
1,1466,14.66,7539.873123168945,7570.781707763672,7469.824105501175,7500.635981559753,0.8043646812438965,-0.30517578125,0.0330805778503418,-0.9846687316894531
1,1467,14.67,7540.674805641174,7570.473253726959,7469.858527183533,7499.653398990631,0.8016824722290039,-0.3084540367126465,0.034421682357788086,-0.9825825691223145
1,1468,14.68,7541.466057300568,7570.1674818992615,7469.896972179413,7498.678267002106,0.7912516593933105,-0.3057718276977539,0.03844499588012695,-0.9751319885253906
1,1469,14.69,7542.245984077454,7569.86141204834,7469.93288397789,7497.707009315491,0.7799267768859863,-0.30606985092163086,0.03591179847717285,-0.9712576866149902
1,1470,14.700000000000001,7543.013095855713,7569.567561149597,7469.983547925949,7496.731877326965,0.7671117782592773,-0.2938508987426758,0.05066394805908203,-0.9751319885253906
1,1471,14.71,7543.773055076599,7569.2495703697205,7470.0431525707245,7495.777308940887,0.7599592208862305,-0.317990779876709,0.059604644775390625,-0.9545683860778809
1,1472,14.72,7544.525265693665,7568.972706794739,7470.128536224365,7494.817078113556,0.7522106170654297,-0.27686357498168945,0.08538365364074707,-0.960230827331543
1,1473,14.73,7545.2640652656555,7568.705976009369,7470.205277204514,7493.875771760941,0.7387995719909668,-0.26673078536987305,0.07674098014831543,-0.9413063526153564
1,1474,14.74,7546.00316286087,7568.42166185379,7470.273673534393,7492.932677268982,0.7390975952148438,-0.2843141555786133,0.06839632987976074,-0.9430944919586182
1,1475,14.75,7546.738386154175,7568.1111216545105,7470.352202653885,7491.998672485352,0.7352232933044434,-0.31054019927978516,0.07852911949157715,-0.9340047836303711
1,1476,14.76,7547.453045845032,7567.794620990753,7470.441460609436,7491.0785257816315,0.7146596908569336,-0.3165006637573242,0.08925795555114746,-0.9201467037200928
1,1477,14.77,7548.1438636779785,7567.481994628906,7470.546662807465,7490.169852972031,0.6908178329467773,-0.31262636184692383,0.10520219802856445,-0.9086728096008301
1,1478,14.780000000000001,7548.805773258209,7567.16251373291,7470.6681072711945,7489.280849695206,0.6619095802307129,-0.31948089599609375,0.1214444637298584,-0.8890032768249512
1,1479,14.790000000000001,7549.43311214447,7566.842138767242,7470.802962779999,7488.405257463455,0.6273388862609863,-0.3203749656677246,0.1348555088043213,-0.8755922317504883
1,1480,14.8,7550.027966499329,7566.512823104858,7470.957934856415,7487.547993659973,0.5948543548583984,-0.3293156623840332,0.15497207641601562,-0.8572638034820557
1,1481,14.81,7550.5876541137695,7566.181123256683,7471.130192279816,7486.706078052521,0.559687614440918,-0.33169984817504883,0.1722574234008789,-0.8419156074523926
1,1482,14.82,7551.115453243256,7565.839886665344,7471.319139003754,7485.880553722382,0.527799129486084,-0.34123659133911133,0.18894672393798828,-0.8255243301391602
1,1483,14.83,7551.609575748444,7565.49060344696,7471.529394388199,7485.072016716003,0.4941225051879883,-0.34928321838378906,0.21025538444519043,-0.8085370063781738
1,1484,14.84,7552.080154418945,7565.0835037231445,7471.762597560883,7484.265118837357,0.470578670501709,-0.40709972381591797,0.23320317268371582,-0.8068978786468506
1,1485,14.85,7552.527189254761,7564.736306667328,7472.007125616074,7483.402341604233,0.4470348358154297,-0.3471970558166504,0.24452805519104004,-0.8627772331237793
1,1486,14.86,7552.947998046875,7564.349472522736,7472.2930788993835,7482.573091983795,0.4208087921142578,-0.38683414459228516,0.2859532833099365,-0.8292496204376221
1,1487,14.870000000000001,7553.351521492004,7563.970386981964,7472.589462995529,7481.754720211029,0.40352344512939453,-0.3790855407714844,0.2963840961456299,-0.8183717727661133
1,1488,14.88,7553.732693195343,7563.556432723999,7472.8915095329285,7480.956465005875,0.38117170333862305,-0.4139542579650879,0.302046537399292,-0.798255205154419
1,1489,14.89,7554.093599319458,7563.126087188721,7473.208904266357,7480.165660381317,0.36090612411499023,-0.4303455352783203,0.3173947334289551,-0.7908046245574951
1,1490,14.9,7554.437518119812,7562.656402587891,7473.545670509338,7479.3945252895355,0.3439188003540039,-0.4696846008300781,0.33676624298095703,-0.7711350917816162
1,1491,14.91,7554.767727851868,7562.177777290344,7473.885267972946,7478.628605604172,0.33020973205566406,-0.4786252975463867,0.3395974636077881,-0.7659196853637695
1,1492,14.92,7555.086612701416,7561.6660714149475,7474.231272935867,7477.877736091614,0.31888484954833984,-0.5117058753967285,0.3460049629211426,-0.7508695125579834
1,1493,14.93,7555.396854877472,7561.129927635193,7474.580556154251,7477.135211229324,0.3102421760559082,-0.5361437797546387,0.34928321838378906,-0.7425248622894287
1,1494,14.94,7555.70262670517,7560.5714321136475,7474.929690361023,7476.400285959244,0.3057718276977539,-0.5584955215454102,0.3491342067718506,-0.7349252700805664
1,1495,14.950000000000001,7555.9863448143005,7560.006380081177,7475.251853466034,7475.681155920029,0.2837181091308594,-0.5650520324707031,0.32216310501098633,-0.7191300392150879
1,1496,14.96,7556.2584400177,7559.422552585602,7475.578784942627,7474.978417158127,0.2720952033996582,-0.5838274955749512,0.3269314765930176,-0.7027387619018555
1,1497,14.97,7556.52517080307,7558.828294277191,7475.884407758713,7474.293261766434,0.26673078536987305,-0.5942583084106445,0.30562281608581543,-0.6851553916931152
1,1498,14.98,7556.796967983246,7558.201849460602,7476.180791854858,7473.606467247009,0.27179718017578125,-0.6264448165893555,0.2963840961456299,-0.6867945194244385
1,1499,14.99,7557.072043418884,7557.554841041565,7476.470470428467,7472.923696041107,0.27507543563842773,-0.6470084190368652,0.28967857360839844,-0.6827712059020996
1,1500,15.0,7557.355165481567,7556.893825531006,7476.748824119568,7472.2422659397125,0.28312206268310547,-0.661015510559082,0.2783536911010742,-0.6814301013946533
1,1501,15.01,7557.645738124847,7556.223571300507,7477.015554904938,7471.561133861542,0.2905726432800293,-0.6702542304992676,0.26673078536987305,-0.6811320781707764
1,1502,15.02,7557.942867279053,7555.543482303619,7477.275431156158,7470.8811938762665,0.29712915420532227,-0.680088996887207,0.2598762512207031,-0.6799399852752686
1,1503,15.030000000000001,7558.249235153198,7554.857432842255,7477.5175750255585,7470.196932554245,0.3063678741455078,-0.6860494613647461,0.24214386940002441,-0.6842613220214844
1,1504,15.040000000000001,7558.563947677612,7554.149329662323,7477.783113718033,7469.509541988373,0.3147125244140625,-0.7081031799316406,0.26553869247436523,-0.6873905658721924
1,1505,15.05,7558.897137641907,7553.3923506736755,7478.035539388657,7468.828707933426,0.3331899642944336,-0.7569789886474609,0.2524256706237793,-0.6808340549468994
1,1506,15.06,7559.255361557007,7552.61093378067,7478.271573781967,7468.135058879852,0.35822391510009766,-0.7814168930053711,0.23603439331054688,-0.6936490535736084
1,1507,15.07,7559.6243143081665,7551.82683467865,7478.516697883606,7467.438727617264,0.36895275115966797,-0.7840991020202637,0.24512410163879395,-0.696331262588501
1,1508,15.08,7559.996247291565,7551.054358482361,7478.743940591812,7466.737627983093,0.3719329833984375,-0.7724761962890625,0.22724270820617676,-0.7010996341705322
1,1509,15.09,7560.368478298187,7550.289034843445,7478.968650102615,7466.026544570923,0.37223100662231445,-0.7653236389160156,0.22470951080322266,-0.7110834121704102
1,1510,15.1,7560.737729072571,7549.52996969223,7479.187846183777,7465.313673019409,0.3692507743835449,-0.7590651512145996,0.21919608116149902,-0.7128715515136719
1,1511,15.11,7561.11353635788,7548.797130584717,7479.379028081894,7464.576363563538,0.3758072853088379,-0.7328391075134277,0.19118189811706543,-0.737309455871582
1,1512,15.120000000000001,7561.498284339905,7548.052370548248,7479.560524225235,7463.834285736084,0.3847479820251465,-0.7447600364685059,0.18149614334106445,-0.7420778274536133
1,1513,15.13,7561.886310577393,7547.32221364975,7479.739040136337,7463.081777095795,0.38802623748779297,-0.7301568984985352,0.17851591110229492,-0.7525086402893066
1,1514,15.14,7562.26658821106,7546.609044075012,7479.914724826813,7462.322860956192,0.3802776336669922,-0.7131695747375488,0.17568469047546387,-0.7589161396026611
1,1515,15.15,7562.633156776428,7545.916438102722,7480.093240737915,7461.560368537903,0.36656856536865234,-0.6926059722900391,0.17851591110229492,-0.7624924182891846
1,1516,15.16,7562.978267669678,7545.250356197357,7480.27503490448,7460.7934057712555,0.3451108932495117,-0.6660819053649902,0.1817941665649414,-0.7669627666473389
1,1517,15.17,7563.302218914032,7544.603645801544,7480.45802116394,7460.024952888489,0.32395124435424805,-0.6467103958129883,0.18298625946044922,-0.7684528827667236
1,1518,15.18,7563.602328300476,7543.985545635223,7480.649799108505,7459.2524766922,0.3001093864440918,-0.6181001663208008,0.19177794456481934,-0.7724761962890625
1,1519,15.19,7563.877105712891,7543.385326862335,7480.844408273697,7458.481341600418,0.2747774124145508,-0.6002187728881836,0.1946091651916504,-0.7711350917816162
1,1520,15.200000000000001,7564.125657081604,7542.807161808014,7481.04527592659,7457.706332206726,0.2485513687133789,-0.5781650543212891,0.2008676528930664,-0.7750093936920166
1,1521,15.21,7564.349174499512,7542.244493961334,7481.258809566498,7456.936240196228,0.22351741790771484,-0.5626678466796875,0.21353363990783691,-0.7700920104980469
1,1522,15.22,7564.548552036285,7541.707456111908,7481.476366519928,7456.162869930267,0.19937753677368164,-0.5370378494262695,0.21755695343017578,-0.7733702659606934
1,1523,15.23,7564.724981784821,7541.18025302887,7481.7028641700745,7455.392777919769,0.17642974853515625,-0.5272030830383301,0.22649765014648438,-0.7700920104980469
1,1524,15.24,7564.862370491028,7540.670037269592,7481.953501701355,7454.6147882938385,0.1373887062072754,-0.5102157592773438,0.2506375312805176,-0.7779896259307861
1,1525,15.25,7564.985156059265,7540.160119533539,7482.206076383591,7453.8421630859375,0.12278556823730469,-0.5099177360534668,0.2525746822357178,-0.772625207901001
1,1526,15.26,7565.089166164398,7539.660632610321,7482.471466064453,7453.0792236328125,0.10401010513305664,-0.49948692321777344,0.26538968086242676,-0.762939453125
1,1527,15.27,7565.173506736755,7539.156079292297,7482.747286558151,7452.318370342255,0.08434057235717773,-0.5045533180236816,0.2758204936981201,-0.7608532905578613
1,1528,15.280000000000001,7565.244436264038,7538.63513469696,7483.024299144745,7451.566010713577,0.07092952728271484,-0.5209445953369141,0.27701258659362793,-0.7523596286773682
1,1529,15.290000000000001,7565.310895442963,7538.117170333862,7483.304888010025,7450.8121609687805,0.06645917892456055,-0.5179643630981445,0.28058886528015137,-0.7538497447967529
1,1530,15.3,7565.371096134186,7537.585496902466,7483.58353972435,7450.065761804581,0.06020069122314453,-0.5316734313964844,0.27865171432495117,-0.7463991641998291
1,1531,15.31,7565.429210662842,7537.051439285278,7483.862191438675,7449.320107698441,0.05811452865600586,-0.5340576171875,0.27865171432495117,-0.7456541061401367
1,1532,15.32,7565.487027168274,7536.47655248642,7484.132200479507,7448.613792657852,0.057816505432128906,-0.5748867988586426,0.27000904083251953,-0.7063150405883789
1,1533,15.33,7565.546929836273,7535.906434059143,7484.377324581146,7447.881996631622,0.05990266799926758,-0.5701184272766113,0.24512410163879395,-0.7317960262298584
1,1534,15.34,7565.60742855072,7535.315454006195,7484.657466411591,7447.1622705459595,0.060498714447021484,-0.590980052947998,0.28014183044433594,-0.7197260856628418
1,1535,15.35,7565.66196680069,7534.736692905426,7484.909147024155,7446.443140506744,0.05453824996948242,-0.578761100769043,0.2516806125640869,-0.7191300392150879
1,1536,15.36,7565.726935863495,7534.116208553314,7485.161870718002,7445.733845233917,0.06496906280517578,-0.6204843521118164,0.25272369384765625,-0.7092952728271484
1,1537,15.370000000000001,7565.80263376236,7533.490359783173,7485.423982143402,7445.013523101807,0.0756978988647461,-0.6258487701416016,0.2621114253997803,-0.7203221321105957
1,1538,15.38,7565.88488817215,7532.845735549927,7485.666126012802,7444.303035736084,0.08225440979003906,-0.6446242332458496,0.24214386940002441,-0.7104873657226562
1,1539,15.39,7565.983831882477,7532.172501087189,7485.912442207336,7443.596124649048,0.09894371032714844,-0.6732344627380371,0.24631619453430176,-0.7069110870361328
1,1540,15.4,7566.077411174774,7531.497776508331,7486.149370670319,7442.901283502579,0.09357929229736328,-0.6747245788574219,0.23692846298217773,-0.6948411464691162
1,1541,15.41,7566.169202327728,7530.815601348877,7486.371994018555,7442.217469215393,0.09179115295410156,-0.6821751594543457,0.22262334823608398,-0.683814287185669
1,1542,15.42,7566.265165805817,7530.128657817841,7486.591190099716,7441.539913415909,0.0959634780883789,-0.686943531036377,0.21919608116149902,-0.6775557994842529
1,1543,15.43,7566.36381149292,7529.436349868774,7486.797869205475,7440.869361162186,0.09864568710327148,-0.6923079490661621,0.206679105758667,-0.6705522537231445
1,1544,15.44,7566.466927528381,7528.73569726944,7486.997544765472,7440.210282802582,0.10311603546142578,-0.7006525993347168,0.1996755599975586,-0.6590783596038818
1,1545,15.450000000000001,7566.564679145813,7528.065741062164,7487.190216779709,7439.529597759247,0.09775161743164062,-0.6699562072753906,0.1926720142364502,-0.6806850433349609
1,1546,15.46,7566.657662391663,7527.371346950531,7487.3824417591095,7438.88646364212,0.09298324584960938,-0.6943941116333008,0.19222497940063477,-0.6431341171264648
1,1547,15.47,7566.746175289154,7526.694536209106,7487.560659646988,7438.240349292755,0.08851289749145508,-0.6768107414245605,0.17821788787841797,-0.6461143493652344
1,1548,15.48,7566.828727722168,7525.997161865234,7487.7385795116425,7437.611967325211,0.08255243301391602,-0.6973743438720703,0.17791986465454102,-0.6283819675445557
1,1549,15.49,7566.907107830048,7525.3066420555115,7487.914115190506,7436.992824077606,0.07838010787963867,-0.6905198097229004,0.1755356788635254,-0.6191432476043701
1,1550,15.5,7566.973268985748,7524.615228176117,7488.08741569519,7436.388731002808,0.0661611557006836,-0.6914138793945312,0.17330050468444824,-0.604093074798584
1,1551,15.51,7567.028999328613,7523.920238018036,7488.245964050293,7435.773611068726,0.055730342864990234,-0.6949901580810547,0.15854835510253906,-0.6151199340820312
1,1552,15.52,7567.071318626404,7523.228824138641,7488.418519496918,7435.177266597748,0.042319297790527344,-0.6914138793945312,0.17255544662475586,-0.5963444709777832
1,1553,15.530000000000001,7567.1011209487915,7522.53532409668,7488.580495119095,7434.602975845337,0.029802322387695312,-0.6935000419616699,0.16197562217712402,-0.5742907524108887
1,1554,15.540000000000001,7567.112743854523,7521.846890449524,7488.750219345093,7434.037029743195,0.011622905731201172,-0.6884336471557617,0.1697242259979248,-0.565946102142334
1,1555,15.55,7567.132413387299,7521.133124828339,7488.925606012344,7433.492988348007,0.019669532775878906,-0.7137656211853027,0.17538666725158691,-0.5440413951873779
1,1556,15.56,7567.172646522522,7520.392537117004,7489.094585180283,7432.951927185059,0.04023313522338867,-0.7405877113342285,0.16897916793823242,-0.5410611629486084
1,1557,15.57,7567.214667797089,7519.625127315521,7489.254325628281,7432.414889335632,0.04202127456665039,-0.7674098014831543,0.15974044799804688,-0.5370378494262695
1,1558,15.58,7567.247152328491,7518.844306468964,7489.429712295532,7431.893348693848,0.03248453140258789,-0.7808208465576172,0.17538666725158691,-0.521540641784668
1,1559,15.59,7567.250728607178,7518.03994178772,7489.619851112366,7431.378960609436,0.0035762786865234375,-0.8043646812438965,0.1901388168334961,-0.5143880844116211
1,1560,15.6,7567.22629070282,7517.243325710297,7489.807605743408,7430.886924266815,-0.024437904357910156,-0.7966160774230957,0.18775463104248047,-0.4920363426208496
1,1561,15.610000000000001,7567.175328731537,7516.447007656097,7490.018606185913,7430.414855480194,-0.050961971282958984,-0.7963180541992188,0.2110004425048828,-0.47206878662109375
1,1562,15.620000000000001,7567.073106765747,7515.6548619270325,7490.245550870895,7429.970800876617,-0.10222196578979492,-0.7921457290649414,0.2269446849822998,-0.44405460357666016
1,1563,15.63,7566.9339299201965,7514.874339103699,7490.483522415161,7429.542541503906,-0.1391768455505371,-0.7805228233337402,0.23797154426574707,-0.42825937271118164
1,1564,15.64,7566.758990287781,7514.098584651947,7490.748912096024,7429.129183292389,-0.17493963241577148,-0.775754451751709,0.26538968086242676,-0.413358211517334
1,1565,15.65,7566.549777984619,7513.329982757568,7491.0251796245575,7428.733706474304,-0.2092123031616211,-0.7686018943786621,0.27626752853393555,-0.3954768180847168
1,1566,15.66,7566.3116574287415,7512.571811676025,7491.3182854652405,7428.343296051025,-0.23812055587768555,-0.7581710815429688,0.2931058406829834,-0.3904104232788086
1,1567,15.67,7566.04790687561,7511.815428733826,7491.621524095535,7427.963018417358,-0.2637505531311035,-0.756382942199707,0.3032386302947998,-0.3802776336669922
1,1568,15.68,7565.757930278778,7511.060833930969,7491.950541734695,7427.592426538467,-0.2899765968322754,-0.7545948028564453,0.32901763916015625,-0.3705918788909912
1,1569,15.69,7565.436065196991,7510.32292842865,7492.295801639557,7427.22287774086,-0.3218650817871094,-0.7379055023193359,0.3452599048614502,-0.3695487976074219
1,1570,15.700000000000001,7565.087974071503,7509.543299674988,7492.64732003212,7426.892817020416,-0.34809112548828125,-0.7796287536621094,0.3515183925628662,-0.3300607204437256
1,1571,15.71,7564.721405506134,7508.811354637146,7493.02864074707,7426.563650369644,-0.36656856536865234,-0.7319450378417969,0.3813207149505615,-0.3291666507720947
1,1572,15.72,7564.349174499512,7508.060932159424,7493.419349193573,7426.247596740723,-0.37223100662231445,-0.750422477722168,0.39070844650268555,-0.3160536289215088
1,1573,15.73,7563.967704772949,7507.316470146179,7493.820041418076,7425.921261310577,-0.3814697265625,-0.7444620132446289,0.4006922245025635,-0.32633543014526367
1,1574,15.74,7563.575804233551,7506.556808948517,7494.227886199951,7425.605058670044,-0.39190053939819336,-0.7596611976623535,0.40784478187561035,-0.31620264053344727
1,1575,15.75,7563.175857067108,7505.8043003082275,7494.641095399857,7425.28036236763,-0.3999471664428711,-0.7525086402893066,0.4132091999053955,-0.32469630241394043
1,1576,15.76,7562.767267227173,7505.039870738983,7495.054453611374,7424.96982216835,-0.40858983993530273,-0.7644295692443848,0.413358211517334,-0.31054019927978516
1,1577,15.77,7562.356889247894,7504.270374774933,7495.463788509369,7424.657791852951,-0.41037797927856445,-0.769495964050293,0.4093348979949951,-0.3120303153991699
1,1578,15.780000000000001,7561.9518756866455,7503.48836183548,7495.866566896439,7424.342334270477,-0.4050135612487793,-0.782012939453125,0.40277838706970215,-0.3154575824737549
1,1579,15.790000000000001,7561.55252456665,7502.69889831543,7496.268451213837,7424.027770757675,-0.3993511199951172,-0.7894635200500488,0.4018843173980713,-0.314563512802124
1,1580,15.8,7561.164498329163,7501.902282238007,7496.664077043533,7423.715591430664,-0.38802623748779297,-0.7966160774230957,0.3956258296966553,-0.3121793270111084
1,1581,15.81,7560.795843601227,7501.100599765778,7497.033029794693,7423.403412103653,-0.368654727935791,-0.8016824722290039,0.36895275115966797,-0.3121793270111084
1,1582,15.82,7560.466229915619,7500.278353691101,7497.337162494659,7423.121780157089,-0.32961368560791016,-0.8222460746765137,0.30413269996643066,-0.2816319465637207
1,1583,15.83,7560.117542743683,7499.516308307648,7497.67541885376,7422.814667224884,-0.34868717193603516,-0.7620453834533691,0.3382563591003418,-0.3071129322052002
1,1584,15.84,7559.782862663269,7498.73161315918,7497.976571321487,7422.531098127365,-0.33468008041381836,-0.7846951484680176,0.30115246772766113,-0.2835690975189209
1,1585,15.85,7559.464871883392,7497.96137213707,7498.256713151932,7422.22398519516,-0.317990779876709,-0.7702410221099854,0.28014183044433594,-0.3071129322052002
1,1586,15.860000000000001,7559.170424938202,7497.1674382686615,7498.523592948914,7421.9293892383575,-0.2944469451904297,-0.7939338684082031,0.2668797969818115,-0.29459595680236816
1,1587,15.870000000000001,7558.999061584473,7496.365159749985,7498.726546764374,7421.587705612183,-0.17136335372924805,-0.8022785186767578,0.20295381546020508,-0.34168362617492676
1,1588,15.88,7558.860778808594,7495.615780353546,7498.928606510162,7421.209514141083,-0.13828277587890625,-0.7493793964385986,0.20205974578857422,-0.3781914710998535
1,1589,15.89,7558.7597489356995,7494.787722826004,7499.116361141205,7420.903891324997,-0.10102987289428711,-0.8280575275421143,0.18775463104248047,-0.30562281608581543
1,1590,15.9,7558.675706386566,7494.072765111923,7499.316036701202,7420.545071363449,-0.08404254913330078,-0.7149577140808105,0.1996755599975586,-0.35881996154785156
1,1591,15.91,7558.59911441803,7493.322342634201,7499.491572380066,7420.2364683151245,-0.07659196853637695,-0.750422477722168,0.1755356788635254,-0.30860304832458496
1,1592,15.92,7558.523416519165,7492.607533931732,7499.646097421646,7419.910728931427,-0.0756978988647461,-0.7148087024688721,0.1545250415802002,-0.32573938369750977
1,1593,15.93,7558.444142341614,7491.884678602219,7499.803751707077,7419.604063034058,-0.07927417755126953,-0.7228553295135498,0.1576542854309082,-0.30666589736938477
1,1594,15.94,7558.354735374451,7491.191178560257,7499.953210353851,7419.305294752121,-0.08940696716308594,-0.6935000419616699,0.149458646774292,-0.2987682819366455
1,1595,15.950000000000001,7558.255195617676,7490.506023168564,7500.097453594208,7419.020980596542,-0.09953975677490234,-0.6851553916931152,0.1442432403564453,-0.2843141555786133
1,1596,15.96,7558.141648769379,7489.839941263199,7500.2434849739075,7418.7493324279785,-0.11354684829711914,-0.6660819053649902,0.14603137969970703,-0.2716481685638428
1,1597,15.97,7558.009624481201,7489.190250635147,7500.395476818085,7418.490797281265,-0.13202428817749023,-0.6496906280517578,0.1519918441772461,-0.25853514671325684
1,1598,15.98,7557.854354381561,7488.556802272797,7500.550746917725,7418.251186609268,-0.15527009963989258,-0.6334483623504639,0.15527009963989258,-0.2396106719970703
1,1599,15.99,7557.678818702698,7487.93825507164,7500.710189342499,7418.025434017181,-0.1755356788635254,-0.6185472011566162,0.15944242477416992,-0.225752592086792
1,1600,16.0,7557.478845119476,7487.329989671707,7500.881254673004,7417.8192019462585,-0.19997358322143555,-0.6082653999328613,0.1710653305053711,-0.20623207092285156
1,1601,16.01,7557.250559329987,7486.74675822258,7501.061856746674,7417.630553245544,-0.2282857894897461,-0.5832314491271973,0.1806020736694336,-0.18864870071411133
1,1602,16.02,7556.995153427124,7486.171275377274,7501.253187656403,7417.463511228561,-0.25540590286254883,-0.5754828453063965,0.1913309097290039,-0.16704201698303223
1,1603,16.03,7556.707859039307,7485.607713460922,7501.458823680878,7417.316138744354,-0.2872943878173828,-0.5635619163513184,0.20563602447509766,-0.14737248420715332
1,1604,16.04,7556.369602680206,7485.165148973465,7501.650750637054,7417.1265959739685,-0.3382563591003418,-0.4425644874572754,0.1919269561767578,-0.1895427703857422
1,1605,16.05,7555.994987487793,7484.677881002426,7501.8709897994995,7416.992336511612,-0.3746151924133301,-0.48726797103881836,0.22023916244506836,-0.13425946235656738
1,1606,16.06,7555.526494979858,7484.18852686882,7502.143979072571,7416.8625473976135,-0.4684925079345703,-0.48935413360595703,0.27298927307128906,-0.12978911399841309
1,1607,16.07,7555.000185966492,7483.737468719482,7502.402663230896,7416.752129793167,-0.5263090133666992,-0.45105814933776855,0.2586841583251953,-0.11041760444641113
1,1608,16.080000000000002,7554.410696029663,7483.2674860954285,7502.714991569519,7416.675388813019,-0.5894899368286133,-0.4699826240539551,0.3123283386230469,-0.07674098014831543
1,1609,16.09,7553.7484884262085,7482.763230800629,7503.010332584381,7416.636347770691,-0.6622076034545898,-0.5042552947998047,0.29534101486206055,-0.03904104232788086
1,1610,16.1,7553.061544895172,7482.224702835083,7503.313720226288,7416.608929634094,-0.686943531036377,-0.5385279655456543,0.3033876419067383,-0.027418136596679688
1,1611,16.11,7552.347779273987,7481.692135334015,7503.666281700134,7416.597902774811,-0.7137656211853027,-0.5325675010681152,0.35256147384643555,-0.011026859283447266
1,1612,16.12,7551.620304584503,7481.155097484589,7503.988444805145,7416.620552539825,-0.7274746894836426,-0.5370378494262695,0.32216310501098633,0.022649765014648438
1,1613,16.13,7550.889849662781,7480.598092079163,7504.3123960494995,7416.64782166481,-0.7304549217224121,-0.5570054054260254,0.32395124435424805,0.02726912498474121
1,1614,16.14,7550.157010555267,7479.998469352722,7504.647970199585,7416.709363460541,-0.7328391075134277,-0.5996227264404297,0.3355741500854492,0.06154179573059082
1,1615,16.15,7549.430429935455,7479.391992092133,7504.967749118805,7416.769862174988,-0.7265806198120117,-0.6064772605895996,0.3197789192199707,0.060498714447021484
1,1616,16.16,7548.7130880355835,7478.738576173782,7505.2788853645325,7416.844218969345,-0.7173418998718262,-0.6534159183502197,0.31113624572753906,0.0743567943572998
1,1617,16.17,7548.011839389801,7478.066235780716,7505.578100681305,7416.923046112061,-0.7012486457824707,-0.6723403930664062,0.29921531677246094,0.0788271427154541
1,1618,16.18,7547.331750392914,7477.362751960754,7505.863308906555,7417.011260986328,-0.680088996887207,-0.7034838199615479,0.28520822525024414,0.08821487426757812
1,1619,16.19,7546.676397323608,7476.641088724136,7506.128251552582,7417.099177837372,-0.6553530693054199,-0.721663236618042,0.26494264602661133,0.08791685104370117
1,1620,16.2,7546.045184135437,7475.885897874832,7506.379783153534,7417.196333408356,-0.6312131881713867,-0.7551908493041992,0.25153160095214844,0.09715557098388672
1,1621,16.21,7545.443773269653,7475.118041038513,7506.607174873352,7417.289614677429,-0.6014108657836914,-0.7678568363189697,0.22739171981811523,0.09328126907348633
1,1622,16.22,7544.869482517242,7474.3252992630005,7506.817877292633,7417.387366294861,-0.5742907524108887,-0.7927417755126953,0.21070241928100586,0.09775161743164062
1,1623,16.23,7544.330656528473,7473.529577255249,7506.9960951805115,7417.486608028412,-0.5388259887695312,-0.7957220077514648,0.17821788787841797,0.09924173355102539
1,1624,16.240000000000002,7543.814778327942,7472.716420888901,7507.160007953644,7417.593449354172,-0.5158782005310059,-0.8131563663482666,0.16391277313232422,0.1068413257598877
1,1625,16.25,7543.323636054993,7471.898049116135,7507.300674915314,7417.696863412857,-0.49114227294921875,-0.8183717727661133,0.14066696166992188,0.10341405868530273
1,1626,16.26,7542.843818664551,7471.11901640892,7507.421374320984,7417.78701543808,-0.47981739044189453,-0.7790327072143555,0.12069940567016602,0.09015202522277832
1,1627,16.27,7542.369961738586,7470.339238643646,7507.52329826355,7417.902648448944,-0.47385692596435547,-0.7797777652740479,0.10192394256591797,0.11563301086425781
1,1628,16.28,7541.9095158576965,7469.5731699466705,7507.608532905579,7418.012320995331,-0.4604458808898926,-0.766068696975708,0.0852346420288086,0.10967254638671875
1,1629,16.29,7541.4639711380005,7468.806803226471,7507.6824426651,7418.124079704285,-0.4455447196960449,-0.766366720199585,0.07390975952148438,0.11175870895385742
1,1630,16.3,7541.031837463379,7468.049973249435,7507.740557193756,7418.2334542274475,-0.43213367462158203,-0.7568299770355225,0.05811452865600586,0.1093745231628418
1,1631,16.31,7540.609240531921,7467.299401760101,7507.792413234711,7418.341338634491,-0.42259693145751953,-0.7505714893341064,0.051856040954589844,0.10788440704345703
1,1632,16.32,7540.193796157837,7466.562986373901,7507.838606834412,7418.447136878967,-0.41544437408447266,-0.7364153861999512,0.046193599700927734,0.10579824447631836
1,1633,16.330000000000002,7539.784908294678,7465.836554765701,7507.881224155426,7418.554425239563,-0.4088878631591797,-0.7264316082000732,0.0426173210144043,0.10728836059570312
1,1634,16.34,7539.372444152832,7465.129047632217,7507.924735546112,7418.662458658218,-0.4124641418457031,-0.7075071334838867,0.043511390686035156,0.10803341865539551
1,1635,16.35,7538.960576057434,7464.3997848033905,7507.988512516022,7418.78017783165,-0.4118680953979492,-0.7292628288269043,0.06377696990966797,0.11771917343139648
1,1636,16.36,7538.551986217499,7463.675886392593,7508.070766925812,7418.8825488090515,-0.40858983993530273,-0.7238984107971191,0.08225440979003906,0.1023709774017334
1,1637,16.37,7538.142204284668,7462.986558675766,7508.156001567841,7418.977320194244,-0.40978193283081055,-0.6893277168273926,0.0852346420288086,0.0947713851928711
1,1638,16.38,7537.721693515778,7462.305873632431,7508.249878883362,7419.0837144851685,-0.42051076889038086,-0.6806850433349609,0.09387731552124023,0.10639429092407227
1,1639,16.39,7537.279725074768,7461.649775505066,7508.360743522644,7419.190853834152,-0.4419684410095215,-0.6560981273651123,0.11086463928222656,0.10713934898376465
1,1640,16.4,7536.817491054535,7461.009919643402,7508.484423160553,7419.301867485046,-0.4622340202331543,-0.6398558616638184,0.12367963790893555,0.11101365089416504
1,1641,16.41,7536.399066448212,7460.362762212753,7508.676648139954,7419.3936586380005,-0.4184246063232422,-0.6471574306488037,0.19222497940063477,0.09179115295410156
1,1642,16.42,7535.978257656097,7459.7446620464325,7508.8536739349365,7419.49200630188,-0.4208087921142578,-0.6181001663208008,0.17702579498291016,0.09834766387939453
1,1643,16.43,7535.543441772461,7459.127604961395,7509.027421474457,7419.591993093491,-0.4348158836364746,-0.6170570850372314,0.17374753952026367,0.09998679161071777
1,1644,16.44,7535.08985042572,7458.526790142059,7509.233057498932,7419.698238372803,-0.45359134674072266,-0.6008148193359375,0.20563602447509766,0.10624527931213379
1,1645,16.45,7534.599006175995,7457.887083292007,7509.4592571258545,7419.8561906814575,-0.4908442497253418,-0.6397068500518799,0.22619962692260742,0.15795230865478516
1,1646,16.46,7534.078061580658,7457.272261381149,7509.685754776001,7420.012056827545,-0.5209445953369141,-0.6148219108581543,0.22649765014648438,0.15586614608764648
1,1647,16.47,7533.524930477142,7456.668317317963,7509.9629163742065,7420.171797275543,-0.553131103515625,-0.6039440631866455,0.2771615982055664,0.15974044799804688
1,1648,16.48,7532.94438123703,7456.083446741104,7510.235905647278,7420.354783535004,-0.5805492401123047,-0.5848705768585205,0.27298927307128906,0.18298625946044922
1,1649,16.490000000000002,7532.33015537262,7455.510795116425,7510.518431663513,7420.537769794464,-0.6142258644104004,-0.5726516246795654,0.28252601623535156,0.18298625946044922
1,1650,16.5,7531.686425209045,7454.958409070969,7510.822713375092,7420.728802680969,-0.6437301635742188,-0.5523860454559326,0.30428171157836914,0.19103288650512695
1,1651,16.51,7531.019449234009,7454.418241977692,7511.142790317535,7420.929074287415,-0.6669759750366211,-0.5401670932769775,0.32007694244384766,0.2002716064453125
1,1652,16.52,7530.334293842316,7453.892529010773,7511.467337608337,7421.127110719681,-0.6851553916931152,-0.5257129669189453,0.32454729080200195,0.19803643226623535
1,1653,16.53,7529.639005661011,7453.362196683884,7511.808276176453,7421.3287234306335,-0.6952881813049316,-0.5303323268890381,0.3409385681152344,0.2016127109527588
1,1654,16.54,7528.935372829437,7452.839612960815,7512.156367301941,7421.528697013855,-0.7036328315734863,-0.5225837230682373,0.34809112548828125,0.19997358322143555
1,1655,16.55,7528.243660926819,7452.263981103897,7512.484490871429,7421.74968123436,-0.6917119026184082,-0.575631856918335,0.3281235694885254,0.22098422050476074
1,1656,16.56,7527.572512626648,7451.776713132858,7512.8379464149475,7421.924024820328,-0.6711483001708984,-0.48726797103881836,0.3534555435180664,0.17434358596801758
1,1657,16.57,7526.901364326477,7451.236844062805,7513.183951377869,7422.138154506683,-0.6711483001708984,-0.5398690700531006,0.3460049629211426,0.21412968635559082
1,1658,16.580000000000002,7526.242136955261,7450.72215795517,7513.523697853088,7422.323524951935,-0.6592273712158203,-0.514686107635498,0.33974647521972656,0.18537044525146484
1,1659,16.59,7525.588572025299,7450.176775455475,7513.8625502586365,7422.521412372589,-0.6535649299621582,-0.5453824996948242,0.3388524055480957,0.19788742065429688
1,1660,16.6,7524.986267089844,7449.659705162048,7514.1772627830505,7422.750294208527,-0.6023049354553223,-0.5170702934265137,0.3147125244140625,0.2288818359375
1,1661,16.61,7524.39558506012,7449.187785387039,7514.40554857254,7422.950267791748,-0.5906820297241211,-0.4719197750091553,0.2282857894897461,0.19997358322143555
1,1662,16.62,7523.869872093201,7448.709607124329,7514.600157737732,7423.084378242493,-0.5257129669189453,-0.4781782627105713,0.1946091651916504,0.1341104507446289
1,1663,16.63,7523.4100222587585,7448.2376873493195,7514.814138412476,7423.199564218521,-0.45984983444213867,-0.4719197750091553,0.21398067474365234,0.11518597602844238
1,1664,16.64,7522.978186607361,7447.716146707535,7515.012323856354,7423.36630821228,-0.4318356513977051,-0.521540641784668,0.19818544387817383,0.16674399375915527
1,1665,16.65,7522.560358047485,7447.224408388138,7515.178322792053,7423.50161075592,-0.4178285598754883,-0.49173831939697266,0.1659989356994629,0.13530254364013672
1,1666,16.66,7522.157430648804,7446.707040071487,7515.338957309723,7423.661947250366,-0.4029273986816406,-0.5173683166503906,0.16063451766967773,0.16033649444580078
1,1667,16.67,7521.7777490615845,7446.219176054001,7515.472769737244,7423.82675409317,-0.3796815872192383,-0.48786401748657227,0.13381242752075195,0.16480684280395508
1,1668,16.68,7521.405220031738,7445.747405290604,7515.587210655212,7424.01197552681,-0.3725290298461914,-0.4717707633972168,0.11444091796875,0.18522143363952637
1,1669,16.69,7521.026730537415,7445.288002490997,7515.689134597778,7424.216866493225,-0.37848949432373047,-0.45940279960632324,0.10192394256591797,0.20489096641540527
1,1670,16.7,7520.645558834076,7444.834113121033,7515.774667263031,7424.438297748566,-0.38117170333862305,-0.4538893699645996,0.08553266525268555,0.22143125534057617
1,1671,16.71,7520.2542543411255,7444.373816251755,7515.854835510254,7424.687445163727,-0.39130449295043945,-0.4602968692779541,0.08016824722290039,0.2491474151611328
1,1672,16.72,7519.867122173309,7443.93453001976,7515.926957130432,7424.943447113037,-0.3871321678161621,-0.4392862319946289,0.07212162017822266,0.25600194931030273
1,1673,16.73,7519.469261169434,7443.493753671646,7515.994608402252,7425.2282083034515,-0.3978610038757324,-0.44077634811401367,0.06765127182006836,0.2847611904144287
1,1674,16.740000000000002,7519.063949584961,7443.065792322159,7516.0592794418335,7425.530403852463,-0.40531158447265625,-0.4279613494873047,0.06467103958129883,0.30219554901123047
1,1675,16.75,7518.722414970398,7442.562580108643,7516.076564788818,7425.895929336548,-0.3415346145629883,-0.5032122135162354,0.01728534698486328,0.365525484085083
1,1676,16.76,7518.427670001984,7442.055195569992,7516.0446763038635,7426.234483718872,-0.29474496841430664,-0.5073845386505127,-0.031888484954833984,0.33855438232421875
1,1677,16.77,7518.1519985198975,7441.518753767014,7516.014873981476,7426.591068506241,-0.27567148208618164,-0.5364418029785156,-0.029802322387695312,0.3565847873687744
1,1678,16.78,7517.8733468055725,7441.01345539093,7516.004741191864,7426.977902650833,-0.27865171432495117,-0.505298376083374,-0.010132789611816406,0.38683414459228516
1,1679,16.79,7517.569661140442,7440.5337870121,7515.992522239685,7427.396327257156,-0.30368566513061523,-0.47966837882995605,-0.012218952178955078,0.4184246063232422
1,1680,16.8,7517.230212688446,7440.0776624679565,7515.99133014679,7427.844703197479,-0.3394484519958496,-0.45612454414367676,-0.0011920928955078125,0.448375940322876
1,1681,16.81,7516.846656799316,7439.644038677216,7516.003847122192,7428.328841924667,-0.38355588912963867,-0.4336237907409668,0.012516975402832031,0.48413872718811035
1,1682,16.82,7516.412734985352,7439.260184764862,7516.040802001953,7428.829222917557,-0.43392181396484375,-0.3838539123535156,0.03695487976074219,0.5003809928894043
1,1683,16.830000000000002,7515.915632247925,7438.920736312866,7516.124844551086,7429.378032684326,-0.4971027374267578,-0.3394484519958496,0.08404254913330078,0.5488097667694092
1,1684,16.84,7515.362799167633,7438.613921403885,7516.21276140213,7429.961860179901,-0.552833080291748,-0.30681490898132324,0.08791685104370117,0.5838274955749512
1,1685,16.85,7514.75065946579,7438.32141160965,7516.337037086487,7430.570721626282,-0.6121397018432617,-0.2925097942352295,0.12427568435668945,0.6088614463806152
1,1686,16.86,7514.082491397858,7438.046187162399,7516.490817070007,7431.2131106853485,-0.6681680679321289,-0.2752244472503662,0.1537799835205078,0.6423890590667725
1,1687,16.87,7513.360381126404,7437.774091959,7516.6767835617065,7431.896030902863,-0.7221102714538574,-0.2720952033996582,0.18596649169921875,0.6829202175140381
1,1688,16.88,7512.584328651428,7437.505424022675,7516.89076423645,7432.614713907242,-0.7760524749755859,-0.26866793632507324,0.21398067474365234,0.7186830043792725
1,1689,16.89,7511.7626786231995,7437.268495559692,7517.124712467194,7433.348596096039,-0.8216500282287598,-0.23692846298217773,0.2339482307434082,0.7338821887969971
1,1690,16.9,7510.789334774017,7437.051683664322,7517.41349697113,7434.108555316925,-0.9733438491821289,-0.2168118953704834,0.2887845039367676,0.7599592208862305
1,1691,16.91,7509.815096855164,7436.79016828537,7517.705261707306,7434.8437786102295,-0.9742379188537598,-0.26151537895202637,0.2917647361755371,0.7352232933044434
1,1692,16.92,7508.810758590698,7436.539381742477,7518.101334571838,7435.5849623680115,-1.004338264465332,-0.25078654289245605,0.3960728645324707,0.7411837577819824
1,1693,16.93,7507.77542591095,7436.276972293854,7518.476247787476,7436.370402574539,-1.0353326797485352,-0.2624094486236572,0.37491321563720703,0.78544020652771
1,1694,16.94,7506.729960441589,7435.976564884186,7518.815994262695,7437.136918306351,-1.0454654693603516,-0.30040740966796875,0.33974647521972656,0.7665157318115234
1,1695,16.95,7505.6809186935425,7435.631901025772,7519.209682941437,7437.903881072998,-1.049041748046875,-0.3446638584136963,0.3936886787414551,0.7669627666473389
1,1696,16.96,7504.630386829376,7435.295581817627,7519.6123123168945,7438.684105873108,-1.0505318641662598,-0.3363192081451416,0.40262937545776367,0.7802248001098633
1,1697,16.97,7503.587007522583,7434.945851564407,7520.003914833069,7439.458668231964,-1.043379306793213,-0.3497302532196045,0.3916025161743164,0.7745623588562012
1,1698,16.98,7502.559423446655,7434.566020965576,7520.395517349243,7440.2302503585815,-1.0275840759277344,-0.37983059883117676,0.3916025161743164,0.7715821266174316
1,1699,16.990000000000002,7501.552700996399,7434.166967868805,7520.780563354492,7440.994083881378,-1.0067224502563477,-0.39905309677124023,0.38504600524902344,0.7638335227966309
1,1700,17.0,7500.578165054321,7433.747500181198,7521.1501121521,7441.743612289429,-0.9745359420776367,-0.4194676876068115,0.3695487976074219,0.7495284080505371
1,1701,17.01,7499.638348817825,7433.309555053711,7521.499991416931,7442.483603954315,-0.9398162364959717,-0.4379451274871826,0.34987926483154297,0.7399916648864746
1,1702,17.02,7498.743236064911,7432.851046323776,7521.829009056091,7443.207502365112,-0.8951127529144287,-0.4585087299346924,0.32901763916015625,0.7238984107971191
1,1703,17.03,7497.900426387787,7432.378530502319,7522.129118442535,7443.9166486263275,-0.8428096771240234,-0.4725158214569092,0.3001093864440918,0.70914626121521
1,1704,17.04,7497.127205133438,7431.907206773758,7522.411644458771,7444.606125354767,-0.7732212543487549,-0.47132372856140137,0.28252601623535156,0.689476728439331
1,1705,17.05,7496.393471956253,7431.416362524033,7522.644400596619,7445.292770862579,-0.7337331771850586,-0.4908442497253418,0.2327561378479004,0.6866455078125
1,1706,17.06,7495.7215785980225,7430.923879146576,7522.8351354599,7445.948570966721,-0.6718933582305908,-0.49248337745666504,0.19073486328125,0.6558001041412354
1,1707,17.07,7495.109587907791,7430.41455745697,7522.988319396973,7446.590811014175,-0.6119906902313232,-0.5093216896057129,0.1531839370727539,0.642240047454834
1,1708,17.080000000000002,7494.55988407135,7429.910451173782,7523.1000781059265,7447.215169668198,-0.54970383644104,-0.5041062831878662,0.11175870895385742,0.6243586540222168
1,1709,17.09,7494.067847728729,7429.418563842773,7523.208558559418,7447.845041751862,-0.4920363426208496,-0.49188733100891113,0.10848045349121094,0.6298720836639404
1,1710,17.1,7493.625283241272,7428.995370864868,7523.275017738342,7448.430359363556,-0.4425644874572754,-0.42319297790527344,0.06645917892456055,0.5853176116943359
1,1711,17.11,7493.22384595871,7428.5683035850525,7523.291110992432,7449.008822441101,-0.40143728256225586,-0.42706727981567383,0.01609325408935547,0.578463077545166
1,1712,17.12,7492.872625589371,7428.163588047028,7523.263990879059,7449.559569358826,-0.35122036933898926,-0.40471553802490234,-0.027120113372802734,0.5507469177246094
1,1713,17.13,7492.568343877792,7427.768260240555,7523.204684257507,7450.097352266312,-0.30428171157836914,-0.3953278064727783,-0.05930662155151367,0.5377829074859619
1,1714,17.14,7492.305785417557,7427.398711442947,7523.112595081329,7450.615763664246,-0.2625584602355957,-0.3695487976074219,-0.09208917617797852,0.51841139793396
1,1715,17.150000000000002,7492.063492536545,7427.023351192474,7522.974610328674,7451.123595237732,-0.2422928810119629,-0.37536025047302246,-0.1379847526550293,0.5078315734863281
1,1716,17.16,7491.843402385712,7426.674067974091,7522.808313369751,7451.6066908836365,-0.22009015083312988,-0.34928321838378906,-0.16629695892333984,0.483095645904541
1,1717,17.17,7491.645514965057,7426.362335681915,7522.6253271102905,7452.083975076675,-0.19788742065429688,-0.31173229217529297,-0.18298625946044922,0.47728419303894043
1,1718,17.18,7491.465657949448,7426.0905385017395,7522.42237329483,7452.55634188652,-0.1798570156097412,-0.27179718017578125,-0.20295381546020508,0.4723668098449707
1,1719,17.19,7491.281181573868,7425.876408815384,7522.174715995789,7453.022450208664,-0.18447637557983398,-0.21412968635559082,-0.24765729904174805,0.4661083221435547
1,1720,17.2,7491.089850664139,7425.688654184341,7521.927654743195,7453.504055738449,-0.1913309097290039,-0.18775463104248047,-0.24706125259399414,0.48160552978515625
1,1721,17.21,7490.8992648124695,7425.54634809494,7521.658539772034,7453.988939523697,-0.19058585166931152,-0.14230608940124512,-0.26911497116088867,0.48488378524780273
1,1722,17.22,7490.704208612442,7425.422519445419,7521.382570266724,7454.475164413452,-0.19505620002746582,-0.12382864952087402,-0.2759695053100586,0.486224889755249
1,1723,17.23,7490.500956773758,7425.334602594376,7521.107792854309,7454.96079325676,-0.20325183868408203,-0.08791685104370117,-0.2747774124145508,0.4856288433074951
1,1724,17.240000000000002,7490.281462669373,7425.2912402153015,7520.836591720581,7455.442845821381,-0.21949410438537598,-0.04336237907409668,-0.27120113372802734,0.4820525646209717
1,1725,17.25,7490.038275718689,7425.292879343033,7520.5740332603455,7455.927282571793,-0.24318695068359375,0.0016391277313232422,-0.2625584602355957,0.4844367504119873
1,1726,17.26,7489.768266677856,7425.312101840973,7520.315945148468,7456.436902284622,-0.27000904083251953,0.019222497940063477,-0.2580881118774414,0.5096197128295898
1,1727,17.27,7489.486038684845,7425.377368927002,7520.048022270203,7456.9375813007355,-0.2822279930114746,0.06526708602905273,-0.26792287826538086,0.5006790161132812
1,1728,17.28,7489.154934883118,7425.444722175598,7519.851326942444,7457.457482814789,-0.3311038017272949,0.0673532485961914,-0.19669532775878906,0.5199015140533447
1,1729,17.29,7488.765269517899,7425.547391176224,7519.703507423401,7457.995712757111,-0.3896653652191162,0.10266900062561035,-0.14781951904296875,0.5382299423217773
1,1730,17.3,7488.324791193008,7425.642311573029,7519.542872905731,7458.587884902954,-0.4404783248901367,0.09492039680480957,-0.16063451766967773,0.5921721458435059
1,1731,17.31,7487.810105085373,7425.698935985565,7519.395649433136,7459.244728088379,-0.514686107635498,0.056624412536621094,-0.14722347259521484,0.6568431854248047
1,1732,17.32,7487.22568154335,7425.799518823624,7519.298791885376,7459.910809993744,-0.5844235420227051,0.10058283805847168,-0.09685754776000977,0.6660819053649902
1,1733,17.330000000000002,7486.612647771835,7425.912767648697,7519.233822822571,7460.601925849915,-0.6130337715148926,0.11324882507324219,-0.06496906280517578,0.6911158561706543
1,1734,17.34,7485.964894294739,7426.035851240158,7519.190609455109,7461.316138505936,-0.6477534770965576,0.12308359146118164,-0.0432133674621582,0.7142126560211182
1,1735,17.35,7485.288679599762,7426.145225763321,7519.1715359687805,7462.048828601837,-0.6762146949768066,0.1093745231628418,-0.019073486328125,0.7326900959014893
1,1736,17.36,7484.595030546188,7426.244020462036,7519.17690038681,7462.790608406067,-0.6936490535736084,0.09879469871520996,0.005364418029785156,0.7417798042297363
1,1737,17.37,7483.88409614563,7426.327019929886,7519.20759677887,7463.550567626953,-0.7109344005584717,0.08299946784973145,0.030696392059326172,0.7599592208862305
1,1738,17.38,7483.1633269786835,7426.39347910881,7519.259750843048,7464.322745800018,-0.7207691669464111,0.06645917892456055,0.0521540641784668,0.7721781730651855
1,1739,17.39,7482.436150312424,7426.441311836243,7519.3265080451965,7465.106546878815,-0.7271766662597656,0.04783272743225098,0.0667572021484375,0.7838010787963867
1,1740,17.400000000000002,7481.708228588104,7426.460534334183,7519.41055059433,7465.904802083969,-0.727921724319458,0.019222497940063477,0.08404254913330078,0.798255205154419
1,1741,17.41,7480.984479188919,7426.457852125168,7519.508600234985,7466.713190078735,-0.7237493991851807,-0.002682209014892578,0.09804964065551758,0.8083879947662354
1,1742,17.42,7480.268478393555,7426.42804980278,7519.611418247223,7467.52917766571,-0.7160007953643799,-0.029802322387695312,0.10281801223754883,0.8159875869750977
1,1743,17.43,7479.566782712936,7426.367700099945,7519.721686840057,7468.35470199585,-0.7016956806182861,-0.06034970283508301,0.11026859283447266,0.8255243301391602
1,1744,17.44,7478.885054588318,7426.27739906311,7519.829273223877,7469.1906571388245,-0.6817281246185303,-0.0903010368347168,0.10758638381958008,0.8359551429748535
1,1745,17.45,7478.335350751877,7426.07444524765,7519.807517528534,7469.95210647583,-0.54970383644104,-0.20295381546020508,-0.021755695343017578,0.7614493370056152
1,1746,17.46,7477.789521217346,7425.85614323616,7519.844770431519,7470.704466104507,-0.5458295345306396,-0.21830201148986816,0.03725290298461914,0.7523596286773682
1,1747,17.47,7477.304637432098,7425.588816404343,7519.866824150085,7471.520006656647,-0.48488378524780273,-0.26732683181762695,0.02205371856689453,0.8155405521392822
1,1748,17.48,7476.846873760223,7425.365447998047,7519.870698451996,7472.313940525055,-0.457763671875,-0.22336840629577637,0.0038743019104003906,0.7939338684082031
1,1749,17.490000000000002,7476.414740085602,7425.089329481125,7519.864439964294,7473.138272762299,-0.43213367462158203,-0.27611851692199707,-0.006258487701416016,0.8243322372436523
1,1750,17.5,7476.002126932144,7424.828112125397,7519.838213920593,7473.950982093811,-0.4126131534576416,-0.2612173557281494,-0.026226043701171875,0.8127093315124512
1,1751,17.51,7475.623041391373,7424.5136976242065,7519.771158695221,7474.747896194458,-0.3790855407714844,-0.31441450119018555,-0.06705522537231445,0.7969141006469727
1,1752,17.52,7475.322484970093,7424.204796552658,7519.6874141693115,7475.477159023285,-0.3005564212799072,-0.3089010715484619,-0.08374452590942383,0.7292628288269043
1,1753,17.53,7475.087642669678,7423.851788043976,7519.592046737671,7476.218491792679,-0.23484230041503906,-0.353008508682251,-0.095367431640625,0.7413327693939209
1,1754,17.54,7474.893480539322,7423.5013127326965,7519.481182098389,7476.950585842133,-0.19416213035583496,-0.3504753112792969,-0.11086463928222656,0.7320940494537354
1,1755,17.55,7474.714517593384,7423.153966665268,7519.368529319763,7477.696239948273,-0.17896294593811035,-0.34734606742858887,-0.11265277862548828,0.7456541061401367
1,1756,17.56,7474.537342786789,7422.835826873779,7519.2442536354065,7478.450387716293,-0.17717480659484863,-0.31813979148864746,-0.12427568435668945,0.7541477680206299
1,1757,17.57,7474.3615090847015,7422.523945569992,7519.129812717438,7479.204684495926,-0.17583370208740234,-0.31188130378723145,-0.11444091796875,0.7542967796325684
1,1758,17.580000000000002,7474.17613863945,7422.241270542145,7519.001066684723,7479.954212903976,-0.18537044525146484,-0.28267502784729004,-0.12874603271484375,0.7495284080505371
1,1759,17.59,7473.968416452408,7421.995550394058,7518.887221813202,7480.715364217758,-0.20772218704223633,-0.24572014808654785,-0.1138448715209961,0.7611513137817383
1,1760,17.6,7473.731487989426,7421.793192625046,7518.781423568726,7481.490671634674,-0.23692846298217773,-0.20235776901245117,-0.10579824447631836,0.7753074169158936
1,1761,17.61,7473.467290401459,7421.621084213257,7518.672347068787,7482.270896434784,-0.26419758796691895,-0.17210841178894043,-0.10907649993896484,0.7802248001098633
1,1762,17.62,7473.169267177582,7421.477884054184,7518.581748008728,7483.057528734207,-0.2980232238769531,-0.14320015907287598,-0.09059906005859375,0.7866322994232178
1,1763,17.63,7472.829967737198,7421.370893716812,7518.509924411774,7483.856528997421,-0.33929944038391113,-0.10699033737182617,-0.0718235969543457,0.7990002632141113
1,1764,17.64,7472.45267033577,7421.303689479828,7518.450021743774,7484.658658504486,-0.37729740142822266,-0.06720423698425293,-0.05990266799926758,0.8021295070648193
1,1765,17.650000000000002,7472.033500671387,7421.26077413559,7518.410682678223,7485.470324754715,-0.41916966438293457,-0.04291534423828125,-0.03933906555175781,0.8116662502288818
1,1766,17.66,7471.571564674377,7421.256601810455,7518.390119075775,7486.282289028168,-0.46193599700927734,-0.004172325134277344,-0.020563602447509766,0.8119642734527588
1,1767,17.67,7471.071779727936,7421.277612447739,7518.393993377686,7487.101703882217,-0.4997849464416504,0.021010637283325195,0.0038743019104003906,0.8194148540496826
1,1768,17.68,7470.532953739166,7421.330660581589,7518.414258956909,7487.921565771103,-0.5388259887695312,0.053048133850097656,0.020265579223632812,0.819861888885498
1,1769,17.69,7469.957768917084,7421.407550573349,7518.4571743011475,7488.738298416138,-0.5751848220825195,0.0768899917602539,0.04291534423828125,0.81673264503479
1,1770,17.7,7469.351142644882,7421.505004167557,7518.517374992371,7489.556968212128,-0.6066262722015381,0.09745359420776367,0.06020069122314453,0.8186697959899902
1,1771,17.71,7468.7160551548,7421.619892120361,7518.588304519653,7490.368187427521,-0.6350874900817871,0.11488795280456543,0.07092952728271484,0.8112192153930664
1,1772,17.72,7468.053102493286,7421.742826700211,7518.667578697205,7491.172403097153,-0.6629526615142822,0.12293457984924316,0.07927417755126953,0.804215669631958
1,1773,17.73,7467.3691391944885,7421.87887430191,7518.764436244965,7491.978406906128,-0.6839632987976074,0.1360476016998291,0.09685754776000977,0.8060038089752197
1,1774,17.740000000000002,7466.6717648506165,7422.003448009491,7518.861293792725,7492.796033620834,-0.6973743438720703,0.1245737075805664,0.09685754776000977,0.8176267147064209
1,1775,17.75,7465.970814228058,7422.15171456337,7518.9536809921265,7493.579983711243,-0.7009506225585938,0.14826655387878418,0.09238719940185547,0.7839500904083252
1,1776,17.76,7465.278804302216,7422.2517013549805,7519.024908542633,7494.371980428696,-0.6920099258422852,0.09998679161071777,0.0712275505065918,0.7919967174530029
1,1777,17.77,7464.56116437912,7422.376275062561,7519.082725048065,7495.163232088089,-0.7176399230957031,0.1245737075805664,0.057816505432128906,0.7912516593933105
1,1778,17.78,7463.839948177338,7422.509640455246,7519.159317016602,7495.9540367126465,-0.7212162017822266,0.13336539268493652,0.07659196853637695,0.7908046245574951
1,1779,17.79,7463.115155696869,7422.688454389572,7519.22070980072,7496.727555990219,-0.72479248046875,0.17881393432617188,0.061392784118652344,0.7735192775726318
1,1780,17.8,7462.421506643295,7422.863990068436,7519.26988363266,7497.493624687195,-0.6936490535736084,0.1755356788635254,0.049173831939697266,0.766068696975708
1,1781,17.81,7461.7549777030945,7423.051744699478,7519.306540489197,7498.234510421753,-0.6665289402008057,0.18775463104248047,0.036656856536865234,0.7408857345581055
1,1782,17.82,7461.126744747162,7423.234283924103,7519.315481185913,7498.956173658371,-0.6282329559326172,0.1825392246246338,0.008940696716308594,0.721663236618042
1,1783,17.830000000000002,7460.535019636154,7423.4262108802795,7519.30832862854,7499.656081199646,-0.5917251110076904,0.1919269561767578,-0.007152557373046875,0.6999075412750244
1,1784,17.84,7459.989637136459,7423.622608184814,7519.281208515167,7500.335574150085,-0.5453824996948242,0.1963973045349121,-0.027120113372802734,0.6794929504394531
1,1785,17.85,7459.495514631271,7423.824518918991,7519.237399101257,7500.982582569122,-0.4941225051879883,0.20191073417663574,-0.04380941390991211,0.6470084190368652
1,1786,17.86,7459.055781364441,7424.030601978302,7519.154846668243,7501.603066921234,-0.43973326683044434,0.20608305931091309,-0.08255243301391602,0.6204843521118164
1,1787,17.87,7458.673417568207,7424.251586198807,7519.043684005737,7502.198219299316,-0.38236379623413086,0.22098422050476074,-0.11116266250610352,0.5951523780822754
1,1788,17.88,7458.3423137664795,7424.480766057968,7518.8881158828735,7502.76654958725,-0.3311038017272949,0.22917985916137695,-0.15556812286376953,0.5683302879333496
1,1789,17.89,7458.059787750244,7424.712777137756,7518.706321716309,7503.322958946228,-0.28252601623535156,0.232011079788208,-0.1817941665649414,0.5564093589782715
1,1790,17.900000000000002,7457.846105098724,7424.980103969574,7518.461346626282,7503.865361213684,-0.2136826515197754,0.26732683181762695,-0.24497509002685547,0.5424022674560547
1,1791,17.91,7457.69739151001,7425.244152545929,7518.184781074524,7504.384815692902,-0.1487135887145996,0.26404857635498047,-0.2765655517578125,0.5194544792175293
1,1792,17.92,7457.613795995712,7425.510436296463,7517.867386341095,7504.889667034149,-0.08359551429748535,0.2662837505340576,-0.3173947334289551,0.5048513412475586
1,1793,17.93,7457.611560821533,7425.87611079216,7517.543137073517,7505.283355712891,-0.0022351741790771484,0.3656744956970215,-0.324249267578125,0.3936886787414551
1,1794,17.94,7457.695007324219,7426.31807923317,7517.20130443573,7505.652904510498,0.08344650268554688,0.4419684410095215,-0.34183263778686523,0.3695487976074219
1,1795,17.95,7457.851022481918,7426.711171865463,7516.772449016571,7506.053149700165,0.15601515769958496,0.39309263229370117,-0.42885541915893555,0.40024518966674805
1,1796,17.96,7458.046525716782,7427.119165658951,7516.328692436218,7506.415247917175,0.19550323486328125,0.40799379348754883,-0.4437565803527832,0.36209821701049805
1,1797,17.97,7458.256781101227,7427.510917186737,7515.867352485657,7506.807744503021,0.21025538444519043,0.3917515277862549,-0.46133995056152344,0.39249658584594727
1,1798,17.98,7458.457350730896,7427.947968244553,7515.385746955872,7507.20739364624,0.20056962966918945,0.43705105781555176,-0.48160552978515625,0.39964914321899414
1,1799,17.990000000000002,7458.65985751152,7428.403347730637,7514.876127243042,7507.642507553101,0.20250678062438965,0.4553794860839844,-0.5096197128295898,0.43511390686035156
1,1800,18.0,7458.842992782593,7428.872138261795,7514.369785785675,7508.101761341095,0.1831352710723877,0.46879053115844727,-0.5063414573669434,0.45925378799438477
1,1801,18.01,7459.009885787964,7429.355978965759,7513.857483863831,7508.586049079895,0.16689300537109375,0.4838407039642334,-0.5123019218444824,0.48428773880004883
1,1802,18.02,7459.150105714798,7429.859936237335,7513.352930545807,7509.097456932068,0.14021992683410645,0.5039572715759277,-0.5045533180236816,0.5114078521728516
1,1803,18.03,7459.254115819931,7430.369555950165,7512.864768505096,7509.647905826569,0.10401010513305664,0.5096197128295898,-0.4881620407104492,0.5504488945007324
1,1804,18.04,7459.316849708557,7430.894672870636,7512.396275997162,7510.2293491363525,0.06273388862609863,0.5251169204711914,-0.4684925079345703,0.5814433097839355
1,1805,18.05,7459.34933423996,7431.440651416779,7511.936724185944,7510.811686515808,0.03248453140258789,0.5459785461425781,-0.4595518112182617,0.5823373794555664
1,1806,18.06,7459.341883659363,7431.9519102573395,7511.50369644165,7511.439919471741,-0.007450580596923828,0.5112588405609131,-0.4330277442932129,0.6282329559326172
1,1807,18.07,7459.293007850647,7432.467043399811,7511.0965967178345,7512.094080448151,-0.04887580871582031,0.5151331424713135,-0.40709972381591797,0.6541609764099121
1,1808,18.080000000000002,7459.181398153305,7432.979941368103,7510.741651058197,7512.776255607605,-0.11160969734191895,0.5128979682922363,-0.35494565963745117,0.6821751594543457
1,1809,18.09,7459.012866020203,7433.499097824097,7510.446906089783,7513.500452041626,-0.168532133102417,0.5191564559936523,-0.29474496841430664,0.7241964340209961
1,1810,18.1,7458.778619766235,7434.012889862061,7510.20610332489,7514.268457889557,-0.23424625396728516,0.5137920379638672,-0.24080276489257812,0.7680058479309082
1,1811,18.11,7458.488941192627,7434.5289170742035,7510.000467300415,7515.06119966507,-0.28967857360839844,0.5160272121429443,-0.20563602447509766,0.7927417755126953
1,1812,18.12,7458.13176035881,7435.010373592377,7509.859800338745,7515.901029109955,-0.3571808338165283,0.4814565181732178,-0.14066696166992188,0.8398294448852539
1,1813,18.13,7457.72197842598,7435.478568077087,7509.766519069672,7516.764402389526,-0.40978193283081055,0.46819448471069336,-0.09328126907348633,0.8633732795715332
1,1814,18.14,7457.251250743866,7435.9166622161865,7509.734630584717,7517.661452293396,-0.47072768211364746,0.4380941390991211,-0.031888484954833984,0.8970499038696289
1,1815,18.150000000000002,7456.732243299484,7436.323761940002,7509.755492210388,7518.58651638031,-0.5190074443817139,0.40709972381591797,0.02086162567138672,0.9250640869140625
1,1816,18.16,7456.1648070812225,7436.6748332977295,7509.864568710327,7519.547641277313,-0.5674362182617188,0.3510713577270508,0.10907649993896484,0.9611248970031738
1,1817,18.17,7455.585598945618,7436.945736408234,7510.016560554504,7520.524859428406,-0.5792081356048584,0.2709031105041504,0.1519918441772461,0.9772181510925293
1,1818,18.18,7455.003410577774,7437.178790569305,7510.221898555756,7521.496415138245,-0.5821883678436279,0.23305416107177734,0.2053380012512207,0.9715557098388672
1,1819,18.19,7454.418390989304,7437.368035316467,7510.462701320648,7522.484064102173,-0.585019588470459,0.18924474716186523,0.24080276489257812,0.9876489639282227
1,1820,18.2,7453.845590353012,7437.5219643116,7510.731220245361,7523.458003997803,-0.5728006362915039,0.1539289951324463,0.26851892471313477,0.9739398956298828
1,1821,18.21,7453.281283378601,7437.630593776703,7511.034607887268,7524.436116218567,-0.5643069744110107,0.10862946510314941,0.3033876419067383,0.9781122207641602
1,1822,18.22,7452.7305364608765,7437.704354524612,7511.350214481354,7525.408864021301,-0.5507469177246094,0.0737607479095459,0.31560659408569336,0.972747802734375
1,1823,18.23,7452.197074890137,7437.742799520493,7511.680424213409,7526.368200778961,-0.5334615707397461,0.03844499588012695,0.33020973205566406,0.9593367576599121
1,1824,18.240000000000002,7451.685220003128,7437.750548124313,7512.015998363495,7527.3120403289795,-0.511854887008667,0.007748603820800781,0.3355741500854492,0.9438395500183105
1,1825,18.25,7451.200187206268,7437.7308785915375,7512.35157251358,7528.24068069458,-0.4850327968597412,-0.019669532775878906,0.3355741500854492,0.9286403656005859
1,1826,18.26,7450.762838125229,7437.727451324463,7512.691617012024,7529.15233373642,-0.4373490810394287,-0.003427267074584961,0.3400444984436035,0.9116530418395996
1,1827,18.27,7450.40237903595,7437.716722488403,7513.035237789154,7530.037760734558,-0.3604590892791748,-0.010728836059570312,0.34362077713012695,0.8854269981384277
1,1828,18.28,7450.155317783356,7437.710613012314,7513.305842876434,7530.877888202667,-0.24706125259399414,-0.006109476089477539,0.27060508728027344,0.8401274681091309
1,1829,18.29,7449.905872344971,7437.726408243179,7513.576149940491,7531.67986869812,-0.24944543838500977,0.015795230865478516,0.2703070640563965,0.8019804954528809
1,1830,18.3,7449.708431959152,7437.740117311478,7513.814270496368,7532.444894313812,-0.19744038581848145,0.013709068298339844,0.23812055587768555,0.7650256156921387
1,1831,18.31,7449.552416801453,7437.766343355179,7514.020204544067,7533.188760280609,-0.15601515769958496,0.026226043701171875,0.2059340476989746,0.743865966796875
1,1832,18.32,7449.45764541626,7437.826991081238,7514.151036739349,7533.8879227638245,-0.0947713851928711,0.06064772605895996,0.13083219528198242,0.699162483215332
1,1833,18.330000000000002,7449.402362108231,7437.887787818909,7514.25176858902,7534.575164318085,-0.055283308029174805,0.06079673767089844,0.10073184967041016,0.6872415542602539
1,1834,18.34,7449.38001036644,7438.005954027176,7514.2985582351685,7535.204589366913,-0.022351741790771484,0.11816620826721191,0.04678964614868164,0.629425048828125
1,1835,18.35,7449.403256177902,7438.129633665085,7514.298856258392,7535.8134508132935,0.023245811462402344,0.12367963790893555,0.0002980232238769531,0.6088614463806152
1,1836,18.36,7449.467480182648,7438.299655914307,7514.258623123169,7536.378502845764,0.0642240047454834,0.17002224922180176,-0.04023313522338867,0.5650520324707031
1,1837,18.37,7449.571788311005,7438.497245311737,7514.16951417923,7536.913454532623,0.1043081283569336,0.19758939743041992,-0.08910894393920898,0.5349516868591309
1,1838,18.38,7449.714094400406,7438.739687204361,7514.038681983948,7537.411451339722,0.14230608940124512,0.24244189262390137,-0.13083219528198242,0.49799680709838867
1,1839,18.39,7449.893802404404,7439.013421535492,7513.861060142517,7537.885904312134,0.17970800399780273,0.27373433113098145,-0.17762184143066406,0.4744529724121094
1,1840,18.400000000000002,7450.095564126968,7439.323365688324,7513.650059700012,7538.3371114730835,0.20176172256469727,0.30994415283203125,-0.2110004425048828,0.45120716094970703
1,1841,18.41,7450.325787067413,7439.684718847275,7513.398230075836,7538.751661777496,0.2302229404449463,0.36135315895080566,-0.2518296241760254,0.4145503044128418
1,1842,18.42,7450.573444366455,7440.090477466583,7513.113021850586,7539.140582084656,0.24765729904174805,0.4057586193084717,-0.28520822525024414,0.38892030715942383
1,1843,18.43,7450.834810733795,7440.544366836548,7512.80665397644,7539.507150650024,0.2613663673400879,0.4538893699645996,-0.3063678741455078,0.36656856536865234
1,1844,18.44,7451.111078262329,7441.046983003616,7512.468695640564,7539.845705032349,0.27626752853393555,0.5026161670684814,-0.33795833587646484,0.33855438232421875
1,1845,18.45,7451.3959884643555,7441.6035413742065,7512.115836143494,7540.1511788368225,0.2849102020263672,0.55655837059021,-0.3528594970703125,0.30547380447387695
1,1846,18.46,7451.676726341248,7442.21419095993,7511.750757694244,7540.443539619446,0.28073787689208984,0.610649585723877,-0.3650784492492676,0.292360782623291
1,1847,18.47,7451.949715614319,7442.8872764110565,7511.3701820373535,7540.717124938965,0.27298927307128906,0.6730854511260986,-0.38057565689086914,0.27358531951904297
1,1848,18.48,7452.206015586853,7443.614602088928,7510.994076728821,7540.977895259857,0.2562999725341797,0.7273256778717041,-0.37610530853271484,0.260770320892334
1,1849,18.490000000000002,7452.444285154343,7444.397807121277,7510.6218457221985,7541.213929653168,0.23826956748962402,0.7832050323486328,-0.37223100662231445,0.23603439331054688
1,1850,18.5,7452.661395072937,7445.225566625595,7510.252892971039,7541.438043117523,0.21710991859436035,0.8277595043182373,-0.36895275115966797,0.22411346435546875
1,1851,18.51,7452.851682901382,7446.095794439316,7509.889900684357,7541.650235652924,0.19028782844543457,0.8702278137207031,-0.3629922866821289,0.21219253540039062
1,1852,18.52,7453.007996082306,7447.006702423096,7509.537041187286,7541.854381561279,0.15631318092346191,0.9109079837799072,-0.3528594970703125,0.2041459083557129
1,1853,18.53,7453.131377696991,7447.9469656944275,7509.198784828186,7542.056441307068,0.1233816146850586,0.9402632713317871,-0.3382563591003418,0.20205974578857422
1,1854,18.54,7453.221529722214,7448.91420006752,7508.878111839294,7542.252242565155,0.09015202522277832,0.9672343730926514,-0.32067298889160156,0.1958012580871582
1,1855,18.55,7453.286796808243,7449.929416179657,7508.527040481567,7542.425096035004,0.06526708602905273,1.0152161121368408,-0.3510713577270508,0.1728534698486328
1,1856,18.56,7453.3045291900635,7450.934201478958,7508.226037025452,7542.638182640076,0.01773238182067871,1.0047852993011475,-0.30100345611572266,0.21308660507202148
1,1857,18.57,7453.297972679138,7451.987117528915,7507.916688919067,7542.846202850342,-0.006556510925292969,1.0529160499572754,-0.30934810638427734,0.20802021026611328
1,1858,18.580000000000002,7453.261315822601,7453.0163407325745,7507.628500461578,7543.060779571533,-0.036656856536865234,1.0292232036590576,-0.28818845748901367,0.21457672119140625
1,1859,18.59,7453.1978368759155,7454.053163528442,7507.3665380477905,7543.274164199829,-0.06347894668579102,1.03682279586792,-0.2619624137878418,0.21338462829589844
1,1860,18.6,7453.086674213409,7455.102503299713,7507.146000862122,7543.480098247528,-0.11116266250610352,1.049339771270752,-0.2205371856689453,0.2059340476989746
1,1861,18.61,7452.968806028366,7456.117570400238,7506.926953792572,7543.708980083466,-0.11786818504333496,1.0150671005249023,-0.21904706954956055,0.2288818359375
1,1862,18.62,7452.831268310547,7457.1216106414795,7506.740391254425,7543.928027153015,-0.13753771781921387,1.004040241241455,-0.18656253814697266,0.21904706954956055
1,1863,18.63,7452.678382396698,7458.077371120453,7506.575286388397,7544.172704219818,-0.15288591384887695,0.9557604789733887,-0.16510486602783203,0.24467706680297852
1,1864,18.64,7452.519237995148,7459.015995264053,7506.424784660339,7544.420957565308,-0.15914440155029297,0.9386241436004639,-0.15050172805786133,0.24825334548950195
1,1865,18.650000000000002,7452.353835105896,7459.867000579834,7506.2936544418335,7544.703483581543,-0.16540288925170898,0.8510053157806396,-0.13113021850585938,0.28252601623535156
1,1866,18.66,7452.18813419342,7460.711449384689,7506.175935268402,7544.978559017181,-0.16570091247558594,0.8444488048553467,-0.11771917343139648,0.27507543563842773
1,1867,18.67,7452.027946710587,7461.491227149963,7506.0707330703735,7545.283734798431,-0.1601874828338623,0.7797777652740479,-0.10520219802856445,0.30517578125
1,1868,18.68,7451.877146959305,7462.237328290939,7505.972385406494,7545.591592788696,-0.15079975128173828,0.7461011409759521,-0.09834766387939453,0.3078579902648926
1,1869,18.69,7451.740056276321,7462.913542985916,7505.882978439331,7545.923888683319,-0.13709068298339844,0.6762146949768066,-0.08940696716308594,0.33229589462280273
1,1870,18.7,7451.622933149338,7463.557124137878,7505.801320075989,7546.2570786476135,-0.11712312698364258,0.6435811519622803,-0.08165836334228516,0.3331899642944336
1,1871,18.71,7451.525181531906,7464.137375354767,7505.7220458984375,7546.616196632385,-0.09775161743164062,0.5802512168884277,-0.07927417755126953,0.3591179847717285
1,1872,18.72,7451.466768980026,7464.670687913895,7505.626678466797,7546.987235546112,-0.05841255187988281,0.5333125591278076,-0.095367431640625,0.37103891372680664
1,1873,18.73,7451.435774564743,7465.16078710556,7505.527436733246,7547.377049922943,-0.030994415283203125,0.4900991916656494,-0.09924173355102539,0.3898143768310547
1,1874,18.740000000000002,7451.421469449997,7465.62659740448,7505.434453487396,7547.778785228729,-0.01430511474609375,0.46581029891967773,-0.09298324584960938,0.4017353057861328
1,1875,18.75,7451.437711715698,7466.046363115311,7505.3271651268005,7548.196315765381,0.016242265701293945,0.4197657108306885,-0.10728836059570312,0.41753053665161133
1,1876,18.76,7451.52622461319,7466.415464878082,7505.2210688591,7548.612058162689,0.08851289749145508,0.36910176277160645,-0.10609626770019531,0.4157423973083496
1,1877,18.77,7451.650351285934,7466.785162687302,7505.101263523102,7549.009323120117,0.12412667274475098,0.36969780921936035,-0.11980533599853516,0.3972649574279785
1,1878,18.78,7451.803982257843,7467.093765735626,7504.975199699402,7549.440860748291,0.15363097190856934,0.30860304832458496,-0.12606382369995117,0.4315376281738281
1,1879,18.79,7451.978623867035,7467.408627271652,7504.842281341553,7549.866735935211,0.17464160919189453,0.314861536026001,-0.1329183578491211,0.425875186920166
1,1880,18.8,7452.168762683868,7467.692494392395,7504.701316356659,7550.3164529800415,0.1901388168334961,0.28386712074279785,-0.14096498489379883,0.44971704483032227
1,1881,18.81,7452.452927827835,7467.895448207855,7504.4846534729,7550.804316997528,0.2841651439666748,0.20295381546020508,-0.21666288375854492,0.48786401748657227
1,1882,18.82,7452.777028083801,7468.098849058151,7504.233121871948,7551.247775554657,0.3241002559661865,0.2034008502960205,-0.25153160095214844,0.44345855712890625
1,1883,18.830000000000002,7453.134208917618,7468.266934156418,7503.976821899414,7551.722824573517,0.3571808338165283,0.16808509826660156,-0.2562999725341797,0.4750490188598633
1,1884,18.84,7453.492730855942,7468.488812446594,7503.719925880432,7552.203834056854,0.3585219383239746,0.2218782901763916,-0.2568960189819336,0.48100948333740234
1,1885,18.85,7453.838288784027,7468.719929456711,7503.458857536316,7552.708387374878,0.34555792808532715,0.23111701011657715,-0.26106834411621094,0.5045533180236816
1,1886,18.86,7454.156577587128,7468.975931406021,7503.186762332916,7553.211450576782,0.31828880310058594,0.25600194931030273,-0.2720952033996582,0.5030632019042969
1,1887,18.87,7454.418987035751,7469.270974397659,7502.957880496979,7553.734481334686,0.2624094486236572,0.2950429916381836,-0.2288818359375,0.5230307579040527
1,1888,18.88,7454.6366930007935,7469.640225172043,7502.74121761322,7554.270327091217,0.21770596504211426,0.3692507743835449,-0.21666288375854492,0.5358457565307617
1,1889,18.89,7454.811334609985,7470.059394836426,7502.536475658417,7554.811537265778,0.17464160919189453,0.41916966438293457,-0.2047419548034668,0.5412101745605469
1,1890,18.900000000000002,7454.976886510849,7470.50866484642,7502.321898937225,7555.328607559204,0.16555190086364746,0.44927000999450684,-0.21457672119140625,0.5170702934265137
1,1891,18.91,7455.063462257385,7470.988929271698,7502.109706401825,7555.866837501526,0.08657574653625488,0.48026442527770996,-0.21219253540039062,0.5382299423217773
1,1892,18.92,7455.084472894669,7471.514493227005,7501.953542232513,7556.411027908325,0.021010637283325195,0.5255639553070068,-0.15616416931152344,0.5441904067993164
1,1893,18.93,7455.032765865326,7472.117245197296,7501.820921897888,7556.964755058289,-0.05170702934265137,0.6027519702911377,-0.13262033462524414,0.5537271499633789
1,1894,18.94,7454.918920993805,7472.7775156497955,7501.713931560516,7557.517290115356,-0.1138448715209961,0.6602704524993896,-0.10699033737182617,0.5525350570678711
1,1895,18.95,7454.732358455658,7473.475933074951,7501.651644706726,7558.067142963409,-0.18656253814697266,0.6984174251556396,-0.0622868537902832,0.5498528480529785
1,1896,18.96,7454.499751329422,7474.2282927036285,7501.585483551025,7558.5901737213135,-0.23260712623596191,0.7523596286773682,-0.0661611557006836,0.5230307579040527
1,1897,18.97,7454.218864440918,7475.014925003052,7501.558363437653,7559.085488319397,-0.2808868885040283,0.7866322994232178,-0.027120113372802734,0.4953145980834961
1,1898,18.98,7453.909069299698,7475.809007883072,7501.549124717712,7559.611201286316,-0.3097951412200928,0.7940828800201416,-0.009238719940185547,0.5257129669189453
1,1899,18.990000000000002,7453.561425209045,7476.6673147678375,7501.583993434906,7560.108006000519,-0.3476440906524658,0.858306884765625,0.034868717193603516,0.49680471420288086
1,1900,19.0,7453.174740076065,7477.528303861618,7501.643896102905,7560.5979561805725,-0.3866851329803467,0.8609890937805176,0.05990266799926758,0.48995018005371094
1,1901,19.01,7452.758550643921,7478.405088186264,7501.721978187561,7561.063170433044,-0.41618943214416504,0.8767843246459961,0.07808208465576172,0.46521425247192383
1,1902,19.02,7452.323734760284,7479.276061058044,7501.819729804993,7561.510801315308,-0.4348158836364746,0.8709728717803955,0.09775161743164062,0.4476308822631836
1,1903,19.03,7451.854199171066,7480.117529630661,7501.928210258484,7561.941146850586,-0.46953558921813965,0.8414685726165771,0.10848045349121094,0.4303455352783203
1,1904,19.04,7451.373189687729,7480.957955121994,7502.054870128632,7562.329173088074,-0.48100948333740234,0.8404254913330078,0.12665987014770508,0.38802623748779297
1,1905,19.05,7450.8993327617645,7481.7827343940735,7502.190172672272,7562.700510025024,-0.47385692596435547,0.8247792720794678,0.13530254364013672,0.3713369369506836
1,1906,19.06,7450.443655252457,7482.60036110878,7502.325177192688,7563.04144859314,-0.45567750930786133,0.8176267147064209,0.13500452041625977,0.3409385681152344
1,1907,19.07,7450.041174888611,7483.434081077576,7502.436637878418,7563.331723213196,-0.4024803638458252,0.8337199687957764,0.11146068572998047,0.29027462005615234
1,1908,19.080000000000002,7449.670135974884,7484.225630760193,7502.543926239014,7563.619315624237,-0.37103891372680664,0.7915496826171875,0.10728836059570312,0.28759241104125977
1,1909,19.09,7449.3589997291565,7484.999746084213,7502.6315450668335,7563.856840133667,-0.31113624572753906,0.7741153240203857,0.08761882781982422,0.23752450942993164
1,1910,19.1,7449.1168558597565,7485.6992065906525,7502.66820192337,7564.070522785187,-0.24214386940002441,0.699460506439209,0.036656856536865234,0.2136826515197754
1,1911,19.11,7448.951601982117,7486.380785703659,7502.670586109161,7564.239501953125,-0.1652538776397705,0.6815791130065918,0.002384185791015625,0.16897916793823242
1,1912,19.12,7448.866218328476,7487.025260925293,7502.634823322296,7564.390003681183,-0.08538365364074707,0.6444752216339111,-0.035762786865234375,0.15050172805786133
1,1913,19.13,7448.8842487335205,7487.67077922821,7502.530515193939,7564.4999742507935,0.018030405044555664,0.6455183029174805,-0.1043081283569336,0.1099705696105957
1,1914,19.14,7449.02491569519,7488.301992416382,7502.3603439331055,7564.578652381897,0.14066696166992188,0.6312131881713867,-0.17017126083374023,0.07867813110351562
1,1915,19.150000000000002,7449.275255203247,7488.897889852524,7502.144873142242,7564.610540866852,0.2503395080566406,0.5958974361419678,-0.2154707908630371,0.031888484954833984
1,1916,19.16,7449.612468481064,7489.473968744278,7501.863539218903,7564.628124237061,0.33721327781677246,0.5760788917541504,-0.28133392333984375,0.017583370208740234
1,1917,19.17,7450.014054775238,7490.116655826569,7501.514256000519,7564.585208892822,0.40158629417419434,0.6426870822906494,-0.34928321838378906,-0.04291534423828125
1,1918,19.18,7450.481355190277,7490.747272968292,7501.046061515808,7564.464807510376,0.4673004150390625,0.6306171417236328,-0.46819448471069336,-0.12040138244628906
1,1919,19.19,7451.014220714569,7491.313070058823,7500.533759593964,7564.352452754974,0.5328655242919922,0.5657970905303955,-0.5123019218444824,-0.11235475540161133
1,1920,19.2,7451.610267162323,7491.9478595256805,7499.956339597702,7564.243674278259,0.5960464477539062,0.6347894668579102,-0.5774199962615967,-0.10877847671508789
1,1921,19.21,7452.259361743927,7492.57892370224,7499.332875013351,7564.156651496887,0.6490945816040039,0.6310641765594482,-0.6234645843505859,-0.08702278137207031
1,1922,19.22,7452.941387891769,7493.258714675903,7498.651444911957,7564.0615820884705,0.6820261478424072,0.6797909736633301,-0.6814301013946533,-0.09506940841674805
1,1923,19.23,7453.629970550537,7493.955194950104,7497.936636209488,7563.983201980591,0.6885826587677002,0.6964802742004395,-0.7148087024688721,-0.07838010787963867
1,1924,19.240000000000002,7454.307079315186,7494.701147079468,7497.191429138184,7563.9161467552185,0.6771087646484375,0.7459521293640137,-0.7452070713043213,-0.06705522537231445
1,1925,19.25,7454.952895641327,7495.42161822319,7496.418207883835,7563.899755477905,0.6458163261413574,0.7204711437225342,-0.7732212543487549,-0.016391277313232422
1,1926,19.26,7455.575466156006,7496.294677257538,7495.656311511993,7563.851773738861,0.6225705146789551,0.8730590343475342,-0.7618963718414307,-0.04798173904418945
1,1927,19.27,7456.148862838745,7497.174143791199,7494.898736476898,7563.8797879219055,0.5733966827392578,0.8794665336608887,-0.7575750350952148,0.028014183044433594
1,1928,19.28,7456.665486097336,7498.142719268799,7494.135946035385,7563.908100128174,0.5166232585906982,0.9685754776000977,-0.7627904415130615,0.028312206268310547
1,1929,19.29,7457.108795642853,7499.131560325623,7493.402063846588,7563.984394073486,0.4433095455169678,0.9888410568237305,-0.7338821887969971,0.0762939453125
1,1930,19.3,7457.473576068878,7500.1853704452515,7492.696642875671,7564.088404178619,0.3647804260253906,1.0538101196289062,-0.705420970916748,0.10401010513305664
1,1931,19.31,7457.750141620636,7501.272261142731,7492.031157016754,7564.23681974411,0.2765655517578125,1.086890697479248,-0.6654858589172363,0.14841556549072266
1,1932,19.32,7457.927763462067,7502.416372299194,7491.405606269836,7564.409375190735,0.17762184143066406,1.144111156463623,-0.6255507469177246,0.17255544662475586
1,1933,19.330000000000002,7458.003759384155,7503.531277179718,7490.824609994888,7564.6379590034485,0.07599592208862305,1.1149048805236816,-0.5809962749481201,0.22858381271362305
1,1934,19.34,7457.9936265945435,7504.681348800659,7490.303963422775,7564.875781536102,-0.010132789611816406,1.150071620941162,-0.5206465721130371,0.2378225326538086
1,1935,19.35,7457.8857421875,7505.821585655212,7489.8481369018555,7565.178275108337,-0.10788440704345703,1.1402368545532227,-0.4558265209197998,0.3024935722351074
1,1936,19.36,7457.714080810547,7506.936490535736,7489.420920610428,7565.507888793945,-0.171661376953125,1.1149048805236816,-0.4272162914276123,0.32961368560791016
1,1937,19.37,7457.470744848251,7508.027255535126,7489.055544137955,7565.852999687195,-0.24333596229553223,1.0907649993896484,-0.36537647247314453,0.3451108932495117
1,1938,19.38,7457.166165113449,7509.099245071411,7488.774210214615,7566.2365555763245,-0.3045797348022461,1.0719895362854004,-0.28133392333984375,0.38355588912963867
1,1939,19.39,7456.800639629364,7510.1640820503235,7488.545924425125,7566.641569137573,-0.365525484085083,1.0648369789123535,-0.2282857894897461,0.4050135612487793
1,1940,19.400000000000002,7456.387132406235,7511.185705661774,7488.373219966888,7567.063868045807,-0.41350722312927246,1.0216236114501953,-0.17270445823669434,0.4222989082336426
1,1941,19.41,7455.936670303345,7512.170970439911,7488.252967596054,7567.495703697205,-0.45046210289001465,0.985264778137207,-0.12025237083435059,0.4318356513977051
1,1942,19.42,7455.45893907547,7513.106167316437,7488.184422254562,7567.937970161438,-0.47773122787475586,0.9351968765258789,-0.06854534149169922,0.44226646423339844
1,1943,19.43,7454.966604709625,7513.991594314575,7488.158494234085,7568.3847069740295,-0.49233436584472656,0.8854269981384277,-0.025928020477294922,0.44673681259155273
1,1944,19.44,7454.4718861579895,7514.8215889930725,7488.169372081757,7568.8305497169495,-0.4947185516357422,0.8299946784973145,0.010877847671508789,0.4458427429199219
1,1945,19.45,7453.987598419189,7515.593767166138,7488.20960521698,7569.274008274078,-0.48428773880004883,0.7721781730651855,0.04023313522338867,0.44345855712890625
1,1946,19.46,7453.525960445404,7516.302764415741,7488.271594047546,7569.708824157715,-0.4616379737854004,0.7089972496032715,0.06198883056640625,0.4348158836364746
1,1947,19.47,7453.131675720215,7516.982555389404,7488.323748111725,7570.1141357421875,-0.394284725189209,0.6797909736633301,0.0521540641784668,0.40531158447265625
1,1948,19.48,7452.823668718338,7517.583072185516,7488.3560836315155,7570.480406284332,-0.30800700187683105,0.6005167961120605,0.032335519790649414,0.3662705421447754
1,1949,19.490000000000002,7452.542036771774,7518.0307030677795,7488.34565281868,7570.866346359253,-0.2816319465637207,0.4476308822631836,-0.01043081283569336,0.3859400749206543
1,1950,19.5,7452.302724123001,7518.40353012085,7488.309890031815,7571.2427496910095,-0.23931264877319336,0.37282705307006836,-0.035762786865234375,0.3764033317565918
1,1951,19.51,7452.1055817604065,7518.765330314636,7488.295882940292,7571.614682674408,-0.1971423625946045,0.3618001937866211,-0.014007091522216797,0.3719329833984375
1,1952,19.52,7451.973557472229,7519.124746322632,7488.243728876114,7571.975588798523,-0.13202428817749023,0.35941600799560547,-0.0521540641784668,0.36090612411499023
1,1953,19.53,7451.9118666648865,7519.4549560546875,7488.157600164413,7572.315037250519,-0.0616908073425293,0.33020973205566406,-0.08612871170043945,0.3394484519958496
1,1954,19.54,7451.914101839066,7519.777715206146,7488.036006689072,7572.612762451172,0.0022351741790771484,0.32275915145874023,-0.12159347534179688,0.29772520065307617
1,1955,19.55,7451.97981595993,7520.071864128113,7487.88595199585,7572.890222072601,0.06571412086486816,0.29414892196655273,-0.1500546932220459,0.27745962142944336
1,1956,19.56,7452.119290828705,7520.386576652527,7487.691193819046,7573.118805885315,0.13947486877441406,0.3147125244140625,-0.19475817680358887,0.22858381271362305
1,1957,19.57,7452.319860458374,7520.706355571747,7487.468719482422,7573.319375514984,0.20056962966918945,0.3197789192199707,-0.2224743366241455,0.20056962966918945
1,1958,19.580000000000002,7452.572286128998,7521.066963672638,7487.207353115082,7573.490738868713,0.2524256706237793,0.3606081008911133,-0.2613663673400879,0.17136335372924805
1,1959,19.59,7452.872395515442,7521.4603543281555,7486.903518438339,7573.632001876831,0.3001093864440918,0.3933906555175781,-0.3038346767425537,0.14126300811767578
1,1960,19.6,7453.210651874542,7521.8987464904785,7486.565709114075,7573.7398862838745,0.3382563591003418,0.43839216232299805,-0.33780932426452637,0.10788440704345703
1,1961,19.61,7453.577220439911,7522.387206554413,7486.187219619751,7573.8149881362915,0.36656856536865234,0.48846006393432617,-0.37848949432373047,0.07510185241699219
1,1962,19.62,7453.967481851578,7522.922456264496,7485.779821872711,7573.866248130798,0.3902614116668701,0.5352497100830078,-0.4073977470397949,0.05125999450683594
1,1963,19.63,7454.373240470886,7523.526251316071,7485.340982675552,7573.8853216171265,0.4057586193084717,0.603795051574707,-0.4388391971588135,0.019073486328125
1,1964,19.64,7454.770803451538,7524.18726682663,7484.885603189468,7573.879659175873,0.39756298065185547,0.661015510559082,-0.4553794860839844,-0.005662441253662109
1,1965,19.650000000000002,7455.181926488876,7524.905204772949,7484.4008684158325,7573.849260807037,0.41112303733825684,0.7179379463195801,-0.48473477363586426,-0.03039836883544922
1,1966,19.66,7455.581873655319,7525.6916880607605,7483.910024166107,7573.801875114441,0.3999471664428711,0.7864832878112793,-0.4908442497253418,-0.04738569259643555
1,1967,19.67,7455.973029136658,7526.543140411377,7483.400106430054,7573.738694190979,0.391155481338501,0.8514523506164551,-0.5099177360534668,-0.06318092346191406
1,1968,19.68,7456.343919038773,7527.444362640381,7482.877671718597,7573.667764663696,0.37088990211486816,0.9012222290039062,-0.5224347114562988,-0.07092952728271484
1,1969,19.69,7456.690222024918,7528.378367424011,7482.373863458633,7573.578655719757,0.34630298614501953,0.9340047836303711,-0.5038082599639893,-0.08910894393920898
1,1970,19.7,7457.026541233063,7529.3198227882385,7481.89240694046,7573.45974445343,0.3363192081451416,0.9414553642272949,-0.4814565181732178,-0.1189112663269043
1,1971,19.71,7457.354366779327,7530.338168144226,7481.416761875153,7573.3038783073425,0.32782554626464844,1.0183453559875488,-0.4756450653076172,-0.15586614608764648
1,1972,19.72,7457.65894651413,7531.355321407318,7480.956614017487,7573.162317276001,0.3045797348022461,1.017153263092041,-0.4601478576660156,-0.14156103134155273
1,1973,19.73,7457.945942878723,7532.433569431305,7480.49795627594,7572.984993457794,0.28699636459350586,1.0782480239868164,-0.45865774154663086,-0.1773238182067871
1,1974,19.740000000000002,7458.21088552475,7533.504366874695,7480.058372020721,7572.815716266632,0.26494264602661133,1.0707974433898926,-0.43958425521850586,-0.16927719116210938
1,1975,19.75,7458.458244800568,7534.593045711517,7479.643523693085,7572.6258754730225,0.2473592758178711,1.0886788368225098,-0.41484832763671875,-0.18984079360961914
1,1976,19.76,7458.688467741013,7535.675466060638,7479.242384433746,7572.431266307831,0.2302229404449463,1.0824203491210938,-0.4011392593383789,-0.1946091651916504
1,1977,19.77,7458.911687135696,7536.760866641998,7478.853166103363,7572.22980260849,0.2232193946838379,1.0854005813598633,-0.3892183303833008,-0.2014636993408203
1,1978,19.78,7459.128797054291,7537.8188490867615,7478.482574224472,7572.027146816254,0.21710991859436035,1.0579824447631836,-0.3705918788909912,-0.20265579223632812
1,1979,19.79,7459.327131509781,7538.887858390808,7478.120774030685,7571.817636489868,0.1983344554901123,1.0690093040466309,-0.3618001937866211,-0.20951032638549805
1,1980,19.8,7459.522187709808,7539.936006069183,7477.768957614899,7571.595907211304,0.19505620002746582,1.0481476783752441,-0.35181641578674316,-0.22172927856445312
1,1981,19.81,7459.723651409149,7540.951669216156,7477.424293756485,7571.380138397217,0.2014636993408203,1.0156631469726562,-0.3446638584136963,-0.21576881408691406
1,1982,19.82,7459.931671619415,7541.9411063194275,7477.0888686180115,7571.156322956085,0.20802021026611328,0.9894371032714844,-0.33542513847351074,-0.2238154411315918
1,1983,19.830000000000002,7460.152059793472,7542.894184589386,7476.760894060135,7570.9399580955505,0.22038817405700684,0.9530782699584961,-0.3279745578765869,-0.21636486053466797
1,1984,19.84,7460.387945175171,7543.8132882118225,7476.434707641602,7570.724189281464,0.2358853816986084,0.9191036224365234,-0.3261864185333252,-0.21576881408691406
1,1985,19.85,7460.642457008362,7544.694244861603,7476.108968257904,7570.51020860672,0.25451183319091797,0.8809566497802734,-0.32573938369750977,-0.21398067474365234
1,1986,19.86,7460.914850234985,7545.53347826004,7475.786656141281,7570.303678512573,0.27239322662353516,0.8392333984375,-0.3223121166229248,-0.20653009414672852
1,1987,19.87,7461.210489273071,7546.338737010956,7475.460469722748,7570.101022720337,0.2956390380859375,0.8052587509155273,-0.3261864185333252,-0.20265579223632812
1,1988,19.88,7461.533397436142,7547.152936458588,7475.126683712006,7569.910287857056,0.3229081630706787,0.8141994476318359,-0.3337860107421875,-0.19073486328125
1,1989,19.89,7461.87761425972,7547.871768474579,7474.784404039383,7569.741308689117,0.34421682357788086,0.7188320159912109,-0.34227967262268066,-0.16897916793823242
1,1990,19.900000000000002,7462.279498577118,7548.576891422272,7474.458962678909,7569.5618987083435,0.4018843173980713,0.7051229476928711,-0.3254413604736328,-0.17940998077392578
1,1991,19.91,7462.706416845322,7549.244165420532,7474.110424518585,7569.394409656525,0.42691826820373535,0.667273998260498,-0.3485381603240967,-0.16748905181884766
1,1992,19.92,7463.149577379227,7549.883127212524,7473.759949207306,7569.222152233124,0.4431605339050293,0.6389617919921875,-0.3504753112792969,-0.1722574234008789
1,1993,19.93,7463.624477386475,7550.48394203186,7473.3951687812805,7569.102346897125,0.4749000072479248,0.6008148193359375,-0.3647804260253906,-0.11980533599853516
1,1994,19.94,7464.122623205185,7551.085650920868,7472.9737639427185,7569.011747837067,0.49814581871032715,0.6017088890075684,-0.4214048385620117,-0.09059906005859375
1,1995,19.95,7464.61495757103,7551.683485507965,7472.513467073441,7568.906843662262,0.49233436584472656,0.597834587097168,-0.4602968692779541,-0.1049041748046875
1,1996,19.96,7465.11235833168,7552.265226840973,7472.0698595047,7568.815648555756,0.49740076065063477,0.5817413330078125,-0.4436075687408447,-0.09119510650634766
1,1997,19.97,7465.600669384003,7552.867531776428,7471.6319143772125,7568.745017051697,0.4883110523223877,0.6023049354553223,-0.4379451274871826,-0.07063150405883789
1,1998,19.98,7466.075569391251,7553.474009037018,7471.193373203278,7568.687200546265,0.4749000072479248,0.6064772605895996,-0.4385411739349365,-0.057816505432128906
1,1999,19.990000000000002,7466.529607772827,7554.113864898682,7470.772713422775,7568.599581718445,0.4540383815765381,0.6398558616638184,-0.42065978050231934,-0.08761882781982422
